task,table,row,column,basis,archived,manuscript,reproduced,reproduced_display,abs_diff,rel_diff,flag,detail,cause,action
1.1,1.1 incumbent,zero,할당·V_repair,아카이브,54.07769475815953,,54.07769475815953,,0.0,0.0,ok,"서로 다른 waypoint 0개, B 28348→28348",,
1.1,1.1 incumbent,random_1_30_seed7_sync,할당·V_repair,아카이브,103.5613157264778,,103.5613157264778,,0.0,0.0,ok,"서로 다른 waypoint 0개, B 26120→26120",,
1.1,1.1 incumbent,center30,할당·V_repair,아카이브,55.86483043888768,,55.86483043888768,,0.0,0.0,ok,"서로 다른 waypoint 0개, B 27912→27912",,
1.1,1.1 incumbent,center100,할당·V_repair,아카이브,94.26198071839524,,94.26198071839524,,0.0,0.0,ok,"서로 다른 waypoint 0개, B 26896→26896",,
1.2,Table 5,Zero,B*,원고,,28348,28348,28348,,,ok,,,
1.2,Table 5,Zero,V_dual,원고,,53.8945,53.89446803390608,53.8945,,,ok,,,
1.2,Table 5,Zero,V_round,원고,,54.1683,54.168277214978296,54.1683,,,ok,,,
1.2,Table 5,Zero,V_repair,원고,,54.0777,54.07769475815953,54.0777,,,ok,,,
1.2,Table 5,Zero,V_UB,원고,,54.0777,54.07769475815953,54.0777,,,ok,,,
1.2,Table 5,Zero,Gap at B* (%),원고,,0.339,0.33882125536759333,0.339,,,ok,,,
1.2,Table 5,Random,B*,원고,,26120,26120,26120,,,ok,,,
1.2,Table 5,Random,V_dual,원고,,102.7721,102.77212541173198,102.7721,,,ok,,,
1.2,Table 5,Random,V_round,원고,,102.9337,102.93372028976046,102.9337,,,ok,,,
1.2,Table 5,Random,V_repair,원고,,103.5613,103.5613157264778,103.5613,,,ok,,,
1.2,Table 5,Random,V_UB,원고,,102.9337,102.93372028976046,102.9337,,,ok,,,
1.2,Table 5,Random,Gap at B* (%),원고,,0.157,0.15698925247585366,0.157,,,ok,,,
1.2,Table 5,Center-30,B*,원고,,27912,27912,27912,,,ok,,,
1.2,Table 5,Center-30,V_dual,원고,,55.6644,55.66437664832962,55.6644,,,ok,,,
1.2,Table 5,Center-30,V_round,원고,,55.9182,55.9181665415562,55.9182,,,ok,,,
1.2,Table 5,Center-30,V_repair,원고,,55.8648,55.86483043888768,55.8648,,,ok,,,
1.2,Table 5,Center-30,V_UB,원고,,55.8648,55.86483043888768,55.8648,,,ok,,,
1.2,Table 5,Center-30,Gap at B* (%),원고,,0.359,0.3588192946854828,0.359,,,ok,,,
1.2,Table 5,Center-100,B*,원고,,26896,26896,26896,,,ok,,,
1.2,Table 5,Center-100,V_dual,원고,,93.5920,93.59201013387637,93.5920,,,ok,,,
1.2,Table 5,Center-100,V_round,원고,,93.7808,93.78075563984258,93.7808,,,ok,,,
1.2,Table 5,Center-100,V_repair,원고,,94.2620,94.26198071839524,94.2620,,,ok,,,
1.2,Table 5,Center-100,V_UB,원고,,93.7808,93.78075563984258,93.7808,,,ok,,,
1.2,Table 5,Center-100,Gap at B* (%),원고,,0.201,0.20126251348525284,0.201,,,ok,,,
1.2,Table S8,Zero,Status,원고,,solved,solved,,,,ok,,,
1.2,Table S8,Zero,V_QP,원고,,53.894468,53.894468346828944,53.894468,,,ok,,,
1.2,Table S8,Zero,V_dual,원고,,53.894468,53.89446803390608,53.894468,,,ok,,,
1.2,Table S8,Zero,Prim. res.,원고,,5.8{\times}10^{-10},5.929905455559492e-10,5.9e-10,,,ok,"기계 정밀도 근처 잔차: 크기 수준 비교 (비율 1.02, 기준 1/3–3)",,
1.2,Table S8,Zero,Dual res.,원고,,3.0{\times}10^{-8},3.0131477462674135e-08,3.0e-8,,,ok,,,
1.2,Table S8,Zero,Hz=v,원고,,1.9{\times}10^{-16},2.069695754129513e-16,2.1e-16,,,ok,"기계 정밀도 근처 잔차: 크기 수준 비교 (비율 1.09, 기준 1/3–3)",,
1.2,Table S8,Zero,"Fallback, clip",원고,,"no, no","no, no",,,,ok,,,
1.2,Table S8,Zero,Inc. viol.,원고,,0,0,,,,ok,,,
1.2,Table S8,Random,Status,원고,,solved,solved,,,,ok,,,
1.2,Table S8,Random,V_QP,원고,,102.772126,102.77212562032219,102.772126,,,ok,,,
1.2,Table S8,Random,V_dual,원고,,102.772125,102.77212541173198,102.772125,,,ok,,,
1.2,Table S8,Random,Prim. res.,원고,,1.6{\times}10^{-5},1.5816377552546612e-05,1.6e-5,,,ok,,,
1.2,Table S8,Random,Dual res.,원고,,3.0{\times}10^{-8},2.985521514568107e-08,3.0e-8,,,ok,,,
1.2,Table S8,Random,Hz=v,원고,,2.1{\times}10^{-16},2.0807322516854219e-16,2.1e-16,,,ok,,,
1.2,Table S8,Random,"Fallback, clip",원고,,"no, no","no, no",,,,ok,,,
1.2,Table S8,Random,Inc. viol.,원고,,0,0,,,,ok,,,
1.2,Table S8,Center-30,Status,원고,,solved,solved,,,,ok,,,
1.2,Table S8,Center-30,V_QP,원고,,55.664384,55.66438354888669,55.664384,,,ok,,,
1.2,Table S8,Center-30,V_dual,원고,,55.664377,55.66437664832962,55.664377,,,ok,,,
1.2,Table S8,Center-30,Prim. res.,원고,,2.5{\times}10^{-5},2.4623073843099696e-05,2.5e-5,,,ok,,,
1.2,Table S8,Center-30,Dual res.,원고,,3.8{\times}10^{-8},3.7956206946880045e-08,3.8e-8,,,ok,,,
1.2,Table S8,Center-30,Hz=v,원고,,2.1{\times}10^{-16},2.0172672548043567e-16,2.0e-16,,,ok,"기계 정밀도 근처 잔차: 크기 수준 비교 (비율 0.96, 기준 1/3–3)",,
1.2,Table S8,Center-30,"Fallback, clip",원고,,"no, no","no, no",,,,ok,,,
1.2,Table S8,Center-30,Inc. viol.,원고,,0,0,,,,ok,,,
1.2,Table S8,Center-100,Status,원고,,solved,solved,,,,ok,,,
1.2,Table S8,Center-100,V_QP,원고,,93.592018,93.59201756311086,93.592018,,,ok,,,
1.2,Table S8,Center-100,V_dual,원고,,93.592010,93.59201013387637,93.592010,,,ok,,,
1.2,Table S8,Center-100,Prim. res.,원고,,1.5{\times}10^{-4},0.0001538488183920883,1.5e-4,,,ok,,,
1.2,Table S8,Center-100,Dual res.,원고,,3.8{\times}10^{-8},3.807573220559312e-08,3.8e-8,,,ok,,,
1.2,Table S8,Center-100,Hz=v,원고,,2.1{\times}10^{-16},2.0388270083260093e-16,2.0e-16,,,ok,"기계 정밀도 근처 잔차: 크기 수준 비교 (비율 0.97, 기준 1/3–3)",,
1.2,Table S8,Center-100,"Fallback, clip",원고,,"no, no","no, no",,,,ok,,,
1.2,Table S8,Center-100,Inc. viol.,원고,,0,0,,,,ok,,,
1.2,Table S8,Cmax=3,Status,원고,,solved,solved,,,,ok,,,
1.2,Table S8,Cmax=3,V_QP,원고,,0.059039,0.05903884924704528,0.059039,,,ok,,,
1.2,Table S8,Cmax=3,V_dual,원고,,0.059039,0.05903857607081982,0.059039,,,ok,,,
1.2,Table S8,Cmax=3,Prim. res.,원고,,9.3{\times}10^{-6},9.320629346887266e-06,9.3e-6,,,ok,,,
1.2,Table S8,Cmax=3,Dual res.,원고,,7.5{\times}10^{-9},7.497886108753227e-09,7.5e-9,,,ok,,,
1.2,Table S8,Cmax=3,Hz=v,원고,,1.4{\times}10^{-16},1.3370238928783535e-16,1.3e-16,,,ok,"기계 정밀도 근처 잔차: 크기 수준 비교 (비율 0.96, 기준 1/3–3)",,
1.2,Table S8,Cmax=3,"Fallback, clip",원고,,"no, no","no, no",,,,ok,,,
1.2,Table S8,Cmax=3,Inc. viol.,원고,,0,0,,,,ok,,,
1.2,Table S8,Cmax=5,Status,원고,,solved,solved,,,,ok,,,
1.2,Table S8,Cmax=5,V_QP,원고,,0.104790,0.10478988599280115,0.104790,,,ok,,,
1.2,Table S8,Cmax=5,V_dual,원고,,0.104790,0.10478988588360627,0.104790,,,ok,,,
1.2,Table S8,Cmax=5,Prim. res.,원고,,0.0,1.1368683772161603e-12,0.0,,,ok,,,
1.2,Table S8,Cmax=5,Dual res.,원고,,3.5{\times}10^{-10},3.4856837996741533e-10,3.5e-10,,,ok,,,
1.2,Table S8,Cmax=5,Hz=v,원고,,1.5{\times}10^{-16},1.3400513837551345e-16,1.3e-16,,,ok,"기계 정밀도 근처 잔차: 크기 수준 비교 (비율 0.89, 기준 1/3–3)",,
1.2,Table S8,Cmax=5,"Fallback, clip",원고,,"no, no","no, no",,,,ok,,,
1.2,Table S8,Cmax=5,Inc. viol.,원고,,0,0,,,,ok,,,
1.2,Table S8,Cmax=8,Status,원고,,solved,solved,,,,ok,,,
1.2,Table S8,Cmax=8,V_QP,원고,,0.235777,0.23577724366575126,0.235777,,,ok,,,
1.2,Table S8,Cmax=8,V_dual,원고,,0.235777,0.23577724323812937,0.235777,,,ok,,,
1.2,Table S8,Cmax=8,Prim. res.,원고,,2.3{\times}10^{-13},6.821210263296962e-13,6.8e-13,,,ok,"기계 정밀도 근처 잔차: 크기 수준 비교 (비율 2.97, 기준 1/3–3)",,
1.2,Table S8,Cmax=8,Dual res.,원고,,8.6{\times}10^{-10},8.550262249787968e-10,8.6e-10,,,ok,,,
1.2,Table S8,Cmax=8,Hz=v,원고,,1.6{\times}10^{-16},1.7312353737290242e-16,1.7e-16,,,ok,"기계 정밀도 근처 잔차: 크기 수준 비교 (비율 1.08, 기준 1/3–3)",,
1.2,Table S8,Cmax=8,"Fallback, clip",원고,,"no, no","no, no",,,,ok,,,
1.2,Table S8,Cmax=8,Inc. viol.,원고,,0,0,,,,ok,,,
1.2,Table S8,Cmax=20,Status,원고,,solved,solved,,,,ok,,,
1.2,Table S8,Cmax=20,V_QP,원고,,1.676638,1.6766381750865094,1.676638,,,ok,,,
1.2,Table S8,Cmax=20,V_dual,원고,,1.676638,1.6766381741374885,1.676638,,,ok,,,
1.2,Table S8,Cmax=20,Prim. res.,원고,,7.8{\times}10^{-11},7.366907084360719e-11,7.4e-11,,,ok,"기계 정밀도 근처 잔차: 크기 수준 비교 (비율 0.94, 기준 1/3–3)",,
1.2,Table S8,Cmax=20,Dual res.,원고,,7.1{\times}10^{-10},7.088810579559378e-10,7.1e-10,,,ok,,,
1.2,Table S8,Cmax=20,Hz=v,원고,,1.7{\times}10^{-16},1.6588226431371215e-16,1.7e-16,,,ok,,,
1.2,Table S8,Cmax=20,"Fallback, clip",원고,,"no, no","no, no",,,,ok,,,
1.2,Table S8,Cmax=20,Inc. viol.,원고,,0,0,,,,ok,,,
1.2,Table S8,Cmax=50,Status,원고,,solved,solved,,,,ok,,,
1.2,Table S8,Cmax=50,V_QP,원고,,10.478989,10.478988608804684,10.478989,,,ok,,,
1.2,Table S8,Cmax=50,V_dual,원고,,10.478989,10.478988588355755,10.478989,,,ok,,,
1.2,Table S8,Cmax=50,Prim. res.,원고,,2.3{\times}10^{-10},2.3283064365386963e-10,2.3e-10,,,ok,,,
1.2,Table S8,Cmax=50,Dual res.,원고,,5.4{\times}10^{-9},5.355808820264343e-09,5.4e-9,,,ok,,,
1.2,Table S8,Cmax=50,Hz=v,원고,,2.0{\times}10^{-16},2.1475677089567433e-16,2.1e-16,,,ok,"기계 정밀도 근처 잔차: 크기 수준 비교 (비율 1.07, 기준 1/3–3)",,
1.2,Table S8,Cmax=50,"Fallback, clip",원고,,"no, no","no, no",,,,ok,,,
1.2,Table S8,Cmax=50,Inc. viol.,원고,,0,0,,,,ok,,,
1.2,Table S8,Cmax=200,Status,원고,,solved,solved,,,,ok,,,
1.2,Table S8,Cmax=200,V_QP,원고,,53.894468,53.894468346828944,53.894468,,,ok,,,
1.2,Table S8,Cmax=200,V_dual,원고,,53.894468,53.89446803390608,53.894468,,,ok,,,
1.2,Table S8,Cmax=200,Prim. res.,원고,,5.8{\times}10^{-10},5.929905455559492e-10,5.9e-10,,,ok,"기계 정밀도 근처 잔차: 크기 수준 비교 (비율 1.02, 기준 1/3–3)",,
1.2,Table S8,Cmax=200,Dual res.,원고,,3.0{\times}10^{-8},3.0131477462674135e-08,3.0e-8,,,ok,,,
1.2,Table S8,Cmax=200,Hz=v,원고,,1.9{\times}10^{-16},2.069695754129513e-16,2.1e-16,,,ok,"기계 정밀도 근처 잔차: 크기 수준 비교 (비율 1.09, 기준 1/3–3)",,
1.2,Table S8,Cmax=200,"Fallback, clip",원고,,"no, no","no, no",,,,ok,,,
1.2,Table S8,Cmax=200,Inc. viol.,원고,,0,0,,,,ok,,,
1.3,Table 3 (CSV),"cmax=20, budget=5000",avg_count,아카이브,8.0,,8.0,,0.0,0.0,ok,,,
1.3,Table 3 (CSV),"cmax=20, budget=5000",mean,아카이브,35.276043,,35.276043,,0.0,0.0,ok,,,
1.3,Table 3 (CSV),"cmax=20, budget=5000",var_repair,아카이브,1.751229,,1.751229,,0.0,0.0,ok,,,
1.3,Table 3 (CSV),"cmax=20, budget=5000",var_round,아카이브,1.8815342058480382,,1.8815342058480387,,4.440892098500626e-16,2.360250525713426e-16,ok,,,
1.3,Table 3 (CSV),"cmax=20, budget=5000",var_upper,아카이브,1.751229,,1.751229,,0.0,0.0,ok,,,
1.3,Table 3 (CSV),"cmax=20, budget=5000",var_lower,아카이브,1.6766381741350522,,1.6766381741374885,,2.4362734052374435e-12,1.453070461367894e-12,ok,,,
1.3,Table 3 (CSV),"cmax=20, budget=5000",abs_gap,아카이브,0.0745908258649477,,0.07459082586251142,,2.4362734052374435e-12,3.2661837122550434e-11,ok,,,
1.3,Table 3 (CSV),"cmax=20, budget=5000",gap_pct,아카이브,4.259341631788173,,4.259341631649055,,1.3911805041288972e-10,3.266186712393029e-11,ok,,,
1.3,Table 3 (CSV),"cmax=20, budget=5000",round_gap_pct,아카이브,10.889838254130277,,10.889838254000814,,1.2946266281232965e-10,1.1888391708961086e-11,ok,,,
1.3,Table 3 (CSV),"cmax=20, budget=5000",dual_gap,아카이브,9.46000167090233e-10,,9.49020861895633e-10,,3.020694805400126e-12,0.00319312290894342,ok,,,
1.3,Table 3 (CSV),"cmax=200, budget=28348",avg_count,아카이브,45.3568,,45.3568,,0.0,0.0,ok,,,
1.3,Table 3 (CSV),"cmax=200, budget=28348",mean,아카이브,200.001055,,200.001055,,0.0,0.0,ok,,,
1.3,Table 3 (CSV),"cmax=200, budget=28348",var_repair,아카이브,54.077695,,54.077695,,0.0,0.0,ok,,,
1.3,Table 3 (CSV),"cmax=200, budget=28348",var_round,아카이브,54.168277214978296,,54.168277214978296,,0.0,0.0,ok,,,
1.3,Table 3 (CSV),"cmax=200, budget=28348",var_upper,아카이브,54.077695,,54.077695,,0.0,0.0,ok,,,
1.3,Table 3 (CSV),"cmax=200, budget=28348",var_lower,아카이브,53.894468033925506,,53.89446803390608,,1.942623839568114e-11,3.6044958052935424e-13,ok,,,
1.3,Table 3 (CSV),"cmax=200, budget=28348",abs_gap,아카이브,0.18322696607449274,,0.18322696609391897,,1.942623839568114e-11,1.0602281319106277e-10,ok,,,
1.3,Table 3 (CSV),"cmax=200, budget=28348",gap_pct,아카이브,0.33882170102570525,,0.33882170106162807,,3.5922820273981415e-11,1.0602278474263393e-10,ok,,,
1.3,Table 3 (CSV),"cmax=200, budget=28348",round_gap_pct,아카이브,0.5054788432095056,,0.5054788432453684,,3.5862757208349194e-11,7.094808752160803e-11,ok,,,
1.3,Table 3 (CSV),"cmax=200, budget=28348",dual_gap,아카이브,3.129398180590215e-07,,3.1292286450934625e-07,,1.695354967523599e-11,5.417511194449054e-05,ok,,,
1.3,Table 3 (CSV),"cmax=3, budget=938",avg_count,아카이브,1.5008,,1.5008,,0.0,0.0,ok,,,
1.3,Table 3 (CSV),"cmax=3, budget=938",mean,아카이브,6.617786,,6.617786,,0.0,0.0,ok,,,
1.3,Table 3 (CSV),"cmax=3, budget=938",var_repair,아카이브,0.092736,,0.092736,,0.0,0.0,ok,,,
1.3,Table 3 (CSV),"cmax=3, budget=938",var_round,아카이브,0.3621831809938698,,0.3621831809938698,,0.0,0.0,ok,,,
1.3,Table 3 (CSV),"cmax=3, budget=938",var_upper,아카이브,0.092736,,0.092736,,0.0,0.0,ok,,,
1.3,Table 3 (CSV),"cmax=3, budget=938",var_lower,아카이브,0.05903857607082266,,0.05903857607081982,,2.8449465006019636e-15,4.818792541996891e-14,ok,,,
1.3,Table 3 (CSV),"cmax=3, budget=938",abs_gap,아카이브,0.033697423929177336,,0.03369742392918018,,2.8449465006019636e-15,8.442623111432061e-14,ok,,,
1.3,Table 3 (CSV),"cmax=3, budget=938",gap_pct,아카이브,36.33693919209081,,36.33693919209388,,3.069544618483633e-12,8.447449583623041e-14,ok,,,
1.3,Table 3 (CSV),"cmax=3, budget=938",round_gap_pct,아카이브,83.6992496700663,,83.69924967006708,,7.815970093361102e-13,9.338160287183984e-15,ok,,,
1.3,Table 3 (CSV),"cmax=3, budget=938",dual_gap,아카이브,2.731763007746135e-07,,2.731762254598591e-07,,7.531475443300906e-14,2.7570017684348157e-07,ok,,,
1.3,Table 3 (CSV),"cmax=5, budget=1250",avg_count,아카이브,2.0,,2.0,,0.0,0.0,ok,,,
1.3,Table 3 (CSV),"cmax=5, budget=1250",mean,아카이브,8.819011,,8.819011,,0.0,0.0,ok,,,
1.3,Table 3 (CSV),"cmax=5, budget=1250",var_repair,아카이브,0.160596,,0.160596,,0.0,0.0,ok,,,
1.3,Table 3 (CSV),"cmax=5, budget=1250",var_round,아카이브,0.16527869683186455,,0.16527869683186455,,0.0,0.0,ok,,,
1.3,Table 3 (CSV),"cmax=5, budget=1250",var_upper,아카이브,0.160596,,0.160596,,0.0,0.0,ok,,,
1.3,Table 3 (CSV),"cmax=5, budget=1250",var_lower,아카이브,0.10478988588343585,,0.10478988588360627,,1.7041923427996153e-13,1.6262946833392793e-12,ok,,,
1.3,Table 3 (CSV),"cmax=5, budget=1250",abs_gap,아카이브,0.05580611411656414,,0.05580611411639372,,1.7041923427996153e-13,3.0537735332010586e-12,ok,,,
1.3,Table 3 (CSV),"cmax=5, budget=1250",gap_pct,아카이브,34.7493798827892,,34.74937988268308,,1.0611955758577096e-10,3.0538547146370876e-12,ok,,,
1.3,Table 3 (CSV),"cmax=5, budget=1250",round_gap_pct,아카이브,36.598068660937614,,36.5980686608345,,1.0311396181350574e-10,2.8174700356131862e-12,ok,,,
1.3,Table 3 (CSV),"cmax=5, budget=1250",dual_gap,아카이브,1.0906686664924337e-10,,1.0919487536398265e-10,,1.2800871473928055e-13,0.001173671882873043,ok,,,
1.3,Table 3 (CSV),"cmax=50, budget=12500",avg_count,아카이브,20.0,,20.0,,0.0,0.0,ok,,,
1.3,Table 3 (CSV),"cmax=50, budget=12500",mean,아카이브,88.190108,,88.190108,,0.0,0.0,ok,,,
1.3,Table 3 (CSV),"cmax=50, budget=12500",var_repair,아카이브,10.593384,,10.593384,,0.0,0.0,ok,,,
1.3,Table 3 (CSV),"cmax=50, budget=12500",var_round,아카이브,10.664093449069656,,10.664093449069654,,1.7763568394002505e-15,1.6657363777651643e-16,ok,,,
1.3,Table 3 (CSV),"cmax=50, budget=12500",var_upper,아카이브,10.593384,,10.593384,,0.0,0.0,ok,,,
1.3,Table 3 (CSV),"cmax=50, budget=12500",var_lower,아카이브,10.478988588346883,,10.478988588355755,,8.871126055964851e-12,8.465631946416995e-13,ok,,,
1.3,Table 3 (CSV),"cmax=50, budget=12500",abs_gap,아카이브,0.11439541165311695,,0.11439541164424583,,8.871126055964851e-12,7.754791846778706e-11,ok,,,
1.3,Table 3 (CSV),"cmax=50, budget=12500",gap_pct,아카이브,1.0798760023531382,,1.0798760022693958,,8.374234639063616e-11,7.754811312424272e-11,ok,,,
1.3,Table 3 (CSV),"cmax=50, budget=12500",round_gap_pct,아카이브,1.7357768065969152,,1.735776806513712,,8.320322208987818e-11,4.7934286121153224e-11,ok,,,
1.3,Table 3 (CSV),"cmax=50, budget=12500",dual_gap,아카이브,2.0445977355620926e-08,,2.044892966068801e-08,,2.9523050670832163e-12,0.0001443953994339909,ok,,,
1.3,Table 3 (CSV),"cmax=8, budget=1875",avg_count,아카이브,3.0,,3.0,,0.0,0.0,ok,,,
1.3,Table 3 (CSV),"cmax=8, budget=1875",mean,아카이브,13.228516,,13.228516,,0.0,0.0,ok,,,
1.3,Table 3 (CSV),"cmax=8, budget=1875",var_repair,아카이브,0.289467,,0.289467,,0.0,0.0,ok,,,
1.3,Table 3 (CSV),"cmax=8, budget=1875",var_round,아카이브,0.36583206978794935,,0.36583206978794935,,0.0,0.0,ok,,,
1.3,Table 3 (CSV),"cmax=8, budget=1875",var_upper,아카이브,0.289467,,0.289467,,0.0,0.0,ok,,,
1.3,Table 3 (CSV),"cmax=8, budget=1875",var_lower,아카이브,0.23577724323794735,,0.23577724323812937,,1.8202106488729441e-13,7.720043817104012e-13,ok,,,
1.3,Table 3 (CSV),"cmax=8, budget=1875",abs_gap,아카이브,0.05368975676205262,,0.0536897567618706,,1.8202106488729441e-13,3.390238210502475e-12,ok,,,
1.3,Table 3 (CSV),"cmax=8, budget=1875",gap_pct,아카이브,18.547798803336,,18.54779880327312,,6.287947940109007e-11,3.390131630594385e-12,ok,,,
1.3,Table 3 (CSV),"cmax=8, budget=1875",round_gap_pct,아카이브,35.55041706031592,,35.55041706026616,,4.9759307785279816e-11,1.3996828138712594e-12,ok,,,
1.3,Table 3 (CSV),"cmax=8, budget=1875",dual_gap,아카이브,4.2797443366993093e-10,,4.276218823484612e-10,,3.5255132146971846e-13,0.0008237672480726233,ok,,,
1.3,Table 3,Cmax=3,B/N,원고,,1.50,1.5008,1.50,,,ok,,,
1.3,Table 3,Cmax=3,V_dual,원고,,0.0590,0.05903857607081982,0.0590,,,ok,,,
1.3,Table 3,Cmax=3,V_round,원고,,0.3622,0.3621831809938698,0.3622,,,ok,,,
1.3,Table 3,Cmax=3,V_repair,원고,,0.0927,0.092736,0.0927,,,ok,,,
1.3,Table 3,Cmax=3,V_UB,원고,,0.0927,0.092736,0.0927,,,ok,,,
1.3,Table 3,Cmax=3,Gap (%),원고,,36.34,36.33693919209388,36.34,,,ok,,,
1.3,Table 3,Cmax=5,B/N,원고,,2.00,2.0,2.00,,,ok,,,
1.3,Table 3,Cmax=5,V_dual,원고,,0.1048,0.10478988588360627,0.1048,,,ok,,,
1.3,Table 3,Cmax=5,V_round,원고,,0.1653,0.16527869683186455,0.1653,,,ok,,,
1.3,Table 3,Cmax=5,V_repair,원고,,0.1606,0.160596,0.1606,,,ok,,,
1.3,Table 3,Cmax=5,V_UB,원고,,0.1606,0.160596,0.1606,,,ok,,,
1.3,Table 3,Cmax=5,Gap (%),원고,,34.75,34.74937988268308,34.75,,,ok,,,
1.3,Table 3,Cmax=8,B/N,원고,,3.00,3.0,3.00,,,ok,,,
1.3,Table 3,Cmax=8,V_dual,원고,,0.2358,0.23577724323812937,0.2358,,,ok,,,
1.3,Table 3,Cmax=8,V_round,원고,,0.3658,0.36583206978794935,0.3658,,,ok,,,
1.3,Table 3,Cmax=8,V_repair,원고,,0.2895,0.289467,0.2895,,,ok,,,
1.3,Table 3,Cmax=8,V_UB,원고,,0.2895,0.289467,0.2895,,,ok,,,
1.3,Table 3,Cmax=8,Gap (%),원고,,18.55,18.54779880327312,18.55,,,ok,,,
1.3,Table 3,Cmax=20,B/N,원고,,8.00,8.0,8.00,,,ok,,,
1.3,Table 3,Cmax=20,V_dual,원고,,1.6766,1.6766381741374885,1.6766,,,ok,,,
1.3,Table 3,Cmax=20,V_round,원고,,1.8815,1.8815342058480387,1.8815,,,ok,,,
1.3,Table 3,Cmax=20,V_repair,원고,,1.7512,1.751229,1.7512,,,ok,,,
1.3,Table 3,Cmax=20,V_UB,원고,,1.7512,1.751229,1.7512,,,ok,,,
1.3,Table 3,Cmax=20,Gap (%),원고,,4.26,4.259341631649055,4.26,,,ok,,,
1.3,Table 3,Cmax=50,B/N,원고,,20.00,20.0,20.00,,,ok,,,
1.3,Table 3,Cmax=50,V_dual,원고,,10.4790,10.478988588355755,10.4790,,,ok,,,
1.3,Table 3,Cmax=50,V_round,원고,,10.6641,10.664093449069654,10.6641,,,ok,,,
1.3,Table 3,Cmax=50,V_repair,원고,,10.5934,10.593384,10.5934,,,ok,,,
1.3,Table 3,Cmax=50,V_UB,원고,,10.5934,10.593384,10.5934,,,ok,,,
1.3,Table 3,Cmax=50,Gap (%),원고,,1.08,1.0798760022693958,1.08,,,ok,,,
1.3,Table 3,Cmax=200,B/N,원고,,45.36,45.3568,45.36,,,ok,,,
1.3,Table 3,Cmax=200,V_dual,원고,,53.8945,53.89446803390608,53.8945,,,ok,,,
1.3,Table 3,Cmax=200,V_round,원고,,54.1683,54.168277214978296,54.1683,,,ok,,,
1.3,Table 3,Cmax=200,V_repair,원고,,54.0777,54.077695,54.0777,,,ok,,,
1.3,Table 3,Cmax=200,V_UB,원고,,54.0777,54.077695,54.0777,,,ok,,,
1.3,Table 3,Cmax=200,Gap (%),원고,,0.34,0.33882170106162807,0.34,,,ok,,,
1.4,Table 4,κ 위반,Distinct column masses (trunc.),원고,,10,10.0,10,,,ok,,,
1.4,Table 4,κ 위반,Relative column-mass spread (trunc.),원고,,6.48{\times}10^{-1},0.6482,6.48e-1,,,ok,,,
1.4,Table 4,κ 위반,Column-mass min (trunc.),원고,,6.759388,6.759388,6.759388,,,ok,,,
1.4,Table 4,κ 위반,Column-mass max (trunc.),원고,,17.638022,17.638022,17.638022,,,ok,,,
1.4,Table 4,κ 위반,Distinct column masses (refl.),원고,,1,1.0,1,,,ok,,,
1.4,Table 4,κ 위반,lambda_min(2A^TLA/M) (reflect),원고,,9.7{\times}10^{-10},9.737e-10,9.7e-10,,,ok,,,
1.4,Table 4,κ 위반,lambda_min(2A^TLA/M) (truncate),원고,,1.5{\times}10^{-9},1.548e-09,1.5e-9,,,ok,,,
1.4,Table 4,κ 위반,Δμ interior→corner (trunc.),원고,,-4.351454{\times}10^{-1},-0.4351453594386,-4.351454e-1,,,ok,,,
1.4,Table 4,κ 위반,predicted k(κe−κi)/M,원고,,-4.351454{\times}10^{-1},-0.4351453594386,-4.351454e-1,,,ok,,,
1.4,Table 4,κ 위반,attainable-mean lower (trunc.),원고,,157.314239,157.314239,157.314239,,,ok,,,
1.4,Table 4,κ 위반,attainable-mean upper (trunc.),원고,,199.786971,199.786971,199.786971,,,ok,,,
1.5,§6.1 audit,$ /home/user/experiments/.venv/bin/pyt,support mismatches,원고,,0,0,,,,ok,,,
1.5,§6.1 audit,/home/user/experiments/.venv/bin/pytho,support mismatches,원고,,0,0,,,,ok,,,
1.5,§6.1 audit,/home/user/experiments/.venv/bin/pytho,support mismatches,원고,,0,0,,,,ok,,,
1.5,§6.1 audit,/home/user/experiments/.venv/bin/pytho,support mismatches,원고,,0,0,,,,ok,,,
1.5,§6.1 audit,reflect 3개 초기장,max |col discrepancy|,원고,,1.8{\times}10^{-14},1.81e-14,1.8e-14,,,ok,,,
1.5,§6.1 audit,reflect 3개 초기장,max rel l2,원고,,3.2{\times}10^{-15},3.203e-15,3.2e-15,,,ok,,,
1.5,§6.1 audit,reflect 3개 초기장,worst measured/allowed,원고,,0.082,0.0815,0.082,,,ok,,,
1.5,§6.1 audit,truncate,max |col discrepancy|,원고,,1.3{\times}10^{-15},1.332e-15,1.3e-15,,,ok,,,
1.5,§6.1 audit,truncate,worst measured/allowed,원고,,0.051,0.0505,0.051,,,ok,,,
1.6,Table 6 (CSV),instance=center,N,아카이브,16.0,,16.0,,0.0,0.0,ok,,,
1.6,Table 6 (CSV),instance=center,B,아카이브,64.0,,64.0,,0.0,0.0,ok,,,
1.6,Table 6 (CSV),instance=center,dual_lower,아카이브,70.12710314953678,,70.12710314953674,,4.263256414560601e-14,6.079327710813564e-16,ok,,,
1.6,Table 6 (CSV),instance=center,v_qp,아카이브,70.12710314953681,,70.12710314953675,,5.684341886080802e-14,8.105770281084749e-16,ok,,,
1.6,Table 6 (CSV),instance=center,v_z,아카이브,70.20558220317824,,70.20558220317822,,1.4210854715202004e-14,2.024177318845548e-16,ok,,,
1.6,Table 6 (CSV),instance=center,v_z_eval,아카이브,70.20558220317828,,70.20558220317828,,0.0,0.0,ok,,,
1.6,Table 6 (CSV),instance=center,v_ub,아카이브,70.20558220317827,,70.20558220317827,,0.0,0.0,ok,,,
1.6,Table 6 (CSV),instance=center,status,아카이브,optimal,,optimal,,,,ok,,,
1.6,Table 6 (CSV),instance=center,relax_gap,아카이브,0.0784790536414306,,0.07847905364147323,,4.263256414560601e-14,5.432349419042874e-13,ok,,,
1.6,Table 6 (CSV),instance=center,incumbent_subopt,아카이브,2.842170943040401e-14,,4.263256414560601e-14,,1.4210854715202004e-14,0.5,ok,,,
1.6,Table 6 (CSV),instance=center,reported_cert,아카이브,0.07847905364148744,,0.07847905364153007,,4.263256414560601e-14,5.432349419038941e-13,ok,,,
1.6,Table 6 (CSV),instance=random,N,아카이브,16.0,,16.0,,0.0,0.0,ok,,,
1.6,Table 6 (CSV),instance=random,B,아카이브,64.0,,64.0,,0.0,0.0,ok,,,
1.6,Table 6 (CSV),instance=random,dual_lower,아카이브,64.35902853093123,,64.35902853093125,,2.842170943040401e-14,4.416118465297283e-16,ok,,,
1.6,Table 6 (CSV),instance=random,v_qp,아카이브,64.35902853093124,,64.35902853093127,,2.842170943040401e-14,4.416118465297282e-16,ok,,,
1.6,Table 6 (CSV),instance=random,v_z,아카이브,64.43373942177706,,64.43374006586505,,6.440879900537766e-07,9.996129292413692e-09,ok,,,
1.6,Table 6 (CSV),instance=random,v_z_eval,아카이브,64.43374006586504,,64.43374006586504,,0.0,0.0,ok,,,
1.6,Table 6 (CSV),instance=random,v_ub,아카이브,64.44997267329876,,64.44997267329876,,0.0,0.0,ok,,,
1.6,Table 6 (CSV),instance=random,status,아카이브,optimal,,optimal,,,,ok,,,
1.6,Table 6 (CSV),instance=random,relax_gap,아카이브,0.07471089084582161,,0.07471153493378324,,6.440879616320672e-07,8.621071899159255e-06,warn,,SCIP epigraph 변수 t의 허용오차: 정수해 x*와 V(x*)(v_z_eval)는 동일. 아카이브의 SCIP 목적값 t가 V(x*)보다 6.4e-7 낮았음,원고 표시값(소수 5자리) 영향 없음. 수정본에서 V_Z*는 솔버 목적값 대신 V(x*) 평가값으로 보고 권장
1.6,Table 6 (CSV),instance=random,incumbent_subopt,아카이브,0.01623325152169741,,0.016232607433707358,,6.440879900537766e-07,3.967707819920653e-05,warn,,위와 동일(V_Z*에 SCIP 목적값 t 사용),위와 동일
1.6,Table 6 (CSV),instance=random,reported_cert,아카이브,0.09094414236753323,,0.09094414236750481,,2.842170943040401e-14,3.1251830728738026e-13,ok,,,
1.6,Table 6 (CSV),instance=zero,N,아카이브,16.0,,16.0,,0.0,0.0,ok,,,
1.6,Table 6 (CSV),instance=zero,B,아카이브,64.0,,64.0,,0.0,0.0,ok,,,
1.6,Table 6 (CSV),instance=zero,dual_lower,아카이브,1.3909400441494508,,1.390940044149458,,7.105427357601002e-15,5.108363503867571e-15,ok,,,
1.6,Table 6 (CSV),instance=zero,v_qp,아카이브,1.390940044149474,,1.390940044149474,,0.0,0.0,ok,,,
1.6,Table 6 (CSV),instance=zero,v_z,아카이브,1.5080748103244057,,1.5080748103244057,,0.0,0.0,ok,,,
1.6,Table 6 (CSV),instance=zero,v_z_eval,아카이브,1.5080748103244292,,1.5080748103244292,,0.0,0.0,ok,,,
1.6,Table 6 (CSV),instance=zero,v_ub,아카이브,1.5080748103244292,,1.5080748103244292,,0.0,0.0,ok,,,
1.6,Table 6 (CSV),instance=zero,status,아카이브,optimal,,optimal,,,,ok,,,
1.6,Table 6 (CSV),instance=zero,relax_gap,아카이브,0.11713476617493179,,0.11713476617493179,,0.0,0.0,ok,,,
1.6,Table 6 (CSV),instance=zero,incumbent_subopt,아카이브,2.353672812205332e-14,,2.353672812205332e-14,,0.0,0.0,ok,,,
1.6,Table 6 (CSV),instance=zero,reported_cert,아카이브,0.11713476617497842,,0.11713476617497132,,7.105427357601002e-15,6.066027695813865e-14,ok,,,
1.6,Table 6,Zero,V_dual,원고,,1.39094,1.390940044149458,1.39094,,,ok,,,
1.6,Table 6,Zero,V_QP*,원고,,1.39094,1.390940044149474,1.39094,,,ok,,,
1.6,Table 6,Zero,V_Z*,원고,,1.50807,1.5080748103244057,1.50807,,,ok,,,
1.6,Table 6,Zero,V_UB,원고,,1.50807,1.5080748103244292,1.50807,,,ok,,,
1.6,Table 6,Zero,Relax. gap,원고,,0.11713,0.11713476617493179,0.11713,,,ok,,,
1.6,Table 6,Zero,Inc. subopt.,원고,,0.00000,2.353672812205332e-14,0.00000,,,ok,,,
1.6,Table 6,Random,V_dual,원고,,64.35903,64.35902853093125,64.35903,,,ok,,,
1.6,Table 6,Random,V_QP*,원고,,64.35903,64.35902853093127,64.35903,,,ok,,,
1.6,Table 6,Random,V_Z*,원고,,64.43374,64.43374006586505,64.43374,,,ok,,,
1.6,Table 6,Random,V_UB,원고,,64.44997,64.44997267329876,64.44997,,,ok,,,
1.6,Table 6,Random,Relax. gap,원고,,0.07471,0.07471153493378324,0.07471,,,ok,,,
1.6,Table 6,Random,Inc. subopt.,원고,,0.01623,0.016232607433707358,0.01623,,,ok,,,
1.6,Table 6,Center,V_dual,원고,,70.12710,70.12710314953674,70.12710,,,ok,,,
1.6,Table 6,Center,V_QP*,원고,,70.12710,70.12710314953675,70.12710,,,ok,,,
1.6,Table 6,Center,V_Z*,원고,,70.20558,70.20558220317822,70.20558,,,ok,,,
1.6,Table 6,Center,V_UB,원고,,70.20558,70.20558220317827,70.20558,,,ok,,,
1.6,Table 6,Center,Relax. gap,원고,,0.07848,0.07847905364147323,0.07848,,,ok,,,
1.6,Table 6,Center,Inc. subopt.,원고,,0.00000,4.263256414560601e-14,0.00000,,,ok,,,
1.7,Table 7 (CSV),"instance=center100, interval=1",N,아카이브,2500.0,,2500.0,,0.0,0.0,ok,,,
1.7,Table 7 (CSV),"instance=center100, interval=1",budget,아카이브,26896.0,,26896.0,,0.0,0.0,ok,,,
1.7,Table 7 (CSV),"instance=center100, interval=1",mean,아카이브,199.996892,,199.99689190488405,,9.51159506712429e-08,4.75587143980432e-10,ok,,,
1.7,Table 7 (CSV),"instance=center100, interval=1",var_repair,아카이브,35.871691,,35.87169118029283,,1.8029282955467352e-07,5.026047686312684e-09,ok,,,
1.7,Table 7 (CSV),"instance=center100, interval=1",var_round,아카이브,35.56925853889358,,35.56925853889358,,0.0,0.0,ok,,,
1.7,Table 7 (CSV),"instance=center100, interval=1",var_upper,아카이브,35.56925853889358,,35.56925853889358,,0.0,0.0,ok,,,
1.7,Table 7 (CSV),"instance=center100, interval=1",var_lower,아카이브,35.32931035478243,,35.32931034914924,,5.633189914533432e-09,1.5944805765988815e-10,ok,,,
1.7,Table 7 (CSV),"instance=center100, interval=1",abs_gap,아카이브,0.2399481841111495,,0.2399481897443394,,5.633189914533432e-09,2.3476693251089617e-08,ok,,,
1.7,Table 7 (CSV),"instance=center100, interval=1",gap_pct,아카이브,0.6745942816007132,,0.6745942974379563,,1.5837243072525098e-08,2.3476693331798847e-08,ok,,,
1.7,Table 7 (CSV),"instance=center100, interval=1",status,아카이브,solved,,solved,,,,ok,,,
1.7,Table 7 (CSV),"instance=center100, interval=2",N,아카이브,625.0,,625.0,,0.0,0.0,ok,,,
1.7,Table 7 (CSV),"instance=center100, interval=2",budget,아카이브,26896.0,,26896.0,,0.0,0.0,ok,,,
1.7,Table 7 (CSV),"instance=center100, interval=2",mean,아카이브,199.996892,,199.9968919048838,,9.511620646662777e-08,4.755884229772319e-10,ok,,,
1.7,Table 7 (CSV),"instance=center100, interval=2",var_repair,아카이브,94.261981,,94.26198071839252,,2.8160748399841395e-07,2.987498045457096e-09,ok,,,
1.7,Table 7 (CSV),"instance=center100, interval=2",var_round,아카이브,93.78075563984257,,93.78075563984258,,1.4210854715202004e-14,1.515327384413242e-16,ok,,,
1.7,Table 7 (CSV),"instance=center100, interval=2",var_upper,아카이브,93.78075563984257,,93.78075563984258,,1.4210854715202004e-14,1.515327384413242e-16,ok,,,
1.7,Table 7 (CSV),"instance=center100, interval=2",var_lower,아카이브,93.59201013387307,,93.59201013387637,,3.296918293926865e-12,3.522649304370091e-14,ok,,,
1.7,Table 7 (CSV),"instance=center100, interval=2",abs_gap,아카이브,0.1887455059694929,,0.1887455059662102,,3.282707439211663e-12,1.7392241591925634e-11,ok,,,
1.7,Table 7 (CSV),"instance=center100, interval=2",gap_pct,아카이브,0.20126251348875332,,0.20126251348525284,,3.5004776854918873e-12,1.7392596489099776e-11,ok,,,
1.7,Table 7 (CSV),"instance=center100, interval=2",status,아카이브,solved,,solved,,,,ok,,,
1.7,Table 7 (CSV),"instance=center100, interval=3",N,아카이브,289.0,,289.0,,0.0,0.0,ok,,,
1.7,Table 7 (CSV),"instance=center100, interval=3",budget,아카이브,26896.0,,26896.0,,0.0,0.0,ok,,,
1.7,Table 7 (CSV),"instance=center100, interval=3",mean,아카이브,199.996892,,199.996891904883,,9.511700227449182e-08,4.755924020783874e-10,ok,,,
1.7,Table 7 (CSV),"instance=center100, interval=3",var_repair,아카이브,120.053089,,120.05265427255912,,0.00043472744087580395,3.621126657355763e-06,warn,repair 휴리스틱 재실행의 빌드 의존 경로 차이; 아카이브 할당은 현재 모델에서 원고 값으로 검증됨,"위 Table 7과 동일: repair 휴리스틱의 빌드 의존 경로(s=3), s=1 반올림 incumbent 민감도",위와 동일
1.7,Table 7 (CSV),"instance=center100, interval=3",var_round,아카이브,120.09723130397026,,120.09723130397026,,0.0,0.0,ok,,,
1.7,Table 7 (CSV),"instance=center100, interval=3",var_upper,아카이브,120.053089,,120.05265427255912,,0.00043472744087580395,3.621126657355763e-06,warn,repair 휴리스틱 재실행의 빌드 의존 경로 차이; 아카이브 할당은 현재 모델에서 원고 값으로 검증됨,"위 Table 7과 동일: repair 휴리스틱의 빌드 의존 경로(s=3), s=1 반올림 incumbent 민감도",위와 동일
1.7,Table 7 (CSV),"instance=center100, interval=3",var_lower,아카이브,119.98748391024992,,119.98748391025566,,5.7411853049416095e-12,4.784820147771404e-14,ok,,,
1.7,Table 7 (CSV),"instance=center100, interval=3",abs_gap,아카이브,0.06560508975007906,,0.06517036230346207,,0.00043472744661698925,0.006626428654744205,warn,repair 휴리스틱 재실행의 빌드 의존 경로 차이; 아카이브 할당은 현재 모델에서 원고 값으로 검증됨,"위 Table 7과 동일: repair 휴리스틱의 빌드 의존 경로(s=3), s=1 반올림 incumbent 민감도",위와 동일
1.7,Table 7 (CSV),"instance=center100, interval=3",gap_pct,아카이브,0.054646731955459354,,0.05428481585713536,,0.00036191609832399163,0.006622831510198575,warn,repair 휴리스틱 재실행의 빌드 의존 경로 차이; 아카이브 할당은 현재 모델에서 원고 값으로 검증됨,"위 Table 7과 동일: repair 휴리스틱의 빌드 의존 경로(s=3), s=1 반올림 incumbent 민감도",위와 동일
1.7,Table 7 (CSV),"instance=center100, interval=3",status,아카이브,solved,,solved,,,,ok,,,
1.7,Table 7 (CSV),"instance=center30, interval=1",N,아카이브,2500.0,,2500.0,,0.0,0.0,ok,,,
1.7,Table 7 (CSV),"instance=center30, interval=1",budget,아카이브,27912.0,,27912.0,,0.0,0.0,ok,,,
1.7,Table 7 (CSV),"instance=center30, interval=1",mean,아카이브,199.996984,,199.99698389534154,,1.0465845434737275e-07,5.233001631033234e-10,ok,,,
1.7,Table 7 (CSV),"instance=center30, interval=1",var_repair,아카이브,1.318009,,1.3180092470574272,,2.4705742718289514e-07,1.87447450801091e-07,ok,,,
1.7,Table 7 (CSV),"instance=center30, interval=1",var_round,아카이브,1.5063298230199584,,1.5063298230199584,,0.0,0.0,ok,,,
1.7,Table 7 (CSV),"instance=center30, interval=1",var_upper,아카이브,1.318009,,1.3180092470574272,,2.4705742718289514e-07,1.87447450801091e-07,ok,,,
1.7,Table 7 (CSV),"instance=center30, interval=1",var_lower,아카이브,0.8711161768204145,,0.8711161704380549,,6.382359640788593e-09,7.326645757038159e-09,ok,,,
1.7,Table 7 (CSV),"instance=center30, interval=1",abs_gap,아카이브,0.44689282317958545,,0.4468930766193723,,2.5343978682368373e-07,5.671153656496248e-07,ok,,,
1.7,Table 7 (CSV),"instance=center30, interval=1",gap_pct,아카이브,33.906659452218115,,33.9066723254864,,1.2873268282476147e-05,3.7966784373486844e-07,ok,,,
1.7,Table 7 (CSV),"instance=center30, interval=1",status,아카이브,solved,,solved,,,,ok,,,
1.7,Table 7 (CSV),"instance=center30, interval=2",N,아카이브,625.0,,625.0,,0.0,0.0,ok,,,
1.7,Table 7 (CSV),"instance=center30, interval=2",budget,아카이브,27912.0,,27912.0,,0.0,0.0,ok,,,
1.7,Table 7 (CSV),"instance=center30, interval=2",mean,아카이브,199.996984,,199.996983895342,,1.0465799960002187e-07,5.232978893322804e-10,ok,,,
1.7,Table 7 (CSV),"instance=center30, interval=2",var_repair,아카이브,55.86483,,55.864830438884965,,4.388849674796802e-07,7.856194451494442e-09,ok,,,
1.7,Table 7 (CSV),"instance=center30, interval=2",var_round,아카이브,55.9181665415562,,55.9181665415562,,0.0,0.0,ok,,,
1.7,Table 7 (CSV),"instance=center30, interval=2",var_upper,아카이브,55.86483,,55.864830438884965,,4.388849674796802e-07,7.856194451494442e-09,ok,,,
1.7,Table 7 (CSV),"instance=center30, interval=2",var_lower,아카이브,55.66437664832658,,55.66437664832962,,3.0411229090532288e-12,5.463319796548289e-14,ok,,,
1.7,Table 7 (CSV),"instance=center30, interval=2",abs_gap,아카이브,0.20045335167341705,,0.2004537905553434,,4.3888192635677115e-07,2.1894466851909123e-06,ok,아카이브가 repair 분산을 6자리로 저장 → 파생값에 전파 (상대차 ≤2e-5),,
1.7,Table 7 (CSV),"instance=center30, interval=2",gap_pct,아카이브,0.3588185118855943,,0.3588192946806416,,7.827950472827361e-07,2.1815904736050027e-06,ok,아카이브가 repair 분산을 6자리로 저장 → 파생값에 전파 (상대차 ≤2e-5),,
1.7,Table 7 (CSV),"instance=center30, interval=2",status,아카이브,solved,,solved,,,,ok,,,
1.7,Table 7 (CSV),"instance=center30, interval=3",N,아카이브,289.0,,289.0,,0.0,0.0,ok,,,
1.7,Table 7 (CSV),"instance=center30, interval=3",budget,아카이브,27912.0,,27912.0,,0.0,0.0,ok,,,
1.7,Table 7 (CSV),"instance=center30, interval=3",mean,아카이브,199.996984,,199.9969838953403,,1.0465970490258769e-07,5.233064159736913e-10,ok,,,
1.7,Table 7 (CSV),"instance=center30, interval=3",var_repair,아카이브,68.800949,,68.7970398383997,,0.003909161600304856,5.681842557585733e-05,warn,repair 휴리스틱 재실행의 빌드 의존 경로 차이; 아카이브 할당은 현재 모델에서 원고 값으로 검증됨,"위 Table 7과 동일: repair 휴리스틱의 빌드 의존 경로(s=3), s=1 반올림 incumbent 민감도",위와 동일
1.7,Table 7 (CSV),"instance=center30, interval=3",var_round,아카이브,68.84218260797236,,68.84218260797236,,0.0,0.0,ok,,,
1.7,Table 7 (CSV),"instance=center30, interval=3",var_upper,아카이브,68.800949,,68.7970398383997,,0.003909161600304856,5.681842557585733e-05,warn,repair 휴리스틱 재실행의 빌드 의존 경로 차이; 아카이브 할당은 현재 모델에서 원고 값으로 검증됨,"위 Table 7과 동일: repair 휴리스틱의 빌드 의존 경로(s=3), s=1 반올림 incumbent 민감도",위와 동일
1.7,Table 7 (CSV),"instance=center30, interval=3",var_lower,아카이브,68.74250903782377,,68.74250903783104,,7.275957614183426e-12,1.0584364341691428e-13,ok,,,
1.7,Table 7 (CSV),"instance=center30, interval=3",abs_gap,아카이브,0.05843996217623726,,0.054530800568656446,,0.003909161607580813,0.06689192569618652,warn,repair 휴리스틱 재실행의 빌드 의존 경로 차이; 아카이브 할당은 현재 모델에서 원고 값으로 검증됨,"위 Table 7과 동일: repair 휴리스틱의 빌드 의존 경로(s=3), s=1 반올림 incumbent 민감도",위와 동일
1.7,Table 7 (CSV),"instance=center30, interval=3",gap_pct,아카이브,0.08494063385119478,,0.07926329489865577,,0.00567733895253901,0.06683890495195724,warn,repair 휴리스틱 재실행의 빌드 의존 경로 차이; 아카이브 할당은 현재 모델에서 원고 값으로 검증됨,"위 Table 7과 동일: repair 휴리스틱의 빌드 의존 경로(s=3), s=1 반올림 incumbent 민감도",위와 동일
1.7,Table 7 (CSV),"instance=center30, interval=3",status,아카이브,solved,,solved,,,,ok,,,
1.7,Table 7 (CSV),"instance=random, interval=1",N,아카이브,2500.0,,2500.0,,0.0,0.0,ok,,,
1.7,Table 7 (CSV),"instance=random, interval=1",budget,아카이브,26120.0,,26120.0,,0.0,0.0,ok,,,
1.7,Table 7 (CSV),"instance=random, interval=1",mean,아카이브,199.997216,,199.9972159932358,,6.764196314179571e-09,3.3821452365514786e-11,ok,,,
1.7,Table 7 (CSV),"instance=random, interval=1",var_repair,아카이브,42.491098,,42.49109772460163,,2.7539837077483753e-07,6.4813192347921325e-09,ok,,,
1.7,Table 7 (CSV),"instance=random, interval=1",var_round,아카이브,41.945057100704474,,41.94505710026743,,4.3704773133868e-10,1.0419528820508858e-11,ok,,,
1.7,Table 7 (CSV),"instance=random, interval=1",var_upper,아카이브,41.945057100704474,,41.94505710026743,,4.3704773133868e-10,1.0419528820508858e-11,ok,,,
1.7,Table 7 (CSV),"instance=random, interval=1",var_lower,아카이브,41.68972895307758,,41.68972895264288,,4.346958348833141e-10,1.0426928785566605e-11,ok,,,
1.7,Table 7 (CSV),"instance=random, interval=1",abs_gap,아카이브,0.2553281476268978,,0.2553281476245459,,2.3518964553659316e-12,9.211269800158017e-12,ok,,,
1.7,Table 7 (CSV),"instance=random, interval=1",gap_pct,아카이브,0.6087204673816251,,0.6087204673823606,,7.355227538141662e-13,1.2083095496656676e-12,ok,,,
1.7,Table 7 (CSV),"instance=random, interval=1",status,아카이브,solved,,solved,,,,ok,,,
1.7,Table 7 (CSV),"instance=random, interval=2",N,아카이브,625.0,,625.0,,0.0,0.0,ok,,,
1.7,Table 7 (CSV),"instance=random, interval=2",budget,아카이브,26120.0,,26120.0,,0.0,0.0,ok,,,
1.7,Table 7 (CSV),"instance=random, interval=2",mean,아카이브,199.997216,,199.99721599323604,,6.763968940504128e-09,3.382031548131214e-11,ok,,,
1.7,Table 7 (CSV),"instance=random, interval=2",var_repair,아카이브,103.561316,,103.56131572647469,,2.735253161745277e-07,2.641191969543219e-09,ok,,,
1.7,Table 7 (CSV),"instance=random, interval=2",var_round,아카이브,102.93372029069211,,102.93372028976046,,9.316494242739282e-10,9.050964267519763e-12,ok,,,
1.7,Table 7 (CSV),"instance=random, interval=2",var_upper,아카이브,102.93372029069211,,102.93372028976046,,9.316494242739282e-10,9.050964267519763e-12,ok,,,
1.7,Table 7 (CSV),"instance=random, interval=2",var_lower,아카이브,102.7721254127349,,102.77212541173198,,1.0029168606706662e-09,9.758646682093342e-12,ok,,,
1.7,Table 7 (CSV),"instance=random, interval=2",abs_gap,아카이브,0.1615948779572136,,0.16159487802848105,,7.126743639673805e-11,4.410253424963626e-10,ok,,,
1.7,Table 7 (CSV),"instance=random, interval=2",gap_pct,아카이브,0.1569892524051965,,0.15698925247585366,,7.06571468001016e-11,4.500763314531382e-10,ok,,,
1.7,Table 7 (CSV),"instance=random, interval=2",status,아카이브,solved,,solved,,,,ok,,,
1.7,Table 7 (CSV),"instance=random, interval=3",N,아카이브,289.0,,289.0,,0.0,0.0,ok,,,
1.7,Table 7 (CSV),"instance=random, interval=3",budget,아카이브,26120.0,,26120.0,,0.0,0.0,ok,,,
1.7,Table 7 (CSV),"instance=random, interval=3",mean,아카이브,199.997216,,199.99721599323573,,6.7642815793078626e-09,3.3821878697090775e-11,ok,,,
1.7,Table 7 (CSV),"instance=random, interval=3",var_repair,아카이브,118.149927,,118.14992729300957,,2.930095632791563e-07,2.479980908317923e-09,ok,,,
1.7,Table 7 (CSV),"instance=random, interval=3",var_round,아카이브,118.190147354228,,118.19014735459145,,3.6344260934129125e-10,3.0750668941296474e-12,ok,,,
1.7,Table 7 (CSV),"instance=random, interval=3",var_upper,아카이브,118.149927,,118.14992729300957,,2.930095632791563e-07,2.479980908317923e-09,ok,,,
1.7,Table 7 (CSV),"instance=random, interval=3",var_lower,아카이브,118.07989432766044,,118.07989432803879,,3.7834979593753815e-10,3.204184743658845e-12,ok,,,
1.7,Table 7 (CSV),"instance=random, interval=3",abs_gap,아카이브,0.07003267233956478,,0.07003296497077827,,2.9263121348321874e-07,4.1784956036569445e-06,ok,아카이브가 repair 분산을 6자리로 저장 → 파생값에 전파 (상대차 ≤2e-5),,
1.7,Table 7 (CSV),"instance=random, interval=3",gap_pct,아카이브,0.059274410164946424,,0.05927465769580869,,2.475308622656991e-07,4.176015612418247e-06,ok,아카이브가 repair 분산을 6자리로 저장 → 파생값에 전파 (상대차 ≤2e-5),,
1.7,Table 7 (CSV),"instance=random, interval=3",status,아카이브,solved,,solved,,,,ok,,,
1.7,Table 7 (CSV),"instance=zero, interval=1",N,아카이브,2500.0,,2500.0,,0.0,0.0,ok,,,
1.7,Table 7 (CSV),"instance=zero, interval=1",budget,아카이브,28348.0,,28348.0,,0.0,0.0,ok,,,
1.7,Table 7 (CSV),"instance=zero, interval=1",mean,아카이브,200.001055,,200.00105486762482,,1.3237519169706502e-07,6.61872467108061e-10,ok,,,
1.7,Table 7 (CSV),"instance=zero, interval=1",var_repair,아카이브,0.222006,,0.2220062731981303,,2.7319813028503503e-07,1.2305889493303561e-06,ok,,,
1.7,Table 7 (CSV),"instance=zero, interval=1",var_round,아카이브,1.4075140586606558,,1.6545883510024006,,0.24707429234174483,0.17553948454117227,warn,연속해 반올림 incumbent: s=1 조건수 약 4e11에서 연속해 마지막 자리가 달라 반올림 결과가 바뀜; V_UB는 repair,"위 Table 7과 동일: repair 휴리스틱의 빌드 의존 경로(s=3), s=1 반올림 incumbent 민감도",위와 동일
1.7,Table 7 (CSV),"instance=zero, interval=1",var_upper,아카이브,0.222006,,0.2220062731981303,,2.7319813028503503e-07,1.2305889493303561e-06,ok,,,
1.7,Table 7 (CSV),"instance=zero, interval=1",var_lower,아카이브,0.0,,0.0,,0.0,0.0,ok,,,
1.7,Table 7 (CSV),"instance=zero, interval=1",abs_gap,아카이브,0.222006,,0.2220062731981303,,2.7319813028503503e-07,1.2305889493303561e-06,ok,아카이브가 repair 분산을 6자리로 저장 → 파생값에 전파 (상대차 ≤2e-5),,
1.7,Table 7 (CSV),"instance=zero, interval=1",gap_pct,아카이브,100.0,,100.0,,0.0,0.0,ok,,,
1.7,Table 7 (CSV),"instance=zero, interval=1",status,아카이브,solved,,solved,,,,ok,,,
1.7,Table 7 (CSV),"instance=zero, interval=2",N,아카이브,625.0,,625.0,,0.0,0.0,ok,,,
1.7,Table 7 (CSV),"instance=zero, interval=2",budget,아카이브,28348.0,,28348.0,,0.0,0.0,ok,,,
1.7,Table 7 (CSV),"instance=zero, interval=2",mean,아카이브,200.001055,,200.00105486762516,,1.3237485063655186e-07,6.618707618144907e-10,ok,,,
1.7,Table 7 (CSV),"instance=zero, interval=2",var_repair,아카이브,54.077695,,54.077694758156696,,2.4184330271737053e-07,4.472145174038401e-09,ok,,,
1.7,Table 7 (CSV),"instance=zero, interval=2",var_round,아카이브,54.168277214978296,,54.168277214978296,,0.0,0.0,ok,,,
1.7,Table 7 (CSV),"instance=zero, interval=2",var_upper,아카이브,54.077695,,54.077694758156696,,2.4184330271737053e-07,4.472145174038401e-09,ok,,,
1.7,Table 7 (CSV),"instance=zero, interval=2",var_lower,아카이브,53.894468033925506,,53.89446803390608,,1.942623839568114e-11,3.6044958052935424e-13,ok,,,
1.7,Table 7 (CSV),"instance=zero, interval=2",abs_gap,아카이브,0.18322696607449274,,0.18322672425061626,,2.4182387647897485e-07,1.31980505740983e-06,ok,아카이브가 repair 분산을 6자리로 저장 → 파생값에 전파 (상대차 ≤2e-5),,
1.7,Table 7 (CSV),"instance=zero, interval=2",gap_pct,아카이브,0.33882170102570525,,0.3388212553623685,,4.456633367344587e-07,1.3153329181257127e-06,ok,아카이브가 repair 분산을 6자리로 저장 → 파생값에 전파 (상대차 ≤2e-5),,
1.7,Table 7 (CSV),"instance=zero, interval=2",status,아카이브,solved,,solved,,,,ok,,,
1.7,Table 7 (CSV),"instance=zero, interval=3",N,아카이브,289.0,,289.0,,0.0,0.0,ok,,,
1.7,Table 7 (CSV),"instance=zero, interval=3",budget,아카이브,28348.0,,28348.0,,0.0,0.0,ok,,,
1.7,Table 7 (CSV),"instance=zero, interval=3",mean,아카이브,200.001055,,200.00105486762132,,1.3237868756732496e-07,6.618899463671576e-10,ok,,,
1.7,Table 7 (CSV),"instance=zero, interval=3",var_repair,아카이브,68.084873,,68.08659529847453,,0.0017222984745330905,2.5296345555834265e-05,warn,repair 휴리스틱 재실행의 빌드 의존 경로 차이; 아카이브 할당은 현재 모델에서 원고 값으로 검증됨,"위 Table 7과 동일: repair 휴리스틱의 빌드 의존 경로(s=3), s=1 반올림 incumbent 민감도",위와 동일
1.7,Table 7 (CSV),"instance=zero, interval=3",var_round,아카이브,68.12424031028988,,68.12424031028988,,0.0,0.0,ok,,,
1.7,Table 7 (CSV),"instance=zero, interval=3",var_upper,아카이브,68.084873,,68.08659529847453,,0.0017222984745330905,2.5296345555834265e-05,warn,repair 휴리스틱 재실행의 빌드 의존 경로 차이; 아카이브 할당은 현재 모델에서 원고 값으로 검증됨,"위 Table 7과 동일: repair 휴리스틱의 빌드 의존 경로(s=3), s=1 반올림 incumbent 민감도",위와 동일
1.7,Table 7 (CSV),"instance=zero, interval=3",var_lower,아카이브,68.03601954548509,,68.03601954546517,,1.992361831071321e-11,2.9283927019559675e-13,ok,,,
1.7,Table 7 (CSV),"instance=zero, interval=3",abs_gap,아카이브,0.04885345451491219,,0.050575753009368896,,0.0017222984944567088,0.03525438500835164,warn,repair 휴리스틱 재실행의 빌드 의존 경로 차이; 아카이브 할당은 현재 모델에서 원고 값으로 검증됨,"위 Table 7과 동일: repair 휴리스틱의 빌드 의존 경로(s=3), s=1 반올림 incumbent 민감도",위와 동일
1.7,Table 7 (CSV),"instance=zero, interval=3",gap_pct,아카이브,0.07175375727720339,,0.07428151281123324,,0.0025277555340298546,0.03522819751813803,warn,repair 휴리스틱 재실행의 빌드 의존 경로 차이; 아카이브 할당은 현재 모델에서 원고 값으로 검증됨,"위 Table 7과 동일: repair 휴리스틱의 빌드 의존 경로(s=3), s=1 반올림 incumbent 민감도",위와 동일
1.7,Table 7 (CSV),"instance=zero, interval=3",status,아카이브,solved,,solved,,,,ok,,,
1.7,Table 7 (아카이브 할당 검증),"instance=zero, interval=1",V(아카이브 할당),아카이브,0.222006,,0.22200627319813912,,2.731981391113081e-07,,ok,아카이브 incumbent 할당을 현재 모델(정본 입력)로 재평가,,
1.7,Table 7 (아카이브 할당 검증),"instance=zero, interval=2",V(아카이브 할당),아카이브,54.077695,,54.07769475815953,,2.4184046765185485e-07,,ok,아카이브 incumbent 할당을 현재 모델(정본 입력)로 재평가,,
1.7,Table 7 (아카이브 할당 검증),"instance=zero, interval=3",V(아카이브 할당),아카이브,68.084873,,68.08487301838147,,1.8381470567874203e-08,,ok,아카이브 incumbent 할당을 현재 모델(정본 입력)로 재평가,,
1.7,Table 7 (아카이브 할당 검증),"instance=random, interval=1",V(아카이브 할당),아카이브,42.491098,,42.49109772460216,,2.753978378677857e-07,,ok,아카이브 incumbent 할당을 현재 모델(정본 입력)로 재평가,,
1.7,Table 7 (아카이브 할당 검증),"instance=random, interval=2",V(아카이브 할당),아카이브,103.561316,,103.5613157264778,,2.7352220399734506e-07,,ok,아카이브 incumbent 할당을 현재 모델(정본 입력)로 재평가,,
1.7,Table 7 (아카이브 할당 검증),"instance=random, interval=3",V(아카이브 할당),아카이브,118.149927,,118.14992729300921,,2.930092080077884e-07,,ok,아카이브 incumbent 할당을 현재 모델(정본 입력)로 재평가,,
1.7,Table 7 (아카이브 할당 검증),"instance=center30, interval=1",V(아카이브 할당),아카이브,1.318009,,1.3180092470573892,,2.470573892132677e-07,,ok,아카이브 incumbent 할당을 현재 모델(정본 입력)로 재평가,,
1.7,Table 7 (아카이브 할당 검증),"instance=center30, interval=2",V(아카이브 할당),아카이브,55.86483,,55.86483043888768,,4.388876817529308e-07,,ok,아카이브 incumbent 할당을 현재 모델(정본 입력)로 재평가,,
1.7,Table 7 (아카이브 할당 검증),"instance=center30, interval=3",V(아카이브 할당),아카이브,68.800949,,68.80094916789511,,1.678951093708747e-07,,ok,아카이브 incumbent 할당을 현재 모델(정본 입력)로 재평가,,
1.7,Table 7 (아카이브 할당 검증),"instance=center100, interval=1",V(아카이브 할당),아카이브,35.871691,,35.8716911802935,,1.802935045702725e-07,,ok,아카이브 incumbent 할당을 현재 모델(정본 입력)로 재평가,,
1.7,Table 7 (아카이브 할당 검증),"instance=center100, interval=2",V(아카이브 할당),아카이브,94.261981,,94.26198071839524,,2.8160476972516335e-07,,ok,아카이브 incumbent 할당을 현재 모델(정본 입력)로 재평가,,
1.7,Table 7 (아카이브 할당 검증),"instance=center100, interval=3",V(아카이브 할당),아카이브,120.053089,,120.05308912395537,,1.2395537396514555e-07,,ok,아카이브 incumbent 할당을 현재 모델(정본 입력)로 재평가,,
1.7,Table 7,Zero s=1,V_UB,원고,,0.222,0.2220062731981303,0.222,,,ok,,,
1.7,Table 7,Zero s=1,V_dual,원고,,0.000,0.0,0.000,,,ok,,,
1.7,Table 7,Zero s=1,Abs. gap,원고,,0.222,0.2220062731981303,0.222,,,ok,,,
1.7,Table 7,Zero s=2,V_UB,원고,,54.078,54.077694758156696,54.078,,,ok,,,
1.7,Table 7,Zero s=2,V_dual,원고,,53.894,53.89446803390608,53.894,,,ok,,,
1.7,Table 7,Zero s=2,Abs. gap,원고,,0.183,0.18322672425061626,0.183,,,ok,,,
1.7,Table 7,Zero s=3,V_UB,원고,,68.085,68.08659529847453,68.087,,,warn,repair 휴리스틱 재실행의 빌드 의존 경로 차이; 아카이브 할당은 현재 모델에서 원고 값으로 검증됨,s=3 세 초기장: 1-exchange repair 재실행 경로가 빌드에 따라 갈림(FMA 허용 -march=native 빌드는 zero s=3 아카이브 값 68.084873을 정확히 재현). 아카이브 할당 12개는 현재 모델에서 모두 원고 값으로 검증됨. s=1 zero V_round 차이는 조건수 약 4e11 연속해의 반올림 민감도(V_UB 무관),"원고 값 유지 가능(할당 파일로 검증됨). 수정본: incumbent 할당 파일을 공개하고, 휴리스틱 재실행 값이 빌드에 따라 상대 1e-5 수준으로 달라질 수 있음을 명시"
1.7,Table 7,Zero s=3,V_dual,원고,,68.036,68.03601954546517,68.036,,,ok,,,
1.7,Table 7,Zero s=3,Abs. gap,원고,,0.049,0.050575753009368896,0.051,,,warn,repair 휴리스틱 재실행의 빌드 의존 경로 차이; 아카이브 할당은 현재 모델에서 원고 값으로 검증됨,s=3 세 초기장: 1-exchange repair 재실행 경로가 빌드에 따라 갈림(FMA 허용 -march=native 빌드는 zero s=3 아카이브 값 68.084873을 정확히 재현). 아카이브 할당 12개는 현재 모델에서 모두 원고 값으로 검증됨. s=1 zero V_round 차이는 조건수 약 4e11 연속해의 반올림 민감도(V_UB 무관),"원고 값 유지 가능(할당 파일로 검증됨). 수정본: incumbent 할당 파일을 공개하고, 휴리스틱 재실행 값이 빌드에 따라 상대 1e-5 수준으로 달라질 수 있음을 명시"
1.7,Table 7,Random s=1,V_UB,원고,,41.945,41.94505710026743,41.945,,,ok,,,
1.7,Table 7,Random s=1,V_dual,원고,,41.690,41.68972895264288,41.690,,,ok,,,
1.7,Table 7,Random s=1,Abs. gap,원고,,0.255,0.2553281476245459,0.255,,,ok,,,
1.7,Table 7,Random s=2,V_UB,원고,,102.934,102.93372028976046,102.934,,,ok,,,
1.7,Table 7,Random s=2,V_dual,원고,,102.772,102.77212541173198,102.772,,,ok,,,
1.7,Table 7,Random s=2,Abs. gap,원고,,0.162,0.16159487802848105,0.162,,,ok,,,
1.7,Table 7,Random s=3,V_UB,원고,,118.150,118.14992729300957,118.150,,,ok,,,
1.7,Table 7,Random s=3,V_dual,원고,,118.080,118.07989432803879,118.080,,,ok,,,
1.7,Table 7,Random s=3,Abs. gap,원고,,0.070,0.07003296497077827,0.070,,,ok,,,
1.7,Table 7,Center-30 s=1,V_UB,원고,,1.318,1.3180092470574272,1.318,,,ok,,,
1.7,Table 7,Center-30 s=1,V_dual,원고,,0.871,0.8711161704380549,0.871,,,ok,,,
1.7,Table 7,Center-30 s=1,Abs. gap,원고,,0.447,0.4468930766193723,0.447,,,ok,,,
1.7,Table 7,Center-30 s=2,V_UB,원고,,55.865,55.864830438884965,55.865,,,ok,,,
1.7,Table 7,Center-30 s=2,V_dual,원고,,55.664,55.66437664832962,55.664,,,ok,,,
1.7,Table 7,Center-30 s=2,Abs. gap,원고,,0.200,0.2004537905553434,0.200,,,ok,,,
1.7,Table 7,Center-30 s=3,V_UB,원고,,68.801,68.7970398383997,68.797,,,warn,repair 휴리스틱 재실행의 빌드 의존 경로 차이; 아카이브 할당은 현재 모델에서 원고 값으로 검증됨,s=3 세 초기장: 1-exchange repair 재실행 경로가 빌드에 따라 갈림(FMA 허용 -march=native 빌드는 zero s=3 아카이브 값 68.084873을 정확히 재현). 아카이브 할당 12개는 현재 모델에서 모두 원고 값으로 검증됨. s=1 zero V_round 차이는 조건수 약 4e11 연속해의 반올림 민감도(V_UB 무관),"원고 값 유지 가능(할당 파일로 검증됨). 수정본: incumbent 할당 파일을 공개하고, 휴리스틱 재실행 값이 빌드에 따라 상대 1e-5 수준으로 달라질 수 있음을 명시"
1.7,Table 7,Center-30 s=3,V_dual,원고,,68.743,68.74250903783104,68.743,,,ok,,,
1.7,Table 7,Center-30 s=3,Abs. gap,원고,,0.058,0.054530800568656446,0.055,,,warn,repair 휴리스틱 재실행의 빌드 의존 경로 차이; 아카이브 할당은 현재 모델에서 원고 값으로 검증됨,s=3 세 초기장: 1-exchange repair 재실행 경로가 빌드에 따라 갈림(FMA 허용 -march=native 빌드는 zero s=3 아카이브 값 68.084873을 정확히 재현). 아카이브 할당 12개는 현재 모델에서 모두 원고 값으로 검증됨. s=1 zero V_round 차이는 조건수 약 4e11 연속해의 반올림 민감도(V_UB 무관),"원고 값 유지 가능(할당 파일로 검증됨). 수정본: incumbent 할당 파일을 공개하고, 휴리스틱 재실행 값이 빌드에 따라 상대 1e-5 수준으로 달라질 수 있음을 명시"
1.7,Table 7,Center-100 s=1,V_UB,원고,,35.569,35.56925853889358,35.569,,,ok,,,
1.7,Table 7,Center-100 s=1,V_dual,원고,,35.329,35.32931034914924,35.329,,,ok,,,
1.7,Table 7,Center-100 s=1,Abs. gap,원고,,0.240,0.2399481897443394,0.240,,,ok,,,
1.7,Table 7,Center-100 s=2,V_UB,원고,,93.781,93.78075563984258,93.781,,,ok,,,
1.7,Table 7,Center-100 s=2,V_dual,원고,,93.592,93.59201013387637,93.592,,,ok,,,
1.7,Table 7,Center-100 s=2,Abs. gap,원고,,0.189,0.1887455059662102,0.189,,,ok,,,
1.7,Table 7,Center-100 s=3,V_UB,원고,,120.053,120.05265427255912,120.053,,,ok,,,
1.7,Table 7,Center-100 s=3,V_dual,원고,,119.988,119.98748391025566,119.987,,,warn,,"원고 표기 오류: 하한 119.98748391(아카이브·재현 동일, →119.987)을 119.988로 표기. 이중 반올림 추정",원고 수정 필요: Table 7 Center-100 s=3 V_dual 119.988 → 119.987
1.7,Table 7,Center-100 s=3,Abs. gap,원고,,0.066,0.06517036230346207,0.065,,,warn,repair 휴리스틱 재실행의 빌드 의존 경로 차이; 아카이브 할당은 현재 모델에서 원고 값으로 검증됨,s=3 세 초기장: 1-exchange repair 재실행 경로가 빌드에 따라 갈림(FMA 허용 -march=native 빌드는 zero s=3 아카이브 값 68.084873을 정확히 재현). 아카이브 할당 12개는 현재 모델에서 모두 원고 값으로 검증됨. s=1 zero V_round 차이는 조건수 약 4e11 연속해의 반올림 민감도(V_UB 무관),"원고 값 유지 가능(할당 파일로 검증됨). 수정본: incumbent 할당 파일을 공개하고, 휴리스틱 재실행 값이 빌드에 따라 상대 1e-5 수준으로 달라질 수 있음을 명시"
1.8,Table S4 (CSV),"instance=center100, kernel=isotropic-11",sigma_x,아카이브,1.75,,1.75,,0.0,0.0,ok,,,
1.8,Table S4 (CSV),"instance=center100, kernel=isotropic-11",sigma_y,아카이브,1.75,,1.75,,0.0,0.0,ok,,,
1.8,Table S4 (CSV),"instance=center100, kernel=isotropic-11",kernel_size,아카이브,11.0,,11.0,,0.0,0.0,ok,,,
1.8,Table S4 (CSV),"instance=center100, kernel=isotropic-11",stamp_mass,아카이브,19.186708716647484,,19.186708716647484,,0.0,0.0,ok,,,
1.8,Table S4 (CSV),"instance=center100, kernel=isotropic-11",raw_stamp_mass,아카이브,19.186708716647484,,19.186708716647484,,0.0,0.0,ok,,,
1.8,Table S4 (CSV),"instance=center100, kernel=isotropic-11",mass_normalized,아카이브,False,,False,,,,ok,,,
1.8,Table S4 (CSV),"instance=center100, kernel=isotropic-11",budget,아카이브,24725.0,,24725.0,,0.0,0.0,ok,,,
1.8,Table S4 (CSV),"instance=center100, kernel=isotropic-11",mean,아카이브,199.996549,,199.9965492076427,,2.0764269947903813e-07,1.0382314120782062e-09,ok,,,
1.8,Table S4 (CSV),"instance=center100, kernel=isotropic-11",var_repair,아카이브,47.769819,,47.769818750477704,,2.495222943821318e-07,5.223429763929644e-09,ok,,,
1.8,Table S4 (CSV),"instance=center100, kernel=isotropic-11",var_round,아카이브,47.699708782640975,,47.699708782640975,,0.0,0.0,ok,,,
1.8,Table S4 (CSV),"instance=center100, kernel=isotropic-11",var_upper,아카이브,47.699708782640975,,47.699708782640975,,0.0,0.0,ok,,,
1.8,Table S4 (CSV),"instance=center100, kernel=isotropic-11",var_lower,아카이브,47.426688743396376,,47.42668874328848,,1.0789591442517121e-10,2.2750041650376547e-12,ok,,,
1.8,Table S4 (CSV),"instance=center100, kernel=isotropic-11",abs_gap,아카이브,0.2730200392445994,,0.2730200393524953,,1.0789591442517121e-10,3.951941210018909e-10,ok,,,
1.8,Table S4 (CSV),"instance=center100, kernel=isotropic-11",gap_pct,아카이브,0.5723725494608422,,0.5723725496870404,,2.261982823270614e-10,3.9519414853163983e-10,ok,,,
1.8,Table S4 (CSV),"instance=center100, kernel=isotropic-11",status,아카이브,solved,,solved,,,,ok,,,
1.8,Table S4 (CSV),"instance=center100, kernel=isotropic-7",sigma_x,아카이브,1.75,,1.75,,0.0,0.0,ok,,,
1.8,Table S4 (CSV),"instance=center100, kernel=isotropic-7",sigma_y,아카이브,1.75,,1.75,,0.0,0.0,ok,,,
1.8,Table S4 (CSV),"instance=center100, kernel=isotropic-7",kernel_size,아카이브,7.0,,7.0,,0.0,0.0,ok,,,
1.8,Table S4 (CSV),"instance=center100, kernel=isotropic-7",stamp_mass,아카이브,17.638021630064326,,17.638021630064326,,0.0,0.0,ok,,,
1.8,Table S4 (CSV),"instance=center100, kernel=isotropic-7",raw_stamp_mass,아카이브,17.638021630064326,,17.638021630064326,,0.0,0.0,ok,,,
1.8,Table S4 (CSV),"instance=center100, kernel=isotropic-7",mass_normalized,아카이브,False,,False,,,,ok,,,
1.8,Table S4 (CSV),"instance=center100, kernel=isotropic-7",budget,아카이브,26896.0,,26896.0,,0.0,0.0,ok,,,
1.8,Table S4 (CSV),"instance=center100, kernel=isotropic-7",mean,아카이브,199.996892,,199.9968919048838,,9.511620646662777e-08,4.755884229772319e-10,ok,,,
1.8,Table S4 (CSV),"instance=center100, kernel=isotropic-7",var_repair,아카이브,94.261981,,94.26198071839252,,2.8160748399841395e-07,2.987498045457096e-09,ok,,,
1.8,Table S4 (CSV),"instance=center100, kernel=isotropic-7",var_round,아카이브,93.78075563984257,,93.78075563984258,,1.4210854715202004e-14,1.515327384413242e-16,ok,,,
1.8,Table S4 (CSV),"instance=center100, kernel=isotropic-7",var_upper,아카이브,93.78075563984257,,93.78075563984258,,1.4210854715202004e-14,1.515327384413242e-16,ok,,,
1.8,Table S4 (CSV),"instance=center100, kernel=isotropic-7",var_lower,아카이브,93.59201013387307,,93.59201013387637,,3.296918293926865e-12,3.522649304370091e-14,ok,,,
1.8,Table S4 (CSV),"instance=center100, kernel=isotropic-7",abs_gap,아카이브,0.1887455059694929,,0.1887455059662102,,3.282707439211663e-12,1.7392241591925634e-11,ok,,,
1.8,Table S4 (CSV),"instance=center100, kernel=isotropic-7",gap_pct,아카이브,0.20126251348875332,,0.20126251348525284,,3.5004776854918873e-12,1.7392596489099776e-11,ok,,,
1.8,Table S4 (CSV),"instance=center100, kernel=isotropic-7",status,아카이브,solved,,solved,,,,ok,,,
1.8,Table S4 (CSV),"instance=center100, kernel=x-long-11-raw",sigma_x,아카이브,2.5,,2.5,,0.0,0.0,ok,,,
1.8,Table S4 (CSV),"instance=center100, kernel=x-long-11-raw",sigma_y,아카이브,1.225,,1.225,,0.0,0.0,ok,,,
1.8,Table S4 (CSV),"instance=center100, kernel=x-long-11-raw",kernel_size,아카이브,11.0,,11.0,,0.0,0.0,ok,,,
1.8,Table S4 (CSV),"instance=center100, kernel=x-long-11-raw",stamp_mass,아카이브,18.726958679520386,,18.726958679520386,,0.0,0.0,ok,,,
1.8,Table S4 (CSV),"instance=center100, kernel=x-long-11-raw",raw_stamp_mass,아카이브,18.726958679520386,,18.726958679520386,,0.0,0.0,ok,,,
1.8,Table S4 (CSV),"instance=center100, kernel=x-long-11-raw",mass_normalized,아카이브,False,,False,,,,ok,,,
1.8,Table S4 (CSV),"instance=center100, kernel=x-long-11-raw",budget,아카이브,25332.0,,25332.0,,0.0,0.0,ok,,,
1.8,Table S4 (CSV),"instance=center100, kernel=x-long-11-raw",mean,아카이브,199.996527,,199.99652690784416,,9.215582963406632e-08,4.6078714973918684e-10,ok,,,
1.8,Table S4 (CSV),"instance=center100, kernel=x-long-11-raw",var_repair,아카이브,78.889876,,78.88987626052874,,2.6052873636217555e-07,3.3024356174951465e-09,ok,,,
1.8,Table S4 (CSV),"instance=center100, kernel=x-long-11-raw",var_round,아카이브,78.8239349902728,,78.8239349902728,,0.0,0.0,ok,,,
1.8,Table S4 (CSV),"instance=center100, kernel=x-long-11-raw",var_upper,아카이브,78.8239349902728,,78.8239349902728,,0.0,0.0,ok,,,
1.8,Table S4 (CSV),"instance=center100, kernel=x-long-11-raw",var_lower,아카이브,78.57073180501175,,78.57073180497537,,3.637978807091713e-11,4.630195905671403e-13,ok,,,
1.8,Table S4 (CSV),"instance=center100, kernel=x-long-11-raw",abs_gap,아카이브,0.25320318526105723,,0.253203185297437,,3.637978807091713e-11,1.4367824019831697e-10,ok,,,
1.8,Table S4 (CSV),"instance=center100, kernel=x-long-11-raw",gap_pct,아카이브,0.321226268762532,,0.3212262688086852,,4.6153192378994845e-11,1.4367813864286984e-10,ok,,,
1.8,Table S4 (CSV),"instance=center100, kernel=x-long-11-raw",status,아카이브,solved,,solved,,,,ok,,,
1.8,Table S4 (CSV),"instance=center100, kernel=x-long-7-norm",sigma_x,아카이브,2.5,,2.5,,0.0,0.0,ok,,,
1.8,Table S4 (CSV),"instance=center100, kernel=x-long-7-norm",sigma_y,아카이브,1.225,,1.225,,0.0,0.0,ok,,,
1.8,Table S4 (CSV),"instance=center100, kernel=x-long-7-norm",kernel_size,아카이브,7.0,,7.0,,0.0,0.0,ok,,,
1.8,Table S4 (CSV),"instance=center100, kernel=x-long-7-norm",stamp_mass,아카이브,17.638021630064326,,17.638021630064326,,0.0,0.0,ok,,,
1.8,Table S4 (CSV),"instance=center100, kernel=x-long-7-norm",raw_stamp_mass,아카이브,16.134786346163114,,16.134786346163114,,0.0,0.0,ok,,,
1.8,Table S4 (CSV),"instance=center100, kernel=x-long-7-norm",mass_normalized,아카이브,True,,True,,,,ok,,,
1.8,Table S4 (CSV),"instance=center100, kernel=x-long-7-norm",budget,아카이브,26896.0,,26896.0,,0.0,0.0,ok,,,
1.8,Table S4 (CSV),"instance=center100, kernel=x-long-7-norm",mean,아카이브,199.996892,,199.99689190488425,,9.511575171927689e-08,4.75586149205143e-10,ok,,,
1.8,Table S4 (CSV),"instance=center100, kernel=x-long-7-norm",var_repair,아카이브,219.2363,,219.23630004381351,,4.381351459414873e-08,1.9984607747051345e-10,ok,,,
1.8,Table S4 (CSV),"instance=center100, kernel=x-long-7-norm",var_round,아카이브,219.4211191794536,,219.4211191794536,,0.0,0.0,ok,,,
1.8,Table S4 (CSV),"instance=center100, kernel=x-long-7-norm",var_upper,아카이브,219.2363,,219.23630004381351,,4.381351459414873e-08,1.9984607747051345e-10,ok,,,
1.8,Table S4 (CSV),"instance=center100, kernel=x-long-7-norm",var_lower,아카이브,219.10452369578707,,219.10452369588165,,9.458744898438454e-11,4.3170011914365263e-13,ok,,,
1.8,Table S4 (CSV),"instance=center100, kernel=x-long-7-norm",abs_gap,아카이브,0.1317763042129343,,0.13177634793186144,,4.3718927145164344e-08,3.317662261533753e-07,ok,,,
1.8,Table S4 (CSV),"instance=center100, kernel=x-long-7-norm",gap_pct,아카이브,0.06010697325804818,,0.060106993187499715,,1.9929451533506892e-08,3.315663799597227e-07,ok,,,
1.8,Table S4 (CSV),"instance=center100, kernel=x-long-7-norm",status,아카이브,solved,,solved,,,,ok,,,
1.8,Table S4 (CSV),"instance=center100, kernel=x-long-7-raw",sigma_x,아카이브,2.5,,2.5,,0.0,0.0,ok,,,
1.8,Table S4 (CSV),"instance=center100, kernel=x-long-7-raw",sigma_y,아카이브,1.225,,1.225,,0.0,0.0,ok,,,
1.8,Table S4 (CSV),"instance=center100, kernel=x-long-7-raw",kernel_size,아카이브,7.0,,7.0,,0.0,0.0,ok,,,
1.8,Table S4 (CSV),"instance=center100, kernel=x-long-7-raw",stamp_mass,아카이브,16.134786346163114,,16.134786346163114,,0.0,0.0,ok,,,
1.8,Table S4 (CSV),"instance=center100, kernel=x-long-7-raw",raw_stamp_mass,아카이브,16.134786346163114,,16.134786346163114,,0.0,0.0,ok,,,
1.8,Table S4 (CSV),"instance=center100, kernel=x-long-7-raw",mass_normalized,아카이브,False,,False,,,,ok,,,
1.8,Table S4 (CSV),"instance=center100, kernel=x-long-7-raw",budget,아카이브,29402.0,,29402.0,,0.0,0.0,ok,,,
1.8,Table S4 (CSV),"instance=center100, kernel=x-long-7-raw",mean,아카이브,199.997995,,199.99799525995465,,2.599546462533908e-07,1.2997862616242268e-09,ok,,,
1.8,Table S4 (CSV),"instance=center100, kernel=x-long-7-raw",var_repair,아카이브,219.191763,,219.19176301722396,,1.7223953818756854e-08,7.857938447603459e-11,ok,,,
1.8,Table S4 (CSV),"instance=center100, kernel=x-long-7-raw",var_round,아카이브,219.3248036282647,,219.3248036282647,,0.0,0.0,ok,,,
1.8,Table S4 (CSV),"instance=center100, kernel=x-long-7-raw",var_upper,아카이브,219.191763,,219.19176301722396,,1.7223953818756854e-08,7.857938447603459e-11,ok,,,
1.8,Table S4 (CSV),"instance=center100, kernel=x-long-7-raw",var_lower,아카이브,219.0950419079433,,219.09504190786492,,7.838707460905425e-11,3.577765791796876e-13,ok,,,
1.8,Table S4 (CSV),"instance=center100, kernel=x-long-7-raw",abs_gap,아카이브,0.09672109205669699,,0.09672110935903788,,1.730234089336591e-08,1.7888901505809548e-07,ok,,,
1.8,Table S4 (CSV),"instance=center100, kernel=x-long-7-raw",gap_pct,아카이브,0.04412624394863642,,0.044126251838869326,,7.890232904539385e-09,1.788104356610032e-07,ok,,,
1.8,Table S4 (CSV),"instance=center100, kernel=x-long-7-raw",status,아카이브,solved,,solved,,,,ok,,,
1.8,Table S4 (CSV),"instance=center100, kernel=y-long-11-raw",sigma_x,아카이브,1.225,,1.225,,0.0,0.0,ok,,,
1.8,Table S4 (CSV),"instance=center100, kernel=y-long-11-raw",sigma_y,아카이브,2.5,,2.5,,0.0,0.0,ok,,,
1.8,Table S4 (CSV),"instance=center100, kernel=y-long-11-raw",kernel_size,아카이브,11.0,,11.0,,0.0,0.0,ok,,,
1.8,Table S4 (CSV),"instance=center100, kernel=y-long-11-raw",stamp_mass,아카이브,18.726958679520383,,18.726958679520383,,0.0,0.0,ok,,,
1.8,Table S4 (CSV),"instance=center100, kernel=y-long-11-raw",raw_stamp_mass,아카이브,18.726958679520383,,18.726958679520383,,0.0,0.0,ok,,,
1.8,Table S4 (CSV),"instance=center100, kernel=y-long-11-raw",mass_normalized,아카이브,False,,False,,,,ok,,,
1.8,Table S4 (CSV),"instance=center100, kernel=y-long-11-raw",budget,아카이브,25332.0,,25332.0,,0.0,0.0,ok,,,
1.8,Table S4 (CSV),"instance=center100, kernel=y-long-11-raw",mean,아카이브,199.996527,,199.9965269078441,,9.215588647748518e-08,4.607874339612167e-10,ok,,,
1.8,Table S4 (CSV),"instance=center100, kernel=y-long-11-raw",var_repair,아카이브,78.889876,,78.88987626052864,,2.6052863688619254e-07,3.3024343565477598e-09,ok,,,
1.8,Table S4 (CSV),"instance=center100, kernel=y-long-11-raw",var_round,아카이브,78.8239349902728,,78.8239349902728,,0.0,0.0,ok,,,
1.8,Table S4 (CSV),"instance=center100, kernel=y-long-11-raw",var_upper,아카이브,78.8239349902728,,78.8239349902728,,0.0,0.0,ok,,,
1.8,Table S4 (CSV),"instance=center100, kernel=y-long-11-raw",var_lower,아카이브,78.57073180490261,,78.5707318049972,,9.458744898438454e-11,1.203850935476237e-12,ok,,,
1.8,Table S4 (CSV),"instance=center100, kernel=y-long-11-raw",abs_gap,아카이브,0.2532031853701966,,0.25320318527560914,,9.458744898438454e-11,3.735634243546053e-10,ok,,,
1.8,Table S4 (CSV),"instance=center100, kernel=y-long-11-raw",gap_pct,아카이브,0.3212262689009917,,0.3212262687809933,,1.1999840010545881e-10,3.7356347136866535e-10,ok,,,
1.8,Table S4 (CSV),"instance=center100, kernel=y-long-11-raw",status,아카이브,solved,,solved,,,,ok,,,
1.8,Table S4 (CSV),"instance=center100, kernel=y-long-7-norm",sigma_x,아카이브,1.225,,1.225,,0.0,0.0,ok,,,
1.8,Table S4 (CSV),"instance=center100, kernel=y-long-7-norm",sigma_y,아카이브,2.5,,2.5,,0.0,0.0,ok,,,
1.8,Table S4 (CSV),"instance=center100, kernel=y-long-7-norm",kernel_size,아카이브,7.0,,7.0,,0.0,0.0,ok,,,
1.8,Table S4 (CSV),"instance=center100, kernel=y-long-7-norm",stamp_mass,아카이브,17.638021630064326,,17.638021630064326,,0.0,0.0,ok,,,
1.8,Table S4 (CSV),"instance=center100, kernel=y-long-7-norm",raw_stamp_mass,아카이브,16.134786346163114,,16.134786346163114,,0.0,0.0,ok,,,
1.8,Table S4 (CSV),"instance=center100, kernel=y-long-7-norm",mass_normalized,아카이브,True,,True,,,,ok,,,
1.8,Table S4 (CSV),"instance=center100, kernel=y-long-7-norm",budget,아카이브,26896.0,,26896.0,,0.0,0.0,ok,,,
1.8,Table S4 (CSV),"instance=center100, kernel=y-long-7-norm",mean,아카이브,199.996892,,199.99689190488397,,9.511603593637119e-08,4.755875703126986e-10,ok,,,
1.8,Table S4 (CSV),"instance=center100, kernel=y-long-7-norm",var_repair,아카이브,219.238114,,219.2381136219814,,3.7801859775754565e-07,1.724237591998012e-09,ok,,,
1.8,Table S4 (CSV),"instance=center100, kernel=y-long-7-norm",var_round,아카이브,219.4211191794536,,219.4211191794536,,0.0,0.0,ok,,,
1.8,Table S4 (CSV),"instance=center100, kernel=y-long-7-norm",var_upper,아카이브,219.238114,,219.2381136219814,,3.7801859775754565e-07,1.724237591998012e-09,ok,,,
1.8,Table S4 (CSV),"instance=center100, kernel=y-long-7-norm",var_lower,아카이브,219.10452369578707,,219.10452369583072,,4.3655745685100555e-11,1.9924620883553197e-13,ok,,,
1.8,Table S4 (CSV),"instance=center100, kernel=y-long-7-norm",abs_gap,아카이브,0.13359030421293028,,0.13358992615067677,,3.7806225350323075e-07,2.8300126699362506e-06,ok,아카이브가 repair 분산을 6자리로 저장 → 파생값에 전파 (상대차 ≤2e-5),,
1.8,Table S4 (CSV),"instance=center100, kernel=y-long-7-norm",gap_pct,아카이브,0.060933886802606904,,0.06093371446399943,,1.7233860747506435e-07,2.8282884371605733e-06,ok,아카이브가 repair 분산을 6자리로 저장 → 파생값에 전파 (상대차 ≤2e-5),,
1.8,Table S4 (CSV),"instance=center100, kernel=y-long-7-norm",status,아카이브,solved,,solved,,,,ok,,,
1.8,Table S4 (CSV),"instance=center100, kernel=y-long-7-raw",sigma_x,아카이브,1.225,,1.225,,0.0,0.0,ok,,,
1.8,Table S4 (CSV),"instance=center100, kernel=y-long-7-raw",sigma_y,아카이브,2.5,,2.5,,0.0,0.0,ok,,,
1.8,Table S4 (CSV),"instance=center100, kernel=y-long-7-raw",kernel_size,아카이브,7.0,,7.0,,0.0,0.0,ok,,,
1.8,Table S4 (CSV),"instance=center100, kernel=y-long-7-raw",stamp_mass,아카이브,16.134786346163114,,16.134786346163114,,0.0,0.0,ok,,,
1.8,Table S4 (CSV),"instance=center100, kernel=y-long-7-raw",raw_stamp_mass,아카이브,16.134786346163114,,16.134786346163114,,0.0,0.0,ok,,,
1.8,Table S4 (CSV),"instance=center100, kernel=y-long-7-raw",mass_normalized,아카이브,False,,False,,,,ok,,,
1.8,Table S4 (CSV),"instance=center100, kernel=y-long-7-raw",budget,아카이브,29402.0,,29402.0,,0.0,0.0,ok,,,
1.8,Table S4 (CSV),"instance=center100, kernel=y-long-7-raw",mean,아카이브,199.997995,,199.9979952599551,,2.599551010007417e-07,1.2997885353837757e-09,ok,,,
1.8,Table S4 (CSV),"instance=center100, kernel=y-long-7-raw",var_repair,아카이브,219.208939,,219.20893929205192,,2.9205193641246296e-07,1.3322993931942847e-09,ok,,,
1.8,Table S4 (CSV),"instance=center100, kernel=y-long-7-raw",var_round,아카이브,219.32480362826465,,219.32480362826465,,0.0,0.0,ok,,,
1.8,Table S4 (CSV),"instance=center100, kernel=y-long-7-raw",var_upper,아카이브,219.208939,,219.20893929205192,,2.9205193641246296e-07,1.3322993931942847e-09,ok,,,
1.8,Table S4 (CSV),"instance=center100, kernel=y-long-7-raw",var_lower,아카이브,219.09504190793928,,219.09504190786203,,7.725020623183809e-11,3.5258765127280955e-13,ok,,,
1.8,Table S4 (CSV),"instance=center100, kernel=y-long-7-raw",abs_gap,아카이브,0.11389709206071075,,0.11389738418989737,,2.921291866186948e-07,2.5648520197774737e-06,ok,아카이브가 repair 분산을 6자리로 저장 → 파생값에 전파 (상대차 ≤2e-5),,
1.8,Table S4 (CSV),"instance=center100, kernel=y-long-7-raw",gap_pct,아카이브,0.05195823335503246,,0.05195836655098812,,1.331959556608031e-07,2.563519716897809e-06,ok,아카이브가 repair 분산을 6자리로 저장 → 파생값에 전파 (상대차 ≤2e-5),,
1.8,Table S4 (CSV),"instance=center100, kernel=y-long-7-raw",status,아카이브,solved,,solved,,,,ok,,,
1.8,Table S4 (CSV),"instance=center30, kernel=isotropic-11",sigma_x,아카이브,1.75,,1.75,,0.0,0.0,ok,,,
1.8,Table S4 (CSV),"instance=center30, kernel=isotropic-11",sigma_y,아카이브,1.75,,1.75,,0.0,0.0,ok,,,
1.8,Table S4 (CSV),"instance=center30, kernel=isotropic-11",kernel_size,아카이브,11.0,,11.0,,0.0,0.0,ok,,,
1.8,Table S4 (CSV),"instance=center30, kernel=isotropic-11",stamp_mass,아카이브,19.186708716647484,,19.186708716647484,,0.0,0.0,ok,,,
1.8,Table S4 (CSV),"instance=center30, kernel=isotropic-11",raw_stamp_mass,아카이브,19.186708716647484,,19.186708716647484,,0.0,0.0,ok,,,
1.8,Table S4 (CSV),"instance=center30, kernel=isotropic-11",mass_normalized,아카이브,False,,False,,,,ok,,,
1.8,Table S4 (CSV),"instance=center30, kernel=isotropic-11",budget,아카이브,25659.0,,25659.0,,0.0,0.0,ok,,,
1.8,Table S4 (CSV),"instance=center30, kernel=isotropic-11",mean,아카이브,199.996704,,199.99670358418297,,4.1581702703297196e-07,2.0791193990525564e-09,ok,,,
1.8,Table S4 (CSV),"instance=center30, kernel=isotropic-11",var_repair,아카이브,4.800438,,4.800438358917924,,3.5891792382614085e-07,7.476774490705658e-08,ok,,,
1.8,Table S4 (CSV),"instance=center30, kernel=isotropic-11",var_round,아카이브,4.956303491629261,,4.956303491629261,,0.0,0.0,ok,,,
1.8,Table S4 (CSV),"instance=center30, kernel=isotropic-11",var_upper,아카이브,4.800438,,4.800438358917924,,3.5891792382614085e-07,7.476774490705658e-08,ok,,,
1.8,Table S4 (CSV),"instance=center30, kernel=isotropic-11",var_lower,아카이브,4.721974950027871,,4.7219749500524095,,2.453859337947506e-11,5.196680126253153e-12,ok,,,
1.8,Table S4 (CSV),"instance=center30, kernel=isotropic-11",abs_gap,아카이브,0.07846304997212883,,0.07846340886551406,,3.588933852327614e-07,4.5740432644441595e-06,ok,아카이브가 repair 분산을 6자리로 저장 → 파생값에 전파 (상대차 ≤2e-5),,
1.8,Table S4 (CSV),"instance=center30, kernel=isotropic-11",gap_pct,아카이브,1.6344977265018072,,1.634505080556865,,7.354055057806619e-06,4.49927518317566e-06,ok,아카이브가 repair 분산을 6자리로 저장 → 파생값에 전파 (상대차 ≤2e-5),,
1.8,Table S4 (CSV),"instance=center30, kernel=isotropic-11",status,아카이브,solved,,solved,,,,ok,,,
1.8,Table S4 (CSV),"instance=center30, kernel=isotropic-7",sigma_x,아카이브,1.75,,1.75,,0.0,0.0,ok,,,
1.8,Table S4 (CSV),"instance=center30, kernel=isotropic-7",sigma_y,아카이브,1.75,,1.75,,0.0,0.0,ok,,,
1.8,Table S4 (CSV),"instance=center30, kernel=isotropic-7",kernel_size,아카이브,7.0,,7.0,,0.0,0.0,ok,,,
1.8,Table S4 (CSV),"instance=center30, kernel=isotropic-7",stamp_mass,아카이브,17.638021630064326,,17.638021630064326,,0.0,0.0,ok,,,
1.8,Table S4 (CSV),"instance=center30, kernel=isotropic-7",raw_stamp_mass,아카이브,17.638021630064326,,17.638021630064326,,0.0,0.0,ok,,,
1.8,Table S4 (CSV),"instance=center30, kernel=isotropic-7",mass_normalized,아카이브,False,,False,,,,ok,,,
1.8,Table S4 (CSV),"instance=center30, kernel=isotropic-7",budget,아카이브,27912.0,,27912.0,,0.0,0.0,ok,,,
1.8,Table S4 (CSV),"instance=center30, kernel=isotropic-7",mean,아카이브,199.996984,,199.996983895342,,1.0465799960002187e-07,5.232978893322804e-10,ok,,,
1.8,Table S4 (CSV),"instance=center30, kernel=isotropic-7",var_repair,아카이브,55.86483,,55.864830438884965,,4.388849674796802e-07,7.856194451494442e-09,ok,,,
1.8,Table S4 (CSV),"instance=center30, kernel=isotropic-7",var_round,아카이브,55.9181665415562,,55.9181665415562,,0.0,0.0,ok,,,
1.8,Table S4 (CSV),"instance=center30, kernel=isotropic-7",var_upper,아카이브,55.86483,,55.864830438884965,,4.388849674796802e-07,7.856194451494442e-09,ok,,,
1.8,Table S4 (CSV),"instance=center30, kernel=isotropic-7",var_lower,아카이브,55.66437664832658,,55.66437664832962,,3.0411229090532288e-12,5.463319796548289e-14,ok,,,
1.8,Table S4 (CSV),"instance=center30, kernel=isotropic-7",abs_gap,아카이브,0.20045335167341705,,0.2004537905553434,,4.3888192635677115e-07,2.1894466851909123e-06,ok,아카이브가 repair 분산을 6자리로 저장 → 파생값에 전파 (상대차 ≤2e-5),,
1.8,Table S4 (CSV),"instance=center30, kernel=isotropic-7",gap_pct,아카이브,0.3588185118855943,,0.3588192946806416,,7.827950472827361e-07,2.1815904736050027e-06,ok,아카이브가 repair 분산을 6자리로 저장 → 파생값에 전파 (상대차 ≤2e-5),,
1.8,Table S4 (CSV),"instance=center30, kernel=isotropic-7",status,아카이브,solved,,solved,,,,ok,,,
1.8,Table S4 (CSV),"instance=center30, kernel=x-long-11-raw",sigma_x,아카이브,2.5,,2.5,,0.0,0.0,ok,,,
1.8,Table S4 (CSV),"instance=center30, kernel=x-long-11-raw",sigma_y,아카이브,1.225,,1.225,,0.0,0.0,ok,,,
1.8,Table S4 (CSV),"instance=center30, kernel=x-long-11-raw",kernel_size,아카이브,11.0,,11.0,,0.0,0.0,ok,,,
1.8,Table S4 (CSV),"instance=center30, kernel=x-long-11-raw",stamp_mass,아카이브,18.726958679520386,,18.726958679520386,,0.0,0.0,ok,,,
1.8,Table S4 (CSV),"instance=center30, kernel=x-long-11-raw",raw_stamp_mass,아카이브,18.726958679520386,,18.726958679520386,,0.0,0.0,ok,,,
1.8,Table S4 (CSV),"instance=center30, kernel=x-long-11-raw",mass_normalized,아카이브,False,,False,,,,ok,,,
1.8,Table S4 (CSV),"instance=center30, kernel=x-long-11-raw",budget,아카이브,26289.0,,26289.0,,0.0,0.0,ok,,,
1.8,Table S4 (CSV),"instance=center30, kernel=x-long-11-raw",mean,아카이브,199.997207,,199.9972066903642,,3.09635794337737e-07,1.5482005923099567e-09,ok,,,
1.8,Table S4 (CSV),"instance=center30, kernel=x-long-11-raw",var_repair,아카이브,28.707127,,28.707127454087843,,4.540878428827e-07,1.5817948026728693e-08,ok,,,
1.8,Table S4 (CSV),"instance=center30, kernel=x-long-11-raw",var_round,아카이브,28.671701144356234,,28.671701144356234,,0.0,0.0,ok,,,
1.8,Table S4 (CSV),"instance=center30, kernel=x-long-11-raw",var_upper,아카이브,28.671701144356234,,28.671701144356234,,0.0,0.0,ok,,,
1.8,Table S4 (CSV),"instance=center30, kernel=x-long-11-raw",var_lower,아카이브,28.486394039255025,,28.486394039285827,,3.080202759520034e-11,1.0812891078019322e-12,ok,,,
1.8,Table S4 (CSV),"instance=center30, kernel=x-long-11-raw",abs_gap,아카이브,0.1853071051012094,,0.18530710507040737,,3.080202759520034e-11,1.6622151416362132e-10,ok,,,
1.8,Table S4 (CSV),"instance=center30, kernel=x-long-11-raw",gap_pct,아카이브,0.6463066288540937,,0.6463066287466637,,1.074300648440385e-10,1.6622151166005024e-10,ok,,,
1.8,Table S4 (CSV),"instance=center30, kernel=x-long-11-raw",status,아카이브,solved,,solved,,,,ok,,,
1.8,Table S4 (CSV),"instance=center30, kernel=x-long-7-norm",sigma_x,아카이브,2.5,,2.5,,0.0,0.0,ok,,,
1.8,Table S4 (CSV),"instance=center30, kernel=x-long-7-norm",sigma_y,아카이브,1.225,,1.225,,0.0,0.0,ok,,,
1.8,Table S4 (CSV),"instance=center30, kernel=x-long-7-norm",kernel_size,아카이브,7.0,,7.0,,0.0,0.0,ok,,,
1.8,Table S4 (CSV),"instance=center30, kernel=x-long-7-norm",stamp_mass,아카이브,17.638021630064326,,17.638021630064326,,0.0,0.0,ok,,,
1.8,Table S4 (CSV),"instance=center30, kernel=x-long-7-norm",raw_stamp_mass,아카이브,16.134786346163114,,16.134786346163114,,0.0,0.0,ok,,,
1.8,Table S4 (CSV),"instance=center30, kernel=x-long-7-norm",mass_normalized,아카이브,True,,True,,,,ok,,,
1.8,Table S4 (CSV),"instance=center30, kernel=x-long-7-norm",budget,아카이브,27912.0,,27912.0,,0.0,0.0,ok,,,
1.8,Table S4 (CSV),"instance=center30, kernel=x-long-7-norm",mean,아카이브,199.996984,,199.996983895342,,1.0465799960002187e-07,5.232978893322804e-10,ok,,,
1.8,Table S4 (CSV),"instance=center30, kernel=x-long-7-norm",var_repair,아카이브,186.999288,,186.99928810746772,,1.0746771295089275e-07,5.746958402905402e-10,ok,,,
1.8,Table S4 (CSV),"instance=center30, kernel=x-long-7-norm",var_round,아카이브,187.15238430737838,,187.15238430737838,,0.0,0.0,ok,,,
1.8,Table S4 (CSV),"instance=center30, kernel=x-long-7-norm",var_upper,아카이브,186.999288,,186.99928810746772,,1.0746771295089275e-07,5.746958402905402e-10,ok,,,
1.8,Table S4 (CSV),"instance=center30, kernel=x-long-7-norm",var_lower,아카이브,186.8936668172862,,186.8936668172862,,0.0,0.0,ok,,,
1.8,Table S4 (CSV),"instance=center30, kernel=x-long-7-norm",abs_gap,아카이브,0.10562118271380427,,0.10562129018151722,,1.0746771295089275e-07,1.0174825748930678e-06,ok,아카이브가 repair 분산을 6자리로 저장 → 파생값에 전파 (상대차 ≤2e-5),,
1.8,Table S4 (CSV),"instance=center30, kernel=x-long-7-norm",gap_pct,아카이브,0.056482130944693364,,0.05648218838181731,,5.743712394590261e-08,1.016907878389793e-06,ok,아카이브가 repair 분산을 6자리로 저장 → 파생값에 전파 (상대차 ≤2e-5),,
1.8,Table S4 (CSV),"instance=center30, kernel=x-long-7-norm",status,아카이브,solved,,solved,,,,ok,,,
1.8,Table S4 (CSV),"instance=center30, kernel=x-long-7-raw",sigma_x,아카이브,2.5,,2.5,,0.0,0.0,ok,,,
1.8,Table S4 (CSV),"instance=center30, kernel=x-long-7-raw",sigma_y,아카이브,1.225,,1.225,,0.0,0.0,ok,,,
1.8,Table S4 (CSV),"instance=center30, kernel=x-long-7-raw",kernel_size,아카이브,7.0,,7.0,,0.0,0.0,ok,,,
1.8,Table S4 (CSV),"instance=center30, kernel=x-long-7-raw",stamp_mass,아카이브,16.134786346163114,,16.134786346163114,,0.0,0.0,ok,,,
1.8,Table S4 (CSV),"instance=center30, kernel=x-long-7-raw",raw_stamp_mass,아카이브,16.134786346163114,,16.134786346163114,,0.0,0.0,ok,,,
1.8,Table S4 (CSV),"instance=center30, kernel=x-long-7-raw",mass_normalized,아카이브,False,,False,,,,ok,,,
1.8,Table S4 (CSV),"instance=center30, kernel=x-long-7-raw",budget,아카이브,30513.0,,30513.0,,0.0,0.0,ok,,,
1.8,Table S4 (CSV),"instance=center30, kernel=x-long-7-raw",mean,아카이브,200.000294,,200.00029431219014,,3.121901386293757e-07,1.5609483985527327e-09,ok,,,
1.8,Table S4 (CSV),"instance=center30, kernel=x-long-7-raw",var_repair,아카이브,186.980614,,186.98061407102603,,7.10260223968362e-08,3.7985768084404835e-10,ok,,,
1.8,Table S4 (CSV),"instance=center30, kernel=x-long-7-raw",var_round,아카이브,187.11243327585802,,187.11243327585802,,0.0,0.0,ok,,,
1.8,Table S4 (CSV),"instance=center30, kernel=x-long-7-raw",var_upper,아카이브,186.980614,,186.98061407102603,,7.10260223968362e-08,3.7985768084404835e-10,ok,,,
1.8,Table S4 (CSV),"instance=center30, kernel=x-long-7-raw",var_lower,아카이브,186.8998059145768,,186.89980591452996,,4.6838977141305804e-11,2.5061008978636243e-13,ok,,,
1.8,Table S4 (CSV),"instance=center30, kernel=x-long-7-raw",abs_gap,아카이브,0.08080808542320028,,0.08080815649606166,,7.10728613739775e-08,8.795266092713568e-07,ok,,,
1.8,Table S4 (CSV),"instance=center30, kernel=x-long-7-raw",gap_pct,아카이브,0.043217360182163204,,0.043217398176565,,3.7994401798358e-08,8.791467511715156e-07,ok,,,
1.8,Table S4 (CSV),"instance=center30, kernel=x-long-7-raw",status,아카이브,solved,,solved,,,,ok,,,
1.8,Table S4 (CSV),"instance=center30, kernel=y-long-11-raw",sigma_x,아카이브,1.225,,1.225,,0.0,0.0,ok,,,
1.8,Table S4 (CSV),"instance=center30, kernel=y-long-11-raw",sigma_y,아카이브,2.5,,2.5,,0.0,0.0,ok,,,
1.8,Table S4 (CSV),"instance=center30, kernel=y-long-11-raw",kernel_size,아카이브,11.0,,11.0,,0.0,0.0,ok,,,
1.8,Table S4 (CSV),"instance=center30, kernel=y-long-11-raw",stamp_mass,아카이브,18.726958679520383,,18.726958679520383,,0.0,0.0,ok,,,
1.8,Table S4 (CSV),"instance=center30, kernel=y-long-11-raw",raw_stamp_mass,아카이브,18.726958679520383,,18.726958679520383,,0.0,0.0,ok,,,
1.8,Table S4 (CSV),"instance=center30, kernel=y-long-11-raw",mass_normalized,아카이브,False,,False,,,,ok,,,
1.8,Table S4 (CSV),"instance=center30, kernel=y-long-11-raw",budget,아카이브,26289.0,,26289.0,,0.0,0.0,ok,,,
1.8,Table S4 (CSV),"instance=center30, kernel=y-long-11-raw",mean,아카이브,199.997207,,199.99720669036415,,3.096358511811559e-07,1.54820087653102e-09,ok,,,
1.8,Table S4 (CSV),"instance=center30, kernel=y-long-11-raw",var_repair,아카이브,28.707127,,28.707127454087825,,4.540878251191316e-07,1.581794740794269e-08,ok,,,
1.8,Table S4 (CSV),"instance=center30, kernel=y-long-11-raw",var_round,아카이브,28.671701144356234,,28.671701144356234,,0.0,0.0,ok,,,
1.8,Table S4 (CSV),"instance=center30, kernel=y-long-11-raw",var_upper,아카이브,28.671701144356234,,28.671701144356234,,0.0,0.0,ok,,,
1.8,Table S4 (CSV),"instance=center30, kernel=y-long-11-raw",var_lower,아카이브,28.48639403925135,,28.486394039300215,,4.886402393822209e-11,1.7153460655951201e-12,ok,,,
1.8,Table S4 (CSV),"instance=center30, kernel=y-long-11-raw",abs_gap,아카이브,0.1853071051048829,,0.18530710505601888,,4.886402393822209e-11,2.6369212292515873e-10,ok,,,
1.8,Table S4 (CSV),"instance=center30, kernel=y-long-11-raw",gap_pct,아카이브,0.646306628866906,,0.64630662869648,,1.7042600664041174e-10,2.6369218421788394e-10,ok,,,
1.8,Table S4 (CSV),"instance=center30, kernel=y-long-11-raw",status,아카이브,solved,,solved,,,,ok,,,
1.8,Table S4 (CSV),"instance=center30, kernel=y-long-7-norm",sigma_x,아카이브,1.225,,1.225,,0.0,0.0,ok,,,
1.8,Table S4 (CSV),"instance=center30, kernel=y-long-7-norm",sigma_y,아카이브,2.5,,2.5,,0.0,0.0,ok,,,
1.8,Table S4 (CSV),"instance=center30, kernel=y-long-7-norm",kernel_size,아카이브,7.0,,7.0,,0.0,0.0,ok,,,
1.8,Table S4 (CSV),"instance=center30, kernel=y-long-7-norm",stamp_mass,아카이브,17.638021630064326,,17.638021630064326,,0.0,0.0,ok,,,
1.8,Table S4 (CSV),"instance=center30, kernel=y-long-7-norm",raw_stamp_mass,아카이브,16.134786346163114,,16.134786346163114,,0.0,0.0,ok,,,
1.8,Table S4 (CSV),"instance=center30, kernel=y-long-7-norm",mass_normalized,아카이브,True,,True,,,,ok,,,
1.8,Table S4 (CSV),"instance=center30, kernel=y-long-7-norm",budget,아카이브,27912.0,,27912.0,,0.0,0.0,ok,,,
1.8,Table S4 (CSV),"instance=center30, kernel=y-long-7-norm",mean,아카이브,199.996984,,199.9969838953426,,1.0465740274412383e-07,5.232949050077867e-10,ok,,,
1.8,Table S4 (CSV),"instance=center30, kernel=y-long-7-norm",var_repair,아카이브,186.99874,,186.9987400405509,,4.055090130350436e-08,2.1685120072736512e-10,ok,,,
1.8,Table S4 (CSV),"instance=center30, kernel=y-long-7-norm",var_round,아카이브,187.1499346547401,,187.15238430737838,,0.002449652638290445,1.3089251902810646e-05,warn,,largest-remainder 반올림의 동점 근처 민감도: OSQP 연속해 마지막 자리 차이(BLAS)로 반올림 순서가 바뀜,V_UB=repair(186.99874)로 결과 영향 없음. 수정 불필요
1.8,Table S4 (CSV),"instance=center30, kernel=y-long-7-norm",var_upper,아카이브,186.99874,,186.9987400405509,,4.055090130350436e-08,2.1685120072736512e-10,ok,,,
1.8,Table S4 (CSV),"instance=center30, kernel=y-long-7-norm",var_lower,아카이브,186.89366681726824,,186.89366681727313,,4.888534022029489e-12,2.6156766600385454e-14,ok,,,
1.8,Table S4 (CSV),"instance=center30, kernel=y-long-7-norm",abs_gap,아카이브,0.1050731827317577,,0.10507322327777047,,4.054601276948233e-08,3.858835500680761e-07,ok,,,
1.8,Table S4 (CSV),"instance=center30, kernel=y-long-7-norm",gap_pct,아카이브,0.056189246372332614,,0.05618926804265378,,2.167032116251466e-08,3.856666989074452e-07,ok,,,
1.8,Table S4 (CSV),"instance=center30, kernel=y-long-7-norm",status,아카이브,solved,,solved,,,,ok,,,
1.8,Table S4 (CSV),"instance=center30, kernel=y-long-7-raw",sigma_x,아카이브,1.225,,1.225,,0.0,0.0,ok,,,
1.8,Table S4 (CSV),"instance=center30, kernel=y-long-7-raw",sigma_y,아카이브,2.5,,2.5,,0.0,0.0,ok,,,
1.8,Table S4 (CSV),"instance=center30, kernel=y-long-7-raw",kernel_size,아카이브,7.0,,7.0,,0.0,0.0,ok,,,
1.8,Table S4 (CSV),"instance=center30, kernel=y-long-7-raw",stamp_mass,아카이브,16.134786346163114,,16.134786346163114,,0.0,0.0,ok,,,
1.8,Table S4 (CSV),"instance=center30, kernel=y-long-7-raw",raw_stamp_mass,아카이브,16.134786346163114,,16.134786346163114,,0.0,0.0,ok,,,
1.8,Table S4 (CSV),"instance=center30, kernel=y-long-7-raw",mass_normalized,아카이브,False,,False,,,,ok,,,
1.8,Table S4 (CSV),"instance=center30, kernel=y-long-7-raw",budget,아카이브,30513.0,,30513.0,,0.0,0.0,ok,,,
1.8,Table S4 (CSV),"instance=center30, kernel=y-long-7-raw",mean,아카이브,200.000294,,200.00029431219036,,3.1219036600305117e-07,1.5609495354194389e-09,ok,,,
1.8,Table S4 (CSV),"instance=center30, kernel=y-long-7-raw",var_repair,아카이브,186.983955,,186.98395490245602,,9.754398888617288e-08,5.216703694505386e-10,ok,,,
1.8,Table S4 (CSV),"instance=center30, kernel=y-long-7-raw",var_round,아카이브,187.11243327585802,,187.11243327585802,,0.0,0.0,ok,,,
1.8,Table S4 (CSV),"instance=center30, kernel=y-long-7-raw",var_upper,아카이브,186.983955,,186.98395490245602,,9.754398888617288e-08,5.216703694505386e-10,ok,,,
1.8,Table S4 (CSV),"instance=center30, kernel=y-long-7-raw",var_lower,아카이브,186.8998059144069,,186.89980591454355,,1.3665157894138247e-10,7.311488541832075e-13,ok,,,
1.8,Table S4 (CSV),"instance=center30, kernel=y-long-7-raw",abs_gap,아카이브,0.0841490855931113,,0.08414898791247083,,9.768064046511427e-08,1.1608045384763005e-06,ok,아카이브가 repair 분산을 6자리로 저장 → 파생값에 전파 (상대차 ≤2e-5),,
1.8,Table S4 (CSV),"instance=center30, kernel=y-long-7-raw",gap_pct,아카이브,0.045003372397974625,,0.045003320181332594,,5.221664203108878e-08,1.1602828687887129e-06,ok,아카이브가 repair 분산을 6자리로 저장 → 파생값에 전파 (상대차 ≤2e-5),,
1.8,Table S4 (CSV),"instance=center30, kernel=y-long-7-raw",status,아카이브,solved,,solved,,,,ok,,,
1.8,Table S4 (CSV),"instance=random, kernel=isotropic-11",sigma_x,아카이브,1.75,,1.75,,0.0,0.0,ok,,,
1.8,Table S4 (CSV),"instance=random, kernel=isotropic-11",sigma_y,아카이브,1.75,,1.75,,0.0,0.0,ok,,,
1.8,Table S4 (CSV),"instance=random, kernel=isotropic-11",kernel_size,아카이브,11.0,,11.0,,0.0,0.0,ok,,,
1.8,Table S4 (CSV),"instance=random, kernel=isotropic-11",stamp_mass,아카이브,19.186708716647484,,19.186708716647484,,0.0,0.0,ok,,,
1.8,Table S4 (CSV),"instance=random, kernel=isotropic-11",raw_stamp_mass,아카이브,19.186708716647484,,19.186708716647484,,0.0,0.0,ok,,,
1.8,Table S4 (CSV),"instance=random, kernel=isotropic-11",mass_normalized,아카이브,False,,False,,,,ok,,,
1.8,Table S4 (CSV),"instance=random, kernel=isotropic-11",budget,아카이브,24012.0,,24012.0,,0.0,0.0,ok,,,
1.8,Table S4 (CSV),"instance=random, kernel=isotropic-11",mean,아카이브,199.999666,,199.9996658839794,,1.1602060112636536e-07,5.801039744054641e-10,ok,,,
1.8,Table S4 (CSV),"instance=random, kernel=isotropic-11",var_repair,아카이브,54.63082,,54.63081981536853,,1.846314674480709e-07,3.3796210170023243e-09,ok,,,
1.8,Table S4 (CSV),"instance=random, kernel=isotropic-11",var_round,아카이브,54.454008774549074,,54.45400877367496,,8.741167789594328e-10,1.6052386199489154e-11,ok,,,
1.8,Table S4 (CSV),"instance=random, kernel=isotropic-11",var_upper,아카이브,54.454008774549074,,54.45400877367496,,8.741167789594328e-10,1.6052386199489154e-11,ok,,,
1.8,Table S4 (CSV),"instance=random, kernel=isotropic-11",var_lower,아카이브,54.28343198210496,,54.283431981210015,,8.949427865445614e-10,1.6486481305006427e-11,ok,,,
1.8,Table S4 (CSV),"instance=random, kernel=isotropic-11",abs_gap,아카이브,0.17057679244411617,,0.17057679246494217,,2.0826007585128536e-11,1.2209168250101483e-10,ok,,,
1.8,Table S4 (CSV),"instance=random, kernel=isotropic-11",gap_pct,아카이브,0.3132492837218644,,0.31324928376513794,,4.3273551408873345e-11,1.3814413522265592e-10,ok,,,
1.8,Table S4 (CSV),"instance=random, kernel=isotropic-11",status,아카이브,solved,,solved,,,,ok,,,
1.8,Table S4 (CSV),"instance=random, kernel=isotropic-7",sigma_x,아카이브,1.75,,1.75,,0.0,0.0,ok,,,
1.8,Table S4 (CSV),"instance=random, kernel=isotropic-7",sigma_y,아카이브,1.75,,1.75,,0.0,0.0,ok,,,
1.8,Table S4 (CSV),"instance=random, kernel=isotropic-7",kernel_size,아카이브,7.0,,7.0,,0.0,0.0,ok,,,
1.8,Table S4 (CSV),"instance=random, kernel=isotropic-7",stamp_mass,아카이브,17.638021630064326,,17.638021630064326,,0.0,0.0,ok,,,
1.8,Table S4 (CSV),"instance=random, kernel=isotropic-7",raw_stamp_mass,아카이브,17.638021630064326,,17.638021630064326,,0.0,0.0,ok,,,
1.8,Table S4 (CSV),"instance=random, kernel=isotropic-7",mass_normalized,아카이브,False,,False,,,,ok,,,
1.8,Table S4 (CSV),"instance=random, kernel=isotropic-7",budget,아카이브,26120.0,,26120.0,,0.0,0.0,ok,,,
1.8,Table S4 (CSV),"instance=random, kernel=isotropic-7",mean,아카이브,199.997216,,199.99721599323604,,6.763968940504128e-09,3.382031548131214e-11,ok,,,
1.8,Table S4 (CSV),"instance=random, kernel=isotropic-7",var_repair,아카이브,103.561316,,103.56131572647469,,2.735253161745277e-07,2.641191969543219e-09,ok,,,
1.8,Table S4 (CSV),"instance=random, kernel=isotropic-7",var_round,아카이브,102.93372029069211,,102.93372028976046,,9.316494242739282e-10,9.050964267519763e-12,ok,,,
1.8,Table S4 (CSV),"instance=random, kernel=isotropic-7",var_upper,아카이브,102.93372029069211,,102.93372028976046,,9.316494242739282e-10,9.050964267519763e-12,ok,,,
1.8,Table S4 (CSV),"instance=random, kernel=isotropic-7",var_lower,아카이브,102.7721254127349,,102.77212541173198,,1.0029168606706662e-09,9.758646682093342e-12,ok,,,
1.8,Table S4 (CSV),"instance=random, kernel=isotropic-7",abs_gap,아카이브,0.1615948779572136,,0.16159487802848105,,7.126743639673805e-11,4.410253424963626e-10,ok,,,
1.8,Table S4 (CSV),"instance=random, kernel=isotropic-7",gap_pct,아카이브,0.1569892524051965,,0.15698925247585366,,7.06571468001016e-11,4.500763314531382e-10,ok,,,
1.8,Table S4 (CSV),"instance=random, kernel=isotropic-7",status,아카이브,solved,,solved,,,,ok,,,
1.8,Table S4 (CSV),"instance=random, kernel=x-long-11-raw",sigma_x,아카이브,2.5,,2.5,,0.0,0.0,ok,,,
1.8,Table S4 (CSV),"instance=random, kernel=x-long-11-raw",sigma_y,아카이브,1.225,,1.225,,0.0,0.0,ok,,,
1.8,Table S4 (CSV),"instance=random, kernel=x-long-11-raw",kernel_size,아카이브,11.0,,11.0,,0.0,0.0,ok,,,
1.8,Table S4 (CSV),"instance=random, kernel=x-long-11-raw",stamp_mass,아카이브,18.726958679520386,,18.726958679520386,,0.0,0.0,ok,,,
1.8,Table S4 (CSV),"instance=random, kernel=x-long-11-raw",raw_stamp_mass,아카이브,18.726958679520386,,18.726958679520386,,0.0,0.0,ok,,,
1.8,Table S4 (CSV),"instance=random, kernel=x-long-11-raw",mass_normalized,아카이브,False,,False,,,,ok,,,
1.8,Table S4 (CSV),"instance=random, kernel=x-long-11-raw",budget,아카이브,24602.0,,24602.0,,0.0,0.0,ok,,,
1.8,Table S4 (CSV),"instance=random, kernel=x-long-11-raw",mean,아카이브,200.003421,,200.0034209757483,,2.4251704644484562e-08,1.2125644913086043e-10,ok,,,
1.8,Table S4 (CSV),"instance=random, kernel=x-long-11-raw",var_repair,아카이브,76.244299,,76.24429922559884,,2.2559883916528634e-07,2.9588945288261662e-09,ok,,,
1.8,Table S4 (CSV),"instance=random, kernel=x-long-11-raw",var_round,아카이브,76.04371714107465,,76.04371713951873,,1.555918061058037e-09,2.0460836470836e-11,ok,,,
1.8,Table S4 (CSV),"instance=random, kernel=x-long-11-raw",var_upper,아카이브,76.04371714107465,,76.04371713951873,,1.555918061058037e-09,2.0460836470836e-11,ok,,,
1.8,Table S4 (CSV),"instance=random, kernel=x-long-11-raw",var_lower,아카이브,75.84958678159455,,75.8495867800957,,1.4988472685217857e-09,1.9760783573385158e-11,ok,,,
1.8,Table S4 (CSV),"instance=random, kernel=x-long-11-raw",abs_gap,아카이브,0.1941303594800985,,0.1941303594230277,,5.707079253625125e-11,2.9398180011149635e-10,ok,,,
1.8,Table S4 (CSV),"instance=random, kernel=x-long-11-raw",gap_pct,아카이브,0.25528783544333067,,0.2552878353735041,,6.982658895537952e-11,2.735210192609423e-10,ok,,,
1.8,Table S4 (CSV),"instance=random, kernel=x-long-11-raw",status,아카이브,solved,,solved,,,,ok,,,
1.8,Table S4 (CSV),"instance=random, kernel=x-long-7-norm",sigma_x,아카이브,2.5,,2.5,,0.0,0.0,ok,,,
1.8,Table S4 (CSV),"instance=random, kernel=x-long-7-norm",sigma_y,아카이브,1.225,,1.225,,0.0,0.0,ok,,,
1.8,Table S4 (CSV),"instance=random, kernel=x-long-7-norm",kernel_size,아카이브,7.0,,7.0,,0.0,0.0,ok,,,
1.8,Table S4 (CSV),"instance=random, kernel=x-long-7-norm",stamp_mass,아카이브,17.638021630064326,,17.638021630064326,,0.0,0.0,ok,,,
1.8,Table S4 (CSV),"instance=random, kernel=x-long-7-norm",raw_stamp_mass,아카이브,16.134786346163114,,16.134786346163114,,0.0,0.0,ok,,,
1.8,Table S4 (CSV),"instance=random, kernel=x-long-7-norm",mass_normalized,아카이브,True,,True,,,,ok,,,
1.8,Table S4 (CSV),"instance=random, kernel=x-long-7-norm",budget,아카이브,26120.0,,26120.0,,0.0,0.0,ok,,,
1.8,Table S4 (CSV),"instance=random, kernel=x-long-7-norm",mean,아카이브,199.997216,,199.9972159932362,,6.763798410247546e-09,3.3819462818160155e-11,ok,,,
1.8,Table S4 (CSV),"instance=random, kernel=x-long-7-norm",var_repair,아카이브,216.498099,,216.4980994965207,,4.965206983342796e-07,2.2934182823207126e-09,ok,,,
1.8,Table S4 (CSV),"instance=random, kernel=x-long-7-norm",var_round,아카이브,216.58289185709526,,216.58289185506274,,2.0325217064964818e-09,9.384497958581008e-12,ok,,,
1.8,Table S4 (CSV),"instance=random, kernel=x-long-7-norm",var_upper,아카이브,216.498099,,216.4980994965207,,4.965206983342796e-07,2.2934182823207126e-09,ok,,,
1.8,Table S4 (CSV),"instance=random, kernel=x-long-7-norm",var_lower,아카이브,216.3542642648129,,216.35426426292685,,1.88606463780161e-09,8.717483079016681e-12,ok,,,
1.8,Table S4 (CSV),"instance=random, kernel=x-long-7-norm",abs_gap,아카이브,0.14383473518708456,,0.14383523359384753,,4.984067629720812e-07,3.4651349155946783e-06,ok,아카이브가 repair 분산을 6자리로 저장 → 파생값에 전파 (상대차 ≤2e-5),,
1.8,Table S4 (CSV),"instance=random, kernel=x-long-7-norm",gap_pct,아카이브,0.06643695064827547,,0.0664371807089046,,2.3006062913055736e-07,3.4628414893471503e-06,ok,아카이브가 repair 분산을 6자리로 저장 → 파생값에 전파 (상대차 ≤2e-5),,
1.8,Table S4 (CSV),"instance=random, kernel=x-long-7-norm",status,아카이브,solved,,solved,,,,ok,,,
1.8,Table S4 (CSV),"instance=random, kernel=x-long-7-raw",sigma_x,아카이브,2.5,,2.5,,0.0,0.0,ok,,,
1.8,Table S4 (CSV),"instance=random, kernel=x-long-7-raw",sigma_y,아카이브,1.225,,1.225,,0.0,0.0,ok,,,
1.8,Table S4 (CSV),"instance=random, kernel=x-long-7-raw",kernel_size,아카이브,7.0,,7.0,,0.0,0.0,ok,,,
1.8,Table S4 (CSV),"instance=random, kernel=x-long-7-raw",stamp_mass,아카이브,16.134786346163114,,16.134786346163114,,0.0,0.0,ok,,,
1.8,Table S4 (CSV),"instance=random, kernel=x-long-7-raw",raw_stamp_mass,아카이브,16.134786346163114,,16.134786346163114,,0.0,0.0,ok,,,
1.8,Table S4 (CSV),"instance=random, kernel=x-long-7-raw",mass_normalized,아카이브,False,,False,,,,ok,,,
1.8,Table S4 (CSV),"instance=random, kernel=x-long-7-raw",budget,아카이브,28554.0,,28554.0,,0.0,0.0,ok,,,
1.8,Table S4 (CSV),"instance=random, kernel=x-long-7-raw",mean,아카이브,200.000242,,200.00024173366052,,2.6633946959009336e-07,1.3316957365986256e-09,ok,,,
1.8,Table S4 (CSV),"instance=random, kernel=x-long-7-raw",var_repair,아카이브,216.471761,,216.4717613848646,,3.8486462017317535e-07,1.7778975807064987e-09,ok,,,
1.8,Table S4 (CSV),"instance=random, kernel=x-long-7-raw",var_round,아카이브,216.54806860577673,,216.54806860391255,,1.864179921540199e-09,8.608619479003144e-12,ok,,,
1.8,Table S4 (CSV),"instance=random, kernel=x-long-7-raw",var_upper,아카이브,216.471761,,216.4717613848646,,3.8486462017317535e-07,1.7778975807064987e-09,ok,,,
1.8,Table S4 (CSV),"instance=random, kernel=x-long-7-raw",var_lower,아카이브,216.35898567775075,,216.3589856758515,,1.8992523109773174e-09,8.778245585815883e-12,ok,,,
1.8,Table S4 (CSV),"instance=random, kernel=x-long-7-raw",abs_gap,아카이브,0.11277532224923448,,0.11277570901310696,,3.8676387248415267e-07,3.429508023301419e-06,ok,아카이브가 repair 분산을 6자리로 저장 → 파생값에 전파 (상대차 ≤2e-5),,
1.8,Table S4 (CSV),"instance=random, kernel=x-long-7-raw",gap_pct,아카이브,0.05209701336020197,,0.052097191934703815,,1.7857450184538548e-07,3.4277301197807703e-06,ok,아카이브가 repair 분산을 6자리로 저장 → 파생값에 전파 (상대차 ≤2e-5),,
1.8,Table S4 (CSV),"instance=random, kernel=x-long-7-raw",status,아카이브,solved,,solved,,,,ok,,,
1.8,Table S4 (CSV),"instance=random, kernel=y-long-11-raw",sigma_x,아카이브,1.225,,1.225,,0.0,0.0,ok,,,
1.8,Table S4 (CSV),"instance=random, kernel=y-long-11-raw",sigma_y,아카이브,2.5,,2.5,,0.0,0.0,ok,,,
1.8,Table S4 (CSV),"instance=random, kernel=y-long-11-raw",kernel_size,아카이브,11.0,,11.0,,0.0,0.0,ok,,,
1.8,Table S4 (CSV),"instance=random, kernel=y-long-11-raw",stamp_mass,아카이브,18.726958679520383,,18.726958679520383,,0.0,0.0,ok,,,
1.8,Table S4 (CSV),"instance=random, kernel=y-long-11-raw",raw_stamp_mass,아카이브,18.726958679520383,,18.726958679520383,,0.0,0.0,ok,,,
1.8,Table S4 (CSV),"instance=random, kernel=y-long-11-raw",mass_normalized,아카이브,False,,False,,,,ok,,,
1.8,Table S4 (CSV),"instance=random, kernel=y-long-11-raw",budget,아카이브,24602.0,,24602.0,,0.0,0.0,ok,,,
1.8,Table S4 (CSV),"instance=random, kernel=y-long-11-raw",mean,아카이브,200.003421,,200.0034209757478,,2.425221623525431e-08,1.2125900704095612e-10,ok,,,
1.8,Table S4 (CSV),"instance=random, kernel=y-long-11-raw",var_repair,아카이브,75.733995,,75.73399511380792,,1.1380792841464427e-07,1.5027324045779477e-09,ok,,,
1.8,Table S4 (CSV),"instance=random, kernel=y-long-11-raw",var_round,아카이브,75.51016339573496,,75.51016339526717,,4.677929155150196e-10,6.195098705632544e-12,ok,,,
1.8,Table S4 (CSV),"instance=random, kernel=y-long-11-raw",var_upper,아카이브,75.51016339573496,,75.51016339526717,,4.677929155150196e-10,6.195098705632544e-12,ok,,,
1.8,Table S4 (CSV),"instance=random, kernel=y-long-11-raw",var_lower,아카이브,75.33929776134755,,75.33929776088917,,4.5838532969355583e-10,6.0842792979778496e-12,ok,,,
1.8,Table S4 (CSV),"instance=random, kernel=y-long-11-raw",abs_gap,아카이브,0.1708656343874111,,0.1708656343780035,,9.407585821463726e-12,5.5058384649387704e-11,ok,,,
1.8,Table S4 (CSV),"instance=random, kernel=y-long-11-raw",gap_pct,아카이브,0.22628163773389756,,0.22628163772284068,,1.1056877635695628e-11,4.8863344575481124e-11,ok,,,
1.8,Table S4 (CSV),"instance=random, kernel=y-long-11-raw",status,아카이브,solved,,solved,,,,ok,,,
1.8,Table S4 (CSV),"instance=random, kernel=y-long-7-norm",sigma_x,아카이브,1.225,,1.225,,0.0,0.0,ok,,,
1.8,Table S4 (CSV),"instance=random, kernel=y-long-7-norm",sigma_y,아카이브,2.5,,2.5,,0.0,0.0,ok,,,
1.8,Table S4 (CSV),"instance=random, kernel=y-long-7-norm",kernel_size,아카이브,7.0,,7.0,,0.0,0.0,ok,,,
1.8,Table S4 (CSV),"instance=random, kernel=y-long-7-norm",stamp_mass,아카이브,17.638021630064326,,17.638021630064326,,0.0,0.0,ok,,,
1.8,Table S4 (CSV),"instance=random, kernel=y-long-7-norm",raw_stamp_mass,아카이브,16.134786346163114,,16.134786346163114,,0.0,0.0,ok,,,
1.8,Table S4 (CSV),"instance=random, kernel=y-long-7-norm",mass_normalized,아카이브,True,,True,,,,ok,,,
1.8,Table S4 (CSV),"instance=random, kernel=y-long-7-norm",budget,아카이브,26120.0,,26120.0,,0.0,0.0,ok,,,
1.8,Table S4 (CSV),"instance=random, kernel=y-long-7-norm",mean,아카이브,199.997216,,199.99721599323593,,6.76408262734185e-09,3.382088392341346e-11,ok,,,
1.8,Table S4 (CSV),"instance=random, kernel=y-long-7-norm",var_repair,아카이브,212.384611,,212.38461112279305,,1.2279303973627975e-07,5.781635456454034e-10,ok,,,
1.8,Table S4 (CSV),"instance=random, kernel=y-long-7-norm",var_round,아카이브,212.47002255276897,,212.47002255184577,,9.23193965718383e-10,4.345055150022865e-12,ok,,,
1.8,Table S4 (CSV),"instance=random, kernel=y-long-7-norm",var_upper,아카이브,212.384611,,212.38461112279305,,1.2279303973627975e-07,5.781635456454034e-10,ok,,,
1.8,Table S4 (CSV),"instance=random, kernel=y-long-7-norm",var_lower,아카이브,212.21311961273472,,212.21311961174735,,9.873701856122352e-10,4.652729234714968e-12,ok,,,
1.8,Table S4 (CSV),"instance=random, kernel=y-long-7-norm",abs_gap,아카이브,0.17149138726529145,,0.17149151104570137,,1.23780409921892e-07,7.217879095607748e-07,ok,,,
1.8,Table S4 (CSV),"instance=random, kernel=y-long-7-norm",gap_pct,아카이브,0.08074567477268466,,0.08074573300725221,,5.8234567557047257e-08,7.212097455497066e-07,ok,,,
1.8,Table S4 (CSV),"instance=random, kernel=y-long-7-norm",status,아카이브,solved,,solved,,,,ok,,,
1.8,Table S4 (CSV),"instance=random, kernel=y-long-7-raw",sigma_x,아카이브,1.225,,1.225,,0.0,0.0,ok,,,
1.8,Table S4 (CSV),"instance=random, kernel=y-long-7-raw",sigma_y,아카이브,2.5,,2.5,,0.0,0.0,ok,,,
1.8,Table S4 (CSV),"instance=random, kernel=y-long-7-raw",kernel_size,아카이브,7.0,,7.0,,0.0,0.0,ok,,,
1.8,Table S4 (CSV),"instance=random, kernel=y-long-7-raw",stamp_mass,아카이브,16.134786346163114,,16.134786346163114,,0.0,0.0,ok,,,
1.8,Table S4 (CSV),"instance=random, kernel=y-long-7-raw",raw_stamp_mass,아카이브,16.134786346163114,,16.134786346163114,,0.0,0.0,ok,,,
1.8,Table S4 (CSV),"instance=random, kernel=y-long-7-raw",mass_normalized,아카이브,False,,False,,,,ok,,,
1.8,Table S4 (CSV),"instance=random, kernel=y-long-7-raw",budget,아카이브,28554.0,,28554.0,,0.0,0.0,ok,,,
1.8,Table S4 (CSV),"instance=random, kernel=y-long-7-raw",mean,아카이브,200.000242,,200.00024173366077,,2.663392137947085e-07,1.3316944576232487e-09,ok,,,
1.8,Table S4 (CSV),"instance=random, kernel=y-long-7-raw",var_repair,아카이브,212.359292,,212.35929226847676,,2.684767537175503e-07,1.2642571520607175e-09,ok,,,
1.8,Table S4 (CSV),"instance=random, kernel=y-long-7-raw",var_round,아카이브,212.4735322531812,,212.47353225219874,,9.824532298807753e-10,4.62388524096307e-12,ok,,,
1.8,Table S4 (CSV),"instance=random, kernel=y-long-7-raw",var_upper,아카이브,212.359292,,212.35929226847676,,2.684767537175503e-07,1.2642571520607175e-09,ok,,,
1.8,Table S4 (CSV),"instance=random, kernel=y-long-7-raw",var_lower,아카이브,212.21743507409798,,212.21743507309634,,1.001637883746298e-09,4.719866128796465e-12,ok,,,
1.8,Table S4 (CSV),"instance=random, kernel=y-long-7-raw",abs_gap,아카이브,0.14185692590203303,,0.14185719538042463,,2.694783916012966e-07,1.8996491703718399e-06,ok,아카이브가 repair 분산을 6자리로 저장 → 파생값에 전파 (상대차 ≤2e-5),,
1.8,Table S4 (CSV),"instance=random, kernel=y-long-7-raw",gap_pct,아카이브,0.0668004326846376,,0.06680055949757106,,1.268129334597301e-07,1.8983849110440545e-06,ok,아카이브가 repair 분산을 6자리로 저장 → 파생값에 전파 (상대차 ≤2e-5),,
1.8,Table S4 (CSV),"instance=random, kernel=y-long-7-raw",status,아카이브,solved,,solved,,,,ok,,,
1.8,Table S4 (CSV),"instance=zero, kernel=isotropic-11",sigma_x,아카이브,1.75,,1.75,,0.0,0.0,ok,,,
1.8,Table S4 (CSV),"instance=zero, kernel=isotropic-11",sigma_y,아카이브,1.75,,1.75,,0.0,0.0,ok,,,
1.8,Table S4 (CSV),"instance=zero, kernel=isotropic-11",kernel_size,아카이브,11.0,,11.0,,0.0,0.0,ok,,,
1.8,Table S4 (CSV),"instance=zero, kernel=isotropic-11",stamp_mass,아카이브,19.186708716647484,,19.186708716647484,,0.0,0.0,ok,,,
1.8,Table S4 (CSV),"instance=zero, kernel=isotropic-11",raw_stamp_mass,아카이브,19.186708716647484,,19.186708716647484,,0.0,0.0,ok,,,
1.8,Table S4 (CSV),"instance=zero, kernel=isotropic-11",mass_normalized,아카이브,False,,False,,,,ok,,,
1.8,Table S4 (CSV),"instance=zero, kernel=isotropic-11",budget,아카이브,26060.0,,26060.0,,0.0,0.0,ok,,,
1.8,Table S4 (CSV),"instance=zero, kernel=isotropic-11",mean,아카이브,200.002252,,200.00225166233238,,3.3766761475817475e-07,1.6883190633182207e-09,ok,,,
1.8,Table S4 (CSV),"instance=zero, kernel=isotropic-11",var_repair,아카이브,1.026782,,1.0267819283761588,,7.162384130232624e-08,6.975564560181834e-08,ok,,,
1.8,Table S4 (CSV),"instance=zero, kernel=isotropic-11",var_round,아카이브,1.2220631682517324,,1.2220631682517324,,0.0,0.0,ok,,,
1.8,Table S4 (CSV),"instance=zero, kernel=isotropic-11",var_upper,아카이브,1.026782,,1.0267819283761588,,7.162384130232624e-08,6.975564560181834e-08,ok,,,
1.8,Table S4 (CSV),"instance=zero, kernel=isotropic-11",var_lower,아카이브,0.9648944332032636,,0.9648944331423182,,6.094547089219304e-11,6.316283812506392e-11,ok,,,
1.8,Table S4 (CSV),"instance=zero, kernel=isotropic-11",abs_gap,아카이브,0.06188756679673646,,0.06188749523384063,,7.156289583143405e-08,1.1563372020502154e-06,ok,아카이브가 repair 분산을 6자리로 저장 → 파생값에 전파 (상대차 ≤2e-5),,
1.8,Table S4 (CSV),"instance=zero, kernel=isotropic-11",gap_pct,아카이브,6.027332656468117,,6.02732610727916,,6.549188956483931e-06,1.0865816323337977e-06,ok,아카이브가 repair 분산을 6자리로 저장 → 파생값에 전파 (상대차 ≤2e-5),,
1.8,Table S4 (CSV),"instance=zero, kernel=isotropic-11",status,아카이브,solved,,solved,,,,ok,,,
1.8,Table S4 (CSV),"instance=zero, kernel=isotropic-7",sigma_x,아카이브,1.75,,1.75,,0.0,0.0,ok,,,
1.8,Table S4 (CSV),"instance=zero, kernel=isotropic-7",sigma_y,아카이브,1.75,,1.75,,0.0,0.0,ok,,,
1.8,Table S4 (CSV),"instance=zero, kernel=isotropic-7",kernel_size,아카이브,7.0,,7.0,,0.0,0.0,ok,,,
1.8,Table S4 (CSV),"instance=zero, kernel=isotropic-7",stamp_mass,아카이브,17.638021630064326,,17.638021630064326,,0.0,0.0,ok,,,
1.8,Table S4 (CSV),"instance=zero, kernel=isotropic-7",raw_stamp_mass,아카이브,17.638021630064326,,17.638021630064326,,0.0,0.0,ok,,,
1.8,Table S4 (CSV),"instance=zero, kernel=isotropic-7",mass_normalized,아카이브,False,,False,,,,ok,,,
1.8,Table S4 (CSV),"instance=zero, kernel=isotropic-7",budget,아카이브,28348.0,,28348.0,,0.0,0.0,ok,,,
1.8,Table S4 (CSV),"instance=zero, kernel=isotropic-7",mean,아카이브,200.001055,,200.00105486762516,,1.3237485063655186e-07,6.618707618144907e-10,ok,,,
1.8,Table S4 (CSV),"instance=zero, kernel=isotropic-7",var_repair,아카이브,54.077695,,54.077694758156696,,2.4184330271737053e-07,4.472145174038401e-09,ok,,,
1.8,Table S4 (CSV),"instance=zero, kernel=isotropic-7",var_round,아카이브,54.168277214978296,,54.168277214978296,,0.0,0.0,ok,,,
1.8,Table S4 (CSV),"instance=zero, kernel=isotropic-7",var_upper,아카이브,54.077695,,54.077694758156696,,2.4184330271737053e-07,4.472145174038401e-09,ok,,,
1.8,Table S4 (CSV),"instance=zero, kernel=isotropic-7",var_lower,아카이브,53.894468033925506,,53.89446803390608,,1.942623839568114e-11,3.6044958052935424e-13,ok,,,
1.8,Table S4 (CSV),"instance=zero, kernel=isotropic-7",abs_gap,아카이브,0.18322696607449274,,0.18322672425061626,,2.4182387647897485e-07,1.31980505740983e-06,ok,아카이브가 repair 분산을 6자리로 저장 → 파생값에 전파 (상대차 ≤2e-5),,
1.8,Table S4 (CSV),"instance=zero, kernel=isotropic-7",gap_pct,아카이브,0.33882170102570525,,0.3388212553623685,,4.456633367344587e-07,1.3153329181257127e-06,ok,아카이브가 repair 분산을 6자리로 저장 → 파생값에 전파 (상대차 ≤2e-5),,
1.8,Table S4 (CSV),"instance=zero, kernel=isotropic-7",status,아카이브,solved,,solved,,,,ok,,,
1.8,Table S4 (CSV),"instance=zero, kernel=x-long-11-raw",sigma_x,아카이브,2.5,,2.5,,0.0,0.0,ok,,,
1.8,Table S4 (CSV),"instance=zero, kernel=x-long-11-raw",sigma_y,아카이브,1.225,,1.225,,0.0,0.0,ok,,,
1.8,Table S4 (CSV),"instance=zero, kernel=x-long-11-raw",kernel_size,아카이브,11.0,,11.0,,0.0,0.0,ok,,,
1.8,Table S4 (CSV),"instance=zero, kernel=x-long-11-raw",stamp_mass,아카이브,18.726958679520386,,18.726958679520386,,0.0,0.0,ok,,,
1.8,Table S4 (CSV),"instance=zero, kernel=x-long-11-raw",raw_stamp_mass,아카이브,18.726958679520386,,18.726958679520386,,0.0,0.0,ok,,,
1.8,Table S4 (CSV),"instance=zero, kernel=x-long-11-raw",mass_normalized,아카이브,False,,False,,,,ok,,,
1.8,Table S4 (CSV),"instance=zero, kernel=x-long-11-raw",budget,아카이브,26699.0,,26699.0,,0.0,0.0,ok,,,
1.8,Table S4 (CSV),"instance=zero, kernel=x-long-11-raw",mean,아카이브,199.996428,,199.996427913806,,8.619400659881649e-08,4.309777302563448e-10,ok,,,
1.8,Table S4 (CSV),"instance=zero, kernel=x-long-11-raw",var_repair,아카이브,24.832736,,24.8327359714592,,2.854079994563108e-08,1.1493216029692047e-09,ok,,,
1.8,Table S4 (CSV),"instance=zero, kernel=x-long-11-raw",var_round,아카이브,25.023023141503327,,25.023023141503327,,0.0,0.0,ok,,,
1.8,Table S4 (CSV),"instance=zero, kernel=x-long-11-raw",var_upper,아카이브,24.832736,,24.8327359714592,,2.854079994563108e-08,1.1493216029692047e-09,ok,,,
1.8,Table S4 (CSV),"instance=zero, kernel=x-long-11-raw",var_lower,아카이브,24.66289312986919,,24.662893130040324,,1.7113421790782013e-10,6.93893522575256e-12,ok,,,
1.8,Table S4 (CSV),"instance=zero, kernel=x-long-11-raw",abs_gap,아카이브,0.169842870130811,,0.16984284141887684,,2.87119341635389e-08,1.6904998214776575e-07,ok,,,
1.8,Table S4 (CSV),"instance=zero, kernel=x-long-11-raw",gap_pct,아카이브,0.6839474721223268,,0.6839473572870943,,1.1483523243427385e-07,1.6790066067198668e-07,ok,,,
1.8,Table S4 (CSV),"instance=zero, kernel=x-long-11-raw",status,아카이브,solved,,solved,,,,ok,,,
1.8,Table S4 (CSV),"instance=zero, kernel=x-long-7-norm",sigma_x,아카이브,2.5,,2.5,,0.0,0.0,ok,,,
1.8,Table S4 (CSV),"instance=zero, kernel=x-long-7-norm",sigma_y,아카이브,1.225,,1.225,,0.0,0.0,ok,,,
1.8,Table S4 (CSV),"instance=zero, kernel=x-long-7-norm",kernel_size,아카이브,7.0,,7.0,,0.0,0.0,ok,,,
1.8,Table S4 (CSV),"instance=zero, kernel=x-long-7-norm",stamp_mass,아카이브,17.638021630064326,,17.638021630064326,,0.0,0.0,ok,,,
1.8,Table S4 (CSV),"instance=zero, kernel=x-long-7-norm",raw_stamp_mass,아카이브,16.134786346163114,,16.134786346163114,,0.0,0.0,ok,,,
1.8,Table S4 (CSV),"instance=zero, kernel=x-long-7-norm",mass_normalized,아카이브,True,,True,,,,ok,,,
1.8,Table S4 (CSV),"instance=zero, kernel=x-long-7-norm",budget,아카이브,28348.0,,28348.0,,0.0,0.0,ok,,,
1.8,Table S4 (CSV),"instance=zero, kernel=x-long-7-norm",mean,아카이브,200.001055,,200.00105486762536,,1.3237465168458584e-07,6.618697670599079e-10,ok,,,
1.8,Table S4 (CSV),"instance=zero, kernel=x-long-7-norm",var_repair,아카이브,188.522028,,188.52202808395998,,8.395997497245844e-08,4.453589634228762e-10,ok,,,
1.8,Table S4 (CSV),"instance=zero, kernel=x-long-7-norm",var_round,아카이브,188.764072230029,,188.764072230029,,0.0,0.0,ok,,,
1.8,Table S4 (CSV),"instance=zero, kernel=x-long-7-norm",var_upper,아카이브,188.522028,,188.52202808395998,,8.395997497245844e-08,4.453589634228762e-10,ok,,,
1.8,Table S4 (CSV),"instance=zero, kernel=x-long-7-norm",var_lower,아카이브,188.41792855677858,,188.41792855676437,,1.4210854715202004e-11,7.542198783339055e-14,ok,,,
1.8,Table S4 (CSV),"instance=zero, kernel=x-long-7-norm",abs_gap,아카이브,0.10409944322142906,,0.10409952719561488,,8.397418582717364e-08,8.066727662371147e-07,ok,,,
1.8,Table S4 (CSV),"instance=zero, kernel=x-long-7-norm",gap_pct,아카이브,0.05521871599080668,,0.055218760509648884,,4.4518842202967424e-08,8.062274068520415e-07,ok,,,
1.8,Table S4 (CSV),"instance=zero, kernel=x-long-7-norm",status,아카이브,solved,,solved,,,,ok,,,
1.8,Table S4 (CSV),"instance=zero, kernel=x-long-7-raw",sigma_x,아카이브,2.5,,2.5,,0.0,0.0,ok,,,
1.8,Table S4 (CSV),"instance=zero, kernel=x-long-7-raw",sigma_y,아카이브,1.225,,1.225,,0.0,0.0,ok,,,
1.8,Table S4 (CSV),"instance=zero, kernel=x-long-7-raw",kernel_size,아카이브,7.0,,7.0,,0.0,0.0,ok,,,
1.8,Table S4 (CSV),"instance=zero, kernel=x-long-7-raw",stamp_mass,아카이브,16.134786346163114,,16.134786346163114,,0.0,0.0,ok,,,
1.8,Table S4 (CSV),"instance=zero, kernel=x-long-7-raw",raw_stamp_mass,아카이브,16.134786346163114,,16.134786346163114,,0.0,0.0,ok,,,
1.8,Table S4 (CSV),"instance=zero, kernel=x-long-7-raw",mass_normalized,아카이브,False,,False,,,,ok,,,
1.8,Table S4 (CSV),"instance=zero, kernel=x-long-7-raw",budget,아카이브,30989.0,,30989.0,,0.0,0.0,ok,,,
1.8,Table S4 (CSV),"instance=zero, kernel=x-long-7-raw",mean,아카이브,200.000358,,200.00035763249969,,3.6750031995325116e-07,1.8374983106442796e-09,ok,,,
1.8,Table S4 (CSV),"instance=zero, kernel=x-long-7-raw",var_repair,아카이브,188.497655,,188.49765496090794,,3.9092071801860584e-08,2.073875762638033e-10,ok,,,
1.8,Table S4 (CSV),"instance=zero, kernel=x-long-7-raw",var_round,아카이브,188.68697818027238,,188.68697818027238,,0.0,0.0,ok,,,
1.8,Table S4 (CSV),"instance=zero, kernel=x-long-7-raw",var_upper,아카이브,188.497655,,188.49765496090794,,3.9092071801860584e-08,2.073875762638033e-10,ok,,,
1.8,Table S4 (CSV),"instance=zero, kernel=x-long-7-raw",var_lower,아카이브,188.41661485012344,,188.41661485004647,,7.696598913753405e-11,4.084883342095753e-13,ok,,,
1.8,Table S4 (CSV),"instance=zero, kernel=x-long-7-raw",abs_gap,아카이브,0.08104014987657138,,0.08104011086146556,,3.901510581272305e-08,4.81429339310764e-07,ok,,,
1.8,Table S4 (CSV),"instance=zero, kernel=x-long-7-raw",gap_pct,아카이브,0.04299265679277091,,0.042992636103760695,,2.0689010213348347e-08,4.812219517642637e-07,ok,,,
1.8,Table S4 (CSV),"instance=zero, kernel=x-long-7-raw",status,아카이브,solved,,solved,,,,ok,,,
1.8,Table S4 (CSV),"instance=zero, kernel=y-long-11-raw",sigma_x,아카이브,1.225,,1.225,,0.0,0.0,ok,,,
1.8,Table S4 (CSV),"instance=zero, kernel=y-long-11-raw",sigma_y,아카이브,2.5,,2.5,,0.0,0.0,ok,,,
1.8,Table S4 (CSV),"instance=zero, kernel=y-long-11-raw",kernel_size,아카이브,11.0,,11.0,,0.0,0.0,ok,,,
1.8,Table S4 (CSV),"instance=zero, kernel=y-long-11-raw",stamp_mass,아카이브,18.726958679520383,,18.726958679520383,,0.0,0.0,ok,,,
1.8,Table S4 (CSV),"instance=zero, kernel=y-long-11-raw",raw_stamp_mass,아카이브,18.726958679520383,,18.726958679520383,,0.0,0.0,ok,,,
1.8,Table S4 (CSV),"instance=zero, kernel=y-long-11-raw",mass_normalized,아카이브,False,,False,,,,ok,,,
1.8,Table S4 (CSV),"instance=zero, kernel=y-long-11-raw",budget,아카이브,26699.0,,26699.0,,0.0,0.0,ok,,,
1.8,Table S4 (CSV),"instance=zero, kernel=y-long-11-raw",mean,아카이브,199.996428,,199.99642791380555,,8.619446134616737e-08,4.3098000403370887e-10,ok,,,
1.8,Table S4 (CSV),"instance=zero, kernel=y-long-11-raw",var_repair,아카이브,24.832736,,24.832735971459233,,2.854076797120797e-08,1.1493203153775713e-09,ok,,,
1.8,Table S4 (CSV),"instance=zero, kernel=y-long-11-raw",var_round,아카이브,25.023023141503323,,25.023023141503323,,0.0,0.0,ok,,,
1.8,Table S4 (CSV),"instance=zero, kernel=y-long-11-raw",var_upper,아카이브,24.832736,,24.832735971459233,,2.854076797120797e-08,1.1493203153775713e-09,ok,,,
1.8,Table S4 (CSV),"instance=zero, kernel=y-long-11-raw",var_lower,아카이브,24.66289312988217,,24.66289313002926,,1.4708945172969834e-10,5.9639982606696345e-12,ok,,,
1.8,Table S4 (CSV),"instance=zero, kernel=y-long-11-raw",abs_gap,아카이브,0.1698428701178294,,0.16984284142997197,,2.8687857422937668e-08,1.6890822324796628e-07,ok,,,
1.8,Table S4 (CSV),"instance=zero, kernel=y-long-11-raw",gap_pct,아카이브,0.6839474720700506,,0.6839473573317729,,1.1473827765673406e-07,1.6775890304772184e-07,ok,,,
1.8,Table S4 (CSV),"instance=zero, kernel=y-long-11-raw",status,아카이브,solved,,solved,,,,ok,,,
1.8,Table S4 (CSV),"instance=zero, kernel=y-long-7-norm",sigma_x,아카이브,1.225,,1.225,,0.0,0.0,ok,,,
1.8,Table S4 (CSV),"instance=zero, kernel=y-long-7-norm",sigma_y,아카이브,2.5,,2.5,,0.0,0.0,ok,,,
1.8,Table S4 (CSV),"instance=zero, kernel=y-long-7-norm",kernel_size,아카이브,7.0,,7.0,,0.0,0.0,ok,,,
1.8,Table S4 (CSV),"instance=zero, kernel=y-long-7-norm",stamp_mass,아카이브,17.638021630064326,,17.638021630064326,,0.0,0.0,ok,,,
1.8,Table S4 (CSV),"instance=zero, kernel=y-long-7-norm",raw_stamp_mass,아카이브,16.134786346163114,,16.134786346163114,,0.0,0.0,ok,,,
1.8,Table S4 (CSV),"instance=zero, kernel=y-long-7-norm",mass_normalized,아카이브,True,,True,,,,ok,,,
1.8,Table S4 (CSV),"instance=zero, kernel=y-long-7-norm",budget,아카이브,28348.0,,28348.0,,0.0,0.0,ok,,,
1.8,Table S4 (CSV),"instance=zero, kernel=y-long-7-norm",mean,아카이브,200.001055,,200.0010548676254,,1.3237459484116698e-07,6.618694828443129e-10,ok,,,
1.8,Table S4 (CSV),"instance=zero, kernel=y-long-7-norm",var_repair,아카이브,188.513583,,188.51358312270392,,1.22703909255506e-07,6.509022177755011e-10,ok,,,
1.8,Table S4 (CSV),"instance=zero, kernel=y-long-7-norm",var_round,아카이브,188.76407223002906,,188.76407223002906,,0.0,0.0,ok,,,
1.8,Table S4 (CSV),"instance=zero, kernel=y-long-7-norm",var_upper,아카이브,188.513583,,188.51358312270392,,1.22703909255506e-07,6.509022177755011e-10,ok,,,
1.8,Table S4 (CSV),"instance=zero, kernel=y-long-7-norm",var_lower,아카이브,188.4179285567812,,188.41792855676664,,1.4551915228366852e-11,7.723211554139085e-14,ok,,,
1.8,Table S4 (CSV),"instance=zero, kernel=y-long-7-norm",abs_gap,아카이브,0.09565444321881955,,0.09565456593728072,,1.2271846117073437e-07,1.2829352933454754e-06,ok,아카이브가 repair 분산을 6자리로 저장 → 파생값에 전파 (상대차 ≤2e-5),,
1.8,Table S4 (CSV),"instance=zero, kernel=y-long-7-norm",gap_pct,아카이브,0.05074140637325829,,0.05074147143817162,,6.506491333213571e-08,1.2822843902573853e-06,ok,아카이브가 repair 분산을 6자리로 저장 → 파생값에 전파 (상대차 ≤2e-5),,
1.8,Table S4 (CSV),"instance=zero, kernel=y-long-7-norm",status,아카이브,solved,,solved,,,,ok,,,
1.8,Table S4 (CSV),"instance=zero, kernel=y-long-7-raw",sigma_x,아카이브,1.225,,1.225,,0.0,0.0,ok,,,
1.8,Table S4 (CSV),"instance=zero, kernel=y-long-7-raw",sigma_y,아카이브,2.5,,2.5,,0.0,0.0,ok,,,
1.8,Table S4 (CSV),"instance=zero, kernel=y-long-7-raw",kernel_size,아카이브,7.0,,7.0,,0.0,0.0,ok,,,
1.8,Table S4 (CSV),"instance=zero, kernel=y-long-7-raw",stamp_mass,아카이브,16.134786346163114,,16.134786346163114,,0.0,0.0,ok,,,
1.8,Table S4 (CSV),"instance=zero, kernel=y-long-7-raw",raw_stamp_mass,아카이브,16.134786346163114,,16.134786346163114,,0.0,0.0,ok,,,
1.8,Table S4 (CSV),"instance=zero, kernel=y-long-7-raw",mass_normalized,아카이브,False,,False,,,,ok,,,
1.8,Table S4 (CSV),"instance=zero, kernel=y-long-7-raw",budget,아카이브,30989.0,,30989.0,,0.0,0.0,ok,,,
1.8,Table S4 (CSV),"instance=zero, kernel=y-long-7-raw",mean,아카이브,200.000358,,200.00035763249943,,3.6750057574863604e-07,1.8374995896189147e-09,ok,,,
1.8,Table S4 (CSV),"instance=zero, kernel=y-long-7-raw",var_repair,아카이브,188.50848,,188.5084797491181,,2.508818965907267e-07,1.33087857156732e-09,ok,,,
1.8,Table S4 (CSV),"instance=zero, kernel=y-long-7-raw",var_round,아카이브,188.68697818027232,,188.68697818027232,,0.0,0.0,ok,,,
1.8,Table S4 (CSV),"instance=zero, kernel=y-long-7-raw",var_upper,아카이브,188.50848,,188.5084797491181,,2.508818965907267e-07,1.33087857156732e-09,ok,,,
1.8,Table S4 (CSV),"instance=zero, kernel=y-long-7-raw",var_lower,아카이브,188.41661485011093,,188.4166148500288,,8.213874025386758e-11,4.3594212919710153e-13,ok,,,
1.8,Table S4 (CSV),"instance=zero, kernel=y-long-7-raw",abs_gap,아카이브,0.0918651498890597,,0.09186489908930184,,2.507997578504728e-07,2.7300859809552303e-06,ok,아카이브가 repair 분산을 6자리로 저장 → 파생값에 전파 (상대차 ≤2e-5),,
1.8,Table S4 (CSV),"instance=zero, kernel=y-long-7-raw",gap_pct,아카이브,0.04873263520508982,,0.04873250222566267,,1.3297942715040367e-07,2.7287551061165433e-06,ok,아카이브가 repair 분산을 6자리로 저장 → 파생값에 전파 (상대차 ≤2e-5),,
1.8,Table S4 (CSV),"instance=zero, kernel=y-long-7-raw",status,아카이브,solved,,solved,,,,ok,,,
1.8,Table S4,iso-7 zero,V_UB,원고,,54.08,54.077694758156696,54.08,,,ok,,,
1.8,Table S4,iso-7 zero,V_dual,원고,,53.89,53.89446803390608,53.89,,,ok,,,
1.8,Table S4,iso-7 random,V_UB,원고,,102.93,102.93372028976046,102.93,,,ok,,,
1.8,Table S4,iso-7 random,V_dual,원고,,102.77,102.77212541173198,102.77,,,ok,,,
1.8,Table S4,iso-7 center30,V_UB,원고,,55.86,55.864830438884965,55.86,,,ok,,,
1.8,Table S4,iso-7 center30,V_dual,원고,,55.66,55.66437664832962,55.66,,,ok,,,
1.8,Table S4,iso-7 center100,V_UB,원고,,93.78,93.78075563984258,93.78,,,ok,,,
1.8,Table S4,iso-7 center100,V_dual,원고,,93.59,93.59201013387637,93.59,,,ok,,,
1.8,Table S4,iso-7,gap min (%),원고,,0.16,0.15698925247585366,0.16,,,ok,,,
1.8,Table S4,iso-7,gap max (%),원고,,0.36,0.3588192946806416,0.36,,,ok,,,
1.8,Table S4,iso-11 zero,V_UB,원고,,1.027,1.0267819283761588,1.027,,,ok,,,
1.8,Table S4,iso-11 zero,V_dual,원고,,0.965,0.9648944331423182,0.965,,,ok,,,
1.8,Table S4,iso-11 random,V_UB,원고,,54.454,54.45400877367496,54.454,,,ok,,,
1.8,Table S4,iso-11 random,V_dual,원고,,54.283,54.283431981210015,54.283,,,ok,,,
1.8,Table S4,iso-11 center30,V_UB,원고,,4.800,4.800438358917924,4.800,,,ok,,,
1.8,Table S4,iso-11 center30,V_dual,원고,,4.722,4.7219749500524095,4.722,,,ok,,,
1.8,Table S4,iso-11 center100,V_UB,원고,,47.700,47.699708782640975,47.700,,,ok,,,
1.8,Table S4,iso-11 center100,V_dual,원고,,47.427,47.42668874328848,47.427,,,ok,,,
1.8,Table S4,iso-11,gap min (%),원고,,0.31,0.31324928376513794,0.31,,,ok,,,
1.8,Table S4,iso-11,gap max (%),원고,,6.03,6.02732610727916,6.03,,,ok,,,
1.8,Table S4,x7 raw zero,V_UB,원고,,188.50,188.49765496090794,188.50,,,ok,,,
1.8,Table S4,x7 raw zero,V_dual,원고,,188.42,188.41661485004647,188.42,,,ok,,,
1.8,Table S4,x7 raw random,V_UB,원고,,216.47,216.4717613848646,216.47,,,ok,,,
1.8,Table S4,x7 raw random,V_dual,원고,,216.36,216.3589856758515,216.36,,,ok,,,
1.8,Table S4,x7 raw center30,V_UB,원고,,186.98,186.98061407102603,186.98,,,ok,,,
1.8,Table S4,x7 raw center30,V_dual,원고,,186.90,186.89980591452996,186.90,,,ok,,,
1.8,Table S4,x7 raw center100,V_UB,원고,,219.19,219.19176301722396,219.19,,,ok,,,
1.8,Table S4,x7 raw center100,V_dual,원고,,219.10,219.09504190786492,219.10,,,ok,,,
1.8,Table S4,x7 raw,gap min (%),원고,,0.04,0.042992636103760695,0.04,,,ok,,,
1.8,Table S4,x7 raw,gap max (%),원고,,0.05,0.052097191934703815,0.05,,,ok,,,
1.8,Table S4,y7 raw zero,V_UB,원고,,188.51,188.5084797491181,188.51,,,ok,,,
1.8,Table S4,y7 raw zero,V_dual,원고,,188.42,188.4166148500288,188.42,,,ok,,,
1.8,Table S4,y7 raw random,V_UB,원고,,212.36,212.35929226847676,212.36,,,ok,,,
1.8,Table S4,y7 raw random,V_dual,원고,,212.22,212.21743507309634,212.22,,,ok,,,
1.8,Table S4,y7 raw center30,V_UB,원고,,186.98,186.98395490245602,186.98,,,ok,,,
1.8,Table S4,y7 raw center30,V_dual,원고,,186.90,186.89980591454355,186.90,,,ok,,,
1.8,Table S4,y7 raw center100,V_UB,원고,,219.21,219.20893929205192,219.21,,,ok,,,
1.8,Table S4,y7 raw center100,V_dual,원고,,219.10,219.09504190786203,219.10,,,ok,,,
1.8,Table S4,y7 raw,gap min (%),원고,,0.05,0.045003320181332594,0.05,,,ok,,,
1.8,Table S4,y7 raw,gap max (%),원고,,0.07,0.06680055949757106,0.07,,,ok,,,
1.8,Table S4,x7 norm zero,V_UB,원고,,188.52,188.52202808395998,188.52,,,ok,,,
1.8,Table S4,x7 norm zero,V_dual,원고,,188.42,188.41792855676437,188.42,,,ok,,,
1.8,Table S4,x7 norm random,V_UB,원고,,216.50,216.4980994965207,216.50,,,ok,,,
1.8,Table S4,x7 norm random,V_dual,원고,,216.35,216.35426426292685,216.35,,,ok,,,
1.8,Table S4,x7 norm center30,V_UB,원고,,187.00,186.99928810746772,187.00,,,ok,,,
1.8,Table S4,x7 norm center30,V_dual,원고,,186.89,186.8936668172862,186.89,,,ok,,,
1.8,Table S4,x7 norm center100,V_UB,원고,,219.24,219.23630004381351,219.24,,,ok,,,
1.8,Table S4,x7 norm center100,V_dual,원고,,219.10,219.10452369588165,219.10,,,ok,,,
1.8,Table S4,x7 norm,gap min (%),원고,,0.06,0.055218760509648884,0.06,,,ok,,,
1.8,Table S4,x7 norm,gap max (%),원고,,0.07,0.0664371807089046,0.07,,,ok,,,
1.8,Table S4,y7 norm zero,V_UB,원고,,188.51,188.51358312270392,188.51,,,ok,,,
1.8,Table S4,y7 norm zero,V_dual,원고,,188.42,188.41792855676664,188.42,,,ok,,,
1.8,Table S4,y7 norm random,V_UB,원고,,212.39,212.38461112279305,212.38,,,warn,,원고 표기 오류: 아카이브·재현 모두 212.3846(→212.38)인데 212.39로 표기. 이중 반올림 추정,"원고 수정 필요: Table S4 y7 norm, Random V_UB 212.39 → 212.38"
1.8,Table S4,y7 norm random,V_dual,원고,,212.21,212.21311961174735,212.21,,,ok,,,
1.8,Table S4,y7 norm center30,V_UB,원고,,187.00,186.9987400405509,187.00,,,ok,,,
1.8,Table S4,y7 norm center30,V_dual,원고,,186.89,186.89366681727313,186.89,,,ok,,,
1.8,Table S4,y7 norm center100,V_UB,원고,,219.24,219.2381136219814,219.24,,,ok,,,
1.8,Table S4,y7 norm center100,V_dual,원고,,219.10,219.10452369583072,219.10,,,ok,,,
1.8,Table S4,y7 norm,gap min (%),원고,,0.05,0.05074147143817162,0.05,,,ok,,,
1.8,Table S4,y7 norm,gap max (%),원고,,0.08,0.08074573300725221,0.08,,,ok,,,
1.8,Table S4,x11 raw zero,V_UB,원고,,24.83,24.8327359714592,24.83,,,ok,,,
1.8,Table S4,x11 raw zero,V_dual,원고,,24.66,24.662893130040324,24.66,,,ok,,,
1.8,Table S4,x11 raw random,V_UB,원고,,76.04,76.04371713951873,76.04,,,ok,,,
1.8,Table S4,x11 raw random,V_dual,원고,,75.85,75.8495867800957,75.85,,,ok,,,
1.8,Table S4,x11 raw center30,V_UB,원고,,28.67,28.671701144356234,28.67,,,ok,,,
1.8,Table S4,x11 raw center30,V_dual,원고,,28.49,28.486394039285827,28.49,,,ok,,,
1.8,Table S4,x11 raw center100,V_UB,원고,,78.82,78.8239349902728,78.82,,,ok,,,
1.8,Table S4,x11 raw center100,V_dual,원고,,78.57,78.57073180497537,78.57,,,ok,,,
1.8,Table S4,x11 raw,gap min (%),원고,,0.26,0.2552878353735041,0.26,,,ok,,,
1.8,Table S4,x11 raw,gap max (%),원고,,0.68,0.6839473572870943,0.68,,,ok,,,
1.8,Table S4,y11 raw zero,V_UB,원고,,24.83,24.832735971459233,24.83,,,ok,,,
1.8,Table S4,y11 raw zero,V_dual,원고,,24.66,24.66289313002926,24.66,,,ok,,,
1.8,Table S4,y11 raw random,V_UB,원고,,75.51,75.51016339526717,75.51,,,ok,,,
1.8,Table S4,y11 raw random,V_dual,원고,,75.34,75.33929776088917,75.34,,,ok,,,
1.8,Table S4,y11 raw center30,V_UB,원고,,28.67,28.671701144356234,28.67,,,ok,,,
1.8,Table S4,y11 raw center30,V_dual,원고,,28.49,28.486394039300215,28.49,,,ok,,,
1.8,Table S4,y11 raw center100,V_UB,원고,,78.82,78.8239349902728,78.82,,,ok,,,
1.8,Table S4,y11 raw center100,V_dual,원고,,78.57,78.5707318049972,78.57,,,ok,,,
1.8,Table S4,y11 raw,gap min (%),원고,,0.23,0.22628163772284068,0.23,,,ok,,,
1.8,Table S4,y11 raw,gap max (%),원고,,0.68,0.6839473573317729,0.68,,,ok,,,
1.9,Table S5 (CSV),seed=1,budget,아카이브,26145.0,,26145.0,,0.0,0.0,ok,,,
1.9,Table S5 (CSV),seed=1,mean,아카이브,199.998252,,199.99825221360808,,2.1360807522796676e-07,1.068049710894307e-09,ok,,,
1.9,Table S5 (CSV),seed=1,variance_repair,아카이브,99.783129,,99.78312911084592,,1.1084591733379057e-07,1.1108683245821102e-09,ok,,,
1.9,Table S5 (CSV),seed=1,variance_round,아카이브,99.31476047851599,,99.31476047975234,,1.2363443602225743e-09,1.2448747338921724e-11,ok,,,
1.9,Table S5 (CSV),seed=1,variance_ub,아카이브,99.31476047851599,,99.31476047975234,,1.2363443602225743e-09,1.2448747338921724e-11,ok,,,
1.9,Table S5 (CSV),seed=1,variance_lb,아카이브,99.13014687786539,,99.13014687911006,,1.2446719210856827e-09,1.255593742455761e-11,ok,,,
1.9,Table S5 (CSV),seed=1,duality_gap,아카이브,3.6349617005271284e-07,,3.635102387988809e-07,,1.4068746168049984e-11,3.87039735962274e-05,ok,,,
1.9,Table S5 (CSV),seed=1,gap_pct,아카이브,0.18588737440548248,,0.1858873743947834,,1.0699080510434555e-11,5.755678966714698e-11,ok,,,
1.9,Table S5 (CSV),seed=1,status,아카이브,solved,,solved,,,,ok,,,
1.9,Table S5 (CSV),seed=10,budget,아카이브,26167.0,,26167.0,,0.0,0.0,ok,,,
1.9,Table S5 (CSV),seed=10,mean,아카이브,200.001706,,200.0017056640523,,3.359477034337033e-07,1.6797241891211832e-09,ok,,,
1.9,Table S5 (CSV),seed=10,variance_repair,아카이브,96.641583,,96.64158290777928,,9.222071639669593e-08,9.542550270176755e-10,ok,,,
1.9,Table S5 (CSV),seed=10,variance_round,아카이브,96.05897866511401,,96.0589786643176,,7.964047199493507e-10,8.290788961288249e-12,ok,,,
1.9,Table S5 (CSV),seed=10,variance_ub,아카이브,96.05897866511401,,96.0589786643176,,7.964047199493507e-10,8.290788961288249e-12,ok,,,
1.9,Table S5 (CSV),seed=10,variance_lb,아카이브,95.87887864928395,,95.87887864852877,,7.551790304205497e-10,7.876385717681624e-12,ok,,,
1.9,Table S5 (CSV),seed=10,duality_gap,아카이브,9.860035277142742e-08,,9.856245242190198e-08,,3.7900349525443744e-11,0.00038438350837651945,ok,,,
1.9,Table S5 (CSV),seed=10,gap_pct,아카이브,0.1874889972107014,,0.18748899716933876,,4.1362635538888526e-11,2.206136688245493e-10,ok,,,
1.9,Table S5 (CSV),seed=10,status,아카이브,solved,,solved,,,,ok,,,
1.9,Table S5 (CSV),seed=2,budget,아카이브,26173.0,,26173.0,,0.0,0.0,ok,,,
1.9,Table S5 (CSV),seed=2,mean,아카이브,199.996901,,199.99690092191432,,7.808569080225425e-08,3.904345037939075e-10,ok,,,
1.9,Table S5 (CSV),seed=2,variance_repair,아카이브,96.813786,,96.81378568229933,,3.177006675514349e-07,3.2815643378664575e-09,ok,,,
1.9,Table S5 (CSV),seed=2,variance_round,아카이브,96.26902754107243,,96.26902754140755,,3.3512037589389365e-10,3.481081968454674e-12,ok,,,
1.9,Table S5 (CSV),seed=2,variance_ub,아카이브,96.26902754107243,,96.26902754140755,,3.3512037589389365e-10,3.481081968454674e-12,ok,,,
1.9,Table S5 (CSV),seed=2,variance_lb,아카이브,96.09618692729798,,96.09618692768106,,3.830820105577004e-10,3.986443404331151e-12,ok,,,
1.9,Table S5 (CSV),seed=2,duality_gap,아카이브,1.4010932147812127e-07,,1.3998817394167418e-07,,1.2114753644709708e-10,0.0008646643575817676,ok,,,
1.9,Table S5 (CSV),seed=2,gap_pct,아카이브,0.17953917078960122,,0.1795391707391558,,5.044542561449816e-11,2.8097169766710276e-10,ok,,,
1.9,Table S5 (CSV),seed=2,status,아카이브,solved,,solved,,,,ok,,,
1.9,Table S5 (CSV),seed=3,budget,아카이브,26156.0,,26156.0,,0.0,0.0,ok,,,
1.9,Table S5 (CSV),seed=3,mean,아카이브,200.000206,,200.00020553277238,,4.672276077144488e-07,2.336135632352543e-09,ok,,,
1.9,Table S5 (CSV),seed=3,variance_repair,아카이브,103.739719,,103.73971947019494,,4.701949478658207e-07,4.532448635857793e-09,ok,,,
1.9,Table S5 (CSV),seed=3,variance_round,아카이브,103.17625034181346,,103.17625034188694,,7.348432973230956e-11,7.122213638202853e-13,ok,,,
1.9,Table S5 (CSV),seed=3,variance_ub,아카이브,103.17625034181346,,103.17625034188694,,7.348432973230956e-11,7.122213638202853e-13,ok,,,
1.9,Table S5 (CSV),seed=3,variance_lb,아카이브,103.00464300119488,,103.00464300120845,,1.3571366253017914e-11,1.317548982026032e-13,ok,,,
1.9,Table S5 (CSV),seed=3,duality_gap,아카이브,1.232678670248788e-07,,1.2331977927715343e-07,,5.191225227463292e-11,0.0004211336946728836,ok,,,
1.9,Table S5 (CSV),seed=3,gap_pct,아카이브,0.16632445940810905,,0.16632445946605917,,5.7950116927329987e-11,3.484160846429582e-10,ok,,,
1.9,Table S5 (CSV),seed=3,status,아카이브,solved,,solved,,,,ok,,,
1.9,Table S5 (CSV),seed=4,budget,아카이브,26157.0,,26157.0,,0.0,0.0,ok,,,
1.9,Table S5 (CSV),seed=4,mean,아카이브,200.000324,,200.00032442377443,,4.2377442355245876e-07,2.1188686851950235e-09,ok,,,
1.9,Table S5 (CSV),seed=4,variance_repair,아카이브,103.627257,,103.62725681252626,,1.8747374497252167e-07,1.8091161572724219e-09,ok,,,
1.9,Table S5 (CSV),seed=4,variance_round,아카이브,103.20291113738968,,103.20291113715717,,2.3250379399541998e-10,2.252880189454128e-12,ok,,,
1.9,Table S5 (CSV),seed=4,variance_ub,아카이브,103.20291113738968,,103.20291113715717,,2.3250379399541998e-10,2.252880189454128e-12,ok,,,
1.9,Table S5 (CSV),seed=4,variance_lb,아카이브,102.98995596023607,,102.98995595994474,,2.913367325163563e-10,2.82878781527822e-12,ok,,,
1.9,Table S5 (CSV),seed=4,duality_gap,아카이브,5.010499819491088e-07,,5.011521437836564e-07,,1.021618345475872e-10,0.00020389549591474427,ok,,,
1.9,Table S5 (CSV),seed=4,gap_pct,아카이브,0.2063460950923222,,0.20634609514979416,,5.747194387062393e-11,2.7852208128731565e-10,ok,,,
1.9,Table S5 (CSV),seed=4,status,아카이브,solved,,solved,,,,ok,,,
1.9,Table S5 (CSV),seed=5,budget,아카이브,26133.0,,26133.0,,0.0,0.0,ok,,,
1.9,Table S5 (CSV),seed=5,mean,아카이브,200.002103,,200.00210281273823,,1.8726177586358972e-07,9.362990341336047e-10,ok,,,
1.9,Table S5 (CSV),seed=5,variance_repair,아카이브,105.465465,,105.46546472069808,,2.793019149294196e-07,2.648278419190771e-09,ok,,,
1.9,Table S5 (CSV),seed=5,variance_round,아카이브,104.89910176752815,,104.89910176733675,,1.914060021590558e-10,1.8246676943263028e-12,ok,,,
1.9,Table S5 (CSV),seed=5,variance_ub,아카이브,104.89910176752815,,104.89910176733675,,1.914060021590558e-10,1.8246676943263028e-12,ok,,,
1.9,Table S5 (CSV),seed=5,variance_lb,아카이브,104.72304790924088,,104.72304790906765,,1.7323031897831243e-10,1.6541756799176047e-12,ok,,,
1.9,Table S5 (CSV),seed=5,duality_gap,아카이브,3.2925029813668516e-07,,3.2938714866759256e-07,,1.368505309073953e-10,0.0004156428458284435,ok,,,
1.9,Table S5 (CSV),seed=5,gap_pct,아카이브,0.1678316165923296,,0.167831616575309,,1.7020579390347734e-11,1.0141461862749897e-10,ok,,,
1.9,Table S5 (CSV),seed=5,status,아카이브,solved,,solved,,,,ok,,,
1.9,Table S5 (CSV),seed=6,budget,아카이브,26118.0,,26118.0,,0.0,0.0,ok,,,
1.9,Table S5 (CSV),seed=6,mean,아카이브,200.001737,,200.00173664508657,,3.549134248714836e-07,1.7745517123757961e-09,ok,,,
1.9,Table S5 (CSV),seed=6,variance_repair,아카이브,99.13474,,99.13474045902124,,4.590212512312064e-07,4.630276442256332e-09,ok,,,
1.9,Table S5 (CSV),seed=6,variance_round,아카이브,98.57223298991573,,98.57223299036627,,4.5054093789076433e-10,4.570667866851065e-12,ok,,,
1.9,Table S5 (CSV),seed=6,variance_ub,아카이브,98.57223298991573,,98.57223299036627,,4.5054093789076433e-10,4.570667866851065e-12,ok,,,
1.9,Table S5 (CSV),seed=6,variance_lb,아카이브,98.41273554533824,,98.41273554578179,,4.4354919737088494e-10,4.50703046626058e-12,ok,,,
1.9,Table S5 (CSV),seed=6,duality_gap,아카이브,1.9201264933599305e-07,,1.9204203738354408e-07,,2.9388047551037744e-11,0.0001530526642524114,ok,,,
1.9,Table S5 (CSV),seed=6,gap_pct,아카이브,0.1618076812704585,,0.16180768127681194,,6.353445547446768e-12,3.926541371560169e-11,ok,,,
1.9,Table S5 (CSV),seed=6,status,아카이브,solved,,solved,,,,ok,,,
1.9,Table S5 (CSV),seed=7,budget,아카이브,26120.0,,26120.0,,0.0,0.0,ok,,,
1.9,Table S5 (CSV),seed=7,mean,아카이브,199.997216,,199.99721599323604,,6.763968940504128e-09,3.382031548131214e-11,ok,,,
1.9,Table S5 (CSV),seed=7,variance_repair,아카이브,103.561316,,103.56131572647469,,2.735253161745277e-07,2.641191969543219e-09,ok,,,
1.9,Table S5 (CSV),seed=7,variance_round,아카이브,102.93372029069211,,102.93372028976046,,9.316494242739282e-10,9.050964267519763e-12,ok,,,
1.9,Table S5 (CSV),seed=7,variance_ub,아카이브,102.93372029069211,,102.93372028976046,,9.316494242739282e-10,9.050964267519763e-12,ok,,,
1.9,Table S5 (CSV),seed=7,variance_lb,아카이브,102.7721254127349,,102.77212541173198,,1.0029168606706662e-09,9.758646682093342e-12,ok,,,
1.9,Table S5 (CSV),seed=7,duality_gap,아카이브,2.0869323691385944e-07,,2.0859020821717422e-07,,1.0302869668521453e-10,0.0004936848850916085,ok,,,
1.9,Table S5 (CSV),seed=7,gap_pct,아카이브,0.1569892524051965,,0.15698925247585366,,7.06571468001016e-11,4.500763314531382e-10,ok,,,
1.9,Table S5 (CSV),seed=7,status,아카이브,solved,,solved,,,,ok,,,
1.9,Table S5 (CSV),seed=8,budget,아카이브,26167.0,,26167.0,,0.0,0.0,ok,,,
1.9,Table S5 (CSV),seed=8,mean,아카이브,199.999474,,199.999473553698,,4.463019820377667e-07,2.231515779075333e-09,ok,,,
1.9,Table S5 (CSV),seed=8,variance_repair,아카이브,98.907869,,98.90786889752945,,1.0247055115542025e-07,1.0360202094276266e-09,ok,,,
1.9,Table S5 (CSV),seed=8,variance_round,아카이브,98.40519722930249,,98.40519722855406,,7.484288744308287e-10,7.605582789360706e-12,ok,,,
1.9,Table S5 (CSV),seed=8,variance_ub,아카이브,98.40519722930249,,98.40519722855406,,7.484288744308287e-10,7.605582789360706e-12,ok,,,
1.9,Table S5 (CSV),seed=8,variance_lb,아카이브,98.23194869761794,,98.23194869681012,,8.078160362856579e-10,8.223557070748073e-12,ok,,,
1.9,Table S5 (CSV),seed=8,duality_gap,아카이브,1.5713172416553789e-06,,1.571310150438876e-06,,7.0912165028858e-12,4.51291204277452e-06,ok,,,
1.9,Table S5 (CSV),seed=8,gap_pct,아카이브,0.1760562821502693,,0.17605628221195796,,6.168865418487712e-11,3.5039166697967646e-10,ok,,,
1.9,Table S5 (CSV),seed=8,status,아카이브,solved,,solved,,,,ok,,,
1.9,Table S5 (CSV),seed=9,budget,아카이브,26174.0,,26174.0,,0.0,0.0,ok,,,
1.9,Table S5 (CSV),seed=9,mean,아카이브,199.99842,,199.99841954518126,,4.548187462205533e-07,2.2741116965851696e-09,ok,,,
1.9,Table S5 (CSV),seed=9,variance_repair,아카이브,104.633175,,104.63317491455354,,8.5446458797378e-08,8.166287489352971e-10,ok,,,
1.9,Table S5 (CSV),seed=9,variance_round,아카이브,104.0807442978956,,104.08074429716021,,7.353975206569885e-10,7.065644328524055e-12,ok,,,
1.9,Table S5 (CSV),seed=9,variance_ub,아카이브,104.0807442978956,,104.08074429716021,,7.353975206569885e-10,7.065644328524055e-12,ok,,,
1.9,Table S5 (CSV),seed=9,variance_lb,아카이브,103.91888028244112,,103.91888028173983,,7.012914693405037e-10,6.748450978633176e-12,ok,,,
1.9,Table S5 (CSV),seed=9,duality_gap,아카이브,2.111747221533733e-09,,2.150926547983545e-09,,3.9179326449811924e-11,0.018553038001090167,ok,,,
1.9,Table S5 (CSV),seed=9,gap_pct,아카이브,0.15551773437669025,,0.15551773434502025,,3.166999995585229e-11,2.0364236968076062e-10,ok,,,
1.9,Table S5 (CSV),seed=9,status,아카이브,solved,,solved,,,,ok,,,
1.9,Table S5,seed 1,B*,원고,,26145,26145.0,26145,,,ok,,,
1.9,Table S5,seed 1,V_UB,원고,,99.315,99.31476047975234,99.315,,,ok,,,
1.9,Table S5,seed 1,V_dual,원고,,99.130,99.13014687911006,99.130,,,ok,,,
1.9,Table S5,seed 1,Gap (%),원고,,0.186,0.1858873743947834,0.186,,,ok,,,
1.9,Table S5,seed 2,B*,원고,,26173,26173.0,26173,,,ok,,,
1.9,Table S5,seed 2,V_UB,원고,,96.269,96.26902754140755,96.269,,,ok,,,
1.9,Table S5,seed 2,V_dual,원고,,96.096,96.09618692768106,96.096,,,ok,,,
1.9,Table S5,seed 2,Gap (%),원고,,0.180,0.1795391707391558,0.180,,,ok,,,
1.9,Table S5,seed 3,B*,원고,,26156,26156.0,26156,,,ok,,,
1.9,Table S5,seed 3,V_UB,원고,,103.176,103.17625034188694,103.176,,,ok,,,
1.9,Table S5,seed 3,V_dual,원고,,103.005,103.00464300120845,103.005,,,ok,,,
1.9,Table S5,seed 3,Gap (%),원고,,0.166,0.16632445946605917,0.166,,,ok,,,
1.9,Table S5,seed 4,B*,원고,,26157,26157.0,26157,,,ok,,,
1.9,Table S5,seed 4,V_UB,원고,,103.203,103.20291113715717,103.203,,,ok,,,
1.9,Table S5,seed 4,V_dual,원고,,102.990,102.98995595994474,102.990,,,ok,,,
1.9,Table S5,seed 4,Gap (%),원고,,0.206,0.20634609514979416,0.206,,,ok,,,
1.9,Table S5,seed 5,B*,원고,,26133,26133.0,26133,,,ok,,,
1.9,Table S5,seed 5,V_UB,원고,,104.899,104.89910176733675,104.899,,,ok,,,
1.9,Table S5,seed 5,V_dual,원고,,104.723,104.72304790906765,104.723,,,ok,,,
1.9,Table S5,seed 5,Gap (%),원고,,0.168,0.167831616575309,0.168,,,ok,,,
1.9,Table S5,seed 6,B*,원고,,26118,26118.0,26118,,,ok,,,
1.9,Table S5,seed 6,V_UB,원고,,98.572,98.57223299036627,98.572,,,ok,,,
1.9,Table S5,seed 6,V_dual,원고,,98.413,98.41273554578179,98.413,,,ok,,,
1.9,Table S5,seed 6,Gap (%),원고,,0.162,0.16180768127681194,0.162,,,ok,,,
1.9,Table S5,seed 7,B*,원고,,26120,26120.0,26120,,,ok,,,
1.9,Table S5,seed 7,V_UB,원고,,102.934,102.93372028976046,102.934,,,ok,,,
1.9,Table S5,seed 7,V_dual,원고,,102.772,102.77212541173198,102.772,,,ok,,,
1.9,Table S5,seed 7,Gap (%),원고,,0.157,0.15698925247585366,0.157,,,ok,,,
1.9,Table S5,seed 8,B*,원고,,26167,26167.0,26167,,,ok,,,
1.9,Table S5,seed 8,V_UB,원고,,98.405,98.40519722855406,98.405,,,ok,,,
1.9,Table S5,seed 8,V_dual,원고,,98.232,98.23194869681012,98.232,,,ok,,,
1.9,Table S5,seed 8,Gap (%),원고,,0.176,0.17605628221195796,0.176,,,ok,,,
1.9,Table S5,seed 9,B*,원고,,26174,26174.0,26174,,,ok,,,
1.9,Table S5,seed 9,V_UB,원고,,104.081,104.08074429716021,104.081,,,ok,,,
1.9,Table S5,seed 9,V_dual,원고,,103.919,103.91888028173983,103.919,,,ok,,,
1.9,Table S5,seed 9,Gap (%),원고,,0.156,0.15551773434502025,0.156,,,ok,,,
1.9,Table S5,seed 10,B*,원고,,26167,26167.0,26167,,,ok,,,
1.9,Table S5,seed 10,V_UB,원고,,96.059,96.0589786643176,96.059,,,ok,,,
1.9,Table S5,seed 10,V_dual,원고,,95.879,95.87887864852877,95.879,,,ok,,,
1.9,Table S5,seed 10,Gap (%),원고,,0.188,0.18748899716933876,0.187,,,warn,,원고 표기 오류: 전체 정밀도 gap 0.187490%(아카이브·재현 동일)를 0.188로 표기. 이중 반올림(0.18749→0.1875→0.188)으로 추정,원고 수정 필요: Table S5 seed 10 Gap 0.188 → 0.187
1.9,Table S5,요약,gap mean,원고,,0.174,0.1743788663804084,0.174,,,ok,,,
1.9,Table S5,요약,gap std,원고,,0.016,0.015914993228706216,0.016,,,ok,,,
1.9,Table S5,요약,gap max (본문),원고,,0.206,0.20634609514979416,0.206,,,ok,,,
1.10,Table S6 (CSV),"case=lowcount:zero, cmax=20, B=5000",phi,아카이브,1.676638,,1.676638,,0.0,0.0,ok,,,
1.10,Table S6 (CSV),"case=lowcount:zero, cmax=20, B=5000",V_QP,아카이브,1.676638,,1.676638,,0.0,0.0,ok,,,
1.10,Table S6 (CSV),"case=lowcount:zero, cmax=20, B=5000",cert_excess,아카이브,0.074591,,0.074591,,0.0,0.0,ok,,,
1.10,Table S6 (CSV),"case=lowcount:zero, cmax=20, B=5000",cert_ratio_pct,아카이브,4.45,,4.45,,0.0,0.0,ok,,,
1.10,Table S6 (CSV),"case=lowcount:zero, cmax=20, B=5000",rounding_dQd,아카이브,0.204896,,0.204896,,0.0,0.0,ok,,,
1.10,Table S6 (CSV),"case=lowcount:zero, cmax=20, B=5000",apriori,아카이브,1.927668,,1.927668,,0.0,0.0,ok,,,
1.10,Table S6 (CSV),"case=lowcount:zero, cmax=20, B=5000",rounding_ratio_pct,아카이브,12.22,,12.22,,0.0,0.0,ok,,,
1.10,Table S6 (CSV),"case=lowcount:zero, cmax=20, B=5000",apriori_ratio_pct,아카이브,114.97,,114.97,,0.0,0.0,ok,,,
1.10,Table S6 (CSV),"case=lowcount:zero, cmax=200, B=28348",phi,아카이브,53.894468,,53.894468,,0.0,0.0,ok,,,
1.10,Table S6 (CSV),"case=lowcount:zero, cmax=200, B=28348",V_QP,아카이브,53.894468,,53.894468,,0.0,0.0,ok,,,
1.10,Table S6 (CSV),"case=lowcount:zero, cmax=200, B=28348",cert_excess,아카이브,0.183227,,0.183227,,0.0,0.0,ok,,,
1.10,Table S6 (CSV),"case=lowcount:zero, cmax=200, B=28348",cert_ratio_pct,아카이브,0.34,,0.34,,0.0,0.0,ok,,,
1.10,Table S6 (CSV),"case=lowcount:zero, cmax=200, B=28348",rounding_dQd,아카이브,0.273809,,0.273809,,0.0,0.0,ok,,,
1.10,Table S6 (CSV),"case=lowcount:zero, cmax=200, B=28348",apriori,아카이브,1.846154,,1.846154,,0.0,0.0,ok,,,
1.10,Table S6 (CSV),"case=lowcount:zero, cmax=200, B=28348",rounding_ratio_pct,아카이브,0.51,,0.51,,0.0,0.0,ok,,,
1.10,Table S6 (CSV),"case=lowcount:zero, cmax=200, B=28348",apriori_ratio_pct,아카이브,3.43,,3.43,,0.0,0.0,ok,,,
1.10,Table S6 (CSV),"case=lowcount:zero, cmax=3, B=938",phi,아카이브,0.059007,,0.059007,,0.0,0.0,ok,,,
1.10,Table S6 (CSV),"case=lowcount:zero, cmax=3, B=938",V_QP,아카이브,0.059039,,0.059039,,0.0,0.0,ok,,,
1.10,Table S6 (CSV),"case=lowcount:zero, cmax=3, B=938",cert_excess,아카이브,0.033697,,0.033697,,0.0,0.0,ok,,,
1.10,Table S6 (CSV),"case=lowcount:zero, cmax=3, B=938",cert_ratio_pct,아카이브,57.11,,57.11,,0.0,0.0,ok,,,
1.10,Table S6 (CSV),"case=lowcount:zero, cmax=3, B=938",rounding_dQd,아카이브,0.303144,,0.303144,,0.0,0.0,ok,,,
1.10,Table S6 (CSV),"case=lowcount:zero, cmax=3, B=938",apriori,아카이브,2.388442,,2.388442,,0.0,0.0,ok,,,
1.10,Table S6 (CSV),"case=lowcount:zero, cmax=3, B=938",rounding_ratio_pct,아카이브,513.74,,513.74,,0.0,0.0,ok,,,
1.10,Table S6 (CSV),"case=lowcount:zero, cmax=3, B=938",apriori_ratio_pct,아카이브,4047.71,,4047.71,,0.0,0.0,ok,,,
1.10,Table S6 (CSV),"case=lowcount:zero, cmax=50, B=12500",phi,아카이브,10.478989,,10.478989,,0.0,0.0,ok,,,
1.10,Table S6 (CSV),"case=lowcount:zero, cmax=50, B=12500",V_QP,아카이브,10.478989,,10.478989,,0.0,0.0,ok,,,
1.10,Table S6 (CSV),"case=lowcount:zero, cmax=50, B=12500",cert_excess,아카이브,0.114395,,0.114395,,0.0,0.0,ok,,,
1.10,Table S6 (CSV),"case=lowcount:zero, cmax=50, B=12500",cert_ratio_pct,아카이브,1.09,,1.09,,0.0,0.0,ok,,,
1.10,Table S6 (CSV),"case=lowcount:zero, cmax=50, B=12500",rounding_dQd,아카이브,0.185105,,0.185105,,0.0,0.0,ok,,,
1.10,Table S6 (CSV),"case=lowcount:zero, cmax=50, B=12500",apriori,아카이브,1.816231,,1.816231,,0.0,0.0,ok,,,
1.10,Table S6 (CSV),"case=lowcount:zero, cmax=50, B=12500",rounding_ratio_pct,아카이브,1.77,,1.77,,0.0,0.0,ok,,,
1.10,Table S6 (CSV),"case=lowcount:zero, cmax=50, B=12500",apriori_ratio_pct,아카이브,17.33,,17.33,,0.0,0.0,ok,,,
1.10,Table S6 (CSV),"case=target:center100, cmax=200, B=26896",phi,아카이브,87.548203,,87.548203,,0.0,0.0,ok,,,
1.10,Table S6 (CSV),"case=target:center100, cmax=200, B=26896",V_QP,아카이브,93.592018,,93.592018,,0.0,0.0,ok,,,
1.10,Table S6 (CSV),"case=target:center100, cmax=200, B=26896",cert_excess,아카이브,,,,,,,ok,,,
1.10,Table S6 (CSV),"case=target:center100, cmax=200, B=26896",cert_ratio_pct,아카이브,,,,,,,ok,,,
1.10,Table S6 (CSV),"case=target:center100, cmax=200, B=26896",rounding_dQd,아카이브,,,,,,,ok,,,
1.10,Table S6 (CSV),"case=target:center100, cmax=200, B=26896",apriori,아카이브,,,,,,,ok,,,
1.10,Table S6 (CSV),"case=target:center100, cmax=200, B=26896",rounding_ratio_pct,아카이브,,,,,,,ok,,,
1.10,Table S6 (CSV),"case=target:center100, cmax=200, B=26896",apriori_ratio_pct,아카이브,,,,,,,ok,,,
1.10,Table S6 (CSV),"case=target:center30, cmax=200, B=27912",phi,아카이브,55.658871,,55.658871,,0.0,0.0,ok,,,
1.10,Table S6 (CSV),"case=target:center30, cmax=200, B=27912",V_QP,아카이브,55.664384,,55.664384,,0.0,0.0,ok,,,
1.10,Table S6 (CSV),"case=target:center30, cmax=200, B=27912",cert_excess,아카이브,,,,,,,ok,,,
1.10,Table S6 (CSV),"case=target:center30, cmax=200, B=27912",cert_ratio_pct,아카이브,,,,,,,ok,,,
1.10,Table S6 (CSV),"case=target:center30, cmax=200, B=27912",rounding_dQd,아카이브,,,,,,,ok,,,
1.10,Table S6 (CSV),"case=target:center30, cmax=200, B=27912",apriori,아카이브,,,,,,,ok,,,
1.10,Table S6 (CSV),"case=target:center30, cmax=200, B=27912",rounding_ratio_pct,아카이브,,,,,,,ok,,,
1.10,Table S6 (CSV),"case=target:center30, cmax=200, B=27912",apriori_ratio_pct,아카이브,,,,,,,ok,,,
1.10,Table S6 (CSV),"case=target:zero, cmax=200, B=28348",phi,아카이브,53.894468,,53.894468,,0.0,0.0,ok,,,
1.10,Table S6 (CSV),"case=target:zero, cmax=200, B=28348",V_QP,아카이브,53.894468,,53.894468,,0.0,0.0,ok,,,
1.10,Table S6 (CSV),"case=target:zero, cmax=200, B=28348",cert_excess,아카이브,,,,,,,ok,,,
1.10,Table S6 (CSV),"case=target:zero, cmax=200, B=28348",cert_ratio_pct,아카이브,,,,,,,ok,,,
1.10,Table S6 (CSV),"case=target:zero, cmax=200, B=28348",rounding_dQd,아카이브,,,,,,,ok,,,
1.10,Table S6 (CSV),"case=target:zero, cmax=200, B=28348",apriori,아카이브,,,,,,,ok,,,
1.10,Table S6 (CSV),"case=target:zero, cmax=200, B=28348",rounding_ratio_pct,아카이브,,,,,,,ok,,,
1.10,Table S6 (CSV),"case=target:zero, cmax=200, B=28348",apriori_ratio_pct,아카이브,,,,,,,ok,,,
1.10,Table S6 (CSV),상수,lambda_max_Q,아카이브,0.03551234341066668,,0.03551234341066668,,0.0,0.0,ok,,,
1.10,Table S6 (CSV),상수,gamma,아카이브,6.706552696541313e-08,,6.70655269654131e-08,,3.970466940254533e-23,5.920279940992892e-16,ok,,,
1.10,본문 §6.2,상수,lambda_max(Q),원고,,3.5512{\times}10^{-2},0.03551234341066668,3.5512e-2,,,ok,,,
1.10,본문 §6.2,상수,gamma,원고,,6.70655{\times}10^{-8},6.70655269654131e-08,6.70655e-8,,,ok,,,
1.10,Table S6,Target zero,phi,원고,,53.8945,53.89446803396348,53.8945,,,ok,,,
1.10,Table S6,Target zero,V_QP*,원고,,53.8945,53.894468346828944,53.8945,,,ok,,,
1.10,Table S6,Target center-30,phi,원고,,55.6589,55.658871345486396,55.6589,,,ok,,,
1.10,Table S6,Target center-30,V_QP*,원고,,55.6644,55.66438354888669,55.6644,,,ok,,,
1.10,Table S6,Target center-100,phi,원고,,87.5482,87.54820279504278,87.5482,,,ok,,,
1.10,Table S6,Target center-100,V_QP*,원고,,93.5920,93.59201756311086,93.5920,,,ok,,,
1.10,Table S6,Cmax=3,phi,원고,,0.0590,0.059007201507356936,0.0590,,,ok,,,
1.10,Table S6,Cmax=3,V_QP*,원고,,0.0590,0.05903884924704528,0.0590,,,ok,,,
1.10,Table S6,Cmax=3,cert/phi,원고,,57.11,57.108002607193356,57.11,,,ok,,,
1.10,Table S6,Cmax=3,first/phi,원고,,0.00,0.0017554088419417188,0.00,,,ok,,,
1.10,Table S6,Cmax=3,curv/phi,원고,,57.11,57.10578424411104,57.11,,,ok,,,
1.10,Table S6,Cmax=3,round/phi,원고,,513.74,513.7413188293606,513.74,,,ok,,,
1.10,Table S6,Cmax=3,spect/phi,원고,,4047.71,4047.712808991481,4047.71,,,ok,,,
1.10,Table S6,Cmax=5,phi,원고,,0.1048,0.10478988588345796,0.1048,,,ok,,,
1.10,Table S6,Cmax=5,V_QP*,원고,,0.1048,0.10478988599280115,0.1048,,,ok,,,
1.10,Table S6,Cmax=5,cert/phi,원고,,53.26,53.25551163978812,53.26,,,ok,,,
1.10,Table S6,Cmax=5,first/phi,원고,,-0.00,-3.026861926879337e-07,-0.00,,,ok,,,
1.10,Table S6,Cmax=5,curv/phi,원고,,53.26,53.25551183855661,53.26,,,ok,,,
1.10,Table S6,Cmax=5,round/phi,원고,,57.72,57.723901536939564,57.72,,,ok,,,
1.10,Table S6,Cmax=5,spect/phi,원고,,1360.56,1360.5589195070147,1360.56,,,ok,,,
1.10,Table S6,Cmax=8,phi,원고,,0.2358,0.23577724323778043,0.2358,,,ok,,,
1.10,Table S6,Cmax=8,V_QP*,원고,,0.2358,0.23577724366575126,0.2358,,,ok,,,
1.10,Table S6,Cmax=8,cert/phi,원고,,22.77,22.771458625520786,22.77,,,ok,,,
1.10,Table S6,Cmax=8,first/phi,원고,,-0.00,-3.022524015985312e-06,-0.00,,,ok,,,
1.10,Table S6,Cmax=8,curv/phi,원고,,22.77,22.77146146686732,22.77,,,ok,,,
1.10,Table S6,Cmax=8,round/phi,원고,,55.16,55.16004391024246,55.16,,,ok,,,
1.10,Table S6,Cmax=8,spect/phi,원고,,741.63,741.6314674678387,741.63,,,ok,,,
1.10,Table S6,Cmax=20,phi,원고,,1.6766,1.6766381741353273,1.6766,,,ok,,,
1.10,Table S6,Cmax=20,V_QP*,원고,,1.6766,1.6766381750865094,1.6766,,,ok,,,
1.10,Table S6,Cmax=20,cert/phi,원고,,4.45,4.448827013380673,4.45,,,ok,,,
1.10,Table S6,Cmax=20,first/phi,원고,,-0.00,-3.3305154843213624e-07,-0.00,,,ok,,,
1.10,Table S6,Cmax=20,curv/phi,원고,,4.45,4.448827289943398,4.45,,,ok,,,
1.10,Table S6,Cmax=20,round/phi,원고,,12.22,12.220646713045827,12.22,,,ok,,,
1.10,Table S6,Cmax=20,spect/phi,원고,,114.97,114.97218318961596,114.97,,,ok,,,
1.10,Table S6,Cmax=50,phi,원고,,10.4790,10.4789885883458,10.4790,,,ok,,,
1.10,Table S6,Cmax=50,V_QP*,원고,,10.4790,10.478988608804684,10.4790,,,ok,,,
1.10,Table S6,Cmax=50,cert/phi,원고,,1.09,1.0916653253074398,1.09,,,ok,,,
1.10,Table S6,Cmax=50,first/phi,원고,,0.00,3.769190230476713e-07,0.00,,,ok,,,
1.10,Table S6,Cmax=50,curv/phi,원고,,1.09,1.0916647533600807,1.09,,,ok,,,
1.10,Table S6,Cmax=50,round/phi,원고,,1.77,1.766437719566873,1.77,,,ok,,,
1.10,Table S6,Cmax=50,spect/phi,원고,,17.33,17.33211961350007,17.33,,,ok,,,
1.10,Table S6,Cmax=200,phi,원고,,53.8945,53.89446803396348,53.8945,,,ok,,,
1.10,Table S6,Cmax=200,V_QP*,원고,,53.8945,53.894468346828944,53.8945,,,ok,,,
1.10,Table S6,Cmax=200,cert/phi,원고,,0.34,0.33997315668462413,0.34,,,ok,,,
1.10,Table S6,Cmax=200,first/phi,원고,,0.00,1.0102718004703969e-05,0.00,,,ok,,,
1.10,Table S6,Cmax=200,curv/phi,원고,,0.34,0.3399624732003929,0.34,,,ok,,,
1.10,Table S6,Cmax=200,round/phi,원고,,0.51,0.5080462581311606,0.51,,,ok,,,
1.10,Table S6,Cmax=200,spect/phi,원고,,3.43,3.4254974553804245,3.43,,,ok,,,
1.11,Table S7 runs (CSV),"instance=center100, run=1",mean,아카이브,199.9404502356678,,199.9404502356678,,0.0,0.0,ok,,,
1.11,Table S7 runs (CSV),"instance=center100, run=1",variance,아카이브,209.59693550004377,,209.59693550004377,,0.0,0.0,ok,,,
1.11,Table S7 runs (CSV),"instance=center100, run=1",min,아카이브,134.41648421878216,,134.41648421878216,,0.0,0.0,ok,,,
1.11,Table S7 runs (CSV),"instance=center100, run=1",max,아카이브,282.9281853563964,,282.9281853563964,,0.0,0.0,ok,,,
1.11,Table S7 runs (CSV),"instance=center100, run=1",total_shots,아카이브,26888.0,,26888.0,,0.0,0.0,ok,,,
1.11,Table S7 runs (CSV),"instance=center100, run=1",archive_size,아카이브,7.0,,7.0,,0.0,0.0,ok,,,
1.11,Table S7 runs (CSV),"instance=center100, run=10",mean,아카이브,199.989836696232,,199.989836696232,,0.0,0.0,ok,,,
1.11,Table S7 runs (CSV),"instance=center100, run=10",variance,아카이브,219.11421310762978,,219.11421310762978,,0.0,0.0,ok,,,
1.11,Table S7 runs (CSV),"instance=center100, run=10",min,아카이브,130.5141679149769,,130.5141679149769,,0.0,0.0,ok,,,
1.11,Table S7 runs (CSV),"instance=center100, run=10",max,아카이브,270.3758418214497,,270.3758418214497,,0.0,0.0,ok,,,
1.11,Table S7 runs (CSV),"instance=center100, run=10",total_shots,아카이브,26895.0,,26895.0,,0.0,0.0,ok,,,
1.11,Table S7 runs (CSV),"instance=center100, run=10",archive_size,아카이브,6.0,,6.0,,0.0,0.0,ok,,,
1.11,Table S7 runs (CSV),"instance=center100, run=11",mean,아카이브,199.96161586162393,,199.96161586162393,,0.0,0.0,ok,,,
1.11,Table S7 runs (CSV),"instance=center100, run=11",variance,아카이브,232.46605610570518,,232.46605610570518,,0.0,0.0,ok,,,
1.11,Table S7 runs (CSV),"instance=center100, run=11",min,아카이브,117.17108970331694,,117.17108970331694,,0.0,0.0,ok,,,
1.11,Table S7 runs (CSV),"instance=center100, run=11",max,아카이브,259.4116856512936,,259.4116856512936,,0.0,0.0,ok,,,
1.11,Table S7 runs (CSV),"instance=center100, run=11",total_shots,아카이브,26891.0,,26891.0,,0.0,0.0,ok,,,
1.11,Table S7 runs (CSV),"instance=center100, run=11",archive_size,아카이브,6.0,,6.0,,0.0,0.0,ok,,,
1.11,Table S7 runs (CSV),"instance=center100, run=12",mean,아카이브,199.94750544431986,,199.94750544431986,,0.0,0.0,ok,,,
1.11,Table S7 runs (CSV),"instance=center100, run=12",variance,아카이브,208.95798195273653,,208.9579819527365,,2.842170943040401e-14,1.3601638551827427e-16,ok,,,
1.11,Table S7 runs (CSV),"instance=center100, run=12",min,아카이브,121.8588574129461,,121.8588574129461,,0.0,0.0,ok,,,
1.11,Table S7 runs (CSV),"instance=center100, run=12",max,아카이브,273.6937600025599,,273.6937600025599,,0.0,0.0,ok,,,
1.11,Table S7 runs (CSV),"instance=center100, run=12",total_shots,아카이브,26889.0,,26889.0,,0.0,0.0,ok,,,
1.11,Table S7 runs (CSV),"instance=center100, run=12",archive_size,아카이브,5.0,,5.0,,0.0,0.0,ok,,,
1.11,Table S7 runs (CSV),"instance=center100, run=13",mean,아카이브,200.01805753084014,,200.01805753084014,,0.0,0.0,ok,,,
1.11,Table S7 runs (CSV),"instance=center100, run=13",variance,아카이브,229.62760783092062,,229.62760783092062,,0.0,0.0,ok,,,
1.11,Table S7 runs (CSV),"instance=center100, run=13",min,아카이브,135.17775505202422,,135.17775505202422,,0.0,0.0,ok,,,
1.11,Table S7 runs (CSV),"instance=center100, run=13",max,아카이브,269.66432565867603,,269.66432565867603,,0.0,0.0,ok,,,
1.11,Table S7 runs (CSV),"instance=center100, run=13",total_shots,아카이브,26899.0,,26899.0,,0.0,0.0,ok,,,
1.11,Table S7 runs (CSV),"instance=center100, run=13",archive_size,아카이브,4.0,,4.0,,0.0,0.0,ok,,,
1.11,Table S7 runs (CSV),"instance=center100, run=14",mean,아카이브,199.96161586162395,,199.96161586162395,,0.0,0.0,ok,,,
1.11,Table S7 runs (CSV),"instance=center100, run=14",variance,아카이브,244.8787731806733,,244.87877318067328,,2.842170943040401e-14,1.1606440632334543e-16,ok,,,
1.11,Table S7 runs (CSV),"instance=center100, run=14",min,아카이브,129.5437466512277,,129.5437466512277,,0.0,0.0,ok,,,
1.11,Table S7 runs (CSV),"instance=center100, run=14",max,아카이브,269.6868687393827,,269.6868687393827,,0.0,0.0,ok,,,
1.11,Table S7 runs (CSV),"instance=center100, run=14",total_shots,아카이브,26891.0,,26891.0,,0.0,0.0,ok,,,
1.11,Table S7 runs (CSV),"instance=center100, run=14",archive_size,아카이브,4.0,,4.0,,0.0,0.0,ok,,,
1.11,Table S7 runs (CSV),"instance=center100, run=15",mean,아카이브,200.02511273949216,,200.02511273949216,,0.0,0.0,ok,,,
1.11,Table S7 runs (CSV),"instance=center100, run=15",variance,아카이브,234.62962927331287,,234.62962927331282,,5.684341886080802e-14,2.422687153232163e-16,ok,,,
1.11,Table S7 runs (CSV),"instance=center100, run=15",min,아카이브,131.44939820945626,,131.44939820945626,,0.0,0.0,ok,,,
1.11,Table S7 runs (CSV),"instance=center100, run=15",max,아카이브,269.17585660846805,,269.17585660846805,,0.0,0.0,ok,,,
1.11,Table S7 runs (CSV),"instance=center100, run=15",total_shots,아카이브,26900.0,,26900.0,,0.0,0.0,ok,,,
1.11,Table S7 runs (CSV),"instance=center100, run=15",archive_size,아카이브,5.0,,5.0,,0.0,0.0,ok,,,
1.11,Table S7 runs (CSV),"instance=center100, run=16",mean,아카이브,199.99689190488405,,199.99689190488405,,0.0,0.0,ok,,,
1.11,Table S7 runs (CSV),"instance=center100, run=16",variance,아카이브,235.129147530088,,235.129147530088,,0.0,0.0,ok,,,
1.11,Table S7 runs (CSV),"instance=center100, run=16",min,아카이브,129.30959475610524,,129.30959475610524,,0.0,0.0,ok,,,
1.11,Table S7 runs (CSV),"instance=center100, run=16",max,아카이브,268.73223735531235,,268.73223735531235,,0.0,0.0,ok,,,
1.11,Table S7 runs (CSV),"instance=center100, run=16",total_shots,아카이브,26896.0,,26896.0,,0.0,0.0,ok,,,
1.11,Table S7 runs (CSV),"instance=center100, run=16",archive_size,아카이브,5.0,,5.0,,0.0,0.0,ok,,,
1.11,Table S7 runs (CSV),"instance=center100, run=17",mean,아카이브,199.99689190488405,,199.99689190488405,,0.0,0.0,ok,,,
1.11,Table S7 runs (CSV),"instance=center100, run=17",variance,아카이브,207.12943128961982,,207.12943128961982,,0.0,0.0,ok,,,
1.11,Table S7 runs (CSV),"instance=center100, run=17",min,아카이브,132.4277199023417,,132.4277199023417,,0.0,0.0,ok,,,
1.11,Table S7 runs (CSV),"instance=center100, run=17",max,아카이브,260.56277753214454,,260.56277753214454,,0.0,0.0,ok,,,
1.11,Table S7 runs (CSV),"instance=center100, run=17",total_shots,아카이브,26896.0,,26896.0,,0.0,0.0,ok,,,
1.11,Table S7 runs (CSV),"instance=center100, run=17",archive_size,아카이브,4.0,,4.0,,0.0,0.0,ok,,,
1.11,Table S7 runs (CSV),"instance=center100, run=18",mean,아카이브,199.98278148758,,199.98278148758,,0.0,0.0,ok,,,
1.11,Table S7 runs (CSV),"instance=center100, run=18",variance,아카이브,204.50509336876266,,204.50509336876266,,0.0,0.0,ok,,,
1.11,Table S7 runs (CSV),"instance=center100, run=18",min,아카이브,134.68224823562446,,134.68224823562446,,0.0,0.0,ok,,,
1.11,Table S7 runs (CSV),"instance=center100, run=18",max,아카이브,264.90724247884907,,264.90724247884907,,0.0,0.0,ok,,,
1.11,Table S7 runs (CSV),"instance=center100, run=18",total_shots,아카이브,26894.0,,26894.0,,0.0,0.0,ok,,,
1.11,Table S7 runs (CSV),"instance=center100, run=18",archive_size,아카이브,3.0,,3.0,,0.0,0.0,ok,,,
1.11,Table S7 runs (CSV),"instance=center100, run=19",mean,아카이브,200.01805753084014,,200.01805753084014,,0.0,0.0,ok,,,
1.11,Table S7 runs (CSV),"instance=center100, run=19",variance,아카이브,215.6586697138727,,215.6586697138727,,0.0,0.0,ok,,,
1.11,Table S7 runs (CSV),"instance=center100, run=19",min,아카이브,139.22110295282624,,139.22110295282624,,0.0,0.0,ok,,,
1.11,Table S7 runs (CSV),"instance=center100, run=19",max,아카이브,280.3971344413143,,280.3971344413143,,0.0,0.0,ok,,,
1.11,Table S7 runs (CSV),"instance=center100, run=19",total_shots,아카이브,26899.0,,26899.0,,0.0,0.0,ok,,,
1.11,Table S7 runs (CSV),"instance=center100, run=19",archive_size,아카이브,5.0,,5.0,,0.0,0.0,ok,,,
1.11,Table S7 runs (CSV),"instance=center100, run=2",mean,아카이브,200.01100232218812,,200.01100232218812,,0.0,0.0,ok,,,
1.11,Table S7 runs (CSV),"instance=center100, run=2",variance,아카이브,230.8205271628472,,230.8205271628472,,0.0,0.0,ok,,,
1.11,Table S7 runs (CSV),"instance=center100, run=2",min,아카이브,134.5374346498324,,134.5374346498324,,0.0,0.0,ok,,,
1.11,Table S7 runs (CSV),"instance=center100, run=2",max,아카이브,260.34209168623966,,260.34209168623966,,0.0,0.0,ok,,,
1.11,Table S7 runs (CSV),"instance=center100, run=2",total_shots,아카이브,26898.0,,26898.0,,0.0,0.0,ok,,,
1.11,Table S7 runs (CSV),"instance=center100, run=2",archive_size,아카이브,4.0,,4.0,,0.0,0.0,ok,,,
1.11,Table S7 runs (CSV),"instance=center100, run=20",mean,아카이브,199.99689190488405,,199.99689190488405,,0.0,0.0,ok,,,
1.11,Table S7 runs (CSV),"instance=center100, run=20",variance,아카이브,239.50067656676794,,239.50067656676794,,0.0,0.0,ok,,,
1.11,Table S7 runs (CSV),"instance=center100, run=20",min,아카이브,127.99912111776447,,127.99912111776447,,0.0,0.0,ok,,,
1.11,Table S7 runs (CSV),"instance=center100, run=20",max,아카이브,290.32037678672805,,290.32037678672805,,0.0,0.0,ok,,,
1.11,Table S7 runs (CSV),"instance=center100, run=20",total_shots,아카이브,26896.0,,26896.0,,0.0,0.0,ok,,,
1.11,Table S7 runs (CSV),"instance=center100, run=20",archive_size,아카이브,2.0,,2.0,,0.0,0.0,ok,,,
1.11,Table S7 runs (CSV),"instance=center100, run=21",mean,아카이브,200.0180575308401,,200.0180575308401,,0.0,0.0,ok,,,
1.11,Table S7 runs (CSV),"instance=center100, run=21",variance,아카이브,236.9123992284093,,236.9123992284093,,0.0,0.0,ok,,,
1.11,Table S7 runs (CSV),"instance=center100, run=21",min,아카이브,123.53249709410177,,123.53249709410177,,0.0,0.0,ok,,,
1.11,Table S7 runs (CSV),"instance=center100, run=21",max,아카이브,276.8455571283931,,276.8455571283931,,0.0,0.0,ok,,,
1.11,Table S7 runs (CSV),"instance=center100, run=21",total_shots,아카이브,26899.0,,26899.0,,0.0,0.0,ok,,,
1.11,Table S7 runs (CSV),"instance=center100, run=21",archive_size,아카이브,4.0,,4.0,,0.0,0.0,ok,,,
1.11,Table S7 runs (CSV),"instance=center100, run=22",mean,아카이브,200.03216794814418,,200.03216794814418,,0.0,0.0,ok,,,
1.11,Table S7 runs (CSV),"instance=center100, run=22",variance,아카이브,237.23734424986552,,237.23734424986552,,0.0,0.0,ok,,,
1.11,Table S7 runs (CSV),"instance=center100, run=22",min,아카이브,118.40142875059072,,118.40142875059072,,0.0,0.0,ok,,,
1.11,Table S7 runs (CSV),"instance=center100, run=22",max,아카이브,278.00223645523363,,278.00223645523363,,0.0,0.0,ok,,,
1.11,Table S7 runs (CSV),"instance=center100, run=22",total_shots,아카이브,26901.0,,26901.0,,0.0,0.0,ok,,,
1.11,Table S7 runs (CSV),"instance=center100, run=22",archive_size,아카이브,7.0,,7.0,,0.0,0.0,ok,,,
1.11,Table S7 runs (CSV),"instance=center100, run=23",mean,아카이브,199.9404502356678,,199.9404502356678,,0.0,0.0,ok,,,
1.11,Table S7 runs (CSV),"instance=center100, run=23",variance,아카이브,242.72520074258009,,242.72520074258009,,0.0,0.0,ok,,,
1.11,Table S7 runs (CSV),"instance=center100, run=23",min,아카이브,113.8200937205627,,113.8200937205627,,0.0,0.0,ok,,,
1.11,Table S7 runs (CSV),"instance=center100, run=23",max,아카이브,273.9716684374026,,273.9716684374026,,0.0,0.0,ok,,,
1.11,Table S7 runs (CSV),"instance=center100, run=23",total_shots,아카이브,26888.0,,26888.0,,0.0,0.0,ok,,,
1.11,Table S7 runs (CSV),"instance=center100, run=23",archive_size,아카이브,5.0,,5.0,,0.0,0.0,ok,,,
1.11,Table S7 runs (CSV),"instance=center100, run=24",mean,아카이브,199.99689190488405,,199.99689190488405,,0.0,0.0,ok,,,
1.11,Table S7 runs (CSV),"instance=center100, run=24",variance,아카이브,204.40007711678635,,204.40007711678635,,0.0,0.0,ok,,,
1.11,Table S7 runs (CSV),"instance=center100, run=24",min,아카이브,134.93235875991508,,134.93235875991508,,0.0,0.0,ok,,,
1.11,Table S7 runs (CSV),"instance=center100, run=24",max,아카이브,257.4294500684704,,257.4294500684704,,0.0,0.0,ok,,,
1.11,Table S7 runs (CSV),"instance=center100, run=24",total_shots,아카이브,26896.0,,26896.0,,0.0,0.0,ok,,,
1.11,Table S7 runs (CSV),"instance=center100, run=24",archive_size,아카이브,3.0,,3.0,,0.0,0.0,ok,,,
1.11,Table S7 runs (CSV),"instance=center100, run=25",mean,아카이브,199.98983669623203,,199.98983669623203,,0.0,0.0,ok,,,
1.11,Table S7 runs (CSV),"instance=center100, run=25",variance,아카이브,229.54508287138856,,229.54508287138856,,0.0,0.0,ok,,,
1.11,Table S7 runs (CSV),"instance=center100, run=25",min,아카이브,139.34303747851976,,139.34303747851976,,0.0,0.0,ok,,,
1.11,Table S7 runs (CSV),"instance=center100, run=25",max,아카이브,273.3685571495479,,273.3685571495479,,0.0,0.0,ok,,,
1.11,Table S7 runs (CSV),"instance=center100, run=25",total_shots,아카이브,26895.0,,26895.0,,0.0,0.0,ok,,,
1.11,Table S7 runs (CSV),"instance=center100, run=25",archive_size,아카이브,5.0,,5.0,,0.0,0.0,ok,,,
1.11,Table S7 runs (CSV),"instance=center100, run=3",mean,아카이브,199.98278148758,,199.98278148758,,0.0,0.0,ok,,,
1.11,Table S7 runs (CSV),"instance=center100, run=3",variance,아카이브,251.8202625488949,,251.8202625488949,,0.0,0.0,ok,,,
1.11,Table S7 runs (CSV),"instance=center100, run=3",min,아카이브,130.20734588519755,,130.20734588519755,,0.0,0.0,ok,,,
1.11,Table S7 runs (CSV),"instance=center100, run=3",max,아카이브,266.82529484502976,,266.82529484502976,,0.0,0.0,ok,,,
1.11,Table S7 runs (CSV),"instance=center100, run=3",total_shots,아카이브,26894.0,,26894.0,,0.0,0.0,ok,,,
1.11,Table S7 runs (CSV),"instance=center100, run=3",archive_size,아카이브,9.0,,9.0,,0.0,0.0,ok,,,
1.11,Table S7 runs (CSV),"instance=center100, run=4",mean,아카이브,200.02511273949213,,200.02511273949213,,0.0,0.0,ok,,,
1.11,Table S7 runs (CSV),"instance=center100, run=4",variance,아카이브,225.04869188942612,,225.04869188942612,,0.0,0.0,ok,,,
1.11,Table S7 runs (CSV),"instance=center100, run=4",min,아카이브,123.37763470416775,,123.37763470416775,,0.0,0.0,ok,,,
1.11,Table S7 runs (CSV),"instance=center100, run=4",max,아카이브,260.79469173110715,,260.79469173110715,,0.0,0.0,ok,,,
1.11,Table S7 runs (CSV),"instance=center100, run=4",total_shots,아카이브,26900.0,,26900.0,,0.0,0.0,ok,,,
1.11,Table S7 runs (CSV),"instance=center100, run=4",archive_size,아카이브,7.0,,7.0,,0.0,0.0,ok,,,
1.11,Table S7 runs (CSV),"instance=center100, run=5",mean,아카이브,200.05333357410026,,200.05333357410026,,0.0,0.0,ok,,,
1.11,Table S7 runs (CSV),"instance=center100, run=5",variance,아카이브,234.8639866630379,,234.8639866630379,,0.0,0.0,ok,,,
1.11,Table S7 runs (CSV),"instance=center100, run=5",min,아카이브,136.5746749263563,,136.5746749263563,,0.0,0.0,ok,,,
1.11,Table S7 runs (CSV),"instance=center100, run=5",max,아카이브,282.427762987347,,282.427762987347,,0.0,0.0,ok,,,
1.11,Table S7 runs (CSV),"instance=center100, run=5",total_shots,아카이브,26904.0,,26904.0,,0.0,0.0,ok,,,
1.11,Table S7 runs (CSV),"instance=center100, run=5",archive_size,아카이브,6.0,,6.0,,0.0,0.0,ok,,,
1.11,Table S7 runs (CSV),"instance=center100, run=6",mean,아카이브,200.01100232218812,,200.01100232218812,,0.0,0.0,ok,,,
1.11,Table S7 runs (CSV),"instance=center100, run=6",variance,아카이브,260.4758601953282,,260.4758601953282,,0.0,0.0,ok,,,
1.11,Table S7 runs (CSV),"instance=center100, run=6",min,아카이브,92.06548129924471,,92.06548129924471,,0.0,0.0,ok,,,
1.11,Table S7 runs (CSV),"instance=center100, run=6",max,아카이브,273.4723694134881,,273.4723694134881,,0.0,0.0,ok,,,
1.11,Table S7 runs (CSV),"instance=center100, run=6",total_shots,아카이브,26898.0,,26898.0,,0.0,0.0,ok,,,
1.11,Table S7 runs (CSV),"instance=center100, run=6",archive_size,아카이브,4.0,,4.0,,0.0,0.0,ok,,,
1.11,Table S7 runs (CSV),"instance=center100, run=7",mean,아카이브,200.00394711353607,,200.00394711353607,,0.0,0.0,ok,,,
1.11,Table S7 runs (CSV),"instance=center100, run=7",variance,아카이브,239.68640336970392,,239.68640336970392,,0.0,0.0,ok,,,
1.11,Table S7 runs (CSV),"instance=center100, run=7",min,아카이브,126.14669043490696,,126.14669043490696,,0.0,0.0,ok,,,
1.11,Table S7 runs (CSV),"instance=center100, run=7",max,아카이브,277.8957064128855,,277.8957064128855,,0.0,0.0,ok,,,
1.11,Table S7 runs (CSV),"instance=center100, run=7",total_shots,아카이브,26897.0,,26897.0,,0.0,0.0,ok,,,
1.11,Table S7 runs (CSV),"instance=center100, run=7",archive_size,아카이브,6.0,,6.0,,0.0,0.0,ok,,,
1.11,Table S7 runs (CSV),"instance=center100, run=8",mean,아카이브,199.96161586162393,,199.96161586162393,,0.0,0.0,ok,,,
1.11,Table S7 runs (CSV),"instance=center100, run=8",variance,아카이브,240.08502779132505,,240.08502779132505,,0.0,0.0,ok,,,
1.11,Table S7 runs (CSV),"instance=center100, run=8",min,아카이브,135.00610767414065,,135.00610767414065,,0.0,0.0,ok,,,
1.11,Table S7 runs (CSV),"instance=center100, run=8",max,아카이브,266.8983854168335,,266.8983854168335,,0.0,0.0,ok,,,
1.11,Table S7 runs (CSV),"instance=center100, run=8",total_shots,아카이브,26891.0,,26891.0,,0.0,0.0,ok,,,
1.11,Table S7 runs (CSV),"instance=center100, run=8",archive_size,아카이브,8.0,,8.0,,0.0,0.0,ok,,,
1.11,Table S7 runs (CSV),"instance=center100, run=9",mean,아카이브,199.99689190488405,,199.99689190488405,,0.0,0.0,ok,,,
1.11,Table S7 runs (CSV),"instance=center100, run=9",variance,아카이브,208.9680962497218,,208.9680962497218,,0.0,0.0,ok,,,
1.11,Table S7 runs (CSV),"instance=center100, run=9",min,아카이브,135.36927402356412,,135.36927402356412,,0.0,0.0,ok,,,
1.11,Table S7 runs (CSV),"instance=center100, run=9",max,아카이브,266.19214535805673,,266.19214535805673,,0.0,0.0,ok,,,
1.11,Table S7 runs (CSV),"instance=center100, run=9",total_shots,아카이브,26896.0,,26896.0,,0.0,0.0,ok,,,
1.11,Table S7 runs (CSV),"instance=center100, run=9",archive_size,아카이브,4.0,,4.0,,0.0,0.0,ok,,,
1.11,Table S7 runs (CSV),"instance=center30, run=1",mean,아카이브,199.98992868669018,,199.98992868669018,,0.0,0.0,ok,,,
1.11,Table S7 runs (CSV),"instance=center30, run=1",variance,아카이브,124.14838456110242,,124.14838456110242,,0.0,0.0,ok,,,
1.11,Table S7 runs (CSV),"instance=center30, run=1",min,아카이브,158.5300128608523,,158.5300128608523,,0.0,0.0,ok,,,
1.11,Table S7 runs (CSV),"instance=center30, run=1",max,아카이브,238.92100296012086,,238.92100296012086,,0.0,0.0,ok,,,
1.11,Table S7 runs (CSV),"instance=center30, run=1",total_shots,아카이브,27911.0,,27911.0,,0.0,0.0,ok,,,
1.11,Table S7 runs (CSV),"instance=center30, run=1",archive_size,아카이브,8.0,,8.0,,0.0,0.0,ok,,,
1.11,Table S7 runs (CSV),"instance=center30, run=10",mean,아카이브,200.00403910399424,,200.00403910399424,,0.0,0.0,ok,,,
1.11,Table S7 runs (CSV),"instance=center30, run=10",variance,아카이브,123.38260493014135,,123.38260493014134,,1.4210854715202004e-14,1.1517713314002507e-16,ok,,,
1.11,Table S7 runs (CSV),"instance=center30, run=10",min,아카이브,158.8282115271409,,158.8282115271409,,0.0,0.0,ok,,,
1.11,Table S7 runs (CSV),"instance=center30, run=10",max,아카이브,238.86848810154177,,238.86848810154177,,0.0,0.0,ok,,,
1.11,Table S7 runs (CSV),"instance=center30, run=10",total_shots,아카이브,27913.0,,27913.0,,0.0,0.0,ok,,,
1.11,Table S7 runs (CSV),"instance=center30, run=10",archive_size,아카이브,5.0,,5.0,,0.0,0.0,ok,,,
1.11,Table S7 runs (CSV),"instance=center30, run=11",mean,아카이브,199.9969838953422,,199.9969838953422,,0.0,0.0,ok,,,
1.11,Table S7 runs (CSV),"instance=center30, run=11",variance,아카이브,123.47335292235893,,123.47335292235893,,0.0,0.0,ok,,,
1.11,Table S7 runs (CSV),"instance=center30, run=11",min,아카이브,162.86137532862364,,162.86137532862364,,0.0,0.0,ok,,,
1.11,Table S7 runs (CSV),"instance=center30, run=11",max,아카이브,241.01369303592412,,241.01369303592412,,0.0,0.0,ok,,,
1.11,Table S7 runs (CSV),"instance=center30, run=11",total_shots,아카이브,27912.0,,27912.0,,0.0,0.0,ok,,,
1.11,Table S7 runs (CSV),"instance=center30, run=11",archive_size,아카이브,4.0,,4.0,,0.0,0.0,ok,,,
1.11,Table S7 runs (CSV),"instance=center30, run=12",mean,아카이브,200.01814952129828,,200.01814952129828,,0.0,0.0,ok,,,
1.11,Table S7 runs (CSV),"instance=center30, run=12",variance,아카이브,121.98065647896658,,121.98065647896658,,0.0,0.0,ok,,,
1.11,Table S7 runs (CSV),"instance=center30, run=12",min,아카이브,159.0182884459847,,159.0182884459847,,0.0,0.0,ok,,,
1.11,Table S7 runs (CSV),"instance=center30, run=12",max,아카이브,233.56171469807828,,233.56171469807828,,0.0,0.0,ok,,,
1.11,Table S7 runs (CSV),"instance=center30, run=12",total_shots,아카이브,27915.0,,27915.0,,0.0,0.0,ok,,,
1.11,Table S7 runs (CSV),"instance=center30, run=12",archive_size,아카이브,6.0,,6.0,,0.0,0.0,ok,,,
1.11,Table S7 runs (CSV),"instance=center30, run=13",mean,아카이브,200.01109431264624,,200.01109431264624,,0.0,0.0,ok,,,
1.11,Table S7 runs (CSV),"instance=center30, run=13",variance,아카이브,123.9996929910874,,123.9996929910874,,0.0,0.0,ok,,,
1.11,Table S7 runs (CSV),"instance=center30, run=13",min,아카이브,162.68066816483963,,162.68066816483963,,0.0,0.0,ok,,,
1.11,Table S7 runs (CSV),"instance=center30, run=13",max,아카이브,243.4976892588802,,243.4976892588802,,0.0,0.0,ok,,,
1.11,Table S7 runs (CSV),"instance=center30, run=13",total_shots,아카이브,27914.0,,27914.0,,0.0,0.0,ok,,,
1.11,Table S7 runs (CSV),"instance=center30, run=13",archive_size,아카이브,6.0,,6.0,,0.0,0.0,ok,,,
1.11,Table S7 runs (CSV),"instance=center30, run=14",mean,아카이브,199.98992868669018,,199.98992868669018,,0.0,0.0,ok,,,
1.11,Table S7 runs (CSV),"instance=center30, run=14",variance,아카이브,114.39529437263705,,114.39529437263705,,0.0,0.0,ok,,,
1.11,Table S7 runs (CSV),"instance=center30, run=14",min,아카이브,164.2981865872165,,164.2981865872165,,0.0,0.0,ok,,,
1.11,Table S7 runs (CSV),"instance=center30, run=14",max,아카이브,234.6197472567219,,234.6197472567219,,0.0,0.0,ok,,,
1.11,Table S7 runs (CSV),"instance=center30, run=14",total_shots,아카이브,27911.0,,27911.0,,0.0,0.0,ok,,,
1.11,Table S7 runs (CSV),"instance=center30, run=14",archive_size,아카이브,3.0,,3.0,,0.0,0.0,ok,,,
1.11,Table S7 runs (CSV),"instance=center30, run=15",mean,아카이브,200.0040391039942,,200.0040391039942,,0.0,0.0,ok,,,
1.11,Table S7 runs (CSV),"instance=center30, run=15",variance,아카이브,120.28716274982942,,120.28716274982942,,0.0,0.0,ok,,,
1.11,Table S7 runs (CSV),"instance=center30, run=15",min,아카이브,154.6496422767446,,154.6496422767446,,0.0,0.0,ok,,,
1.11,Table S7 runs (CSV),"instance=center30, run=15",max,아카이브,234.19746409449186,,234.19746409449186,,0.0,0.0,ok,,,
1.11,Table S7 runs (CSV),"instance=center30, run=15",total_shots,아카이브,27913.0,,27913.0,,0.0,0.0,ok,,,
1.11,Table S7 runs (CSV),"instance=center30, run=15",archive_size,아카이브,3.0,,3.0,,0.0,0.0,ok,,,
1.11,Table S7 runs (CSV),"instance=center30, run=16",mean,아카이브,200.03931514725437,,200.03931514725437,,0.0,0.0,ok,,,
1.11,Table S7 runs (CSV),"instance=center30, run=16",variance,아카이브,114.24610034853988,,114.24610034853988,,0.0,0.0,ok,,,
1.11,Table S7 runs (CSV),"instance=center30, run=16",min,아카이브,154.23064134289,,154.23064134289,,0.0,0.0,ok,,,
1.11,Table S7 runs (CSV),"instance=center30, run=16",max,아카이브,236.41709766019437,,236.41709766019437,,0.0,0.0,ok,,,
1.11,Table S7 runs (CSV),"instance=center30, run=16",total_shots,아카이브,27918.0,,27918.0,,0.0,0.0,ok,,,
1.11,Table S7 runs (CSV),"instance=center30, run=16",archive_size,아카이브,4.0,,4.0,,0.0,0.0,ok,,,
1.11,Table S7 runs (CSV),"instance=center30, run=17",mean,아카이브,200.01814952129828,,200.01814952129828,,0.0,0.0,ok,,,
1.11,Table S7 runs (CSV),"instance=center30, run=17",variance,아카이브,125.12879817040822,,125.12879817040822,,0.0,0.0,ok,,,
1.11,Table S7 runs (CSV),"instance=center30, run=17",min,아카이브,158.45694155131417,,158.45694155131417,,0.0,0.0,ok,,,
1.11,Table S7 runs (CSV),"instance=center30, run=17",max,아카이브,238.97530470260577,,238.97530470260577,,0.0,0.0,ok,,,
1.11,Table S7 runs (CSV),"instance=center30, run=17",total_shots,아카이브,27915.0,,27915.0,,0.0,0.0,ok,,,
1.11,Table S7 runs (CSV),"instance=center30, run=17",archive_size,아카이브,2.0,,2.0,,0.0,0.0,ok,,,
1.11,Table S7 runs (CSV),"instance=center30, run=18",mean,아카이브,199.95465264343005,,199.95465264343005,,0.0,0.0,ok,,,
1.11,Table S7 runs (CSV),"instance=center30, run=18",variance,아카이브,130.63646931430816,,130.63646931430816,,0.0,0.0,ok,,,
1.11,Table S7 runs (CSV),"instance=center30, run=18",min,아카이브,156.49797754646315,,156.49797754646312,,2.842170943040401e-14,1.816107139273784e-16,ok,,,
1.11,Table S7 runs (CSV),"instance=center30, run=18",max,아카이브,238.6252724827217,,238.6252724827217,,0.0,0.0,ok,,,
1.11,Table S7 runs (CSV),"instance=center30, run=18",total_shots,아카이브,27906.0,,27906.0,,0.0,0.0,ok,,,
1.11,Table S7 runs (CSV),"instance=center30, run=18",archive_size,아카이브,6.0,,6.0,,0.0,0.0,ok,,,
1.11,Table S7 runs (CSV),"instance=center30, run=19",mean,아카이브,199.98287347803813,,199.98287347803813,,0.0,0.0,ok,,,
1.11,Table S7 runs (CSV),"instance=center30, run=19",variance,아카이브,128.83892131899745,,128.83892131899742,,2.842170943040401e-14,2.2059878443124775e-16,ok,,,
1.11,Table S7 runs (CSV),"instance=center30, run=19",min,아카이브,165.90151059792703,,165.90151059792703,,0.0,0.0,ok,,,
1.11,Table S7 runs (CSV),"instance=center30, run=19",max,아카이브,233.4842387654884,,233.4842387654884,,0.0,0.0,ok,,,
1.11,Table S7 runs (CSV),"instance=center30, run=19",total_shots,아카이브,27910.0,,27910.0,,0.0,0.0,ok,,,
1.11,Table S7 runs (CSV),"instance=center30, run=19",archive_size,아카이브,7.0,,7.0,,0.0,0.0,ok,,,
1.11,Table S7 runs (CSV),"instance=center30, run=2",mean,아카이브,199.94759743477803,,199.94759743477803,,0.0,0.0,ok,,,
1.11,Table S7 runs (CSV),"instance=center30, run=2",variance,아카이브,130.3758367561297,,130.3758367561297,,0.0,0.0,ok,,,
1.11,Table S7 runs (CSV),"instance=center30, run=2",min,아카이브,161.59374920045133,,161.59374920045133,,0.0,0.0,ok,,,
1.11,Table S7 runs (CSV),"instance=center30, run=2",max,아카이브,233.10952411907755,,233.10952411907755,,0.0,0.0,ok,,,
1.11,Table S7 runs (CSV),"instance=center30, run=2",total_shots,아카이브,27905.0,,27905.0,,0.0,0.0,ok,,,
1.11,Table S7 runs (CSV),"instance=center30, run=2",archive_size,아카이브,6.0,,6.0,,0.0,0.0,ok,,,
1.11,Table S7 runs (CSV),"instance=center30, run=20",mean,아카이브,199.9969838953422,,199.9969838953422,,0.0,0.0,ok,,,
1.11,Table S7 runs (CSV),"instance=center30, run=20",variance,아카이브,110.54321603297674,,110.54321603297674,,0.0,0.0,ok,,,
1.11,Table S7 runs (CSV),"instance=center30, run=20",min,아카이브,166.7529180353762,,166.7529180353762,,0.0,0.0,ok,,,
1.11,Table S7 runs (CSV),"instance=center30, run=20",max,아카이브,237.50418064943221,,237.50418064943221,,0.0,0.0,ok,,,
1.11,Table S7 runs (CSV),"instance=center30, run=20",total_shots,아카이브,27912.0,,27912.0,,0.0,0.0,ok,,,
1.11,Table S7 runs (CSV),"instance=center30, run=20",archive_size,아카이브,4.0,,4.0,,0.0,0.0,ok,,,
1.11,Table S7 runs (CSV),"instance=center30, run=21",mean,아카이브,199.9969838953422,,199.9969838953422,,0.0,0.0,ok,,,
1.11,Table S7 runs (CSV),"instance=center30, run=21",variance,아카이브,123.709914250078,,123.70991425007799,,1.4210854715202004e-14,1.1487239968879895e-16,ok,,,
1.11,Table S7 runs (CSV),"instance=center30, run=21",min,아카이브,162.94794823734063,,162.94794823734063,,0.0,0.0,ok,,,
1.11,Table S7 runs (CSV),"instance=center30, run=21",max,아카이브,233.34676884098667,,233.34676884098667,,0.0,0.0,ok,,,
1.11,Table S7 runs (CSV),"instance=center30, run=21",total_shots,아카이브,27912.0,,27912.0,,0.0,0.0,ok,,,
1.11,Table S7 runs (CSV),"instance=center30, run=21",archive_size,아카이브,2.0,,2.0,,0.0,0.0,ok,,,
1.11,Table S7 runs (CSV),"instance=center30, run=22",mean,아카이브,200.00403910399422,,200.00403910399422,,0.0,0.0,ok,,,
1.11,Table S7 runs (CSV),"instance=center30, run=22",variance,아카이브,130.03911203278298,,130.039112032783,,2.842170943040401e-14,2.1856277689160835e-16,ok,,,
1.11,Table S7 runs (CSV),"instance=center30, run=22",min,아카이브,144.46969038974,,144.46969038974,,0.0,0.0,ok,,,
1.11,Table S7 runs (CSV),"instance=center30, run=22",max,아카이브,238.5970000304274,,238.5970000304274,,0.0,0.0,ok,,,
1.11,Table S7 runs (CSV),"instance=center30, run=22",total_shots,아카이브,27913.0,,27913.0,,0.0,0.0,ok,,,
1.11,Table S7 runs (CSV),"instance=center30, run=22",archive_size,아카이브,3.0,,3.0,,0.0,0.0,ok,,,
1.11,Table S7 runs (CSV),"instance=center30, run=23",mean,아카이브,199.9969838953422,,199.9969838953422,,0.0,0.0,ok,,,
1.11,Table S7 runs (CSV),"instance=center30, run=23",variance,아카이브,114.07348337306684,,114.07348337306684,,0.0,0.0,ok,,,
1.11,Table S7 runs (CSV),"instance=center30, run=23",min,아카이브,160.90850638000023,,160.90850638000023,,0.0,0.0,ok,,,
1.11,Table S7 runs (CSV),"instance=center30, run=23",max,아카이브,235.50411121793337,,235.50411121793337,,0.0,0.0,ok,,,
1.11,Table S7 runs (CSV),"instance=center30, run=23",total_shots,아카이브,27912.0,,27912.0,,0.0,0.0,ok,,,
1.11,Table S7 runs (CSV),"instance=center30, run=23",archive_size,아카이브,2.0,,2.0,,0.0,0.0,ok,,,
1.11,Table S7 runs (CSV),"instance=center30, run=24",mean,아카이브,200.01109431264626,,200.01109431264626,,0.0,0.0,ok,,,
1.11,Table S7 runs (CSV),"instance=center30, run=24",variance,아카이브,123.80072059325587,,123.80072059325587,,0.0,0.0,ok,,,
1.11,Table S7 runs (CSV),"instance=center30, run=24",min,아카이브,158.85695260544185,,158.85695260544185,,0.0,0.0,ok,,,
1.11,Table S7 runs (CSV),"instance=center30, run=24",max,아카이브,235.26547108925945,,235.26547108925945,,0.0,0.0,ok,,,
1.11,Table S7 runs (CSV),"instance=center30, run=24",total_shots,아카이브,27914.0,,27914.0,,0.0,0.0,ok,,,
1.11,Table S7 runs (CSV),"instance=center30, run=24",archive_size,아카이브,4.0,,4.0,,0.0,0.0,ok,,,
1.11,Table S7 runs (CSV),"instance=center30, run=25",mean,아카이브,199.9969838953422,,199.9969838953422,,0.0,0.0,ok,,,
1.11,Table S7 runs (CSV),"instance=center30, run=25",variance,아카이브,112.21759451856798,,112.21759451856798,,0.0,0.0,ok,,,
1.11,Table S7 runs (CSV),"instance=center30, run=25",min,아카이브,165.04664419872904,,165.04664419872904,,0.0,0.0,ok,,,
1.11,Table S7 runs (CSV),"instance=center30, run=25",max,아카이브,239.44406196870514,,239.44406196870514,,0.0,0.0,ok,,,
1.11,Table S7 runs (CSV),"instance=center30, run=25",total_shots,아카이브,27912.0,,27912.0,,0.0,0.0,ok,,,
1.11,Table S7 runs (CSV),"instance=center30, run=25",archive_size,아카이브,6.0,,6.0,,0.0,0.0,ok,,,
1.11,Table S7 runs (CSV),"instance=center30, run=3",mean,아카이브,199.98992868669018,,199.98992868669018,,0.0,0.0,ok,,,
1.11,Table S7 runs (CSV),"instance=center30, run=3",variance,아카이브,124.71474828266089,,124.71474828266089,,0.0,0.0,ok,,,
1.11,Table S7 runs (CSV),"instance=center30, run=3",min,아카이브,152.78013551627157,,152.78013551627157,,0.0,0.0,ok,,,
1.11,Table S7 runs (CSV),"instance=center30, run=3",max,아카이브,240.05025274428084,,240.05025274428084,,0.0,0.0,ok,,,
1.11,Table S7 runs (CSV),"instance=center30, run=3",total_shots,아카이브,27911.0,,27911.0,,0.0,0.0,ok,,,
1.11,Table S7 runs (CSV),"instance=center30, run=3",archive_size,아카이브,5.0,,5.0,,0.0,0.0,ok,,,
1.11,Table S7 runs (CSV),"instance=center30, run=4",mean,아카이브,199.9969838953422,,199.9969838953422,,0.0,0.0,ok,,,
1.11,Table S7 runs (CSV),"instance=center30, run=4",variance,아카이브,115.72603940881942,,115.72603940881942,,0.0,0.0,ok,,,
1.11,Table S7 runs (CSV),"instance=center30, run=4",min,아카이브,164.41520316017744,,164.41520316017744,,0.0,0.0,ok,,,
1.11,Table S7 runs (CSV),"instance=center30, run=4",max,아카이브,232.40094630030742,,232.40094630030742,,0.0,0.0,ok,,,
1.11,Table S7 runs (CSV),"instance=center30, run=4",total_shots,아카이브,27912.0,,27912.0,,0.0,0.0,ok,,,
1.11,Table S7 runs (CSV),"instance=center30, run=4",archive_size,아카이브,4.0,,4.0,,0.0,0.0,ok,,,
1.11,Table S7 runs (CSV),"instance=center30, run=5",mean,아카이브,200.01109431264624,,200.01109431264624,,0.0,0.0,ok,,,
1.11,Table S7 runs (CSV),"instance=center30, run=5",variance,아카이브,122.18447916158722,,122.18447916158725,,2.842170943040401e-14,2.3261309149435177e-16,ok,,,
1.11,Table S7 runs (CSV),"instance=center30, run=5",min,아카이브,155.28581111485704,,155.28581111485704,,0.0,0.0,ok,,,
1.11,Table S7 runs (CSV),"instance=center30, run=5",max,아카이브,232.95423620778257,,232.95423620778257,,0.0,0.0,ok,,,
1.11,Table S7 runs (CSV),"instance=center30, run=5",total_shots,아카이브,27914.0,,27914.0,,0.0,0.0,ok,,,
1.11,Table S7 runs (CSV),"instance=center30, run=5",archive_size,아카이브,6.0,,6.0,,0.0,0.0,ok,,,
1.11,Table S7 runs (CSV),"instance=center30, run=6",mean,아카이브,200.00403910399422,,200.00403910399422,,0.0,0.0,ok,,,
1.11,Table S7 runs (CSV),"instance=center30, run=6",variance,아카이브,129.8289457775825,,129.82894577758248,,2.842170943040401e-14,2.189165848969835e-16,ok,,,
1.11,Table S7 runs (CSV),"instance=center30, run=6",min,아카이브,161.89186069424284,,161.89186069424284,,0.0,0.0,ok,,,
1.11,Table S7 runs (CSV),"instance=center30, run=6",max,아카이브,238.04147732569808,,238.04147732569808,,0.0,0.0,ok,,,
1.11,Table S7 runs (CSV),"instance=center30, run=6",total_shots,아카이브,27913.0,,27913.0,,0.0,0.0,ok,,,
1.11,Table S7 runs (CSV),"instance=center30, run=6",archive_size,아카이브,5.0,,5.0,,0.0,0.0,ok,,,
1.11,Table S7 runs (CSV),"instance=center30, run=7",mean,아카이브,200.01109431264624,,200.01109431264624,,0.0,0.0,ok,,,
1.11,Table S7 runs (CSV),"instance=center30, run=7",variance,아카이브,114.54831509931348,,114.54831509931348,,0.0,0.0,ok,,,
1.11,Table S7 runs (CSV),"instance=center30, run=7",min,아카이브,161.17268833590987,,161.17268833590987,,0.0,0.0,ok,,,
1.11,Table S7 runs (CSV),"instance=center30, run=7",max,아카이브,239.9806489752139,,239.9806489752139,,0.0,0.0,ok,,,
1.11,Table S7 runs (CSV),"instance=center30, run=7",total_shots,아카이브,27914.0,,27914.0,,0.0,0.0,ok,,,
1.11,Table S7 runs (CSV),"instance=center30, run=7",archive_size,아카이브,5.0,,5.0,,0.0,0.0,ok,,,
1.11,Table S7 runs (CSV),"instance=center30, run=8",mean,아카이브,200.00403910399422,,200.00403910399422,,0.0,0.0,ok,,,
1.11,Table S7 runs (CSV),"instance=center30, run=8",variance,아카이브,120.74613964255401,,120.74613964255401,,0.0,0.0,ok,,,
1.11,Table S7 runs (CSV),"instance=center30, run=8",min,아카이브,152.56169793272466,,152.56169793272466,,0.0,0.0,ok,,,
1.11,Table S7 runs (CSV),"instance=center30, run=8",max,아카이브,233.2383074154166,,233.2383074154166,,0.0,0.0,ok,,,
1.11,Table S7 runs (CSV),"instance=center30, run=8",total_shots,아카이브,27913.0,,27913.0,,0.0,0.0,ok,,,
1.11,Table S7 runs (CSV),"instance=center30, run=8",archive_size,아카이브,6.0,,6.0,,0.0,0.0,ok,,,
1.11,Table S7 runs (CSV),"instance=center30, run=9",mean,아카이브,200.00403910399422,,200.00403910399422,,0.0,0.0,ok,,,
1.11,Table S7 runs (CSV),"instance=center30, run=9",variance,아카이브,121.51075863396125,,121.51075863396125,,0.0,0.0,ok,,,
1.11,Table S7 runs (CSV),"instance=center30, run=9",min,아카이브,154.92771064723092,,154.92771064723092,,0.0,0.0,ok,,,
1.11,Table S7 runs (CSV),"instance=center30, run=9",max,아카이브,238.18884148537916,,238.18884148537916,,0.0,0.0,ok,,,
1.11,Table S7 runs (CSV),"instance=center30, run=9",total_shots,아카이브,27913.0,,27913.0,,0.0,0.0,ok,,,
1.11,Table S7 runs (CSV),"instance=center30, run=9",archive_size,아카이브,6.0,,6.0,,0.0,0.0,ok,,,
1.11,Table S7 runs (CSV),"instance=random_1_30_seed7, run=1",mean,아카이브,199.99721599329888,,199.99721599323604,,6.284039955062326e-11,3.1420637151633547e-13,ok,,,
1.11,Table S7 runs (CSV),"instance=random_1_30_seed7, run=1",variance,아카이브,177.0228322065377,,177.0228322041357,,2.4019755073823035e-09,1.3568732786852313e-11,ok,,,
1.11,Table S7 runs (CSV),"instance=random_1_30_seed7, run=1",min,아카이브,143.82460344779793,,143.824603447554,,2.439151103317272e-10,1.6959206177839925e-12,ok,,,
1.11,Table S7 runs (CSV),"instance=random_1_30_seed7, run=1",max,아카이브,239.53519202765028,,239.53519202502233,,2.6279565190634457e-09,1.0971066492643355e-11,ok,,,
1.11,Table S7 runs (CSV),"instance=random_1_30_seed7, run=1",total_shots,아카이브,26120.0,,26120.0,,0.0,0.0,ok,,,
1.11,Table S7 runs (CSV),"instance=random_1_30_seed7, run=1",archive_size,아카이브,3.0,,3.0,,0.0,0.0,ok,,,
1.11,Table S7 runs (CSV),"instance=random_1_30_seed7, run=10",mean,아카이브,200.0042712019509,,200.00427120188803,,6.286882126005366e-11,3.1433739330783063e-13,ok,,,
1.11,Table S7 runs (CSV),"instance=random_1_30_seed7, run=10",variance,아카이브,166.08424010358775,,166.08424010114013,,2.4476207727275323e-09,1.473722474330458e-11,ok,,,
1.11,Table S7 runs (CSV),"instance=random_1_30_seed7, run=10",min,아카이브,142.34600466389105,,142.34600465929762,,4.5934314130136045e-09,3.2269479033567996e-11,ok,,,
1.11,Table S7 runs (CSV),"instance=random_1_30_seed7, run=10",max,아카이브,240.0679516335292,,240.06795163088492,,2.6442705802764976e-09,1.1014675479520293e-11,ok,,,
1.11,Table S7 runs (CSV),"instance=random_1_30_seed7, run=10",total_shots,아카이브,26121.0,,26121.0,,0.0,0.0,ok,,,
1.11,Table S7 runs (CSV),"instance=random_1_30_seed7, run=10",archive_size,아카이브,6.0,,6.0,,0.0,0.0,ok,,,
1.11,Table S7 runs (CSV),"instance=random_1_30_seed7, run=11",mean,아카이브,199.97605036734282,,199.97605036727992,,6.289724296948407e-11,3.1452387850418075e-13,ok,,,
1.11,Table S7 runs (CSV),"instance=random_1_30_seed7, run=11",variance,아카이브,159.96682080882513,,159.96682080755033,,1.274798933081911e-09,7.969145893106242e-12,ok,,,
1.11,Table S7 runs (CSV),"instance=random_1_30_seed7, run=11",min,아카이브,159.55656402429258,,159.55656402415528,,1.3730527825828176e-10,8.605429622900187e-13,ok,,,
1.11,Table S7 runs (CSV),"instance=random_1_30_seed7, run=11",max,아카이브,239.1808023681248,,239.18080236353822,,4.586581781040877e-09,1.9176212035536354e-11,ok,,,
1.11,Table S7 runs (CSV),"instance=random_1_30_seed7, run=11",total_shots,아카이브,26117.0,,26117.0,,0.0,0.0,ok,,,
1.11,Table S7 runs (CSV),"instance=random_1_30_seed7, run=11",archive_size,아카이브,5.0,,5.0,,0.0,0.0,ok,,,
1.11,Table S7 runs (CSV),"instance=random_1_30_seed7, run=12",mean,아카이브,199.99016078464683,,199.990160784584,,6.284039955062326e-11,3.142174560192038e-13,ok,,,
1.11,Table S7 runs (CSV),"instance=random_1_30_seed7, run=12",variance,아카이브,173.92233102999822,,173.92233102956465,,4.3357317736081313e-10,2.4929126397577443e-12,ok,,,
1.11,Table S7 runs (CSV),"instance=random_1_30_seed7, run=12",min,아카이브,145.18423187086867,,145.18423186627524,,4.5934314130136045e-09,3.1638638396345577e-11,ok,,,
1.11,Table S7 runs (CSV),"instance=random_1_30_seed7, run=12",max,아카이브,241.78775273733922,,241.78775274046933,,3.1301112812798237e-09,1.294569822434369e-11,ok,,,
1.11,Table S7 runs (CSV),"instance=random_1_30_seed7, run=12",total_shots,아카이브,26119.0,,26119.0,,0.0,0.0,ok,,,
1.11,Table S7 runs (CSV),"instance=random_1_30_seed7, run=12",archive_size,아카이브,6.0,,6.0,,0.0,0.0,ok,,,
1.11,Table S7 runs (CSV),"instance=random_1_30_seed7, run=13",mean,아카이브,199.99721599329888,,199.997215993236,,6.286882126005366e-11,3.1434848204167076e-13,ok,,,
1.11,Table S7 runs (CSV),"instance=random_1_30_seed7, run=13",variance,아카이브,161.61929623521962,,161.6192962339617,,1.257916437680251e-09,7.783206999302163e-12,ok,,,
1.11,Table S7 runs (CSV),"instance=random_1_30_seed7, run=13",min,아카이브,158.85766356258756,,158.8576635630362,,4.4863668335892726e-10,2.824142526697625e-12,ok,,,
1.11,Table S7 runs (CSV),"instance=random_1_30_seed7, run=13",max,아카이브,237.4458059677484,,237.44580596987504,,2.1266259864205495e-09,8.956258367054093e-12,ok,,,
1.11,Table S7 runs (CSV),"instance=random_1_30_seed7, run=13",total_shots,아카이브,26120.0,,26120.0,,0.0,0.0,ok,,,
1.11,Table S7 runs (CSV),"instance=random_1_30_seed7, run=13",archive_size,아카이브,6.0,,6.0,,0.0,0.0,ok,,,
1.11,Table S7 runs (CSV),"instance=random_1_30_seed7, run=14",mean,아카이브,199.9831055759948,,199.98310557593194,,6.286882126005366e-11,3.143706618565493e-13,ok,,,
1.11,Table S7 runs (CSV),"instance=random_1_30_seed7, run=14",variance,아카이브,171.83429814634002,,171.83429814600814,,3.318803010188276e-10,1.9313973089131882e-12,ok,,,
1.11,Table S7 runs (CSV),"instance=random_1_30_seed7, run=14",min,아카이브,152.79030588363693,,152.7903058841335,,4.965556854585884e-10,3.2499161683514047e-12,ok,,,
1.11,Table S7 runs (CSV),"instance=random_1_30_seed7, run=14",max,아카이브,242.22538011898058,,242.22538012110718,,2.126597564711119e-09,8.7794167715478e-12,ok,,,
1.11,Table S7 runs (CSV),"instance=random_1_30_seed7, run=14",total_shots,아카이브,26118.0,,26118.0,,0.0,0.0,ok,,,
1.11,Table S7 runs (CSV),"instance=random_1_30_seed7, run=14",archive_size,아카이브,4.0,,4.0,,0.0,0.0,ok,,,
1.11,Table S7 runs (CSV),"instance=random_1_30_seed7, run=15",mean,아카이브,199.99016078464686,,199.990160784584,,6.286882126005366e-11,3.143595715578827e-13,ok,,,
1.11,Table S7 runs (CSV),"instance=random_1_30_seed7, run=15",variance,아카이브,170.12202109049397,,170.1220210891034,,1.3905605555919465e-09,8.1739009840017e-12,ok,,,
1.11,Table S7 runs (CSV),"instance=random_1_30_seed7, run=15",min,아카이브,153.80384910521886,,153.80384910808232,,2.8634588034037733e-09,1.861760170543489e-11,ok,,,
1.11,Table S7 runs (CSV),"instance=random_1_30_seed7, run=15",max,아카이브,243.86433779918713,,243.86433780131372,,2.126597564711119e-09,8.720412274722555e-12,ok,,,
1.11,Table S7 runs (CSV),"instance=random_1_30_seed7, run=15",total_shots,아카이브,26119.0,,26119.0,,0.0,0.0,ok,,,
1.11,Table S7 runs (CSV),"instance=random_1_30_seed7, run=15",archive_size,아카이브,4.0,,4.0,,0.0,0.0,ok,,,
1.11,Table S7 runs (CSV),"instance=random_1_30_seed7, run=16",mean,아카이브,200.02543682790696,,200.02543682784412,,6.284039955062326e-11,3.14162041324216e-13,ok,,,
1.11,Table S7 runs (CSV),"instance=random_1_30_seed7, run=16",variance,아카이브,165.58359653675606,,165.58359653581743,,9.386269539390923e-10,5.66859866297648e-12,ok,,,
1.11,Table S7 runs (CSV),"instance=random_1_30_seed7, run=16",min,아카이브,153.16994440727447,,153.16994440777103,,4.965556854585884e-10,3.241861106499204e-12,ok,,,
1.11,Table S7 runs (CSV),"instance=random_1_30_seed7, run=16",max,아카이브,242.92380133382892,,242.9238013372027,,3.3737705962266773e-09,1.388818459822469e-11,ok,,,
1.11,Table S7 runs (CSV),"instance=random_1_30_seed7, run=16",total_shots,아카이브,26124.0,,26124.0,,0.0,0.0,ok,,,
1.11,Table S7 runs (CSV),"instance=random_1_30_seed7, run=16",archive_size,아카이브,5.0,,5.0,,0.0,0.0,ok,,,
1.11,Table S7 runs (CSV),"instance=random_1_30_seed7, run=17",mean,아카이브,199.99016078464686,,199.990160784584,,6.286882126005366e-11,3.143595715578827e-13,ok,,,
1.11,Table S7 runs (CSV),"instance=random_1_30_seed7, run=17",variance,아카이브,164.4659925763844,,164.4659925746992,,1.6852084172569448e-09,1.0246546358051915e-11,ok,,,
1.11,Table S7 runs (CSV),"instance=random_1_30_seed7, run=17",min,아카이브,160.4280482849462,,160.4280482854455,,4.993125912733376e-10,3.1123771473332243e-12,ok,,,
1.11,Table S7 runs (CSV),"instance=random_1_30_seed7, run=17",max,아카이브,240.14441140059438,,240.1444113993806,,1.2137775229348335e-09,5.054365062487685e-12,ok,,,
1.11,Table S7 runs (CSV),"instance=random_1_30_seed7, run=17",total_shots,아카이브,26119.0,,26119.0,,0.0,0.0,ok,,,
1.11,Table S7 runs (CSV),"instance=random_1_30_seed7, run=17",archive_size,아카이브,3.0,,3.0,,0.0,0.0,ok,,,
1.11,Table S7 runs (CSV),"instance=random_1_30_seed7, run=18",mean,아카이브,200.01132641060295,,200.01132641054005,,6.289724296948407e-11,3.1446840585598845e-13,ok,,,
1.11,Table S7 runs (CSV),"instance=random_1_30_seed7, run=18",variance,아카이브,158.6228086700233,,158.6228086692462,,7.77077957536676e-10,4.898904287801386e-12,ok,,,
1.11,Table S7 runs (CSV),"instance=random_1_30_seed7, run=18",min,아카이브,151.7811597414637,,151.78115974154554,,8.182610145013314e-11,5.3910578618263e-13,ok,,,
1.11,Table S7 runs (CSV),"instance=random_1_30_seed7, run=18",max,아카이브,236.53180142009268,,236.53180141714085,,2.9518218980228994e-09,1.2479598431588112e-11,ok,,,
1.11,Table S7 runs (CSV),"instance=random_1_30_seed7, run=18",total_shots,아카이브,26122.0,,26122.0,,0.0,0.0,ok,,,
1.11,Table S7 runs (CSV),"instance=random_1_30_seed7, run=18",archive_size,아카이브,5.0,,5.0,,0.0,0.0,ok,,,
1.11,Table S7 runs (CSV),"instance=random_1_30_seed7, run=19",mean,아카이브,199.99016078464686,,199.990160784584,,6.286882126005366e-11,3.143595715578827e-13,ok,,,
1.11,Table S7 runs (CSV),"instance=random_1_30_seed7, run=19",variance,아카이브,162.2167678431224,,162.21676784122005,,1.9023502773052314e-09,1.1727211080576875e-11,ok,,,
1.11,Table S7 runs (CSV),"instance=random_1_30_seed7, run=19",min,아카이브,163.8209641433101,,163.8209641430662,,2.439151103317272e-10,1.4889126773686362e-12,ok,,,
1.11,Table S7 runs (CSV),"instance=random_1_30_seed7, run=19",max,아카이브,239.94390387706824,,239.9439038806677,,3.5994673908135155e-09,1.500128710357922e-11,ok,,,
1.11,Table S7 runs (CSV),"instance=random_1_30_seed7, run=19",total_shots,아카이브,26119.0,,26119.0,,0.0,0.0,ok,,,
1.11,Table S7 runs (CSV),"instance=random_1_30_seed7, run=19",archive_size,아카이브,5.0,,5.0,,0.0,0.0,ok,,,
1.11,Table S7 runs (CSV),"instance=random_1_30_seed7, run=2",mean,아카이브,200.00427120195093,,200.00427120188806,,6.286882126005366e-11,3.143373933078306e-13,ok,,,
1.11,Table S7 runs (CSV),"instance=random_1_30_seed7, run=2",variance,아카이브,164.038512048338,,164.03851204544338,,2.894608996939496e-09,1.764591107779939e-11,ok,,,
1.11,Table S7 runs (CSV),"instance=random_1_30_seed7, run=2",min,아카이브,154.21655672396005,,154.21655672349644,,4.6361492422875017e-10,3.006259081887023e-12,ok,,,
1.11,Table S7 runs (CSV),"instance=random_1_30_seed7, run=2",max,아카이브,236.84221259590203,,236.84221259802862,,2.126597564711119e-09,8.978963426336082e-12,ok,,,
1.11,Table S7 runs (CSV),"instance=random_1_30_seed7, run=2",total_shots,아카이브,26121.0,,26121.0,,0.0,0.0,ok,,,
1.11,Table S7 runs (CSV),"instance=random_1_30_seed7, run=2",archive_size,아카이브,3.0,,3.0,,0.0,0.0,ok,,,
1.11,Table S7 runs (CSV),"instance=random_1_30_seed7, run=20",mean,아카이브,200.01132641060292,,200.01132641054008,,6.284039955062326e-11,3.141842048565705e-13,ok,,,
1.11,Table S7 runs (CSV),"instance=random_1_30_seed7, run=20",variance,아카이브,164.75099651708604,,164.750996515137,,1.9490471458993852e-09,1.1830260132582888e-11,ok,,,
1.11,Table S7 runs (CSV),"instance=random_1_30_seed7, run=20",min,아카이브,163.46504486032686,,163.46504486531677,,4.98991425956774e-09,3.052587948592548e-11,ok,,,
1.11,Table S7 runs (CSV),"instance=random_1_30_seed7, run=20",max,아카이브,240.81785566571227,,240.81785566368882,,2.023455181188183e-09,8.402430025774386e-12,ok,,,
1.11,Table S7 runs (CSV),"instance=random_1_30_seed7, run=20",total_shots,아카이브,26122.0,,26122.0,,0.0,0.0,ok,,,
1.11,Table S7 runs (CSV),"instance=random_1_30_seed7, run=20",archive_size,아카이브,6.0,,6.0,,0.0,0.0,ok,,,
1.11,Table S7 runs (CSV),"instance=random_1_30_seed7, run=21",mean,아카이브,199.99721599329888,,199.99721599323604,,6.284039955062326e-11,3.1420637151633547e-13,ok,,,
1.11,Table S7 runs (CSV),"instance=random_1_30_seed7, run=21",variance,아카이브,164.03582933126083,,164.03582933030046,,9.603695616533514e-10,5.85463289068354e-12,ok,,,
1.11,Table S7 runs (CSV),"instance=random_1_30_seed7, run=21",min,아카이브,155.49075631447403,,155.49075631466633,,1.9230128600611351e-10,1.2367377364683442e-12,ok,,,
1.11,Table S7 runs (CSV),"instance=random_1_30_seed7, run=21",max,아카이브,239.703520871152,,239.70352087466023,,3.5082337035419187e-09,1.4635720371532223e-11,ok,,,
1.11,Table S7 runs (CSV),"instance=random_1_30_seed7, run=21",total_shots,아카이브,26120.0,,26120.0,,0.0,0.0,ok,,,
1.11,Table S7 runs (CSV),"instance=random_1_30_seed7, run=21",archive_size,아카이브,4.0,,4.0,,0.0,0.0,ok,,,
1.11,Table S7 runs (CSV),"instance=random_1_30_seed7, run=22",mean,아카이브,199.97605036734282,,199.97605036727992,,6.289724296948407e-11,3.1452387850418075e-13,ok,,,
1.11,Table S7 runs (CSV),"instance=random_1_30_seed7, run=22",variance,아카이브,159.3224996517536,,159.3224996509217,,8.318750133184949e-10,5.221327904952556e-12,ok,,,
1.11,Table S7 runs (CSV),"instance=random_1_30_seed7, run=22",min,아카이브,159.87586067000555,,159.87586066975737,,2.481783667462878e-10,1.552319191316471e-12,ok,,,
1.11,Table S7 runs (CSV),"instance=random_1_30_seed7, run=22",max,아카이브,239.6228183301907,,239.62281832708805,,3.1026559099700535e-09,1.2948082038225246e-11,ok,,,
1.11,Table S7 runs (CSV),"instance=random_1_30_seed7, run=22",total_shots,아카이브,26117.0,,26117.0,,0.0,0.0,ok,,,
1.11,Table S7 runs (CSV),"instance=random_1_30_seed7, run=22",archive_size,아카이브,3.0,,3.0,,0.0,0.0,ok,,,
1.11,Table S7 runs (CSV),"instance=random_1_30_seed7, run=23",mean,아카이브,199.99721599329888,,199.997215993236,,6.286882126005366e-11,3.1434848204167076e-13,ok,,,
1.11,Table S7 runs (CSV),"instance=random_1_30_seed7, run=23",variance,아카이브,168.49978091729338,,168.49978091539833,,1.8950458979816176e-09,1.1246577815503417e-11,ok,,,
1.11,Table S7 runs (CSV),"instance=random_1_30_seed7, run=23",min,아카이브,153.23341513078503,,153.23341513115182,,3.667821601993637e-10,2.3936173444043806e-12,ok,,,
1.11,Table S7 runs (CSV),"instance=random_1_30_seed7, run=23",max,아카이브,252.26958245465627,,252.26958245486819,,2.1191226551309228e-10,8.400230556974979e-13,ok,,,
1.11,Table S7 runs (CSV),"instance=random_1_30_seed7, run=23",total_shots,아카이브,26120.0,,26120.0,,0.0,0.0,ok,,,
1.11,Table S7 runs (CSV),"instance=random_1_30_seed7, run=23",archive_size,아카이브,6.0,,6.0,,0.0,0.0,ok,,,
1.11,Table S7 runs (CSV),"instance=random_1_30_seed7, run=24",mean,아카이브,199.99721599329888,,199.99721599323604,,6.284039955062326e-11,3.1420637151633547e-13,ok,,,
1.11,Table S7 runs (CSV),"instance=random_1_30_seed7, run=24",variance,아카이브,154.661020026773,,154.66102002495364,,1.8193588857684517e-09,1.1763525712254496e-11,ok,,,
1.11,Table S7 runs (CSV),"instance=random_1_30_seed7, run=24",min,아카이브,162.07533964409777,,162.07533964386877,,2.289937128807651e-10,1.412884362196086e-12,ok,,,
1.11,Table S7 runs (CSV),"instance=random_1_30_seed7, run=24",max,아카이브,238.0489405065336,,238.04894051101792,,4.4843204705102835e-09,1.8837808985699748e-11,ok,,,
1.11,Table S7 runs (CSV),"instance=random_1_30_seed7, run=24",total_shots,아카이브,26120.0,,26120.0,,0.0,0.0,ok,,,
1.11,Table S7 runs (CSV),"instance=random_1_30_seed7, run=24",archive_size,아카이브,5.0,,5.0,,0.0,0.0,ok,,,
1.11,Table S7 runs (CSV),"instance=random_1_30_seed7, run=25",mean,아카이브,200.00427120195093,,200.00427120188806,,6.286882126005366e-11,3.143373933078306e-13,ok,,,
1.11,Table S7 runs (CSV),"instance=random_1_30_seed7, run=25",variance,아카이브,162.40084929200364,,162.40084929037266,,1.630979795663734e-09,1.0042926516542797e-11,ok,,,
1.11,Table S7 runs (CSV),"instance=random_1_30_seed7, run=25",min,아카이브,152.66830440986695,,152.66830440554267,,4.3242778247076785e-09,2.8324660062368524e-11,ok,,,
1.11,Table S7 runs (CSV),"instance=random_1_30_seed7, run=25",max,아카이브,237.51065454516336,,237.5106545485371,,3.373742174517247e-09,1.420459297279954e-11,ok,,,
1.11,Table S7 runs (CSV),"instance=random_1_30_seed7, run=25",total_shots,아카이브,26121.0,,26121.0,,0.0,0.0,ok,,,
1.11,Table S7 runs (CSV),"instance=random_1_30_seed7, run=25",archive_size,아카이브,7.0,,7.0,,0.0,0.0,ok,,,
1.11,Table S7 runs (CSV),"instance=random_1_30_seed7, run=3",mean,아카이브,200.01838161925497,,200.0183816191921,,6.286882126005366e-11,3.1431521818693455e-13,ok,,,
1.11,Table S7 runs (CSV),"instance=random_1_30_seed7, run=3",variance,아카이브,164.15035681659455,,164.15035681564606,,9.484892871114425e-10,5.778173776199531e-12,ok,,,
1.11,Table S7 runs (CSV),"instance=random_1_30_seed7, run=3",min,아카이브,154.0251421207847,,154.0251421205955,,1.8920331967819948e-10,1.228392436929735e-12,ok,,,
1.11,Table S7 runs (CSV),"instance=random_1_30_seed7, run=3",max,아카이브,241.8990124587238,,241.89901246358198,,4.858179636357818e-09,2.0083503388368684e-11,ok,,,
1.11,Table S7 runs (CSV),"instance=random_1_30_seed7, run=3",total_shots,아카이브,26123.0,,26123.0,,0.0,0.0,ok,,,
1.11,Table S7 runs (CSV),"instance=random_1_30_seed7, run=3",archive_size,아카이브,4.0,,4.0,,0.0,0.0,ok,,,
1.11,Table S7 runs (CSV),"instance=random_1_30_seed7, run=4",mean,아카이브,200.00427120195093,,200.00427120188806,,6.286882126005366e-11,3.143373933078306e-13,ok,,,
1.11,Table S7 runs (CSV),"instance=random_1_30_seed7, run=4",variance,아카이브,163.66769890595228,,163.6676989045211,,1.4311751783679938e-09,8.7443960410929e-12,ok,,,
1.11,Table S7 runs (CSV),"instance=random_1_30_seed7, run=4",min,아카이브,155.90886657854776,,155.90886657876598,,2.1822188500664197e-10,1.3996759119321835e-12,ok,,,
1.11,Table S7 runs (CSV),"instance=random_1_30_seed7, run=4",max,아카이브,238.42952275715086,,238.4295227542988,,2.8520616979221813e-09,1.1961864726068801e-11,ok,,,
1.11,Table S7 runs (CSV),"instance=random_1_30_seed7, run=4",total_shots,아카이브,26121.0,,26121.0,,0.0,0.0,ok,,,
1.11,Table S7 runs (CSV),"instance=random_1_30_seed7, run=4",archive_size,아카이브,3.0,,3.0,,0.0,0.0,ok,,,
1.11,Table S7 runs (CSV),"instance=random_1_30_seed7, run=5",mean,아카이브,199.99721599329888,,199.99721599323604,,6.284039955062326e-11,3.1420637151633547e-13,ok,,,
1.11,Table S7 runs (CSV),"instance=random_1_30_seed7, run=5",variance,아카이브,171.78287311092103,,171.7828731099195,,1.0015241969085764e-09,5.830174910754272e-12,ok,,,
1.11,Table S7 runs (CSV),"instance=random_1_30_seed7, run=5",min,아카이브,154.76984368187024,,154.76984368231058,,4.403375442052493e-10,2.8451120304183034e-12,ok,,,
1.11,Table S7 runs (CSV),"instance=random_1_30_seed7, run=5",max,아카이브,237.51002130550194,,237.51002130762856,,2.1266259864205495e-09,8.953836872782454e-12,ok,,,
1.11,Table S7 runs (CSV),"instance=random_1_30_seed7, run=5",total_shots,아카이브,26120.0,,26120.0,,0.0,0.0,ok,,,
1.11,Table S7 runs (CSV),"instance=random_1_30_seed7, run=5",archive_size,아카이브,8.0,,8.0,,0.0,0.0,ok,,,
1.11,Table S7 runs (CSV),"instance=random_1_30_seed7, run=6",mean,아카이브,200.00427120195093,,200.00427120188806,,6.286882126005366e-11,3.143373933078306e-13,ok,,,
1.11,Table S7 runs (CSV),"instance=random_1_30_seed7, run=6",variance,아카이브,163.12391481724148,,163.1239148152428,,1.9986714505648706e-09,1.2252473543220897e-11,ok,,,
1.11,Table S7 runs (CSV),"instance=random_1_30_seed7, run=6",min,아카이브,160.48425486238582,,160.4842548619582,,4.276330400898587e-10,2.66464171489316e-12,ok,,,
1.11,Table S7 runs (CSV),"instance=random_1_30_seed7, run=6",max,아카이브,243.26868273426803,,243.26868273726632,,2.99829139294161e-09,1.2325020052896664e-11,ok,,,
1.11,Table S7 runs (CSV),"instance=random_1_30_seed7, run=6",total_shots,아카이브,26121.0,,26121.0,,0.0,0.0,ok,,,
1.11,Table S7 runs (CSV),"instance=random_1_30_seed7, run=6",archive_size,아카이브,6.0,,6.0,,0.0,0.0,ok,,,
1.11,Table S7 runs (CSV),"instance=random_1_30_seed7, run=7",mean,아카이브,200.06071287116714,,200.06071287110424,,6.289724296948407e-11,3.143907770137155e-13,ok,,,
1.11,Table S7 runs (CSV),"instance=random_1_30_seed7, run=7",variance,아카이브,176.73431426656563,,176.73431426546145,,1.1041834113711957e-09,6.247702467703996e-12,ok,,,
1.11,Table S7 runs (CSV),"instance=random_1_30_seed7, run=7",min,아카이브,153.9026754533487,,153.9026754534831,,1.3440626389638055e-10,8.733198659507518e-13,ok,,,
1.11,Table S7 runs (CSV),"instance=random_1_30_seed7, run=7",max,아카이브,248.17361259160336,,248.17361259227863,,6.752713943569688e-10,2.7209637128835338e-12,ok,,,
1.11,Table S7 runs (CSV),"instance=random_1_30_seed7, run=7",total_shots,아카이브,26129.0,,26129.0,,0.0,0.0,ok,,,
1.11,Table S7 runs (CSV),"instance=random_1_30_seed7, run=7",archive_size,아카이브,7.0,,7.0,,0.0,0.0,ok,,,
1.11,Table S7 runs (CSV),"instance=random_1_30_seed7, run=8",mean,아카이브,200.02543682790696,,200.02543682784412,,6.284039955062326e-11,3.14162041324216e-13,ok,,,
1.11,Table S7 runs (CSV),"instance=random_1_30_seed7, run=8",variance,아카이브,166.6924905212355,,166.69249052047059,,7.649134659004631e-10,4.5887697970594435e-12,ok,,,
1.11,Table S7 runs (CSV),"instance=random_1_30_seed7, run=8",min,아카이브,152.777152776692,,152.77715277649276,,1.992361831071321e-10,1.304096715287968e-12,ok,,,
1.11,Table S7 runs (CSV),"instance=random_1_30_seed7, run=8",max,아카이브,243.4355614457882,,243.43556144450244,,1.2857697129220469e-09,5.281766169600413e-12,ok,,,
1.11,Table S7 runs (CSV),"instance=random_1_30_seed7, run=8",total_shots,아카이브,26124.0,,26124.0,,0.0,0.0,ok,,,
1.11,Table S7 runs (CSV),"instance=random_1_30_seed7, run=8",archive_size,아카이브,6.0,,6.0,,0.0,0.0,ok,,,
1.11,Table S7 runs (CSV),"instance=random_1_30_seed7, run=9",mean,아카이브,199.99016078464683,,199.990160784584,,6.284039955062326e-11,3.142174560192038e-13,ok,,,
1.11,Table S7 runs (CSV),"instance=random_1_30_seed7, run=9",variance,아카이브,174.27585214545297,,174.27585214445014,,1.002831595542375e-09,5.754277389534141e-12,ok,,,
1.11,Table S7 runs (CSV),"instance=random_1_30_seed7, run=9",min,아카이브,151.01263546888012,,151.0126354692469,,3.667821601993637e-10,2.428817688404281e-12,ok,,,
1.11,Table S7 runs (CSV),"instance=random_1_30_seed7, run=9",max,아카이브,239.97347279924912,,239.9734727966887,,2.560426537456806e-09,1.0669623219557864e-11,ok,,,
1.11,Table S7 runs (CSV),"instance=random_1_30_seed7, run=9",total_shots,아카이브,26119.0,,26119.0,,0.0,0.0,ok,,,
1.11,Table S7 runs (CSV),"instance=random_1_30_seed7, run=9",archive_size,아카이브,6.0,,6.0,,0.0,0.0,ok,,,
1.11,Table S7 runs (CSV),"instance=zero, run=1",mean,아카이브,199.97283403301734,,199.97283403301734,,0.0,0.0,ok,,,
1.11,Table S7 runs (CSV),"instance=zero, run=1",variance,아카이브,106.22697188120324,,106.22697188120324,,0.0,0.0,ok,,,
1.11,Table S7 runs (CSV),"instance=zero, run=1",min,아카이브,170.50138095713646,,170.50138095713646,,0.0,0.0,ok,,,
1.11,Table S7 runs (CSV),"instance=zero, run=1",max,아카이브,231.3527689174208,,231.3527689174208,,0.0,0.0,ok,,,
1.11,Table S7 runs (CSV),"instance=zero, run=1",total_shots,아카이브,28344.0,,28344.0,,0.0,0.0,ok,,,
1.11,Table S7 runs (CSV),"instance=zero, run=1",archive_size,아카이브,5.0,,5.0,,0.0,0.0,ok,,,
1.11,Table S7 runs (CSV),"instance=zero, run=10",mean,아카이브,199.97988924166933,,199.97988924166933,,0.0,0.0,ok,,,
1.11,Table S7 runs (CSV),"instance=zero, run=10",variance,아카이브,109.25678959387578,,109.25678959387578,,0.0,0.0,ok,,,
1.11,Table S7 runs (CSV),"instance=zero, run=10",min,아카이브,160.49225946827318,,160.49225946827318,,0.0,0.0,ok,,,
1.11,Table S7 runs (CSV),"instance=zero, run=10",max,아카이브,230.196262940905,,230.196262940905,,0.0,0.0,ok,,,
1.11,Table S7 runs (CSV),"instance=zero, run=10",total_shots,아카이브,28345.0,,28345.0,,0.0,0.0,ok,,,
1.11,Table S7 runs (CSV),"instance=zero, run=10",archive_size,아카이브,5.0,,5.0,,0.0,0.0,ok,,,
1.11,Table S7 runs (CSV),"instance=zero, run=11",mean,아카이브,200.00811007627743,,200.00811007627743,,0.0,0.0,ok,,,
1.11,Table S7 runs (CSV),"instance=zero, run=11",variance,아카이브,106.90906484030178,,106.90906484030178,,0.0,0.0,ok,,,
1.11,Table S7 runs (CSV),"instance=zero, run=11",min,아카이브,157.03904253694859,,157.03904253694859,,0.0,0.0,ok,,,
1.11,Table S7 runs (CSV),"instance=zero, run=11",max,아카이브,233.38895292768677,,233.38895292768677,,0.0,0.0,ok,,,
1.11,Table S7 runs (CSV),"instance=zero, run=11",total_shots,아카이브,28349.0,,28349.0,,0.0,0.0,ok,,,
1.11,Table S7 runs (CSV),"instance=zero, run=11",archive_size,아카이브,7.0,,7.0,,0.0,0.0,ok,,,
1.11,Table S7 runs (CSV),"instance=zero, run=12",mean,아카이브,200.01516528492948,,200.01516528492948,,0.0,0.0,ok,,,
1.11,Table S7 runs (CSV),"instance=zero, run=12",variance,아카이브,102.42810166833736,,102.42810166833736,,0.0,0.0,ok,,,
1.11,Table S7 runs (CSV),"instance=zero, run=12",min,아카이브,157.4832943788191,,157.4832943788191,,0.0,0.0,ok,,,
1.11,Table S7 runs (CSV),"instance=zero, run=12",max,아카이브,228.51203180673645,,228.51203180673645,,0.0,0.0,ok,,,
1.11,Table S7 runs (CSV),"instance=zero, run=12",total_shots,아카이브,28350.0,,28350.0,,0.0,0.0,ok,,,
1.11,Table S7 runs (CSV),"instance=zero, run=12",archive_size,아카이브,6.0,,6.0,,0.0,0.0,ok,,,
1.11,Table S7 runs (CSV),"instance=zero, run=13",mean,아카이브,200.00811007627743,,200.00811007627743,,0.0,0.0,ok,,,
1.11,Table S7 runs (CSV),"instance=zero, run=13",variance,아카이브,111.10403069069307,,111.10403069069307,,0.0,0.0,ok,,,
1.11,Table S7 runs (CSV),"instance=zero, run=13",min,아카이브,166.62365810685435,,166.62365810685435,,0.0,0.0,ok,,,
1.11,Table S7 runs (CSV),"instance=zero, run=13",max,아카이브,233.6864125488909,,233.6864125488909,,0.0,0.0,ok,,,
1.11,Table S7 runs (CSV),"instance=zero, run=13",total_shots,아카이브,28349.0,,28349.0,,0.0,0.0,ok,,,
1.11,Table S7 runs (CSV),"instance=zero, run=13",archive_size,아카이브,5.0,,5.0,,0.0,0.0,ok,,,
1.11,Table S7 runs (CSV),"instance=zero, run=14",mean,아카이브,200.0010548676254,,200.0010548676254,,0.0,0.0,ok,,,
1.11,Table S7 runs (CSV),"instance=zero, run=14",variance,아카이브,107.57229966747784,,107.57229966747784,,0.0,0.0,ok,,,
1.11,Table S7 runs (CSV),"instance=zero, run=14",min,아카이브,154.74493499542643,,154.74493499542643,,0.0,0.0,ok,,,
1.11,Table S7 runs (CSV),"instance=zero, run=14",max,아카이브,232.24769803854394,,232.24769803854394,,0.0,0.0,ok,,,
1.11,Table S7 runs (CSV),"instance=zero, run=14",total_shots,아카이브,28348.0,,28348.0,,0.0,0.0,ok,,,
1.11,Table S7 runs (CSV),"instance=zero, run=14",archive_size,아카이브,6.0,,6.0,,0.0,0.0,ok,,,
1.11,Table S7 runs (CSV),"instance=zero, run=15",mean,아카이브,199.9939996589734,,199.9939996589734,,0.0,0.0,ok,,,
1.11,Table S7 runs (CSV),"instance=zero, run=15",variance,아카이브,109.87674351119152,,109.87674351119152,,0.0,0.0,ok,,,
1.11,Table S7 runs (CSV),"instance=zero, run=15",min,아카이브,154.52176206027036,,154.52176206027036,,0.0,0.0,ok,,,
1.11,Table S7 runs (CSV),"instance=zero, run=15",max,아카이브,232.52454853805705,,232.52454853805705,,0.0,0.0,ok,,,
1.11,Table S7 runs (CSV),"instance=zero, run=15",total_shots,아카이브,28347.0,,28347.0,,0.0,0.0,ok,,,
1.11,Table S7 runs (CSV),"instance=zero, run=15",archive_size,아카이브,3.0,,3.0,,0.0,0.0,ok,,,
1.11,Table S7 runs (CSV),"instance=zero, run=16",mean,아카이브,199.99399965897337,,199.99399965897337,,0.0,0.0,ok,,,
1.11,Table S7 runs (CSV),"instance=zero, run=16",variance,아카이브,108.40011988060125,,108.40011988060125,,0.0,0.0,ok,,,
1.11,Table S7 runs (CSV),"instance=zero, run=16",min,아카이브,165.9210545960825,,165.9210545960825,,0.0,0.0,ok,,,
1.11,Table S7 runs (CSV),"instance=zero, run=16",max,아카이브,233.7881599963976,,233.7881599963976,,0.0,0.0,ok,,,
1.11,Table S7 runs (CSV),"instance=zero, run=16",total_shots,아카이브,28347.0,,28347.0,,0.0,0.0,ok,,,
1.11,Table S7 runs (CSV),"instance=zero, run=16",archive_size,아카이브,3.0,,3.0,,0.0,0.0,ok,,,
1.11,Table S7 runs (CSV),"instance=zero, run=17",mean,아카이브,200.00811007627743,,200.00811007627743,,0.0,0.0,ok,,,
1.11,Table S7 runs (CSV),"instance=zero, run=17",variance,아카이브,106.40784866592921,,106.40784866592921,,0.0,0.0,ok,,,
1.11,Table S7 runs (CSV),"instance=zero, run=17",min,아카이브,165.61860913615953,,165.61860913615953,,0.0,0.0,ok,,,
1.11,Table S7 runs (CSV),"instance=zero, run=17",max,아카이브,231.238486149314,,231.238486149314,,0.0,0.0,ok,,,
1.11,Table S7 runs (CSV),"instance=zero, run=17",total_shots,아카이브,28349.0,,28349.0,,0.0,0.0,ok,,,
1.11,Table S7 runs (CSV),"instance=zero, run=17",archive_size,아카이브,4.0,,4.0,,0.0,0.0,ok,,,
1.11,Table S7 runs (CSV),"instance=zero, run=18",mean,아카이브,199.98694445032137,,199.98694445032137,,0.0,0.0,ok,,,
1.11,Table S7 runs (CSV),"instance=zero, run=18",variance,아카이브,116.73993437357619,,116.73993437357618,,1.4210854715202004e-14,1.2173087805348808e-16,ok,,,
1.11,Table S7 runs (CSV),"instance=zero, run=18",min,아카이브,159.87305633167503,,159.87305633167503,,0.0,0.0,ok,,,
1.11,Table S7 runs (CSV),"instance=zero, run=18",max,아카이브,229.47953912860697,,229.47953912860697,,0.0,0.0,ok,,,
1.11,Table S7 runs (CSV),"instance=zero, run=18",total_shots,아카이브,28346.0,,28346.0,,0.0,0.0,ok,,,
1.11,Table S7 runs (CSV),"instance=zero, run=18",archive_size,아카이브,5.0,,5.0,,0.0,0.0,ok,,,
1.11,Table S7 runs (CSV),"instance=zero, run=19",mean,아카이브,200.0010548676254,,200.0010548676254,,0.0,0.0,ok,,,
1.11,Table S7 runs (CSV),"instance=zero, run=19",variance,아카이브,112.72779519409629,,112.72779519409629,,0.0,0.0,ok,,,
1.11,Table S7 runs (CSV),"instance=zero, run=19",min,아카이브,147.44301946200528,,147.44301946200528,,0.0,0.0,ok,,,
1.11,Table S7 runs (CSV),"instance=zero, run=19",max,아카이브,239.86495573826568,,239.86495573826568,,0.0,0.0,ok,,,
1.11,Table S7 runs (CSV),"instance=zero, run=19",total_shots,아카이브,28348.0,,28348.0,,0.0,0.0,ok,,,
1.11,Table S7 runs (CSV),"instance=zero, run=19",archive_size,아카이브,4.0,,4.0,,0.0,0.0,ok,,,
1.11,Table S7 runs (CSV),"instance=zero, run=2",mean,아카이브,200.0010548676254,,200.0010548676254,,0.0,0.0,ok,,,
1.11,Table S7 runs (CSV),"instance=zero, run=2",variance,아카이브,104.56187700627477,,104.56187700627477,,0.0,0.0,ok,,,
1.11,Table S7 runs (CSV),"instance=zero, run=2",min,아카이브,159.85480018779685,,159.85480018779685,,0.0,0.0,ok,,,
1.11,Table S7 runs (CSV),"instance=zero, run=2",max,아카이브,229.88008827192536,,229.88008827192536,,0.0,0.0,ok,,,
1.11,Table S7 runs (CSV),"instance=zero, run=2",total_shots,아카이브,28348.0,,28348.0,,0.0,0.0,ok,,,
1.11,Table S7 runs (CSV),"instance=zero, run=2",archive_size,아카이브,4.0,,4.0,,0.0,0.0,ok,,,
1.11,Table S7 runs (CSV),"instance=zero, run=20",mean,아카이브,199.97988924166933,,199.97988924166933,,0.0,0.0,ok,,,
1.11,Table S7 runs (CSV),"instance=zero, run=20",variance,아카이브,108.08292336112615,,108.08292336112615,,0.0,0.0,ok,,,
1.11,Table S7 runs (CSV),"instance=zero, run=20",min,아카이브,163.94634456503525,,163.94634456503525,,0.0,0.0,ok,,,
1.11,Table S7 runs (CSV),"instance=zero, run=20",max,아카이브,228.9214133439874,,228.9214133439874,,0.0,0.0,ok,,,
1.11,Table S7 runs (CSV),"instance=zero, run=20",total_shots,아카이브,28345.0,,28345.0,,0.0,0.0,ok,,,
1.11,Table S7 runs (CSV),"instance=zero, run=20",archive_size,아카이브,5.0,,5.0,,0.0,0.0,ok,,,
1.11,Table S7 runs (CSV),"instance=zero, run=21",mean,아카이브,199.93050278110516,,199.93050278110516,,0.0,0.0,ok,,,
1.11,Table S7 runs (CSV),"instance=zero, run=21",variance,아카이브,116.2605848477388,,116.2605848477388,,0.0,0.0,ok,,,
1.11,Table S7 runs (CSV),"instance=zero, run=21",min,아카이브,156.12849103190973,,156.12849103190973,,0.0,0.0,ok,,,
1.11,Table S7 runs (CSV),"instance=zero, run=21",max,아카이브,234.3479600762961,,234.3479600762961,,0.0,0.0,ok,,,
1.11,Table S7 runs (CSV),"instance=zero, run=21",total_shots,아카이브,28338.0,,28338.0,,0.0,0.0,ok,,,
1.11,Table S7 runs (CSV),"instance=zero, run=21",archive_size,아카이브,6.0,,6.0,,0.0,0.0,ok,,,
1.11,Table S7 runs (CSV),"instance=zero, run=22",mean,아카이브,199.9939996589734,,199.9939996589734,,0.0,0.0,ok,,,
1.11,Table S7 runs (CSV),"instance=zero, run=22",variance,아카이브,106.0964114038097,,106.0964114038097,,0.0,0.0,ok,,,
1.11,Table S7 runs (CSV),"instance=zero, run=22",min,아카이브,160.83148194404725,,160.83148194404725,,0.0,0.0,ok,,,
1.11,Table S7 runs (CSV),"instance=zero, run=22",max,아카이브,230.93437503643145,,230.93437503643145,,0.0,0.0,ok,,,
1.11,Table S7 runs (CSV),"instance=zero, run=22",total_shots,아카이브,28347.0,,28347.0,,0.0,0.0,ok,,,
1.11,Table S7 runs (CSV),"instance=zero, run=22",archive_size,아카이브,5.0,,5.0,,0.0,0.0,ok,,,
1.11,Table S7 runs (CSV),"instance=zero, run=23",mean,아카이브,200.0010548676254,,200.0010548676254,,0.0,0.0,ok,,,
1.11,Table S7 runs (CSV),"instance=zero, run=23",variance,아카이브,115.70952896679987,,115.70952896679987,,0.0,0.0,ok,,,
1.11,Table S7 runs (CSV),"instance=zero, run=23",min,아카이브,163.46849565204354,,163.46849565204354,,0.0,0.0,ok,,,
1.11,Table S7 runs (CSV),"instance=zero, run=23",max,아카이브,233.80836175805763,,233.80836175805763,,0.0,0.0,ok,,,
1.11,Table S7 runs (CSV),"instance=zero, run=23",total_shots,아카이브,28348.0,,28348.0,,0.0,0.0,ok,,,
1.11,Table S7 runs (CSV),"instance=zero, run=23",archive_size,아카이브,6.0,,6.0,,0.0,0.0,ok,,,
1.11,Table S7 runs (CSV),"instance=zero, run=24",mean,아카이브,200.04338611953756,,200.04338611953756,,0.0,0.0,ok,,,
1.11,Table S7 runs (CSV),"instance=zero, run=24",variance,아카이브,120.6471490541399,,120.6471490541399,,0.0,0.0,ok,,,
1.11,Table S7 runs (CSV),"instance=zero, run=24",min,아카이브,159.76818253302682,,159.76818253302682,,0.0,0.0,ok,,,
1.11,Table S7 runs (CSV),"instance=zero, run=24",max,아카이브,231.55388916815292,,231.55388916815292,,0.0,0.0,ok,,,
1.11,Table S7 runs (CSV),"instance=zero, run=24",total_shots,아카이브,28354.0,,28354.0,,0.0,0.0,ok,,,
1.11,Table S7 runs (CSV),"instance=zero, run=24",archive_size,아카이브,5.0,,5.0,,0.0,0.0,ok,,,
1.11,Table S7 runs (CSV),"instance=zero, run=25",mean,아카이브,199.95166840706122,,199.95166840706122,,0.0,0.0,ok,,,
1.11,Table S7 runs (CSV),"instance=zero, run=25",variance,아카이브,118.6386484207687,,118.6386484207687,,0.0,0.0,ok,,,
1.11,Table S7 runs (CSV),"instance=zero, run=25",min,아카이브,165.14350015100328,,165.14350015100328,,0.0,0.0,ok,,,
1.11,Table S7 runs (CSV),"instance=zero, run=25",max,아카이브,236.19381956943587,,236.19381956943587,,0.0,0.0,ok,,,
1.11,Table S7 runs (CSV),"instance=zero, run=25",total_shots,아카이브,28341.0,,28341.0,,0.0,0.0,ok,,,
1.11,Table S7 runs (CSV),"instance=zero, run=25",archive_size,아카이브,6.0,,6.0,,0.0,0.0,ok,,,
1.11,Table S7 runs (CSV),"instance=zero, run=3",mean,아카이브,199.97988924166933,,199.97988924166933,,0.0,0.0,ok,,,
1.11,Table S7 runs (CSV),"instance=zero, run=3",variance,아카이브,97.10145835960427,,97.10145835960427,,0.0,0.0,ok,,,
1.11,Table S7 runs (CSV),"instance=zero, run=3",min,아카이브,165.053792301001,,165.053792301001,,0.0,0.0,ok,,,
1.11,Table S7 runs (CSV),"instance=zero, run=3",max,아카이브,227.67656974248237,,227.67656974248237,,0.0,0.0,ok,,,
1.11,Table S7 runs (CSV),"instance=zero, run=3",total_shots,아카이브,28345.0,,28345.0,,0.0,0.0,ok,,,
1.11,Table S7 runs (CSV),"instance=zero, run=3",archive_size,아카이브,6.0,,6.0,,0.0,0.0,ok,,,
1.11,Table S7 runs (CSV),"instance=zero, run=4",mean,아카이브,200.0010548676254,,200.0010548676254,,0.0,0.0,ok,,,
1.11,Table S7 runs (CSV),"instance=zero, run=4",variance,아카이브,109.6917601670269,,109.6917601670269,,0.0,0.0,ok,,,
1.11,Table S7 runs (CSV),"instance=zero, run=4",min,아카이브,158.92539752996976,,158.92539752996976,,0.0,0.0,ok,,,
1.11,Table S7 runs (CSV),"instance=zero, run=4",max,아카이브,233.54254380413022,,233.54254380413022,,0.0,0.0,ok,,,
1.11,Table S7 runs (CSV),"instance=zero, run=4",total_shots,아카이브,28348.0,,28348.0,,0.0,0.0,ok,,,
1.11,Table S7 runs (CSV),"instance=zero, run=4",archive_size,아카이브,7.0,,7.0,,0.0,0.0,ok,,,
1.11,Table S7 runs (CSV),"instance=zero, run=5",mean,아카이브,200.01516528492948,,200.01516528492948,,0.0,0.0,ok,,,
1.11,Table S7 runs (CSV),"instance=zero, run=5",variance,아카이브,110.82707260121221,,110.82707260121224,,2.842170943040401e-14,2.564509624166788e-16,ok,,,
1.11,Table S7 runs (CSV),"instance=zero, run=5",min,아카이브,158.4306295892136,,158.4306295892136,,0.0,0.0,ok,,,
1.11,Table S7 runs (CSV),"instance=zero, run=5",max,아카이브,231.86281701475352,,231.86281701475352,,0.0,0.0,ok,,,
1.11,Table S7 runs (CSV),"instance=zero, run=5",total_shots,아카이브,28350.0,,28350.0,,0.0,0.0,ok,,,
1.11,Table S7 runs (CSV),"instance=zero, run=5",archive_size,아카이브,3.0,,3.0,,0.0,0.0,ok,,,
1.11,Table S7 runs (CSV),"instance=zero, run=6",mean,아카이브,200.00811007627743,,200.00811007627743,,0.0,0.0,ok,,,
1.11,Table S7 runs (CSV),"instance=zero, run=6",variance,아카이브,105.02285852243598,,105.02285852243598,,0.0,0.0,ok,,,
1.11,Table S7 runs (CSV),"instance=zero, run=6",min,아카이브,160.8912917349178,,160.8912917349178,,0.0,0.0,ok,,,
1.11,Table S7 runs (CSV),"instance=zero, run=6",max,아카이브,234.4757128943689,,234.4757128943689,,0.0,0.0,ok,,,
1.11,Table S7 runs (CSV),"instance=zero, run=6",total_shots,아카이브,28349.0,,28349.0,,0.0,0.0,ok,,,
1.11,Table S7 runs (CSV),"instance=zero, run=6",archive_size,아카이브,4.0,,4.0,,0.0,0.0,ok,,,
1.11,Table S7 runs (CSV),"instance=zero, run=7",mean,아카이브,199.99399965897337,,199.99399965897337,,0.0,0.0,ok,,,
1.11,Table S7 runs (CSV),"instance=zero, run=7",variance,아카이브,106.5517524618519,,106.5517524618519,,0.0,0.0,ok,,,
1.11,Table S7 runs (CSV),"instance=zero, run=7",min,아카이브,166.40835963472574,,166.40835963472574,,0.0,0.0,ok,,,
1.11,Table S7 runs (CSV),"instance=zero, run=7",max,아카이브,232.71194177401009,,232.71194177401009,,0.0,0.0,ok,,,
1.11,Table S7 runs (CSV),"instance=zero, run=7",total_shots,아카이브,28347.0,,28347.0,,0.0,0.0,ok,,,
1.11,Table S7 runs (CSV),"instance=zero, run=7",archive_size,아카이브,5.0,,5.0,,0.0,0.0,ok,,,
1.11,Table S7 runs (CSV),"instance=zero, run=8",mean,아카이브,199.99399965897337,,199.99399965897337,,0.0,0.0,ok,,,
1.11,Table S7 runs (CSV),"instance=zero, run=8",variance,아카이브,111.38114918511538,,111.38114918511538,,0.0,0.0,ok,,,
1.11,Table S7 runs (CSV),"instance=zero, run=8",min,아카이브,160.62734739765904,,160.62734739765904,,0.0,0.0,ok,,,
1.11,Table S7 runs (CSV),"instance=zero, run=8",max,아카이브,231.85188701381122,,231.85188701381122,,0.0,0.0,ok,,,
1.11,Table S7 runs (CSV),"instance=zero, run=8",total_shots,아카이브,28347.0,,28347.0,,0.0,0.0,ok,,,
1.11,Table S7 runs (CSV),"instance=zero, run=8",archive_size,아카이브,7.0,,7.0,,0.0,0.0,ok,,,
1.11,Table S7 runs (CSV),"instance=zero, run=9",mean,아카이브,200.00811007627746,,200.00811007627746,,0.0,0.0,ok,,,
1.11,Table S7 runs (CSV),"instance=zero, run=9",variance,아카이브,112.0734616355661,,112.0734616355661,,0.0,0.0,ok,,,
1.11,Table S7 runs (CSV),"instance=zero, run=9",min,아카이브,157.00954013335027,,157.00954013335027,,0.0,0.0,ok,,,
1.11,Table S7 runs (CSV),"instance=zero, run=9",max,아카이브,234.86703210206903,,234.86703210206903,,0.0,0.0,ok,,,
1.11,Table S7 runs (CSV),"instance=zero, run=9",total_shots,아카이브,28349.0,,28349.0,,0.0,0.0,ok,,,
1.11,Table S7 runs (CSV),"instance=zero, run=9",archive_size,아카이브,5.0,,5.0,,0.0,0.0,ok,,,
1.11,Table S7 summary (CSV),instance=center100,runs,아카이브,25.0,,25.0,,0.0,0.0,ok,,,
1.11,Table S7 summary (CSV),instance=center100,mean_mean,아카이브,199.9943520297693,,199.9943520297693,,0.0,0.0,ok,,,
1.11,Table S7 summary (CSV),instance=center100,mean_std,아카이브,0.029364701686181188,,0.029364701686181188,,0.0,0.0,ok,,,
1.11,Table S7 summary (CSV),instance=center100,variance_mean,아카이브,228.95132701997795,,228.9513270199779,,5.684341886080802e-14,2.4827730680000793e-16,ok,,,
1.11,Table S7 summary (CSV),instance=center100,variance_std,아카이브,15.415991116354254,,15.415991116354252,,1.7763568394002505e-15,1.1522819557905551e-16,ok,,,
1.11,Table S7 summary (CSV),instance=center100,shots_mean,아카이브,26895.64,,26895.64,,0.0,0.0,ok,,,
1.11,Table S7 summary (CSV),instance=center100,shots_std,아카이브,4.162130864513192,,4.162130864513192,,0.0,0.0,ok,,,
1.11,Table S7 summary (CSV),instance=center100,jocs_variance,아카이브,254.87,,254.87,,0.0,0.0,ok,,,
1.11,Table S7 summary (CSV),instance=center100,iqp_feasible_variance,아카이브,93.780756,,93.780756,,0.0,0.0,ok,,,
1.11,Table S7 summary (CSV),instance=center100,variance_over_jocs,아카이브,0.8983063013300033,,0.8983063013300031,,2.220446049250313e-16,2.47181395250461e-16,ok,,,
1.11,Table S7 summary (CSV),instance=center100,variance_over_iqp,아카이브,2.441346570291862,,2.4413465702918615,,4.440892098500626e-16,1.819033869480366e-16,ok,,,
1.11,Table S7 summary (CSV),instance=center30,runs,아카이브,25.0,,25.0,,0.0,0.0,ok,,,
1.11,Table S7 summary (CSV),instance=center30,mean_mean,아카이브,199.99924156211083,,199.99924156211083,,0.0,0.0,ok,,,
1.11,Table S7 summary (CSV),instance=center30,mean_std,아카이브,0.01852356194576997,,0.01852356194576997,,0.0,0.0,ok,,,
1.11,Table S7 summary (CSV),instance=center30,variance_mean,아카이브,121.78146966886855,,121.78146966886855,,0.0,0.0,ok,,,
1.11,Table S7 summary (CSV),instance=center30,variance_std,아카이브,5.98494536937678,,5.984945369376778,,1.7763568394002505e-15,2.96804186131648e-16,ok,,,
1.11,Table S7 summary (CSV),instance=center30,shots_mean,아카이브,27912.32,,27912.32,,0.0,0.0,ok,,,
1.11,Table S7 summary (CSV),instance=center30,shots_std,아카이브,2.625515822335362,,2.625515822335362,,0.0,0.0,ok,,,
1.11,Table S7 summary (CSV),instance=center30,jocs_variance,아카이브,170.44,,170.44,,0.0,0.0,ok,,,
1.11,Table S7 summary (CSV),instance=center30,iqp_feasible_variance,아카이브,55.86483,,55.86483,,0.0,0.0,ok,,,
1.11,Table S7 summary (CSV),instance=center30,variance_over_jocs,아카이브,0.7145122604369195,,0.7145122604369195,,0.0,0.0,ok,,,
1.11,Table S7 summary (CSV),instance=center30,variance_over_iqp,아카이브,2.179930909462511,,2.179930909462511,,0.0,0.0,ok,,,
1.11,Table S7 summary (CSV),instance=random_1_30_seed7,runs,아카이브,25.0,,25.0,,0.0,0.0,ok,,,
1.11,Table S7 summary (CSV),instance=random_1_30_seed7,mean_mean,아카이브,200.0017313268362,,200.0017313267733,,6.289724296948407e-11,3.1448349247887e-13,ok,,,
1.11,Table S7 summary (CSV),instance=random_1_30_seed7,mean_std,아카이브,0.017741196260635726,,0.01774119626063563,,9.71445146547012e-17,5.47564624321563e-15,ok,,,
1.11,Table S7 summary (CSV),instance=random_1_30_seed7,variance_mean,아카이브,165.98391974463044,,165.98391974322746,,1.402980842613033e-09,8.452510609290026e-12,ok,,,
1.11,Table S7 summary (CSV),instance=random_1_30_seed7,variance_std,아카이브,5.768260200925918,,5.768260201015782,,8.986411614841927e-11,1.557906769427536e-11,ok,,,
1.11,Table S7 summary (CSV),instance=random_1_30_seed7,shots_mean,아카이브,26120.64,,26120.64,,0.0,0.0,ok,,,
1.11,Table S7 summary (CSV),instance=random_1_30_seed7,shots_std,아카이브,2.5146238950056397,,2.5146238950056397,,0.0,0.0,ok,,,
1.11,Table S7 summary (CSV),instance=random_1_30_seed7,jocs_variance,아카이브,200.2,,200.2,,0.0,0.0,ok,,,
1.11,Table S7 summary (CSV),instance=random_1_30_seed7,iqp_feasible_variance,아카이브,102.93372,,102.93372,,0.0,0.0,ok,,,
1.11,Table S7 summary (CSV),instance=random_1_30_seed7,variance_over_jocs,아카이브,0.8290905082149373,,0.8290905082079294,,7.007949776038913e-12,8.452575088728599e-12,ok,,,
1.11,Table S7 summary (CSV),instance=random_1_30_seed7,variance_over_iqp,아카이브,1.6125320229816862,,1.6125320229680562,,1.3629986028718122e-11,8.452536653204139e-12,ok,,,
1.11,Table S7 summary (CSV),instance=zero,runs,아카이브,25.0,,25.0,,0.0,0.0,ok,,,
1.11,Table S7 summary (CSV),instance=zero,mean_mean,아카이브,199.99484628401163,,199.99484628401163,,0.0,0.0,ok,,,
1.11,Table S7 summary (CSV),instance=zero,mean_std,아카이브,0.02187114682128013,,0.02187114682128013,,0.0,0.0,ok,,,
1.11,Table S7 summary (CSV),instance=zero,variance_mean,아카이브,109.61185343843017,,109.61185343843016,,1.4210854715202004e-14,1.296470616034638e-16,ok,,,
1.11,Table S7 summary (CSV),instance=zero,variance_std,아카이브,5.290149578673373,,5.290149578673373,,0.0,0.0,ok,,,
1.11,Table S7 summary (CSV),instance=zero,shots_mean,아카이브,28347.12,,28347.12,,0.0,0.0,ok,,,
1.11,Table S7 summary (CSV),instance=zero,shots_std,아카이브,3.1,,3.1,,0.0,0.0,ok,,,
1.11,Table S7 summary (CSV),instance=zero,jocs_variance,아카이브,166.1,,166.1,,0.0,0.0,ok,,,
1.11,Table S7 summary (CSV),instance=zero,iqp_feasible_variance,아카이브,54.077695,,54.077695,,0.0,0.0,ok,,,
1.11,Table S7 summary (CSV),instance=zero,variance_over_jocs,아카이브,0.6599148310561721,,0.659914831056172,,1.1102230246251565e-16,1.6823731978386982e-16,ok,,,
1.11,Table S7 summary (CSV),instance=zero,variance_over_iqp,아카이브,2.0269327943513527,,2.0269327943513527,,0.0,0.0,ok,,,
1.11,PSO points (CSV),instance=center100,mean,아카이브,199.994352,,199.994352,,0.0,0.0,ok,,,
1.11,PSO points (CSV),instance=center100,variance,아카이브,228.951327,,228.951327,,0.0,0.0,ok,,,
1.11,PSO points (CSV),instance=center30,mean,아카이브,199.999242,,199.999242,,0.0,0.0,ok,,,
1.11,PSO points (CSV),instance=center30,variance,아카이브,121.78147,,121.78147,,0.0,0.0,ok,,,
1.11,PSO points (CSV),instance=random_1_30_seed7,mean,아카이브,200.001731,,200.001731,,0.0,0.0,ok,,,
1.11,PSO points (CSV),instance=random_1_30_seed7,variance,아카이브,165.98392,,165.98392,,0.0,0.0,ok,,,
1.11,PSO points (CSV),instance=zero,mean,아카이브,199.994846,,199.994846,,0.0,0.0,ok,,,
1.11,PSO points (CSV),instance=zero,variance,아카이브,109.611853,,109.611853,,0.0,0.0,ok,,,
1.11,Table S7,Zero,PSO mean,원고,,199.995,199.99484628401163,199.995,,,ok,,,
1.11,Table S7,Zero,PSO mean std,원고,,0.022,0.02187114682128013,0.022,,,ok,,,
1.11,Table S7,Zero,PSO variance,원고,,109.612,109.61185343843016,109.612,,,ok,,,
1.11,Table S7,Zero,PSO variance std,원고,,5.290,5.290149578673373,5.290,,,ok,,,
1.11,Table S7,Zero,V_UB,원고,,54.078,54.07769475815953,54.078,,,ok,,,
1.11,Table S7,Zero,PSO/V_UB,원고,,2.027,2.026932803415984,2.027,,,ok,,,
1.11,Table S7,Random,PSO mean,원고,,200.002,200.0017313267733,200.002,,,ok,,,
1.11,Table S7,Random,PSO mean std,원고,,0.018,0.01774119626063563,0.018,,,ok,,,
1.11,Table S7,Random,PSO variance,원고,,165.984,165.98391974322746,165.984,,,ok,,,
1.11,Table S7,Random,PSO variance std,원고,,5.768,5.768260201015782,5.768,,,ok,,,
1.11,Table S7,Random,V_UB,원고,,102.934,102.93372028976046,102.934,,,ok,,,
1.11,Table S7,Random,PSO/V_UB,원고,,1.613,1.6125320184287466,1.613,,,ok,,,
1.11,Table S7,Center-30,PSO mean,원고,,199.999,199.99924156211083,199.999,,,ok,,,
1.11,Table S7,Center-30,PSO mean std,원고,,0.019,0.01852356194576997,0.019,,,ok,,,
1.11,Table S7,Center-30,PSO variance,원고,,121.781,121.78146966886855,121.781,,,ok,,,
1.11,Table S7,Center-30,PSO variance std,원고,,5.985,5.984945369376778,5.985,,,ok,,,
1.11,Table S7,Center-30,V_UB,원고,,55.865,55.86483043888768,55.865,,,ok,,,
1.11,Table S7,Center-30,PSO/V_UB,원고,,2.180,2.179930892336444,2.180,,,ok,,,
1.11,Table S7,Center-100,PSO mean,원고,,199.994,199.9943520297693,199.994,,,ok,,,
1.11,Table S7,Center-100,PSO mean std,원고,,0.029,0.029364701686181188,0.029,,,ok,,,
1.11,Table S7,Center-100,PSO variance,원고,,228.951,228.9513270199779,228.951,,,ok,,,
1.11,Table S7,Center-100,PSO variance std,원고,,15.416,15.415991116354252,15.416,,,ok,,,
1.11,Table S7,Center-100,V_UB,원고,,93.781,93.78075563984258,93.781,,,ok,,,
1.11,Table S7,Center-100,PSO/V_UB,원고,,2.441,2.4413465796676554,2.441,,,ok,,,
1.12,Table S9 Zero (CSV),budget=24096,mean,아카이브,170.002307679212,,170.002307679212,,0.0,0.0,ok,,,
1.12,Table S9 Zero (CSV),budget=24096,dev,아카이브,29.99769232078799,,29.99769232078799,,0.0,0.0,ok,,,
1.12,Table S9 Zero (CSV),budget=24096,var_repair,아카이브,39.097668,,39.097668,,0.0,0.0,ok,,,
1.12,Table S9 Zero (CSV),budget=24096,var_round,아카이브,39.1331835471899,,39.1331835471899,,0.0,0.0,ok,,,
1.12,Table S9 Zero (CSV),budget=24096,var_upper,아카이브,39.097668,,39.097668,,0.0,0.0,ok,,,
1.12,Table S9 Zero (CSV),budget=24096,var_lower,아카이브,38.93939955625659,,38.93939955624262,,1.396927018504357e-11,3.5874385183731106e-13,ok,,,
1.12,Table S9 Zero (CSV),budget=24096,relax_primal,아카이브,38.93939974008754,,38.939399740054796,,3.2741809263825417e-11,8.408401126460665e-13,ok,,,
1.12,Table S9 Zero (CSV),budget=24096,duality_gap,아카이브,1.838309486856815e-07,,1.8381217614660272e-07,,1.8772539078781847e-11,0.00010211849099946483,ok,,,
1.12,Table S9 Zero (CSV),budget=24096,gap,아카이브,0.40480277172390344,,0.40480277175963264,,3.572919737848679e-11,8.82632231650231e-11,ok,,,
1.12,Table S9 Zero (CSV),budget=24379,mean,아카이브,171.99893172773528,,171.99893172773528,,0.0,0.0,ok,,,
1.12,Table S9 Zero (CSV),budget=24379,dev,아카이브,28.001068272264718,,28.001068272264718,,0.0,0.0,ok,,,
1.12,Table S9 Zero (CSV),budget=24379,var_repair,아카이브,40.025734,,40.025734,,0.0,0.0,ok,,,
1.12,Table S9 Zero (CSV),budget=24379,var_round,아카이브,40.11489780758108,,40.11489780758108,,0.0,0.0,ok,,,
1.12,Table S9 Zero (CSV),budget=24379,var_upper,아카이브,40.025734,,40.025734,,0.0,0.0,ok,,,
1.12,Table S9 Zero (CSV),budget=24379,var_lower,아카이브,39.85943295798596,,39.85943295801846,,3.250022473366698e-11,8.153709754959137e-13,ok,,,
1.12,Table S9 Zero (CSV),budget=24379,relax_primal,아카이브,39.85943314898759,,39.85943314904944,,6.184563972055912e-11,1.5515935585283146e-12,ok,,,
1.12,Table S9 Zero (CSV),budget=24379,duality_gap,아카이브,1.9100163228813472e-07,,1.910309777031216e-07,,2.934541498689214e-11,0.0001536396031559732,ok,,,
1.12,Table S9 Zero (CSV),budget=24379,gap,아카이브,0.4154853025656967,,0.4154853024844984,,8.119832584085884e-11,1.9543007981135442e-10,ok,,,
1.12,Table S9 Zero (CSV),budget=24663,mean,아카이브,174.00261098491058,,174.00261098491058,,0.0,0.0,ok,,,
1.12,Table S9 Zero (CSV),budget=24663,dev,아카이브,25.997389015089425,,25.997389015089425,,0.0,0.0,ok,,,
1.12,Table S9 Zero (CSV),budget=24663,var_repair,아카이브,40.959415,,40.959415,,0.0,0.0,ok,,,
1.12,Table S9 Zero (CSV),budget=24663,var_round,아카이브,41.00576720496364,,41.00576720496364,,0.0,0.0,ok,,,
1.12,Table S9 Zero (CSV),budget=24663,var_upper,아카이브,40.959415,,40.959415,,0.0,0.0,ok,,,
1.12,Table S9 Zero (CSV),budget=24663,var_lower,아카이브,40.793516788853054,,40.793516788809896,,4.3158365770068485e-11,1.0579711965863563e-12,ok,,,
1.12,Table S9 Zero (CSV),budget=24663,relax_primal,아카이브,40.793516987221665,,40.79351698723258,,1.0913936421275139e-11,2.6754095325229906e-13,ok,,,
1.12,Table S9 Zero (CSV),budget=24663,duality_gap,아카이브,1.98368610426769e-07,,1.9842268272896035e-07,,5.4072302191343624e-11,0.0002725849723654,ok,,,
1.12,Table S9 Zero (CSV),budget=24663,gap,아카이브,0.405030714298399,,0.40503071440376764,,1.0536865824306574e-10,2.601497973445967e-10,ok,,,
1.12,Table S9 Zero (CSV),budget=24946,mean,아카이브,175.99923503343385,,175.99923503343385,,0.0,0.0,ok,,,
1.12,Table S9 Zero (CSV),budget=24946,dev,아카이브,24.00076496656615,,24.00076496656615,,0.0,0.0,ok,,,
1.12,Table S9 Zero (CSV),budget=24946,var_repair,아카이브,41.89926,,41.89926,,0.0,0.0,ok,,,
1.12,Table S9 Zero (CSV),budget=24946,var_round,아카이브,41.94826764823631,,41.94826764823631,,0.0,0.0,ok,,,
1.12,Table S9 Zero (CSV),budget=24946,var_upper,아카이브,41.89926,,41.89926,,0.0,0.0,ok,,,
1.12,Table S9 Zero (CSV),budget=24946,var_lower,아카이브,41.73507299363345,,41.73507299368251,,4.905587047687732e-11,1.1754111580051777e-12,ok,,,
1.12,Table S9 Zero (CSV),budget=24946,relax_primal,아카이브,41.73507319959026,,41.735073199670296,,8.003553375601768e-11,1.9177044059144827e-12,ok,,,
1.12,Table S9 Zero (CSV),budget=24946,duality_gap,아카이브,2.0595680894075485e-07,,2.05987788604034e-07,,3.097966327914037e-11,0.00015041825244074315,ok,,,
1.12,Table S9 Zero (CSV),budget=24946,gap,아카이브,0.39186135117075216,,0.39186135105367165,,1.1708051195213898e-10,2.987804528370586e-10,ok,,,
1.12,Table S9 Zero (CSV),budget=25230,mean,아카이브,178.0029142906092,,178.0029142906092,,0.0,0.0,ok,,,
1.12,Table S9 Zero (CSV),budget=25230,dev,아카이브,21.997085709390802,,21.997085709390802,,0.0,0.0,ok,,,
1.12,Table S9 Zero (CSV),budget=25230,var_repair,아카이브,42.858004,,42.858004,,0.0,0.0,ok,,,
1.12,Table S9 Zero (CSV),budget=25230,var_round,아카이브,42.92681026024235,,42.92681026024235,,0.0,0.0,ok,,,
1.12,Table S9 Zero (CSV),budget=25230,var_upper,아카이브,42.858004,,42.858004,,0.0,0.0,ok,,,
1.12,Table S9 Zero (CSV),budget=25230,var_lower,아카이브,42.69075567986039,,42.690755679831184,,2.920330643974012e-11,6.840662802677196e-13,ok,,,
1.12,Table S9 Zero (CSV),budget=25230,relax_primal,아카이브,42.69075589357453,,42.690755893607275,,3.2741809263825417e-11,7.669531395848029e-13,ok,,,
1.12,Table S9 Zero (CSV),budget=25230,duality_gap,아카이브,2.1371414504756103e-07,,2.137760901632646e-07,,6.194511570356553e-11,0.0002898503311036336,ok,,,
1.12,Table S9 Zero (CSV),budget=25230,gap,아카이브,0.390238239138746,,0.39023823920688566,,6.813966058061283e-11,1.746104142202895e-10,ok,,,
1.12,Table S9 Zero (CSV),budget=25513,mean,아카이브,179.99953833913247,,179.99953833913247,,0.0,0.0,ok,,,
1.12,Table S9 Zero (CSV),budget=25513,dev,아카이브,20.00046166086753,,20.00046166086753,,0.0,0.0,ok,,,
1.12,Table S9 Zero (CSV),budget=25513,var_repair,아카이브,43.817832,,43.817832,,0.0,0.0,ok,,,
1.12,Table S9 Zero (CSV),budget=25513,var_round,아카이브,43.89965271595064,,43.89965271595064,,0.0,0.0,ok,,,
1.12,Table S9 Zero (CSV),budget=25513,var_upper,아카이브,43.817832,,43.817832,,0.0,0.0,ok,,,
1.12,Table S9 Zero (CSV),budget=25513,var_lower,아카이브,43.65383468770379,,43.6538346876967,,7.0912165028858e-12,1.6244200660986195e-13,ok,,,
1.12,Table S9 Zero (CSV),budget=25513,relax_primal,아카이브,43.653834909477155,,43.653834909404395,,7.275957614183426e-11,1.666739618471373e-12,ok,,,
1.12,Table S9 Zero (CSV),budget=25513,duality_gap,아카이브,2.2177336234108225e-07,,2.217076939814433e-07,,6.566835963894846e-11,0.0002961057132639404,ok,,,
1.12,Table S9 Zero (CSV),budget=25513,gap,아카이브,0.37427071311106946,,0.37427071312725285,,1.618338796305352e-11,4.3239792471421347e-11,ok,,,
1.12,Table S9 Zero (CSV),budget=25797,mean,아카이브,182.00321759630776,,182.00321759630776,,0.0,0.0,ok,,,
1.12,Table S9 Zero (CSV),budget=25797,dev,아카이브,17.996782403692237,,17.996782403692237,,0.0,0.0,ok,,,
1.12,Table S9 Zero (CSV),budget=25797,var_repair,아카이브,44.797654,,44.797654,,0.0,0.0,ok,,,
1.12,Table S9 Zero (CSV),budget=25797,var_round,아카이브,44.88073166165522,,44.88073166165522,,0.0,0.0,ok,,,
1.12,Table S9 Zero (CSV),budget=25797,var_upper,아카이브,44.797654,,44.797654,,0.0,0.0,ok,,,
1.12,Table S9 Zero (CSV),budget=25797,var_lower,아카이브,44.63111622928686,,44.631116229371955,,8.50945980346296e-11,1.9066204304070414e-12,ok,,,
1.12,Table S9 Zero (CSV),budget=25797,relax_primal,아카이브,44.631116459175246,,44.6311164591898,,1.4551915228366852e-11,3.260486490782212e-13,ok,,,
1.12,Table S9 Zero (CSV),budget=25797,duality_gap,아카이브,2.2988838566107006e-07,,2.298178429782638e-07,,7.054268280626275e-11,0.00030685622765764907,ok,,,
1.12,Table S9 Zero (CSV),budget=25797,gap,아카이브,0.37175556272018445,,0.37175556253023123,,1.8995321982018254e-10,5.109626831950268e-10,ok,,,
1.12,Table S9 Zero (CSV),budget=26080,mean,아카이브,183.99984164483104,,183.99984164483104,,0.0,0.0,ok,,,
1.12,Table S9 Zero (CSV),budget=26080,dev,아카이브,16.000158355168963,,16.000158355168963,,0.0,0.0,ok,,,
1.12,Table S9 Zero (CSV),budget=26080,var_repair,아카이브,45.775255,,45.775255,,0.0,0.0,ok,,,
1.12,Table S9 Zero (CSV),budget=26080,var_round,아카이브,45.926368054745204,,45.926368054745204,,0.0,0.0,ok,,,
1.12,Table S9 Zero (CSV),budget=26080,var_upper,아카이브,45.775255,,45.775255,,0.0,0.0,ok,,,
1.12,Table S9 Zero (CSV),budget=26080,var_lower,아카이브,45.615718040223825,,45.615718040246975,,2.3149482331064064e-11,5.074891578085192e-13,ok,,,
1.12,Table S9 Zero (CSV),budget=26080,relax_primal,아카이브,45.61571827842272,,45.615718278393615,,2.9103830456733704e-11,6.380219703895463e-13,ok,,,
1.12,Table S9 Zero (CSV),budget=26080,duality_gap,아카이브,2.381988934985202e-07,,2.381466401857324e-07,,5.225331278779777e-11,0.00021936841108005563,ok,,,
1.12,Table S9 Zero (CSV),budget=26080,gap,아카이브,0.34852227426406684,,0.3485222742134948,,5.057204655045666e-11,1.4510420218404593e-10,ok,,,
1.12,Table S9 Zero (CSV),budget=26364,mean,아카이브,186.00352090200636,,186.00352090200636,,0.0,0.0,ok,,,
1.12,Table S9 Zero (CSV),budget=26364,dev,아카이브,13.996479097993642,,13.996479097993642,,0.0,0.0,ok,,,
1.12,Table S9 Zero (CSV),budget=26364,var_repair,아카이브,46.783253,,46.783253,,0.0,0.0,ok,,,
1.12,Table S9 Zero (CSV),budget=26364,var_round,아카이브,46.96666773284189,,46.96666773284189,,0.0,0.0,ok,,,
1.12,Table S9 Zero (CSV),budget=26364,var_upper,아카이브,46.783253,,46.783253,,0.0,0.0,ok,,,
1.12,Table S9 Zero (CSV),budget=26364,var_lower,아카이브,46.61459843702727,,46.61459843700531,,2.1955770534987096e-11,4.710063214348537e-13,ok,,,
1.12,Table S9 Zero (CSV),budget=26364,relax_primal,아카이브,46.61459868383099,,46.61459868380189,,2.9103830456733704e-11,6.24350123748439e-13,ok,,,
1.12,Table S9 Zero (CSV),budget=26364,duality_gap,아카이브,2.4680372234797687e-07,,2.467965742880551e-07,,7.148059921746608e-12,2.896252882145885e-05,ok,,,
1.12,Table S9 Zero (CSV),budget=26364,gap,아카이브,0.36050200051871856,,0.36050200056564935,,4.6930792585442305e-11,1.3018178128807774e-10,ok,,,
1.12,Table S9 Zero (CSV),budget=26647,mean,아카이브,188.00014495052963,,188.00014495052963,,0.0,0.0,ok,,,
1.12,Table S9 Zero (CSV),budget=26647,dev,아카이브,11.99985504947037,,11.99985504947037,,0.0,0.0,ok,,,
1.12,Table S9 Zero (CSV),budget=26647,var_repair,아카이브,47.799762,,47.799762,,0.0,0.0,ok,,,
1.12,Table S9 Zero (CSV),budget=26647,var_round,아카이브,48.01975503420504,,48.01975503420504,,0.0,0.0,ok,,,
1.12,Table S9 Zero (CSV),budget=26647,var_upper,아카이브,47.799762,,47.799762,,0.0,0.0,ok,,,
1.12,Table S9 Zero (CSV),budget=26647,var_lower,아카이브,47.6207230510487,,47.62072305100328,,4.5417891669785604e-11,9.537421685323489e-13,ok,,,
1.12,Table S9 Zero (CSV),budget=26647,relax_primal,아카이브,47.62072330652154,,47.62072330661613,,9.458744898438454e-11,1.986266533071139e-12,ok,,,
1.12,Table S9 Zero (CSV),budget=26647,duality_gap,아카이브,2.5547284110416513e-07,,2.556128464448193e-07,,1.4000534065417014e-10,0.0005480243616075225,ok,,,
1.12,Table S9 Zero (CSV),budget=26647,gap,아카이브,0.37456033557510554,,0.37456033567012254,,9.501699427261201e-11,2.536760709772472e-10,ok,,,
1.12,Table S9 Zero (CSV),budget=26931,mean,아카이브,190.00382420770495,,190.00382420770495,,0.0,0.0,ok,,,
1.12,Table S9 Zero (CSV),budget=26931,dev,아카이브,9.996175792295048,,9.996175792295048,,0.0,0.0,ok,,,
1.12,Table S9 Zero (CSV),budget=26931,var_repair,아카이브,48.820825,,48.820825,,0.0,0.0,ok,,,
1.12,Table S9 Zero (CSV),budget=26931,var_round,아카이브,48.930565662200976,,48.930565662200976,,0.0,0.0,ok,,,
1.12,Table S9 Zero (CSV),budget=26931,var_upper,아카이브,48.820825,,48.820825,,0.0,0.0,ok,,,
1.12,Table S9 Zero (CSV),budget=26931,var_lower,아카이브,48.64120230330896,,48.64120230321517,,9.379164112033322e-11,1.9282344325183915e-12,ok,,,
1.12,Table S9 Zero (CSV),budget=26931,relax_primal,아카이브,48.641202567923756,,48.64120256790193,,2.1827872842550278e-11,4.4875273821754934e-13,ok,,,
1.12,Table S9 Zero (CSV),budget=26931,duality_gap,아카이브,2.646147976292923e-07,,2.646867613975701e-07,,7.196376827778295e-11,0.00027195670432081956,ok,,,
1.12,Table S9 Zero (CSV),budget=26931,gap,아카이브,0.3679222886770984,,0.3679222888692124,,1.9211399138185925e-10,5.221591550558799e-10,ok,,,
1.12,Table S9 Zero (CSV),budget=27214,mean,아카이브,192.00044825622822,,192.00044825622822,,0.0,0.0,ok,,,
1.12,Table S9 Zero (CSV),budget=27214,dev,아카이브,7.999551743771775,,7.999551743771775,,0.0,0.0,ok,,,
1.12,Table S9 Zero (CSV),budget=27214,var_repair,아카이브,49.84648,,49.84648,,0.0,0.0,ok,,,
1.12,Table S9 Zero (CSV),budget=27214,var_round,아카이브,49.93583624972687,,49.93583624972687,,0.0,0.0,ok,,,
1.12,Table S9 Zero (CSV),budget=27214,var_upper,아카이브,49.84648,,49.84648,,0.0,0.0,ok,,,
1.12,Table S9 Zero (CSV),budget=27214,var_lower,아카이브,49.668849720309154,,49.668849720196576,,1.1257839105383027e-10,2.266579389049108e-12,ok,,,
1.12,Table S9 Zero (CSV),budget=27214,relax_primal,아카이브,49.66884999411559,,49.66884999402828,,8.731149137020111e-11,1.7578722152927872e-12,ok,,,
1.12,Table S9 Zero (CSV),budget=27214,duality_gap,아카이브,2.738064353025038e-07,,2.7383170220218744e-07,,2.5266899683629163e-11,9.228015278645318e-05,ok,,,
1.12,Table S9 Zero (CSV),budget=27214,gap,아카이브,0.356354710885995,,0.35635471111184525,,2.2585022740884142e-10,6.337792668639518e-10,ok,,,
1.12,Table S9 Zero (CSV),budget=27498,mean,아카이브,194.00412751340355,,194.00412751340355,,0.0,0.0,ok,,,
1.12,Table S9 Zero (CSV),budget=27498,dev,아카이브,5.995872486596454,,5.995872486596454,,0.0,0.0,ok,,,
1.12,Table S9 Zero (CSV),budget=27498,var_repair,아카이브,50.885225,,50.885225,,0.0,0.0,ok,,,
1.12,Table S9 Zero (CSV),budget=27498,var_round,아카이브,50.970167126150386,,50.970167126150386,,0.0,0.0,ok,,,
1.12,Table S9 Zero (CSV),budget=27498,var_upper,아카이브,50.885225,,50.885225,,0.0,0.0,ok,,,
1.12,Table S9 Zero (CSV),budget=27498,var_lower,아카이브,50.71092782781653,,50.71092782791314,,9.660539035394322e-11,1.9050211560308334e-12,ok,,,
1.12,Table S9 Zero (CSV),budget=27498,relax_primal,아카이브,50.71092811116978,,50.710928111140674,,2.9103830456733704e-11,5.739163438880777e-13,ok,,,
1.12,Table S9 Zero (CSV),budget=27498,duality_gap,아카이브,2.833532448676124e-07,,2.832275356468017e-07,,1.2570922081067692e-10,0.00044364842502301493,ok,,,
1.12,Table S9 Zero (CSV),budget=27498,gap,아카이브,0.34253002159952123,,0.3425300214096716,,1.89849636011985e-10,5.542569235988113e-10,ok,,,
1.12,Table S9 Zero (CSV),budget=27781,mean,아카이브,196.00075156192682,,196.00075156192682,,0.0,0.0,ok,,,
1.12,Table S9 Zero (CSV),budget=27781,dev,아카이브,3.999248438073181,,3.999248438073181,,0.0,0.0,ok,,,
1.12,Table S9 Zero (CSV),budget=27781,var_repair,아카이브,51.943167,,51.943167,,0.0,0.0,ok,,,
1.12,Table S9 Zero (CSV),budget=27781,var_round,아카이브,51.945393601784765,,51.945393601784765,,0.0,0.0,ok,,,
1.12,Table S9 Zero (CSV),budget=27781,var_upper,아카이브,51.943167,,51.943167,,0.0,0.0,ok,,,
1.12,Table S9 Zero (CSV),budget=27781,var_lower,아카이브,51.760098047917324,,51.76009804784353,,7.3796968536044e-11,1.4257501689375834e-12,ok,,,
1.12,Table S9 Zero (CSV),budget=27781,relax_primal,아카이브,51.76009834081924,,51.76009834076831,,5.093170329928398e-11,9.839954894196565e-13,ok,,,
1.12,Table S9 Zero (CSV),budget=27781,duality_gap,아카이브,2.9290191605468863e-07,,2.929247813199254e-07,,2.2865265236760024e-11,7.806458061029132e-05,ok,,,
1.12,Table S9 Zero (CSV),budget=27781,gap,아카이브,0.3524408746249108,,0.35244087476698327,,1.4207246490371972e-10,4.03110067908332e-10,ok,,,
1.12,Table S9 Zero (CSV),budget=28065,mean,아카이브,198.0044308191021,,198.0044308191021,,0.0,0.0,ok,,,
1.12,Table S9 Zero (CSV),budget=28065,dev,아카이브,1.9955691808978884,,1.9955691808978884,,0.0,0.0,ok,,,
1.12,Table S9 Zero (CSV),budget=28065,var_repair,아카이브,53.004474,,53.004474,,0.0,0.0,ok,,,
1.12,Table S9 Zero (CSV),budget=28065,var_round,아카이브,53.04178773182491,,53.04178773182491,,0.0,0.0,ok,,,
1.12,Table S9 Zero (CSV),budget=28065,var_upper,아카이브,53.004474,,53.004474,,0.0,0.0,ok,,,
1.12,Table S9 Zero (CSV),budget=28065,var_lower,아카이브,52.82377501086597,,52.82377501101337,,1.4739498510607518e-10,2.7903152524740175e-12,ok,,,
1.12,Table S9 Zero (CSV),budget=28065,relax_primal,아카이브,52.82377531374368,,52.823775313809165,,6.548361852765083e-11,1.2396618405010767e-12,ok,,,
1.12,Table S9 Zero (CSV),budget=28065,duality_gap,아카이브,3.02877708691085e-07,,3.0279579732450657e-07,,8.191136657842435e-11,0.0002704436946925284,ok,,,
1.12,Table S9 Zero (CSV),budget=28065,gap,아카이브,0.34091271075349106,,0.3409127104754108,,2.780802810242733e-10,8.156934964661645e-10,ok,,,
1.12,Table S9 Zero (CSV),budget=28348,mean,아카이브,200.0010548676254,,200.0010548676254,,0.0,0.0,ok,,,
1.12,Table S9 Zero (CSV),budget=28348,dev,아카이브,0.0010548676254131806,,0.0010548676254131806,,0.0,0.0,ok,,,
1.12,Table S9 Zero (CSV),budget=28348,var_repair,아카이브,54.077695,,54.077695,,0.0,0.0,ok,,,
1.12,Table S9 Zero (CSV),budget=28348,var_round,아카이브,54.168277214978296,,54.168277214978296,,0.0,0.0,ok,,,
1.12,Table S9 Zero (CSV),budget=28348,var_upper,아카이브,54.077695,,54.077695,,0.0,0.0,ok,,,
1.12,Table S9 Zero (CSV),budget=28348,var_lower,아카이브,53.894468033925506,,53.89446803390608,,1.942623839568114e-11,3.6044958052935424e-13,ok,,,
1.12,Table S9 Zero (CSV),budget=28348,relax_primal,아카이브,53.894468346865324,,53.894468346828944,,3.637978807091713e-11,6.750189618121188e-13,ok,,,
1.12,Table S9 Zero (CSV),budget=28348,duality_gap,아카이브,3.129398180590215e-07,,3.1292286450934625e-07,,1.695354967523599e-11,5.417511194449054e-05,ok,,,
1.12,Table S9 Zero (CSV),budget=28348,gap,아카이브,0.33882170102570525,,0.33882170106162807,,3.5922820273981415e-11,1.0602278474263393e-10,ok,,,
1.12,Table S9 Zero (CSV),budget=28631,mean,아카이브,201.9976789161487,,201.9976789161487,,0.0,0.0,ok,,,
1.12,Table S9 Zero (CSV),budget=28631,dev,아카이브,1.9976789161486863,,1.9976789161486863,,0.0,0.0,ok,,,
1.12,Table S9 Zero (CSV),budget=28631,var_repair,아카이브,55.16171,,55.16171,,0.0,0.0,ok,,,
1.12,Table S9 Zero (CSV),budget=28631,var_round,아카이브,55.22477615870108,,55.22477615870108,,0.0,0.0,ok,,,
1.12,Table S9 Zero (CSV),budget=28631,var_upper,아카이브,55.16171,,55.16171,,0.0,0.0,ok,,,
1.12,Table S9 Zero (CSV),budget=28631,var_lower,아카이브,54.97590347894962,,54.97590347888027,,6.934897101018578e-11,1.2614430436189127e-12,ok,,,
1.12,Table S9 Zero (CSV),budget=28631,relax_primal,아카이브,54.975903802340326,,54.975903802092944,,2.473825588822365e-10,4.499836142242838e-12,ok,,,
1.12,Table S9 Zero (CSV),budget=28631,duality_gap,아카이브,3.233907079902565e-07,,3.2321267440238444e-07,,1.780335878720507e-10,0.0005505216553019041,ok,,,
1.12,Table S9 Zero (CSV),budget=28631,gap,아카이브,0.33683966840473395,,0.3368396685304534,,1.2571943486250348e-10,3.732322723683593e-10,ok,,,
1.12,Table S9 Zero (CSV),budget=28915,mean,아카이브,204.001358173324,,204.001358173324,,0.0,0.0,ok,,,
1.12,Table S9 Zero (CSV),budget=28915,dev,아카이브,4.001358173324007,,4.001358173324007,,0.0,0.0,ok,,,
1.12,Table S9 Zero (CSV),budget=28915,var_repair,아카이브,56.249896,,56.249896,,0.0,0.0,ok,,,
1.12,Table S9 Zero (CSV),budget=28915,var_round,아카이브,56.27204473509424,,56.27204473509424,,0.0,0.0,ok,,,
1.12,Table S9 Zero (CSV),budget=28915,var_upper,아카이브,56.249896,,56.249896,,0.0,0.0,ok,,,
1.12,Table S9 Zero (CSV),budget=28915,var_lower,아카이브,56.07195967836485,,56.07195967851152,,1.4667023151559988e-10,2.615750053269353e-12,ok,,,
1.12,Table S9 Zero (CSV),budget=28915,relax_primal,아카이브,56.0719600121447,,56.071960012333875,,1.8917489796876907e-10,3.3737878598821126e-12,ok,,,
1.12,Table S9 Zero (CSV),budget=28915,duality_gap,아카이브,3.3377985175775393e-07,,3.338223564242071e-07,,4.250466645316919e-11,0.00012734341581533697,ok,,,
1.12,Table S9 Zero (CSV),budget=28915,gap,아카이브,0.3163318233248845,,0.31633182306413693,,2.607475901861278e-10,8.242850417181402e-10,ok,,,
1.12,Table S9 Zero (CSV),budget=29198,mean,아카이브,205.99798222184728,,205.99798222184728,,0.0,0.0,ok,,,
1.12,Table S9 Zero (CSV),budget=29198,dev,아카이브,5.9979822218472805,,5.9979822218472805,,0.0,0.0,ok,,,
1.12,Table S9 Zero (CSV),budget=29198,var_repair,아카이브,57.357147,,57.357147,,0.0,0.0,ok,,,
1.12,Table S9 Zero (CSV),budget=29198,var_round,아카이브,57.41346304390466,,57.41346304390466,,0.0,0.0,ok,,,
1.12,Table S9 Zero (CSV),budget=29198,var_upper,아카이브,57.357147,,57.357147,,0.0,0.0,ok,,,
1.12,Table S9 Zero (CSV),budget=29198,var_lower,아카이브,57.17491792650934,,57.17491792634685,,1.624869128136197e-10,2.8419264724170617e-12,ok,,,
1.12,Table S9 Zero (CSV),budget=29198,relax_primal,아카이브,57.1749182712083,,57.174918271070055,,1.382431946694851e-10,2.417899296571457e-12,ok,,,
1.12,Table S9 Zero (CSV),budget=29198,duality_gap,아카이브,3.446989609301454e-07,,3.4472320464828954e-07,,2.4243718144134618e-11,7.033301776922879e-05,ok,,,
1.12,Table S9 Zero (CSV),budget=29198,gap,아카이브,0.3177094451553879,,0.31770944543867763,,2.832897250115707e-10,8.916628993293449e-10,ok,,,
1.12,Table S9 Zero (CSV),budget=29482,mean,아카이브,208.00166147902257,,208.00166147902257,,0.0,0.0,ok,,,
1.12,Table S9 Zero (CSV),budget=29482,dev,아카이브,8.001661479022573,,8.001661479022573,,0.0,0.0,ok,,,
1.12,Table S9 Zero (CSV),budget=29482,var_repair,아카이브,58.474614,,58.474614,,0.0,0.0,ok,,,
1.12,Table S9 Zero (CSV),budget=29482,var_round,아카이브,58.53786914751156,,58.53786914751156,,0.0,0.0,ok,,,
1.12,Table S9 Zero (CSV),budget=29482,var_upper,아카이브,58.474614,,58.474614,,0.0,0.0,ok,,,
1.12,Table S9 Zero (CSV),budget=29482,var_lower,아카이브,58.29257298130416,,58.29257298134762,,4.345679371908773e-11,7.454945200827792e-13,ok,,,
1.12,Table S9 Zero (CSV),budget=29482,relax_primal,아카이브,58.29257333717396,,58.29257333706482,,1.0913936421275139e-10,1.872268763663445e-12,ok,,,
1.12,Table S9 Zero (CSV),budget=29482,duality_gap,아카이브,3.5586980118296196e-07,,3.557172050250301e-07,,1.5259615793183912e-10,0.00042879771597530256,ok,,,
1.12,Table S9 Zero (CSV),budget=29482,gap,아카이브,0.31131632385951485,,0.31131632378519747,,7.431738557883705e-11,2.3871984821577693e-10,ok,,,
1.12,Table S9 Zero (CSV),budget=29765,mean,아카이브,209.99828552754587,,209.99828552754587,,0.0,0.0,ok,,,
1.12,Table S9 Zero (CSV),budget=29765,dev,아카이브,9.998285527545875,,9.998285527545875,,0.0,0.0,ok,,,
1.12,Table S9 Zero (CSV),budget=29765,var_repair,아카이브,59.599248,,59.599248,,0.0,0.0,ok,,,
1.12,Table S9 Zero (CSV),budget=29765,var_round,아카이브,59.61870506022125,,59.61870506022125,,0.0,0.0,ok,,,
1.12,Table S9 Zero (CSV),budget=29765,var_upper,아카이브,59.599248,,59.599248,,0.0,0.0,ok,,,
1.12,Table S9 Zero (CSV),budget=29765,var_lower,아카이브,59.41705403237307,,59.417054032543135,,1.7006129837682238e-10,2.8621630800504746e-12,ok,,,
1.12,Table S9 Zero (CSV),budget=29765,relax_primal,아카이브,59.417054399506014,,59.417054399578774,,7.275957614183426e-11,1.2245571053155266e-12,ok,,,
1.12,Table S9 Zero (CSV),budget=29765,duality_gap,아카이브,3.6713294093715376e-07,,3.670356392149188e-07,,9.730172223498812e-11,0.0002650313044277995,ok,,,
1.12,Table S9 Zero (CSV),budget=29765,gap,아카이브,0.30569843368985045,,0.3056984334045091,,2.8534136164992674e-10,9.334079936419393e-10,ok,,,
1.12,Table S9 Random (CSV),budget=22202,mean,아카이브,172.35490849466208,,172.35490849459921,,6.286882126005366e-11,3.6476374133551724e-13,ok,,,
1.12,Table S9 Random (CSV),budget=22202,dev,아카이브,27.645091505337916,,27.645091505400785,,6.286882126005366e-11,2.2741404653305088e-12,ok,,,
1.12,Table S9 Random (CSV),budget=22202,var_repair,아카이브,90.709778,,90.709778,,0.0,0.0,ok,,,
1.12,Table S9 Random (CSV),budget=22202,var_round,아카이브,90.20232487234397,,90.20232487139809,,9.458744898438454e-10,1.0486143136360009e-11,ok,,,
1.12,Table S9 Random (CSV),budget=22202,var_upper,아카이브,90.20232487234397,,90.20232487139809,,9.458744898438454e-10,1.0486143136360009e-11,ok,,,
1.12,Table S9 Random (CSV),budget=22202,var_lower,아카이브,90.00445219331084,,90.00445219239181,,9.190301852868288e-10,1.0210941380021325e-11,ok,,,
1.12,Table S9 Random (CSV),budget=22202,relax_primal,아카이브,90.0044524906225,,90.0044524896075,,1.014996087178588e-09,1.1277176396182619e-11,ok,,,
1.12,Table S9 Random (CSV),budget=22202,duality_gap,아카이브,2.9731165795965353e-07,,2.9721569205776177e-07,,9.596590189175913e-11,0.0003227788057499653,ok,,,
1.12,Table S9 Random (CSV),budget=22202,gap,아카이브,0.2193653869932491,,0.21936538696578928,,2.7459812201868772e-11,1.2517841842894676e-10,ok,,,
1.12,Table S9 Random (CSV),budget=22463,mean,아카이브,174.1963179528408,,174.19631795277795,,6.284039955062326e-11,3.6074470625513275e-13,ok,,,
1.12,Table S9 Random (CSV),budget=22463,dev,아카이브,25.803682047159214,,25.803682047222054,,6.284039955062326e-11,2.435326843501449e-12,ok,,,
1.12,Table S9 Random (CSV),budget=22463,var_repair,아카이브,91.50002,,91.50002,,0.0,0.0,ok,,,
1.12,Table S9 Random (CSV),budget=22463,var_round,아카이브,91.00414384867025,,91.0041438477003,,9.699476777313976e-10,1.0658280345390781e-11,ok,,,
1.12,Table S9 Random (CSV),budget=22463,var_upper,아카이브,91.00414384867025,,91.0041438477003,,9.699476777313976e-10,1.0658280345390781e-11,ok,,,
1.12,Table S9 Random (CSV),budget=22463,var_lower,아카이브,90.78840447801124,,90.78840447708406,,9.271872158933547e-10,1.0212617142290649e-11,ok,,,
1.12,Table S9 Random (CSV),budget=22463,relax_primal,아카이브,90.78840463973393,,90.78840463882443,,9.094947017729282e-10,1.001774076086016e-11,ok,,,
1.12,Table S9 Random (CSV),budget=22463,duality_gap,아카이브,1.6172268146874558e-07,,1.61740373982866e-07,,1.7692514120426495e-11,0.00010940032628537475,ok,,,
1.12,Table S9 Random (CSV),budget=22463,gap,아카이브,0.2370654362923946,,0.2370654362479339,,4.4460712889105025e-11,1.875461627154603e-10,ok,,,
1.12,Table S9 Random (CSV),budget=22724,mean,아카이브,176.0377274110195,,176.03772741095665,,6.284039955062326e-11,3.5697120426862327e-13,ok,,,
1.12,Table S9 Random (CSV),budget=22724,dev,아카이브,23.96227258898051,,23.96227258904335,,6.284039955062326e-11,2.6224724435995927e-12,ok,,,
1.12,Table S9 Random (CSV),budget=22724,var_repair,아카이브,92.288927,,92.288927,,0.0,0.0,ok,,,
1.12,Table S9 Random (CSV),budget=22724,var_round,아카이브,91.72447636694746,,91.72447636604399,,9.034692993736826e-10,9.849816920832748e-12,ok,,,
1.12,Table S9 Random (CSV),budget=22724,var_upper,아카이브,91.72447636694746,,91.72447636604399,,9.034692993736826e-10,9.849816920832748e-12,ok,,,
1.12,Table S9 Random (CSV),budget=22724,var_lower,아카이브,91.5818505498484,,91.58185054892049,,9.2791196948383e-10,1.0132050880308031e-11,ok,,,
1.12,Table S9 Random (CSV),budget=22724,relax_primal,아카이브,91.58185078693714,,91.581850786024,,9.1313268058002e-10,9.970672930648673e-12,ok,,,
1.12,Table S9 Random (CSV),budget=22724,duality_gap,아카이브,2.370887415281686e-07,,2.3710352081707242e-07,,1.4779288903810084e-11,6.233652770076452e-05,ok,,,
1.12,Table S9 Random (CSV),budget=22724,gap,아카이브,0.155493738147361,,0.15549373817554052,,2.817951427758203e-11,1.8122603915327047e-10,ok,,,
1.12,Table S9 Random (CSV),budget=22986,mean,아카이브,177.88619207785024,,177.88619207778737,,6.286882126005366e-11,3.534215923433771e-13,ok,,,
1.12,Table S9 Random (CSV),budget=22986,dev,아카이브,22.11380792214976,,22.11380792221263,,6.286882126005366e-11,2.8429667781044e-12,ok,,,
1.12,Table S9 Random (CSV),budget=22986,var_repair,아카이브,93.105235,,93.105235,,0.0,0.0,ok,,,
1.12,Table S9 Random (CSV),budget=22986,var_round,아카이브,92.57105149188504,,92.57105149095297,,9.320757499153842e-10,1.0068760534680669e-11,ok,,,
1.12,Table S9 Random (CSV),budget=22986,var_upper,아카이브,92.57105149188504,,92.57105149095297,,9.320757499153842e-10,1.0068760534680669e-11,ok,,,
1.12,Table S9 Random (CSV),budget=22986,var_lower,아카이브,92.38787476279163,,92.38787476186054,,9.310809900853201e-10,1.0077956576833224e-11,ok,,,
1.12,Table S9 Random (CSV),budget=22986,relax_primal,아카이브,92.38787498304009,,92.3878749821015,,9.38598532229662e-10,1.0159325911565378e-11,ok,,,
1.12,Table S9 Random (CSV),budget=22986,duality_gap,아카이브,2.202484665758675e-07,,2.2024094903372315e-07,,7.51754214434186e-12,3.413209754063075e-05,ok,,,
1.12,Table S9 Random (CSV),budget=22986,gap,아카이브,0.1978769022727107,,0.1978769022736285,,9.177936188820013e-13,4.638204905881906e-12,ok,,,
1.12,Table S9 Random (CSV),budget=23247,mean,아카이브,179.72760153602897,,179.7276015359661,,6.286882126005366e-11,3.498005911320789e-13,ok,,,
1.12,Table S9 Random (CSV),budget=23247,dev,아카이브,20.27239846397103,,20.2723984640339,,6.286882126005366e-11,3.1012029174439727e-12,ok,,,
1.12,Table S9 Random (CSV),budget=23247,var_repair,아카이브,93.923328,,93.923328,,0.0,0.0,ok,,,
1.12,Table S9 Random (CSV),budget=23247,var_round,아카이브,93.36841296323293,,93.3684129623159,,9.170264547719853e-10,9.82159196743653e-12,ok,,,
1.12,Table S9 Random (CSV),budget=23247,var_upper,아카이브,93.36841296323293,,93.3684129623159,,9.170264547719853e-10,9.82159196743653e-12,ok,,,
1.12,Table S9 Random (CSV),budget=23247,var_lower,아카이브,93.20032662308226,,93.2003266221391,,9.431602165932418e-10,1.0119709348310975e-11,ok,,,
1.12,Table S9 Random (CSV),budget=23247,relax_primal,아카이브,93.20032690394873,,93.20032690298467,,9.64064383879304e-10,1.0344002171503738e-11,ok,,,
1.12,Table S9 Random (CSV),budget=23247,duality_gap,아카이브,2.8086647319014446e-07,,2.808455690228584e-07,,2.0904167286062147e-11,7.442742114652532e-05,ok,,,
1.12,Table S9 Random (CSV),budget=23247,gap,아카이브,0.18002484439449074,,0.1800248444242488,,2.975805712956969e-11,1.6529972421117878e-10,ok,,,
1.12,Table S9 Random (CSV),budget=23508,mean,아카이브,181.56901099420767,,181.5690109941448,,6.286882126005366e-11,3.4625303577855187e-13,ok,,,
1.12,Table S9 Random (CSV),budget=23508,dev,아카이브,18.430989005792327,,18.430989005855196,,6.286882126005366e-11,3.411038943178568e-12,ok,,,
1.12,Table S9 Random (CSV),budget=23508,var_repair,아카이브,94.756411,,94.756411,,0.0,0.0,ok,,,
1.12,Table S9 Random (CSV),budget=23508,var_round,아카이브,94.20779621170449,,94.20779621074091,,9.63581214818987e-10,1.0228253430890368e-11,ok,,,
1.12,Table S9 Random (CSV),budget=23508,var_upper,아카이브,94.20779621170449,,94.20779621074091,,9.63581214818987e-10,1.0228253430890368e-11,ok,,,
1.12,Table S9 Random (CSV),budget=23508,var_lower,아카이브,94.02227228453161,,94.02227228359561,,9.3599794581678e-10,9.955066210102314e-12,ok,,,
1.12,Table S9 Random (CSV),budget=23508,relax_primal,아카이브,94.02227256821061,,94.02227256730475,,9.058567229658365e-10,9.634490830974777e-12,ok,,,
1.12,Table S9 Random (CSV),budget=23508,duality_gap,아카이브,2.8367900029024895e-07,,2.837091415130999e-07,,3.014122285094345e-11,0.00010625116000868645,ok,,,
1.12,Table S9 Random (CSV),budget=23508,gap,아카이브,0.19693054570130245,,0.19693054567403753,,2.7264912549895826e-11,1.3844938301877414e-10,ok,,,
1.12,Table S9 Random (CSV),budget=23769,mean,아카이브,183.4104204523864,,183.41042045232354,,6.286882126005366e-11,3.4277671413099726e-13,ok,,,
1.12,Table S9 Random (CSV),budget=23769,dev,아카이브,16.589579547613596,,16.589579547676465,,6.286882126005366e-11,3.789657301417101e-12,ok,,,
1.12,Table S9 Random (CSV),budget=23769,var_repair,아카이브,95.574321,,95.574321,,0.0,0.0,ok,,,
1.12,Table S9 Random (CSV),budget=23769,var_round,아카이브,95.01724892764177,,95.01724892666091,,9.808616141526727e-10,1.0322984776160227e-11,ok,,,
1.12,Table S9 Random (CSV),budget=23769,var_upper,아카이브,95.01724892764177,,95.01724892666091,,9.808616141526727e-10,1.0322984776160227e-11,ok,,,
1.12,Table S9 Random (CSV),budget=23769,var_lower,아카이브,94.85371628959156,,94.85371628864844,,9.431175840290962e-10,9.942863821484091e-12,ok,,,
1.12,Table S9 Random (CSV),budget=23769,relax_primal,아카이브,94.85371656865391,,94.85371656766438,,9.89530235528946e-10,1.0432171467026668e-11,ok,,,
1.12,Table S9 Random (CSV),budget=23769,duality_gap,아카이브,2.790623483406307e-07,,2.7901593568913086e-07,,4.6412651499849744e-11,0.0001663164227486442,ok,,,
1.12,Table S9 Random (CSV),budget=23769,gap,아카이브,0.17210836968637994,,0.17210836964843323,,3.7946701336721844e-11,2.204814408844221e-10,ok,,,
1.12,Table S9 Random (CSV),budget=24030,mean,아카이브,185.25182991056514,,185.25182991050227,,6.286882126005366e-11,3.3936950199307145e-13,ok,,,
1.12,Table S9 Random (CSV),budget=24030,dev,아카이브,14.748170089434865,,14.748170089497734,,6.286882126005366e-11,4.262821819846718e-12,ok,,,
1.12,Table S9 Random (CSV),budget=24030,var_repair,아카이브,96.448866,,96.448866,,0.0,0.0,ok,,,
1.12,Table S9 Random (CSV),budget=24030,var_round,아카이브,95.86174826193891,,95.8617482609786,,9.603127182344906e-10,1.0017684171693483e-11,ok,,,
1.12,Table S9 Random (CSV),budget=24030,var_upper,아카이브,95.86174826193891,,95.8617482609786,,9.603127182344906e-10,1.0017684171693483e-11,ok,,,
1.12,Table S9 Random (CSV),budget=24030,var_lower,아카이브,95.6946652171171,,95.69466521615566,,9.614495866117068e-10,1.0047055229571254e-11,ok,,,
1.12,Table S9 Random (CSV),budget=24030,relax_primal,아카이브,95.69466549555,,95.69466549462595,,9.240466170012951e-10,9.656197785071574e-12,ok,,,
1.12,Table S9 Random (CSV),budget=24030,duality_gap,아카이브,2.7843289274187555e-07,,2.7847029571148596e-07,,3.7402969610411674e-11,0.00013433387572166818,ok,,,
1.12,Table S9 Random (CSV),budget=24030,gap,아카이브,0.17429584568524634,,0.17429584568817832,,2.931987985732576e-12,1.6821904011569685e-11,ok,,,
1.12,Table S9 Random (CSV),budget=24292,mean,아카이브,187.10029457739586,,187.100294577333,,6.286882126005366e-11,3.3601668774523156e-13,ok,,,
1.12,Table S9 Random (CSV),budget=24292,dev,아카이브,12.899705422604143,,12.899705422667012,,6.286882126005366e-11,4.873663327992644e-12,ok,,,
1.12,Table S9 Random (CSV),budget=24292,var_repair,아카이브,97.285416,,97.285416,,0.0,0.0,ok,,,
1.12,Table S9 Random (CSV),budget=24292,var_round,아카이브,96.72143390804936,,96.72143390707782,,9.715392934595002e-10,1.0044715573417968e-11,ok,,,
1.12,Table S9 Random (CSV),budget=24292,var_upper,아카이브,96.72143390804936,,96.72143390707782,,9.715392934595002e-10,1.0044715573417968e-11,ok,,,
1.12,Table S9 Random (CSV),budget=24292,var_lower,아카이브,96.54841123765974,,96.54841123669998,,9.597584949005977e-10,9.940696927037922e-12,ok,,,
1.12,Table S9 Random (CSV),budget=24292,relax_primal,아카이브,96.54841162015873,,96.54841161922741,,9.313225746154785e-10,9.646171894360031e-12,ok,,,
1.12,Table S9 Random (CSV),budget=24292,duality_gap,아카이브,3.8249899603215454e-07,,3.8252743195243966e-07,,2.843592028511921e-11,7.434247038580138e-05,ok,,,
1.12,Table S9 Random (CSV),budget=24292,gap,아카이브,0.17888761921593938,,0.17888761920555613,,1.0383249815504314e-11,5.804342335715505e-11,ok,,,
1.12,Table S9 Random (CSV),budget=24553,mean,아카이브,188.94170403557456,,188.94170403551172,,6.284039955062326e-11,3.32591472440576e-13,ok,,,
1.12,Table S9 Random (CSV),budget=24553,dev,아카이브,11.05829596442544,,11.05829596448828,,6.284039955062326e-11,5.682647647773305e-12,ok,,,
1.12,Table S9 Random (CSV),budget=24553,var_repair,아카이브,98.160113,,98.160113,,0.0,0.0,ok,,,
1.12,Table S9 Random (CSV),budget=24553,var_round,아카이브,97.55774312734876,,97.55774312636568,,9.830785074882442e-10,1.0076888578746282e-11,ok,,,
1.12,Table S9 Random (CSV),budget=24553,var_upper,아카이브,97.55774312734876,,97.55774312636568,,9.830785074882442e-10,1.0076888578746282e-11,ok,,,
1.12,Table S9 Random (CSV),budget=24553,var_lower,아카이브,97.40843830922209,,97.40843830826952,,9.525678024147055e-10,9.77910968442784e-12,ok,,,
1.12,Table S9 Random (CSV),budget=24553,relax_primal,아카이브,97.40843861410394,,97.408438613209,,8.949427865445614e-10,9.187528301218258e-12,ok,,,
1.12,Table S9 Random (CSV),budget=24553,duality_gap,아카이브,3.048818513207152e-07,,3.0493947633658536e-07,,5.7625015870144125e-11,0.00018900769468736426,ok,,,
1.12,Table S9 Random (CSV),budget=24553,gap,아카이브,0.15304250932882704,,0.15304250929909474,,2.973229995539839e-11,1.9427478081606456e-10,ok,,,
1.12,Table S9 Random (CSV),budget=24814,mean,아카이브,190.7831134937533,,190.78311349369042,,6.286882126005366e-11,3.295303242973448e-13,ok,,,
1.12,Table S9 Random (CSV),budget=24814,dev,아카이브,9.21688650624671,,9.216886506309578,,6.286882126005366e-11,6.821047564971594e-12,ok,,,
1.12,Table S9 Random (CSV),budget=24814,var_repair,아카이브,99.051505,,99.051505,,0.0,0.0,ok,,,
1.12,Table S9 Random (CSV),budget=24814,var_round,아카이브,98.43121808996547,,98.43121808900692,,9.585505722498056e-10,9.738278067164594e-12,ok,,,
1.12,Table S9 Random (CSV),budget=24814,var_upper,아카이브,98.43121808996547,,98.43121808900692,,9.585505722498056e-10,9.738278067164594e-12,ok,,,
1.12,Table S9 Random (CSV),budget=24814,var_lower,아카이브,98.27798995216871,,98.27798995120304,,9.656702104621218e-10,9.825905179095619e-12,ok,,,
1.12,Table S9 Random (CSV),budget=24814,relax_primal,아카이브,98.27799019129816,,98.27799019023223,,1.0659277904778719e-09,1.0846047913709294e-11,ok,,,
1.12,Table S9 Random (CSV),budget=24814,duality_gap,아카이브,2.3912944868698105e-07,,2.390291911069653e-07,,1.0025758001575014e-10,0.0004192606998688258,ok,,,
1.12,Table S9 Random (CSV),budget=24814,gap,아카이브,0.1556702647494515,,0.1556702647582006,,8.74908478998293e-12,5.620267174379401e-11,ok,,,
1.12,Table S9 Random (CSV),budget=25075,mean,아카이브,192.624522951932,,192.62452295186912,,6.286882126005366e-11,3.263801529348478e-13,ok,,,
1.12,Table S9 Random (CSV),budget=25075,dev,아카이브,7.3754770480680065,,7.375477048130875,,6.286882126005366e-11,8.524034560791162e-12,ok,,,
1.12,Table S9 Random (CSV),budget=25075,var_repair,아카이브,99.92516,,99.92516,,0.0,0.0,ok,,,
1.12,Table S9 Random (CSV),budget=25075,var_round,아카이브,99.35314584805705,,99.35314584707832,,9.787299859453924e-10,9.851021601693273e-12,ok,,,
1.12,Table S9 Random (CSV),budget=25075,var_upper,아카이브,99.35314584805705,,99.35314584707832,,9.787299859453924e-10,9.851021601693273e-12,ok,,,
1.12,Table S9 Random (CSV),budget=25075,var_lower,아카이브,99.15706817007693,,99.15706816912493,,9.519993682260974e-10,9.600922917498952e-12,ok,,,
1.12,Table S9 Random (CSV),budget=25075,relax_primal,아카이브,99.15706848451373,,99.15706848346963,,1.0440999176353216e-09,1.052975782355232e-11,ok,,,
1.12,Table S9 Random (CSV),budget=25075,duality_gap,아카이브,3.144368037055756e-07,,3.1434470315616636e-07,,9.210054940922419e-11,0.00029290639112164164,ok,,,
1.12,Table S9 Random (CSV),budget=25075,gap,아카이브,0.19735427228443655,,0.197354272259476,,2.4960561395559466e-11,1.2647591109446616e-10,ok,,,
1.12,Table S9 Random (CSV),budget=25336,mean,아카이브,194.46593241011072,,194.46593241004786,,6.286882126005366e-11,3.232896398916244e-13,ok,,,
1.12,Table S9 Random (CSV),budget=25336,dev,아카이브,5.5340675898892755,,5.534067589952144,,6.286882126005366e-11,1.1360327686440767e-11,ok,,,
1.12,Table S9 Random (CSV),budget=25336,var_repair,아카이브,100.808777,,100.808777,,0.0,0.0,ok,,,
1.12,Table S9 Random (CSV),budget=25336,var_round,아카이브,100.20280110006223,,100.20280109916968,,8.925553629524074e-10,8.907489143553025e-12,ok,,,
1.12,Table S9 Random (CSV),budget=25336,var_upper,아카이브,100.20280110006223,,100.20280109916968,,8.925553629524074e-10,8.907489143553025e-12,ok,,,
1.12,Table S9 Random (CSV),budget=25336,var_lower,아카이브,100.04567038873009,,100.04567038775565,,9.744383078214014e-10,9.73993481212326e-12,ok,,,
1.12,Table S9 Random (CSV),budget=25336,relax_primal,아카이브,100.0456705989418,,100.04567059784677,,1.0950316209346056e-09,1.0945317417325482e-11,ok,,,
1.12,Table S9 Random (CSV),budget=25336,duality_gap,아카이브,2.1021170937274292e-07,,2.100911160596297e-07,,1.205933131132042e-10,0.000573675526796515,ok,,,
1.12,Table S9 Random (CSV),budget=25336,gap,아카이브,0.1568126934647601,,0.15681269354787414,,8.311404342542517e-11,5.300211455401285e-10,ok,,,
1.12,Table S9 Random (CSV),budget=25598,mean,아카이브,196.31439707694148,,196.3143970768786,,6.286882126005366e-11,3.202455968393062e-13,ok,,,
1.12,Table S9 Random (CSV),budget=25598,dev,아카이브,3.685602923058525,,3.685602923121394,,6.286882126005366e-11,1.7057947525145087e-11,ok,,,
1.12,Table S9 Random (CSV),budget=25598,var_repair,아카이브,101.725719,,101.725719,,0.0,0.0,ok,,,
1.12,Table S9 Random (CSV),budget=25598,var_round,아카이브,101.1420611087228,,101.14206110766006,,1.0627445590216666e-09,1.0507444156979043e-11,ok,,,
1.12,Table S9 Random (CSV),budget=25598,var_upper,아카이브,101.1420611087228,,101.14206110766006,,1.0627445590216666e-09,1.0507444156979043e-11,ok,,,
1.12,Table S9 Random (CSV),budget=25598,var_lower,아카이브,100.94725194298869,,100.94725194200682,,9.81870584837452e-10,9.726570718259638e-12,ok,,,
1.12,Table S9 Random (CSV),budget=25598,relax_primal,아카이브,100.94725214040955,,100.94725213939091,,1.0186340659856796e-09,1.009075575993729e-11,ok,,,
1.12,Table S9 Random (CSV),budget=25598,duality_gap,아카이브,1.9742086010410276e-07,,1.9738409662295453e-07,,3.6763481148227584e-11,0.00018621882778163204,ok,,,
1.12,Table S9 Random (CSV),budget=25598,gap,아카이브,0.19260944813523564,,0.19260944805729868,,7.79369624392956e-11,4.0463727607263697e-10,ok,,,
1.12,Table S9 Random (CSV),budget=25859,mean,아카이브,198.15580653512018,,198.1558065350573,,6.286882126005366e-11,3.1726963927706604e-13,ok,,,
1.12,Table S9 Random (CSV),budget=25859,dev,아카이브,1.8441934648798224,,1.8441934649426912,,6.286882126005366e-11,3.409014425943134e-11,ok,,,
1.12,Table S9 Random (CSV),budget=25859,var_repair,아카이브,102.631404,,102.631404,,0.0,0.0,ok,,,
1.12,Table S9 Random (CSV),budget=25859,var_round,아카이브,102.0420304335183,,102.04203043254208,,9.762288755155168e-10,9.56692915035185e-12,ok,,,
1.12,Table S9 Random (CSV),budget=25859,var_upper,아카이브,102.0420304335183,,102.04203043254208,,9.762288755155168e-10,9.56692915035185e-12,ok,,,
1.12,Table S9 Random (CSV),budget=25859,var_lower,아카이브,101.85492942893002,,101.85492942797036,,9.596590189175913e-10,9.4218220394252e-12,ok,,,
1.12,Table S9 Random (CSV),budget=25859,relax_primal,아카이브,101.85492962285207,,101.8549296219062,,9.458744898438454e-10,9.286487098329209e-12,ok,,,
1.12,Table S9 Random (CSV),budget=25859,duality_gap,아카이브,1.9392204819723702e-07,,1.9393583272631076e-07,,1.3784529073745944e-11,7.108283561302827e-05,ok,,,
1.12,Table S9 Random (CSV),budget=25859,gap,아카이브,0.18335680287171882,,0.1833568028572347,,1.448410835713787e-11,7.899411491850307e-11,ok,,,
1.12,Table S9 Random (CSV),budget=26120,mean,아카이브,199.99721599329888,,199.99721599323604,,6.284039955062326e-11,3.1420637151633547e-13,ok,,,
1.12,Table S9 Random (CSV),budget=26120,dev,아카이브,0.002784006701119779,,0.0027840067639601784,,6.284039955062326e-11,2.257192826631764e-08,ok,,,
1.12,Table S9 Random (CSV),budget=26120,var_repair,아카이브,103.561316,,103.561316,,0.0,0.0,ok,,,
1.12,Table S9 Random (CSV),budget=26120,var_round,아카이브,102.93372029069211,,102.93372028976046,,9.316494242739282e-10,9.050964267519763e-12,ok,,,
1.12,Table S9 Random (CSV),budget=26120,var_upper,아카이브,102.93372029069211,,102.93372028976046,,9.316494242739282e-10,9.050964267519763e-12,ok,,,
1.12,Table S9 Random (CSV),budget=26120,var_lower,아카이브,102.7721254127349,,102.77212541173198,,1.0029168606706662e-09,9.758646682093342e-12,ok,,,
1.12,Table S9 Random (CSV),budget=26120,relax_primal,아카이브,102.77212562142813,,102.77212562032219,,1.1059455573558807e-09,1.0761143166676797e-11,ok,,,
1.12,Table S9 Random (CSV),budget=26120,duality_gap,아카이브,2.0869323691385944e-07,,2.0859020821717422e-07,,1.0302869668521453e-10,0.0004936848850916085,ok,,,
1.12,Table S9 Random (CSV),budget=26120,gap,아카이브,0.1569892524051965,,0.15698925247585366,,7.06571468001016e-11,4.500763314531382e-10,ok,,,
1.12,Table S9 Random (CSV),budget=26381,mean,아카이브,201.83862545147758,,201.83862545141474,,6.284039955062326e-11,3.113398112480221e-13,ok,,,
1.12,Table S9 Random (CSV),budget=26381,dev,아카이브,1.8386254514775828,,1.8386254514147424,,6.284039955062326e-11,3.417792324158384e-11,ok,,,
1.12,Table S9 Random (CSV),budget=26381,var_repair,아카이브,104.476866,,104.476866,,0.0,0.0,ok,,,
1.12,Table S9 Random (CSV),budget=26381,var_round,아카이브,103.8697180408752,,103.86971803986877,,1.0064269417853211e-09,9.689320051771665e-12,ok,,,
1.12,Table S9 Random (CSV),budget=26381,var_upper,아카이브,103.8697180408752,,103.86971803986877,,1.0064269417853211e-09,9.689320051771665e-12,ok,,,
1.12,Table S9 Random (CSV),budget=26381,var_lower,아카이브,103.69882475750109,,103.69882475651264,,9.884502105705906e-10,9.531932622014511e-12,ok,,,
1.12,Table S9 Random (CSV),budget=26381,relax_primal,아카이브,103.6988250266877,,103.69882502569817,,9.89530235528946e-10,9.542347613623227e-12,ok,,,
1.12,Table S9 Random (CSV),budget=26381,duality_gap,아카이브,2.691866143322841e-07,,2.691855343073257e-07,,1.0800249583553523e-12,4.012179286976614e-06,ok,,,
1.12,Table S9 Random (CSV),budget=26381,gap,아카이브,0.1645265690495689,,0.164526569033856,,1.5712875445217378e-11,9.55035745046344e-11,ok,,,
1.12,Table S9 Random (CSV),budget=26642,mean,아카이브,203.6800349096563,,203.68003490959345,,6.286882126005366e-11,3.08664623353681e-13,ok,,,
1.12,Table S9 Random (CSV),budget=26642,dev,아카이브,3.680034909656314,,3.680034909593445,,6.286882126005366e-11,1.7083756758689312e-11,ok,,,
1.12,Table S9 Random (CSV),budget=26642,var_repair,아카이브,105.413442,,105.413442,,0.0,0.0,ok,,,
1.12,Table S9 Random (CSV),budget=26642,var_round,아카이브,104.78259515720366,,104.7825951562955,,9.081588814296992e-10,8.667077581607927e-12,ok,,,
1.12,Table S9 Random (CSV),budget=26642,var_upper,아카이브,104.78259515720366,,104.7825951562955,,9.081588814296992e-10,8.667077581607927e-12,ok,,,
1.12,Table S9 Random (CSV),budget=26642,var_lower,아카이브,104.634998397158,,104.63499839615088,,1.007123273666366e-09,9.625109084855881e-12,ok,,,
1.12,Table S9 Random (CSV),budget=26642,relax_primal,아카이브,104.63499866442726,,104.63499866332859,,1.0986695997416973e-09,1.0500020201321146e-11,ok,,,
1.12,Table S9 Random (CSV),budget=26642,duality_gap,아카이브,2.672692573923996e-07,,2.6717771106632426e-07,,9.154632607533131e-11,0.00034252471447146184,ok,,,
1.12,Table S9 Random (CSV),budget=26642,gap,아카이브,0.1408599966666424,,0.1408599967623106,,9.56681955877059e-11,6.791722124920471e-10,ok,,,
1.12,Table S9 Random (CSV),budget=26904,mean,아카이브,205.52849957648706,,205.5284995764242,,6.286882126005366e-11,3.0588858182491204e-13,ok,,,
1.12,Table S9 Random (CSV),budget=26904,dev,아카이브,5.528499576487064,,5.5284995764241955,,6.286882126005366e-11,1.1371769209757625e-11,ok,,,
1.12,Table S9 Random (CSV),budget=26904,var_repair,아카이브,106.385717,,106.385717,,0.0,0.0,ok,,,
1.12,Table S9 Random (CSV),budget=26904,var_round,아카이브,105.75728545412514,,105.7572854531623,,9.628422503737966e-10,9.104264034759605e-12,ok,,,
1.12,Table S9 Random (CSV),budget=26904,var_upper,아카이브,105.75728545412514,,105.7572854531623,,9.628422503737966e-10,9.104264034759605e-12,ok,,,
1.12,Table S9 Random (CSV),budget=26904,var_lower,아카이브,105.58424121893684,,105.5842412179242,,1.0126370852958644e-09,9.59079758120424e-12,ok,,,
1.12,Table S9 Random (CSV),budget=26904,relax_primal,아카이브,105.58424148216,,105.58424148119957,,9.604264050722122e-10,9.096304444584094e-12,ok,,,
1.12,Table S9 Random (CSV),budget=26904,duality_gap,아카이브,2.63223157048742e-07,,2.6327536772896565e-07,,5.221068022365216e-11,0.00019835139434173763,ok,,,
1.12,Table S9 Random (CSV),budget=26904,gap,아카이브,0.163623938006013,,0.16362393805458675,,4.857375612843384e-11,2.968621628373766e-10,ok,,,
1.12,Table S9 Random (CSV),budget=27165,mean,아카이브,207.36990903466577,,207.3699090346029,,6.286882126005366e-11,3.0317234333909056e-13,ok,,,
1.12,Table S9 Random (CSV),budget=27165,dev,아카이브,7.369909034665767,,7.369909034602898,,6.286882126005366e-11,8.530474523408392e-12,ok,,,
1.12,Table S9 Random (CSV),budget=27165,var_repair,아카이브,107.339564,,107.339564,,0.0,0.0,ok,,,
1.12,Table S9 Random (CSV),budget=27165,var_round,아카이브,106.72829187846375,,106.72829187739845,,1.065302512870403e-09,9.98144441479032e-12,ok,,,
1.12,Table S9 Random (CSV),budget=27165,var_upper,아카이브,106.72829187846375,,106.72829187739845,,1.065302512870403e-09,9.98144441479032e-12,ok,,,
1.12,Table S9 Random (CSV),budget=27165,var_lower,아카이브,106.53929943068917,,106.53929942967869,,1.0104770353791537e-09,9.484547399680769e-12,ok,,,
1.12,Table S9 Random (CSV),budget=27165,relax_primal,아카이브,106.53929974290804,,106.53929974186758,,1.04046193882823e-09,9.765991904761792e-12,ok,,,
1.12,Table S9 Random (CSV),budget=27165,duality_gap,아카이브,3.1221887297760986e-07,,3.121888880741608e-07,,2.998490344907623e-11,9.603808752210356e-05,ok,,,
1.12,Table S9 Random (CSV),budget=27165,gap,아카이브,0.17707811532278142,,0.1770781152731797,,4.9601711626934275e-11,2.80112037201883e-10,ok,,,
1.12,Table S9 Random (CSV),budget=27426,mean,아카이브,209.2113184928445,,209.21131849278163,,6.286882126005366e-11,3.005039197351262e-13,ok,,,
1.12,Table S9 Random (CSV),budget=27426,dev,아카이브,9.211318492844498,,9.21131849278163,,6.286882126005366e-11,6.825170718924895e-12,ok,,,
1.12,Table S9 Random (CSV),budget=27426,var_repair,아카이브,108.305796,,108.305796,,0.0,0.0,ok,,,
1.12,Table S9 Random (CSV),budget=27426,var_round,아카이브,107.66239589793506,,107.6623958969308,,1.0042526810138952e-09,9.327794283585664e-12,ok,,,
1.12,Table S9 Random (CSV),budget=27426,var_upper,아카이브,107.66239589793506,,107.6623958969308,,1.0042526810138952e-09,9.327794283585664e-12,ok,,,
1.12,Table S9 Random (CSV),budget=27426,var_lower,아카이브,107.50377113312415,,107.50377113211854,,1.0056027122118394e-09,9.35411568926806e-12,ok,,,
1.12,Table S9 Random (CSV),budget=27426,relax_primal,아카이브,107.50377143801597,,107.50377143696096,,1.0550138540565968e-09,9.813738066528129e-12,ok,,,
1.12,Table S9 Random (CSV),budget=27426,duality_gap,아카이브,3.048918273407253e-07,,3.0484241619888053e-07,,4.941114184475737e-11,0.00016206122110822935,ok,,,
1.12,Table S9 Random (CSV),budget=27426,gap,아카이브,0.14733534721007613,,0.1473353472127044,,2.6282587217707487e-12,1.7838616269205794e-11,ok,,,
1.12,Table S9 Center-30 (CSV),budget=23725,mean,아카이브,170.45682526931046,,170.45682526931046,,0.0,0.0,ok,,,
1.12,Table S9 Center-30 (CSV),budget=23725,dev,아카이브,29.543174730689543,,29.543174730689543,,0.0,0.0,ok,,,
1.12,Table S9 Center-30 (CSV),budget=23725,var_repair,아카이브,41.418091,,41.418091,,0.0,0.0,ok,,,
1.12,Table S9 Center-30 (CSV),budget=23725,var_round,아카이브,41.46249102513764,,41.462491025137645,,7.105427357601002e-15,1.7137000652693937e-16,ok,,,
1.12,Table S9 Center-30 (CSV),budget=23725,var_upper,아카이브,41.418091,,41.418091,,0.0,0.0,ok,,,
1.12,Table S9 Center-30 (CSV),budget=23725,var_lower,아카이브,41.189101536515665,,41.18910153646645,,4.921218987874454e-11,1.1947866800424406e-12,ok,,,
1.12,Table S9 Center-30 (CSV),budget=23725,relax_primal,아카이브,41.189109237035154,,41.189109236998775,,3.637978807091713e-11,8.832380390058611e-13,ok,,,
1.12,Table S9 Center-30 (CSV),budget=23725,duality_gap,아카이브,7.700519489617363e-06,,7.700532322019171e-06,,1.283240180782741e-11,1.6664332614350733e-06,ok,,,
1.12,Table S9 Center-30 (CSV),budget=23725,gap,아카이브,0.5528730512575584,,0.5528730513763764,,1.1881806649682858e-10,2.149102153316506e-10,ok,,,
1.12,Table S9 Center-30 (CSV),budget=24004,mean,아카이브,172.42522848322565,,172.42522848322565,,0.0,0.0,ok,,,
1.12,Table S9 Center-30 (CSV),budget=24004,dev,아카이브,27.574771516774348,,27.574771516774348,,0.0,0.0,ok,,,
1.12,Table S9 Center-30 (CSV),budget=24004,var_repair,아카이브,42.294753,,42.294753,,0.0,0.0,ok,,,
1.12,Table S9 Center-30 (CSV),budget=24004,var_round,아카이브,42.31921560026972,,42.31921560026972,,0.0,0.0,ok,,,
1.12,Table S9 Center-30 (CSV),budget=24004,var_upper,아카이브,42.294753,,42.294753,,0.0,0.0,ok,,,
1.12,Table S9 Center-30 (CSV),budget=24004,var_lower,아카이브,42.08041009432074,,42.0804100942853,,3.54418716597138e-11,8.422415936601603e-13,ok,,,
1.12,Table S9 Center-30 (CSV),budget=24004,relax_primal,아카이브,42.080418002446095,,42.08041800237697,,6.912159733474255e-11,1.6426071939381537e-12,ok,,,
1.12,Table S9 Center-30 (CSV),budget=24004,duality_gap,아카이브,7.90812535456098e-06,,7.908091674835305e-06,,3.367972567502875e-11,4.258876050264441e-06,ok,,,
1.12,Table S9 Center-30 (CSV),budget=24004,gap,아카이브,0.5067836799502289,,0.5067836800340262,,8.37973024303551e-11,1.653512252773902e-10,ok,,,
1.12,Table S9 Center-30 (CSV),budget=24283,mean,아카이브,174.39363169714082,,174.39363169714082,,0.0,0.0,ok,,,
1.12,Table S9 Center-30 (CSV),budget=24283,dev,아카이브,25.60636830285918,,25.60636830285918,,0.0,0.0,ok,,,
1.12,Table S9 Center-30 (CSV),budget=24283,var_repair,아카이브,43.208527,,43.208527,,0.0,0.0,ok,,,
1.12,Table S9 Center-30 (CSV),budget=24283,var_round,아카이브,43.21042161121678,,43.21042161121678,,0.0,0.0,ok,,,
1.12,Table S9 Center-30 (CSV),budget=24283,var_upper,아카이브,43.208527,,43.208527,,0.0,0.0,ok,,,
1.12,Table S9 Center-30 (CSV),budget=24283,var_lower,아카이브,42.982185070233754,,42.982185070249216,,1.546140993013978e-11,3.597167036732899e-13,ok,,,
1.12,Table S9 Center-30 (CSV),budget=24283,relax_primal,아카이브,42.9821925448814,,42.98219254493597,,5.4569682106375694e-11,1.2695881451230019e-12,ok,,,
1.12,Table S9 Center-30 (CSV),budget=24283,duality_gap,아카이브,7.474647645722143e-06,,7.47468675399432e-06,,3.9108272176235914e-11,5.2321225066198515e-06,ok,,,
1.12,Table S9 Center-30 (CSV),budget=24283,gap,아카이브,0.5238362552054653,,0.523836255169682,,3.578326523978603e-11,6.831002032448231e-11,ok,,,
1.12,Table S9 Center-30 (CSV),budget=24563,mean,아카이브,176.36909011970803,,176.36909011970803,,0.0,0.0,ok,,,
1.12,Table S9 Center-30 (CSV),budget=24563,dev,아카이브,23.630909880291966,,23.630909880291966,,0.0,0.0,ok,,,
1.12,Table S9 Center-30 (CSV),budget=24563,var_repair,아카이브,44.107201,,44.107201,,0.0,0.0,ok,,,
1.12,Table S9 Center-30 (CSV),budget=24563,var_round,아카이브,44.07048925627998,,44.07048925627998,,0.0,0.0,ok,,,
1.12,Table S9 Center-30 (CSV),budget=24563,var_upper,아카이브,44.07048925627998,,44.07048925627998,,0.0,0.0,ok,,,
1.12,Table S9 Center-30 (CSV),budget=24563,var_lower,아카이브,43.89771694080791,,43.89771694073592,,7.199218998721335e-11,1.6399985011586886e-12,ok,,,
1.12,Table S9 Center-30 (CSV),budget=24563,relax_primal,아카이브,43.8977247489056,,43.897724748829205,,7.639755494892597e-11,1.7403534097933084e-12,ok,,,
1.12,Table S9 Center-30 (CSV),budget=24563,duality_gap,아카이브,7.808097691963667e-06,,7.808093286598705e-06,,4.405364961712621e-12,5.642046418357134e-07,ok,,,
1.12,Table S9 Center-30 (CSV),budget=24563,gap,아카이브,0.392036299999657,,0.39203630016301394,,1.6335693908686721e-10,4.1668829923915246e-10,ok,,,
1.12,Table S9 Center-30 (CSV),budget=24842,mean,아카이브,178.33749333362317,,178.33749333362317,,0.0,0.0,ok,,,
1.12,Table S9 Center-30 (CSV),budget=24842,dev,아카이브,21.662506666376828,,21.662506666376828,,0.0,0.0,ok,,,
1.12,Table S9 Center-30 (CSV),budget=24842,var_repair,아카이브,45.045847,,45.045847,,0.0,0.0,ok,,,
1.12,Table S9 Center-30 (CSV),budget=24842,var_round,아카이브,45.055714789263845,,45.055714789263845,,0.0,0.0,ok,,,
1.12,Table S9 Center-30 (CSV),budget=24842,var_upper,아카이브,45.045847,,45.045847,,0.0,0.0,ok,,,
1.12,Table S9 Center-30 (CSV),budget=24842,var_lower,아카이브,44.82047063790036,,44.82047063780054,,9.981704351957887e-11,2.2270413964634545e-12,ok,,,
1.12,Table S9 Center-30 (CSV),budget=24842,relax_primal,아카이브,44.82047849075025,,44.82047849059745,,1.5279510989785194e-10,3.409046825088777e-12,ok,,,
1.12,Table S9 Center-30 (CSV),budget=24842,duality_gap,아카이브,7.852849890355174e-06,,7.852796912288795e-06,,5.297806637827307e-11,6.746349047540109e-06,ok,,,
1.12,Table S9 Center-30 (CSV),budget=24842,gap,아카이브,0.5003266163463308,,0.5003266165679208,,2.215899685964473e-10,4.4289062655635464e-10,ok,,,
1.12,Table S9 Center-30 (CSV),budget=25121,mean,아카이브,180.30589654753837,,180.30589654753837,,0.0,0.0,ok,,,
1.12,Table S9 Center-30 (CSV),budget=25121,dev,아카이브,19.694103452461633,,19.694103452461633,,0.0,0.0,ok,,,
1.12,Table S9 Center-30 (CSV),budget=25121,var_repair,아카이브,45.968674,,45.968674,,0.0,0.0,ok,,,
1.12,Table S9 Center-30 (CSV),budget=25121,var_round,아카이브,46.03268767122679,,46.03268767122679,,0.0,0.0,ok,,,
1.12,Table S9 Center-30 (CSV),budget=25121,var_upper,아카이브,45.968674,,45.968674,,0.0,0.0,ok,,,
1.12,Table S9 Center-30 (CSV),budget=25121,var_lower,아카이브,45.75369245111895,,45.753692451175894,,5.694289484381443e-11,1.2445529921907283e-12,ok,,,
1.12,Table S9 Center-30 (CSV),budget=25121,relax_primal,아카이브,45.75370079799541,,45.75370079807544,,8.003553375601768e-11,1.7492690724489822e-12,ok,,,
1.12,Table S9 Center-30 (CSV),budget=25121,duality_gap,아카이브,8.346876455789243e-06,,8.346899548428155e-06,,2.3092638912203256e-11,2.7666204279550127e-06,ok,,,
1.12,Table S9 Center-30 (CSV),budget=25121,gap,아카이브,0.4676696762692109,,0.4676696761453376,,1.2387330050600553e-10,2.6487349253471525e-10,ok,,,
1.12,Table S9 Center-30 (CSV),budget=25400,mean,아카이브,182.27429976145356,,182.27429976145356,,0.0,0.0,ok,,,
1.12,Table S9 Center-30 (CSV),budget=25400,dev,아카이브,17.725700238546438,,17.725700238546438,,0.0,0.0,ok,,,
1.12,Table S9 Center-30 (CSV),budget=25400,var_repair,아카이브,46.909539,,46.909539,,0.0,0.0,ok,,,
1.12,Table S9 Center-30 (CSV),budget=25400,var_round,아카이브,46.93443889671349,,46.93443889671349,,0.0,0.0,ok,,,
1.12,Table S9 Center-30 (CSV),budget=25400,var_upper,아카이브,46.909539,,46.909539,,0.0,0.0,ok,,,
1.12,Table S9 Center-30 (CSV),budget=25400,var_lower,아카이브,46.6973690332503,,46.697369033182085,,6.821210263296962e-11,1.4607268898682496e-12,ok,,,
1.12,Table S9 Center-30 (CSV),budget=25400,relax_primal,아카이브,46.69737777815317,,46.697377778102236,,5.093170329928398e-11,1.0906758735200715e-12,ok,,,
1.12,Table S9 Center-30 (CSV),budget=25400,duality_gap,아카이브,8.74490287117169e-06,,8.744920151571023e-06,,1.7280399333685637e-11,1.9760538897066465e-06,ok,,,
1.12,Table S9 Center-30 (CSV),budget=25400,gap,아카이브,0.4522959962358732,,0.45229599638128515,,1.4541196025064096e-10,3.214973412561635e-10,ok,,,
1.12,Table S9 Center-30 (CSV),budget=25679,mean,아카이브,184.24270297536873,,184.24270297536873,,0.0,0.0,ok,,,
1.12,Table S9 Center-30 (CSV),budget=25679,dev,아카이브,15.75729702463127,,15.75729702463127,,0.0,0.0,ok,,,
1.12,Table S9 Center-30 (CSV),budget=25679,var_repair,아카이브,47.858497,,47.858497,,0.0,0.0,ok,,,
1.12,Table S9 Center-30 (CSV),budget=25679,var_round,아카이브,47.91843094184101,,47.91843094184101,,0.0,0.0,ok,,,
1.12,Table S9 Center-30 (CSV),budget=25679,var_upper,아카이브,47.858497,,47.858497,,0.0,0.0,ok,,,
1.12,Table S9 Center-30 (CSV),budget=25679,var_lower,아카이브,47.65149460440162,,47.651494604441254,,3.963407380069839e-11,8.317488072459609e-13,ok,,,
1.12,Table S9 Center-30 (CSV),budget=25679,relax_primal,아카이브,47.651504315203056,,47.65150431529037,,8.731149137020111e-11,1.8322924454316683e-12,ok,,,
1.12,Table S9 Center-30 (CSV),budget=25679,duality_gap,아카이브,9.71080143585823e-06,,9.710849113275799e-06,,4.767741756950272e-11,4.909730456793039e-06,ok,,,
1.12,Table S9 Center-30 (CSV),budget=25679,gap,아카이브,0.4325300804962178,,0.43253008041340263,,8.281514363162046e-11,1.9146678431384757e-10,ok,,,
1.12,Table S9 Center-30 (CSV),budget=25958,mean,아카이브,186.21110618928392,,186.21110618928392,,0.0,0.0,ok,,,
1.12,Table S9 Center-30 (CSV),budget=25958,dev,아카이브,13.788893810716075,,13.788893810716075,,0.0,0.0,ok,,,
1.12,Table S9 Center-30 (CSV),budget=25958,var_repair,아카이브,48.825428,,48.825428,,0.0,0.0,ok,,,
1.12,Table S9 Center-30 (CSV),budget=25958,var_round,아카이브,48.847253103846846,,48.847253103846846,,0.0,0.0,ok,,,
1.12,Table S9 Center-30 (CSV),budget=25958,var_upper,아카이브,48.825428,,48.825428,,0.0,0.0,ok,,,
1.12,Table S9 Center-30 (CSV),budget=25958,var_lower,아카이브,48.61606811084664,,48.6160681108348,,1.1837641977763269e-11,2.4349237685723486e-13,ok,,,
1.12,Table S9 Center-30 (CSV),budget=25958,relax_primal,아카이브,48.616078886676405,,48.61607888668368,,7.275957614183426e-12,1.496615478007515e-13,ok,,,
1.12,Table S9 Center-30 (CSV),budget=25958,duality_gap,아카이브,1.0775829764497757e-05,,1.077584887809735e-05,,1.9113599591946695e-11,1.7737473595693489e-06,ok,,,
1.12,Table S9 Center-30 (CSV),budget=25958,gap,아카이브,0.42879273716425315,,0.428792737188498,,2.4244828367159243e-11,5.6542068616875924e-11,ok,,,
1.12,Table S9 Center-30 (CSV),budget=26237,mean,아카이브,188.1795094031991,,188.1795094031991,,0.0,0.0,ok,,,
1.12,Table S9 Center-30 (CSV),budget=26237,dev,아카이브,11.820490596800909,,11.820490596800909,,0.0,0.0,ok,,,
1.12,Table S9 Center-30 (CSV),budget=26237,var_repair,아카이브,49.798935,,49.798935,,0.0,0.0,ok,,,
1.12,Table S9 Center-30 (CSV),budget=26237,var_round,아카이브,49.809547168258774,,49.809547168258774,,0.0,0.0,ok,,,
1.12,Table S9 Center-30 (CSV),budget=26237,var_upper,아카이브,49.798935,,49.798935,,0.0,0.0,ok,,,
1.12,Table S9 Center-30 (CSV),budget=26237,var_lower,아카이브,49.59108911257012,,49.591089112616785,,4.666844688472338e-11,9.410651735997886e-13,ok,,,
1.12,Table S9 Center-30 (CSV),budget=26237,relax_primal,아카이브,49.59110167234758,,49.59110167232575,,2.1827872842550278e-11,4.4015704645500316e-13,ok,,,
1.12,Table S9 Center-30 (CSV),budget=26237,duality_gap,아카이브,1.2559777459841825e-05,,1.2559708963522098e-05,,6.849631972727366e-11,5.4536252689413725e-06,ok,,,
1.12,Table S9 Center-30 (CSV),budget=26237,gap,아카이브,0.41737014542556616,,0.41737014533185246,,9.371370346400454e-11,2.2453379689735726e-10,ok,,,
1.12,Table S9 Center-30 (CSV),budget=26516,mean,아카이브,190.1479126171143,,190.1479126171143,,0.0,0.0,ok,,,
1.12,Table S9 Center-30 (CSV),budget=26516,dev,아카이브,9.852087382885713,,9.852087382885713,,0.0,0.0,ok,,,
1.12,Table S9 Center-30 (CSV),budget=26516,var_repair,아카이브,50.780778,,50.780778,,0.0,0.0,ok,,,
1.12,Table S9 Center-30 (CSV),budget=26516,var_round,아카이브,50.78430237026126,,50.78430237026126,,0.0,0.0,ok,,,
1.12,Table S9 Center-30 (CSV),budget=26516,var_upper,아카이브,50.780778,,50.780778,,0.0,0.0,ok,,,
1.12,Table S9 Center-30 (CSV),budget=26516,var_lower,아카이브,50.57655804117472,,50.57655804117917,,4.447997525858227e-12,8.794583297339218e-14,ok,,,
1.12,Table S9 Center-30 (CSV),budget=26516,relax_primal,아카이브,50.57657252976787,,50.57657252987701,,1.0913936421275139e-10,2.1579035263513594e-12,ok,,,
1.12,Table S9 Center-30 (CSV),budget=26516,duality_gap,아카이브,1.4488593151895657e-05,,1.4488697843262344e-05,,1.0469136668689316e-10,7.225778623868362e-06,ok,,,
1.12,Table S9 Center-30 (CSV),budget=26516,gap,아카이브,0.4021599645938412,,0.40215996458508196,,8.759215575082635e-12,2.1780426562173953e-11,ok,,,
1.12,Table S9 Center-30 (CSV),budget=26796,mean,아카이브,192.12337103968147,,192.12337103968147,,0.0,0.0,ok,,,
1.12,Table S9 Center-30 (CSV),budget=26796,dev,아카이브,7.876628960318527,,7.876628960318527,,0.0,0.0,ok,,,
1.12,Table S9 Center-30 (CSV),budget=26796,var_repair,아카이브,51.779228,,51.779228,,0.0,0.0,ok,,,
1.12,Table S9 Center-30 (CSV),budget=26796,var_round,아카이브,51.84399175281905,,51.84399175281905,,0.0,0.0,ok,,,
1.12,Table S9 Center-30 (CSV),budget=26796,var_upper,아카이브,51.779228,,51.779228,,0.0,0.0,ok,,,
1.12,Table S9 Center-30 (CSV),budget=26796,var_lower,아카이브,51.576065900754884,,51.57606590073472,,2.0165202840871643e-11,3.90979856425546e-13,ok,,,
1.12,Table S9 Center-30 (CSV),budget=26796,relax_primal,아카이브,51.57607877245027,,51.57607877234841,,1.0186340659856796e-10,1.975012622576089e-12,ok,,,
1.12,Table S9 Center-30 (CSV),budget=26796,duality_gap,아카이브,1.2871695389549132e-05,,1.2871613691345374e-05,,8.169820375769632e-11,6.347120661667401e-06,ok,,,
1.12,Table S9 Center-30 (CSV),budget=26796,gap,아카이브,0.3923621635400194,,0.3923621635789639,,3.8944514280103704e-11,9.925654892085821e-11,ok,,,
1.12,Table S9 Center-30 (CSV),budget=27075,mean,아카이브,194.09177425359664,,194.09177425359664,,0.0,0.0,ok,,,
1.12,Table S9 Center-30 (CSV),budget=27075,dev,아카이브,5.90822574640336,,5.90822574640336,,0.0,0.0,ok,,,
1.12,Table S9 Center-30 (CSV),budget=27075,var_repair,아카이브,52.787784,,52.787784,,0.0,0.0,ok,,,
1.12,Table S9 Center-30 (CSV),budget=27075,var_round,아카이브,52.74889275305327,,52.74889275305327,,0.0,0.0,ok,,,
1.12,Table S9 Center-30 (CSV),budget=27075,var_upper,아카이브,52.74889275305327,,52.74889275305327,,0.0,0.0,ok,,,
1.12,Table S9 Center-30 (CSV),budget=27075,var_lower,아카이브,52.582467752810686,,52.58246775368471,,8.74024408403784e-10,1.662197393459277e-11,ok,,,
1.12,Table S9 Center-30 (CSV),budget=27075,relax_primal,아카이브,52.58248340321006,,52.58248340283171,,3.7834979593753815e-10,7.195358063184224e-12,ok,,,
1.12,Table S9 Center-30 (CSV),budget=27075,duality_gap,아카이브,1.5650399376454516e-05,,1.5649147002250174e-05,,1.2523742043413222e-09,8.002186872147658e-05,warn,,"OSQP primal−dual 차이(1.565e-5)의 1.3e-9 변화: 1차 solver 수치 잔차(BLAS·CPU 의존), 하한·상한 값은 일치",수정 불필요
1.12,Table S9 Center-30 (CSV),budget=27075,gap,아카이브,0.31550425337212396,,0.3155042517151708,,1.6569531302579321e-09,5.251761624600432e-09,ok,,,
1.12,Table S9 Center-30 (CSV),budget=27354,mean,아카이브,196.06017746751183,,196.06017746751183,,0.0,0.0,ok,,,
1.12,Table S9 Center-30 (CSV),budget=27354,dev,아카이브,3.939822532488165,,3.939822532488165,,0.0,0.0,ok,,,
1.12,Table S9 Center-30 (CSV),budget=27354,var_repair,아카이브,53.802152,,53.802152,,0.0,0.0,ok,,,
1.12,Table S9 Center-30 (CSV),budget=27354,var_round,아카이브,53.75779564432517,,53.75779564432517,,0.0,0.0,ok,,,
1.12,Table S9 Center-30 (CSV),budget=27354,var_upper,아카이브,53.75779564432517,,53.75779564432517,,0.0,0.0,ok,,,
1.12,Table S9 Center-30 (CSV),budget=27354,var_lower,아카이브,53.59932315726674,,53.59932315722554,,4.119726781937061e-11,7.686154487155177e-13,ok,,,
1.12,Table S9 Center-30 (CSV),budget=27354,relax_primal,아카이브,53.59933325878956,,53.59933325884049,,5.093170329928398e-11,9.502301652405701e-13,ok,,,
1.12,Table S9 Center-30 (CSV),budget=27354,duality_gap,아카이브,1.0101522818217745e-05,,1.0101614947188864e-05,,9.212897111865459e-11,9.12030520314256e-06,ok,,,
1.12,Table S9 Center-30 (CSV),budget=27354,gap,아카이브,0.29478977915486987,,0.29478977923150484,,7.663497614274206e-11,2.599648344744047e-10,ok,,,
1.12,Table S9 Center-30 (CSV),budget=27633,mean,아카이브,198.028580681427,,198.028580681427,,0.0,0.0,ok,,,
1.12,Table S9 Center-30 (CSV),budget=27633,dev,아카이브,1.9714193185729982,,1.9714193185729982,,0.0,0.0,ok,,,
1.12,Table S9 Center-30 (CSV),budget=27633,var_repair,아카이브,54.834953,,54.834953,,0.0,0.0,ok,,,
1.12,Table S9 Center-30 (CSV),budget=27633,var_round,아카이브,54.88630977803091,,54.88630977803091,,0.0,0.0,ok,,,
1.12,Table S9 Center-30 (CSV),budget=27633,var_upper,아카이브,54.834953,,54.834953,,0.0,0.0,ok,,,
1.12,Table S9 Center-30 (CSV),budget=27633,var_lower,아카이브,54.626625257161535,,54.62662525708599,,7.554490366601385e-11,1.3829319184624157e-12,ok,,,
1.12,Table S9 Center-30 (CSV),budget=27633,relax_primal,아카이브,54.62663308991614,,54.62663308993797,,2.1827872842550278e-11,3.9958298009363523e-13,ok,,,
1.12,Table S9 Center-30 (CSV),budget=27633,duality_gap,아카이브,7.8327546049195e-06,,7.83285197769601e-06,,9.737277650856413e-11,1.2431485654792176e-05,ok,,,
1.12,Table S9 Center-30 (CSV),budget=27633,gap,아카이브,0.3799177922856309,,0.3799177924233987,,1.377677971703406e-10,3.626252835949405e-10,ok,,,
1.12,Table S9 Center-30 (CSV),budget=27912,mean,아카이브,199.9969838953422,,199.9969838953422,,0.0,0.0,ok,,,
1.12,Table S9 Center-30 (CSV),budget=27912,dev,아카이브,0.003016104657802998,,0.003016104657802998,,0.0,0.0,ok,,,
1.12,Table S9 Center-30 (CSV),budget=27912,var_repair,아카이브,55.86483,,55.86483,,0.0,0.0,ok,,,
1.12,Table S9 Center-30 (CSV),budget=27912,var_round,아카이브,55.9181665415562,,55.9181665415562,,0.0,0.0,ok,,,
1.12,Table S9 Center-30 (CSV),budget=27912,var_upper,아카이브,55.86483,,55.86483,,0.0,0.0,ok,,,
1.12,Table S9 Center-30 (CSV),budget=27912,var_lower,아카이브,55.66437664832658,,55.66437664832962,,3.0411229090532288e-12,5.463319796548289e-14,ok,,,
1.12,Table S9 Center-30 (CSV),budget=27912,relax_primal,아카이브,55.66438354875572,,55.66438354888669,,1.3096723705530167e-10,2.3528013552973085e-12,ok,,,
1.12,Table S9 Center-30 (CSV),budget=27912,duality_gap,아카이브,6.900429141865061e-06,,6.900557067979207e-06,,1.2792611414624844e-10,1.853886352808375e-05,ok,,,
1.12,Table S9 Center-30 (CSV),budget=27912,gap,아카이브,0.3588185118855943,,0.35881851188015057,,5.44375655664453e-12,1.51713369748889e-11,ok,,,
1.12,Table S9 Center-30 (CSV),budget=28191,mean,아카이브,201.96538710925736,,201.96538710925736,,0.0,0.0,ok,,,
1.12,Table S9 Center-30 (CSV),budget=28191,dev,아카이브,1.9653871092573638,,1.9653871092573638,,0.0,0.0,ok,,,
1.12,Table S9 Center-30 (CSV),budget=28191,var_repair,아카이브,56.915577,,56.915577,,0.0,0.0,ok,,,
1.12,Table S9 Center-30 (CSV),budget=28191,var_round,아카이브,56.915715553756094,,56.915715553756094,,0.0,0.0,ok,,,
1.12,Table S9 Center-30 (CSV),budget=28191,var_upper,아카이브,56.915577,,56.915577,,0.0,0.0,ok,,,
1.12,Table S9 Center-30 (CSV),budget=28191,var_lower,아카이브,56.712577783672245,,56.71257778367168,,5.684341886080801e-13,1.0023070909884375e-14,ok,,,
1.12,Table S9 Center-30 (CSV),budget=28191,relax_primal,아카이브,56.7125844610855,,56.712584460947255,,1.382431946694851e-10,2.4376105582764175e-12,ok,,,
1.12,Table S9 Center-30 (CSV),budget=28191,duality_gap,아카이브,6.677413253441955e-06,,6.677275578681474e-06,,1.37674760480877e-10,2.061797813845217e-05,ok,,,
1.12,Table S9 Center-30 (CSV),budget=28191,gap,아카이브,0.35666723773661135,,0.35666723773761005,,9.987011218015596e-13,2.8000921198685257e-12,ok,,,
1.12,Table S9 Center-30 (CSV),budget=28470,mean,아카이브,203.93379032317256,,203.93379032317256,,0.0,0.0,ok,,,
1.12,Table S9 Center-30 (CSV),budget=28470,dev,아카이브,3.933790323172559,,3.933790323172559,,0.0,0.0,ok,,,
1.12,Table S9 Center-30 (CSV),budget=28470,var_repair,아카이브,57.971458,,57.971458,,0.0,0.0,ok,,,
1.12,Table S9 Center-30 (CSV),budget=28470,var_round,아카이브,58.05730172553472,,58.05730172553472,,0.0,0.0,ok,,,
1.12,Table S9 Center-30 (CSV),budget=28470,var_upper,아카이브,57.971458,,57.971458,,0.0,0.0,ok,,,
1.12,Table S9 Center-30 (CSV),budget=28470,var_lower,아카이브,57.77122372672042,,57.7712237265809,,1.3952217159385327e-10,2.415080771940119e-12,ok,,,
1.12,Table S9 Center-30 (CSV),budget=28470,relax_primal,아카이브,57.77123037979618,,57.77123037959973,,1.964508555829525e-10,3.4004963074432896e-12,ok,,,
1.12,Table S9 Center-30 (CSV),budget=28470,duality_gap,아카이브,6.653075757867555e-06,,6.653018829183566e-06,,5.692868398909923e-11,8.556746692953038e-06,ok,,,
1.12,Table S9 Center-30 (CSV),budget=28470,gap,아카이브,0.3454014789132555,,0.34540147915392944,,2.406739252336365e-10,6.967947155028818e-10,ok,,,
1.12,Table S9 Center-30 (CSV),budget=28749,mean,아카이브,205.90219353708773,,205.90219353708773,,0.0,0.0,ok,,,
1.12,Table S9 Center-30 (CSV),budget=28749,dev,아카이브,5.902193537087726,,5.902193537087726,,0.0,0.0,ok,,,
1.12,Table S9 Center-30 (CSV),budget=28749,var_repair,아카이브,59.042255,,59.042255,,0.0,0.0,ok,,,
1.12,Table S9 Center-30 (CSV),budget=28749,var_round,아카이브,59.07884529464714,,59.07884529464714,,0.0,0.0,ok,,,
1.12,Table S9 Center-30 (CSV),budget=28749,var_upper,아카이브,59.042255,,59.042255,,0.0,0.0,ok,,,
1.12,Table S9 Center-30 (CSV),budget=28749,var_lower,아카이브,58.840313470831205,,58.84031347081087,,2.0335733097454067e-11,3.4560885042760797e-13,ok,,,
1.12,Table S9 Center-30 (CSV),budget=28749,relax_primal,아카이브,58.84032032278628,,58.84032032266987,,1.1641532182693481e-10,1.9784957183833048e-12,ok,,,
1.12,Table S9 Center-30 (CSV),budget=28749,duality_gap,아카이브,6.851955077991079e-06,,6.851858998402349e-06,,9.607958872948075e-11,1.402221521242814e-05,ok,,,
1.12,Table S9 Center-30 (CSV),budget=28749,gap,아카이브,0.3420288218476616,,0.34202882188210426,,3.4442670937551156e-11,1.0070107762114796e-10,ok,,,
1.12,Table S9 Center-30 (CSV),budget=29028,mean,아카이브,207.8705967510029,,207.8705967510029,,0.0,0.0,ok,,,
1.12,Table S9 Center-30 (CSV),budget=29028,dev,아카이브,7.870596751002893,,7.870596751002893,,0.0,0.0,ok,,,
1.12,Table S9 Center-30 (CSV),budget=29028,var_repair,아카이브,60.125496,,60.125496,,0.0,0.0,ok,,,
1.12,Table S9 Center-30 (CSV),budget=29028,var_round,아카이브,60.183476634187414,,60.183476634187414,,0.0,0.0,ok,,,
1.12,Table S9 Center-30 (CSV),budget=29028,var_upper,아카이브,60.125496,,60.125496,,0.0,0.0,ok,,,
1.12,Table S9 Center-30 (CSV),budget=29028,var_lower,아카이브,59.91984880615968,,59.919848806172055,,1.2377654456940945e-11,2.0657018840255384e-13,ok,,,
1.12,Table S9 Center-30 (CSV),budget=29028,relax_primal,아카이브,59.91985202075739,,59.919852020691906,,6.548361852765083e-11,1.0928534754219026e-12,ok,,,
1.12,Table S9 Center-30 (CSV),budget=29028,duality_gap,아카이브,3.2145977115760616e-06,,3.214519850303077e-06,,7.786127298459178e-11,2.4221156104294537e-05,ok,,,
1.12,Table S9 Center-30 (CSV),budget=29028,gap,아카이브,0.34202993325879694,,0.3420299332382105,,2.0586421456414428e-11,6.01889467985181e-11,ok,,,
1.12,Table S9 Center-30 (CSV),budget=29308,mean,아카이브,209.8460551735701,,209.8460551735701,,0.0,0.0,ok,,,
1.12,Table S9 Center-30 (CSV),budget=29308,dev,아카이브,9.846055173570107,,9.846055173570107,,0.0,0.0,ok,,,
1.12,Table S9 Center-30 (CSV),budget=29308,var_repair,아카이브,61.213586,,61.213586,,0.0,0.0,ok,,,
1.12,Table S9 Center-30 (CSV),budget=29308,var_round,아카이브,61.30016254821685,,61.30016254821685,,0.0,0.0,ok,,,
1.12,Table S9 Center-30 (CSV),budget=29308,var_upper,아카이브,61.213586,,61.213586,,0.0,0.0,ok,,,
1.12,Table S9 Center-30 (CSV),budget=29308,var_lower,아카이브,61.01375196090747,,61.01375196098296,,7.548806024715304e-11,1.2372302607372762e-12,ok,,,
1.12,Table S9 Center-30 (CSV),budget=29308,relax_primal,아카이브,61.01375514940446,,61.01375514940446,,0.0,0.0,ok,,,
1.12,Table S9 Center-30 (CSV),budget=29308,duality_gap,아카이브,3.188496989992018e-06,,3.1884215019317708e-06,,7.548806024715304e-11,2.3675123572044527e-05,ok,,,
1.12,Table S9 Center-30 (CSV),budget=29308,gap,아카이브,0.32645373707158615,,0.326453736948267,,1.233191326832639e-10,3.7775377849701856e-10,ok,,,
1.12,Table S9 Center-100 (CSV),budget=22862,mean,아카이브,171.53618020261226,,171.53618020261226,,0.0,0.0,ok,,,
1.12,Table S9 Center-100 (CSV),budget=22862,dev,아카이브,28.463819797387742,,28.463819797387742,,0.0,0.0,ok,,,
1.12,Table S9 Center-100 (CSV),budget=22862,var_repair,아카이브,82.85382,,82.85382,,0.0,0.0,ok,,,
1.12,Table S9 Center-100 (CSV),budget=22862,var_round,아카이브,82.34852029115572,,82.34852029115572,,0.0,0.0,ok,,,
1.12,Table S9 Center-100 (CSV),budget=22862,var_upper,아카이브,82.34852029115572,,82.34852029115572,,0.0,0.0,ok,,,
1.12,Table S9 Center-100 (CSV),budget=22862,var_lower,아카이브,82.18242456976441,,82.18242456993539,,1.709850039333105e-10,2.0805543865180306e-12,ok,,,
1.12,Table S9 Center-100 (CSV),budget=22862,relax_primal,아카이브,82.18242456976441,,82.18242456993539,,1.709850039333105e-10,2.0805543865180306e-12,ok,,,
1.12,Table S9 Center-100 (CSV),budget=22862,duality_gap,아카이브,0.0,,0.0,,0.0,0.0,ok,,,
1.12,Table S9 Center-100 (CSV),budget=22862,gap,아카이브,0.20169848930382517,,0.20169848909618934,,2.0763582520011425e-10,1.0294366899662072e-09,ok,,,
1.12,Table S9 Center-100 (CSV),budget=23131,mean,아카이브,173.43403133000717,,173.43403133000717,,0.0,0.0,ok,,,
1.12,Table S9 Center-100 (CSV),budget=23131,dev,아카이브,26.565968669992827,,26.565968669992827,,0.0,0.0,ok,,,
1.12,Table S9 Center-100 (CSV),budget=23131,var_repair,아카이브,83.549066,,83.549066,,0.0,0.0,ok,,,
1.12,Table S9 Center-100 (CSV),budget=23131,var_round,아카이브,82.97837518228448,,82.97837518228448,,0.0,0.0,ok,,,
1.12,Table S9 Center-100 (CSV),budget=23131,var_upper,아카이브,82.97837518228448,,82.97837518228448,,0.0,0.0,ok,,,
1.12,Table S9 Center-100 (CSV),budget=23131,var_lower,아카이브,82.84358066808397,,82.84358066816986,,8.589040589868091e-11,1.0367780485346736e-12,ok,,,
1.12,Table S9 Center-100 (CSV),budget=23131,relax_primal,아카이브,82.84358408824482,,82.84358408837215,,1.2732925824820995e-10,1.5369839396685091e-12,ok,,,
1.12,Table S9 Center-100 (CSV),budget=23131,duality_gap,아카이브,3.420160851419496e-06,,3.4202022902718454e-06,,4.143885234952904e-11,1.2116053644766549e-05,ok,,,
1.12,Table S9 Center-100 (CSV),budget=23131,gap,아카이브,0.16244535266495,,0.1624453525614406,,1.035093954993016e-10,6.371951785705673e-10,ok,,,
1.12,Table S9 Center-100 (CSV),budget=23400,mean,아카이브,175.3318824574021,,175.3318824574021,,0.0,0.0,ok,,,
1.12,Table S9 Center-100 (CSV),budget=23400,dev,아카이브,24.668117542597912,,24.668117542597912,,0.0,0.0,ok,,,
1.12,Table S9 Center-100 (CSV),budget=23400,var_repair,아카이브,84.158366,,84.158366,,0.0,0.0,ok,,,
1.12,Table S9 Center-100 (CSV),budget=23400,var_round,아카이브,83.7302145558968,,83.7302145558968,,0.0,0.0,ok,,,
1.12,Table S9 Center-100 (CSV),budget=23400,var_upper,아카이브,83.7302145558968,,83.7302145558968,,0.0,0.0,ok,,,
1.12,Table S9 Center-100 (CSV),budget=23400,var_lower,아카이브,83.52069327446642,,83.52069327447212,,5.6985527407960035e-12,6.82292317913283e-14,ok,,,
1.12,Table S9 Center-100 (CSV),budget=23400,relax_primal,아카이브,83.52070011704564,,83.5207001170711,,2.546585164964199e-11,3.049046717035924e-13,ok,,,
1.12,Table S9 Center-100 (CSV),budget=23400,duality_gap,아카이브,6.842579210797339e-06,,6.842598978096248e-06,,1.9767298908845987e-11,2.8888666539152246e-06,ok,,,
1.12,Table S9 Center-100 (CSV),budget=23400,gap,아카이브,0.2502337806509461,,0.2502337806441402,,6.805889185557135e-12,2.7198123162478793e-11,ok,,,
1.12,Table S9 Center-100 (CSV),budget=23668,mean,아카이브,177.22267837614498,,177.22267837614498,,0.0,0.0,ok,,,
1.12,Table S9 Center-100 (CSV),budget=23668,dev,아카이브,22.777321623855016,,22.777321623855016,,0.0,0.0,ok,,,
1.12,Table S9 Center-100 (CSV),budget=23668,var_repair,아카이브,84.887502,,84.887502,,0.0,0.0,ok,,,
1.12,Table S9 Center-100 (CSV),budget=23668,var_round,아카이브,84.42093064432034,,84.42093064432034,,0.0,0.0,ok,,,
1.12,Table S9 Center-100 (CSV),budget=23668,var_upper,아카이브,84.42093064432034,,84.42093064432034,,0.0,0.0,ok,,,
1.12,Table S9 Center-100 (CSV),budget=23668,var_lower,아카이브,84.21071562022256,,84.21071562032195,,9.939071787812281e-11,1.1802621215850932e-12,ok,,,
1.12,Table S9 Center-100 (CSV),budget=23668,relax_primal,아카이브,84.21071981786736,,84.21071981800196,,1.3460521586239338e-10,1.5984332654265425e-12,ok,,,
1.12,Table S9 Center-100 (CSV),budget=23668,duality_gap,아카이브,4.1976447988645305e-06,,4.197680013362515e-06,,3.5214497984270565e-11,8.389108576741924e-06,ok,,,
1.12,Table S9 Center-100 (CSV),budget=23668,gap,아카이브,0.249008181375599,,0.24900818125786667,,1.177323238898964e-10,4.72805042948815e-10,ok,,,
1.12,Table S9 Center-100 (CSV),budget=23937,mean,아카이브,179.1205295035399,,179.1205295035399,,0.0,0.0,ok,,,
1.12,Table S9 Center-100 (CSV),budget=23937,dev,아카이브,20.8794704964601,,20.8794704964601,,0.0,0.0,ok,,,
1.12,Table S9 Center-100 (CSV),budget=23937,var_repair,아카이브,85.504959,,85.504959,,0.0,0.0,ok,,,
1.12,Table S9 Center-100 (CSV),budget=23937,var_round,아카이브,85.10029778838917,,85.10029778838917,,0.0,0.0,ok,,,
1.12,Table S9 Center-100 (CSV),budget=23937,var_upper,아카이브,85.10029778838917,,85.10029778838917,,0.0,0.0,ok,,,
1.12,Table S9 Center-100 (CSV),budget=23937,var_lower,아카이브,84.91844487102674,,84.9184448710166,,1.0132339411939029e-11,1.1931847583087422e-13,ok,,,
1.12,Table S9 Center-100 (CSV),budget=23937,relax_primal,아카이브,84.91844891069923,,84.9184489107065,,7.275957614183426e-12,8.568170647858711e-14,ok,,,
1.12,Table S9 Center-100 (CSV),budget=23937,duality_gap,아카이브,4.039672489852819e-06,,4.039689898149845e-06,,1.7408297026122455e-11,4.309333756597854e-06,ok,,,
1.12,Table S9 Center-100 (CSV),budget=23937,gap,아카이브,0.21369245712233642,,0.21369245713424279,,1.1906364782987566e-11,5.57172908362007e-11,ok,,,
1.12,Table S9 Center-100 (CSV),budget=24206,mean,아카이브,181.01838063093484,,181.01838063093484,,0.0,0.0,ok,,,
1.12,Table S9 Center-100 (CSV),budget=24206,dev,아카이브,18.981619369065157,,18.981619369065157,,0.0,0.0,ok,,,
1.12,Table S9 Center-100 (CSV),budget=24206,var_repair,아카이브,86.226326,,86.226326,,0.0,0.0,ok,,,
1.12,Table S9 Center-100 (CSV),budget=24206,var_round,아카이브,85.84735819243137,,85.84735819243137,,0.0,0.0,ok,,,
1.12,Table S9 Center-100 (CSV),budget=24206,var_upper,아카이브,85.84735819243137,,85.84735819243137,,0.0,0.0,ok,,,
1.12,Table S9 Center-100 (CSV),budget=24206,var_lower,아카이브,85.64133418169504,,85.64133418175628,,6.123457296780543e-11,7.150118987858283e-13,ok,,,
1.12,Table S9 Center-100 (CSV),budget=24206,relax_primal,아카이브,85.64133830731589,,85.64133830748324,,1.673470251262188e-10,1.954044955786535e-12,ok,,,
1.12,Table S9 Center-100 (CSV),budget=24206,duality_gap,아카이브,4.125620847617029e-06,,4.125726960069187e-06,,1.0611245215841336e-10,2.5720359693185147e-05,ok,,,
1.12,Table S9 Center-100 (CSV),budget=24206,gap,아카이브,0.2399887603699054,,0.2399887602985758,,7.132960888611706e-11,2.9722062306657004e-10,ok,,,
1.12,Table S9 Center-100 (CSV),budget=24475,mean,아카이브,182.91623175832976,,182.91623175832976,,0.0,0.0,ok,,,
1.12,Table S9 Center-100 (CSV),budget=24475,dev,아카이브,17.083768241670242,,17.083768241670242,,0.0,0.0,ok,,,
1.12,Table S9 Center-100 (CSV),budget=24475,var_repair,아카이브,87.025311,,87.025311,,0.0,0.0,ok,,,
1.12,Table S9 Center-100 (CSV),budget=24475,var_round,아카이브,86.55049405586072,,86.55049405586072,,0.0,0.0,ok,,,
1.12,Table S9 Center-100 (CSV),budget=24475,var_upper,아카이브,86.55049405586072,,86.55049405586072,,0.0,0.0,ok,,,
1.12,Table S9 Center-100 (CSV),budget=24475,var_lower,아카이브,86.37917538065973,,86.37917538070269,,4.295941380405566e-11,4.973353081311569e-13,ok,,,
1.12,Table S9 Center-100 (CSV),budget=24475,relax_primal,아카이브,86.37917910315446,,86.37917910312171,,3.2741809263825417e-11,3.790474695843657e-13,ok,,,
1.12,Table S9 Center-100 (CSV),budget=24475,duality_gap,아카이브,3.722494724911485e-06,,3.722419023688417e-06,,7.570122306788107e-11,2.0336153215013928e-05,ok,,,
1.12,Table S9 Center-100 (CSV),budget=24475,gap,아카이브,0.19794072474089178,,0.1979407246912567,,4.963507382882426e-11,2.50757260254541e-10,ok,,,
1.12,Table S9 Center-100 (CSV),budget=24744,mean,아카이브,184.81408288572467,,184.81408288572467,,0.0,0.0,ok,,,
1.12,Table S9 Center-100 (CSV),budget=24744,dev,아카이브,15.185917114275327,,15.185917114275327,,0.0,0.0,ok,,,
1.12,Table S9 Center-100 (CSV),budget=24744,var_repair,아카이브,87.8192,,87.8192,,0.0,0.0,ok,,,
1.12,Table S9 Center-100 (CSV),budget=24744,var_round,아카이브,87.29921314355144,,87.29921314355144,,0.0,0.0,ok,,,
1.12,Table S9 Center-100 (CSV),budget=24744,var_upper,아카이브,87.29921314355144,,87.29921314355144,,0.0,0.0,ok,,,
1.12,Table S9 Center-100 (CSV),budget=24744,var_lower,아카이브,87.13135657378692,,87.13135657367309,,1.1382894626876805e-10,1.3064062209610196e-12,ok,,,
1.12,Table S9 Center-100 (CSV),budget=24744,relax_primal,아카이브,87.1313598865454,,87.13135988638169,,1.6370904631912708e-10,1.8788762912950542e-12,ok,,,
1.12,Table S9 Center-100 (CSV),budget=24744,duality_gap,아카이브,3.3127584799785836e-06,,3.3127085998785333e-06,,4.988010005035903e-11,1.5056968490706723e-05,ok,,,
1.12,Table S9 Center-100 (CSV),budget=24744,gap,아카이브,0.19227729978334074,,0.19227729991373016,,1.303894214821355e-10,6.781321644783816e-10,ok,,,
1.12,Table S9 Center-100 (CSV),budget=25013,mean,아카이브,186.7119340131196,,186.7119340131196,,0.0,0.0,ok,,,
1.12,Table S9 Center-100 (CSV),budget=25013,dev,아카이브,13.288065986880412,,13.288065986880412,,0.0,0.0,ok,,,
1.12,Table S9 Center-100 (CSV),budget=25013,var_repair,아카이브,88.487272,,88.487272,,0.0,0.0,ok,,,
1.12,Table S9 Center-100 (CSV),budget=25013,var_round,아카이브,88.13397667264739,,88.13397667264739,,0.0,0.0,ok,,,
1.12,Table S9 Center-100 (CSV),budget=25013,var_upper,아카이브,88.13397667264739,,88.13397667264739,,0.0,0.0,ok,,,
1.12,Table S9 Center-100 (CSV),budget=25013,var_lower,아카이브,87.89706446825649,,87.89706446819778,,5.870504082849948e-11,6.678839752344683e-13,ok,,,
1.12,Table S9 Center-100 (CSV),budget=25013,relax_primal,아카이브,87.89706810875941,,87.89706810863208,,1.2732925824820995e-10,1.4486178093068945e-12,ok,,,
1.12,Table S9 Center-100 (CSV),budget=25013,duality_gap,아카이브,3.6405029248953724e-06,,3.6404343006779527e-06,,6.862421741971048e-11,1.8850202522961228e-05,ok,,,
1.12,Table S9 Center-100 (CSV),budget=25013,gap,아카이브,0.26880916229487545,,0.26880916236148433,,6.660888507425966e-11,2.4779246550082896e-10,ok,,,
1.12,Table S9 Center-100 (CSV),budget=25282,mean,아카이브,188.6097851405145,,188.6097851405145,,0.0,0.0,ok,,,
1.12,Table S9 Center-100 (CSV),budget=25282,dev,아카이브,11.390214859485496,,11.390214859485496,,0.0,0.0,ok,,,
1.12,Table S9 Center-100 (CSV),budget=25282,var_repair,아카이브,89.281014,,89.281014,,0.0,0.0,ok,,,
1.12,Table S9 Center-100 (CSV),budget=25282,var_round,아카이브,88.87785368032132,,88.87785368032132,,0.0,0.0,ok,,,
1.12,Table S9 Center-100 (CSV),budget=25282,var_upper,아카이브,88.87785368032132,,88.87785368032132,,0.0,0.0,ok,,,
1.12,Table S9 Center-100 (CSV),budget=25282,var_lower,아카이브,88.67545882021085,,88.6754588202135,,2.6574298317427747e-12,2.996804152015388e-14,ok,,,
1.12,Table S9 Center-100 (CSV),budget=25282,relax_primal,아카이브,88.67546181448415,,88.67546181446232,,2.1827872842550278e-11,2.4615460011041e-13,ok,,,
1.12,Table S9 Center-100 (CSV),budget=25282,duality_gap,아카이브,2.994273302192596e-06,,2.9942488168899217e-06,,2.4485302674293052e-11,8.177377347740225e-06,ok,,,
1.12,Table S9 Center-100 (CSV),budget=25282,gap,아카이브,0.22772248848228682,,0.22772248847929685,,2.9899693831936247e-12,1.3129881915137233e-11,ok,,,
1.12,Table S9 Center-100 (CSV),budget=25551,mean,아카이브,190.50763626790942,,190.50763626790942,,0.0,0.0,ok,,,
1.12,Table S9 Center-100 (CSV),budget=25551,dev,아카이브,9.492363732090581,,9.492363732090581,,0.0,0.0,ok,,,
1.12,Table S9 Center-100 (CSV),budget=25551,var_repair,아카이브,90.181179,,90.181179,,0.0,0.0,ok,,,
1.12,Table S9 Center-100 (CSV),budget=25551,var_round,아카이브,89.63334149484793,,89.63334149484793,,0.0,0.0,ok,,,
1.12,Table S9 Center-100 (CSV),budget=25551,var_upper,아카이브,89.63334149484793,,89.63334149484793,,0.0,0.0,ok,,,
1.12,Table S9 Center-100 (CSV),budget=25551,var_lower,아카이브,89.46564217911718,,89.4656421791451,,2.7924329515371937e-11,3.1212350166184754e-13,ok,,,
1.12,Table S9 Center-100 (CSV),budget=25551,relax_primal,아카이브,89.46564695763664,,89.46564695754205,,9.458744898438454e-11,1.0572488122639202e-12,ok,,,
1.12,Table S9 Center-100 (CSV),budget=25551,duality_gap,아카이브,4.778519453907393e-06,,4.778396942128893e-06,,1.2251177849975647e-10,2.5638020244864474e-05,ok,,,
1.12,Table S9 Center-100 (CSV),budget=25551,gap,아카이브,0.18709479411785943,,0.18709479408670548,,3.11539405384309e-11,1.6651420305583508e-10,ok,,,
1.12,Table S9 Center-100 (CSV),budget=25820,mean,아카이브,192.40548739530436,,192.40548739530436,,0.0,0.0,ok,,,
1.12,Table S9 Center-100 (CSV),budget=25820,dev,아카이브,7.5945126046956375,,7.5945126046956375,,0.0,0.0,ok,,,
1.12,Table S9 Center-100 (CSV),budget=25820,var_repair,아카이브,90.953355,,90.953355,,0.0,0.0,ok,,,
1.12,Table S9 Center-100 (CSV),budget=25820,var_round,아카이브,90.46581103629994,,90.46581103629995,,1.4210854715202004e-14,1.5708536244150638e-16,ok,,,
1.12,Table S9 Center-100 (CSV),budget=25820,var_upper,아카이브,90.46581103629994,,90.46581103629995,,1.4210854715202004e-14,1.5708536244150638e-16,ok,,,
1.12,Table S9 Center-100 (CSV),budget=25820,var_lower,아카이브,90.26741250039296,,90.26741250041769,,2.4726887204451486e-11,2.739292787897719e-13,ok,,,
1.12,Table S9 Center-100 (CSV),budget=25820,relax_primal,아카이브,90.26741780414159,,90.26741780433804,,1.964508555829525e-10,2.1763207629269203e-12,ok,,,
1.12,Table S9 Center-100 (CSV),budget=25820,duality_gap,아카이브,5.303748622509374e-06,,5.303920346477753e-06,,1.71723968378501e-10,3.237784831085242e-05,ok,,,
1.12,Table S9 Center-100 (CSV),budget=25820,gap,아카이브,0.21930775133090474,,0.2193077513035876,,2.731714854320444e-11,1.245607981360708e-10,ok,,,
1.12,Table S9 Center-100 (CSV),budget=26089,mean,아카이브,194.30333852269928,,194.30333852269928,,0.0,0.0,ok,,,
1.12,Table S9 Center-100 (CSV),budget=26089,dev,아카이브,5.696661477300722,,5.696661477300722,,0.0,0.0,ok,,,
1.12,Table S9 Center-100 (CSV),budget=26089,var_repair,아카이브,91.755435,,91.755435,,0.0,0.0,ok,,,
1.12,Table S9 Center-100 (CSV),budget=26089,var_round,아카이브,91.23981521399887,,91.23981521399887,,0.0,0.0,ok,,,
1.12,Table S9 Center-100 (CSV),budget=26089,var_upper,아카이브,91.23981521399887,,91.23981521399887,,0.0,0.0,ok,,,
1.12,Table S9 Center-100 (CSV),budget=26089,var_lower,아카이브,91.08105168909964,,91.08105168914008,,4.04440925194649e-11,4.440450760002056e-13,ok,,,
1.12,Table S9 Center-100 (CSV),budget=26089,relax_primal,아카이브,91.08105670814984,,91.08105670817895,,2.9103830456733704e-11,3.1953768992811346e-13,ok,,,
1.12,Table S9 Center-100 (CSV),budget=26089,duality_gap,아카이브,5.0190502065561304e-06,,5.019038866294068e-06,,1.1340262062731199e-11,2.25944383818237e-06,ok,,,
1.12,Table S9 Center-100 (CSV),budget=26089,gap,아카이브,0.17400684616343842,,0.17400684611911119,,4.4327236325969466e-11,2.5474420865219566e-10,ok,,,
1.12,Table S9 Center-100 (CSV),budget=26358,mean,아카이브,196.2011896500942,,196.2011896500942,,0.0,0.0,ok,,,
1.12,Table S9 Center-100 (CSV),budget=26358,dev,아카이브,3.798810349905807,,3.798810349905807,,0.0,0.0,ok,,,
1.12,Table S9 Center-100 (CSV),budget=26358,var_repair,아카이브,92.546374,,92.546374,,0.0,0.0,ok,,,
1.12,Table S9 Center-100 (CSV),budget=26358,var_round,아카이브,92.082820603224,,92.082820603224,,0.0,0.0,ok,,,
1.12,Table S9 Center-100 (CSV),budget=26358,var_upper,아카이브,92.082820603224,,92.082820603224,,0.0,0.0,ok,,,
1.12,Table S9 Center-100 (CSV),budget=26358,var_lower,아카이브,91.90658523476625,,91.90658523470248,,6.377831596182659e-11,6.939471834244653e-13,ok,,,
1.12,Table S9 Center-100 (CSV),budget=26358,relax_primal,아카이브,91.90659226931893,,91.90659226942807,,1.0913936421275139e-10,1.187503110690192e-12,ok,,,
1.12,Table S9 Center-100 (CSV),budget=26358,duality_gap,아카이브,7.0345526808068826e-06,,7.034725598487057e-06,,1.7291768017457798e-10,2.4581190591744044e-05,ok,,,
1.12,Table S9 Center-100 (CSV),budget=26358,gap,아카이브,0.19138789114325716,,0.1913878912125191,,6.926192952505517e-11,3.6189295525081787e-10,ok,,,
1.12,Table S9 Center-100 (CSV),budget=26627,mean,아카이브,198.09904077748914,,198.09904077748914,,0.0,0.0,ok,,,
1.12,Table S9 Center-100 (CSV),budget=26627,dev,아카이브,1.9009592225108634,,1.9009592225108634,,0.0,0.0,ok,,,
1.12,Table S9 Center-100 (CSV),budget=26627,var_repair,아카이브,93.347207,,93.347207,,0.0,0.0,ok,,,
1.12,Table S9 Center-100 (CSV),budget=26627,var_round,아카이브,92.94107214169117,,92.94107214169117,,0.0,0.0,ok,,,
1.12,Table S9 Center-100 (CSV),budget=26627,var_upper,아카이브,92.94107214169117,,92.94107214169117,,0.0,0.0,ok,,,
1.12,Table S9 Center-100 (CSV),budget=26627,var_lower,아카이브,92.74359665363681,,92.74359665366087,,2.4058977032836992e-11,2.5941388840771846e-13,ok,,,
1.12,Table S9 Center-100 (CSV),budget=26627,relax_primal,아카이브,92.74360333088407,,92.74360333089862,,1.4551915228366852e-11,1.5690478594463875e-13,ok,,,
1.12,Table S9 Center-100 (CSV),budget=26627,duality_gap,아카이브,6.677247256448027e-06,,6.677237749386222e-06,,9.50706180447014e-12,1.4237995747857685e-06,ok,,,
1.12,Table S9 Center-100 (CSV),budget=26627,gap,아카이브,0.21247386489505388,,0.2124738648691676,,2.5886265353491922e-11,1.2183270335990636e-10,ok,,,
1.12,Table S9 Center-100 (CSV),budget=26896,mean,아카이브,199.99689190488405,,199.99689190488405,,0.0,0.0,ok,,,
1.12,Table S9 Center-100 (CSV),budget=26896,dev,아카이브,0.0031080951159481174,,0.0031080951159481174,,0.0,0.0,ok,,,
1.12,Table S9 Center-100 (CSV),budget=26896,var_repair,아카이브,94.261981,,94.261981,,0.0,0.0,ok,,,
1.12,Table S9 Center-100 (CSV),budget=26896,var_round,아카이브,93.78075563984257,,93.78075563984258,,1.4210854715202004e-14,1.515327384413242e-16,ok,,,
1.12,Table S9 Center-100 (CSV),budget=26896,var_upper,아카이브,93.78075563984257,,93.78075563984258,,1.4210854715202004e-14,1.515327384413242e-16,ok,,,
1.12,Table S9 Center-100 (CSV),budget=26896,var_lower,아카이브,93.59201013387307,,93.59201013387637,,3.296918293926865e-12,3.522649304370091e-14,ok,,,
1.12,Table S9 Center-100 (CSV),budget=26896,relax_primal,아카이브,93.59201756328548,,93.59201756311086,,1.7462298274040222e-10,1.8657892765515483e-12,ok,,,
1.12,Table S9 Center-100 (CSV),budget=26896,duality_gap,아카이브,7.429412406168012e-06,,7.429234486266978e-06,,1.7791990103432909e-10,2.3948044785697623e-05,ok,,,
1.12,Table S9 Center-100 (CSV),budget=26896,gap,아카이브,0.20126251348875332,,0.20126251348525284,,3.5004776854918873e-12,1.7392596489099776e-11,ok,,,
1.12,Table S9 Center-100 (CSV),budget=27165,mean,아카이브,201.89474303227897,,201.89474303227897,,0.0,0.0,ok,,,
1.12,Table S9 Center-100 (CSV),budget=27165,dev,아카이브,1.8947430322789671,,1.8947430322789671,,0.0,0.0,ok,,,
1.12,Table S9 Center-100 (CSV),budget=27165,var_repair,아카이브,95.056214,,95.056214,,0.0,0.0,ok,,,
1.12,Table S9 Center-100 (CSV),budget=27165,var_round,아카이브,94.69298560563846,,94.69298560563846,,0.0,0.0,ok,,,
1.12,Table S9 Center-100 (CSV),budget=27165,var_upper,아카이브,94.69298560563846,,94.69298560563846,,0.0,0.0,ok,,,
1.12,Table S9 Center-100 (CSV),budget=27165,var_lower,아카이브,94.45192093548545,,94.4519209353815,,1.0395240224170266e-10,1.1005853688534978e-12,ok,,,
1.12,Table S9 Center-100 (CSV),budget=27165,relax_primal,아카이브,94.45192797768686,,94.45192797771597,,2.9103830456733704e-11,3.08133789112374e-13,ok,,,
1.12,Table S9 Center-100 (CSV),budget=27165,duality_gap,아카이브,7.042201417561955e-06,,7.042334473794654e-06,,1.3305623269843636e-10,1.889412483525657e-05,ok,,,
1.12,Table S9 Center-100 (CSV),budget=27165,gap,아카이브,0.2545750021622027,,0.25457500227198104,,1.097783530745744e-10,4.312220451426296e-10,ok,,,
1.12,Table S9 Center-100 (CSV),budget=27434,mean,아카이브,203.7925941596739,,203.7925941596739,,0.0,0.0,ok,,,
1.12,Table S9 Center-100 (CSV),budget=27434,dev,아카이브,3.792594159673911,,3.792594159673911,,0.0,0.0,ok,,,
1.12,Table S9 Center-100 (CSV),budget=27434,var_repair,아카이브,95.966707,,95.966707,,0.0,0.0,ok,,,
1.12,Table S9 Center-100 (CSV),budget=27434,var_round,아카이브,95.52956131029624,,95.52956131029624,,0.0,0.0,ok,,,
1.12,Table S9 Center-100 (CSV),budget=27434,var_upper,아카이브,95.52956131029624,,95.52956131029624,,0.0,0.0,ok,,,
1.12,Table S9 Center-100 (CSV),budget=27434,var_lower,아카이브,95.32337564175099,,95.32337564179667,,4.568789790937444e-11,4.792937472239858e-13,ok,,,
1.12,Table S9 Center-100 (CSV),budget=27434,relax_primal,아카이브,95.32338225585409,,95.32338225586136,,7.275957614183426e-12,7.632920110465959e-14,ok,,,
1.12,Table S9 Center-100 (CSV),budget=27434,duality_gap,아카이브,6.614103099877866e-06,,6.614064687937571e-06,,3.8411940295191016e-11,5.807581120998903e-06,ok,,,
1.12,Table S9 Center-100 (CSV),budget=27434,gap,아카이브,0.21583441368011055,,0.21583441363228467,,4.782588214347072e-11,2.2158598959271501e-10,ok,,,
1.12,Table S9 Center-100 (CSV),budget=27703,mean,아카이브,205.69044528706883,,205.69044528706883,,0.0,0.0,ok,,,
1.12,Table S9 Center-100 (CSV),budget=27703,dev,아카이브,5.690445287068826,,5.690445287068826,,0.0,0.0,ok,,,
1.12,Table S9 Center-100 (CSV),budget=27703,var_repair,아카이브,96.871356,,96.871356,,0.0,0.0,ok,,,
1.12,Table S9 Center-100 (CSV),budget=27703,var_round,아카이브,96.45381143895615,,96.45381143895615,,0.0,0.0,ok,,,
1.12,Table S9 Center-100 (CSV),budget=27703,var_upper,아카이브,96.45381143895615,,96.45381143895615,,0.0,0.0,ok,,,
1.12,Table S9 Center-100 (CSV),budget=27703,var_lower,아카이브,96.20637115793991,,96.20637115781714,,1.227675738846301e-10,1.2760856937747423e-12,ok,,,
1.12,Table S9 Center-100 (CSV),budget=27703,relax_primal,아카이브,96.20637698117935,,96.20637698106293,,1.1641532182693481e-10,1.2100582672363693e-12,ok,,,
1.12,Table S9 Center-100 (CSV),budget=27703,duality_gap,아카이브,5.823239433766503e-06,,5.8232457860185605e-06,,6.352252057695296e-12,1.0908450751417282e-06,ok,,,
1.12,Table S9 Center-100 (CSV),budget=27703,gap,아카이브,0.25653758760257933,,0.2565375877298605,,1.2728118559124368e-10,4.961502397396207e-10,ok,,,
1.12,Table S9 Center-100 (CSV),budget=27972,mean,아카이브,207.58829641446374,,207.58829641446374,,0.0,0.0,ok,,,
1.12,Table S9 Center-100 (CSV),budget=27972,dev,아카이브,7.588296414463741,,7.588296414463741,,0.0,0.0,ok,,,
1.12,Table S9 Center-100 (CSV),budget=27972,var_repair,아카이브,97.729644,,97.729644,,0.0,0.0,ok,,,
1.12,Table S9 Center-100 (CSV),budget=27972,var_round,아카이브,97.36595718177321,,97.36595718177321,,0.0,0.0,ok,,,
1.12,Table S9 Center-100 (CSV),budget=27972,var_upper,아카이브,97.36595718177321,,97.36595718177321,,0.0,0.0,ok,,,
1.12,Table S9 Center-100 (CSV),budget=27972,var_lower,아카이브,97.10090788357944,,97.10090788347561,,1.0382450454926584e-10,1.0692433965061146e-12,ok,,,
1.12,Table S9 Center-100 (CSV),budget=27972,relax_primal,아카이브,97.10091340073996,,97.10091340071813,,2.1827872842550278e-11,2.247957519458714e-13,ok,,,
1.12,Table S9 Center-100 (CSV),budget=27972,duality_gap,아카이브,5.517160516887998e-06,,5.5172425135197045e-06,,8.199663170671556e-11,1.4862107320554537e-05,ok,,,
1.12,Table S9 Center-100 (CSV),budget=27972,gap,아카이브,0.2722196811550372,,0.2722196812616705,,1.0663331329041625e-10,3.91717868590425e-10,ok,,,
1.12,Table S9 Center-100 (CSV),budget=28241,mean,아카이브,209.48614754185866,,209.48614754185866,,0.0,0.0,ok,,,
1.12,Table S9 Center-100 (CSV),budget=28241,dev,아카이브,9.486147541858656,,9.486147541858656,,0.0,0.0,ok,,,
1.12,Table S9 Center-100 (CSV),budget=28241,var_repair,아카이브,98.601219,,98.601219,,0.0,0.0,ok,,,
1.12,Table S9 Center-100 (CSV),budget=28241,var_round,아카이브,98.18089536507998,,98.18089536507998,,0.0,0.0,ok,,,
1.12,Table S9 Center-100 (CSV),budget=28241,var_upper,아카이브,98.18089536507998,,98.18089536507998,,0.0,0.0,ok,,,
1.12,Table S9 Center-100 (CSV),budget=28241,var_lower,아카이브,98.00698943867228,,98.00698943881177,,1.3949374988442287e-10,1.4233040998745387e-12,ok,,,
1.12,Table S9 Center-100 (CSV),budget=28241,relax_primal,아카이브,98.00699423432525,,98.00699423448532,,1.6007106751203537e-10,1.6332616744609157e-12,ok,,,
1.12,Table S9 Center-100 (CSV),budget=28241,duality_gap,아카이브,4.795652969846742e-06,,4.79567354716437e-06,,2.05773176276125e-11,4.290827079647947e-06,ok,,,
1.12,Table S9 Center-100 (CSV),budget=28241,gap,아카이브,0.17712807136361855,,0.17712807122154026,,1.42078293574599e-10,8.021218346748248e-10,ok,,,
1.12,Table S9,Zero B=24096,mu_B,원고,,170.002,170.002307679212,170.002,,,ok,,,
1.12,Table S9,Zero B=24096,V_dual,원고,,38.939,38.93939955624262,38.939,,,ok,,,
1.12,Table S9,Zero B=24096,V_round,원고,,39.133,39.1331835471899,39.133,,,ok,,,
1.12,Table S9,Zero B=24096,V_repair,원고,,39.098,39.097668,39.098,,,ok,,,
1.12,Table S9,Zero B=24096,V_UB,원고,,39.098,39.097668,39.098,,,ok,,,
1.12,Table S9,Zero B=24096,Gap (%),원고,,0.405,0.40480277175963264,0.405,,,ok,,,
1.12,Table S9,Zero B=24379,mu_B,원고,,171.999,171.99893172773528,171.999,,,ok,,,
1.12,Table S9,Zero B=24379,V_dual,원고,,39.859,39.85943295801846,39.859,,,ok,,,
1.12,Table S9,Zero B=24379,V_round,원고,,40.115,40.11489780758108,40.115,,,ok,,,
1.12,Table S9,Zero B=24379,V_repair,원고,,40.026,40.025734,40.026,,,ok,,,
1.12,Table S9,Zero B=24379,V_UB,원고,,40.026,40.025734,40.026,,,ok,,,
1.12,Table S9,Zero B=24379,Gap (%),원고,,0.415,0.4154853024844984,0.415,,,ok,,,
1.12,Table S9,Zero B=24663,mu_B,원고,,174.003,174.00261098491058,174.003,,,ok,,,
1.12,Table S9,Zero B=24663,V_dual,원고,,40.794,40.793516788809896,40.794,,,ok,,,
1.12,Table S9,Zero B=24663,V_round,원고,,41.006,41.00576720496364,41.006,,,ok,,,
1.12,Table S9,Zero B=24663,V_repair,원고,,40.959,40.959415,40.959,,,ok,,,
1.12,Table S9,Zero B=24663,V_UB,원고,,40.959,40.959415,40.959,,,ok,,,
1.12,Table S9,Zero B=24663,Gap (%),원고,,0.405,0.40503071440376764,0.405,,,ok,,,
1.12,Table S9,Zero B=24946,mu_B,원고,,175.999,175.99923503343385,175.999,,,ok,,,
1.12,Table S9,Zero B=24946,V_dual,원고,,41.735,41.73507299368251,41.735,,,ok,,,
1.12,Table S9,Zero B=24946,V_round,원고,,41.948,41.94826764823631,41.948,,,ok,,,
1.12,Table S9,Zero B=24946,V_repair,원고,,41.899,41.89926,41.899,,,ok,,,
1.12,Table S9,Zero B=24946,V_UB,원고,,41.899,41.89926,41.899,,,ok,,,
1.12,Table S9,Zero B=24946,Gap (%),원고,,0.392,0.39186135105367165,0.392,,,ok,,,
1.12,Table S9,Zero B=25230,mu_B,원고,,178.003,178.0029142906092,178.003,,,ok,,,
1.12,Table S9,Zero B=25230,V_dual,원고,,42.691,42.690755679831184,42.691,,,ok,,,
1.12,Table S9,Zero B=25230,V_round,원고,,42.927,42.92681026024235,42.927,,,ok,,,
1.12,Table S9,Zero B=25230,V_repair,원고,,42.858,42.858004,42.858,,,ok,,,
1.12,Table S9,Zero B=25230,V_UB,원고,,42.858,42.858004,42.858,,,ok,,,
1.12,Table S9,Zero B=25230,Gap (%),원고,,0.390,0.39023823920688566,0.390,,,ok,,,
1.12,Table S9,Zero B=25513,mu_B,원고,,180.000,179.99953833913247,180.000,,,ok,,,
1.12,Table S9,Zero B=25513,V_dual,원고,,43.654,43.6538346876967,43.654,,,ok,,,
1.12,Table S9,Zero B=25513,V_round,원고,,43.900,43.89965271595064,43.900,,,ok,,,
1.12,Table S9,Zero B=25513,V_repair,원고,,43.818,43.817832,43.818,,,ok,,,
1.12,Table S9,Zero B=25513,V_UB,원고,,43.818,43.817832,43.818,,,ok,,,
1.12,Table S9,Zero B=25513,Gap (%),원고,,0.374,0.37427071312725285,0.374,,,ok,,,
1.12,Table S9,Zero B=25797,mu_B,원고,,182.003,182.00321759630776,182.003,,,ok,,,
1.12,Table S9,Zero B=25797,V_dual,원고,,44.631,44.631116229371955,44.631,,,ok,,,
1.12,Table S9,Zero B=25797,V_round,원고,,44.881,44.88073166165522,44.881,,,ok,,,
1.12,Table S9,Zero B=25797,V_repair,원고,,44.798,44.797654,44.798,,,ok,,,
1.12,Table S9,Zero B=25797,V_UB,원고,,44.798,44.797654,44.798,,,ok,,,
1.12,Table S9,Zero B=25797,Gap (%),원고,,0.372,0.37175556253023123,0.372,,,ok,,,
1.12,Table S9,Zero B=26080,mu_B,원고,,184.000,183.99984164483104,184.000,,,ok,,,
1.12,Table S9,Zero B=26080,V_dual,원고,,45.616,45.615718040246975,45.616,,,ok,,,
1.12,Table S9,Zero B=26080,V_round,원고,,45.926,45.926368054745204,45.926,,,ok,,,
1.12,Table S9,Zero B=26080,V_repair,원고,,45.775,45.775255,45.775,,,ok,,,
1.12,Table S9,Zero B=26080,V_UB,원고,,45.775,45.775255,45.775,,,ok,,,
1.12,Table S9,Zero B=26080,Gap (%),원고,,0.349,0.3485222742134948,0.349,,,ok,,,
1.12,Table S9,Zero B=26364,mu_B,원고,,186.004,186.00352090200636,186.004,,,ok,,,
1.12,Table S9,Zero B=26364,V_dual,원고,,46.615,46.61459843700531,46.615,,,ok,,,
1.12,Table S9,Zero B=26364,V_round,원고,,46.967,46.96666773284189,46.967,,,ok,,,
1.12,Table S9,Zero B=26364,V_repair,원고,,46.783,46.783253,46.783,,,ok,,,
1.12,Table S9,Zero B=26364,V_UB,원고,,46.783,46.783253,46.783,,,ok,,,
1.12,Table S9,Zero B=26364,Gap (%),원고,,0.361,0.36050200056564935,0.361,,,ok,,,
1.12,Table S9,Zero B=26647,mu_B,원고,,188.000,188.00014495052963,188.000,,,ok,,,
1.12,Table S9,Zero B=26647,V_dual,원고,,47.621,47.62072305100328,47.621,,,ok,,,
1.12,Table S9,Zero B=26647,V_round,원고,,48.020,48.01975503420504,48.020,,,ok,,,
1.12,Table S9,Zero B=26647,V_repair,원고,,47.800,47.799762,47.800,,,ok,,,
1.12,Table S9,Zero B=26647,V_UB,원고,,47.800,47.799762,47.800,,,ok,,,
1.12,Table S9,Zero B=26647,Gap (%),원고,,0.375,0.37456033567012254,0.375,,,ok,,,
1.12,Table S9,Zero B=26931,mu_B,원고,,190.004,190.00382420770495,190.004,,,ok,,,
1.12,Table S9,Zero B=26931,V_dual,원고,,48.641,48.64120230321517,48.641,,,ok,,,
1.12,Table S9,Zero B=26931,V_round,원고,,48.931,48.930565662200976,48.931,,,ok,,,
1.12,Table S9,Zero B=26931,V_repair,원고,,48.821,48.820825,48.821,,,ok,,,
1.12,Table S9,Zero B=26931,V_UB,원고,,48.821,48.820825,48.821,,,ok,,,
1.12,Table S9,Zero B=26931,Gap (%),원고,,0.368,0.3679222888692124,0.368,,,ok,,,
1.12,Table S9,Zero B=27214,mu_B,원고,,192.000,192.00044825622822,192.000,,,ok,,,
1.12,Table S9,Zero B=27214,V_dual,원고,,49.669,49.668849720196576,49.669,,,ok,,,
1.12,Table S9,Zero B=27214,V_round,원고,,49.936,49.93583624972687,49.936,,,ok,,,
1.12,Table S9,Zero B=27214,V_repair,원고,,49.846,49.84648,49.846,,,ok,,,
1.12,Table S9,Zero B=27214,V_UB,원고,,49.846,49.84648,49.846,,,ok,,,
1.12,Table S9,Zero B=27214,Gap (%),원고,,0.356,0.35635471111184525,0.356,,,ok,,,
1.12,Table S9,Zero B=27498,mu_B,원고,,194.004,194.00412751340355,194.004,,,ok,,,
1.12,Table S9,Zero B=27498,V_dual,원고,,50.711,50.71092782791314,50.711,,,ok,,,
1.12,Table S9,Zero B=27498,V_round,원고,,50.970,50.970167126150386,50.970,,,ok,,,
1.12,Table S9,Zero B=27498,V_repair,원고,,50.885,50.885225,50.885,,,ok,,,
1.12,Table S9,Zero B=27498,V_UB,원고,,50.885,50.885225,50.885,,,ok,,,
1.12,Table S9,Zero B=27498,Gap (%),원고,,0.343,0.3425300214096716,0.343,,,ok,,,
1.12,Table S9,Zero B=27781,mu_B,원고,,196.001,196.00075156192682,196.001,,,ok,,,
1.12,Table S9,Zero B=27781,V_dual,원고,,51.760,51.76009804784353,51.760,,,ok,,,
1.12,Table S9,Zero B=27781,V_round,원고,,51.945,51.945393601784765,51.945,,,ok,,,
1.12,Table S9,Zero B=27781,V_repair,원고,,51.943,51.943167,51.943,,,ok,,,
1.12,Table S9,Zero B=27781,V_UB,원고,,51.943,51.943167,51.943,,,ok,,,
1.12,Table S9,Zero B=27781,Gap (%),원고,,0.352,0.35244087476698327,0.352,,,ok,,,
1.12,Table S9,Zero B=28065,mu_B,원고,,198.004,198.0044308191021,198.004,,,ok,,,
1.12,Table S9,Zero B=28065,V_dual,원고,,52.824,52.82377501101337,52.824,,,ok,,,
1.12,Table S9,Zero B=28065,V_round,원고,,53.042,53.04178773182491,53.042,,,ok,,,
1.12,Table S9,Zero B=28065,V_repair,원고,,53.004,53.004474,53.004,,,ok,,,
1.12,Table S9,Zero B=28065,V_UB,원고,,53.004,53.004474,53.004,,,ok,,,
1.12,Table S9,Zero B=28065,Gap (%),원고,,0.341,0.3409127104754108,0.341,,,ok,,,
1.12,Table S9,Zero B=28348,mu_B,원고,,200.001,200.0010548676254,200.001,,,ok,,,
1.12,Table S9,Zero B=28348,V_dual,원고,,53.894,53.89446803390608,53.894,,,ok,,,
1.12,Table S9,Zero B=28348,V_round,원고,,54.168,54.168277214978296,54.168,,,ok,,,
1.12,Table S9,Zero B=28348,V_repair,원고,,54.078,54.077695,54.078,,,ok,,,
1.12,Table S9,Zero B=28348,V_UB,원고,,54.078,54.077695,54.078,,,ok,,,
1.12,Table S9,Zero B=28348,Gap (%),원고,,0.339,0.33882170106162807,0.339,,,ok,,,
1.12,Table S9,Zero B=28631,mu_B,원고,,201.998,201.9976789161487,201.998,,,ok,,,
1.12,Table S9,Zero B=28631,V_dual,원고,,54.976,54.97590347888027,54.976,,,ok,,,
1.12,Table S9,Zero B=28631,V_round,원고,,55.225,55.22477615870108,55.225,,,ok,,,
1.12,Table S9,Zero B=28631,V_repair,원고,,55.162,55.16171,55.162,,,ok,,,
1.12,Table S9,Zero B=28631,V_UB,원고,,55.162,55.16171,55.162,,,ok,,,
1.12,Table S9,Zero B=28631,Gap (%),원고,,0.337,0.3368396685304534,0.337,,,ok,,,
1.12,Table S9,Zero B=28915,mu_B,원고,,204.001,204.001358173324,204.001,,,ok,,,
1.12,Table S9,Zero B=28915,V_dual,원고,,56.072,56.07195967851152,56.072,,,ok,,,
1.12,Table S9,Zero B=28915,V_round,원고,,56.272,56.27204473509424,56.272,,,ok,,,
1.12,Table S9,Zero B=28915,V_repair,원고,,56.250,56.249896,56.250,,,ok,,,
1.12,Table S9,Zero B=28915,V_UB,원고,,56.250,56.249896,56.250,,,ok,,,
1.12,Table S9,Zero B=28915,Gap (%),원고,,0.316,0.31633182306413693,0.316,,,ok,,,
1.12,Table S9,Zero B=29198,mu_B,원고,,205.998,205.99798222184728,205.998,,,ok,,,
1.12,Table S9,Zero B=29198,V_dual,원고,,57.175,57.17491792634685,57.175,,,ok,,,
1.12,Table S9,Zero B=29198,V_round,원고,,57.413,57.41346304390466,57.413,,,ok,,,
1.12,Table S9,Zero B=29198,V_repair,원고,,57.357,57.357147,57.357,,,ok,,,
1.12,Table S9,Zero B=29198,V_UB,원고,,57.357,57.357147,57.357,,,ok,,,
1.12,Table S9,Zero B=29198,Gap (%),원고,,0.318,0.31770944543867763,0.318,,,ok,,,
1.12,Table S9,Zero B=29482,mu_B,원고,,208.002,208.00166147902257,208.002,,,ok,,,
1.12,Table S9,Zero B=29482,V_dual,원고,,58.293,58.29257298134762,58.293,,,ok,,,
1.12,Table S9,Zero B=29482,V_round,원고,,58.538,58.53786914751156,58.538,,,ok,,,
1.12,Table S9,Zero B=29482,V_repair,원고,,58.475,58.474614,58.475,,,ok,,,
1.12,Table S9,Zero B=29482,V_UB,원고,,58.475,58.474614,58.475,,,ok,,,
1.12,Table S9,Zero B=29482,Gap (%),원고,,0.311,0.31131632378519747,0.311,,,ok,,,
1.12,Table S9,Zero B=29765,mu_B,원고,,209.998,209.99828552754587,209.998,,,ok,,,
1.12,Table S9,Zero B=29765,V_dual,원고,,59.417,59.417054032543135,59.417,,,ok,,,
1.12,Table S9,Zero B=29765,V_round,원고,,59.619,59.61870506022125,59.619,,,ok,,,
1.12,Table S9,Zero B=29765,V_repair,원고,,59.599,59.599248,59.599,,,ok,,,
1.12,Table S9,Zero B=29765,V_UB,원고,,59.599,59.599248,59.599,,,ok,,,
1.12,Table S9,Zero B=29765,Gap (%),원고,,0.306,0.3056984334045091,0.306,,,ok,,,
1.12,Table S9,Random B=22202,mu_B,원고,,172.355,172.35490849459921,172.355,,,ok,,,
1.12,Table S9,Random B=22202,V_dual,원고,,90.004,90.00445219239181,90.004,,,ok,,,
1.12,Table S9,Random B=22202,V_round,원고,,90.202,90.20232487139809,90.202,,,ok,,,
1.12,Table S9,Random B=22202,V_repair,원고,,90.710,90.709778,90.710,,,ok,,,
1.12,Table S9,Random B=22202,V_UB,원고,,90.202,90.20232487139809,90.202,,,ok,,,
1.12,Table S9,Random B=22202,Gap (%),원고,,0.219,0.21936538696578928,0.219,,,ok,,,
1.12,Table S9,Random B=22463,mu_B,원고,,174.196,174.19631795277795,174.196,,,ok,,,
1.12,Table S9,Random B=22463,V_dual,원고,,90.788,90.78840447708406,90.788,,,ok,,,
1.12,Table S9,Random B=22463,V_round,원고,,91.004,91.0041438477003,91.004,,,ok,,,
1.12,Table S9,Random B=22463,V_repair,원고,,91.500,91.50002,91.500,,,ok,,,
1.12,Table S9,Random B=22463,V_UB,원고,,91.004,91.0041438477003,91.004,,,ok,,,
1.12,Table S9,Random B=22463,Gap (%),원고,,0.237,0.2370654362479339,0.237,,,ok,,,
1.12,Table S9,Random B=22724,mu_B,원고,,176.038,176.03772741095665,176.038,,,ok,,,
1.12,Table S9,Random B=22724,V_dual,원고,,91.582,91.58185054892049,91.582,,,ok,,,
1.12,Table S9,Random B=22724,V_round,원고,,91.724,91.72447636604399,91.724,,,ok,,,
1.12,Table S9,Random B=22724,V_repair,원고,,92.289,92.288927,92.289,,,ok,,,
1.12,Table S9,Random B=22724,V_UB,원고,,91.724,91.72447636604399,91.724,,,ok,,,
1.12,Table S9,Random B=22724,Gap (%),원고,,0.155,0.15549373817554052,0.155,,,ok,,,
1.12,Table S9,Random B=22986,mu_B,원고,,177.886,177.88619207778737,177.886,,,ok,,,
1.12,Table S9,Random B=22986,V_dual,원고,,92.388,92.38787476186054,92.388,,,ok,,,
1.12,Table S9,Random B=22986,V_round,원고,,92.571,92.57105149095297,92.571,,,ok,,,
1.12,Table S9,Random B=22986,V_repair,원고,,93.105,93.105235,93.105,,,ok,,,
1.12,Table S9,Random B=22986,V_UB,원고,,92.571,92.57105149095297,92.571,,,ok,,,
1.12,Table S9,Random B=22986,Gap (%),원고,,0.198,0.1978769022736285,0.198,,,ok,,,
1.12,Table S9,Random B=23247,mu_B,원고,,179.728,179.7276015359661,179.728,,,ok,,,
1.12,Table S9,Random B=23247,V_dual,원고,,93.200,93.2003266221391,93.200,,,ok,,,
1.12,Table S9,Random B=23247,V_round,원고,,93.368,93.3684129623159,93.368,,,ok,,,
1.12,Table S9,Random B=23247,V_repair,원고,,93.923,93.923328,93.923,,,ok,,,
1.12,Table S9,Random B=23247,V_UB,원고,,93.368,93.3684129623159,93.368,,,ok,,,
1.12,Table S9,Random B=23247,Gap (%),원고,,0.180,0.1800248444242488,0.180,,,ok,,,
1.12,Table S9,Random B=23508,mu_B,원고,,181.569,181.5690109941448,181.569,,,ok,,,
1.12,Table S9,Random B=23508,V_dual,원고,,94.022,94.02227228359561,94.022,,,ok,,,
1.12,Table S9,Random B=23508,V_round,원고,,94.208,94.20779621074091,94.208,,,ok,,,
1.12,Table S9,Random B=23508,V_repair,원고,,94.756,94.756411,94.756,,,ok,,,
1.12,Table S9,Random B=23508,V_UB,원고,,94.208,94.20779621074091,94.208,,,ok,,,
1.12,Table S9,Random B=23508,Gap (%),원고,,0.197,0.19693054567403753,0.197,,,ok,,,
1.12,Table S9,Random B=23769,mu_B,원고,,183.410,183.41042045232354,183.410,,,ok,,,
1.12,Table S9,Random B=23769,V_dual,원고,,94.854,94.85371628864844,94.854,,,ok,,,
1.12,Table S9,Random B=23769,V_round,원고,,95.017,95.01724892666091,95.017,,,ok,,,
1.12,Table S9,Random B=23769,V_repair,원고,,95.574,95.574321,95.574,,,ok,,,
1.12,Table S9,Random B=23769,V_UB,원고,,95.017,95.01724892666091,95.017,,,ok,,,
1.12,Table S9,Random B=23769,Gap (%),원고,,0.172,0.17210836964843323,0.172,,,ok,,,
1.12,Table S9,Random B=24030,mu_B,원고,,185.252,185.25182991050227,185.252,,,ok,,,
1.12,Table S9,Random B=24030,V_dual,원고,,95.695,95.69466521615566,95.695,,,ok,,,
1.12,Table S9,Random B=24030,V_round,원고,,95.862,95.8617482609786,95.862,,,ok,,,
1.12,Table S9,Random B=24030,V_repair,원고,,96.449,96.448866,96.449,,,ok,,,
1.12,Table S9,Random B=24030,V_UB,원고,,95.862,95.8617482609786,95.862,,,ok,,,
1.12,Table S9,Random B=24030,Gap (%),원고,,0.174,0.17429584568817832,0.174,,,ok,,,
1.12,Table S9,Random B=24292,mu_B,원고,,187.100,187.100294577333,187.100,,,ok,,,
1.12,Table S9,Random B=24292,V_dual,원고,,96.548,96.54841123669998,96.548,,,ok,,,
1.12,Table S9,Random B=24292,V_round,원고,,96.721,96.72143390707782,96.721,,,ok,,,
1.12,Table S9,Random B=24292,V_repair,원고,,97.285,97.285416,97.285,,,ok,,,
1.12,Table S9,Random B=24292,V_UB,원고,,96.721,96.72143390707782,96.721,,,ok,,,
1.12,Table S9,Random B=24292,Gap (%),원고,,0.179,0.17888761920555613,0.179,,,ok,,,
1.12,Table S9,Random B=24553,mu_B,원고,,188.942,188.94170403551172,188.942,,,ok,,,
1.12,Table S9,Random B=24553,V_dual,원고,,97.408,97.40843830826952,97.408,,,ok,,,
1.12,Table S9,Random B=24553,V_round,원고,,97.558,97.55774312636568,97.558,,,ok,,,
1.12,Table S9,Random B=24553,V_repair,원고,,98.160,98.160113,98.160,,,ok,,,
1.12,Table S9,Random B=24553,V_UB,원고,,97.558,97.55774312636568,97.558,,,ok,,,
1.12,Table S9,Random B=24553,Gap (%),원고,,0.153,0.15304250929909474,0.153,,,ok,,,
1.12,Table S9,Random B=24814,mu_B,원고,,190.783,190.78311349369042,190.783,,,ok,,,
1.12,Table S9,Random B=24814,V_dual,원고,,98.278,98.27798995120304,98.278,,,ok,,,
1.12,Table S9,Random B=24814,V_round,원고,,98.431,98.43121808900692,98.431,,,ok,,,
1.12,Table S9,Random B=24814,V_repair,원고,,99.052,99.051505,99.052,,,ok,,,
1.12,Table S9,Random B=24814,V_UB,원고,,98.431,98.43121808900692,98.431,,,ok,,,
1.12,Table S9,Random B=24814,Gap (%),원고,,0.156,0.1556702647582006,0.156,,,ok,,,
1.12,Table S9,Random B=25075,mu_B,원고,,192.625,192.62452295186912,192.625,,,ok,,,
1.12,Table S9,Random B=25075,V_dual,원고,,99.157,99.15706816912493,99.157,,,ok,,,
1.12,Table S9,Random B=25075,V_round,원고,,99.353,99.35314584707832,99.353,,,ok,,,
1.12,Table S9,Random B=25075,V_repair,원고,,99.925,99.92516,99.925,,,ok,,,
1.12,Table S9,Random B=25075,V_UB,원고,,99.353,99.35314584707832,99.353,,,ok,,,
1.12,Table S9,Random B=25075,Gap (%),원고,,0.197,0.197354272259476,0.197,,,ok,,,
1.12,Table S9,Random B=25336,mu_B,원고,,194.466,194.46593241004786,194.466,,,ok,,,
1.12,Table S9,Random B=25336,V_dual,원고,,100.046,100.04567038775565,100.046,,,ok,,,
1.12,Table S9,Random B=25336,V_round,원고,,100.203,100.20280109916968,100.203,,,ok,,,
1.12,Table S9,Random B=25336,V_repair,원고,,100.809,100.808777,100.809,,,ok,,,
1.12,Table S9,Random B=25336,V_UB,원고,,100.203,100.20280109916968,100.203,,,ok,,,
1.12,Table S9,Random B=25336,Gap (%),원고,,0.157,0.15681269354787414,0.157,,,ok,,,
1.12,Table S9,Random B=25598,mu_B,원고,,196.314,196.3143970768786,196.314,,,ok,,,
1.12,Table S9,Random B=25598,V_dual,원고,,100.947,100.94725194200682,100.947,,,ok,,,
1.12,Table S9,Random B=25598,V_round,원고,,101.142,101.14206110766006,101.142,,,ok,,,
1.12,Table S9,Random B=25598,V_repair,원고,,101.726,101.725719,101.726,,,ok,,,
1.12,Table S9,Random B=25598,V_UB,원고,,101.142,101.14206110766006,101.142,,,ok,,,
1.12,Table S9,Random B=25598,Gap (%),원고,,0.193,0.19260944805729868,0.193,,,ok,,,
1.12,Table S9,Random B=25859,mu_B,원고,,198.156,198.1558065350573,198.156,,,ok,,,
1.12,Table S9,Random B=25859,V_dual,원고,,101.855,101.85492942797036,101.855,,,ok,,,
1.12,Table S9,Random B=25859,V_round,원고,,102.042,102.04203043254208,102.042,,,ok,,,
1.12,Table S9,Random B=25859,V_repair,원고,,102.631,102.631404,102.631,,,ok,,,
1.12,Table S9,Random B=25859,V_UB,원고,,102.042,102.04203043254208,102.042,,,ok,,,
1.12,Table S9,Random B=25859,Gap (%),원고,,0.183,0.1833568028572347,0.183,,,ok,,,
1.12,Table S9,Random B=26120,mu_B,원고,,199.997,199.99721599323604,199.997,,,ok,,,
1.12,Table S9,Random B=26120,V_dual,원고,,102.772,102.77212541173198,102.772,,,ok,,,
1.12,Table S9,Random B=26120,V_round,원고,,102.934,102.93372028976046,102.934,,,ok,,,
1.12,Table S9,Random B=26120,V_repair,원고,,103.561,103.561316,103.561,,,ok,,,
1.12,Table S9,Random B=26120,V_UB,원고,,102.934,102.93372028976046,102.934,,,ok,,,
1.12,Table S9,Random B=26120,Gap (%),원고,,0.157,0.15698925247585366,0.157,,,ok,,,
1.12,Table S9,Random B=26381,mu_B,원고,,201.839,201.83862545141474,201.839,,,ok,,,
1.12,Table S9,Random B=26381,V_dual,원고,,103.699,103.69882475651264,103.699,,,ok,,,
1.12,Table S9,Random B=26381,V_round,원고,,103.870,103.86971803986877,103.870,,,ok,,,
1.12,Table S9,Random B=26381,V_repair,원고,,104.477,104.476866,104.477,,,ok,,,
1.12,Table S9,Random B=26381,V_UB,원고,,103.870,103.86971803986877,103.870,,,ok,,,
1.12,Table S9,Random B=26381,Gap (%),원고,,0.165,0.164526569033856,0.165,,,ok,,,
1.12,Table S9,Random B=26642,mu_B,원고,,203.680,203.68003490959345,203.680,,,ok,,,
1.12,Table S9,Random B=26642,V_dual,원고,,104.635,104.63499839615088,104.635,,,ok,,,
1.12,Table S9,Random B=26642,V_round,원고,,104.783,104.7825951562955,104.783,,,ok,,,
1.12,Table S9,Random B=26642,V_repair,원고,,105.413,105.413442,105.413,,,ok,,,
1.12,Table S9,Random B=26642,V_UB,원고,,104.783,104.7825951562955,104.783,,,ok,,,
1.12,Table S9,Random B=26642,Gap (%),원고,,0.141,0.1408599967623106,0.141,,,ok,,,
1.12,Table S9,Random B=26904,mu_B,원고,,205.528,205.5284995764242,205.528,,,ok,,,
1.12,Table S9,Random B=26904,V_dual,원고,,105.584,105.5842412179242,105.584,,,ok,,,
1.12,Table S9,Random B=26904,V_round,원고,,105.757,105.7572854531623,105.757,,,ok,,,
1.12,Table S9,Random B=26904,V_repair,원고,,106.386,106.385717,106.386,,,ok,,,
1.12,Table S9,Random B=26904,V_UB,원고,,105.757,105.7572854531623,105.757,,,ok,,,
1.12,Table S9,Random B=26904,Gap (%),원고,,0.164,0.16362393805458675,0.164,,,ok,,,
1.12,Table S9,Random B=27165,mu_B,원고,,207.370,207.3699090346029,207.370,,,ok,,,
1.12,Table S9,Random B=27165,V_dual,원고,,106.539,106.53929942967869,106.539,,,ok,,,
1.12,Table S9,Random B=27165,V_round,원고,,106.728,106.72829187739845,106.728,,,ok,,,
1.12,Table S9,Random B=27165,V_repair,원고,,107.340,107.339564,107.340,,,ok,,,
1.12,Table S9,Random B=27165,V_UB,원고,,106.728,106.72829187739845,106.728,,,ok,,,
1.12,Table S9,Random B=27165,Gap (%),원고,,0.177,0.1770781152731797,0.177,,,ok,,,
1.12,Table S9,Random B=27426,mu_B,원고,,209.211,209.21131849278163,209.211,,,ok,,,
1.12,Table S9,Random B=27426,V_dual,원고,,107.504,107.50377113211854,107.504,,,ok,,,
1.12,Table S9,Random B=27426,V_round,원고,,107.662,107.6623958969308,107.662,,,ok,,,
1.12,Table S9,Random B=27426,V_repair,원고,,108.306,108.305796,108.306,,,ok,,,
1.12,Table S9,Random B=27426,V_UB,원고,,107.662,107.6623958969308,107.662,,,ok,,,
1.12,Table S9,Random B=27426,Gap (%),원고,,0.147,0.1473353472127044,0.147,,,ok,,,
1.12,Table S9,Center-30 B=23725,mu_B,원고,,170.457,170.45682526931046,170.457,,,ok,,,
1.12,Table S9,Center-30 B=23725,V_dual,원고,,41.189,41.18910153646645,41.189,,,ok,,,
1.12,Table S9,Center-30 B=23725,V_round,원고,,41.462,41.462491025137645,41.462,,,ok,,,
1.12,Table S9,Center-30 B=23725,V_repair,원고,,41.418,41.418091,41.418,,,ok,,,
1.12,Table S9,Center-30 B=23725,V_UB,원고,,41.418,41.418091,41.418,,,ok,,,
1.12,Table S9,Center-30 B=23725,Gap (%),원고,,0.553,0.5528730513763764,0.553,,,ok,,,
1.12,Table S9,Center-30 B=24004,mu_B,원고,,172.425,172.42522848322565,172.425,,,ok,,,
1.12,Table S9,Center-30 B=24004,V_dual,원고,,42.080,42.0804100942853,42.080,,,ok,,,
1.12,Table S9,Center-30 B=24004,V_round,원고,,42.319,42.31921560026972,42.319,,,ok,,,
1.12,Table S9,Center-30 B=24004,V_repair,원고,,42.295,42.294753,42.295,,,ok,,,
1.12,Table S9,Center-30 B=24004,V_UB,원고,,42.295,42.294753,42.295,,,ok,,,
1.12,Table S9,Center-30 B=24004,Gap (%),원고,,0.507,0.5067836800340262,0.507,,,ok,,,
1.12,Table S9,Center-30 B=24283,mu_B,원고,,174.394,174.39363169714082,174.394,,,ok,,,
1.12,Table S9,Center-30 B=24283,V_dual,원고,,42.982,42.982185070249216,42.982,,,ok,,,
1.12,Table S9,Center-30 B=24283,V_round,원고,,43.210,43.21042161121678,43.210,,,ok,,,
1.12,Table S9,Center-30 B=24283,V_repair,원고,,43.209,43.208527,43.209,,,ok,,,
1.12,Table S9,Center-30 B=24283,V_UB,원고,,43.209,43.208527,43.209,,,ok,,,
1.12,Table S9,Center-30 B=24283,Gap (%),원고,,0.524,0.523836255169682,0.524,,,ok,,,
1.12,Table S9,Center-30 B=24563,mu_B,원고,,176.369,176.36909011970803,176.369,,,ok,,,
1.12,Table S9,Center-30 B=24563,V_dual,원고,,43.898,43.89771694073592,43.898,,,ok,,,
1.12,Table S9,Center-30 B=24563,V_round,원고,,44.070,44.07048925627998,44.070,,,ok,,,
1.12,Table S9,Center-30 B=24563,V_repair,원고,,44.107,44.107201,44.107,,,ok,,,
1.12,Table S9,Center-30 B=24563,V_UB,원고,,44.070,44.07048925627998,44.070,,,ok,,,
1.12,Table S9,Center-30 B=24563,Gap (%),원고,,0.392,0.39203630016301394,0.392,,,ok,,,
1.12,Table S9,Center-30 B=24842,mu_B,원고,,178.337,178.33749333362317,178.337,,,ok,,,
1.12,Table S9,Center-30 B=24842,V_dual,원고,,44.820,44.82047063780054,44.820,,,ok,,,
1.12,Table S9,Center-30 B=24842,V_round,원고,,45.056,45.055714789263845,45.056,,,ok,,,
1.12,Table S9,Center-30 B=24842,V_repair,원고,,45.046,45.045847,45.046,,,ok,,,
1.12,Table S9,Center-30 B=24842,V_UB,원고,,45.046,45.045847,45.046,,,ok,,,
1.12,Table S9,Center-30 B=24842,Gap (%),원고,,0.500,0.5003266165679208,0.500,,,ok,,,
1.12,Table S9,Center-30 B=25121,mu_B,원고,,180.306,180.30589654753837,180.306,,,ok,,,
1.12,Table S9,Center-30 B=25121,V_dual,원고,,45.754,45.753692451175894,45.754,,,ok,,,
1.12,Table S9,Center-30 B=25121,V_round,원고,,46.033,46.03268767122679,46.033,,,ok,,,
1.12,Table S9,Center-30 B=25121,V_repair,원고,,45.969,45.968674,45.969,,,ok,,,
1.12,Table S9,Center-30 B=25121,V_UB,원고,,45.969,45.968674,45.969,,,ok,,,
1.12,Table S9,Center-30 B=25121,Gap (%),원고,,0.468,0.4676696761453376,0.468,,,ok,,,
1.12,Table S9,Center-30 B=25400,mu_B,원고,,182.274,182.27429976145356,182.274,,,ok,,,
1.12,Table S9,Center-30 B=25400,V_dual,원고,,46.697,46.697369033182085,46.697,,,ok,,,
1.12,Table S9,Center-30 B=25400,V_round,원고,,46.934,46.93443889671349,46.934,,,ok,,,
1.12,Table S9,Center-30 B=25400,V_repair,원고,,46.910,46.909539,46.910,,,ok,,,
1.12,Table S9,Center-30 B=25400,V_UB,원고,,46.910,46.909539,46.910,,,ok,,,
1.12,Table S9,Center-30 B=25400,Gap (%),원고,,0.452,0.45229599638128515,0.452,,,ok,,,
1.12,Table S9,Center-30 B=25679,mu_B,원고,,184.243,184.24270297536873,184.243,,,ok,,,
1.12,Table S9,Center-30 B=25679,V_dual,원고,,47.651,47.651494604441254,47.651,,,ok,,,
1.12,Table S9,Center-30 B=25679,V_round,원고,,47.918,47.91843094184101,47.918,,,ok,,,
1.12,Table S9,Center-30 B=25679,V_repair,원고,,47.858,47.858497,47.858,,,ok,,,
1.12,Table S9,Center-30 B=25679,V_UB,원고,,47.858,47.858497,47.858,,,ok,,,
1.12,Table S9,Center-30 B=25679,Gap (%),원고,,0.433,0.43253008041340263,0.433,,,ok,,,
1.12,Table S9,Center-30 B=25958,mu_B,원고,,186.211,186.21110618928392,186.211,,,ok,,,
1.12,Table S9,Center-30 B=25958,V_dual,원고,,48.616,48.6160681108348,48.616,,,ok,,,
1.12,Table S9,Center-30 B=25958,V_round,원고,,48.847,48.847253103846846,48.847,,,ok,,,
1.12,Table S9,Center-30 B=25958,V_repair,원고,,48.825,48.825428,48.825,,,ok,,,
1.12,Table S9,Center-30 B=25958,V_UB,원고,,48.825,48.825428,48.825,,,ok,,,
1.12,Table S9,Center-30 B=25958,Gap (%),원고,,0.429,0.428792737188498,0.429,,,ok,,,
1.12,Table S9,Center-30 B=26237,mu_B,원고,,188.180,188.1795094031991,188.180,,,ok,,,
1.12,Table S9,Center-30 B=26237,V_dual,원고,,49.591,49.591089112616785,49.591,,,ok,,,
1.12,Table S9,Center-30 B=26237,V_round,원고,,49.810,49.809547168258774,49.810,,,ok,,,
1.12,Table S9,Center-30 B=26237,V_repair,원고,,49.799,49.798935,49.799,,,ok,,,
1.12,Table S9,Center-30 B=26237,V_UB,원고,,49.799,49.798935,49.799,,,ok,,,
1.12,Table S9,Center-30 B=26237,Gap (%),원고,,0.417,0.41737014533185246,0.417,,,ok,,,
1.12,Table S9,Center-30 B=26516,mu_B,원고,,190.148,190.1479126171143,190.148,,,ok,,,
1.12,Table S9,Center-30 B=26516,V_dual,원고,,50.577,50.57655804117917,50.577,,,ok,,,
1.12,Table S9,Center-30 B=26516,V_round,원고,,50.784,50.78430237026126,50.784,,,ok,,,
1.12,Table S9,Center-30 B=26516,V_repair,원고,,50.781,50.780778,50.781,,,ok,,,
1.12,Table S9,Center-30 B=26516,V_UB,원고,,50.781,50.780778,50.781,,,ok,,,
1.12,Table S9,Center-30 B=26516,Gap (%),원고,,0.402,0.40215996458508196,0.402,,,ok,,,
1.12,Table S9,Center-30 B=26796,mu_B,원고,,192.123,192.12337103968147,192.123,,,ok,,,
1.12,Table S9,Center-30 B=26796,V_dual,원고,,51.576,51.57606590073472,51.576,,,ok,,,
1.12,Table S9,Center-30 B=26796,V_round,원고,,51.844,51.84399175281905,51.844,,,ok,,,
1.12,Table S9,Center-30 B=26796,V_repair,원고,,51.779,51.779228,51.779,,,ok,,,
1.12,Table S9,Center-30 B=26796,V_UB,원고,,51.779,51.779228,51.779,,,ok,,,
1.12,Table S9,Center-30 B=26796,Gap (%),원고,,0.392,0.3923621635789639,0.392,,,ok,,,
1.12,Table S9,Center-30 B=27075,mu_B,원고,,194.092,194.09177425359664,194.092,,,ok,,,
1.12,Table S9,Center-30 B=27075,V_dual,원고,,52.582,52.58246775368471,52.582,,,ok,,,
1.12,Table S9,Center-30 B=27075,V_round,원고,,52.749,52.74889275305327,52.749,,,ok,,,
1.12,Table S9,Center-30 B=27075,V_repair,원고,,52.788,52.787784,52.788,,,ok,,,
1.12,Table S9,Center-30 B=27075,V_UB,원고,,52.749,52.74889275305327,52.749,,,ok,,,
1.12,Table S9,Center-30 B=27075,Gap (%),원고,,0.316,0.3155042517151708,0.316,,,ok,,,
1.12,Table S9,Center-30 B=27354,mu_B,원고,,196.060,196.06017746751183,196.060,,,ok,,,
1.12,Table S9,Center-30 B=27354,V_dual,원고,,53.599,53.59932315722554,53.599,,,ok,,,
1.12,Table S9,Center-30 B=27354,V_round,원고,,53.758,53.75779564432517,53.758,,,ok,,,
1.12,Table S9,Center-30 B=27354,V_repair,원고,,53.802,53.802152,53.802,,,ok,,,
1.12,Table S9,Center-30 B=27354,V_UB,원고,,53.758,53.75779564432517,53.758,,,ok,,,
1.12,Table S9,Center-30 B=27354,Gap (%),원고,,0.295,0.29478977923150484,0.295,,,ok,,,
1.12,Table S9,Center-30 B=27633,mu_B,원고,,198.029,198.028580681427,198.029,,,ok,,,
1.12,Table S9,Center-30 B=27633,V_dual,원고,,54.627,54.62662525708599,54.627,,,ok,,,
1.12,Table S9,Center-30 B=27633,V_round,원고,,54.886,54.88630977803091,54.886,,,ok,,,
1.12,Table S9,Center-30 B=27633,V_repair,원고,,54.835,54.834953,54.835,,,ok,,,
1.12,Table S9,Center-30 B=27633,V_UB,원고,,54.835,54.834953,54.835,,,ok,,,
1.12,Table S9,Center-30 B=27633,Gap (%),원고,,0.380,0.3799177924233987,0.380,,,ok,,,
1.12,Table S9,Center-30 B=27912,mu_B,원고,,199.997,199.9969838953422,199.997,,,ok,,,
1.12,Table S9,Center-30 B=27912,V_dual,원고,,55.664,55.66437664832962,55.664,,,ok,,,
1.12,Table S9,Center-30 B=27912,V_round,원고,,55.918,55.9181665415562,55.918,,,ok,,,
1.12,Table S9,Center-30 B=27912,V_repair,원고,,55.865,55.86483,55.865,,,ok,,,
1.12,Table S9,Center-30 B=27912,V_UB,원고,,55.865,55.86483,55.865,,,ok,,,
1.12,Table S9,Center-30 B=27912,Gap (%),원고,,0.359,0.35881851188015057,0.359,,,ok,,,
1.12,Table S9,Center-30 B=28191,mu_B,원고,,201.965,201.96538710925736,201.965,,,ok,,,
1.12,Table S9,Center-30 B=28191,V_dual,원고,,56.713,56.71257778367168,56.713,,,ok,,,
1.12,Table S9,Center-30 B=28191,V_round,원고,,56.916,56.915715553756094,56.916,,,ok,,,
1.12,Table S9,Center-30 B=28191,V_repair,원고,,56.916,56.915577,56.916,,,ok,,,
1.12,Table S9,Center-30 B=28191,V_UB,원고,,56.916,56.915577,56.916,,,ok,,,
1.12,Table S9,Center-30 B=28191,Gap (%),원고,,0.357,0.35666723773761005,0.357,,,ok,,,
1.12,Table S9,Center-30 B=28470,mu_B,원고,,203.934,203.93379032317256,203.934,,,ok,,,
1.12,Table S9,Center-30 B=28470,V_dual,원고,,57.771,57.7712237265809,57.771,,,ok,,,
1.12,Table S9,Center-30 B=28470,V_round,원고,,58.057,58.05730172553472,58.057,,,ok,,,
1.12,Table S9,Center-30 B=28470,V_repair,원고,,57.971,57.971458,57.971,,,ok,,,
1.12,Table S9,Center-30 B=28470,V_UB,원고,,57.971,57.971458,57.971,,,ok,,,
1.12,Table S9,Center-30 B=28470,Gap (%),원고,,0.345,0.34540147915392944,0.345,,,ok,,,
1.12,Table S9,Center-30 B=28749,mu_B,원고,,205.902,205.90219353708773,205.902,,,ok,,,
1.12,Table S9,Center-30 B=28749,V_dual,원고,,58.840,58.84031347081087,58.840,,,ok,,,
1.12,Table S9,Center-30 B=28749,V_round,원고,,59.079,59.07884529464714,59.079,,,ok,,,
1.12,Table S9,Center-30 B=28749,V_repair,원고,,59.042,59.042255,59.042,,,ok,,,
1.12,Table S9,Center-30 B=28749,V_UB,원고,,59.042,59.042255,59.042,,,ok,,,
1.12,Table S9,Center-30 B=28749,Gap (%),원고,,0.342,0.34202882188210426,0.342,,,ok,,,
1.12,Table S9,Center-30 B=29028,mu_B,원고,,207.871,207.8705967510029,207.871,,,ok,,,
1.12,Table S9,Center-30 B=29028,V_dual,원고,,59.920,59.919848806172055,59.920,,,ok,,,
1.12,Table S9,Center-30 B=29028,V_round,원고,,60.183,60.183476634187414,60.183,,,ok,,,
1.12,Table S9,Center-30 B=29028,V_repair,원고,,60.125,60.125496,60.125,,,ok,,,
1.12,Table S9,Center-30 B=29028,V_UB,원고,,60.125,60.125496,60.125,,,ok,,,
1.12,Table S9,Center-30 B=29028,Gap (%),원고,,0.342,0.3420299332382105,0.342,,,ok,,,
1.12,Table S9,Center-30 B=29308,mu_B,원고,,209.846,209.8460551735701,209.846,,,ok,,,
1.12,Table S9,Center-30 B=29308,V_dual,원고,,61.014,61.01375196098296,61.014,,,ok,,,
1.12,Table S9,Center-30 B=29308,V_round,원고,,61.300,61.30016254821685,61.300,,,ok,,,
1.12,Table S9,Center-30 B=29308,V_repair,원고,,61.214,61.213586,61.214,,,ok,,,
1.12,Table S9,Center-30 B=29308,V_UB,원고,,61.214,61.213586,61.214,,,ok,,,
1.12,Table S9,Center-30 B=29308,Gap (%),원고,,0.326,0.326453736948267,0.326,,,ok,,,
1.12,Table S9,Center-100 B=22862,mu_B,원고,,171.536,171.53618020261226,171.536,,,ok,,,
1.12,Table S9,Center-100 B=22862,V_dual,원고,,82.182,82.18242456993539,82.182,,,ok,,,
1.12,Table S9,Center-100 B=22862,V_round,원고,,82.349,82.34852029115572,82.349,,,ok,,,
1.12,Table S9,Center-100 B=22862,V_repair,원고,,82.854,82.85382,82.854,,,ok,,,
1.12,Table S9,Center-100 B=22862,V_UB,원고,,82.349,82.34852029115572,82.349,,,ok,,,
1.12,Table S9,Center-100 B=22862,Gap (%),원고,,0.202,0.20169848909618934,0.202,,,ok,,,
1.12,Table S9,Center-100 B=23131,mu_B,원고,,173.434,173.43403133000717,173.434,,,ok,,,
1.12,Table S9,Center-100 B=23131,V_dual,원고,,82.844,82.84358066816986,82.844,,,ok,,,
1.12,Table S9,Center-100 B=23131,V_round,원고,,82.978,82.97837518228448,82.978,,,ok,,,
1.12,Table S9,Center-100 B=23131,V_repair,원고,,83.549,83.549066,83.549,,,ok,,,
1.12,Table S9,Center-100 B=23131,V_UB,원고,,82.978,82.97837518228448,82.978,,,ok,,,
1.12,Table S9,Center-100 B=23131,Gap (%),원고,,0.162,0.1624453525614406,0.162,,,ok,,,
1.12,Table S9,Center-100 B=23400,mu_B,원고,,175.332,175.3318824574021,175.332,,,ok,,,
1.12,Table S9,Center-100 B=23400,V_dual,원고,,83.521,83.52069327447212,83.521,,,ok,,,
1.12,Table S9,Center-100 B=23400,V_round,원고,,83.730,83.7302145558968,83.730,,,ok,,,
1.12,Table S9,Center-100 B=23400,V_repair,원고,,84.158,84.158366,84.158,,,ok,,,
1.12,Table S9,Center-100 B=23400,V_UB,원고,,83.730,83.7302145558968,83.730,,,ok,,,
1.12,Table S9,Center-100 B=23400,Gap (%),원고,,0.250,0.2502337806441402,0.250,,,ok,,,
1.12,Table S9,Center-100 B=23668,mu_B,원고,,177.223,177.22267837614498,177.223,,,ok,,,
1.12,Table S9,Center-100 B=23668,V_dual,원고,,84.211,84.21071562032195,84.211,,,ok,,,
1.12,Table S9,Center-100 B=23668,V_round,원고,,84.421,84.42093064432034,84.421,,,ok,,,
1.12,Table S9,Center-100 B=23668,V_repair,원고,,84.888,84.887502,84.888,,,ok,,,
1.12,Table S9,Center-100 B=23668,V_UB,원고,,84.421,84.42093064432034,84.421,,,ok,,,
1.12,Table S9,Center-100 B=23668,Gap (%),원고,,0.249,0.24900818125786667,0.249,,,ok,,,
1.12,Table S9,Center-100 B=23937,mu_B,원고,,179.121,179.1205295035399,179.121,,,ok,,,
1.12,Table S9,Center-100 B=23937,V_dual,원고,,84.918,84.9184448710166,84.918,,,ok,,,
1.12,Table S9,Center-100 B=23937,V_round,원고,,85.100,85.10029778838917,85.100,,,ok,,,
1.12,Table S9,Center-100 B=23937,V_repair,원고,,85.505,85.504959,85.505,,,ok,,,
1.12,Table S9,Center-100 B=23937,V_UB,원고,,85.100,85.10029778838917,85.100,,,ok,,,
1.12,Table S9,Center-100 B=23937,Gap (%),원고,,0.214,0.21369245713424279,0.214,,,ok,,,
1.12,Table S9,Center-100 B=24206,mu_B,원고,,181.018,181.01838063093484,181.018,,,ok,,,
1.12,Table S9,Center-100 B=24206,V_dual,원고,,85.641,85.64133418175628,85.641,,,ok,,,
1.12,Table S9,Center-100 B=24206,V_round,원고,,85.847,85.84735819243137,85.847,,,ok,,,
1.12,Table S9,Center-100 B=24206,V_repair,원고,,86.226,86.226326,86.226,,,ok,,,
1.12,Table S9,Center-100 B=24206,V_UB,원고,,85.847,85.84735819243137,85.847,,,ok,,,
1.12,Table S9,Center-100 B=24206,Gap (%),원고,,0.240,0.2399887602985758,0.240,,,ok,,,
1.12,Table S9,Center-100 B=24475,mu_B,원고,,182.916,182.91623175832976,182.916,,,ok,,,
1.12,Table S9,Center-100 B=24475,V_dual,원고,,86.379,86.37917538070269,86.379,,,ok,,,
1.12,Table S9,Center-100 B=24475,V_round,원고,,86.550,86.55049405586072,86.550,,,ok,,,
1.12,Table S9,Center-100 B=24475,V_repair,원고,,87.025,87.025311,87.025,,,ok,,,
1.12,Table S9,Center-100 B=24475,V_UB,원고,,86.550,86.55049405586072,86.550,,,ok,,,
1.12,Table S9,Center-100 B=24475,Gap (%),원고,,0.198,0.1979407246912567,0.198,,,ok,,,
1.12,Table S9,Center-100 B=24744,mu_B,원고,,184.814,184.81408288572467,184.814,,,ok,,,
1.12,Table S9,Center-100 B=24744,V_dual,원고,,87.131,87.13135657367309,87.131,,,ok,,,
1.12,Table S9,Center-100 B=24744,V_round,원고,,87.299,87.29921314355144,87.299,,,ok,,,
1.12,Table S9,Center-100 B=24744,V_repair,원고,,87.819,87.8192,87.819,,,ok,,,
1.12,Table S9,Center-100 B=24744,V_UB,원고,,87.299,87.29921314355144,87.299,,,ok,,,
1.12,Table S9,Center-100 B=24744,Gap (%),원고,,0.192,0.19227729991373016,0.192,,,ok,,,
1.12,Table S9,Center-100 B=25013,mu_B,원고,,186.712,186.7119340131196,186.712,,,ok,,,
1.12,Table S9,Center-100 B=25013,V_dual,원고,,87.897,87.89706446819778,87.897,,,ok,,,
1.12,Table S9,Center-100 B=25013,V_round,원고,,88.134,88.13397667264739,88.134,,,ok,,,
1.12,Table S9,Center-100 B=25013,V_repair,원고,,88.487,88.487272,88.487,,,ok,,,
1.12,Table S9,Center-100 B=25013,V_UB,원고,,88.134,88.13397667264739,88.134,,,ok,,,
1.12,Table S9,Center-100 B=25013,Gap (%),원고,,0.269,0.26880916236148433,0.269,,,ok,,,
1.12,Table S9,Center-100 B=25282,mu_B,원고,,188.610,188.6097851405145,188.610,,,ok,,,
1.12,Table S9,Center-100 B=25282,V_dual,원고,,88.675,88.6754588202135,88.675,,,ok,,,
1.12,Table S9,Center-100 B=25282,V_round,원고,,88.878,88.87785368032132,88.878,,,ok,,,
1.12,Table S9,Center-100 B=25282,V_repair,원고,,89.281,89.281014,89.281,,,ok,,,
1.12,Table S9,Center-100 B=25282,V_UB,원고,,88.878,88.87785368032132,88.878,,,ok,,,
1.12,Table S9,Center-100 B=25282,Gap (%),원고,,0.228,0.22772248847929685,0.228,,,ok,,,
1.12,Table S9,Center-100 B=25551,mu_B,원고,,190.508,190.50763626790942,190.508,,,ok,,,
1.12,Table S9,Center-100 B=25551,V_dual,원고,,89.466,89.4656421791451,89.466,,,ok,,,
1.12,Table S9,Center-100 B=25551,V_round,원고,,89.633,89.63334149484793,89.633,,,ok,,,
1.12,Table S9,Center-100 B=25551,V_repair,원고,,90.181,90.181179,90.181,,,ok,,,
1.12,Table S9,Center-100 B=25551,V_UB,원고,,89.633,89.63334149484793,89.633,,,ok,,,
1.12,Table S9,Center-100 B=25551,Gap (%),원고,,0.187,0.18709479408670548,0.187,,,ok,,,
1.12,Table S9,Center-100 B=25820,mu_B,원고,,192.405,192.40548739530436,192.405,,,ok,,,
1.12,Table S9,Center-100 B=25820,V_dual,원고,,90.267,90.26741250041769,90.267,,,ok,,,
1.12,Table S9,Center-100 B=25820,V_round,원고,,90.466,90.46581103629995,90.466,,,ok,,,
1.12,Table S9,Center-100 B=25820,V_repair,원고,,90.953,90.953355,90.953,,,ok,,,
1.12,Table S9,Center-100 B=25820,V_UB,원고,,90.466,90.46581103629995,90.466,,,ok,,,
1.12,Table S9,Center-100 B=25820,Gap (%),원고,,0.219,0.2193077513035876,0.219,,,ok,,,
1.12,Table S9,Center-100 B=26089,mu_B,원고,,194.303,194.30333852269928,194.303,,,ok,,,
1.12,Table S9,Center-100 B=26089,V_dual,원고,,91.081,91.08105168914008,91.081,,,ok,,,
1.12,Table S9,Center-100 B=26089,V_round,원고,,91.240,91.23981521399887,91.240,,,ok,,,
1.12,Table S9,Center-100 B=26089,V_repair,원고,,91.755,91.755435,91.755,,,ok,,,
1.12,Table S9,Center-100 B=26089,V_UB,원고,,91.240,91.23981521399887,91.240,,,ok,,,
1.12,Table S9,Center-100 B=26089,Gap (%),원고,,0.174,0.17400684611911119,0.174,,,ok,,,
1.12,Table S9,Center-100 B=26358,mu_B,원고,,196.201,196.2011896500942,196.201,,,ok,,,
1.12,Table S9,Center-100 B=26358,V_dual,원고,,91.907,91.90658523470248,91.907,,,ok,,,
1.12,Table S9,Center-100 B=26358,V_round,원고,,92.083,92.082820603224,92.083,,,ok,,,
1.12,Table S9,Center-100 B=26358,V_repair,원고,,92.546,92.546374,92.546,,,ok,,,
1.12,Table S9,Center-100 B=26358,V_UB,원고,,92.083,92.082820603224,92.083,,,ok,,,
1.12,Table S9,Center-100 B=26358,Gap (%),원고,,0.191,0.1913878912125191,0.191,,,ok,,,
1.12,Table S9,Center-100 B=26627,mu_B,원고,,198.099,198.09904077748914,198.099,,,ok,,,
1.12,Table S9,Center-100 B=26627,V_dual,원고,,92.744,92.74359665366087,92.744,,,ok,,,
1.12,Table S9,Center-100 B=26627,V_round,원고,,92.941,92.94107214169117,92.941,,,ok,,,
1.12,Table S9,Center-100 B=26627,V_repair,원고,,93.347,93.347207,93.347,,,ok,,,
1.12,Table S9,Center-100 B=26627,V_UB,원고,,92.941,92.94107214169117,92.941,,,ok,,,
1.12,Table S9,Center-100 B=26627,Gap (%),원고,,0.212,0.2124738648691676,0.212,,,ok,,,
1.12,Table S9,Center-100 B=26896,mu_B,원고,,199.997,199.99689190488405,199.997,,,ok,,,
1.12,Table S9,Center-100 B=26896,V_dual,원고,,93.592,93.59201013387637,93.592,,,ok,,,
1.12,Table S9,Center-100 B=26896,V_round,원고,,93.781,93.78075563984258,93.781,,,ok,,,
1.12,Table S9,Center-100 B=26896,V_repair,원고,,94.262,94.261981,94.262,,,ok,,,
1.12,Table S9,Center-100 B=26896,V_UB,원고,,93.781,93.78075563984258,93.781,,,ok,,,
1.12,Table S9,Center-100 B=26896,Gap (%),원고,,0.201,0.20126251348525284,0.201,,,ok,,,
1.12,Table S9,Center-100 B=27165,mu_B,원고,,201.895,201.89474303227897,201.895,,,ok,,,
1.12,Table S9,Center-100 B=27165,V_dual,원고,,94.452,94.4519209353815,94.452,,,ok,,,
1.12,Table S9,Center-100 B=27165,V_round,원고,,94.693,94.69298560563846,94.693,,,ok,,,
1.12,Table S9,Center-100 B=27165,V_repair,원고,,95.056,95.056214,95.056,,,ok,,,
1.12,Table S9,Center-100 B=27165,V_UB,원고,,94.693,94.69298560563846,94.693,,,ok,,,
1.12,Table S9,Center-100 B=27165,Gap (%),원고,,0.255,0.25457500227198104,0.255,,,ok,,,
1.12,Table S9,Center-100 B=27434,mu_B,원고,,203.793,203.7925941596739,203.793,,,ok,,,
1.12,Table S9,Center-100 B=27434,V_dual,원고,,95.323,95.32337564179667,95.323,,,ok,,,
1.12,Table S9,Center-100 B=27434,V_round,원고,,95.530,95.52956131029624,95.530,,,ok,,,
1.12,Table S9,Center-100 B=27434,V_repair,원고,,95.967,95.966707,95.967,,,ok,,,
1.12,Table S9,Center-100 B=27434,V_UB,원고,,95.530,95.52956131029624,95.530,,,ok,,,
1.12,Table S9,Center-100 B=27434,Gap (%),원고,,0.216,0.21583441363228467,0.216,,,ok,,,
1.12,Table S9,Center-100 B=27703,mu_B,원고,,205.690,205.69044528706883,205.690,,,ok,,,
1.12,Table S9,Center-100 B=27703,V_dual,원고,,96.206,96.20637115781714,96.206,,,ok,,,
1.12,Table S9,Center-100 B=27703,V_round,원고,,96.454,96.45381143895615,96.454,,,ok,,,
1.12,Table S9,Center-100 B=27703,V_repair,원고,,96.871,96.871356,96.871,,,ok,,,
1.12,Table S9,Center-100 B=27703,V_UB,원고,,96.454,96.45381143895615,96.454,,,ok,,,
1.12,Table S9,Center-100 B=27703,Gap (%),원고,,0.257,0.2565375877298605,0.257,,,ok,,,
1.12,Table S9,Center-100 B=27972,mu_B,원고,,207.588,207.58829641446374,207.588,,,ok,,,
1.12,Table S9,Center-100 B=27972,V_dual,원고,,97.101,97.10090788347561,97.101,,,ok,,,
1.12,Table S9,Center-100 B=27972,V_round,원고,,97.366,97.36595718177321,97.366,,,ok,,,
1.12,Table S9,Center-100 B=27972,V_repair,원고,,97.730,97.729644,97.730,,,ok,,,
1.12,Table S9,Center-100 B=27972,V_UB,원고,,97.366,97.36595718177321,97.366,,,ok,,,
1.12,Table S9,Center-100 B=27972,Gap (%),원고,,0.272,0.2722196812616705,0.272,,,ok,,,
1.12,Table S9,Center-100 B=28241,mu_B,원고,,209.486,209.48614754185866,209.486,,,ok,,,
1.12,Table S9,Center-100 B=28241,V_dual,원고,,98.007,98.00698943881177,98.007,,,ok,,,
1.12,Table S9,Center-100 B=28241,V_round,원고,,98.181,98.18089536507998,98.181,,,ok,,,
1.12,Table S9,Center-100 B=28241,V_repair,원고,,98.601,98.601219,98.601,,,ok,,,
1.12,Table S9,Center-100 B=28241,V_UB,원고,,98.181,98.18089536507998,98.181,,,ok,,,
1.12,Table S9,Center-100 B=28241,Gap (%),원고,,0.177,0.17712807122154026,0.177,,,ok,,,
1.12,Table 5,Zero,Max swept gap (%),원고,,0.415,0.4154853024844984,0.415,,,ok,,,
1.12,Table 5,Random,Max swept gap (%),원고,,0.237,0.2370654362479339,0.237,,,ok,,,
1.12,Table 5,Center-30,Max swept gap (%),원고,,0.553,0.5528730513763764,0.553,,,ok,,,
1.12,Table 5,Center-100,Max swept gap (%),원고,,0.272,0.2722196812616705,0.272,,,ok,,,
