195.95673507882032,195.64946612121682,197.23629662788625,199.40200240866938,192.07920631399247,202.30589333453372,190.9873543803356,202.56539736370794,191.34445391168032,201.68455572152317,190.77872334098723,202.56166116241204,191.38337209308406,201.6377656109878,190.61236568672405,202.42981459811188,191.55239956854794,202.06278946176158,190.84614097233893,202.12903570002101,191.10040060045415,201.8987739030058,190.76584720289731,201.99613777100711,191.13780166720687,202.36356835985248,191.47896255615899,202.48676194782169,191.27681822191698,202.2155964166293,191.14487648267115,202.27103950349553,191.26257131886555,202.01823128967897,190.57298018125124,201.46732901435365,190.59660166902157,201.97144117914351,191.11151035823576,202.3205144506133,191.54752725021547,202.47063656889856,191.01051418788199,201.72984156921507,190.63484011178963,201.87025934645567,191.00564186954941,202.0983709684088,191.01119957036272,201.88638472537878,190.8270217509548,201.75303389823509,190.40860696570809,201.37853635929284,190.72137132068019,201.96502014126514,190.69287751457733,201.55120489437959,190.82770713343555,202.2979680338118,191.33972794303722,202.18224684843466,191.02811629461493,201.91704945699107,190.73980515958345,202.08971799207785,191.41872265623957,202.2215645563779,190.73713533838267,201.68305145867973,190.78077948842946,201.67557905608757,190.39770962249321,201.72879020450131,191.20208215328864,202.27969247982648,191.0636792723372,202.14784591552649,191.20475197448948,201.96278820281259,190.6450464286788,201.76915927715811,190.7883216279628,201.75080195978262,190.8828566566109,201.95263096363806,190.50336569661292,201.57106647459869,191.38467114932337,202.40353198001435,190.11877871602564,201.35088015336751,192.2920242891926,203.11917748970447,189.36887596976968,201.51575406274844,195.08081031382636,196.34915051394108,198.004229778092,195.42163329395515
195.50151073423442,194.8215019845976,195.81927454048977,198.04449741040438,191.15781823959526,201.30396031090879,189.83575993056559,201.12260126612981,190.02925956691917,200.62458944735337,189.87148306033936,201.43130095122092,190.31166922233467,200.58337822993272,189.53725270002994,201.10814623297253,190.25543198045534,200.8490676285131,189.79957650895676,200.99328111960838,189.99278673709543,200.82874180125177,189.91278603447714,201.05819311156324,190.08080391907205,201.06979374574269,190.2140020710813,201.30741328738711,190.28898296291635,201.16864638873764,190.09756173902537,201.0470518309198,190.0535498608528,200.91100223994459,189.69754561008634,200.56035566862886,189.70611729029801,200.95934046856837,190.10348574158701,201.16763007345259,190.3730080876816,201.21243135865515,189.81165609747202,200.55666106027226,189.67412591172092,200.97323593882791,190.17811803832092,201.09998233285251,190.00048338483543,200.78325797160588,189.70994881606288,200.67254248892135,189.59395729036035,200.55049290878051,189.79860126523289,200.93633634823533,189.85373603029433,200.69297285675748,189.86113703416856,201.03333246656655,190.01062240942991,200.80515967705006,189.78899028082355,200.72948726029446,189.6549417761247,200.79872932004832,190.130124324322,201.05264197854288,189.79652354469096,200.69454873494027,189.85809429128753,200.68909781128164,189.39278588594027,200.5702184284772,190.1142295691113,201.17320178010476,189.94205545354563,200.84605123338693,189.99146733517381,200.83718634785276,189.6452569056809,200.71459391572071,189.85723201643194,200.83804499820238,190.02975120108923,200.87454096076837,189.29829772329492,200.3164677661309,190.32525467361154,201.39240514351235,189.15259910444956,200.22432399395788,191.19372534932299,202.02603210457278,188.39310787811303,200.40083289113065,193.88204487408706,195.09882808521891,196.87220563309552,194.52298163804969
196.95996210124488,195.70368251402519,195.83255647084275,198.09447499254546,191.71347335630122,201.86839080715157,190.10138909503621,201.08450399008339,190.03160451434306,201.06408542530335,190.43197720017685,201.85347724153502,190.74728864215183,201.14251856714105,189.95153493714048,201.24852999661502,190.26019825078669,201.01121058167146,190.05875794611458,201.25611574559815,190.22097083854433,201.26843039916159,190.61262666060748,201.77665694964838,190.52651938542181,201.24310089899663,190.26617787168865,201.56333850314823,190.70854240910231,201.64287518852731,190.48751663654528,201.28736111227997,190.1966233970893,201.30785928559428,190.32520553155069,201.287305453979,190.38382198654844,201.58886890314767,190.62283059941424,201.56544316796061,190.60674525227034,201.39854003527418,189.92793731584698,200.79428183330137,190.10896974290563,201.62479513256346,190.83750751019173,201.61908538846399,190.38836918038379,201.14496458269809,189.95724554334586,201.07611434791488,190.24901744110852,201.29005987611148,190.32479432668637,201.4304971205267,190.49086229614343,201.4003881419512,190.33253126420172,201.20537332687294,189.97385604728558,200.76522454982714,189.80503632247391,200.90173297298622,189.8652988238097,200.84638435370309,190.09719118686456,201.29469397487634,190.26980828535005,201.27786792657025,190.50150422327548,201.40681836084076,190.00968393869576,201.07256478881649,190.56369100123712,201.66394845698608,190.27907586249668,201.04996195068966,190.20175461153718,201.22132081981792,190.04067487962465,201.12117478263505,190.33475748903291,201.46562821297661,190.65262000610585,201.27013171347082,189.38289897691095,200.42795999753508,190.62725134244855,201.90594873466355,189.64370593047019,200.56275697595149,191.43108444239206,202.30385728785652,188.66297639243911,200.63990485490845,194.03234407714601,195.28486277941371,197.33432499763674,195.30961484262963
198.92855497549183,197.66098395890728,197.70631755741155,200.27973039452962,194.12857970628215,204.23114469459998,192.09328588962543,203.14649789806774,192.1715524722085,203.55536389882641,192.70607544166381,203.91356168300373,192.61286553556729,203.3745314636196,192.16782454947571,203.61957923658005,192.64214517602056,203.64491334487079,192.53030742344328,203.76379272767522,192.5705063179486,203.68882129633383,192.76509387079807,203.96649218493641,192.58133692971123,203.44776935184288,192.36503004045471,203.83303478742903,192.89242132468391,203.96649218493641,192.73075410545312,203.67250973851273,192.38345007294919,203.55536389882644,192.49417784092313,203.58296029246841,192.41744986176352,203.54634134835678,192.41133939836163,203.59927185028948,192.62943610479348,203.71815123309403,192.33970054028978,203.35093089844705,192.41602901731517,203.90627267565225,192.91485102307053,203.91356168300371,192.68083458378831,203.68153228898237,192.38996003848516,203.61957923658002,192.69675431663885,203.78010428549635,192.44095901534558,203.6725097385127,192.85774158280839,204.0650641814504,192.74010434716371,203.58296029246841,192.2637715653988,203.38754984255868,192.39030001501584,203.62131277969823,192.38819921750635,203.28168883869327,192.21089271635188,203.6213127796982,192.56760651617034,203.70513285415495,192.80489326316891,203.88423174624353,192.32702199847026,203.44203998025526,192.82627262304544,204.13430624120414,192.55921809116975,203.27595946710568,192.24680149403818,203.62860178704969,192.51975867532943,203.6286017870496,192.52354612366591,203.73446279091513,192.85148295151353,203.731169612033,191.80653876918956,203.00731112897276,193.03748885800292,204.33215288381948,191.86611939241001,202.97624764909438,193.74483511092362,204.75074408463524,191.02018504229883,203.13433650530513,196.30368912272857,197.33627748729728,199.25773608614008,197.26153239151733
191.57404226144334,190.65444537432219,191.07352560485893,193.80814365687672,187.85803313741789,197.44980608375263,185.62053558269727,196.4394530010147,186.00620073976421,196.99942322960982,186.31043984198448,196.89816475455405,185.92021991537959,196.57841007093202,185.95526351892846,197.19224996148057,186.73198675169564,197.35533802515957,186.43899373820952,197.22329042291273,186.41687252158562,197.05224255305302,186.21153663067491,196.97125345327058,186.11886448709399,196.78058704451334,186.07089502822865,197.05909249511987,186.41352686198746,197.16618098265073,186.4398318873049,197.14159096115065,186.16561789923631,196.73933781149779,185.9636276679237,196.69342795572524,185.78748221046098,196.34834377193818,185.56755110282634,196.59466978031327,186.18523160535742,197.12277142652189,186.37764510934332,196.95743451792941,186.08549024495252,196.89196564886308,186.16394506943723,197.0146034837955,186.37931793914234,197.20126022666062,186.39391315586633,197.14085148248586,186.41854535138464,196.98060369498126,185.85552215852354,196.76102803121952,186.49867300566837,197.51490444688099,186.56671295373096,197.07393277277475,186.28664579556147,197.26743945770662,186.65269377811552,197.40053739846354,186.41185403218839,196.81523766970321,185.92188927678697,196.9017153927081,186.20651814127766,197.02947287813592,186.54626456690616,197.37609554485667,186.26619740873653,196.9937427977502,186.69192465874968,197.65750079724148,186.43815905750577,196.69089865988508,185.91687425578152,197.04718242816148,186.45860744433068,197.04968272780533,186.00452790996516,196.72628876373997,186.28748047626516,197.12456124369697,185.8784815242428,196.72699924620872,186.89809523036402,197.60388234904036,185.51744856269414,196.40542562872625,187.46028374252148,197.99268553607908,184.73030698511312,196.55043516965279,189.94234806878691,190.76007908777214,192.38463023270074,190.3383290975755
201.99495719726832,200.99442041643903,201.39989646520218,204.15461362749474,197.75611221748258,207.95781860800034,195.70387744615061,207.28203781222683,196.31962632557131,207.64925814687376,196.1017809533808,207.22910731029413,195.80198478518707,207.21279575247303,196.06488136278821,207.74783014338769,196.60794104562655,207.80804965267185,196.35717675253966,207.72978504244841,196.31021655825674,207.44985186849459,196.02909175679881,207.53437459253871,196.28849722184972,207.48647081260617,196.0414013258914,207.46113670431552,196.20275897751003,207.65654715422522,196.4834538679151,207.76414170120881,196.13401992121641,207.22008475982449,195.9054035833561,207.38060980874079,196.00052247832508,207.13053531378017,195.74407634065599,207.28203781222683,196.18717922119009,207.64925814687373,196.32647626763787,207.48647081260617,196.00342228010325,207.36256470780157,196.08157110371127,207.53037876406924,196.31922682343682,207.75511915073915,196.43390473169936,207.71850020662762,196.32863659075124,207.4082062023827,195.7035374696201,207.1468468716013,196.26245735970537,207.89031009136471,196.45593492795146,207.60361665229246,196.2950363040714,207.85369114725316,196.61726217065166,207.82835703896234,196.20929805973162,207.24541886811525,195.82361547930475,207.30234519851734,195.96908251475833,207.47744826213656,196.58872200886339,208.15166942214623,196.56484234934302,207.80804965267185,196.76926828832674,208.24121886819054,196.49462433571932,207.42451776020388,196.03569036462417,207.64925814687371,196.47796512420376,207.50677819889671,195.62112764587857,206.92210648493145,196.17702997521059,207.91061747765519,196.21830832491148,207.48074144101864,196.87200713343478,208.01318530263862,195.32254450814685,206.90509227752293,197.42342624507751,208.30387457018026,194.28634466413484,206.93754148581078,200.14360749958254,201.06468494381588,202.89334323155794,200.82771933362869
190.81071870046111,189.68974148010173,189.83239002149435,192.2690233784387,186.20316901328789,196.0101835798805,184.71487708768564,195.76854719045906,185.43146426991785,195.88322509872174,184.73281796400767,195.19009740376558,184.53873163022277,195.38070428691907,184.79583942267294,195.57282065681019,184.95693288033581,195.70202798288247,185.16561443084464,195.90534393726318,184.99950595217632,195.37931397187847,184.66728552644787,195.71532836488149,185.23198154910816,195.73380792297965,184.85217303053369,195.55406064778509,184.9356463444156,195.79677649240222,185.27455462094863,195.84487566748444,184.85217303053369,195.39233390295061,184.81127278849237,195.76598736521129,185.16979477114646,195.76524788654629,185.0182815092021,195.70557862103649,185.00201346267909,195.66762869193369,184.91603263829447,195.55696044956352,184.8947461023742,195.7465169942069,185.16896009044282,195.84743549273207,185.12304135900419,195.82861595810323,185.12638701860232,195.80618625971653,185.1051004826821,195.60505962464549,184.62220494410465,195.29721500798181,184.85886434973,195.75697710003121,185.03622238552424,195.58479024937222,184.90311025136947,195.73710722689233,185.13930940552731,195.70276746154741,184.77622918494347,195.30992407920905,184.68439172206635,195.44447186061046,184.64683713962305,195.43608343560987,185.16477628174931,196.05421344297744,185.14934291592991,195.69463037078822,185.18606281766952,195.97538466630826,185.06001643194716,195.56267141083069,184.87847805585122,195.74321769029416,185.2269630597109,195.60289930153246,184.27037428064679,194.97962064747321,185.08548677656091,196.37775557493597,185.39558251727377,195.80982695288205,185.58047002135956,195.97439244067988,184.00452097318185,195.04907018623544,186.16729072903547,196.39228345953438,183.2048383746953,195.20431890766349,188.79083133845094,189.62614099793964,191.45559500689808,189.68184806645587
202.51965861788651,201.10445162461588,200.96749261896727,203.41687977931883,197.06230315674327,207.64925814687376,195.82034517158826,207.3773166298588,196.19880742449959,207.25114823970281,195.62717846318708,206.98476218692107,195.81608417145489,207.12497984954697,195.72448679795468,206.89521274087681,195.42395115109588,206.92783585651895,196.07503060876761,207.58174963023816,195.97377213371169,206.90250174822822,195.62396780156379,207.3497202362168,196.17668858595795,207.33167513527749,195.89528333357302,207.13626468536773,195.73463604393422,207.16159879365853,195.98102157791277,207.22581413141211,195.75922606543415,207.09964574125618,195.88010307938737,207.37731662985877,196.23129772657629,207.65498751846141,196.25992653065373,207.23483668188172,195.62140797631608,206.90423529134648,195.57586862648171,206.98476218692116,195.8673940081604,207.38633918032835,196.10834903179867,207.34069768574719,196.0124615414795,207.36829407938913,195.95785240086119,207.25843724705425,196.04069084342265,207.32438612792609,195.7664755096352,206.86761634723482,195.53245907035281,206.94085423545809,195.65540776513049,206.97347735110029,195.69850646141404,207.10693474860759,195.92888362025295,207.15257624318892,195.55343892809501,206.83828641047469,195.83521456592874,207.32438612792606,195.78745536737731,206.98076635845169,195.92351263551623,207.37731662985874,195.81889533094386,207.03369686038442,195.91956249522789,207.38460563721023,195.99540282782951,207.25843724705425,195.91089220657847,207.2584372470543,196.08765103770546,207.32438612792609,195.53501889560056,206.82926386000497,196.17378878417958,207.83581995366819,195.95313225250021,206.98805536580315,196.29938594649411,207.47259544749065,194.88518158507651,206.55488615028449,197.1608099979139,208.04095560363493,194.10329667230556,206.80079090942132,199.98190975094428,200.87327032237556,202.87976200752374,201.08467920791423
191.43921264258498,190.09281409931629,189.97809103555687,192.29532928794018,186.32131496987421,196.41122369907146,185.24156174482656,195.97386077600109,185.15604117190955,195.66601615933723,184.99532561187453,196.06866881112467,185.56755110282631,196.06761847261458,185.18523160535753,195.66786550211629,184.64684060801474,195.52020914735328,185.39976632596722,196.42020343484384,185.47989398025095,195.75718491401759,185.0207959564882,195.99307981276434,185.35468574362397,196.06141936692367,185.41687252158565,195.89136230997022,184.85970249882533,195.54988828994112,184.99616376096978,195.80312376598653,185.19108477545836,195.97025061224329,185.23115033679611,195.88417239137303,185.33172637790463,196.26473532130422,185.48240495914544,195.62226662667811,184.5207942222923,195.34515149111223,184.85552215852351,195.70180576532678,185.16812540973908,195.86023320624858,185.02163063719189,195.71988582129072,185.25159872362093,196.14169798423745,185.33339920770379,195.91561235493964,185.33339920770374,196.10985851853647,185.21237131137858,195.5404785226267,184.62220841249632,195.33864152557626,184.75578079811856,195.67687576729628,185.16227223963827,195.98253106465052,185.46362593372785,196.0562997164283,184.97738473555233,195.70973657531113,185.48156681005,196.45494270232328,185.4602802741297,195.8136435179041,185.16812887813083,195.96493915311046,185.06169619852955,195.76708282575578,185.31378896997435,196.21632528637687,185.5667129537309,196.25137541370137,185.39307847516267,195.97858092436201,185.39976632596716,196.29651526140134,185.37597227954424,195.89895314342388,185.4782211504519,196.1181583012476,184.66896182463859,195.24346451772553,185.37764510934332,196.13265718964985,184.35217476472945,195.33645361898866,186.41603784088193,196.71678740820306,183.54709231082634,195.55995196005378,189.12639742377738,189.95807296762092,191.78484662888866,190.00562095909697
201.6721665438962,200.55879823141697,200.89468075687094,203.35093089844707,196.78379770613682,207.29834937004796,195.4611020759296,206.82197485265354,195.3371625682461,206.46204352535813,195.42025234504868,207.16159879365858,195.8341642274188,206.84557541782607,195.63479841332634,207.09964574125615,195.5432896821157,206.7030954698491,195.6956066596357,207.28776718381448,195.84422483110893,206.80166746636306,195.36934201047748,206.72340285613959,195.45425213386324,207.03369686038448,196.00746106268079,207.042719410854,195.31859436785854,206.64114241744679,195.56722886723972,207.0336968603844,195.80223611942841,207.09564991278674,195.64355734426516,206.74700342131212,195.48174195714137,206.94414741434002,195.50065013405941,206.33587513520223,194.87910165108241,206.58092290816256,195.62217798438866,206.96948152263084,195.72269698077955,206.91881330604937,195.35845328583326,206.65745397526783,195.65651774973355,207.2308408534123,195.84678465635653,206.97174380798208,195.72309648291386,207.13226885689835,195.71328721346524,206.73971441396071,195.23945473134398,206.56061552187208,195.40038247190992,206.96445480063059,195.81244489101144,207.16888780101002,195.98352187755683,207.19821773777011,195.53822955722396,206.91881330604929,196.09640996864422,207.63468013217081,195.9798825971134,206.84557541782613,195.48908004363176,206.8749053545863,195.42892263369816,206.84557541782613,195.85554358729524,207.25843724705427,195.86625502736092,207.18519935883111,195.87436312192409,207.15084270007065,195.91617454902575,207.35700924356823,195.8725427753414,206.96045897216123,195.79248637558328,206.9847621869211,195.00503878992757,206.37578725819586,196.08231058237624,207.44326551073053,194.91523123360244,206.45231832530112,197.05480237830071,208.04824461098636,194.10511701888822,206.64529258250531,199.78439340012022,200.66484149352675,202.41456056693292,200.29454146737777
190.65593812804866,189.75134552505085,190.3109493038518,192.46040026966475,185.90850663839441,195.74142787311899,184.59384919136045,195.47014133730605,184.63596548012487,195.09139875395752,184.71487708768552,195.73923702059821,184.78831342277297,195.21684774837874,184.9611132206376,196.15596006245707,185.29249549727064,195.44194256477041,184.6426567993212,195.48862089540427,184.77204537624999,195.36413371769294,184.66812367554323,195.29175538095589,184.62471245460742,195.67703845924811,185.31462018228629,195.80368596007278,184.8292136648144,195.70492778466078,185.31629301208542,196.02758227006115,185.20734935358973,195.84453569095382,185.06169273013796,195.61011974953709,184.91854014879718,195.64013886865547,184.72863762370585,195.12647799796733,184.5420772898209,195.70961740361412,185.22947403860542,195.82756561959323,185.20986033248417,195.95890273937138,185.06001990033886,195.5718298439038,184.960278539934,195.82284547123211,185.08381394676181,195.6542687843309,184.97989224605516,195.78776622722214,185.1443278949244,195.78125626168617,184.98156507585421,195.67018851718137,185.10175482308398,195.90494443512867,185.12805984840136,195.62893928416608,184.8947461023742,195.55769992822835,184.70902391758469,195.55591011105341,185.29166081656697,196.0825909128138,185.08214111696287,195.47082270308923,184.79165908237113,195.59880099335081,184.87680175766042,195.70187981498933,185.24992242543019,195.78221795790708,184.76786156755648,195.58149094545962,185.21320599208232,195.99645316633965,185.2236174001128,195.76894669259357,184.85802966902628,195.48933137787304,185.04124087492139,195.78634538277399,184.64600245891938,195.47489201507454,185.74825132982699,196.43310419421923,184.44066309961698,195.24985684477593,186.37764510934338,196.84158544575939,183.57712089336974,195.28536753304991,188.79417699804907,189.77194800992379,191.46550046589118,189.3576611378397
202.54927198478492,201.54460862737321,202.08922552453393,204.17492101378519,197.01895312621829,207.35527570045005,195.53922037013027,207.17461717259758,195.77307411746065,206.82197485265357,195.76317620572235,207.40664656661895,195.7972646368261,206.86588280411664,195.99438148551567,207.85213151148932,196.35393556150865,207.0173853025633,195.43987088394636,206.89521274087676,195.61631885522829,207.01009629521187,195.82043381387768,207.1452872358374,195.85832421737666,207.43024713179145,196.28056641186532,207.40491302350071,195.86483418291283,207.49220018419382,196.53488134310638,207.79746746643835,196.18640921311751,207.45784352543342,196.17097762469055,207.58174963023819,196.33906616716828,207.63867596064023,196.0230102895932,207.1891951873005,196.09563996057159,207.75355951497531,196.27800658661758,207.32265258480783,196.11411951866981,207.80649001690801,196.47151327154941,207.48317763372415,195.9716118105984,207.26243307552369,195.85147427531004,207.16159879365853,195.86418334653695,207.26243307552369,196.05115094924739,207.52881912830546,196.24690659958148,207.55641552194737,196.26964715781349,207.52881912830543,195.93616218113954,206.96445480063059,195.55340981140958,206.89521274087679,195.50277992776512,207.00610046674254,196.10942989971633,207.54739297147773,195.98929236442777,207.22181830294269,196.11090885704647,207.63867596064023,196.25116759971507,207.58174963023816,196.35112440201974,207.46686607590308,195.77835645990785,207.26972208287512,196.30953519247367,207.60708373852893,196.00950221409727,207.07431163296542,195.5440886863845,206.96445480063062,196.03773151604048,207.45228806120011,195.65438642281663,207.07031580449603,196.72039910517199,208.02793722469588,195.3160635388071,206.75029660019419,197.35647700595891,208.42448749610293,194.34243276208321,206.79905736630317,200.05098878376847,201.26582476531323,203.24139422433669,201.05449062080439
191.47813082398875,190.59588028641119,191.19293874846613,193.20146456824003,186.40311545395707,196.07875994422233,184.82503332451256,195.84215315028484,185.1151409298682,195.61461768034238,185.16143409054285,196.19019666145388,185.27539623843566,195.65231627520396,185.16394506943732,196.28460519444309,185.50285334597029,195.79837462142922,184.98073039515049,195.8443134733981,185.18941194565934,195.88812253166125,185.20651814127771,195.92576160091895,185.2745580893403,196.18510754036612,185.60092187657608,196.06497000507761,185.06838404933418,195.95680206235107,185.58130817045492,196.3247154466591,185.41770720228925,196.05161009747474,185.39725881546454,196.25418657319048,185.66728899483945,196.35294474860245,185.39558598566546,196.06969015343856,185.66896182463859,196.57178093369922,185.52079422229235,195.82657480668701,185.18606628606116,196.34998542122014,185.7762291849435,196.22555776911273,185.28915330606421,195.81574419492443,184.95944385923025,195.69239599801242,185.04291717311216,195.75857522905844,185.12555233789854,196.05556023776319,185.52246705209149,196.20062777108225,185.43732090841041,196.02412027419646,185.10677678087291,195.6761362886312,185.01828497759371,195.775234440574,184.9627895188284,195.77955508680043,185.4782211504519,196.38512419083401,185.48156681004997,196.07588925912953,185.56420544322825,196.39428262390712,185.47738646974818,196.07017829786221,185.44067003640038,196.1627664842687,185.33507203750284,196.13740786741826,185.55918695383102,196.04583961060354,185.05044317301207,195.69239599801233,184.95191785933031,195.72349598504837,185.29667930596418,195.90577255608318,184.64432962912022,195.42392215489969,185.65102094831653,196.34134412876713,184.39140217697181,195.30097487284422,186.52163237138774,197.07128135930438,183.85886088133825,195.69487024739328,189.31211960856692,190.3881559170826,192.17565325776212,190.0770196152065
201.5242763640635,200.6700732769992,201.39953748479667,203.82001640848995,196.97230391226978,207.34225732151097,195.43574345907939,206.91152429869794,195.47284945093608,206.54030813558154,195.49004173985253,207.17288362947937,195.66922682096074,206.52000074929111,195.33997372773496,207.11821958442846,195.82327550277427,206.81797902418415,195.51943913928071,207.10866829172585,195.89198402966036,207.07031580449603,195.65256760944516,206.93512486387044,195.64997866751196,207.12324630642871,195.92206279487175,207.05903096867516,195.53314043613611,206.82024130953539,195.57333933064149,206.96045897216121,195.72269698077957,207.0336968603844,195.64676800588856,206.8985059197588,195.66518803838301,207.0336968603844,195.61202873840924,206.8985059197588,195.79217551573822,207.22181830294272,195.75453644648064,206.89850591975886,195.64966780766684,207.07031580449595,195.7103874116869,206.94414741434014,195.64099751901747,206.83828641047467,195.37866313550273,206.79264491589342,195.69381684246056,206.8912169124074,195.35333363533783,206.70309546984905,195.60881807678575,206.99707791627281,195.67780846732086,206.97174380798205,195.61532804232189,206.94414741434008,195.82830509825831,207.19821773777016,195.60119812664664,206.82926386000497,195.92311313338183,207.58174963023811,196.03344139922166,207.00436692362427,195.79473534098582,207.12324630642871,195.40831328189421,206.43271358859795,195.25432412568449,206.83828641047467,195.6730883189598,207.00610046674242,195.66237687889404,206.82024130953539,195.53635109775956,207.07933835496564,195.78029456546548,207.01338947409386,195.91222440873739,207.03769268885387,195.00503878992751,206.33916831408428,195.99947213981471,207.25514406817223,194.63632628086151,206.21126638081014,196.94447411246097,208.19974710943302,194.49435023746895,207.11837392101756,200.21703617482962,200.94980138948077,202.53429860008706,200.3474719693105
190.28246654908807,189.40775470164581,190.02949406994651,192.45934993115466,186.26953959994302,196.3292874271269,185.12889452910511,195.80442543873789,184.8079305972858,195.16377709069451,184.69024489216716,195.79930578824241,184.91603263829438,195.17238785373999,184.73281796400761,195.98562255457693,185.24574208512834,195.35984360087392,184.50368802667393,195.56710969554297,185.12136852920509,195.84092552719602,185.17230575004092,195.83802572541779,185.0984091634858,195.75592676152121,184.98658356525141,195.66697785555806,185.0566742407407,195.70316696368204,184.79417006126562,195.43256191414147,184.96027853993397,195.77909593857291,184.9356463444156,195.42676231058468,184.77288352534535,195.57000949732111,184.87513239625298,195.51901052046068,184.83339747350792,195.52842028777508,184.89641893217325,195.76212586721226,185.16979823953818,195.563559057389,184.55751065564021,195.31032358134343,184.83841596290517,195.57290929909939,184.8325593244125,195.74907681945456,185.3964206663691,195.84206450799545,184.62555060370275,195.18333610398815,184.708189236881,195.6394880322799,185.06420024064064,195.82250549470169,185.12220667830053,195.76749685194906,185.21404067278596,195.9310134139586,184.84966552003101,195.28351512384847,184.91937829789248,196.03267139114902,185.1656144308447,195.56779106132612,185.10342765288297,195.91574451748392,184.81545312879413,195.053700159096,184.37262315155439,195.31813521963105,184.77120722715458,195.47480196006327,184.77622918494345,195.52188120555363,185.11467721000884,196.08549071459217,185.28208408924021,195.87677477927858,185.49365104787958,196.11846916109255,184.67063465443772,195.30384414521484,185.49616202677407,196.13941848942713,184.17146760094553,194.98835058221556,186.02246878628736,196.58150002764728,183.74490220183714,195.88007702912461,189.37848672683043,189.89424586832567,191.34556216548819,189.40600051488428
201.96128393996901,200.90714563543966,201.43510332108491,203.88822757471297,197.32574740437192,208.07843153392309,196.21562932796695,207.51250757048425,195.86103221051746,206.86588280411669,195.83836570194845,207.64769851110989,196.01906014930489,206.86588280411661,195.95708239278864,207.98732245211485,196.44874359663226,206.82926386000503,195.16781587327208,206.98476218692107,195.99870213174225,207.44655868961254,196.26933629796824,207.61836857434977,196.23129772657623,207.37731662985874,195.78785486951165,207.18017263683083,196.1897085170302,207.62739112481944,195.99077132175788,207.09062319078652,195.96871200882009,207.51250757048439,196.01570131978843,207.15257624318883,195.92786227793906,207.36100507203767,195.96214251768032,207.16159879365858,195.75351510416672,207.0213811310326,195.7725859730368,207.40265073814956,196.24005665751497,207.13626468536782,195.38986271999221,206.80566329483244,195.74049517309453,207.14528723583743,195.84601464828398,207.46686607590308,196.46796263339542,207.5288191283054,195.73784670555759,206.93183168498842,195.67792610580639,207.19821773777014,196.12056995860206,207.65498751846133,196.27840608875212,207.34798669309862,196.0149618411233,207.37731662985874,195.72744612533683,206.79264491589348,195.71402669213012,207.43024713179148,196.05587109760825,207.33896414262892,196.37315459827181,207.94168095753361,196.36223534421993,207.37731662985877,196.0259100913716,207.36100507203767,195.86409470424778,207.24212568923315,196.09754894944351,207.51979657783579,196.24391815551405,207.52881912830549,195.96189118343892,207.37558308674053,196.54997295500257,207.88875045560087,195.7889343247073,207.07760481184744,196.7584085598786,208.06455616880746,195.26864431678607,206.43774031059823,196.72526742142614,207.82750005278589,194.18360581902687,207.10206236319652,200.39863279280314,201.16725276879924,202.91907971546692,200.91201067282739
190.96206942822479,189.98284474792888,190.52066621532092,192.77385280173672,186.4782246188436,196.56635183608057,185.29249549727066,196.08773967999466,185.2524368727164,195.79763514276416,185.43815558911419,196.5193611123903,185.37513759884058,195.51227975009098,185.16477975014098,196.60469985459568,185.71488055607725,195.61097839989912,184.74574381932425,195.96840114897509,185.46362593372794,196.05812006301082,185.3496672542268,196.1091190398713,185.40311198556537,195.98648120493885,185.05583956003704,195.84934448160425,185.52664739239322,196.38506466523009,185.35552042432769,195.78893573742931,185.26619394034489,196.20531739003562,185.31963867168352,195.87106381801144,185.32838071830653,196.13549887854643,185.27539277004399,195.82765426188266,185.08214458535446,195.72093615980074,185.00117878197537,195.97377213371175,185.47822115045184,195.8818639003664,184.85886434973003,195.6355378919915,185.08047175555538,195.73685589265136,185.02246531789558,196.0114112029693,185.54208075821268,196.08700020132974,185.20986033248414,195.86344386787206,185.0199578073929,195.69776698274907,185.25243340432462,196.29972592302465,185.56336729413286,195.97238181867095,185.24825306402283,196.08813918212923,185.23198501749982,195.78896485411488,185.23031218770075,196.19846744796885,185.49950768637214,196.21549716542251,185.669799973734,196.45065258550417,185.58130817045495,196.31971496786053,185.77455982353615,196.38737315623644,185.33339920770382,196.11784885412436,185.72529543249939,196.45059305990031,185.44819256790859,195.84357399473305,184.92895849361099,195.89710368015582,185.71236957718276,196.40493453836908,185.02246531789555,195.76752738135662,186.08297926605809,196.71786827612073,184.4594421250344,194.88385232885091,185.76786850433982,196.44908203995158,183.58966538266688,195.65797065680061,189.2891602428476,190.10669113909384,191.77514143714447,189.79861393916806
201.50815098514036,200.52216084633449,201.11500098376845,203.578964463999,196.96255416842484,207.52135621359963,195.57390152472792,206.96445480063062,195.54667762831761,206.78136008007255,195.89769499092753,207.60934602388014,195.90836291073839,206.50195564835178,195.27990496009059,207.24212568923323,195.94375301459343,206.84557541782613,195.61745783602757,207.31310129210519,196.00811189905676,207.02467430991476,195.58925906349194,206.88219436193774,195.50130097043515,206.80166746636309,195.52776945139948,207.0336968603844,196.02619195502044,207.4009171950313,195.83342474875371,206.95143642169151,195.78276574842377,207.20550674512157,195.63479841332651,206.80895647371457,195.75132578485716,207.25843724705425,195.78597641004717,206.88219436193774,195.58132825350765,206.84730896094436,195.39492284488384,206.86588280411658,195.84323401820251,207.11595729907722,195.64849829745989,206.93685840698865,195.62257748652308,206.77633335807232,195.41300290084769,206.94414741434008,195.75388561010485,207.02467430991476,195.84348535244382,207.1779103514796,195.5400790204921,206.60452347333512,195.5396504016723,207.2584372470543,195.90540358335616,206.8985059197588,195.59104888066719,207.09964574125618,195.77153563452674,207.13226885689838,196.03384090135594,207.42122458132178,195.96396286426292,207.11196147060787,195.70322660977499,206.8731718114681,195.43074298028091,207.05729742555692,196.14817895357709,207.27474880487537,195.51827104179586,206.98805536580321,196.18075789794312,207.51580074936635,195.78267710613454,206.73069186349102,195.30572260467935,206.9238400280496,196.091971683932,207.36829407938913,195.41710120902923,206.70638864873118,196.35430606744669,207.54183750724448,194.61790624836709,205.90826138391677,196.68182886910117,208.20876965990266,194.52908950494833,206.87732197652662,199.88531189864548,200.75439093957107,202.37103983231469,200.08525398817937
190.6007886048734,189.58273135813016,189.99086056194753,192.40548026920138,186.31545833138168,196.33909669657572,185.03956804512231,195.5863287323063,184.5633672941328,195.18549642710155,185.00034063287998,196.30142709791056,185.50034236707577,195.49149170098633,184.6288962633009,195.72593663859922,185.09757448278211,195.58123961121831,184.9440104934109,195.84166500586105,185.14265506512533,195.72374731928966,185.04542468361487,195.62717846318714,184.68271889226722,195.31933384652348,184.79918855066276,195.79686513469167,185.32921539901028,196.02804129779938,185.20735282198143,195.82725475974823,185.2148788218814,195.85798424084592,184.82670615431167,195.4228121702964,185.04877034321296,196.0475407854893,185.24574208512837,195.63189861154811,184.87764337514741,195.53205956821853,184.6681236755432,195.44888114912635,185.04124434331308,195.79436483504782,184.99950595217621,195.63553789199145,184.93983015310911,195.57546912434717,184.89641893217322,195.7089665672386,185.00034410127165,195.69486718097076,185.24908774472647,195.9813615544434,184.87931620494652,195.28971422953958,184.87095205595114,195.97556195088694,185.21153316228327,195.52407064535242,184.749924159626,195.5511899626924,184.85551869013185,195.73966705214013,185.35217476472951,195.98383273740183,185.0232999985993,195.54394051849135,184.79082440166741,195.42130268355893,184.72947230440951,195.81269622525289,185.50034236707577,195.83256609839188,184.58213938276691,195.4889318757387,185.38182544964511,196.1585794133087,185.11467721000884,195.52157034570845,184.75912645771677,195.68508702820742,185.3742959813535,196.02662045335103,184.72529543249942,195.26589421611212,185.33925237780468,196.00706002733517,183.9961602925782,194.93991143060279,186.42356384078192,197.25253800074725,184.07628447847017,195.52774340113652,188.85970943560881,189.8259063141665,191.37675416040148,189.09122335358254
202.35341112067798,201.09083680083725,201.25501220205686,203.75477017720561,197.3857566464124,208.07843153392298,196.15562008592639,207.23483668188175,195.44896979141583,206.62483085962566,195.76894669259349,207.73724795715418,196.38330384425137,207.12497984954689,195.71075638441366,207.32838195639542,195.92095281026866,206.8473089609443,195.42429112762647,207.02138113103277,195.91731352982532,207.44655868961257,196.35072489988511,207.52881912830546,195.85508443906784,207.03769268885384,195.8001644386043,207.30407874163552,196.05331127236056,207.36829407938916,196.00925087985604,207.30407874163555,196.0287212508606,207.21852512406062,195.5389690358891,206.82197485265354,195.90503307741807,207.65498751846135,196.30944655018439,207.20550674512154,195.66160687082143,206.99378473739077,195.6459979978161,207.06302679714457,195.91049270444398,207.09964574125615,195.54434002062578,206.91152429869794,195.82549393876917,207.3406976857471,196.11082021475713,207.37731662985877,195.90833238133075,207.15257624318886,195.94298300652085,207.32438612792606,195.7719351366612,206.96445480063059,195.90213327563978,207.56543807241701,196.20201808612285,207.2584372470543,195.88877336803696,207.13626468536779,195.55664958971835,206.92783585651901,195.94233217014516,207.28776718381445,195.68974753047533,206.94814324280949,195.85517308135704,207.31709712057463,195.96393233485534,207.52881912830543,196.51862163372525,207.59303446605898,195.80402593660355,207.31136774898698,196.4065035507104,207.69889546992439,196.06337187605067,207.19821773777016,195.73512418835779,207.15257624318889,196.20843940936959,207.49619601266323,195.46232969901862,206.58421608704461,196.12495013043235,207.5824522798255,195.03138809919508,206.59653181639638,197.41398594835533,208.64020533230314,194.58841879392759,206.90491837016859,200.04447881823234,201.22920582120159,203.12844680319967,200.87308018172894
191.552399568548,190.27425151508413,190.30277132262722,192.55424660856744,186.45777276362702,196.55654256663172,185.35635510503141,196.01826114503598,185.0642037090324,195.57117900752814,185.08130643625907,196.03531985868599,185.08716307475169,195.40334179929189,184.87095205595119,195.90577255608306,185.07005687913326,195.30276327729723,184.51744856269426,195.59218786146664,185.20902565178048,196.17529827091724,185.70986206668005,196.30188624613808,185.3359067182065,195.96692219164498,185.28748047626522,195.9643623663973,185.17063292024181,195.85002443466541,185.1272251676977,195.74947632158899,185.03706053461954,195.61745783602774,184.65269377811558,195.37545247387939,185.09924731258121,196.25918705198887,185.60844787647608,195.87791376007803,184.89558425146959,195.68329709054299,185.10259297217937,195.92311313338186,185.2950064761651,195.75271609989787,184.74992415962612,195.54979964765172,185.18773911586027,196.17634860942741,185.54124260911723,196.03344139922152,185.10593863177749,195.6952071575013,185.00117878197537,195.82580479861443,185.14349321422074,195.83086492350589,185.25410623412375,196.12858941087563,185.41603437249026,196.10547975942788,185.52079422229241,196.07872941481477,184.93815732331007,195.48257007809565,185.02330346699102,195.83274338297039,184.89558425146959,195.53973904396156,185.14600419311517,195.93656168327394,185.02413814769466,195.83962385444465,185.51995954158869,196.30558505218505,185.41938003208841,196.26035656219568,185.78580938066196,196.31129601345236,185.28124594014483,195.81568466932049,184.88973108136872,195.61273910038886,185.33339573931204,196.10538970441658,184.75661547882228,195.30665530470401,185.51493758379976,196.34850493067893,184.40060100667085,195.19925737005013,186.41352686198752,197.05607198843339,183.89976112337968,195.69197044561491,189.24826000080623,190.34360738015437,192.29342303668747,190.39007343554877
202.31186147428235,201.00885700862537,201.11505664206928,203.47310346013356,196.96866463182673,207.610905659644,195.77036753704164,207.20550674512157,195.83169304446039,206.91655102069817,195.6701885171814,206.94814324280949,195.13674641564367,206.10211219806274,195.21082592726643,207.07204934761421,195.65651774973355,206.4620435253581,195.19314537343706,206.92054684916755,195.76428619032561,207.03369686038437,195.78967521609439,207.10693474860761,195.74546665569676,207.13226885689835,195.87541346043412,207.15986525054035,195.87171465438706,207.22181830294264,195.76724551770766,206.79264491589345,195.39748267013158,206.78535590854202,195.4101917413586,206.65016496791637,195.52447014748674,207.11595729907731,195.87501395829969,206.98076635845169,195.55920941496606,206.96445480063059,195.74586615783119,207.16888780101002,195.95785240086119,207.15257624318889,195.61671835736269,206.92783585651898,195.79001519262494,207.31136774898701,196.05152145518542,207.15986525054035,195.60335844975984,206.74873696443035,195.39822214879655,206.91152429869791,195.78711539084659,207.13226885689841,195.83376472528425,207.15986525054032,195.82111517966095,207.26572625440571,196.16548900146842,207.35700924356823,195.62322832289874,206.68678391202801,195.48652021838407,206.92054684916755,195.47091134537857,206.75602597178181,195.70322660977507,206.89121691240737,195.1594274482716,206.52226303464229,195.70578643502276,207.22181830294269,195.74867731732016,207.13955786424981,196.13700836528386,207.40091719503133,195.81485654836621,206.83828641047467,195.20480410615406,206.60452347333512,195.87492531601049,207.37002762250728,195.41818066422476,206.63714658897734,196.38108540825624,207.71364739198165,194.82372250239152,206.05976388236343,196.75491756781764,208.2363660535446,194.58224880492202,207.02882447497328,200.01880934153681,200.9334898316597,202.96697294475177,201.18179830779096
191.24832441581407,190.03877329046873,190.18386797017678,192.47785860593834,186.3989316452635,196.45923423186429,185.16226877124657,195.86054406609384,185.04459000291115,195.56170971461006,185.00201346267912,195.78634538277419,184.68522987116162,195.03647875349409,184.73365611310308,195.97630142955194,185.14182038442161,195.36240342612157,184.77288352534541,195.82648475167557,185.0871596063599,195.47091134537857,184.70484357728284,195.51000025528074,184.91770546809346,195.74620613436184,185.12889799749672,195.87501395829972,185.3521747647296,196.15792857693296,185.26953959994302,195.59974828600201,184.79751572086374,195.7437058347179,185.16143409054283,195.65145762484201,184.79751572086369,195.50928989330123,184.87262488575024,195.64855782306378,185.06336555993693,195.80627490200612,185.08632492565627,195.7806054253106,185.16477975014092,195.91410286820187,185.14683887381884,195.76468569246001,185.08465209585719,195.94193266801059,185.35552042432769,195.89818313535136,184.9364844935109,195.39862165093103,184.62638875279814,195.54402916078055,185.10593863177743,195.882263402501,185.16645257994,195.80303512369733,185.10259297217934,195.97337263157732,185.44150124871226,195.98673253918014,184.95693288033581,195.44268204343538,184.77121069554624,195.58592923017184,184.89641893217325,195.72664712106803,185.31462018228623,195.84857447353164,184.70567825798651,195.39458286835333,185.10593863177741,195.88686437916505,184.87429424715762,195.53308091053248,185.17314389913628,196.00956173970124,185.17853681776955,195.57296882470331,184.57005861332908,195.37474211189974,185.22947403860533,196.0179501647016,184.6418221186176,195.29338403939036,185.69359402015698,196.42452254785908,184.18522813696586,194.71891492239277,185.87764684353914,196.77179605095566,183.93564287602385,195.68040035518726,188.96112362581275,189.71739839490951,191.63751676262993,190.06634226389789
202.47063656889856,201.21243135865518,201.39854003527421,203.89725012518264,197.52792437795313,208.13136203585569,196.04094217766388,207.24212568923321,195.73620505627562,206.95543225016095,195.88902470227822,207.61107956699828,196.16230733604135,207.06302679714454,195.85542441559832,207.58574545870749,196.11016937838136,207.01738530256333,195.77588527694959,207.37002762250731,195.88621354278919,206.82197485265357,195.465540360642,206.94085423545806,195.63007826496542,206.9734773511002,195.81608417145497,207.33167513527752,196.16363953820016,207.53610813565689,196.12247894747409,207.29505619116591,195.95890273937135,207.46686607590303,196.17057812255621,207.10866829172579,195.4253414661367,206.75273279289974,195.58527839379607,207.09964574125618,195.96180254114967,207.30407874163558,195.89167316981522,207.05400424667485,195.70822708857358,207.15257624318892,195.86634366965035,207.16888780100996,195.92962309891797,207.42122458132184,196.16042887657684,207.26745979752394,195.70245660170241,206.94814324280949,195.65796759037821,207.06302679714454,195.80627490200604,207.20550674512154,195.98028209924789,207.38460563721023,196.11917964356132,207.44655868961257,196.05661057627327,207.18919518730047,195.69304683438799,207.06302679714457,195.86344386787212,207.22581413141208,195.87680377547474,207.4465586896126,196.48348286411164,207.78115590861731,196.10865989164367,207.44655868961254,196.43612316769443,207.63867596064026,195.74145686931533,206.92783585651904,195.94202131029994,207.51979657783582,196.12270116502989,207.24212568923315,195.74669427878538,207.18519935883108,196.27066850012727,207.45055451808199,195.26842351195225,206.55488615028452,196.40857523153446,207.89274628407031,195.10913742066859,206.30983837732407,196.90757452186841,208.22005449572359,194.39269226027866,206.77146097266123,199.78223307700688,200.80003243415234,202.93007335415916,201.16548674996989
191.30971702228328,190.14589089468504,190.35081459794054,192.71193457082433,186.66310865453772,196.64839127437318,185.21571350258509,195.91660316784569,185.1835587755584,195.78677541431591,185.20818750268512,196.26498665554536,185.54542641781069,195.87427447963464,185.14265506512535,196.17378878417961,185.42105286188743,195.78566555020211,185.08297926605817,195.92786227793917,185.01828497759377,195.41960150867311,184.81712942698493,195.67786658020262,184.83339747350792,195.42321167243088,184.97738473555242,196.01246154147938,185.39725534707279,196.03594169886551,185.33757954800561,196.11264056133976,185.47236451195931,196.20127860745785,185.36221174352394,195.57546912434719,184.47403734175839,195.31683354687956,184.92021644698792,195.80627490200601,185.22947403860539,195.95495259908279,185.20735282198146,195.72704662320231,184.93899200401373,195.7527160998979,185.10593863177752,195.84678465635653,185.31127452268814,196.14811930748419,185.35384759452865,195.78020592317614,184.96195136973301,195.86955433127366,185.33088822880936,195.92021333160358,185.04375185381582,195.81204538887701,185.31127452268822,196.20417840923596,185.54626109851441,196.01792116850547,185.01661214779475,195.57842845172937,184.92021644698795,195.92931223907289,185.45860744433074,196.06207020329916,185.18773911586032,196.08015025926295,185.70818923688097,196.46682365259596,185.50201519687494,196.2277180922259,185.79333538056187,196.29071565784466,184.93648449351099,195.50465979995158,185.18523160535753,196.23965715538046,185.52748207309696,196.1119301993603,185.33005354810567,196.1813796176335,185.81127278849229,196.35137573626105,184.8188022567839,195.46113260533741,185.78580591227029,196.66140967223424,184.62889626330082,195.26833640287438,186.37429944974522,196.9269241879648,183.64683367123132,195.26583763644169,188.72948270958463,189.88563510527996,192.00126817229673,190.2609256350803
202.13919293919548,200.8663770606484,201.00472837622968,203.45679190231249,197.04209330707371,207.65654715422522,195.73636774822742,207.31136774898701,196.19741710945877,207.32767930680808,195.86551554869595,207.24941469658467,195.80744441221299,206.80895647371455,195.48643157609479,207.15257624318892,195.9036427623773,206.9075284702285,195.54940014551735,206.94814324280952,195.44203120705961,206.61354602380479,195.59428865897615,207.10866829172582,195.54038988033724,206.64114241744676,195.62217798438871,207.35700924356826,196.07429113010258,207.21279575247306,195.88482322774857,207.25843724705427,195.92922359678354,207.22181830294267,195.80198478518707,206.77633335807235,195.23359560218364,206.78535590854199,195.75857522905832,207.07933835496561,195.74256685391839,207.19648419465196,195.99515149358831,207.16888780100996,195.70856706510412,207.06302679714457,195.75567542728001,207.10693474860761,195.9639628642629,207.40993974550094,195.94449249325837,207.00836275209366,195.70822708857358,207.35700924356826,196.17273844566947,207.25843724705433,195.73355658873848,207.19648419465193,196.09640996864411,207.46287024743367,196.02403163190721,207.01738530256327,195.40078197404421,206.68678391202803,195.5244701474868,207.16888780100999,196.08700020132972,207.22181830294267,195.64420818064087,207.07760481184741,196.0729008150619,207.36429825091975,195.70387744615073,206.95143642169154,195.91231305102667,207.06302679714454,195.1829366018539,206.46204352535807,195.66672652131678,207.39362818767984,196.11258103573604,207.25843724705436,195.79371399867202,207.24941469658461,196.34048701161649,207.7006290130426,195.72892508266685,207.00436692362419,196.65274091679609,207.9822957301146,195.15979642099845,206.43600676748002,197.0500822299397,208.22907704619317,194.20677499607851,206.53040902817025,199.67116533250223,200.88958188019666,203.00629065269496,201.00912977270414
191.10040060045412,189.84481940199817,189.88624290231323,192.19102284321292,186.15102268251232,196.22231799080376,185.03371487502147,196.10942989971645,185.73616709199743,196.27615724383878,185.33339573931212,195.9614625646191,185.10175829147568,195.511849718549,184.73365611310302,195.67752660367199,185.0591852196352,195.57512914781663,184.91937829789254,195.70930654376915,184.83507030330699,195.43222193761085,185.06169273013785,196.01030121836618,185.08297926605817,195.5548597725433,185.10761146157645,196.14524862239136,185.37513413044888,195.8309244491098,185.10008546167654,195.79365447306822,184.98825639505048,195.71442619426458,185.09673980207845,195.73685589265128,185.00619727137257,195.85983370411424,185.2482530640228,195.78711539084671,185.00117878197534,195.96726216817578,185.47989398025092,195.97667193549003,185.02246531789558,195.71152639248635,185.03957151351395,195.78060542531048,185.21153316228325,196.03708067966477,185.25159872362099,195.78026544877997,185.14182038442161,196.10365941284522,185.42272569168657,195.89383349292862,185.1009201423802,196.01792116850561,185.46195310392889,196.00851140119121,185.07963360645996,195.59138885719779,184.7762291849435,195.53132008955345,184.97654658645692,195.86665452949546,185.29333364636602,195.85363459842327,184.97989224605507,195.82145515619166,185.39642066636904,195.95569207774795,184.83339747350792,195.38847240495167,184.91519795759069,195.54251967404309,184.46194963553717,195.16050690346731,184.91854361718882,195.90864324117589,185.204841843087,195.70211662517178,184.83590845240235,195.58382855315145,185.21153316228325,195.99478098764996,184.84883083932729,195.62905845586283,185.86137532862443,196.44260260382291,184.26702862104864,194.91208163079401,186.02414161608633,196.63613828495104,183.49866606888503,195.29116713660665,188.91855055397227,190.01222308050097,191.80993359386653,189.7126354928659
202.06128519891814,200.84978485634628,201.06835545919174,203.53905234100534,197.0844219952848,207.64925814687373,195.70597812317084,207.33167513527749,196.27374558648424,207.49948919154528,196.11403087638038,207.5564155219474,196.12577825138686,207.07933835496564,195.65210846121767,207.17288362947937,195.78390472922325,206.92783585651898,195.80732524051618,207.37002762250731,195.85477357922267,206.82197485265354,195.58922853408444,207.16559462212791,195.76647550963514,207.02640785303296,195.98392137969117,207.46686607590303,195.96106306248458,207.01738530256327,195.64824696321864,206.97347735110029,195.61341905344995,207.03769268885384,195.85733340447041,207.10866829172576,195.73858618422247,207.14528723583743,195.84792363715601,207.09062319078654,195.83481506379434,207.44655868961257,196.24872694616434,207.2584372470543,195.65756808824372,207.00107374474217,195.73034592711505,207.07933835496567,195.86304436573772,207.38460563721023,196.1441691671956,207.31136774898698,195.88186390036654,207.25843724705433,195.93218292416566,207.14355369271919,195.77804560006285,207.23084085341236,196.00200143565496,207.23310313876354,195.81855535441326,207.20550674512157,195.96800164684063,207.25114823970284,195.85798424084609,207.2950561911658,196.13114923612338,207.4741550832546,196.07864077252555,207.49948919154525,196.30913569033908,207.43024713179148,195.73750672902702,207.0010737447422,195.83490370608365,207.09235673390472,195.53961987226478,206.92054684916764,195.87905274087743,207.24212568923315,195.80584628318613,207.0173853025633,195.61896732276529,206.85459796829576,195.62208934209937,206.85859379676521,195.16676553476199,206.8325570388871,196.61331203036332,207.6843174552215,194.77346300419606,206.06878643283312,196.66951930000852,207.88945310518824,194.03893778784229,206.64529258250522,200.03506905091797,201.22018327073195,203.05239897265528,200.70798130047459
190.6928775145773,189.7151784625114,190.17742089583246,192.55745727019089,186.37429944974519,196.29133749802415,184.9218858083953,195.77804560006277,185.16394506943726,195.74262637952222,185.14432789492437,196.18609835327229,185.46362593372794,195.80479594467599,185.10008199328479,196.03523121639671,185.15018453341702,195.55485977254332,185.04040619421764,196.04504048584556,185.16645257994008,195.36604270656491,184.56420197483655,195.43765103522938,184.75159698942514,195.54979964765167,185.18606628606122,195.9842322395362,185.12471418880324,195.59388915684161,184.81880225678395,195.56025975347629,184.95024156113953,195.75632626365569,185.07005687913323,195.49007085653795,184.62220494410462,195.44993148763649,184.89725708126861,195.71112689035181,185.22947403860536,196.11627984178295,185.39642066636912,195.83737488904197,184.99950595217626,195.76863583274843,185.06503838973609,195.72053665766626,185.08297926605812,196.06238106314444,185.58047002135956,196.15351940890628,185.19526511576018,195.80263562156267,185.13847472482354,195.81639503129995,184.98491073545227,195.66987765733623,185.08130643625915,195.90429359875293,185.27371994024486,196.10291993418028,185.49783485657309,196.01792116850547,185.06503838973609,195.93798252772231,185.54208075821262,196.35615541022565,185.56085631523842,196.19732846716934,185.44066656800862,195.99870213174214,185.14432789492446,195.90719340053124,185.23365784729884,195.73975569442939,184.89223859187146,195.79692466029542,185.31378550158257,195.9607522026395,185.16896009044279,195.90719340053136,185.20902565178048,195.74947632158919,184.95526005053676,195.53205956821856,184.59050700015391,195.78202626975889,186.09757448278214,196.42014378875092,184.17230575004089,194.96268110552009,186.12304482739592,196.65526867942498,183.4594386566427,195.3696559367452,189.16813234652253,190.38519658970037,192.18142194104865,189.94442513281913
201.53507951545643,200.61430248584659,201.27248926466979,203.76205918455707,197.08769218251194,207.52308975671784,195.50954122754246,206.92054684916755,195.5401385460961,206.64114241744673,195.53018110875396,207.35700924356826,196.07403979586144,207.02467430991473,195.80007579631499,207.43926968226114,195.92641243729469,206.79264491589345,195.51506038017232,207.15257624318886,195.78276574842383,206.75602597178184,195.39137220672984,206.73242540660925,195.29656417160624,206.70309546984913,195.75783575039333,207.29505619116591,195.95455309694842,207.0793383549657,195.6388371959043,206.94814324280946,195.72158699617631,207.12497984954689,195.72673576335734,206.68678391202803,195.19851635817372,206.77633335807238,195.74481581932113,207.23812986076379,196.11554036311801,207.38460563721017,195.79942495993936,206.92783585651898,195.69955679992418,207.25114823970287,195.94193266801062,207.15986525054032,195.89744365668639,207.43753613914294,196.22950790940098,207.3570092435682,195.74370583471793,207.00107374474223,195.82870460039265,207.21452929559121,195.72994642498065,206.90250174822825,195.68329709054314,207.21452929559123,195.96760214470618,207.31136774898698,196.05843092285593,207.14355369271922,195.46730118162083,206.94414741434008,196.06858016883535,207.5890386375896,196.15277993024128,207.31865675633841,195.95356228404214,207.19648419465199,195.78415606346451,207.19422190930072,195.91305252969173,206.90250174822822,195.3156945660802,206.89121691240737,195.91595233147001,207.29505619116591,195.9809329356236,207.34069768574716,195.95538121790278,207.09964574125615,195.7761961367946,207.11266412019523,195.55201808364686,207.23812986076376,196.86182735804769,207.83079323166788,194.94854965663347,206.4816482620613,197.20850967086153,208.31862649223751,194.25092403087226,206.72581947807996,200.06906883973227,201.362663218709,203.28508442694633,200.94232224148274
190.6299677934571,189.81052155357611,190.49808981622965,192.7593233839269,186.26870491923938,196.02915128240264,184.68773738166442,195.54837880320346,184.81294908668309,195.32769327532787,184.88015088565021,196.06386002047438,185.36928096034805,195.7003268079967,185.06838404933416,196.06024985671652,185.20567999218241,195.51762020542003,184.83507030330694,195.89852311188193,185.31462018228632,195.90034345846462,185.20735282198132,195.80377460236213,184.85468400942821,195.59684848422373,185.18941194565926,196.09714944730925,185.37680696024796,195.90725292613516,185.07879892575633,195.70791622872844,185.00787010117165,195.78424470575382,185.0591852196352,195.61967768474486,184.93815732331001,195.95464173923787,185.48156681005005,196.24147750196317,185.60342938707885,196.07543011090218,184.89725708126858,195.38486224119379,184.87597054534842,195.96510184506238,185.3751341304488,196.02659145715486,185.41603437249032,196.15681871281888,185.31796584188439,195.72744612533683,184.76368469564636,195.49303018392018,185.02915663709186,195.92675241382526,185.18439345626214,195.65111764831155,184.9168707873898,195.74660563649633,185.065038389736,195.830864923506,185.33256105860841,195.87680377547477,184.75159698942508,195.41340240298209,185.10259297217931,196.14194931847857,185.42188754259115,196.00126195699002,185.32838071830653,195.9235126355164,185.00452444157349,195.79001519262505,185.26786677014397,195.76573603097029,184.77371820604904,195.61921865700657,185.21069848157953,195.93613306445414,185.18355530716676,195.84462433324316,185.00368976086978,195.52085998372888,184.91770546809352,195.70390644234692,184.72613011320303,195.61708886330072,185.79751572086377,196.31271532468941,184.24574208512834,195.16491760470515,186.44150471710401,197.01812205933061,183.7695343973555,195.537153168451,189.18774605264366,190.33453758937065,192.05177844890144,189.78575748993484
201.75303389823509,200.85164138101007,201.48126729934626,203.92258423347337,197.1090120167845,207.41549520973422,195.46471223968769,207.0467152393235,195.77813424235205,206.98978890892133,195.88942420441268,207.50348502001469,196.04615047044868,206.99707791627284,195.70171712303744,207.27874463334479,195.88152392383577,207.0336968603844,195.85693390233595,207.46686607590306,196.18029874971572,207.39362818767984,196.06024985671661,207.37731662985874,195.9589027393713,207.27874463334479,195.99333114700565,207.21452929559118,195.7498162981195,207.03769268885381,195.7209361598008,206.88392790505594,195.43040159102807,206.85859379676521,195.72744612533694,207.1891951873005,196.02221128532437,207.54513068612647,196.31274585409699,207.56370452929883,196.19186884014346,207.30407874163552,195.56935866094548,206.68678391202801,195.54038988033733,207.24212568923318,196.05226093385036,207.31136774898698,196.06602034358767,207.40993974550096,195.93468322380951,207.00836275209369,195.53353993827065,206.83828641047467,195.57836892612548,207.06302679714457,195.88587356625871,207.11595729907725,195.69810695927956,206.91152429869788,195.48723058036362,207.0173853025633,196.12207944533966,207.43926968226114,195.69665699814593,206.82926386000506,195.82765426188246,207.51979657783573,196.14482000357151,207.31136774898701,196.06570948374247,207.19821773777011,195.45604195103834,206.95543225016095,196.16918780751547,207.58174963023816,195.97186314483983,207.1525762431888,195.8794522430118,207.11595729907728,195.70452828252644,207.05400424667494,195.61862734623472,206.7194070276702,195.56492037623337,206.95716579327916,195.19860500046315,206.59150509439613,196.28448755595744,207.54183750724454,194.77997296973223,206.1054053769447,196.74584777703384,208.0409556036349,194.24151426355789,206.87732197652662,200.26513534991179,201.41559372064162,203.17213700580939,200.76091180240726
190.60566092320593,189.7140410845264,190.20733675332511,192.70070445692727,186.50452617576937,196.3600765543178,185.12304135900413,195.97121230846398,185.19108477545842,195.78637591218157,185.2653557912495,196.14845928401465,185.25745189372185,195.67854794598585,185.03706053461948,195.98423223953628,185.27371994024492,195.94409299112402,185.39642066636904,196.13870954016977,185.2474149149275,195.78671588871222,185.06671121953511,195.93863336409802,185.4151962233949,196.07864077252546,185.12555233789857,195.46150157806417,184.64516430982394,195.56349953178511,185.00452444157341,195.44342152210046,184.51661041359887,195.37360301061119,185.02246531789552,195.94548330616459,185.31545486298998,196.01132256068001,185.33088822880927,195.98639256264948,185.2098603324842,195.77804560006274,184.87597054534842,195.54038988033722,185.04040619421767,195.99654180862893,185.31462018228632,195.81494519065546,185.06336555993698,195.93613306445414,185.3308882288093,196.01752166637107,185.29667930596415,195.80337510022764,184.83005181390979,195.53749007855902,185.06336555993693,195.93286287722671,185.21320599208238,195.62322832289868,184.6818842115635,195.59394868244544,185.33925237780471,196.12642908776252,185.10092014238023,195.64966780766693,185.25494438321917,196.19951778647896,185.28496949737067,195.74802648094447,185.13391648689404,195.69048700914021,184.57795904246507,195.55846993630101,185.58799948965122,196.46756313126085,185.41519622339487,195.77085568146549,184.95693634872751,195.64784746108418,185.02664565819745,195.93977234489745,185.1835587755584,195.66268773873921,185.16896009044285,195.98210103310851,184.75243513852047,195.40476264374027,185.64265679932123,196.3199647688906,184.19191945616205,194.70043536429461,185.6860680202571,196.36769343803454,183.43815212072244,195.55631267961027,189.41938696887181,190.50493462285448,192.21044541448421,189.99104116890427
201.56956221175528,200.58583333209697,201.09283430220211,203.6815322889824,197.14483073945942,207.71121119927608,195.90639427577341,207.2714556259933,195.68878583425447,206.79264491589342,195.75268698321253,207.46686607590303,196.00780103921144,206.99707791627276,195.83231476415062,207.50348502001466,196.10325991071076,207.18519935883111,195.91410286820201,207.29505619116591,195.79828597913979,206.88219436193771,195.47677047453908,206.92783585651901,195.83771486557259,207.17791035147962,195.63809771723922,206.71438030566998,195.50565061285795,207.12497984954695,195.85042393679981,206.82197485265357,195.31683354687956,206.91152429869788,195.9607522026395,207.26745979752391,195.71763685588803,206.91881330604934,195.73250625022831,207.16888780101002,195.78671588871231,206.96445480063062,195.61060789396089,207.01009629521187,195.82614477514517,207.30407874163552,196.02733093581975,207.10693474860764,195.6000591458473,207.14355369271925,196.11016937838127,207.59806118805921,196.34452579419425,207.4302471317915,195.70211662517187,206.86588280411661,195.72053665766629,207.39362818767987,196.15101910926248,207.01009629521187,195.28573355984352,206.78535590854196,195.89093369115028,207.22581413141205,195.57256932256888,206.80166746636306,195.82549393876934,207.28776718381448,195.71433755197523,206.88219436193774,195.74521532145548,206.95716579327916,195.29505468486872,206.8912169124074,196.21333684230922,207.53610813565689,195.7960370137373,206.82926386000509,195.45152961666341,206.87490535458633,195.83546590017008,207.52881912830537,196.18584701903103,207.19648419465196,196.01311237785524,207.50521856313287,195.70649538428009,207.09391636966853,196.78549888102248,207.92936522818187,194.90730042361793,206.02487848137002,196.55703071105552,207.97900255123261,194.35400285251083,207.01980192450364,200.29046485007675,201.27311377266466,203.04560836063817,200.83646123761736
190.67711349687491,189.74548548499655,190.29626654492949,192.4623383752222,185.98156854424585,195.95316278190785,184.85217303053372,195.71621601143971,184.83590845240238,195.28610406578179,184.93899200401367,196.16551799766467,185.33172637790474,195.60807859812081,185.10593863177746,196.22808706495275,185.35552042432775,195.61202873840918,184.91519795759072,195.94267214667565,185.31796584188442,195.76508519459441,184.84883083932723,195.4681001858896,184.83841596290517,195.67391643991411,184.97905756535144,195.682246752033,185.20902565178054,196.06931964750029,185.2286393579017,195.63158775170302,184.87764337514744,195.90398273890793,185.46028027412987,195.91740217211461,184.80960342708491,195.43882054543639,185.00368976086983,195.90182241579464,185.10426580197839,195.61927818261049,184.95777102943117,195.71186636901692,184.96195136973301,195.76468569246001,185.26953959994304,195.90469310088747,185.02079248809653,195.77409545977434,185.2319850174998,196.0681806667009,185.4773830013566,196.15101910926248,185.21069848157953,195.70066678452739,185.08465209585728,196.12318930945361,185.47487549085369,195.62902792645551,184.46613344423068,195.39822214879652,185.1614340905428,195.79831497533618,184.71236957718278,195.28715440429181,184.87262488575024,195.70930654376912,184.88182371544931,195.61927818261043,185.1802131159603,195.71877583668746,184.67314216494049,195.58092875137334,185.35134008402585,196.00305177416519,185.00201346267906,195.56895915881114,184.83590845240235,195.54689984587344,185.07879545736463,196.17378878417958,185.48491246964812,195.79828597913979,185.08046828716371,195.92200314877874,184.89725708126855,195.88800489317558,186.27204711044587,196.6643094740125,184.16561443084458,194.73443515310908,185.98156854424593,197.03404179218111,184.2490842763348,195.95171588719663,189.22864629468512,189.919974870625,191.48101831852492,189.49966538754148
201.91599809227719,200.93845507840916,201.62206847052539,203.59927185028951,196.39826329360304,206.8894833692892,195.14159872654909,206.92054684916758,195.72358462733763,206.7030954698491,195.60755992428957,207.47588862637275,196.01727033212973,206.79993392324488,195.68900805181033,207.58174963023816,196.08305006104135,206.74700342131212,195.41124207986874,207.32438612792603,196.21142785343733,207.17791035147962,195.63337756887822,206.89521274087676,195.51506038017243,206.96445480063059,195.88226340250077,207.35700924356823,196.09095034161817,207.24212568923321,195.68619689232131,206.96445480063059,195.80337510022781,207.35700924356826,196.07759043401521,207.00107374474223,195.3103235813436,206.78535590854199,195.86634366965023,207.3406976857471,195.88547406412439,207.01738530256327,195.72383596157883,206.97347735110023,195.44558184521375,206.86588280411667,195.88482322774843,207.35700924356826,195.99614230649465,207.1688878010099,195.70757625219778,206.97174380798205,195.77005667719675,207.29505619116588,195.94233217014502,207.09564991278674,195.872454133052,207.47415508325457,196.15283945584508,206.98076635845166,195.28138391742067,206.8749053545863,196.00561159941284,207.25114823970287,195.54362965864615,206.68678391202801,195.56611888263666,207.04671523932345,195.67672759940316,207.07933835496561,196.00891090332541,207.13626468536779,195.43651205442993,206.89121691240737,195.97963126287206,207.3682940793891,195.89843446959276,207.1779103514796,195.85412274284684,207.05400424667488,195.74577751554199,207.29505619116588,195.96661133179984,207.01338947409391,195.72590764240306,207.02138113103268,195.24670417554515,206.94744059322215,196.91393631951152,208.05153778986841,194.96299043215387,206.18593227251941,196.90106455633244,208.48644054850524,194.87417368873508,207.19161180924075,200.00288960868642,200.70146043763842,202.40776995491575,200.42302140452048
191.04524543343388,190.06948434995815,190.70185493202547,192.48618891805705,185.66227397383409,195.67894744812011,184.56754416604298,195.79470481157838,185.330891697201,195.58379943646597,184.87596707695675,196.10504972788598,185.35635857342302,195.5447105265639,185.01995433900115,196.37420493678201,185.5633672941328,195.51327056299735,184.70902391758466,195.95674241625809,185.3308882288093,195.61847917834154,184.86053717952908,195.77258597303685,185.03706053461951,195.72340734275915,185.29333364636602,196.19871878221011,185.37596881115252,195.70782758643921,184.79249723146648,195.67348782109428,185.24908774472652,196.06923100521104,185.27037428064671,195.56276005312006,184.58632319146045,195.55335028580566,185.24908774472647,196.03449173773163,185.20818750268509,195.80553542334096,185.14851170361794,195.73429606740345,184.78915157186842,195.56571938050232,185.16812540973905,196.06852064323149,185.39892817687189,195.92962309891803,184.99699844167344,195.59394868244556,185.02413814769466,195.93036257758288,185.16477975014092,195.74512667916625,185.23114686840441,196.27109711894707,185.58548851075679,195.89744365668631,184.91352512779164,195.79652515816102,185.3571932541268,196.02767091235049,185.08465209585719,195.63809771723922,185.0199578073929,195.81028456789829,185.04040619421761,195.78961569049051,185.29667930596426,195.91114354081972,184.91435980849528,195.65071814617693,185.25159872362102,196.05951037805141,185.22947403860528,195.90685342400073,185.29082613586334,195.96075220263941,185.19191945616208,195.9075929026659,185.12137199759684,195.80198478518702,185.33757954800564,195.88084255805265,184.49783485657306,195.44240171299788,185.98240322494962,196.78083684554315,184.68606455186529,195.2846556378592,186.27205057883756,196.86290528003198,183.81294214989961,195.60441185469253,188.96112362581272,189.70838812972931,191.46943697434887,189.69726264015591
201.97144117914345,200.9227215244567,201.5060304605862,203.7164176899758,196.87974472205957,207.40993974550096,195.39770347496531,207.09235673390469,196.06906831325907,207.0010737447422,195.50334212185157,207.23483668188177,196.00899954561484,206.92783585651895,195.67447863400048,207.54912651459594,196.2082767174177,206.94414741434008,195.60434926266609,207.32438612792609,195.83382425088814,206.69407291937944,195.54072985686778,207.43926968226114,196.18575837674177,207.15986525054038,195.83811436770708,207.3406976857471,195.91370336606752,206.96445480063062,195.57586862648159,207.06302679714452,195.88837386590257,207.29505619116591,196.00851140119102,207.2055067451216,195.77804560006291,207.20550674512157,196.00851140119093,207.34798669309865,196.00811189905673,207.29505619116588,195.88877336803688,207.01009629521189,195.54797930106918,207.06302679714454,196.00851140119096,207.3846056372102,195.99870213174233,207.2055067451216,195.78785486951151,207.2055067451216,196.09095034161828,207.34069768574716,195.66086739215632,206.86588280411667,195.85403410055775,207.58174963023814,196.28701685179757,207.29505619116586,195.79436483504784,207.20550674512162,195.99219216620605,207.33167513527749,195.89528333357308,207.13226885689838,195.91009320230958,207.33167513527752,195.88513408759368,207.07031580449603,195.84391397126365,207.09235673390472,195.43836139720895,206.73242540660928,195.80306424038261,207.28776718381445,195.73676725036196,206.86588280411667,195.68588603247616,207.21452929559126,195.96501320277309,207.18919518730044,195.69239599801224,207.15986525054035,196.33147674643661,207.52153012095397,195.33278239641544,206.66474298261934,196.50048346487986,208.08815673398001,195.55152993922289,206.79194226630611,197.05915202072364,207.93336105665134,193.99694907616174,206.73484202854959,200.00288960868642,200.94251238212937,202.88655261954088,200.95619927077146
190.66286659382342,189.74952844924124,190.32608418985743,192.69891463975216,186.46111842322512,196.13725969952526,184.4373174400188,195.39532234701821,185.16729072903536,195.71186636901692,184.75243167012877,195.59178835933216,185.03873683281034,195.49303018392015,184.75410449992785,195.78529504426385,185.12304482739589,195.56136973807932,185.06587307043972,196.12716856642746,185.16729072903541,195.38708208991082,184.91352512779164,196.32289510007641,185.7132077262782,195.8392243523102,184.89558425146961,195.73759537131619,185.00034410127168,195.59724798635813,184.97905756535147,195.79075467128987,185.08632492565627,195.82765426188257,185.27121242974218,196.13154873825792,185.49950768637214,196.14095850557234,185.29249896566239,195.98213156251612,185.39809349616817,196.0913498437526,185.12220667830047,195.51796018195066,184.77622918494347,195.80627490200598,185.37346130064978,196.03094109957757,185.18606628606119,195.76468569246001,185.0454246836149,196.00811189905659,185.56085631523845,196.00595157594336,184.8154565971858,195.40078197404429,184.97738473555239,195.96220204328398,185.25076057452554,195.81494519065549,185.1272251676977,195.89778363321696,185.2294740386053,195.95205279730459,185.18439345626217,195.89053418901582,185.38098730054972,196.2616873516327,185.41436154269124,195.75493594861501,184.93815732331001,195.46338003752871,184.35384759452865,195.03721823215909,184.85802966902631,195.8493139521967,184.95526005053674,195.33130343908564,184.71320772627817,195.69014703260976,185.14098223532628,195.74981629811958,184.8809890347456,195.76064690988221,185.59924557838531,196.24465763417902,184.75661547882228,195.37613383966257,185.63931113972308,196.56265149682221,184.77706386564714,195.48106212456938,186.28999145515968,196.49940106375087,183.29165734817525,195.44348411412682,189.22864629468515,190.21695987932975,192.0708964633439,190.15656045463624
201.77931651633276,200.80340769296097,201.35777880725917,203.81272740113852,197.11555109900621,207.22910731029415,194.88046284943758,206.57190035769295,195.84872276191399,207.10467246325641,195.55366114565078,206.90250174822825,195.67508595012112,206.71211802031874,195.24365620587378,206.8219748526536,195.64685664817793,206.93512486387041,195.93243425840697,207.58174963023814,196.02412027419649,206.84557541782615,195.62933878630051,207.57272707976844,196.37062530243165,207.13955786424984,195.51506038017243,206.85859379676521,195.45829091644077,206.80166746636309,195.75527592514561,207.24212568923321,195.83737488904214,206.92783585651895,195.56935866094548,207.06302679714457,195.89488383143876,207.20550674512157,195.79942495993927,207.15986525054032,196.03995136475774,207.30407874163555,195.62902792645534,206.68678391202803,195.48072061482745,207.1525762431888,196.00160193352048,207.11595729907728,195.58237859201788,206.82197485265357,195.58487889166153,207.20550674512154,196.10942989971645,207.15257624318892,195.46514085850745,206.74873696443032,195.6286879499248,207.05400424667488,195.69446767883628,206.98076635845175,195.73975569442953,207.11595729907722,195.84422483110876,207.1525762431888,195.73034592711517,207.10693474860761,196.08154057430369,207.58174963023814,196.05951037805158,206.98076635845169,195.55920941496606,206.76904435072083,195.11931719605553,206.46204352535815,195.63809771723916,207.19821773777011,195.69915729778972,206.80166746636306,195.60665775367258,207.09062319078652,195.79933631765013,207.07933835496561,195.70180576532672,207.12324630642871,196.14698032668477,207.36100507203767,195.37403162943102,206.73571858549127,196.39990494288509,207.75755534344469,195.15254697679734,206.57848671545702,197.10290155338291,208.09388610556761,194.09644673023888,206.71853047072847,200.05098878376845,201.16725276879924,203.04560836063811,200.83646123761736
191.23407751276267,190.16255428786747,190.48455394357515,192.60484608329347,186.15102268251235,195.85875424891853,184.45275080583824,195.61060789396097,185.38099076894142,195.96726216817567,185.10008199328496,195.91370336606741,185.27623091913929,195.61020839182663,184.62220494410468,195.56645885916728,185.12806331679303,195.92567295862963,185.43480992951606,196.29062701555551,185.3768069602479,195.71288771133069,185.04458653451951,196.23055824791123,185.66394333524141,195.9542131204179,184.9798922460551,195.6047487648006,184.73031045350484,195.52407064535242,185.23114686840441,196.17088898240135,185.30960169288906,195.48683107822919,184.50201519687488,195.33269375412624,184.83423215421161,195.64559849568155,185.00117878197531,195.76499655230504,185.24741491492748,195.85437407708815,184.81880225678393,195.4072919395804,184.97236624615522,195.95279227596973,185.23449252800251,195.55303942596066,184.58381568095774,195.31032358134354,184.81211093758762,195.77844510219725,185.20902565178051,195.66086739215646,184.77121069554622,195.60079862451218,185.10593863177749,195.82219463485657,185.06336555993695,195.71152639248626,184.99867127147263,195.68619689232128,185.02246531789561,195.71476617079523,184.92021644698789,195.64460768277524,185.18272062646309,195.97161181059846,185.06671121953502,195.5870392147749,185.02079248809656,195.86088404262435,185.04375185381576,195.72019668113572,185.24658023422379,195.94918211221179,184.98491073545227,195.69776698274896,185.28748047626522,196.0848398782164,185.23449252800251,195.84357399473316,185.14265853351708,195.90364276237733,185.33757954800561,195.82984358119219,184.55834880473563,195.38307242401854,185.61179353607423,196.28127536112274,184.32754256921115,195.2061668377205,186.4202181811838,196.91390425689247,183.60426059939078,195.29076763447216,188.87765031193086,189.96847354784154,191.6205672696652,189.33414610180955
202.52234345446877,201.37922909963788,201.76606035850975,203.86792018842246,196.90683504320342,207.40820620238279,195.58658006654744,207.34972023621683,196.21407632097433,207.23310313876351,195.8832250987216,207.61836857434974,196.34066429619517,207.06302679714454,195.40032282581672,207.11995312754667,196.1004487512219,207.32039029945665,195.97442297008737,207.40491302350071,195.98648120493885,207.13226885689838,195.91114354081981,207.55641552194737,196.23641737707155,207.31136774898701,195.97411211024243,207.32438612792603,195.74080603293956,206.96445480063059,195.93326237936131,207.52881912830546,196.08805053983983,207.0173853025633,195.52125948586334,206.91152429869794,195.66407805377986,207.01009629521187,195.68042640545019,207.02640785303294,195.88547406412434,207.27874463334481,195.79001519262488,206.98076635845163,195.82870460039271,207.34069768574722,195.92311313338189,206.87490535458625,195.36388238345157,206.76904435072086,195.59138885719781,207.02640785303299,195.79001519262491,207.05400424667488,195.717636855888,207.15257624318892,195.94918211221184,207.25114823970287,195.87680377547485,207.15257624318886,195.79001519262496,207.10693474860759,195.83737488904202,207.16888780101004,195.77409545977449,207.03369686038445,195.7798659466454,207.00107374474217,195.42355164896156,206.78535590854199,195.84536381190819,207.51250757048433,196.23129772657632,207.39362818767984,196.00925087985604,207.08333418343508,195.40868225462114,206.91152429869791,196.05339991464982,207.49220018419379,195.9773227718656,207.19648419465196,195.94489199539282,207.36429825091972,196.10863089544742,207.04671523932348,195.04196737671634,206.58421608704464,196.3608160329828,207.66800589740043,194.98905941098391,206.43600676748002,197.1285710300784,208.33493805005858,194.36776226224808,206.72581947807996,199.85998239848061,200.85296293608505,202.41035754025785,199.91258545309256
191.14000416433865,190.24336714819486,190.8979232457896,192.95141063713265,186.30793233148165,196.26566802132876,185.08966711686273,196.09780028368479,185.35134008402579,195.66879820214081,185.06420024064067,196.3101860288493,185.58298100025399,195.57728947092986,184.62555060370281,195.84206450799547,185.39642066636907,195.78020592317608,184.91937829789254,195.76252536934672,185.08214458535446,195.72349598504834,185.16645257994003,196.0092508798561,185.16812540973908,195.79507531751648,185.3571932541268,196.20241758825725,185.20567999218238,195.59650850769316,184.98073039515052,195.94267214667562,185.25243340432468,195.93798252772231,185.354685743624,196.03714020526874,185.18606628606122,195.69890596354853,184.81462191648214,195.52415928764174,185.06503838973606,196.09785980928874,185.45358895493354,195.93468322380951,185.19526511576018,195.9835218775566,185.1631069203419,195.64170788099693,184.91687078738977,195.73719586918179,185.04375185381585,195.6952071575013,185.06336555993701,195.93903286623234,185.35384759452865,195.97377213371166,185.12555233789863,195.7270466232024,185.0207924880965,195.86304436573758,185.27371994024489,196.03344139922163,185.37346130064972,196.08120059777315,185.33256105860843,196.00160193352053,185.27539277004394,195.6930468343881,184.60175655727986,195.3128834065912,184.95944385923025,196.03128107610829,185.45776929523535,195.9668626660411,185.08799775545535,195.46875102226539,184.47403734175839,195.39532234701829,185.13057082729583,195.94588280829919,185.14265506512535,195.89414435277365,185.39809349616814,196.24212833833886,185.56169099594209,195.78199574035128,184.35719325412674,195.37397351654931,185.80876527798955,196.45232323098256,184.35802793483043,195.06649940582381,186.18857726495565,196.88863428233157,183.87262141735857,195.70828968059993,189.23031912448417,190.03104261512971,191.41159029472664,189.07283661944055
201.6646941413041,200.85461876153354,201.70515979947351,204.10897213291344,197.23349919449603,207.6126392027621,195.56631069127403,207.15257624318886,195.91601185707393,206.93512486387039,195.66327904951095,207.30407874163555,195.82120382195032,206.60452347333515,195.35077381009009,207.19821773777014,195.89423299506296,206.75602597178184,195.46440137984254,207.15257624318889,195.83342474875363,206.84557541782613,195.54328968211559,206.97347735110026,195.5338799148011,206.88219436193774,195.92567295862966,207.30407874163552,195.65105812270752,206.6501649679164,195.37585197601382,206.96445480063056,195.83697538690765,207.34798669309862,196.17964791334006,207.32039029945665,195.80297559809335,207.0010737447422,195.49269020738953,206.73971441396071,195.64454815717144,207.34069768574719,196.1072695766031,207.16888780100996,195.78094540184117,207.13626468536779,195.66447755591429,206.87490535458628,195.71476617079512,207.25114823970287,195.92672329713972,207.14355369271925,195.87575343696466,207.40993974550094,196.21719834030841,207.453847696964,195.9466528163716,207.11422375595905,195.76104641201673,207.2584372470543,196.05300041251542,207.40993974550094,196.13219957463357,207.40491302350068,195.92095281026866,207.32039029945662,196.24616712091654,207.41393557397038,195.57907928810513,206.61354602380484,195.45724057793055,207.05400424667491,195.77366684095458,206.94414741434005,195.57771808974968,206.73242540660928,195.29471470833812,206.78535590854196,195.69745612290387,206.96445480063065,195.60761944989343,207.15257624318883,196.05919951820644,207.55241969347796,196.44831497781232,207.39762401614925,195.24778363074086,206.71940702767017,196.48925335098264,207.803196838026,195.10262745513253,206.43600676748002,196.92275477605386,208.084863555098,194.32000306369653,207.06544341908491,200.36389352532379,201.2568022148435,202.88234959286575,200.57424325648626
190.61572089040558,189.78633521587753,190.46404785339689,192.8095828821223,186.4398318873049,196.16514902493773,184.66477801594519,195.66126689429089,185.25076404291724,195.81824449456812,185.08548677656097,195.82003431174329,184.85384932872444,195.3179435314828,184.96027853993397,196.04867976628887,185.06253087923329,195.30168382210161,184.87429771554932,196.18103822838077,185.48072866095467,195.6532184458209,184.77288352534532,195.52915976644019,184.74992415962609,195.5722293460384,185.2056799921823,195.83555454245933,184.8179641076886,195.3381533811523,184.70651640708186,195.63914805574933,185.20818750268509,196.0786407725254,185.33256105860838,195.76098688641284,185.00535912227716,195.87350447156211,185.1205338485014,195.61307907691935,184.96027853993397,195.83845434423768,185.08632492565627,195.58453891513105,184.9135251277917,195.6463974999505,184.79249723146651,195.4607912160848,185.02581097749373,195.99654180862893,185.32921539901025,195.92277315685135,185.2106984815795,196.06167070116484,185.5003423670758,196.3745754427201,185.70986206668002,196.25739723481374,185.39474783657002,196.04325066867037,185.20902565178051,195.87501395829966,185.27204711044584,195.87970357725311,184.83507030330696,195.61202873840921,185.43564807861145,196.31669599438533,185.20986033248408,195.53894003969279,184.96111668902935,195.84536381190827,185.01911965829743,195.56901868441503,184.89642240056497,195.58817819557439,184.91937829789254,195.78134490397545,185.12471765719496,195.54368918424998,184.749924159626,195.68042640545019,185.06587653883145,195.89639331817617,185.62304309320004,196.19084749782957,184.68857553075981,195.25608494666326,185.41938003208844,196.24653609364341,184.45776929523532,195.29841504759634,186.28999145515965,196.66032880431646,183.54541948102727,195.65467135288793,189.37514106723228,190.26471907788132,191.91055361257816,189.82468709966503
202.15381405527498,201.06793722107892,201.4661477879323,203.78739329284778,197.0109933200377,207.28203781222683,195.19700687143609,206.94814324280955,196.07116911076861,207.32039029945668,195.91145440066478,207.1728836294794,195.61680699965197,206.83828641047467,195.86409470424772,207.47588862637272,195.8529837620475,206.82024130953533,195.80698526398561,207.66401006893096,196.27183659761207,207.11595729907725,195.68113676742988,207.1728836294794,195.84712463288704,207.11595729907728,195.82910410252714,207.04671523932345,195.59823879926441,207.01009629521187,195.83851386984153,207.29505619116594,196.15061960712796,207.44655868961257,195.84067419295479,206.95543225016092,195.78455556559896,207.33340867839573,195.88695302145436,206.9734773511002,195.74370583471793,207.13626468536779,195.60946891316161,206.73971441396071,195.52776945139942,206.92054684916755,195.52191032223908,206.87490535458628,195.76508519459443,207.15257624318883,195.80948556362952,207.11595729907725,195.7744949619088,207.05400424667491,195.82540529648006,207.5727270797685,196.54355163175578,207.7405411360362,196.23345804968949,207.22581413141211,195.41454138378148,206.70309546984913,195.82435495796983,207.19821773777014,195.32840363730728,206.41640203077688,195.66632701918238,207.47588862637269,195.95850323723698,207.0173853025633,195.92755141809397,207.38633918032841,195.86369520211343,207.09062319078654,195.81904349883698,207.01009629521184,195.61770917026902,207.14528723583737,195.8765524412336,206.82197485265357,195.3829532523217,206.86761634723484,195.45474027828686,206.69407291937949,195.82756561959314,207.19092873041868,195.15263561908671,206.30654519844208,195.96257254922207,207.46357289702098,194.98865990884957,206.44502931794966,196.99331276620813,208.09388610556761,194.29828372728949,207.00349036668251,200.21703617482959,201.04837338599478,202.73008446378554,200.56550135249753
191.38687364645506,190.26716137105498,190.49949161771588,192.59293601633533,186.128063316793,195.85835474678422,184.54040446002188,195.69915729778975,185.39976632596716,195.9798825971134,185.14265506512538,195.80047529844953,184.96111668902932,195.60946891316152,185.14432789492443,196.12963974938586,185.3359067182065,195.80479594467607,185.22780120880628,196.08228005296874,185.12889799749675,195.56176924021378,184.99532561187442,196.09134984375251,185.5249745625942,195.91950296962403,184.89725708126861,195.49954014945627,184.89391142167051,195.91410286820192,185.41770720228934,196.16548900146839,185.54458826871539,196.09714944730914,185.02163063719192,195.58749824251325,185.07879892575633,195.79800411549101,184.77790201474261,195.37184231012148,184.99867127147257,195.88371324314539,185.01911965829748,195.55269944943001,184.94150298290813,195.68002690331585,184.93899200401373,195.73395609087282,185.14098570371797,195.67027715947083,184.86053717952905,195.66120736868697,184.97738473555239,195.44598134734804,184.70902391758466,195.80988506576386,185.41603437249029,196.05837139725207,185.33674139891019,195.69699697467649,184.37346130064978,195.08713775382398,185.12722516769767,196.10328890690712,184.81043810778863,195.01370907857694,184.73282143239933,195.95387173116524,185.12471418880327,195.60912893663092,185.12304482739589,195.94588280829905,185.15018106502529,195.92922359678346,185.31043984198445,195.66407805377978,184.70985859828835,195.62066849765114,185.01995780739281,195.43907187967761,184.73281796400769,195.61850817453782,184.76703035524446,195.20141615995215,184.81629127788955,195.61958762973345,184.33423388840743,195.02888933276245,185.43564807861142,196.27291593231857,184.29249549727066,194.93084163981916,185.96362766792382,196.66072830645103,183.80708897979881,195.8164576233263,189.31546526816513,189.99235320736193,191.5603518013163,189.60230722702616
202.09837096840877,200.99412132898712,201.37960932215586,203.62860178704966,196.79394695211604,207.21279575247306,195.34966382548689,207.10866829172576,196.06175934345416,207.15986525054029,195.77761698124291,207.24212568923318,195.81503383294481,206.85459796829576,195.61051925167169,207.40491302350077,196.25813671347868,207.30008291316616,195.86304436573758,207.19648419465196,195.69017756201731,206.83655286735646,195.63769821510476,207.32039029945668,196.16042887657676,207.16888780100996,195.54328968211559,206.81295230218396,195.57512914781671,207.07933835496567,195.92601293516012,207.34798669309851,196.09061036508757,207.2584372470543,195.7234364594446,207.08662736231707,195.95026298012942,207.070315804496,195.31754402934831,206.65745397526788,195.78967521609428,207.39362818767984,195.98963234095845,207.11595729907728,195.77884460433168,207.15257624318889,195.88797436376814,207.34798669309862,196.03640072660369,207.12324630642871,195.72013715553183,207.2055067451216,195.88192342597023,206.89121691240737,195.44197168145587,206.92783585651898,195.68801723890402,207.02467430991479,195.90935372364467,207.12497984954692,195.3544726161372,206.67776136155834,195.9831819010262,207.5744606228867,195.80081527498004,206.68678391202798,195.5856778959305,207.14528723583743,195.63183908594428,206.84557541782615,195.74487534492491,207.14355369271917,195.78085675955177,207.23084085341233,195.99919027616596,206.91152429869791,195.2783954733531,206.82197485265363,195.70436559057447,206.92783585651898,195.7023679594131,207.23483668188172,195.80997370805323,206.89121691240737,195.79066602900059,207.11266412019521,195.16855535193721,206.6208350311563,196.50156292007526,207.7592888865629,194.83492208688105,205.99954437307935,196.54367080345261,207.94238360712092,194.37677252742802,207.01251291715221,200.09513781856231,200.88958188019669,202.76681458638674,200.90326876883873
190.62996779345704,189.67196398579318,190.18464841591876,192.35812057278412,185.91603610668608,195.82401498143923,184.62555060370283,195.71226587115132,185.229477506997,195.76724551770766,185.16728726064375,196.16116835524176,185.33507203750281,195.53933954182719,184.77121069554627,196.01576084539218,185.56169446433378,195.94739229503665,185.06671121953514,196.02443113404158,185.49448919697494,196.04285116653602,185.17397857983997,195.89127366768085,185.18439345626214,195.7842155890684,185.04207902401672,195.80337510022773,185.08465209585725,195.67928742465074,185.00285161177439,195.8511342987793,185.18272062646307,195.80914558709881,185.14934638432157,196.17844940693675,185.73198328330395,196.20778857299399,185.10092014238023,195.8276251451972,185.41603437249026,196.26458715341099,185.40227383646996,195.84678465635648,185.01493931799564,195.89454385490808,185.4611149548335,196.37491541925067,185.60677504667697,196.08626072266475,185.35217476472957,196.21759784244287,185.43732090841044,195.87791376007803,185.06671121953511,195.78134490397554,184.97738473555236,195.72349598504843,185.27121242974212,196.02807041448486,185.10593863177749,195.78927571395982,185.37346130064978,196.14194931847859,185.15101921412068,195.63479841332639,184.99532561187448,195.72488630008914,184.92105112769156,195.76758549423838,185.33339920770379,195.94884213568128,185.04040619421767,195.75857522905847,185.12806331679309,195.61350769573934,184.72863762370582,195.63883719590416,185.16896355883449,195.87541346043415,185.24741491492739,196.07832991268026,185.27623091913932,195.84573431784631,185.3308882288093,195.98537122033565,184.70818923688097,195.53425042073923,185.8367431331061,196.26279580302452,183.91770546809346,194.60278705299652,185.84966898842268,196.65816848120321,183.7557738613352,195.51901358688332,188.87430465233268,189.72100855866725,191.70911330790602,190.13177783461182
201.62760837181344,200.62073284284844,201.19132946079392,203.54634134835672,196.81242651021427,207.28203781222686,195.3033254713836,206.91152429869791,195.78976385838362,206.98076635845172,195.828955934634,207.52881912830549,196.10010877469119,206.88219436193774,195.54394051849133,207.39362818767981,196.1431188286856,206.97174380798202,195.5190105204608,207.46686607590308,196.61047034146679,207.64370268264045,195.88365371754151,206.9847621869211,195.5596089171006,207.00107374474217,195.92055330813412,207.50851174201492,196.23931717884992,207.28603364069625,195.79322585424831,207.11595729907728,195.69850646141404,207.05400424667494,195.99364200685062,207.76084852232674,196.64481010681172,207.76084852232677,196.17813842660249,207.51979657783579,196.25557688823102,207.53610813565686,196.03054159744329,207.05400424667491,195.47711045106959,206.96445480063059,196.01246154147947,207.63468013217084,196.34057565390583,207.52708558518722,196.17344880764901,207.53610813565686,196.1126696780253,207.38460563721023,196.0790402746598,207.34069768574713,195.85727387886655,207.20550674512154,196.02153133226321,207.47415508325457,196.18825867638566,207.46287024743367,196.02443113404152,207.14355369271919,195.68579739018696,207.13226885689841,195.93508272594403,207.18017263683083,195.7657360309702,207.37332080138935,196.42887372349324,207.57272707976847,195.75558678499075,206.88219436193774,195.70396608844001,207.09964574125615,195.65861842675395,207.02640785303294,195.90728204282058,207.1891951873005,195.75012715796487,207.01009629521187,195.5943773012653,206.98076635845172,196.02434249175235,207.30807457010494,195.37693143120933,206.69909964137969,196.31416669854522,207.41064239508833,194.51732772637237,205.96292542896765,196.77842672139988,208.19245810208162,194.48784027193287,206.91394092063823,199.91715136434649,200.79100988368268,202.64045540920694,200.65736234552872
190.90219393640652,189.8682826201009,190.30726465522858,192.56291689721689,186.31295082087888,196.29173700015861,184.91854014879718,195.74981629811964,185.10343112127472,195.57472964568223,184.93982668471739,196.04464098371116,185.33172637790472,195.64346870197593,185.04291370472041,196.22478776104001,185.46028027412979,195.53024063435794,184.64181865022579,195.92055330813417,185.59050700015393,195.89778363321687,184.76619220614907,195.36749254720942,184.70986206668002,195.60369842629044,185.19024662636301,196.26424717688042,185.77037601484261,196.26100739857156,185.30960169288906,195.82509443663497,184.88266186454467,195.60625825153812,185.18272062646309,196.18325807709795,185.47989398025095,195.96942249128881,185.23114686840449,196.0526009103809,185.31629301208531,195.92928312238737,185.22194803870545,195.75311560203232,184.75828830862133,195.41053171788931,184.91352512779167,195.88587356625862,185.33423388840745,196.0587708993865,185.35384759452862,195.97627243335549,185.21320599208232,196.03705156297934,185.40934305329401,195.97047282979901,185.11179180187833,195.87856459645366,185.26702862104864,196.18171959416409,185.73198328330389,196.33116588659141,185.1877391158603,195.56827920574995,184.93481166371186,196.07832991268037,185.58883417035491,196.06818066670084,185.12053384850145,196.05803142072139,185.7745563551444,196.42011479255441,185.18690096676488,195.60872943449644,185.12555233789865,196.02582144908217,185.10342765288297,195.65031864404256,185.12722516769767,195.78199574035122,184.79165908237118,195.26617454654979,184.52079422229238,195.49624084554361,185.31210920339188,195.96939196188137,184.62973441239626,195.23436561025636,185.41268871289213,196.13691818978336,184.16728726064363,194.94025140713353,186.11012244047103,196.82205554915112,183.84966205163926,195.74953891361534,189.31379243836608,190.10993091740275,191.48318684000265,189.13827219015454
202.23021753270885,201.08524665321417,201.45966558249049,203.86792018842252,197.30547802909851,207.89031009136474,195.87415530793785,207.34069768574713,196.06215884558856,207.070315804496,195.66688921326883,207.33167513527746,196.03608986675854,207.03369686038442,195.79461616928907,207.56543807241704,196.21728698259764,207.03369686038445,195.61341905344995,207.20550674512157,195.80414510830036,206.60452347333515,195.09108789411229,206.78535590854199,195.80883472725381,207.07933835496561,195.69230735572293,207.24941469658467,196.25739723481379,207.69489964145501,196.29568714044692,207.34798669309859,195.72093615980077,206.94414741434005,195.72269698077949,207.17617680836145,195.78458609500655,206.88948336928922,195.5707795053938,207.0061004667424,195.67243748258409,207.00836275209369,195.88803388937194,207.26745979752397,195.79035516915553,206.83828641047467,195.41380190511649,206.86588280411664,195.73210674809394,207.13226885689838,195.79652515816099,207.0173853025633,195.72053665766632,207.16888780100996,195.89093369115014,207.10693474860767,195.73645639051688,207.16888780100996,195.96726216817552,207.49046664107559,196.37167564094185,207.49948919154531,195.73935619229505,206.86588280411661,195.68329709054305,207.39362818767987,196.28050688626149,207.35700924356823,195.69270685785739,207.15084270007068,196.28232723284421,207.61836857434974,195.75706574232075,206.89121691240737,196.0280704144848,207.49619601266321,195.64269869390338,206.7030954698491,195.78069406759974,207.34069768574719,195.786627246423,206.72340285613959,195.2214633176695,206.80166746636309,196.08435173379277,207.45957706855162,195.41133072215803,206.48564409053066,196.10903039758199,207.69733583416055,195.15112613234902,206.35547987190537,196.81276648674478,208.01562149534416,194.18110551938301,206.82439147459391,200.20580606093259,201.22920582120159,202.69577245853495,200.03875384324849
191.11197768230485,190.1209157741026,190.57437611923658,192.90109161333336,186.64684060801468,196.51890349737405,185.08214111696279,196.00200143565496,185.46111842322512,195.96982199342324,185.1852281369658,196.11957914569572,185.39893164526353,195.72599628469226,184.93731917421465,195.97161181059843,185.31211267178352,195.83922435231025,185.2966793059642,196.14274832274731,185.09841263187752,195.27419399882351,184.56754763443465,195.90142291366027,185.60510221687792,195.98969186656223,184.89391142167051,195.68545741365639,185.33423388840743,196.38432518656501,185.75494264902326,196.19152886361275,185.20066150278512,195.83737488904205,185.19526511576018,196.06201067769533,185.37346130064978,195.84718415849099,184.97905756535138,195.65185712697652,184.91519795759075,195.7234364594446,185.25577906392277,196.10976987624696,185.37178847085073,195.79362535638273,184.87597054534839,195.62902792645536,185.06503838973606,195.74660563649624,184.91687078738983,195.54078938247181,184.93481166371188,195.75891520558898,185.0913434150535,195.74916546174393,185.05583956003701,195.82515396223872,185.21404414117774,196.0649700050775,185.45526178473258,195.96436236639724,185.00285161177442,195.6698776573364,185.06336555993698,195.88547406412425,185.24908774472652,195.81278486754221,184.89892991106768,195.73250625022854,185.43564807861142,195.98827102211408,184.62638875279816,195.25392462355026,185.25159872362093,196.10618870868549,184.70902391758466,195.12733664832933,185.04208249240844,196.33881483292697,185.60426406778251,195.83416422741863,184.75160045781681,195.53282957629105,185.35635510503135,196.26427617307661,184.91269044708801,195.27126520084883,185.42188754259118,196.41471327841023,184.50034236707583,194.99418059469059,185.97655005484867,196.57026991375017,183.39725187868106,195.22418890129183,188.98324484243659,190.15183098679401,191.77726598101924,189.36962902962088
201.67066228105264,200.73861435133875,201.35697858582256,203.83303478742903,197.12567122830015,207.46113670431546,195.39523370472889,207.05400424667494,196.02017013390807,207.22181830294269,195.89553466781439,207.43024713179139,196.05885954167576,206.94414741434014,195.47702180878039,207.03769268885378,195.71698601951223,206.94414741434005,195.91114354081978,207.51250757048433,195.98102157791286,206.96445480063059,195.7852950442639,207.61836857434974,196.43859435065283,207.29505619116591,195.55053912631672,206.96445480063056,195.93903286623242,207.58903863758957,196.37457544272016,207.49046664107561,195.9643623663973,207.38460563721026,196.22734758628783,207.70791802039403,196.38361470409629,207.38633918032838,195.68437654573867,206.98476218692113,195.8511342987793,207.44655868961254,196.23240771117935,207.43753613914294,195.98679206478397,207.24212568923318,195.88260337903139,207.25114823970284,195.94338250865525,207.09964574125621,195.60369842629049,206.91152429869786,195.67388732322863,207.06302679714457,195.79035516915562,207.06302679714452,195.67388732322863,206.91152429869791,195.60369842629052,207.07933835496567,195.89744365668628,207.23310313876348,195.92311313338197,207.17791035147968,195.73719586918176,206.96445480063056,195.66012791349144,207.0010737447422,195.63553789199156,207.09564991278677,196.08700020132972,207.09964574125618,195.09108789411238,206.52226303464226,196.05087061880965,207.43926968226114,195.30662477529643,206.32685258473253,195.67002582522946,207.70791802039403,196.47969541577518,207.30407874163555,195.46602850506562,206.63385341009527,195.70847842281492,207.35371606468618,195.54772796682772,206.69007709091008,196.37127613880742,207.8561273399587,195.06359807083416,206.09638282647506,196.59788044193658,207.90749820612751,194.02375753365672,206.49379008405862,199.86359256223841,201.15823021832958,203.03898721661244,200.64348531624003
190.37791066247348,189.44888975704114,189.95853540651686,192.26411154192937,185.93899547240537,195.81750501590318,184.60426406778257,195.69014703260979,185.24992589382194,195.76138638854732,185.02329999859927,195.92706327367034,185.20735282198146,195.62538864601211,184.91770546809343,195.77588527694951,184.93815732331007,195.41991236851823,184.91435980849525,195.93391321573705,185.17230575004092,195.75413694434613,185.30960169288909,196.3224664812565,185.54124260911718,195.81494519065538,184.8367431331061,195.61961815914094,185.08297926605815,196.02153133226332,185.45526178473258,196.05516073562876,185.25745189372188,196.07759043401538,185.47320266105473,196.08771056330926,185.23114686840444,195.66731783208866,184.66979650534236,195.51466087803789,185.27037428064673,196.36010555051408,185.66561616504055,196.0171816898405,185.10426580197833,195.89127366768082,185.25410623412378,195.92021333160361,185.12053384850137,195.70822708857352,184.98323790565325,195.73679636704728,185.04207902401672,195.70532728679524,185.03873336441859,195.71507703064023,184.92105112769158,195.45243178728037,184.68606455186531,195.52842028777519,185.04375185381579,195.94844263354685,185.39474783657002,195.89818313535136,184.89725708126863,195.51184971854897,184.93815732331004,195.75962556756832,185.0404061942177,195.8055354233409,185.31629301208537,195.83555454245925,184.70735108778558,195.70353746961996,185.77037601484258,196.35828520393133,184.79333191217017,195.20357648306523,185.01995780739284,196.27214745745718,185.6067715782853,195.83481506379442,184.6238812422954,195.08818809233406,184.68689923256906,195.7299158955731,184.71320772627811,195.44851217639959,185.83005181390979,196.68062870899746,184.56252914503742,194.91458193043786,185.81629474628122,196.44982151861652,183.33423042001573,195.24997742919493,189.10009239846005,190.35375662613376,192.10790111914676,189.77678052310731
201.71371619029193,200.51460963347296,200.7492213985814,203.19942840000036,196.72628876374009,207.42451776020388,195.71177772672755,207.25114823970279,195.92971174120726,206.98076635845169,195.68900805181033,207.2787446333449,195.89423299506294,207.03369686038434,195.93647304098462,207.47588862637272,195.87285363518649,206.68678391202803,195.32914311597219,206.95716579327916,195.71112689035192,206.98076635845169,195.81534469278986,207.20550674512148,195.78671588871217,207.01738530256333,195.73034592711514,207.02640785303294,195.65105812270744,207.05400424667494,195.85659392580541,207.11595729907731,195.72738659973291,207.07933835496561,195.77375548324378,206.82926386000509,195.28931472740521,206.7030954698491,195.58058877484254,207.12324630642871,196.08370089741715,207.4465586896126,195.90759290266567,206.98076635845166,195.71112689035189,207.29505619116594,196.00126195698999,207.08662736231707,195.67243748258403,207.14355369271919,195.94554283176862,207.17791035147962,195.71476617079503,206.94814324280952,195.6456580212855,207.01009629521189,195.69884643794455,206.97347735110023,195.65506778859987,207.03769268885384,195.81568466932043,207.23084085341233,195.96436236639727,207.09062319078649,195.53387991480119,206.92783585651898,195.8728536351864,207.25114823970287,195.76863583274846,207.05400424667485,195.92351263551618,207.32438612792606,195.88365371754168,207.44655868961257,196.56888113192065,207.69160646257291,195.72843693824316,206.87490535458628,195.83530320821811,207.28776718381448,195.79677649240236,206.8749053545863,195.39797081455524,206.73971441396071,195.73926755000576,207.09235673390475,195.26626318883905,206.67376553308893,196.43134490645159,207.89274628407028,195.27086416550321,206.44502931794966,196.80335671943035,207.78359210132285,193.75787251198801,206.44085958212591,200.00973955075304,201.31875526724588,203.09171668059847,200.5353127653878
191.06970429721954,189.83830943646205,189.90920226803252,192.30496127281046,186.3530129138249,196.52831326468851,185.39725534707279,196.04359064520094,185.06420370903234,195.58058877484262,185.10259297217931,196.11741882258247,185.25159872362096,195.74407634065602,185.33423388840751,196.31018602884933,185.31294735248721,195.41309154313691,184.52413988189056,195.47534963009073,184.95442536983307,195.68008642891965,185.0036897608698,195.55633872987335,184.77288352534541,195.70211662517187,185.267866770144,195.85403410055775,184.94066483381278,195.57836892612551,184.9185436171889,195.52881978990953,184.74657850002785,195.51579985883734,184.92188927678703,195.43660069671915,184.5838156809576,195.6638267195386,185.49700017586943,196.33412521397349,185.52330173279506,195.81568466932052,184.64767528871843,195.32479347354945,185.02246531789558,196.19010801916454,185.49616202677399,195.84573431784636,185.11095712117469,196.09424964553085,185.4323024190133,195.83126442564051,184.90060274086679,195.56284869540949,184.87429771554935,195.62942742858985,185.00201693107073,195.80923422938821,185.24825306402286,195.94233217014508,185.12722516769767,195.73935619229511,185.06336555993701,195.78455556559888,185.0207924880965,195.80263562156284,185.31294735248721,195.9741121102424,185.02413814769463,195.60986841529615,185.01661214779469,195.87936360072277,185.23281969820349,196.01101170083507,185.3964206663691,195.93903286623251,185.02079248809653,195.71442619426458,185.06420370903237,195.5444286629151,184.60342938707885,195.45218045303906,185.0642037090324,196.04905027222694,185.58548851075673,195.92135231240306,184.51744856269428,195.32661382013205,185.5249745625942,196.22080709134414,184.37596881115255,195.22242654710175,186.24909121311822,196.50986116957537,183.16393813265384,195.10445086813775,188.94569025999331,190.11058175377852,191.76371638261435,189.39742553107723
201.96875634256122,200.87997344345609,201.23235370562918,203.85334217371957,197.43601614460781,207.99617109523015,196.07534146861261,207.33167513527755,195.71988582129072,206.93512486387044,195.95165329517008,207.47588862637269,195.76542517112514,206.75602597178178,195.77770562353214,207.60934602388014,196.21284869788562,207.05000841820552,195.5625087188788,207.00107374474217,195.73315708660414,207.02640785303296,195.64824696321858,206.82197485265365,195.5190105204608,207.15257624318886,196.05556023776316,207.25843724705427,195.8507347966449,207.25843724705427,195.96331202788727,206.96445480063059,195.34176354491009,206.82197485265357,195.82549393876937,207.25114823970279,195.90824373904144,207.36829407938913,196.24656662305102,207.50851174201489,196.0055520738089,207.03769268885384,195.37295217423548,206.73971441396074,195.8565344002015,207.52881912830537,196.07253030912375,207.15986525054035,196.04359064520096,207.68761063410355,196.24468816358657,207.15084270007071,195.63809771723919,206.9897889089213,195.66046789002203,206.96445480063062,195.64460768277536,206.96445480063059,195.7527160998979,207.07204934761418,195.57586862648171,206.81295230218393,195.72704662320234,207.39362818767987,196.1445091437264,207.25843724705427,195.85403410055747,207.15257624318889,195.72053665766643,206.98076635845175,195.71368671559944,207.01738530256327,195.618878680476,206.85459796829582,195.52992977451271,206.81295230218393,195.49624084554355,206.86362051876543,195.60915805331641,206.8129523021839,195.41701256673988,206.91152429869791,195.86057318277926,207.47189279790331,196.40095528139511,207.29905201963524,195.2282246174471,206.78864908742403,196.48095356827139,207.62236440281913,194.92174119913852,206.48893726941276,197.13113085532612,208.09388610556758,194.06821742829561,206.57605052275144,199.75690357684203,200.80003243415234,202.77360519840389,200.77478883169599
190.5142573959827,189.69773207092646,190.31677263510775,192.81393252454524,186.56671295373093,196.42955508927656,185.18522813696586,196.02838127433003,185.20902565178051,195.81420571199047,185.37596881115257,196.06090069309218,184.77288352534535,195.15331698486995,184.89391142167042,196.32610576169978,185.77288352534538,196.17776945387556,185.39307500677086,196.09706080501994,185.25494091482742,195.79356583077879,184.91519795759069,195.51867054393026,184.93564634441555,195.96470234292778,185.38015261984606,195.96001272397433,185.30960169288909,196.32792610828247,185.72947577280121,195.9607522026395,184.75326981922422,195.5592094149662,185.20567999218235,196.20488877121562,185.60426406778259,196.12199080305035,185.14934638432155,195.64124885325876,184.91770546809352,195.74731599847567,185.01661214779469,195.72019668113575,185.27371994024486,196.01570131978832,184.98156507585423,195.62464916734712,185.35050193493041,196.47077379288442,185.69275587106165,196.05152145518525,185.20400716238325,195.92021333160349,185.17063292024181,195.86014456395921,185.10092014238026,195.58808955328504,184.7966775717683,195.47850076611036,184.64432962912028,195.37906263763716,185.08297926605815,196.27149662108152,185.66896182463864,195.91916299309341,184.89558425146959,195.6927068578573,185.12387950809958,195.91660316784555,185.27539277004396,195.82219463485637,184.89391142167048,195.41454138378131,184.68857553075981,195.45613059332752,184.81211093758765,195.57546912434717,185.02413814769466,195.85073479664487,185.22612837900721,195.82540529648003,184.98323790565323,195.84348535244379,185.47571017155747,195.98457221606679,184.69275587106156,195.73682689645494,186.10175829147562,196.5656108242043,184.41519622339487,195.35447414934845,186.52497803098589,196.90344415106802,183.66812020715156,195.39973458146738,188.70401583336263,189.58469995628684,191.80564052851403,190.50301359980003
201.63134457310949,200.68654249975569,201.26956170279715,203.69784384680347,196.93176504123412,207.4684257116669,195.76169724839224,207.48317763372418,196.22018678437612,207.22181830294269,195.88001443709811,207.23483668188172,195.54007902049227,206.64114241744679,195.71473705410961,207.61836857434972,196.3246559210553,207.40091719503127,196.18069825185012,207.65498751846138,196.12602958562806,207.06302679714452,195.52270932650791,206.89521274087681,195.7179768324186,207.26745979752394,196.05266043598476,207.28603364069625,195.97988259711343,207.58903863758957,196.42597392171493,207.39362818767984,195.63007826496548,206.91152429869794,195.73975569442948,207.34798669309859,196.27686760581815,207.4628702474337,195.75132578485719,206.82024130953539,195.63189861154822,207.25114823970281,195.91734264651075,207.07933835496567,195.86054406609375,207.13626468536776,195.49263068178564,206.79264491589342,195.85659392580541,207.51979657783576,196.2081285495245,207.40993974550096,196.06931964750038,207.36829407938916,195.99324250471619,207.44655868961254,196.18254771511832,207.20550674512157,195.60400928613555,206.85859379676521,195.46159022035357,206.83828641047469,195.83481506379434,207.53610813565689,196.26680700212813,207.17617680836142,195.60946891316152,207.09062319078649,195.88877336803699,207.26745979752394,196.06636032011818,207.37731662985877,195.86054406609384,207.05400424667488,195.83160440217097,207.19821773777011,195.69014703260984,206.89521274087681,195.73503554606853,207.43926968226111,196.3604455270447,207.4465586896126,195.72309648291395,207.10520120548941,196.21250872135488,207.43926968226111,195.42173130237879,206.89850591975889,196.62821042089993,207.80319683802588,195.05591859509107,206.66074715414987,197.3217972640835,208.23636605354466,194.19986552840803,206.62898102468418,199.56049709013192,200.54995793919173,203.0773327805467,201.87364469829441
191.18761719182555,190.09484261360569,190.41935023768173,192.47825810807262,185.99783659076888,196.07941078059798,185.10510048268208,196.23024738806603,185.58632665985209,195.73250625022837,184.74825132982696,195.72818560400188,185.12639048699401,195.73250625022834,185.20818750268515,196.08228005296883,185.14851170361797,195.58959904002265,185.10426580197844,196.11741882258252,185.24992589382194,195.4861802418535,184.68690270096073,195.62976740512042,185.04709751341395,195.80593492547558,185.24490740442471,195.98028209924806,185.23281969820346,195.98568220067003,185.35552042432769,195.91080356428918,184.99783312237719,195.62612812467708,184.92021644698795,195.81173452903207,185.41770720228928,196.18294721725277,185.22780467719804,195.74197554314657,185.20567999218233,196.07866988921097,185.17565140963907,195.59644898208927,184.93313883391284,195.70646626759478,184.87597054534837,195.54007902049213,185.023303466991,195.77844510219722,184.99783312237722,195.76468569246012,185.2336578472989,195.95785240086133,185.22612837900721,196.13114923612358,185.60928602557149,196.10621923809293,185.12053384850145,195.77159516013052,185.04459000291124,195.73284622675897,185.14767355452256,196.10687007446865,185.45693461453166,195.95711292219625,185.20986033248417,195.99003184309302,185.14683887381884,195.66953768080597,185.06169273013793,196.01246154147969,185.31294735248719,196.00086245485562,185.50201519687494,196.15786905132916,185.04207902401674,195.38847240495161,184.70651640708192,195.87575343696477,185.56754763443462,196.25813671347862,185.33005354810567,196.09211985182515,185.75243513852047,196.20315706692236,184.6034293870789,195.20613630831303,185.37513413044886,196.04100029054581,184.15185389482434,195.17827751230794,186.38973281556454,196.73992746856922,183.54374665122822,195.40868532104366,188.83675006988943,189.76475809132651,192.0145735258497,190.69673137000879
202.77515166828553,201.4989671327919,201.7086625946026,203.81498968648975,196.989673485765,207.61263920276218,195.81013640000506,207.39362818767984,196.06141936692356,206.79264491589342,195.19555703079155,207.09062319078654,196.21043704053105,207.3896323592104,196.02107230452498,207.27874463334484,195.56216874234829,206.53128558511196,195.44413200456913,207.15257624318883,195.66919770427526,206.62083503115633,195.53967951835779,207.25114823970279,195.82506531994935,206.829263860005,195.60699773020315,207.21452929559129,195.95165329517022,207.10693474860759,195.67573678649677,206.92783585651904,195.63874855361502,207.06302679714452,195.73324572889334,206.98076635845169,195.79322585424848,207.27874463334479,195.8822634025008,207.07933835496564,195.8956233101037,207.34069768574719,195.85619442367084,206.91881330604932,195.59394868244553,206.95716579327922,195.53856953375464,206.90023946287698,195.83416422741863,207.14355369271928,195.59931966718216,206.84557541782615,195.68514655381117,207.07933835496561,195.72374731928971,207.15986525054035,196.02338079553149,207.31136774898698,195.91040406215473,207.29505619116588,195.9864812049388,207.16888780100996,195.80948556362949,207.33167513527746,196.07798993614972,207.34798669309862,196.12312978384978,207.45558124008221,195.8247544601042,206.87317181146813,195.67820796945526,207.29505619116588,195.94193266801057,207.29106036269653,196.31490617721028,207.66227652581279,195.88763438723748,206.7194070276702,195.29591333523055,206.86588280411667,195.75774710810398,207.25843724705425,196.05629971642813,207.51580074936638,196.460624546905,207.41393557397035,195.1801254423649,206.39609464448637,195.95316278190776,207.24785506082083,194.69457470192302,206.30983837732413,197.04539261098628,208.17441300114226,194.30769349460383,206.92296347110789,200.14613679542273,201.13063382468764,202.97618167411943,200.86433827774027
191.75836078669565,190.58194715092722,190.8332831922869,192.86601236932344,186.4398318873049,196.35140626566849,184.95944039083864,195.82580479861443,185.1852316053575,195.5244701474868,184.71153142808745,196.04680130682434,185.78998972096377,196.22225846519987,185.31712769278903,195.96220204328401,184.91101761728888,195.32445349701879,184.90143742157039,196.01064119489672,185.10092014238023,195.53820056102768,185.27706559984298,196.380714902318,185.30458320349192,195.34938349504927,184.61346636587325,195.76286534587709,185.24574208512843,195.73395609087288,184.8342356226033,195.49592998569841,184.98156507585418,195.93036257758294,185.20735282198143,195.62248884423371,184.8947461023742,195.76928666912411,185.04458653451945,195.57467012007839,184.92105112769164,195.85764426431544,185.26284828074674,195.85369412402699,185.08799775545535,195.61054836835712,184.66812367554323,195.55591011105344,185.33256105860841,196.20852805165899,185.29333364636605,195.70427694828507,184.97738473555236,195.72778610186722,184.96195136973301,195.70822708857347,185.14182038442164,195.91981382946915,185.29751398666784,196.12529010696309,185.41436154269118,195.87862412205752,185.04207902401674,195.87285363518646,185.20902565178048,195.87501395829963,185.27204711044587,196.05010061073693,185.18773911586027,195.83342474875354,185.37513413044888,196.16116835524167,185.12722516769773,195.79473534098588,185.54040792841354,196.50591256249814,185.5003423670758,195.79507531751648,185.02497629679004,195.73139626562522,184.88972761297691,195.64815832092933,185.11095712117466,195.96356336212844,185.4765448522611,195.99108218160291,184.69024836055885,195.37366265670406,185.45860744433074,196.08270855129945,184.14182038442164,195.08571844258688,186.38266359874055,197.01161209379444,183.83004834551809,195.63196120357449,189.29250590244584,190.33783689328328,191.80436517782888,189.31403602670821
202.2279855942563,201.14488815862973,201.609703381244,203.8769427388921,197.07541173010469,207.52308975671784,195.52182167994977,207.12724213489815,195.96701083393438,207.13226885689832,195.93061391182431,207.65498751846135,196.28386571577803,207.12324630642871,195.74941679598524,207.30807457010494,195.7441053368523,206.78535590854196,195.80155475364509,207.59476800917716,196.12062948420586,207.19648419465196,196.17057812255621,207.66401006893102,195.90824373904152,206.72340285613964,195.37659145467876,207.01009629521181,195.87566479467549,207.15257624318886,195.69890596354847,206.8749053545863,195.68033776316096,207.23483668188172,195.83200390430537,206.92783585651904,195.75922606543398,207.43024713179148,196.10291993418028,206.92783585651898,195.30381361580734,206.91152429869788,195.97377213371175,207.49948919154528,196.22950790940106,207.20550674512154,195.46480088197688,206.90250174822822,196.04069084342277,207.7332521286848,196.37926506167352,207.38460563721017,195.9046931008875,207.18919518730053,195.75271609989792,207.06302679714452,195.80377460236213,207.18919518730047,195.94588280829916,207.35700924356826,196.02733093581983,207.14355369271919,195.68289758840868,207.0793383549657,195.81824449456809,207.070315804496,195.72630714453743,207.14355369271925,195.89167316981525,207.4628702474337,196.50551306036382,207.56543807241698,195.506390091523,206.69407291937949,195.96041222610896,207.69160646257293,196.06016121442721,207.07933835496567,195.99447012780499,207.40664656661892,195.7504671344953,206.8219748526536,195.50903855906,207.07031580449609,196.12776128992141,207.39762401614919,195.47608910875579,206.74474113596099,196.34668611730751,207.7249322278025,195.03971841131371,206.38307626554729,197.05042220647047,208.29103009859554,194.28276349657327,206.66386642567758,199.9609008970059,201.18356432662034,202.84561947026458,200.23647584014506
190.69136039992634,189.75085228806626,190.28773543592175,192.46233837522206,185.99950942056799,195.96908251475824,184.85384586033274,195.93977234489739,185.35635857342302,195.91191354889227,185.41686905319389,196.2599265306539,185.08381741515353,195.25753478730797,184.7695378657472,195.90031292905715,184.98323790565328,195.29872449471961,184.85301117962911,196.00379125283021,185.29333364636608,195.83052494697549,185.24658023422379,195.88260337903148,184.88349654524833,195.47421064929151,184.86677171564938,195.67388732322877,185.11011897207922,195.93286287722697,185.16645257994,195.60656911138332,184.91603263829438,195.76647550963517,184.91854361718887,195.50750007612623,185.14851170361791,196.36960396011784,185.72696826229847,195.73981522003328,184.47654832065285,195.41994148520362,185.21655165168048,196.3495859190858,185.8104381077886,196.17600863289675,185.06085804943427,195.67283698471851,185.10593863177743,196.11917964356132,185.54291543891634,196.11844016489638,185.31294735248721,195.92962309891817,185.08297926605817,195.6637671939348,184.92021644698795,195.6453471614403,184.97571190575331,195.75567542728007,185.16979823953818,195.83160440217094,185.02079248809653,195.72053665766626,185.12722516769767,195.85403410055773,185.08130643625907,195.75237612336744,185.10593863177741,196.10252043204594,185.7303104535049,196.03523121639682,184.51995607319691,195.11857771739059,185.08465209585728,196.0681501372934,184.85551869013179,195.24482571608081,185.01828497759382,196.01354099667509,185.0070319520762,195.3346027429983,184.61970090199367,195.67323648685297,185.48240149075369,196.07400926645388,184.58130817045497,195.15763763109652,185.54542294941899,196.59517091558445,184.62555060370278,194.97496155792732,185.8734630348456,196.53553064627087,183.43815212072246,195.29076763447222,189.04375879059921,190.16124075410832,191.71921903414807,189.2763969574506
201.84333081613954,200.80785641109256,201.3016299665392,203.49341084642413,196.54037149954004,207.18346581571282,195.69295819209862,207.43926968226108,196.03353004151091,206.98805536580318,195.84999531797985,207.34069768574716,195.53282957629105,206.46933253270961,195.58163911335279,207.3497202362168,195.75777622478941,206.56790452922357,195.33136296468945,207.01738530256335,195.8167060116343,206.99707791627273,195.56216874234821,206.68678391202801,195.36308337918285,207.02640785303294,195.92607246076386,207.10693474860764,195.79356583077902,207.30407874163558,195.96766167030995,207.01738530256324,195.64164835539319,207.11595729907728,195.75783575039335,206.97174380798202,195.8120453888771,207.46287024743364,196.2161480017983,207.10693474860767,195.41124207986871,206.92783585651895,195.99549147011888,207.58903863758957,196.31811683883362,207.43753613914294,195.90108293712967,207.04271941085412,195.60946891316152,207.09791219813795,195.96908251475824,207.38060980874081,196.12133996667467,207.40091719503133,195.92277315685121,207.03369686038437,195.63118824956871,206.98076635845175,195.61853870394535,206.97174380798199,195.85909422544918,207.32039029945665,195.93903286623242,207.19648419465193,195.98318190102614,207.49948919154522,196.22009814208667,207.29505619116594,195.67678712500691,207.08662736231705,196.08916052444295,207.27874463334479,195.4018323125544,206.66647652573752,195.93872200638722,207.34972023621677,195.40069333175498,206.51324048417266,195.78467473729577,207.46287024743364,195.87452581387598,206.79264491589339,195.38245058383922,207.03369686038437,196.26375903245665,207.43926968226111,195.1859845715253,206.37804954354709,196.31086739463248,208.06958289080771,195.38699203489944,206.26419688274285,196.59029102120479,207.91704949883018,194.15216585546025,206.76017613684036,200.11790749347949,201.2568022148435,203.05239897265523,200.70798130047461
191.18913430647655,190.1600872865761,190.53733095422245,192.52345748137668,185.85552215852343,195.89525433737685,185.10510048268219,196.15570872821587,185.20902565178045,195.51037076121898,185.04040619421778,196.0453804623761,185.02413814769466,195.48794106283222,185.20735282198146,196.26933629796815,185.31462018228626,195.60591827500753,184.89307674096679,195.88226340250071,185.37931447075067,195.91734264651063,184.81294908668306,195.22714516225133,184.74657850002794,196.09168982028299,185.63140724219539,195.95350275843828,185.06001990033889,195.92061283373789,185.24992589382194,195.81824449456809,185.0863249256563,196.0020014356549,185.45693461453166,196.06238106314422,185.20651467288604,195.93533406018523,185.31712769278897,195.97982307150966,185.14767355452256,195.89454385490814,185.32838071830653,196.05627059974256,185.27204711044584,195.95094293319065,185.2541062341237,195.83771486557271,184.99950595217632,195.82836462386214,185.31043984198445,196.15647873628839,185.5658748046356,196.29898644435954,185.45693461453166,195.98244242236106,185.25076057452554,196.06562084145321,185.29333364636608,195.9064539218663,185.29166081656695,196.15101910926245,185.39642066636907,196.01718168984044,185.37346130064981,196.34924594255506,185.79584289106467,196.1445091437262,184.89391142167051,195.57117900752814,185.25159872362099,196.1014990897319,185.0829792660582,195.66848734229566,185.31545833138168,196.10149908973196,185.01911965829746,195.84829414309397,185.75327328761588,196.66038986313163,185.62053211430555,195.92237365471686,184.98407605474864,195.88072491956689,185.62471245460739,196.29821643628711,184.83590845240238,195.41673223630221,185.74574381932428,196.67090808183792,184.60844787647605,195.1573573006589,186.27037774903849,196.97437252667123,183.79249376307482,195.47387373918323,189.02163757397534,190.2267691487786,192.27213650076715,190.38066366823443
202.353411120678,201.23331674881425,201.57732671092654,203.76379272767525,196.83553616166216,207.37158725827121,195.75953692527904,207.32438612792609,195.77088479815114,206.79264491589345,195.76283622919178,207.49619601266318,196.0001810890723,206.98978890892133,195.85187377744435,207.48717346219357,196.04680130682442,207.16888780100993,195.93366188149574,207.50348502001461,196.27865742299335,207.40265073814956,195.73398520755839,206.88619019040718,195.73460692724862,207.43926968226111,196.17637772611286,207.11595729907725,195.59209921917724,207.03769268885381,195.78640502886714,207.02640785303299,195.68724723083145,207.27874463334479,196.26498665554547,207.5451306861265,195.97772227400009,207.26972208287515,196.1101693783815,207.54513068612653,196.13253955116411,207.29505619116588,195.85659392580541,207.10693474860764,195.77079615586166,207.25843724705427,196.04325066867042,207.18919518730044,195.70640674199089,207.21452929559126,196.1289889130102,207.51077402736612,196.1636395382003,207.44655868961257,196.01215068163432,207.33167513527746,196.15206944777259,207.65498751846135,196.24690659958159,207.25114823970284,195.76357570785689,207.22581413141208,195.97667193549,207.2584372470543,195.929623098918,207.43753613914291,196.28957667704529,207.30407874163555,195.47165082404365,206.86588280411667,196.04325066867042,207.58174963023814,196.00555207380893,207.12324630642874,195.93548222807843,207.351982521568,195.90568391379375,207.50851174201489,196.6231794126939,207.8707053546616,196.17153981877701,207.28776718381445,195.82953272134699,207.34798669309862,196.46383520852839,207.76484435079618,195.72241511713074,206.79767163789364,196.22009814208667,207.53681078524423,194.89681120110805,206.52555621352431,197.4233957156699,208.53208204308652,194.29902320595443,206.41552547383517,199.47509882232274,200.83665137826395,203.11923807383192,201.19054021177962
190.96405386694482,189.92696188563198,190.27675105137303,192.4851080501393,186.10677678087285,196.054081280433,184.95526005053671,195.83595404459376,185.00368976086978,195.4698610068684,184.978219416256,195.99438148551573,185.14683887381881,195.44163170492536,184.77121069554624,195.8138352060524,185.18690096676485,195.82105565405723,185.25410623412373,196.05331127236056,185.2457420851284,195.81855535441343,185.10761146157651,195.87245413305212,185.20818750268515,195.81929483307837,184.93815732330995,195.44598134734824,184.74825132982699,195.64238783405824,185.04709751341389,195.56315955525466,184.74490567022883,195.67348782109428,185.2966793059642,195.9958314466495,185.10593863177743,195.78356475269268,185.24574555352012,196.07838943828403,185.35552042432769,195.91009320230958,185.04542468361493,195.66336769180032,185.02246531789558,195.95535210121733,185.34966725422683,195.72744612533671,184.73198328330392,195.6380381916353,185.29500647616518,196.04390150504608,185.18355530716673,195.69230735572322,184.90060274086676,195.72053665766634,185.24741491492748,196.05661057627324,185.21069848157956,195.45829091644086,184.51995607319699,195.49698032420852,185.10593863177749,195.7968651346917,185.02246531789555,195.77770562353231,185.20567999218238,195.70896656723869,184.69108304126252,195.57472964568231,185.35217476472957,196.22404828237509,185.3580279348304,195.90355412008802,185.20400716238328,195.8319152620162,185.00368629247808,195.8503352945105,185.31127452268817,195.76533652883577,184.79500474196922,195.52520962615179,184.89474957076592,195.85915375105307,185.64432962912022,196.25702672887567,184.83339747350794,195.23430608465245,185.13140550799943,195.8297244094953,184.07712262756556,195.22563720872503,186.5879994896512,196.86975522209892,183.35300597704151,194.88706452368555,188.37514106723225,189.55135100384823,191.51004179196053,189.54628142362665
201.63134457310954,200.54406255177875,200.9472471939275,203.40386140037978,196.83735650824477,207.42451776020383,195.60070998222278,207.09964574125615,195.76187453297104,206.85459796829571,195.66367855164538,207.18919518730056,195.6247378096364,206.47835508317922,195.26182490412691,207.09964574125618,195.91626319131515,207.10293892013823,195.97883225860323,207.40091719503133,195.78853623529491,206.9261023134008,195.83416422741871,207.38234335185896,195.94804313141236,206.86588280411664,195.29011373167401,206.68678391202801,195.63513838985702,207.26745979752394,196.04325066867048,207.01738530256327,195.47381114715682,206.98076635845169,195.8681640162331,207.12324630642877,195.70387744615059,206.99707791627284,195.67499730783189,207.02467430991473,195.83012544484083,207.2584372470543,195.89167316981531,207.07933835496567,195.79396533291325,207.34798669309859,196.13040975745849,207.12324630642871,195.44163170492524,206.88219436193774,195.92567295862958,207.32039029945659,195.780205923176,206.88219436193779,195.58709874037879,206.98076635845175,195.66262821313524,206.85459796829571,195.39393203197753,206.49866246946979,195.16957669425105,206.89121691240737,195.96982199342324,207.2747488048754,195.88112442170143,207.21279575247308,195.89349351639794,206.96445480063056,195.41158205639937,206.98978890892135,196.07147997061361,207.47415508325452,196.04606182815937,207.36429825091969,196.09970927255685,207.22181830294269,195.63149910941377,206.98805536580318,195.79078520069754,206.89850591975886,195.33667442382219,206.61354602380479,195.33065260270996,206.95143642169157,196.19328968459163,207.39362818767987,195.30927324283337,206.48564409053071,196.02659145715481,207.48890700531177,195.10262745513248,206.64043976785939,197.13690134219729,207.98629155858401,193.94668957796634,206.60867363839364,199.95223060835653,200.94251238212937,202.57361630803027,200.17480343422369
190.73782072086343,189.63554649990638,189.93892170039572,192.29811133074381,186.22780467719792,196.29173700015863,185.00368629247816,195.80337510022784,185.12304482739586,195.67894744812031,185.10677331248121,196.03202055477331,185.10343112127472,195.35268279896198,184.77288352534538,196.00999035852101,185.35468574362403,195.88954337610949,185.4782211504519,196.45204290054485,185.44066656800862,195.80414510830019,185.2482530640228,196.18649785540666,185.29500647616513,195.60335844975975,184.74741664912332,195.66376719393466,185.25577906392286,196.22049764422101,185.55667597493658,195.95390226057265,185.07005687913332,195.94523197192336,185.32838071830651,195.94520285523785,185.22947403860539,195.96430284079349,185.15101921412059,195.7957261538923,185.24908774472655,196.08845004197437,185.24825306402278,195.74552618130059,185.0829792660582,196.15351940890631,185.69275587106159,196.21358817655062,185.18606628606122,195.82151468179549,185.26786677014397,196.03097021626323,185.1322436570949,195.76724551770761,185.26452111054587,195.99043134522722,185.02748380729275,195.46119071821903,184.72613011320308,195.56645885916726,185.0241381476946,196.01141120296936,185.54040792841357,196.23857770018483,185.52162890299604,196.2736569441947,185.46028027412979,195.7806054253104,184.79082440166746,195.72383596157889,185.31545833138168,196.07798993614975,185.35050193493049,196.14996877075225,185.52748554148866,196.08378953970626,185.18439345626214,196.03319006498023,185.52330520118684,196.10010877469119,185.14349321422074,195.69560665963579,184.89892991106765,195.84928495600025,185.60593689758167,196.16801829730846,184.75243513852047,195.4558211462045,185.65976299493971,196.49872123117876,184.73867460250023,195.5379202305902,186.39140564536365,196.70453736471404,183.60509874848623,195.87541652685658,189.73282836918276,190.55849342496276,191.8914355981357,189.45388413496363
202.05754899762201,200.78397519943897,200.99012321718848,203.38754984255868,196.96508346426509,207.6419691395223,195.65275929759332,207.04671523932348,195.7745836041982,207.01738530256333,195.92697463138092,207.60205701652862,196.0755187531914,206.83828641047467,195.58987937046018,207.35371606468621,195.85082343893419,206.82926386000503,195.85798424084609,207.79017845908692,196.41400432915285,207.27474880487537,195.89818313535136,207.40491302350071,195.97047282979904,207.06302679714457,195.67826608233693,207.10866829172582,195.91765350635586,207.42122458132184,196.17239846913893,207.34798669309859,195.93647304098465,207.39362818767989,196.11957914569589,207.36829407938905,196.03523121639665,207.37002762250728,195.90361223296986,207.14528723583743,195.95964221803632,207.27145562599333,195.63553789199156,206.72340285613959,195.55704909185283,207.37731662985877,196.36985529435921,207.58174963023814,196.04794028762373,207.13626468536776,195.67422729975928,207.0467152393235,195.75311560203235,207.24212568923315,196.20852805165893,207.52881912830543,195.90503307741815,206.98476218692113,195.72272597697579,207.33340867839564,196.1332790298292,207.43024713179148,196.09785980928874,207.45784352543339,196.16727881864347,207.59806118805923,196.28741635393209,207.22581413141211,195.4528312894148,206.83828641047467,195.84357399473311,207.33167513527749,195.95165329517019,207.22181830294269,195.96405150655221,207.22581413141211,195.77619613679465,207.39362818767984,196.46435246963762,207.79746746643838,196.25693808658627,207.41393557397032,195.93730116193902,207.39362818767984,196.3954956543692,207.58574545870752,195.57009813961062,206.8618869756472,196.39700514110675,207.70462484151204,195.12795695529744,206.62412821003826,197.1669204613155,208.22005449572356,194.31784274058327,207.10206236319652,200.54114050087446,201.58740360537882,203.20466410173543,200.71672320446322
190.88574453622331,189.67212328596514,189.88053229610787,192.07921562004313,185.96195483812468,196.04936113207202,184.70484010889115,195.53171959168782,184.98324137404489,195.65361794795521,185.2056765237906,196.24721745942671,185.31545833138165,195.3902332259305,184.72779947461038,195.79970529037703,184.81378376738672,194.98903041478763,184.56336382574113,196.00444208920584,185.45776929523532,195.77005667719678,185.04375185381585,195.9589027393715,185.22612837900721,195.6763876228726,184.83841596290509,195.56315955525457,184.95358722073763,195.86955433127383,185.3392523778046,195.97047282979912,185.18188247736765,195.92632379500535,185.25577906392277,195.84061466735102,185.02079248809648,195.51329955919351,184.56002163453473,195.23729440823072,184.81378376738675,195.5989782779294,184.69108304126257,195.17031617291602,184.6460024589193,195.68113676742971,185.1222066783005,195.74296635605282,185.04375185381582,195.53166006608396,184.56670948533932,195.30412447565249,184.84799269023188,195.82540529648003,185.36137359442861,196.03088157397391,185.1205338485014,195.61307907691949,184.96027853993394,195.92055330813412,185.27204711044581,195.75848658676901,184.97821941625605,195.74981629811964,185.04375185381579,195.81204538887724,185.31127452268819,195.86739400816055,184.75159698942511,195.38807290281716,185.06169273013796,195.99398198338125,185.12805984840134,195.58123961121834,184.91352512779164,195.56420989376468,184.68857206236805,195.65386928219664,185.43982841891327,196.25218894202902,185.41603090409853,195.94514332963411,185.06420370903243,195.74552618130065,185.26702862104855,195.98207191642302,184.81378376738678,195.49655182587782,185.56838231513828,196.13321938373616,184.11802286960693,195.00424119838064,186.25494438321908,196.80968645445463,183.58297406347057,195.38588652944094,189.08131337304252,190.23682975246865,191.95115843018982,189.67370588313574
201.80027690690019,200.67366334478118,201.099081250918,203.46408090966392,196.87465560097183,207.47744826213653,195.49865250289807,207.0173853025633,195.83391289317746,206.99707791627276,195.8217064904328,207.48317763372413,195.97568112258375,206.76331497913327,195.55551060891898,207.3406976857471,195.82731428535197,206.58421608704467,195.39097270459544,207.29505619116586,196.0446715131186,207.04098586773588,195.77409545977446,207.40993974550096,196.13435989774678,207.17617680836142,195.64966780766699,206.97174380798208,195.73571691185168,207.27474880487534,196.11522950327301,207.31136774898701,195.81855535441321,207.21279575247303,196.048310793562,207.23812986076382,195.62754896912529,206.51497402729086,194.88061113781995,206.32685258473253,195.45030199357467,207.07933835496567,195.77409545977437,206.85459796829579,195.55920941496609,206.8749053545863,195.35879326236378,206.60452347333512,195.53643974004891,206.93685840698862,195.45789141430643,206.73971441396071,195.67934695025457,207.22181830294272,195.95961322184013,207.26572625440568,195.93474274941326,207.13955786424984,195.76644651343892,207.17617680836148,195.83308477222303,206.98805536580312,195.68144774776408,207.04271941085409,195.55235947289938,206.83655286735649,195.86776451409858,207.40993974550094,195.85619442367087,207.07760481184744,196.13765920165957,207.63468013217084,195.93863336409797,206.93512486387041,195.73290575236277,207.06302679714457,195.45459211039369,206.79264491589342,195.80238428732142,207.22181830294269,195.83657588477328,206.98076635845172,195.41315106874069,206.67376553308898,195.73096776729449,207.33167513527755,195.69526668310516,206.98405953733371,196.455964044637,207.6313869532888,194.90332116664419,206.42698421701036,197.16547062067096,208.3146306637681,194.2849238196867,206.68017798349871,199.90339195460928,201.04837338599475,202.80630176232134,200.40914437523188
191.0370235552648,190.080109562959,190.61138077503944,192.90405094071548,186.60008719587245,196.6006916014255,185.29751398666787,196.16983864389135,185.43314056810871,195.81750501590321,185.11011897207933,196.19590762272117,185.45442710402892,195.8642138759445,185.33757954800564,196.50560170265291,185.68606802025707,195.95251194553205,185.2728852595412,196.35368422726725,185.58298100025402,195.95646208582042,185.20902565178045,196.22629724777752,185.64934811851751,196.29213650229292,185.5174485626942,196.19121800376769,185.42105286188755,196.1658885036027,185.47654832065282,196.05556023776299,185.17147106933729,196.0327905628458,185.60092187657608,196.29648614471583,185.33423388840751,195.73284622675897,184.85802966902625,195.73935619229516,185.33256105860838,196.27115664455096,185.56169446433375,196.0707404919487,185.31294735248721,195.88260337903148,184.81712942698491,195.42901127598753,185.03957151351403,196.01616034752672,185.22863935790161,195.83311388890854,185.31713116118081,196.18254771511835,185.39307500677086,196.1402190269072,185.60594036597342,196.36485481556048,185.56587480463557,196.23246723678326,185.43314056810871,196.03279056284583,185.33925237780468,196.03748018179931,185.05918521963517,195.70032680799667,185.37847979004701,196.50230239874026,185.68690270096073,196.23678788300973,185.77204884464166,196.5435516317558,185.35384759452865,195.81355487561476,185.35635857342311,196.17677722824718,185.14851170361794,195.60310711551855,184.95442883822477,195.75576406956927,185.10928429137559,195.76582467325946,184.85050366912631,195.58308907448651,185.40394666626909,196.45889284261162,185.37095379014701,195.91669322285713,185.87513586464479,196.51754076580769,184.56587480463557,195.49633102104411,186.64600592731108,197.13140965255232,183.91519448919902,195.75823831895022,189.31713809796418,190.20473895252641,191.69216381494124,189.39958167252354
202.21782835508182,201.12931226961263,201.53877624174274,203.94289161976388,197.28193834610872,207.87399853354361,196.04529182008679,207.56543807241701,196.15110775155168,207.10693474860764,195.75302695974301,207.41393557397041,196.07221944927861,207.16888780101002,196.00049194891739,207.69160646257293,196.29682612124643,207.29505619116591,195.96905198535072,207.61836857434974,196.34708561944194,207.43753613914291,195.96436236639732,207.38460563721023,196.13509937641192,207.5727270797685,196.32610576169975,207.68761063410355,196.33116588659135,207.56370452929886,196.08120059777309,207.2055067451216,195.70535640348075,207.15257624318883,196.05371077449493,207.50348502001464,196.15860852999415,207.56543807241704,196.40678388114799,207.79017845908686,196.32644573823038,207.51979657783579,196.1072695766031,207.5107740273661,196.27760708448324,207.5288191283054,195.92820225446977,207.0467152393235,195.77588527694951,207.27145562599335,195.91154304295424,207.20550674512157,196.05951037805147,207.51979657783571,196.09746030715431,207.38460563721026,196.1864978554068,207.61836857434974,196.22188795926175,207.51979657783573,196.21182735557173,207.5727270797685,196.24937778253999,207.46686607590306,195.8801030793876,207.15257624318892,196.06346051833992,207.60205701652865,196.12352928598426,207.31136774898695,196.17924841120558,207.50348502001475,195.75632626365584,206.92783585651895,195.92715191595951,207.42295812443999,195.85468493693347,206.87490535458636,195.52455878977602,206.94814324280946,195.74361719242867,207.14528723583746,195.75064441907398,207.29505619116586,196.60748189739917,207.97829990164513,195.84175364815047,206.79993392324496,196.14126936541737,207.56214489353499,195.1536264319929,206.77563070848498,197.32790772748518,208.2476508893655,194.28310347310384,206.96860496568911,200.21015570335544,201.06139176493383,202.64966413857465,200.33990231547801
190.94912158141273,189.82427652640979,190.03185901655371,192.2329229126041,185.92188927678697,195.89630467588688,184.84882737093562,195.84206450799539,185.17314389913625,195.62538864601203,184.95191439093858,195.81383520605226,185.00619727137254,195.47051184324431,184.85050020073459,195.79171636751084,185.10677331248112,195.57538048205799,184.81127278849229,195.77795695777357,185.35635510503135,196.07824127039109,185.24908774472655,195.78091628515577,185.01911965829743,195.80007579631513,185.14934638432163,196.00481259514402,185.49866953727673,196.15422977088588,185.22947403860536,195.63874855361505,184.74992415962598,195.44953198550215,184.83423215421163,195.63908853014553,185.00285161177433,195.91006408562419,185.5575106556403,196.25588774807605,185.19191945616205,195.60906941102712,184.97821941625605,196.03739153950985,185.50201519687488,196.04646133029374,185.14182038442166,195.62933878630042,184.81629127788949,195.57901976250113,184.91770546809349,195.67669848271765,185.16394160104556,195.97442297008737,185.19024662636303,195.68249808627428,184.93731917421459,195.67453815960445,184.91435980849536,195.64775881879478,185.15101921412065,196.05942173576221,185.41185056379672,195.90750426037647,184.98323790565323,195.5974993205995,184.93564634441557,195.59243919570793,184.73031045350487,195.42025234504874,184.97989224605516,195.6687676727332,184.66645084574412,195.22418583486927,184.79249723146654,195.69730783452161,184.93480819532013,195.49939198156315,184.86053717952908,195.60466012251132,184.93146253572201,195.63618872836713,184.88266186454473,195.85255514322759,185.73988718083157,196.26708733256561,184.63391475269816,194.95935127219983,184.93397351461644,195.79208534023761,184.18940847726765,195.23248715079177,186.33172637790466,196.5090621653066,183.21069154479616,195.13734067234887,188.74825826661038,189.6489701984608,191.38813523732867,189.42482004951307
201.90251010430183,200.80500201211467,201.14408616544938,203.47310346013359,196.6995094229305,207.06458643290844,195.23646628727658,206.8749053545863,195.68153639005337,206.90752847022847,195.77150651784135,207.24212568923318,195.72889608647054,206.66647652573741,195.33491360284339,206.96445480063065,195.78566555020217,206.90752847022847,195.48288093794068,207.00836275209366,195.98534222413952,207.42625130332206,196.05226093385025,207.15986525054035,195.6948671809709,206.94414741434011,195.56426953985752,207.11422375595902,196.14342968853086,207.40993974550096,195.76502566899049,206.78535590854193,195.41164158200331,206.82197485265363,195.57111948192434,206.85459796829576,195.48544076318848,206.79993392324488,195.66734836149621,206.99707791627284,195.43478176285868,206.65745397526786,195.67243748258406,207.42625130332209,196.18066925565392,207.16715425789178,195.64676800588853,206.8912169124074,195.49263068178578,206.89121691240732,195.73901621576439,207.15986525054041,195.9158636891809,207.22181830294267,195.81534469278964,206.89121691240734,195.41630220476051,206.68678391202806,195.32445349701871,206.75602597178178,195.75743624825901,207.36429825091975,196.11159022282953,207.12324630642868,195.55269944943004,206.85459796829576,195.59610900555865,206.77633335807232,195.2549749620602,206.66647652573752,195.71658651737778,207.01009629521178,195.35117331222457,206.5239965777605,195.48257007809553,207.03769268885384,195.71143775019704,207.07933835496561,195.97420075253157,207.25114823970284,195.75953692527918,206.91152429869788,195.42580061436402,206.86188697564725,195.9878134070978,207.22581413141214,195.19894497699369,206.3684982508444,195.90034345846465,207.28447400493232,194.83023246792766,206.43600676747997,197.10290155338285,207.96771771541171,193.81103181196175,206.25273813956767,199.50258864560089,200.70146043763836,202.76019344236104,200.71029284746143
191.08683907988348,190.22329605796099,190.79636649169004,193.07592693152941,186.58381914934938,196.22416745407193,184.81378376738675,195.7216756384658,185.06253087923329,195.73540605200674,185.29500647616516,196.24005665751486,185.35301291382493,195.5932978460697,184.79333538056193,195.88235204479003,185.39725881546451,195.96991063571258,185.16729072903539,195.96701083393421,185.37429944974522,196.14385830735051,185.44066656800857,196.05846003954127,185.23031218770078,195.82805376401689,185.06253087923326,195.97963126287206,185.54040792841354,196.03097021626309,184.85970249882536,195.353422277627,184.80960342708497,195.80997370805312,185.23365784729887,195.87871276434683,185.140985703718,195.79621429831587,185.11262995097377,195.76872447503777,184.87011737524747,195.59039804429148,185.25327155342006,196.36920445798347,185.6869027009607,196.05772056087648,185.19108477545842,195.87905274087751,185.04124434331305,195.83712355480088,185.4151996917866,196.25492605185528,185.4423393978077,195.94128183163505,185.12304482739586,195.73364523102774,184.93983015310914,195.61970680143025,184.89809523036399,195.71087555611066,185.28915330606426,196.27084578470578,185.58799948965125,195.94128183163502,184.97738473555233,195.82805376401694,185.31545833138173,195.90438224104236,184.95777102943114,195.73580555414117,185.33507203750284,195.95248141612453,184.85468400942815,195.517309345575,185.16896355883449,196.05018925302642,185.20902565178051,195.9095018915377,185.39475130496174,196.0368293454236,185.12889799749672,195.73364523102782,184.93397698300825,195.6533070881103,185.23783818760069,195.93440136016079,184.70233606678008,195.40195148425121,185.58799948965125,196.32221373429323,184.39474783656999,195.22467551250423,186.37848325843873,196.8033246568115,183.45693114613996,195.22433706918491,188.91938870306765,190.16388922164532,192.0750332390505,189.9649680084074
202.16238526821556,201.30383732936329,202.0140283511443,204.50552240432049,197.70227155172535,207.97985953740897,195.86443468077837,207.27145562599338,195.82299363912534,206.96445480063059,195.8510747731755,207.51250757048436,196.04109034555705,206.87490535458633,195.52264980090408,207.324386127926,196.19226834227786,207.24212568923318,195.76937531141337,207.21452929559126,195.97377213371172,207.32265258480783,196.04936113207208,207.30407874163552,195.80411457889278,207.09964574125621,195.92746277580463,207.48317763372421,196.23891767671552,207.25843724705433,195.57512914781654,206.86588280411661,195.75527592514564,207.30407874163555,196.00595157594327,207.27874463334476,196.03853052030942,207.47588862637275,196.13978899536531,207.37731662985874,195.97161181059846,207.27874463334476,195.98062207577837,207.4302471317915,196.15826855346359,207.43024713179148,196.07287028565423,207.28776718381442,195.74370583471801,207.09062319078654,196.03128107610817,207.5451306861265,196.11917964356141,207.24941469658467,195.92277315685129,207.27874463334481,195.84496430977387,207.12497984954686,195.88010307938748,207.31536357745642,196.06272103967498,207.44655868961254,196.11306918015956,207.18919518730053,195.6365882305017,207.24212568923321,196.32505542318961,207.56543807241701,195.87134414844894,207.15257624318889,196.07221944927861,207.32438612792606,195.64269869390333,207.10693474860761,196.26143601739136,207.54513068612656,195.79677649240239,206.97174380798202,195.77310464686801,207.12324630642874,195.7989368155157,207.29505619116591,196.00570024170204,207.22181830294261,196.09450097977219,207.35371606468627,195.34620182962226,206.67376553308895,196.44365447554429,207.89274628407028,195.16630638653456,206.34645732143576,196.84099578868799,208.07757454774645,194.22920469446524,206.80807991677281,200.12080729525772,201.22920582120159,203.01549938206261,200.69166974265352
190.91355295984553,190.03626116662534,190.62966064038662,192.99325118091991,186.66394333524138,196.51230488954866,185.14850823522625,195.87350447156206,184.97738473555233,195.38517310103882,184.81294561829137,195.83660488096953,185.0207924880965,195.32470483126031,184.73114513420853,195.92481430826774,185.35133661563418,195.62274017847517,184.69024489216713,195.59164019143915,185.1051004826821,195.87927495843337,185.22612837900721,195.70276746154764,184.6894102114635,195.44228254130113,185.103427652883,196.09450097977225,185.3793144707507,195.87532481814489,185.1188610187024,195.97698279533526,185.40060100667088,196.04350200291171,185.14265506512535,195.7045282825265,185.06754590023874,195.92086416797935,185.18188247736765,195.88143528154652,185.37931447075064,196.08509121245768,185.08214111696279,195.49294154163084,184.79249723146648,195.71217722886192,185.14432789492443,195.7530269597429,184.91770546809346,195.56887051652183,185.00201346267906,195.89553466781427,185.20651467288607,195.91617454902584,185.41686905319395,196.12634044547318,185.10510048268205,195.64411953835159,185.1443278949244,196.04745214320008,185.23198154910807,195.72044801537689,184.99783312237722,195.62387915927459,184.77204537624996,195.76459705017066,185.54124260911723,196.10752091084441,184.93815385491831,195.562020574455,185.12555233789868,195.8546849369333,184.95776756103942,195.92558431634026,185.68690270096079,196.19251967651911,185.00117531358359,195.66037924773275,185.12555233789871,195.90420495646379,185.31127105429638,196.25548824594165,185.50285334597032,195.89340487410848,185.24490393603296,195.87529428873719,184.48407432055282,195.28092630240457,185.81127278849226,196.67147027592424,184.49950421798047,194.84541425532441,185.77204884464163,196.57308107323922,183.70650947029853,195.62024294525372,189.16896702722616,190.00562447267552,191.62416743147401,189.56294481680914
201.97891358173564,200.91186089029418,201.34018043572303,203.68882129633388,196.94117480854845,207.44082931802498,195.62603948238768,207.09964574125621,195.64429682293027,206.56061552187211,195.27228500995139,206.90423529134637,195.55599875334272,206.59723446598372,195.44342152210049,207.19821773777014,195.98608170280437,206.87490535458628,195.30091381402917,206.85859379676518,195.8569339023359,207.32039029945665,196.0334413992216,207.00107374474223,195.26222440626137,206.59723446598369,195.64494765930587,207.30407874163549,196.02403163190726,207.23310313876354,195.9810215779128,207.45558124008224,196.15135908579308,207.27874463334479,195.70862659070792,206.83828641047469,195.4955304835641,206.87490535458625,195.51472040364172,206.91881330604932,195.93542270247463,207.32941284992634,195.72704662320243,206.6248308596256,195.2141252311792,206.80166746636306,195.72269698077963,207.05400424667488,195.69270685785747,206.84730896094436,195.46804066028579,206.89521274087679,195.68039728876485,207.20550674512154,196.19840792236488,207.34972023621685,195.51000025528094,206.66144980373727,195.69850646141393,207.31310129210516,195.83481506379454,206.91881330604937,195.70757625219781,207.01009629521184,195.45243178728043,206.83828641047464,195.84397349686753,207.0630267971446,195.43577257576482,206.829263860005,195.81179405463593,207.01009629521192,195.44046219471832,207.02640785303291,196.12543827485615,207.3682940793891,195.84487566748459,207.39362818767987,196.30342472907185,207.57272707976844,196.25002861891574,207.67129907628245,196.09359880915508,207.02467430991473,195.78051678302128,207.07604517608357,195.09586615535503,206.58421608704467,196.5836618839719,207.93838777865153,194.97347965466392,205.99954437307929,196.49736144554569,207.98802510170222,194.46251077176777,207.06544341908491,200.12913760737658,200.93348983165967,202.80371417697941,200.91958032665985
191.13398478330123,190.05734149085623,190.36624796375989,192.43459721770262,185.92189274517864,195.87041298163561,184.85133834983009,195.85807288313543,185.10844961067187,195.34691231209098,184.56252914503747,195.54516814158001,184.89809523036402,195.39797081455518,184.78998972096377,195.78143354626476,185.17230921843264,195.57200712848245,184.68439519045796,195.56620752492583,185.12639048699404,196.0111003431241,185.4210528618874,195.86964297356297,184.78998972096377,195.37264131439022,184.85719498832256,195.85122294106853,185.24658023422373,195.85298376204742,185.15185736321604,195.87865323874291,185.14516604401982,195.72423546371334,184.89642240056497,195.49962879174558,184.81294908668312,195.55062776860589,184.83590845240244,195.56870782456986,185.06253087923326,195.85412274284693,185.0642037090324,195.54047852262656,184.77037601484261,195.68588603247633,185.23365784729884,195.93912150852171,185.10175829147565,195.49962879174558,184.60761319577239,195.34515149111218,184.76870318504351,195.68588603247628,185.23533067709798,195.67431594204857,184.51744856269423,195.19539433883966,184.92105459608337,195.85486222151195,184.9986712714726,195.63744688086351,185.23115033679613,195.90512171970735,184.83507030330696,195.34731181422538,184.771214163938,195.54121800129167,184.8563568392272,195.77779426582163,185.28999145515965,195.58206773217265,184.46278778463252,195.36357152360651,185.02079595648826,195.77779426582154,185.12555233789863,196.11892830932004,185.58381914934938,196.09575913226834,185.31462018228629,196.0881391821292,185.16561789923634,195.61171787856429,185.08799775545535,195.73907432864632,184.39391315586636,195.19937500853561,185.64684060801468,196.26939441085003,184.02413814769466,194.59596622761535,185.72780641139383,196.60074818109592,183.85802620063458,195.83496629811,189.28999839194304,190.05538130238824,191.93745254213903,190.30028804529738
202.17851064713858,201.07724041802956,201.45135935871738,203.73446279091505,196.92235527391964,207.41549520973422,195.65136898255258,207.30407874163549,196.01761030866038,206.92783585651901,195.48137145120316,207.09964574125624,195.88121306399071,206.94414741434005,195.56242007658955,207.05400424667491,195.76073555217158,206.85459796829576,195.48032111269302,207.0173853025633,195.85224428338248,207.26572625440576,196.13435989774683,207.49948919154528,195.97667193549003,206.98076635845166,195.54979964765167,207.10693474860764,195.98534222413946,207.2910603626965,195.90250378157788,207.16715425789172,195.83268527008869,207.08662736231713,195.65651774973361,206.98076635845169,195.7777056235322,207.2584372470543,196.03634120099989,207.22181830294267,195.6948671809707,206.95543225016095,195.74586615783119,207.26745979752394,196.02477111057209,207.43753613914294,196.28667687526703,207.49948919154528,195.8243549579698,206.829263860005,195.42321167243085,206.83828641047469,195.59644898208938,206.99707791627279,195.78242577189312,206.86588280411661,195.27123467144142,206.67549907620719,195.6569172518679,207.10693474860764,195.78597641004728,207.15986525054032,195.96115170477381,207.14129140736802,195.61631885522829,206.90250174822827,195.61242824054366,206.92783585651901,195.70205709956804,207.32039029945662,196.1883182019894,207.05400424667491,195.22708563664756,206.61354602380482,195.62473780963634,207.07031580449603,195.73531740971734,207.1029389201382,195.88303341057332,207.13053531378023,195.76931719853178,207.17617680836142,195.83021408713017,207.19248836618252,196.17520962862798,207.28776718381451,195.18012544236478,206.50195564835175,196.19263884821603,207.44326551073053,194.71265475788672,206.12171693476583,196.75781736959595,208.01162566687475,194.31926358503145,207.01980192450367,200.23295590768012,201.13792283203912,203.0062906526949,201.00912977270414
191.0641465964062,190.06981375190091,190.48020317486933,192.84818364760088,186.62137026340091,196.51881485508483,185.18940847726765,196.08765103770534,185.43732090841047,195.87532481814478,185.06085458104252,196.09416100324165,185.56420197483652,196.045662326025,185.20902218338878,196.00296313187584,185.22612837900724,195.76129774625812,185.12889452910505,196.13535071065326,185.47905583115562,196.06775204788116,185.4544236356372,196.42588527942576,185.71236957718281,196.06158205887556,185.08046828716374,195.96066356035035,185.48407432055285,196.31160687329756,185.60008372748078,196.31777686230316,185.62471592299909,196.22620860548835,185.31545486298998,196.02684279139618,185.41519622339484,196.35566726580208,185.83423215421155,196.34699697715257,185.18690096676491,195.67885880583091,185.12471418880324,196.23015874577689,185.64850996942204,196.34881732373523,185.74490567022889,196.35640674446697,185.29751398666784,195.84018604853114,185.20316901328792,196.04350200291159,185.34008705850835,196.0619815610099,185.38805651737377,195.93283376054131,185.04793219411764,195.82500579434557,185.22612837900721,196.04927248978282,185.5224635836997,196.20192944383351,185.18690096676488,195.67234884029486,185.12638701860229,196.15817991117424,185.43480992951606,195.86551554869598,185.10677331248112,196.1125810357359,185.62555060370281,196.11008073609202,185.0191196582974,195.67274834242929,185.22947403860539,196.1357502127876,185.31378203319088,195.86841535047429,185.25076057452563,196.11008073609219,185.3939096874746,196.06488136278813,185.3571932541268,196.30145762731797,185.91268697869623,196.35424642135359,184.8997645917714,195.61990002278981,185.72863762370582,196.38861518289488,184.51911792410164,195.49078275172886,186.58632665985212,196.9670344401809,183.76702341846106,195.76531047857276,189.42022164957547,190.31201924869475,191.87374922402427,189.67327308264885
202.00584211205179,200.86551841029876,201.18439346913104,203.80041167178683,197.45918532165939,208.0255010319903,195.96245337752532,207.31536357745645,195.9803707415372,206.95716579327907,195.42889210429055,207.07604517608362,196.00098009334107,207.18190617994904,195.85286459035061,207.35371606468621,195.95683105854738,207.03040368150235,195.80260509215515,207.5052185631329,196.19374729960794,207.08333418343506,195.59317867437284,207.27145562599333,196.18649785540677,207.27145562599338,195.68542688424878,207.09235673390469,195.96584132372735,207.45055451808193,196.21898815748347,207.65498751846138,196.36448430962244,207.51250757048433,195.98892185848968,207.30807457010491,195.96584132372732,207.37731662985877,196.23780769211237,207.60205701652862,196.04143032208768,207.04671523932345,195.66265720933166,207.18190617994904,195.91444284473246,207.18919518730047,195.9274627758048,207.27145562599333,195.85221375397495,207.28776718381442,196.24110699602505,207.69160646257296,196.2407074938906,207.41393557397035,196.04577996451056,207.42295812444004,196.10504972788601,207.39762401614925,195.96004172017069,207.324386127926,196.21611747239078,207.48491117684239,195.73429606740351,206.86085608211638,195.83305424281556,207.54686422924473,196.19368777400402,207.11995312754667,195.58382843266236,207.08333418343511,196.01860112156663,207.31709712057463,195.70825608476994,206.94085423545798,195.9408518000929,207.59476800917719,196.16582885750992,207.26243307552372,196.02625006790205,207.66401006893096,196.42156463319918,207.5401039641263,195.96584132372729,207.39362818767984,196.36695549258081,207.51650339895372,195.53424888752809,206.98978890892133,196.59455060861623,207.86012316842809,195.31060391178116,206.87819853346835,197.33913642866014,208.21276548837207,194.24981404626917,207.01650874562159,200.32338377097338,201.17627531926885,202.73250258113615,200.37652125958968
190.74337842167668,189.48614114836386,189.55364297834842,191.9664756968489,186.10928775976723,196.25708637496854,184.97821941625611,195.67067666160531,184.95860917852653,195.16494518817939,184.10844614228026,194.9667183548865,184.47738646974821,195.07019667865958,184.50201519687485,195.43773967751855,184.73198675169567,195.0756563056855,184.43564807861139,195.49200884160621,184.85552215852354,194.98118824709243,184.00452444157347,195.07704662072621,184.83088996300515,195.34910163140049,184.37847979004695,195.04486717849454,184.56002163453468,195.41198155853368,184.85719151993086,195.61995813567157,184.92021644698792,195.38921188361653,184.62137026340096,195.37443113156547,184.6288997316926,195.20224428090631,184.66561616504055,195.65549640741972,185.04459000291115,195.37949125645704,184.45860744433077,195.16244488853536,184.52079422229235,195.1240954572983,184.42105286188743,195.14652515568494,184.53873509861447,195.51514902246163,185.25494438321911,196.06931964750035,185.18272062646304,195.4865202183841,184.6117935360742,195.57225846272388,185.18439345626211,195.77884460433168,184.77204884464172,195.29665281389555,184.75243513852047,195.56398767620888,184.75076230872145,195.34151221066878,184.80960342708491,195.59181747601764,184.82214791638208,195.26626318883902,184.40850837259032,195.12085567898953,184.65269377811558,195.34003184061675,184.39307500677094,194.96162923379867,184.63140724219537,195.6941858151875,184.97403907595418,195.40118147617866,184.75410796831957,195.78424470575376,185.31294735248721,195.76903533488289,184.6869027009607,195.29335350998306,184.87931620494655,195.45470974887931,184.18439345626211,195.03292811534013,185.33674486730189,195.9777803868819,184.12471418880321,194.94500055169061,185.85636030761893,196.09788739276289,183.04207555562505,195.21020715350946,188.91771587326858,189.64550820259606,191.18526329232543,189.14171887207334
201.95198505141965,200.65693191651454,200.8144387939831,203.15708008430124,196.67929957326103,207.4114993812648,195.60864079220718,207.19248836618252,196.02779008404733,206.87819853346835,195.23822710825533,206.71038447720053,195.43524091108611,206.41240620230747,195.08920943464787,206.77233752960291,195.56833885184298,206.41240620230749,194.95611149389097,206.62083503115625,195.51478004973484,206.51097819882139,195.07658900571008,206.71038447720059,195.68912722350723,206.7520301433124,195.19922684064244,206.61181248068658,195.49957067886385,206.78864908742406,195.47162182784737,206.87819853346826,195.60989894470347,206.77060398648476,195.44811267426522,206.89451009128945,195.57805947900241,206.68105454044036,195.36962387412646,206.91481747757999,195.70248713110996,206.78864908742403,195.36095358547706,206.74700342131214,195.48760108630168,206.64616913944701,195.25352512141569,206.56790452922357,195.28212480880771,206.72669603502166,195.70498743075393,207.20879992400364,195.87609482621733,206.81624548106598,195.22134567918405,206.72669603502163,195.76576656037761,207.06631997602662,195.49300118772391,206.53857459246342,195.2246158664112,206.85286442517759,195.86341487167573,207.23413403229438,195.80340562963534,206.84384187470792,195.42028287445629,206.73571858549133,195.33892338922487,206.63714658897732,195.53786058449705,206.75602597178181,195.08278811140119,206.26992625433047,195.30384414521478,206.95143642169154,195.66660888283135,206.79593809477547,195.47714098047715,206.95872542904294,195.85036582391808,207.06631997602662,195.40840192418352,206.5915050943961,195.61344958285747,206.80166746636309,194.7698833698459,206.14202432105631,195.91629372072256,207.25114823970284,194.71046543857736,206.09238699800565,196.48073276343752,207.4269539529094,193.74192378294126,206.68520470549899,200.02495033434599,200.76896895427393,202.48156913610109,200.45564452016276
191.54417204653402,190.55582886787835,191.07127297029461,193.18792737605878,186.68606802025695,196.67659145963106,185.41603090409859,196.61149168378051,186.17063638863351,196.65456126337878,185.8488273709356,196.90597639284152,186.12973614659214,196.2844875559575,185.31043637359278,196.51128354723483,186.00034410127168,196.27902792893158,185.25159525522926,196.27035764028216,185.77204884464172,196.4404146972355,185.74657850002791,196.70339991712603,185.98240322494962,196.46173453150817,185.66645084574421,196.66866064964671,186.00034410127171,196.38944483706058,185.41938003208844,196.38404473563833,185.88973108136867,196.68353004398699,185.98658356525138,196.85096775008887,186.14182038442164,196.66792117098166,185.73198328330392,196.43134490645167,185.62304309320001,196.32968692926136,185.71069674738374,196.60859188200243,185.85301117962908,196.35501642942634,185.52162890299607,196.31160687329762,185.56252914503742,196.20994889610728,185.50034236707583,196.43424470822998,185.87764337514744,196.44115417590046,185.43397524881237,196.15283945584503,185.62638875279816,196.4946534524048,185.71236957718276,196.25119812912271,185.41101588309306,196.44652516063715,186.17063292024184,197.06329396964944,186.08632492565633,196.46210491695717,185.65725201604519,196.50767338347703,185.67816065433766,196.40166576386383,185.8676063963531,196.47984358366821,185.33925237780466,195.97849228207281,185.53538943901634,196.56774215112128,185.90311025136955,196.57280227601279,185.7883168911647,196.46574419740048,185.77121069554627,196.50446272185349,185.52413988189053,196.18973904643758,185.82837898411071,196.49684277171431,185.04877034321305,195.74549718510431,185.97403907595427,196.77068759956379,184.88015088565021,195.69270839106881,186.60008719587245,197.07671186964492,184.12805638000967,196.43495813663205,190.12388644488297,190.81670038361059,192.34950172932977,190.31350475656106
202.14475562644887,201.26649895886646,202.03515205532091,204.33215288381945,197.37421555218089,207.76484435079618,195.73451687223726,207.47259544749062,196.37253275809243,207.62236440281916,196.50613336733193,208.41146911716388,197.07211089298067,207.66800589740041,195.93823232875224,207.82350422431651,196.80656584784262,207.85612733995862,196.28877613956513,207.78688528020493,196.46543180434406,207.70462484151201,196.44325344019859,208.04424878251692,196.644839103008,207.78515173708669,196.50983217337901,208.15913233685202,196.77432688000707,207.65898334693077,196.00268126822689,207.60605284499803,196.5623406369771,208.11349084227075,196.86688594972804,208.25094406824749,196.84485575347591,208.00762983840536,196.43714297679699,207.65169433957928,196.1673078148398,207.60605284499803,196.48996230024014,207.91808039236108,196.4049635345653,207.50019184113262,196.10507872408229,207.62409794593734,196.37312406886423,207.56214489353502,196.02875024705702,207.37402345097669,196.19587709331347,207.62409794593736,196.19007748975719,207.37402345097672,196.03454985061336,207.56214489353499,196.36732446530777,207.71364739198165,196.31345480335438,207.75755534344472,196.62272026446649,208.03522623204731,196.5087818348689,207.72093639933311,196.43680300026634,207.7868852802049,196.22515673376708,207.52552594942338,196.37062376922032,207.64440533222785,195.96902145594333,207.33740450686511,196.3572638616175,207.92936522818192,196.53476217140965,207.81950839584704,196.47774137343654,207.70462484151204,196.24644745135427,207.50921439160228,195.94344062153692,207.35371606468615,196.51199249649235,207.9586951649421,196.0135699928714,207.23483668188172,196.69799840298165,207.97171354388109,195.33195274225005,206.89121691240737,197.46791372319049,208.59300420195802,194.76131459384411,207.54824995765426,200.82331422812061,201.70801653130152,203.37017151886701,201.11141695120651
189.65321822736101,188.74242954786411,189.32469611412162,191.53118445460237,185.14433136331607,194.95616960677262,183.69191772196629,194.57307584779005,184.03622585391582,194.65588529415521,184.3622082751323,195.56528934896025,184.8905657620723,194.78864325838163,183.77539103584812,194.94203969109736,184.64432962912019,195.15584628070999,184.41854188299305,195.10012715548859,184.30960169288903,194.80780276954101,184.25661374462646,195.18546589769389,184.53789694951902,195.03246896711258,184.4381555891141,195.32402346547684,184.66979650534228,195.09608837291074,184.30709071399463,195.07399865105495,184.50954119677476,195.2697251847037,184.70065976858939,195.2925543852248,184.46278778463247,194.95360978152499,184.20818750268521,194.88163094692243,184.25076057452551,195.03610824755592,184.54124260911723,195.08710722441631,184.19024662636298,194.67905447120683,184.01911965829743,194.87512098138629,184.44150124871234,194.99269869142717,184.06001990033883,194.49890769387792,183.91770546809349,194.83782188865931,184.31545486298992,194.78031294626285,183.9798922460551,194.70799413512967,184.2457420851284,195.04585799140088,184.42523320218925,195.01367854916936,184.34882910513144,194.9612296111751,184.20818750268506,194.91526035028787,184.42523320218928,194.9550596221695,183.99114180318088,194.53364696135733,184.04877034321296,194.75282312298455,183.97570843736159,194.77957346759769,184.52664739239324,195.2173053633951,184.30709071399457,194.87148170094312,184.33757954800564,194.96696968912789,184.18773564746851,194.67069504240268,183.81043810778863,194.60522629382555,184.50619553717667,195.38298224851806,184.28496949737072,194.75211417372708,184.71571523678091,195.16701533579203,183.2023308641925,194.15521535834287,185.50787183536747,195.9827503362728,182.8275373666236,194.53726019153748,188.10929122815901,189.13752776376757,190.9569240580924,188.97320866138776
201.04644681737108,199.860661176364,200.15514037930231,202.44623998017991,195.83246458574416,206.48494144094337,194.82764505920568,206.31383420579351,194.98414910768597,205.99554854460987,194.90943316325703,206.66074715414987,195.34657386877171,205.98652599414024,194.49816974842417,206.20397737345874,195.15735730065893,206.26419688274277,194.97496155792732,206.293526819503,194.88314196687142,206.03216748872151,194.90878232688129,206.47262571159163,195.2622259394727,206.32614993514522,194.94642139613893,206.37405371507762,195.24991637037996,206.677058711971,195.50423130162093,206.68608126244061,195.20650681425118,206.37405371507771,195.08207916214366,206.27321943321249,194.82233372056203,205.95390287849801,194.67186608582085,206.16735842934713,195.17756715032837,206.58750926592666,195.28175583608098,206.33743477096604,194.92399169775229,206.16735842934708,194.83319332852111,206.19495482298905,195.14248790631839,206.49795981988231,195.11425860437532,206.19495482298908,194.86142263046412,206.29352681950297,195.18117731408631,206.44502931794966,195.04807937332919,206.24788532492178,195.04733989466436,206.43600676747997,195.13307813900403,206.32614993514522,195.07556919660755,206.32112321314494,194.90878232688138,206.18366998716817,195.06979870973643,206.24059631757027,194.66856678190814,205.82773448834214,194.72471452594945,206.0981163695933,194.78358466670127,206.25690787539136,195.36067325503939,206.53457876399398,194.88666348833996,206.09638282647506,195.02209903678863,206.46134087577076,195.24405724121951,206.36676470772619,194.77972316870213,206.08509799065422,195.31643557795638,206.77962653695434,194.96018080587626,206.05576805389407,195.5024414844458,206.66647652573749,194.08539684685371,205.65019523201735,196.38919503603046,207.29678973428412,193.26226270106727,205.67135960448434,198.89921039408824,200.05812885015271,202.17041773391506,200.24518479080817
192.23016435865432,191.06917771259117,191.31259229480594,193.40586139053852,186.98742518273841,197.27215960606748,186.3471562753324,197.36042714624733,186.3851745776349,196.62142012492629,185.8454851797292,197.08917113984188,186.38350174783588,196.71656813658043,185.87011737524756,196.92744439500731,186.23449599639426,196.82143677539426,186.08047175555541,196.87968519645574,185.96530049772289,196.6445893019779,186.07629141525362,197.10725119580579,186.40227730486171,196.92889435614111,185.97989571444688,196.80952670843598,186.22613184739893,197.22627886698038,186.57089676242452,197.11271082283167,186.09590512137478,196.7715767793332,186.00787356956332,196.73356732462665,185.91603610668614,196.57005064212771,185.74825479821868,196.72051827686897,186.33841769710097,197.26817893637144,186.39391315586639,196.96360450693501,186.20986380087587,197.01534296246044,186.12639048699404,196.85327624109536,186.22780467719798,197.20126022666048,186.54542641781075,197.22948952860375,186.29166428495867,196.9574940435333,186.24909121311825,197.20165972879479,186.45944559342615,197.14014112050612,186.40060447506261,197.1640206595373,186.22278618780081,196.94768477408442,186.36137706282028,197.14483073945951,186.12471765719496,196.72378846409617,186.07963707485175,196.90501469662073,186.00703542046793,196.70459854401832,186.06002336873061,196.78493668693602,185.89809523036399,196.84065581215751,186.39475130496177,197.05949199725407,186.02497629679004,196.78999681182754,186.18606975445294,197.14415078639831,186.58465383005307,197.29029777491289,186.14851517200964,196.78240739109575,186.41352686198752,197.29208759208811,185.92272742588239,196.54074200547805,186.55918695383107,197.37276571153637,185.52581271168955,196.50387294429308,187.43314403650044,197.63538042548876,184.23532720870622,196.33273796535542,190.03874376959376,191.10732359467235,193.06906734389895,191.19665917870037
203.32145939168976,202.16491765355494,202.53207534206106,204.705102590054,197.79815750883347,208.54892234314062,196.89283575686107,208.5687009871981,197.03413043447048,207.84381161060702,196.40234406322455,208.35524543634915,197.1693886983407,208.19974710943302,196.76013731823861,208.3918643804607,196.98668209576397,208.09388610556766,196.70336785450712,208.15983498643936,196.61080878478606,207.90576466300934,196.80974598005844,208.49772538432615,197.08430129037649,208.14681660750034,196.6332384831727,208.07757454774651,196.74316724687802,208.05726716145605,196.58729963120382,207.8967421125397,196.59992006014173,208.04095560363487,196.60139901747166,207.95140615759061,196.76633642392969,208.15983498643939,196.54784021536355,207.79990365914392,196.63323848317276,208.2127654883721,196.80067618927461,208.13050504967927,196.87996399368203,208.26569599030478,196.76593692179532,208.07757454774654,196.70271701813127,208.27298499765624,197.20798946381922,208.70215838470551,197.0847007925108,208.04824461098636,196.56592027132751,208.25667343983514,197.03114199040269,208.38786855199132,197.07563100172729,208.4081759382818,196.8003362127439,208.15810144332121,197.00655196890293,208.3896020951095,196.69975769074924,207.91704949883021,196.71789727231695,208.26569599030481,196.83575543328448,208.19245810208159,196.92121322669757,208.11419349185809,196.44578273603881,207.90576466300939,196.79027560905391,208.16712399379082,196.69645838683653,208.15583915796998,196.88542362070811,208.35351189323094,197.17902068321081,208.52305949261682,196.70851662168806,207.86012316842809,196.85710567647556,208.29502592706496,196.2378352755866,207.50921439160231,197.05903131581539,208.59300420195802,196.18492730985409,207.75355951497534,198.03368343485315,208.76880991516464,194.71392436801935,207.68917026986736,201.09027858449576,202.02803573560331,203.83779107680832,201.712574598835
189.70547987092382,188.58529355830865,188.87095210038939,190.9507370367476,184.61551362490832,194.55913915347412,183.48657836266386,194.35258200806254,183.76368122725458,194.04760807649168,183.42271875490314,194.54534921432938,184.12053038010967,194.44551158372178,183.77371473765734,194.60541798197366,183.87262141735852,194.10116687859977,183.41853841460133,194.22053440581581,183.51660694520712,194.10076737646546,183.83924717521705,194.75733545735932,183.97487028826623,194.20569554088294,183.51995260480518,194.26067377471722,183.58799255286783,193.98247918395577,183.24239295713855,194.04504825124403,183.77873322705449,194.40028168101026,183.45274733744648,193.95897003037359,183.70902044919285,194.53016896014384,183.60760625898902,193.78536233526614,183.1614306221511,193.95177869905419,183.35802446643874,194.04183758962049,183.62303962480831,194.23210449624338,183.56336035734941,194.12467603218198,183.39641719797743,194.12649637876473,183.93564287602379,194.84924369070464,184.02078901970489,194.11017714377974,183.35635163663957,194.27369370578958,183.74824786143529,194.29143378522269,183.74824786143523,194.40574130803628,183.67146586674968,194.18400532116135,183.59840742928995,194.1630254634193,183.39892470848011,194.11091662244476,183.77120722715458,194.4346809719591,183.66477454755332,194.28492381968664,183.83339400511622,194.36810223877862,183.50117357938774,194.08919728603769,183.60342591868715,194.21328496161468,183.54040099163009,194.30118352906783,183.83506683491532,194.52184006074717,184.03956457673056,194.56777891271608,183.52162543460435,193.92352040091478,183.62554713531102,194.23463379208366,182.95692941194409,193.52743724026729,183.85468054103646,194.67196618574647,183.12387257131613,193.93256119550216,184.87847805585116,194.92773095763198,181.82753389823191,193.84432418472977,187.5462645669061,188.27240490630066,189.81556008698527,187.80223879589573
201.89444070111654,200.47935970686419,200.44895398980935,202.76538262754002,196.36673775416969,206.96287559410155,195.01251351810683,206.46845597576791,195.37591456804017,206.60867363839367,195.38656648250196,206.99620135933108,195.72750871736324,206.68920053396835,195.37320657489914,207.01251291715218,195.68552000568278,206.50107909141008,195.05345189127721,206.5760505227515,195.26623713857612,206.49379008405862,195.48467382153842,207.11108491366613,195.73321967863043,206.66386642567758,195.28175736929228,206.69093407708652,195.32624638061657,206.5140974703491,195.28610701171502,206.9595824152195,196.02187437521647,207.05815441173345,195.16852930167408,206.28033453320958,195.31939643854992,206.87905551964482,195.3736060770336,206.30566864150035,195.01556148777843,206.38792908019323,195.03463235664839,206.31469119196998,195.12662923228308,206.44085958212591,195.22779906504971,206.59236208057257,195.22103776527217,206.55400959334281,195.63767216484194,207.19161180924078,195.64171094741937,206.51010164187971,195.23834781316359,206.81710246724251,195.47057443527046,206.48476753358892,195.1392496612209,206.64529258250528,195.52157341213095,206.69822308443798,195.16673948449912,206.22740403127688,194.9247035929431,206.67062669079604,195.82185772474855,206.95055986474983,195.25278858868393,206.44814858947737,195.36644527512192,206.81710246724245,195.43472518318802,206.68191152661689,195.49343275247716,206.66559996879579,195.12108096296768,206.53040902817023,195.52817201995643,206.97589397304057,195.72446074769169,206.84469886088439,195.20295770930841,206.42055219583546,195.47452457555892,206.78447935160025,194.88385386206213,206.20310081651698,195.89059678104218,207.1810296230073,194.59146983002151,206.15346349346629,196.87249834428101,207.89186972712861,193.91917370442525,206.21124681004491,199.13001770495833,199.95712066093319,201.83352984782005,199.95043372225484
195.57926960285732,194.00115502734377,193.65889814610151,195.91445590414796,189.92775285206295,200.23329588421072,188.64015275721022,199.63352626324456,188.92273436266575,199.85131210983124,188.95693981711923,199.9819097509442,188.96028894510906,199.60714642456955,188.75160392620853,200.14323699364439,189.35469268040745,199.86649236401666,188.7516039262085,199.78908301907367,188.7950151471444,199.50983808980197,188.66395027202486,199.96599001809375,189.23366478408229,199.94572064282039,188.87597748213184,199.76051374059983,188.74909641570579,199.6740651342806,188.92189621357039,200.21487585171627,189.53874203539792,200.11105755141281,188.67064159122108,199.4808984258793,188.77205578142514,199.85276195047567,188.85301811641247,199.74024436532653,188.98408299153206,199.88059175028451,188.76954480253062,199.53260776471936,188.56504706071533,199.53550756649759,188.79250416824993,199.92184098330003,189.02163757397534,199.9609008970059,189.31462711906968,200.30456423634456,188.98073733193391,199.53732791308033,188.74909641570576,200.03290872780462,189.10761839835996,199.63932586680119,188.50118745295458,199.66826553072397,189.123886444883,200.1019877606289,188.92189621357039,199.43384958930733,188.4143684794746,199.86433204090341,189.46196004071228,200.23764552663357,188.87430465233271,199.56299738977575,188.75411490510305,199.84625198493964,188.87263182253361,199.79090336565633,189.04626976949379,199.81441251923854,188.54124954590057,199.4845085896371,188.87681563122723,199.95948005255758,189.02247225467897,199.77282330969248,188.64684754479813,199.61365639010558,189.0633724967204,200.09041767020125,188.73115553938368,199.73771506948628,189.70986900346344,200.33026270923634,187.79250416824991,199.00737833681467,190.37514453562397,201.39883368362831,187.94066830220447,199.4816118542814,192.37598615311109,193.29070379763382,195.42117933230847,193.89783596562512
196.83603848945961,195.3717880501799,195.19588856662597,197.34530003776695,191.03497437462067,201.37897477653004,189.90615581479474,201.06139176493383,190.13204975594434,200.85296293608499,189.77521819715099,200.87327032237559,189.80899576840974,200.57529204748244,189.71844873341936,201.25680221484356,190.57731295959167,201.27311377266463,190.03209295363973,200.93522337477791,189.81294590869805,200.50604998772866,189.37336454963253,200.68514887981729,190.12585065025331,201.10303743104569,189.94274454554213,200.72176782392887,189.63930909690518,200.62093354206374,189.74306787160486,200.94251238212931,190.09003192757837,200.88055932972705,189.75898760445543,200.82536654244308,189.92978414007379,200.81131726997316,189.76259776821323,201.04108437864332,190.41416537030867,201.35537421135749,190.13301145216514,200.87327032237556,189.72794714302316,200.74710193221961,189.93984474376396,201.20387171291088,190.32842712596886,201.32604427459731,190.49296503029245,201.35537421135757,189.8697153724296,200.51333899508009,189.67364886225002,201.11432226686651,190.29979832189127,200.951534932599,189.67438834091507,200.77469832586161,190.11965154456229,201.40830471329022,190.4550151011897,200.98815387671058,189.60201000417808,200.82762882779437,190.31176791445341,201.40830471329019,190.17065052142266,200.85296293608502,189.82886564154856,200.73079037439857,189.52528202501821,200.55898048966134,189.87301467634228,200.79274342680088,189.55746146724994,200.50604998772863,189.72109720095654,200.74710193221964,189.76219826607885,200.74710193221964,189.72109720095654,200.75439093957104,190.11925204242789,201.24951320749207,189.91170408411,201.01904344923463,190.89632816454849,201.41403408487778,188.64117694097067,199.85369584977332,191.20503143157407,202.42787918589244,189.0153925973178,200.74449183215972,193.74000578385861,194.77009835871229,196.98371552928705,195.42200667870515
198.01552100400133,197.08387180337704,197.67786495481954,199.72972813874793,192.69029071789328,202.90272142891712,191.53152859512966,203.11503504715682,192.03246016721008,202.61713704264861,191.46746872012,202.87976200752371,191.77297291566677,202.57102872268828,191.54680220291138,203.20886712841053,192.51398135580212,203.28508442694638,191.71921903414798,202.65645475059179,191.66097182002798,202.67718553180814,191.32988802320853,202.40776995491584,191.62056726966526,202.85224061429025,191.70931357515485,202.64045540920691,191.48298657275379,202.49060839747733,191.44618218419978,202.76681458638677,191.82328292502251,202.84723491159761,191.83678854582439,203.13264982987477,192.0515781816525,202.80371417697935,191.51004179196053,202.88914020488286,192.11199391725032,203.21145471375257,192.0304919129812,202.96276991807665,191.68225835594819,202.73008446378554,191.78864705794629,203.16534639379228,192.17368500353334,203.12861627119108,191.99008736261845,202.9719786474443,191.61066181067218,202.60113770126375,191.70137637039062,203.08912909525642,192.08853885985238,202.93266093950118,191.63194834659237,202.76019344236107,191.83122012978677,203.25497544837083,192.40971719767865,203.1653463937923,191.55261486380095,202.64724602122402,191.93957708601377,203.24818483635377,192.00146843954562,202.84982249693965,191.74030530281934,202.6035558186143,191.15983998069862,202.24451118714344,191.4212954864708,202.52992610542054,191.38813523732864,202.52071737605283,191.53329658210959,202.49060839747733,191.39587217484399,202.76681458638674,191.87359293437831,202.96697294475175,192.05734686493906,203.12844680319967,191.61283033214985,202.89351269954938,192.72099007651184,203.44380123206082,190.67615027062888,201.84810322504529,192.82939101034182,204.00363742992275,190.50625851776485,202.71084431985051,196.01322599860521,197.06672343983999,198.91942042586354,196.81458760934098
194.80665151167349,194.48506746223623,195.92518775943137,197.92319019491097,190.37208868442741,200.18880344505797,189.02449724239597,200.80858419749435,189.94614847377855,200.38409091342211,189.52746188899778,201.08467920791421,190.16000713655507,200.68523938565167,189.63010372848248,201.09867921874846,190.45378566530343,200.94232224148277,189.27639695745054,200.21142237833527,189.71435883382532,200.99512976186989,189.86278192588784,200.42302140452051,189.33414610180952,200.42945176152236,189.60058388606683,200.65736234552872,189.66946613869959,200.45964034863215,189.51805212168338,200.90326876883876,190.21603293995463,201.12886780585825,190.12064472633796,201.25503619601417,190.31695143847995,200.91958032665985,189.5462814236266,200.44576331934346,189.51759636471823,200.58824326732051,189.77634772262044,200.79984229350572,189.72376860113971,200.56550135249756,189.70322572555153,200.88939173955006,189.90721886404836,200.55162432320887,189.39613499060471,200.48238226345507,189.65833303042569,200.83003088061551,190.09457156584108,201.04574871681575,189.86957979479075,200.65505079854188,189.66774279774015,200.7102928474614,189.72204526018029,200.7975307465189,190.04534363134445,200.88939173955006,189.56510095825541,200.52888240838593,189.8713031357502,200.92601068366167,189.7297316865353,200.61843185443027,189.81700067331002,200.6410507877076,189.32390155098784,200.16080342338941,189.2798436393694,200.28697181354534,189.4248200495131,200.60443184359602,189.7254919420991,200.45964034863212,189.46202631828385,200.90326876883876,190.27205874335414,201.18179830779096,190.18435695609253,200.87308018172894,189.29693983303883,200.50626347510863,190.54529439651429,201.4654959253688,189.17765755684988,200.10270484283114,190.76214398424443,201.46435662853813,188.03999152124453,200.46973455921704,194.1933378353329,195.13716976429669,196.38466353977324,193.62834030904125
