189.84470905779227,188.70776661148346,188.61364313892835,191.04210379898865,184.86913265336486,194.1625755198036,182.96797251730285,193.76625923966881,183.23106769734579,194.19173598857233,183.93047518034737,194.36440452365918,183.62167405897037,194.23105369651557,183.3278825756928,193.39176170072653,182.76550720868124,193.80557694761208,183.22154676293741,193.39176170072653,182.87184302143663,193.80557694761208,183.11521095018202,193.39176170072653,182.97817883419202,194.05838516142876,183.5807714388466,193.89961006681241,183.22086138045665,193.76625923966884,182.97817883419199,193.51121908739967,183.08451464694738,193.93892777475577,183.50513192932584,193.93892777475577,183.08451464694738,193.51121908739972,182.97817883419199,193.93892777475577,183.61146774208123,193.93892777475577,182.97817883419199,193.51121908739972,183.08451464694738,193.93892777475577,183.50513192932584,194.1917359885725,183.65641094836732,194.1917359885725,183.50513192932584,193.93892777475577,183.08451464694738,193.68388762248648,183.3687851958166,194.40372223160239,183.97137780047117,194.36440452365915,183.5807714388466,194.19173598857233,183.5807714388466,194.36440452365915,183.97137780047117,194.23105369651557,182.97817883419199,193.39176170072653,183.11521095018202,193.80557694761208,182.87184302143663,193.39176170072653,183.22154676293741,193.97824548269884,183.15611357030582,193.85655615757318,183.68779263408271,194.40372223160239,183.65237036220503,194.11159630984253,183.32788257569277,193.68388762248651,183.12541726707119,193.97824548269884,183.25224306617204,193.56443023581326,183.23175307982658,194.09770286937194,183.11521095018202,193.69778106295689,183.97137780047117,194.47220040831431,182.48123665981203,193.28396581607137,184.71168790359656,195.1781415769598,181.99450080232123,193.42897814523289,186.86985484154184,188.04705760459547,190.34029124229184,188.84493664611563
188.41785607193569,187.36707601859331,187.37073831731098,189.90778176178492,183.85133993206011,193.06679989869278,181.88379215566408,192.53980642635253,182.01769419325083,192.85495490941636,182.5967130261584,192.96081591328178,182.34941846943494,193.01288776486484,182.28169566289418,192.30790001387675,181.73667243713396,192.69773928180101,182.1815208247009,192.30790001387675,181.83684727532724,192.69773928180101,182.08134598650759,192.30790001387675,181.93702211352056,192.87040781688782,182.37177750993888,192.63021452274648,182.07479250123407,192.73521687626226,182.17649817982877,192.63850140441204,182.15693498486797,192.78814737819494,182.30634193922489,192.78814737819494,182.15693498486797,192.58557090247933,182.05676014667466,192.78814737819494,182.4065167774182,192.78814737819494,182.05676014667466,192.58557090247933,182.15693498486797,192.78814737819494,182.30634193922489,192.90788541134904,182.42780331333844,192.90788541134904,182.30634193922489,192.73521687626223,182.03719695171387,192.58557090247933,182.26874638970466,193.11874876873026,182.69409201880859,193.05036535932609,182.36236774262446,192.85495490941636,182.25203947678474,192.96081591328178,182.69409201880856,193.01288776486484,181.93702211352056,192.30790001387675,182.08134598650759,192.69773928180101,181.83684727532727,192.30790001387675,182.18152082470087,192.89314973171074,182.17872497915778,192.78098135238909,182.56927090428456,193.06581826679755,182.27382947107458,192.78814737819494,182.28169566289418,192.72805085045636,182.25431397751817,192.94608023364344,182.22566985949464,192.50331046378651,182.23475078255734,192.97541017040359,181.9710177206679,192.45123861220341,182.80442028464827,193.29686602892366,181.39479473330346,192.11432984621189,183.60055614336008,194.01730668738321,180.90579731094283,192.18297765967813,185.56747096982042,186.67840070926363,188.93567021627649,187.48703251494493
187.89944852049067,186.96665146403325,187.11541528842048,189.81919659584767,183.86623171707819,193.03393749544477,181.77393228276671,192.31596812870407,181.73244839384051,192.48863666379094,182.16453864439129,192.51612648706907,182.00331672231098,192.81552961312451,182.23219562582577,192.28139832921619,181.70559344188271,192.64286107803767,182.13931254462949,192.28139832921619,181.79847652307899,192.64286107803767,182.04642946343318,192.28139832921619,181.89135960427527,192.70520134728477,182.09457095131125,192.33887951151843,181.86460286488219,192.75802067072792,182.43309626121621,192.88261779082688,182.25511101394201,192.665772460852,182.04258811215638,192.665772460852,182.25511101394201,192.76287975767275,182.16222793274574,192.665772460852,182.13547119335266,192.665772460852,182.16222793274574,192.76287975767275,182.25511101394201,192.665772460852,182.04258811215638,192.60837469694499,182.12526725454589,192.60837469694499,182.04258811215638,192.54603442769789,181.98424268547154,192.55089351464275,182.16222793274574,192.84301943640267,182.34415274386149,192.7187029627847,182.07328441539102,192.48863666379091,181.82370262284078,192.51612648706913,182.34415274386149,192.81552961312448,181.89135960427527,192.28139832921622,182.04642946343318,192.64286107803764,181.79847652307899,192.28139832921622,182.13931254462949,192.87292737703146,182.22604356290341,192.7809598136366,182.4408771763346,192.72328140324856,181.79463517180218,192.45378621782203,182.23219562582577,192.87320802351246,182.43472511341224,192.99266541018559,182.20149932259113,192.51146462821001,182.25673986613805,192.91235626346423,181.79684767088295,192.21206150215465,182.59373453641172,193.14950253866769,181.27802640205829,191.97033678648737,183.47630721490316,193.90019850606978,180.78212052134987,191.92419198872119,185.17936400648912,186.21286492647062,188.44739602761999,187.05910054570506
190.57730934214229,189.52424986931698,189.5222115871434,192.27416006205169,186.3570905326153,195.78667577501574,184.46576897779056,195.16053230229286,184.41558352925773,195.2134628042256,184.58550701094467,194.98872241755569,184.33999453089737,195.43820319089548,184.82893321754131,195.0416529194884,184.30855456733076,195.38527268896277,184.74063514795378,195.0416529194884,184.39685263691825,195.38527268896277,184.65233707836632,195.04165291948843,184.48515070650572,195.43820319089548,184.68377704193293,195.07827186360004,184.44430097562471,195.49113369282819,185.02886122571985,195.64992519862631,184.89576328496295,195.44549219824694,184.63021823982479,195.40887325413533,184.90517305227735,195.5969946966936,184.80746521537546,195.35594275220262,184.60818804357257,195.35594275220262,184.80746521537546,195.5969946966936,184.90517305227735,195.40887325413533,184.63021823982479,195.35594275220262,184.69318680924735,195.31932380809101,184.63962800713918,195.40887325413533,184.80351507508706,195.46180375606804,184.75936604029329,195.40887325413533,184.68377704193293,195.31932380809101,184.64903777445357,195.2134628042256,184.35205276574879,195.07827186360004,184.68377704193293,195.34865374485116,184.37482244066604,195.04165291948843,184.762665344206,195.52775263693977,184.51659067007236,195.04165291948843,184.62089711479967,195.43820319089545,184.64027884351486,195.37225431002372,184.90452221590164,195.30301225026989,184.20689659014045,195.07827186360004,184.82893321754128,195.64992519862628,185.00344308326561,195.63361364080521,184.69978541707277,195.18413286746542,184.76001687666897,195.46753312765563,184.13469553798211,194.78758259605837,185.2014185823171,196.00656334703967,183.95480009489441,194.63937327649379,185.91166463701612,196.53830455907229,183.3335029461586,194.71017497201149,187.89931830632869,188.880523731892,191.04190448206322,189.56575910060849
185.00547938687333,183.77860721574064,183.49701010393832,186.06010552390975,180.39725187868089,189.71876867204301,178.91937829789234,189.36208386842074,178.98072345836692,189.36208386842083,178.91937829789234,188.89001220727857,178.52246011530787,189.33459404514261,179.10677331248093,189.00975024043268,178.60593342918972,189.33459404514261,179.02329999859907,189.00975024043271,178.6894067430716,189.33459404514258,178.93982668471719,189.00975024043271,178.77288005695345,189.44492231098229,179.10593516338557,189.17758744866902,178.79416659287369,189.32734460094147,179.04374838542392,189.38016392438462,179.10593516338557,189.47241213426051,179.04374838542392,189.38957369169901,179.12722169930581,189.47241213426051,179.02246184950369,189.26983565854491,178.87763990675558,189.26983565854491,179.02246184950369,189.47241213426051,179.12722169930581,189.38957369169901,179.04374838542392,189.47241213426051,179.10593516338557,189.38957369169901,179.06503492134416,189.60155993472901,179.37680349185604,189.62688943489394,179.10593516338557,189.30457492602423,178.85635337083534,189.2792454258593,179.06503492134416,189.3620838684208,178.8350668349151,189.09258868299423,178.85635337083534,189.13201756942698,178.52329826440322,189.00975024043274,179.18940847726742,189.65690855401226,178.96027507154207,189.00975024043274,178.7524316701286,189.13201756942695,178.62721996510996,189.10199845030866,179.08548677656071,189.27708510274599,178.60593342918972,189.10199845030866,179.10677331248093,189.48182190157488,179.06419677224881,189.36208386842083,178.83590498401045,189.00975024043271,178.87680175766019,189.18736618871026,178.21069501318766,188.68490643572287,179.58548504236487,190.13150951099456,178.41853841460113,188.5901289300069,179.98156507585398,190.33661528255024,177.66811673875969,188.8726455797171,182.39809696455961,183.3224165210089,185.31063166071758,183.76256179321365
194.67042388589019,193.24663445958541,192.76910416887793,195.40314388254774,189.50678242901373,199.42136404966629,188.16858116071751,199.17875246941139,188.27682315310653,199.17875246941145,188.16858116071754,198.62341069220625,187.70167267032579,199.07289146554604,188.31975915743823,198.72927169607166,187.78997073991329,199.07289146554604,188.23146108785076,198.72927169607166,187.87826880950078,199.07289146554604,188.14316301826327,198.72927169607166,187.96656687908828,199.21537141352306,188.37717945754548,198.91739313862993,187.90979741535671,198.84815107887613,187.94379720417103,198.85544008622759,188.17460298182988,199.14213352529981,188.18796288943267,198.95401208274154,188.0896042161551,198.99063102685315,188.08630491224238,198.95401208274154,188.09901398346949,198.95401208274154,188.08630491224238,199.04356152878586,188.2093422493092,199.09649203071857,188.29829115527238,199.23168297134413,188.26685119170577,199.04356152878586,188.2132923895976,199.37416291932115,188.67416446625026,199.42709342125386,188.3330304227517,198.99063102685315,187.93512691552166,198.90108158080884,188.22270215691202,199.17875246941145,188.22270215691202,198.95401208274157,188.05486494867574,198.74229007501071,187.55925360454378,198.67634119413898,188.43073825965362,199.45642335801401,188.20999308568489,198.72927169607169,187.89973681166663,198.74229007501071,187.62213353167701,198.67634119413898,188.27561012264448,199.17875246941142,188.07754598130367,199.00694258467428,188.31975915743823,199.04356152878586,187.97588800411336,198.84815107887616,187.87770661541441,198.63972225002735,188.02944680622153,198.86116945781518,187.32853646917428,198.38565192659735,188.86949149776473,199.97185301222552,187.63879274319254,198.23744260703276,189.08958583535778,199.96855983334345,186.70169105112313,198.60222674897415,191.90201529973879,192.88642816965879,194.93252329513956,193.23032742097288
183.5398688187218,182.15466048413415,181.64408852337021,184.14345446891969,178.64850996942189,188.04884312756229,177.46279125302402,187.82130612440866,177.52413641349861,187.82130612440866,177.46279125302402,187.34923446326647,177.06587307043955,187.79381630113042,177.65018626761261,187.46897249642055,177.1493463843214,187.79381630113039,177.56671295373076,187.46897249642055,177.23281969820329,187.79381630113039,177.48323963984888,187.46897249642052,177.31629301208514,187.91355433428453,177.67063465443749,187.57063047361081,177.15018453341679,187.44873211734341,177.16979823953795,187.47622194062166,177.42105286188726,187.72038762588335,177.33757954800538,187.44148267314239,177.19108477545819,187.53373088301828,177.33757954800538,187.65346891617239,177.46195310392866,187.65346891617239,177.33757954800538,187.65346891617239,177.46195310392866,187.7637971820121,177.58716134055561,187.83071589172306,177.42105286188726,187.5518109389821,177.35719325412654,187.93163439024838,177.87931620494632,188.02604292323755,177.58716134055561,187.60931988137864,177.12889799749655,187.43207290582791,177.37847979004678,187.82130612440855,177.60844787647585,187.73846768184708,177.39976632596702,187.40458308254975,176.83674313310584,187.34923446326641,177.6919211903577,188.0908013098352,177.50368802667376,187.46897249642052,177.29584462526029,187.49683129242558,176.94066483381258,187.34923446326641,177.587999489651,187.99855309995931,177.60760972738049,187.8487959476868,177.65018626761261,187.64405914885793,177.12805984840119,187.41399284986409,177.12973614659191,187.35864423058084,177.42021471279187,187.64658844469812,176.75410796831935,187.14412869171065,178.12889799749655,188.59073176698246,176.96195136973282,186.93902292015486,178.27539623843543,188.49885252983344,175.98156160746231,187.24035910449376,180.96446928541062,181.90498697390882,183.82161472407816,182.1862133571727
194.01906745348612,192.65954445950666,192.25857036479761,195.01805235431587,189.2423458352674,199.12582196747877,187.82130612440969,198.6950889446656,187.74289137393365,198.69508894466566,187.82130612440972,198.3807991119514,187.55697410973357,198.91982933133551,188.17506059684604,198.57620956186113,187.64527217932107,198.91982933133551,188.08676252725854,198.57620956186116,187.73357024890856,198.91982933133551,187.99846445767105,198.57620956186116,187.82186831849606,198.97275983326821,188.02990442123766,198.52327905992846,187.57844211189945,198.69508894466563,187.98575538644391,198.85388045046375,188.02990442123766,198.74801944659833,187.65403111025981,198.41741805606304,187.6225911466932,198.5526089966886,187.71154005265637,198.60553949862131,187.83457738972319,198.69508894466563,187.82186831849609,198.74801944659833,187.9543154228773,198.80094994853104,187.94160635165019,198.74801944659833,187.7423291798473,198.47034855799575,187.65403111025981,198.74801944659833,188.02990442123769,198.80094994853104,187.86601735328981,198.60553949862131,187.58785187921384,198.41741805606304,187.68877037773913,198.69508894466563,187.8754271206042,198.71140050248673,187.91016638808355,198.58922794080021,187.41455504395157,198.38079911195143,187.96372519019172,198.91982933133551,187.76830951638789,198.52327905992846,187.93228522662508,198.77734938335846,187.56968318096071,198.47034855799578,188.01117352889818,198.97275983326821,187.93284742071145,198.80094994853107,188.0553225636919,198.6950889446656,187.60112314452732,198.49967849475593,187.61327002166811,198.52327905992846,188.08732472134491,198.94915926809566,187.37049465144713,198.23258979238682,188.53813619430747,199.52480843159131,187.17177967373064,197.79942057686819,188.71482097577172,199.58346830511158,186.35441601481531,198.20811267027267,191.47841178640559,192.41907620273406,194.44257752383086,192.76512933609959
183.23106769734497,182.01769419325089,181.73244839384029,184.41558352925699,178.98072345836695,188.27682315310585,177.52413641349861,187.74289137393291,177.35551348754413,187.74289137393299,177.52413641349861,187.56780472149552,177.37680002346437,188.12271482519927,177.96111322063746,187.79787102048934,177.46027333734625,188.12271482519924,177.87763990675558,187.79787102048937,177.5437466512281,188.12271482519924,177.79416659287372,187.79787102048937,177.62721996510999,188.12271482519924,177.71069327899184,187.66872322002087,177.41853841460116,188.11546538099813,178.12805638000953,188.35494144730635,177.96027507154207,187.96354790561239,177.41853841460116,187.65064316405707,177.46111148644161,187.70815210645361,177.35635163663952,187.61590389657775,177.46111148644161,187.81848037229332,177.60593342918975,187.93821840544746,177.73197981491208,187.94762817276182,177.62721996510999,187.85321963977268,177.50201172848301,187.66005293137144,177.39892470848,187.75230114124736,177.50201172848301,187.68538243153637,177.4398249505214,187.75230114124736,177.46111148644161,187.66005293137144,177.4398249505214,187.74289137393296,177.4398249505214,187.77038119721118,177.71069327899184,187.92013834948361,177.37763817255976,187.56780472149558,177.52329826440325,187.82572981649443,177.33506510071928,187.67813298733529,177.81545312879396,188.09738532503428,177.48155987326646,187.67813298733529,177.66895835624675,187.94546784964851,177.46027333734625,187.77038119721121,177.69024489216699,187.82789013960769,177.39808655938461,187.70815210645367,177.41937656369652,187.78846125317494,177.98072345836692,188.2724719774717,177.29500300777326,187.47302721577952,178.2098568640923,188.50290724919233,176.75242820173696,186.82586890220003,178.31545486298978,188.69209328789748,176.27287485436597,187.45602956094484,181.02246878628708,181.83237182698957,183.70907701454166,182.1609562156714
194.19173598857293,192.85495490941631,192.48863666379154,195.2134628042256,189.36208386842156,199.17875246941145,187.82130612440974,198.6950889446656,187.74289137393367,198.74801944659833,187.94104415756385,198.57620956186113,187.78704040872745,199.16817028317794,188.41453666315428,198.82455051370357,187.87533847831494,199.11523978124524,188.20650056041268,198.68207056572655,187.8533082820627,199.11523978124524,188.2285307566649,198.77162001177089,187.94160635165019,199.02569033520092,188.02990442123769,198.66575900790548,187.90075662076916,199.22110078511065,188.60505490401843,199.37989229090877,188.3522189301074,199.03297934255238,187.97634561912955,198.85388045046375,188.03931418855211,198.74801944659833,187.64462134294544,198.47034855799575,187.75173894716173,198.80094994853104,188.05193461748993,198.94342989650806,188.07405345603144,198.85388045046375,187.94160635165022,198.89049939457536,188.06464368871704,198.85388045046375,187.95101611896462,198.80094994853104,187.85265744568704,198.61282850597277,187.77376914341394,198.80094994853104,188.02990442123769,198.90681095239646,188.10549341959805,198.89049939457536,187.80850841089327,198.66575900790548,188.02990442123769,198.93614088915658,187.83127808581048,198.57620956186116,187.89680648048079,198.78463839070992,187.68547107382645,198.62914006379387,188.16235152561896,199.02569033520089,187.80915924726895,198.62914006379387,188.0386633521764,198.83756889264262,187.66335223528492,198.57620956186116,187.97248412113046,198.80094994853101,187.8311894435212,198.69508894466563,187.73300805482222,198.62914006379384,188.20706275449905,199.14456971800539,187.60056095044098,198.42800024229655,188.6578742274616,199.4881894874797,186.96920319801507,197.61129913430992,188.64790226606081,199.77887875502131,186.77113905667426,198.64457506467335,191.80072629527535,192.56155615071111,194.44257752383089,192.76512933609953
183.93047518034638,182.59671302615803,182.16453864439092,184.58550701094359,178.91937829789234,188.16858116071649,177.46279125302402,187.82130612440875,177.52413641349861,187.94104415756283,177.73365958149449,187.79128700529034,177.58632319146025,188.3556068763084,178.19192292455355,188.03076307159856,177.66979650534211,188.23586884315429,177.83758128220123,187.70844856272885,177.50368802667376,188.23586884315432,178.00368976086958,187.91102503844445,177.58716134055561,188.03329236743872,177.67063465443749,187.80069677260471,177.67063465443749,188.29809793391178,178.16979823953795,188.32558775719002,177.94150298290796,188.18052022387107,177.85802966902608,188.18052022387107,177.94150298290796,187.97578342504218,177.37847979004678,187.59595997377585,177.4832396398489,187.98519319235652,177.85802966902608,188.09552145819623,177.73282143239913,187.88353521516623,177.58716134055561,188.06078219071696,177.94150298290796,188.17111045655668,177.83674313310584,188.05137242340257,177.67063465443749,187.84879594768697,177.58716134055561,188.05137242340257,177.92021644698772,188.2908484897107,178.12889799749655,188.26335866643245,177.64934811851725,187.79128700529031,177.67063465443749,188.03329236743872,177.58716134055561,187.79128700529031,177.73282143239911,188.03329236743872,177.524974562594,187.80069677260471,177.81629474628096,188.05862186760362,177.48240149075352,187.80069677260465,177.85886781812144,188.03329236743866,177.39892817687164,187.6809587394506,177.67147280353285,187.97578342504212,177.64850996942187,187.85604539188799,177.40060447506238,187.59812029688914,177.69108304126235,188.08864098672206,177.27455808934005,187.58618123373455,178.39976632596702,188.60014153429694,176.71236957718259,186.76177594460427,178.31629648047684,188.94090507185729,176.73197981491208,187.97939665522242,181.48491940643129,182.13505327290267,183.82161472407819,182.1862133571727
194.36440452365974,192.96081591328181,192.51612648706964,194.98872241755572,188.89001220727931,198.62341069220631,187.34923446326755,198.3807991119514,187.56780472149623,198.57620956186119,187.79128700529134,198.35146917519126,187.4922157231359,198.80094994853104,188.03471321188798,198.45733017905667,187.58051379272339,198.74801944659833,187.73442889927048,198.1267287885214,187.38123662092048,198.80094994853104,188.05344410422745,198.4573301790567,187.469534690508,198.47034855799575,187.55783276009547,198.26191972914697,187.52309349261614,198.57620956186116,187.74375002429557,198.49394912316831,187.6775707932496,198.62914006379387,187.8012589666921,198.68207056572658,187.8895570362796,198.57620956186116,187.469534690508,198.29853867325858,187.60198179488921,198.62914006379387,187.87684796505246,198.62914006379387,187.60198179488921,198.29853867325858,187.469534690508,198.57620956186116,187.8895570362796,198.62914006379387,187.681520933538,198.52327905992846,187.65008096997138,198.43372961388414,187.57119266769828,198.52327905992846,187.76040923581107,198.77162001177089,188.13298324287624,198.90681095239646,187.72566996833174,198.35146917519128,187.55783276009549,198.47034855799575,187.46953469050797,198.35146917519128,187.81396803791924,198.7114005024867,187.6026326312649,198.40439967712399,187.80060813031645,198.55989800404004,187.33708758612673,198.26191972914697,187.83608687646077,198.65847000055399,187.46077575956926,198.29853867325861,187.70298893570384,198.62914006379384,187.77584082423783,198.52327905992846,187.37126465951974,197.98424884054438,187.42208635180151,198.44674799282319,187.11907952198436,198.06077990764965,188.37245930918445,199.17389965476551,186.69970801258845,197.38655874764004,188.47281561362337,199.60706887028414,186.62138190440172,198.4727651799362,191.62563964283791,192.33681576404121,194.08353289235998,192.28488197178137
183.62167405896955,182.34941846943499,182.00331672231076,184.3399945308966,178.52246011530789,187.70167267032508,177.06587307043955,187.55697410973281,177.37680002346437,187.78704040872671,177.58632319146025,187.49221572313513,177.12721823091414,187.72481131796917,177.5028498775784,187.39996751325924,177.21069154479602,187.81705952784506,177.41937656369652,187.2227205377086,177.08548330816905,187.93679756099914,177.81545312879396,187.61195375628927,177.16895662205093,187.54756434241847,177.25242993593278,187.37247768998108,177.19024315797117,187.52223484225354,177.19024315797117,187.37247768998108,177.25242993593278,187.66730237557258,177.4398249505214,187.69479219885079,177.52329826440325,187.75230114124733,177.37763817255976,187.66005293137147,177.52329826440325,187.86262940708704,177.62721996510999,187.75230114124736,177.27371647185302,187.37247768998108,177.16895662205093,187.66730237557258,177.52329826440325,187.58446393301108,177.19024315797117,187.46472589985697,177.25242993593278,187.46472589985697,177.19024315797117,187.46472589985697,177.25242993593278,187.69479219885079,177.71069327899187,187.96428738427736,177.46111148644164,187.49221572313519,177.25242993593278,187.54756434241844,177.16895662205093,187.49221572313519,177.54458480032349,187.84454935112322,177.35635163663952,187.6025439889749,177.60677157828513,187.72481131796911,177.02329653020743,187.28022948010519,177.41937656369652,187.72481131796908,177.21069154479602,187.48280595582082,177.48156334165816,187.87203917440141,177.69024142377532,187.84454935112328,177.21069501318769,187.10298250455449,177.0232965302074,187.46725519569711,176.81545312879396,187.16737191842535,177.98156160746231,188.22474177511634,176.54374665122813,186.75027990383964,178.33674139891002,188.73624232269123,176.33506163232761,187.50017859573856,181.04375532220732,181.75678282862918,183.39006719819312,181.62379918173079
194.23105369651611,193.01288776486479,192.81552961312511,195.43820319089548,189.33459404514332,199.07289146554606,187.79381630113153,198.91982933133548,188.12271482519995,199.16817028317797,188.35560687630945,198.80094994853101,187.72481131796991,198.8668988294028,187.97973356533157,198.52327905992843,187.81310938755738,199.14456971800539,188.17901073713446,198.57620956186113,187.82581845878451,199.33998016791512,188.60835420793117,198.99636039844077,187.91411652837198,198.91982933133551,188.0024145979595,198.74801944659833,187.95826556316575,198.91982933133551,187.95826556316572,198.74801944659833,188.00241459795947,198.97275983326821,188.03385456152611,198.83756889264265,188.03715386543882,198.97275983326821,188.09136350392265,199.02569033520092,188.24914010846882,199.11523978124524,188.20169176976236,198.97275983326821,187.92682559959911,198.64215844273292,187.79437849521787,198.83027988529119,188.0118243652739,198.69508894466563,187.73686955282133,198.69508894466563,187.919576155398,198.74801944659833,187.85660758597544,198.69508894466563,187.79983812224387,198.80094994853104,188.18833186215957,199.11523978124524,188.07800359631983,198.80094994853104,188.00241459795947,198.91982933133548,187.91411652837201,198.80094994853104,188.16630166590735,199.0623092793125,187.98029575941794,198.99636039844077,188.54217497688524,199.25043072187077,187.78166942399076,198.47034855799575,187.8914354957441,198.86689882940277,187.81310938755738,198.74801944659833,188.14757077356785,199.16817028317791,188.42299913781747,199.25043072187083,187.99309347293439,198.47034855799572,187.77225965667634,198.84329826423024,187.53833185968347,198.4573301790567,188.63038440418339,199.4718779296586,187.14428985045245,198.02416096353807,189.09464442703805,200.00361914169119,186.76897873356097,198.62826350685228,191.85823523767189,192.69674709133668,194.48189523177408,192.59246080101272
183.3278825756918,182.28169566289387,182.2321956258254,184.82893321754031,179.10677331248095,188.31975915743732,177.65018626761261,188.1750605968451,177.96111322063746,188.41453666315334,178.19192292455355,188.03471321188704,177.50284987757837,187.9797335653306,177.65018626761261,187.65488976062076,177.58632319146025,188.35955701659691,178.02497629678982,187.85962655944968,177.69108304126235,188.58962331559076,178.44066656800842,188.26477951088089,177.77455635514423,188.18447036415955,177.85802966902608,188.03471321188707,177.83674313310584,188.20979986432445,177.83674313310584,188.03471321188707,177.85802966902608,188.18447036415952,177.77455635514423,187.91497517873293,177.64934811851725,188.00722338860882,177.77455635514423,188.12696142176293,177.92021644698772,188.12696142176293,177.77455635514423,188.00722338860882,177.64934811851725,187.79523714557882,177.50368802667376,187.86215585528979,177.60844787647585,187.79523714557882,177.54458826871516,188.00722338860888,177.87931620494632,188.12696142176293,177.81545659718563,188.00722338860882,177.60844787647585,187.92438494604735,177.83674313310584,188.20979986432445,177.83674313310584,188.03471321188707,177.85802966902608,188.18447036415952,177.77455635514423,188.03471321188707,177.92021644698772,188.20979986432445,177.75326981922399,188.27418927819528,178.48323963984888,188.59903308290509,177.66979650534211,187.65488976062073,177.56671295373076,187.97973356533063,177.58632319146025,187.92438494604733,177.85886781812147,188.23728968760264,178.08548677656071,188.3870468398751,177.79668104015983,187.73988852629557,177.64850996942187,188.12008095028872,177.42105286188726,187.70986940717719,178.35719325412654,188.56466278815265,176.89976459177117,187.18244912675166,178.71237304557425,188.97234503542393,176.43982495052137,187.71385161008436,181.40144609254943,182.26815121365959,184.02088650727259,182.24051581961285
193.39176170072705,192.3079000138768,192.28139832921676,195.04165291948843,189.00975024043342,198.72927169607172,187.46897249642163,198.57620956186113,187.79787102049008,198.82455051370363,188.03076307159955,198.45733017905667,187.39996751325998,198.52327905992848,187.6548897606217,198.17965929045408,187.48826558284748,198.80094994853104,187.85416693242459,198.23258979238682,187.50097465407461,198.99636039844077,188.28351040322127,198.6527406289664,187.58927272366211,198.57620956186116,187.6775707932496,198.40439967712399,187.63342175845585,198.57620956186113,187.63342175845585,198.40439967712399,187.6775707932496,198.62914006379387,187.70901075681621,198.40439967712399,187.50973358501332,198.35146917519128,187.49702451378622,198.40439967712399,187.62947161816743,198.40439967712399,187.49702451378622,198.35146917519128,187.50973358501332,198.26191972914697,187.3866962479465,198.29853867325858,187.50032381769893,198.35146917519128,187.5986824909765,198.68207056572658,187.99988530211931,198.8245505137036,187.92099699984621,198.62914006379387,187.55783276009549,198.40439967712399,187.75315979160996,198.77162001177086,187.86348805744967,198.59981012703372,187.79730882640371,198.62914006379387,187.58927272366211,198.4573301790567,187.84145786119745,198.71868950983816,187.65545195470804,198.65274062896643,188.21733117217534,198.90681095239643,187.45682561928086,198.1267287885214,187.5665916910342,198.52327905992843,187.48826558284748,198.31485023107967,187.62015049314235,198.49394912316828,187.7089221145269,198.57620956186116,187.46567319250892,198.09010984440977,187.56715388512058,198.64215844273292,187.32381632081328,198.11371040958235,188.19521233363378,198.94915926809563,186.61686957002698,197.43948924957274,188.49089566958719,199.32939798168155,186.13123018729576,198.1055448452893,191.53339143296202,192.53222621395093,194.48626772644062,192.65296095677795
182.76550720868036,181.7366724371339,181.70559344188246,184.30855456732996,178.60593342918975,187.78997073991255,177.14934638432143,187.64527217932027,177.46027333734625,187.87533847831418,177.66979650534213,187.5805137927226,177.21069154479602,187.81310938755664,177.58632319146025,187.48826558284671,177.29416485867787,187.90535759743253,177.5028498775784,187.31101860729606,177.16895662205093,188.02509563058661,177.89892644267582,187.70025182587673,177.25242993593278,187.63586241200593,177.33590324981466,187.46077575956855,177.27371647185302,187.61053291184101,177.27371647185302,187.46077575956855,177.33590324981466,187.75560044516001,177.52329826440325,187.67276200259855,177.3571897857349,187.55302396944441,177.25242993593281,187.55302396944444,177.3571897857349,187.55302396944441,177.25242993593281,187.55302396944444,177.3571897857349,187.56243373675881,177.27371647185305,187.57835346960937,177.37680349185607,187.67276200259855,177.50368455828209,187.96033724398893,177.83506683491512,188.07066550982864,177.75326635083232,187.84059921083482,177.31461671389442,187.57110402540823,177.54458480032349,188.05258545386482,177.79416659287372,187.90282830159236,177.60677157828513,187.75560044516001,177.25242993593278,187.58051379272266,177.62805811420534,187.93284742071069,177.4398249505214,187.69084205856237,177.69024489216699,187.81310938755658,177.10676984408929,187.36852754969266,177.5028498775784,187.81310938755655,177.29416485867787,187.46077575956858,177.31545486298981,187.55302396944438,177.29416485867787,187.52553414616625,177.04458653451934,187.20069034145635,177.37763817255976,187.87786777415428,177.14850823522605,187.25566998801281,177.81545312879396,188.00013510314849,176.37763817255976,186.63384117459822,178.19024662636284,188.4172271177342,175.919371361109,187.27557192377066,181.12722863608917,182.15798563977197,184.10185189764397,182.40215562293906
193.80557694761256,192.69773928180098,192.64286107803827,195.38527268896277,189.33459404514332,199.07289146554606,187.79381630113153,198.91982933133548,188.12271482519995,199.11523978124526,188.23586884315534,198.74801944659831,187.81705952784577,199.14456971800541,188.35955701659788,198.80094994853101,187.90535759743327,199.09163921607268,188.05927270398035,198.47034855799572,187.70608042563038,199.14456971800539,188.37828790893735,198.85388045046375,187.91411652837198,199.00937877737982,188.11274286379918,198.74801944659833,187.84793729732604,198.77734938335848,187.83852753001162,198.69508894466563,188.00241459795947,199.06230927931253,188.23643103724172,199.02569033520092,188.10407257514979,198.97275983326821,188.11669300408758,199.06230927931253,188.2144008409895,198.97275983326821,188.00636473824787,198.91982933133551,188.09466280783539,198.97275983326821,188.12610277140197,199.11523978124524,188.32472910682921,199.16817028317794,188.24584080455611,199.16817028317794,188.32472910682918,199.16817028317794,188.24584080455611,198.97275983326821,187.88267656480537,198.83756889264265,188.28058007203546,199.44584117178053,188.57756508074021,199.27403128704336,188.32472910682918,199.00937877737982,187.7943784952179,198.74801944659833,188.25854987578325,199.2504307218708,188.15754273496862,198.94342989650806,188.24518996818043,199.00937877737982,187.78166942399076,198.80094994853107,188.39099698016449,199.19750021993806,187.90535759743327,198.69508894466566,188.02783274041371,198.97275983326819,188.10068462894776,198.86689882940283,187.69610846422961,198.52327905992843,188.18898269853523,199.36931010467526,187.97097463439286,198.59981012703372,188.52005613834368,199.38232848361429,187.14428985045245,198.11371040958238,189.20497269287776,200.00361914169119,186.65865046772126,198.62826350685228,192.06081171338749,193.16982842984899,195.24367469732562,193.44078715032748
183.22154676293644,182.18152082470061,182.13931254462912,184.74063514795284,179.02329999859907,188.23146108784988,177.56671295373076,188.08676252725763,177.87763990675558,188.20650056041183,177.83758128220123,187.73442889926957,177.41937656369652,188.17901073713361,178.02497629678982,187.85416693242368,177.50284987757837,188.05927270397947,177.67063465443749,187.531852423554,177.33674139891002,188.05927270397947,177.83674313310584,187.85416693242371,177.69108304126235,188.29874877028766,178.02413814769446,187.9464151422996,177.50368802667376,187.79918728586728,177.48240149075352,187.82667710914552,177.77455635514423,188.20650056041177,177.94066483381258,188.11425235053588,177.77455635514423,188.11425235053588,177.94066483381258,188.31682882625148,178.02413814769446,188.11425235053588,177.69108304126235,187.99451431738177,177.75326981922399,188.10484258322148,177.94066483381258,188.41123735924066,178.25410623412353,188.43656685940559,177.98156507585398,188.1489916180152,177.79584289106447,188.03866335217549,177.73198328330375,187.91892531902138,177.524974562594,187.9464151422996,178.00285161177422,188.52881506928148,178.23281969820329,188.35372841684412,178.02413814769446,188.08676252725766,177.42021471279187,187.73442889926963,177.83674313310584,188.29874877028766,177.87847805585093,188.06615317545374,177.92021644698772,188.12150179473699,177.58632319146025,188.06615317545374,178.2123713113784,188.29874877028763,177.50284987757837,187.73442889926963,177.75410796831935,188.20650056041177,177.96111322063743,188.08676252725769,177.48323963984888,187.76191872254779,178.04458653451931,188.65108239827575,177.85802966902608,187.85163763658358,178.27371994024469,188.58669298440489,177.06587307043955,187.50146433170875,179.1084496106717,189.29136024038095,176.60593342918975,187.84621007217638,181.56755457121778,182.59657618593104,184.53916810681557,182.83197531599362
193.39176170072705,192.3079000138768,192.28139832921676,195.04165291948843,189.00975024043345,198.72927169607169,187.46897249642163,198.57620956186113,187.79787102049008,198.6820705657266,187.70844856272984,198.12672878852138,187.22272053770934,198.57620956186116,187.85962655945059,198.23258979238679,187.3110186072968,198.47034855799575,187.53185242355488,197.94762989643274,187.1786601452049,198.47034855799575,187.66421088564681,198.32213923843113,187.70901075681621,198.95974145432916,188.08488406779409,198.4573301790567,187.34584651706547,198.24560817132587,187.42143551542586,198.40439967712399,187.79730882640371,198.68207056572658,187.70901075681624,198.40439967712399,187.50973358501332,198.49394912316831,187.81933902265595,198.73500106765928,187.8067185937181,198.40439967712399,187.41202574811146,198.29853867325858,187.474994317534,198.35146917519128,187.62401199114146,198.73500106765928,188.09429383510849,198.87748101563631,187.85407829013528,198.54687962510101,187.5947323506881,198.40439967712399,187.53176378126557,198.29853867325858,187.35525628437989,198.31485023107967,187.75315979160996,198.77162001177089,187.86348805744967,198.59981012703372,187.79730882640371,198.48666011581685,187.2669582147924,198.1267287885214,187.66421088564678,198.71868950983816,187.74045072038282,198.56319118292211,187.92975593078495,198.71868950983816,187.56715388512058,198.5102606809894,187.98331473289309,198.57620956186113,187.19128057414272,198.07379828658873,187.62015049314235,198.68207056572655,187.88616909007757,198.57620956186116,187.38067442683413,198.23258979238679,187.97446715966507,199.16817028317794,187.7658688628371,198.30912085949208,188.19521233363378,199.03870871413994,186.81944604574258,197.77009064010804,188.88012888816786,199.65999937221684,186.33380666301136,198.19509429133362,191.53339143296205,192.53222621395093,194.48626772644062,192.65296095677792
182.87184302143569,181.83684727532713,181.7984765230787,184.39685263691743,178.68940674307163,187.87826880950001,177.23281969820329,187.73357024890774,177.5437466512281,187.85330828206193,177.50368802667376,187.38123662091968,177.08548330816905,187.82581845878371,177.69108304126237,187.50097465407381,177.16895662205093,187.70608042562961,177.33674139891002,187.17866014520411,177.00284814338255,187.70608042562958,177.5028498775784,187.61130291991353,177.60677157828513,188.23313173332818,177.89892644267582,187.66881186231012,177.14850823522607,187.5215840058778,177.3571897857349,187.76106007218601,177.69024489216699,187.85330828206187,177.3571897857349,187.47348483079563,177.23198154910793,187.67606130651123,177.60677157828513,187.8627180493763,177.461949635537,187.47348483079563,177.12722169930584,187.44599500751741,177.19108130706653,187.36315656495591,177.14850823522607,187.67606130651123,177.69024489216699,187.97304631521601,177.62805811420537,187.76106007218601,177.41937656369652,187.64132203903191,177.3571897857349,187.5215840058778,177.14850823522605,187.4387455633163,177.37847632165514,187.7335702489078,177.39809002777631,187.58381309663534,177.44066309961676,187.62324198306806,177.08632145726443,187.38123662091974,177.5028498775784,187.93614672462337,177.52329826440325,187.78854989546423,177.79500474196908,188.02114549029815,177.4398249505214,187.66881186231015,177.60760972738049,187.61383221575366,176.89808829358046,187.26149858776566,177.4202147127919,187.85330828206187,177.62721996510999,187.73357024890782,177.14934638432143,187.40872644419792,177.71069327899187,188.28848035261146,177.5028498775784,187.46370609075436,177.89892644267582,188.08843317273596,176.46111148644164,186.72213924418568,178.27371994024469,188.50552518732167,176.00284467499088,187.25354172751838,180.96112015742082,181.82956066750054,183.58357029810099,181.8106961265583
193.80557694761256,192.69773928180101,192.64286107803827,195.38527268896277,189.33459404514332,199.07289146554606,187.7938163011315,198.91982933133548,188.12271482519995,199.11523978124526,188.23586884315532,198.80094994853101,187.93679756099988,199.33998016791514,188.58962331559167,198.99636039844074,188.02509563058737,199.14456971800539,188.05927270398035,198.47034855799575,187.70608042563038,199.14456971800539,188.37828790893735,198.99636039844077,188.23643103724169,199.33998016791512,188.28998983934986,198.74801944659833,187.76293853165126,198.8668988294028,188.126102771402,199.02569033520092,188.21440084098947,198.97275983326821,187.91411652837201,198.78463839070994,188.03715386543882,199.02569033520092,188.21110153707679,198.97275983326821,187.91741583228472,198.64215844273292,187.80378826253229,198.83027988529119,188.0024145979595,198.69508894466563,187.74627932013573,198.83756889264265,188.23248089695332,199.16817028317794,188.24584080455611,199.02569033520092,188.09466280783539,198.97275983326821,188.126102771402,198.91982933133551,187.88267656480537,198.69508894466563,187.95826556316575,198.91982933133551,187.95826556316572,198.74801944659833,188.00241459795947,198.86689882940277,187.79437849521787,198.80094994853104,188.37828790893735,199.33998016791509,188.14813296765419,198.94342989650806,188.34684794537074,199.25043072187077,188.06924466538112,198.89049939457536,188.21375000461379,198.86689882940277,187.58304308856356,198.60553949862134,188.14757077356782,199.11523978124521,188.21101289478744,198.91982933133551,187.70551823154403,198.57620956186113,188.29931096437494,199.45885955071958,187.97097463439286,198.5102606809894,188.40972787250396,199.23984853563726,186.93230360742245,197.73017851711438,188.70541120845738,199.53053780317887,186.33633595885155,198.34330361089823,191.73849720451778,192.64381658940394,194.48189523177408,192.59246080101275
183.11521095018108,182.08134598650739,182.04642946343287,184.65233707836543,178.93982668471722,188.14316301826241,177.48323963984888,187.99846445767017,177.79416659287372,188.22853075666407,178.00368976086958,188.0534441042266,177.81545312879393,188.60835420793032,178.44066656800842,188.28351040322042,177.89892644267582,188.3782879089365,177.83674313310584,187.66421088564593,177.50284987757837,188.3782879089365,178.23281969820329,188.17318213738073,177.85719151993072,188.2010409333858,177.66979650534211,187.64613082968214,177.42021471279187,187.9984644576702,177.85719151993072,188.02595428094841,177.69108304126235,187.9062162477943,177.58632319146025,188.01654451363402,177.94066483381258,188.20320125649909,177.81629127788932,187.89680648047991,177.43982841891304,187.69423000476431,177.56670948533909,188.08346322334498,177.91937829789234,188.01654451363402,177.60760972738049,188.02595428094841,177.94066483381258,188.22853075666401,177.85719151993072,188.02595428094841,177.69108304126235,188.02595428094841,177.85719151993072,188.1182024908243,177.69108304126235,187.84870730539774,177.64850996942187,187.9984644576702,177.62889626330073,187.82337780523281,177.66979650534211,187.9890546903558,177.58632319146025,188.05344410422663,178.23281969820329,188.49802594209058,177.77371820604884,187.87619712867598,177.83674313310584,188.21045070070016,177.71153142808723,187.96844533855187,177.89892991106748,187.99846445767017,177.37847632165511,187.82337780523284,177.92021644698772,188.22853075666399,177.87763990675558,187.99846445767022,177.39976632596702,187.67362065296032,177.96111322063746,188.44304629553417,177.50368802667376,187.4410250581264,177.94066483381258,188.26832861582361,176.7115314280872,186.88611495442271,178.29584462526029,188.47343438737929,176.00200999428716,187.40810767044107,181.21321292886546,182.07563534163413,183.82738340736472,182.05361887478534
193.39176170072705,192.30790001387678,192.28139832921676,195.04165291948843,189.00975024043345,198.72927169607172,187.46897249642163,198.57620956186113,187.79787102049008,198.77162001177092,187.91102503844547,198.45733017905667,187.61195375629001,198.9963603984408,188.26477951088179,198.6527406289664,187.7002518258775,198.85388045046375,187.85416693242459,198.32213923843113,187.61130291991432,198.99636039844077,188.17318213738159,198.61612168485482,187.70901075681621,198.66575900790548,187.57591281605931,198.1267287885214,187.35525628437989,198.48666011581685,187.70901075681624,198.35146917519128,187.38999555185924,198.29853867325858,187.58927272366213,198.68207056572658,188.00929506943373,198.68207056572658,187.58927272366213,198.24560817132587,187.27025751870514,198.15605872528155,187.47894445782242,198.57620956186116,187.88014726896523,198.62914006379387,187.69093070085242,198.68207056572658,187.99988530211934,198.77162001177089,187.70901075681624,198.35146917519128,187.38999555185924,198.35146917519128,187.70901075681624,198.62914006379387,187.6775707932496,198.40439967712399,187.63342175845588,198.57620956186116,187.63342175845585,198.40439967712399,187.6775707932496,198.52327905992843,187.469534690508,198.4573301790567,188.05344410422748,198.85388045046372,187.50097465407461,198.1267287885214,187.52244265624049,198.52327905992843,187.53241461764125,198.4573301790567,187.89831596721831,198.57620956186113,187.3685275496934,198.35146917519128,187.82272696885795,198.62914006379384,187.65610279108375,198.38079911195143,187.26093639368005,198.17965929045408,187.97446715966507,198.97275983326821,187.32381632081328,197.83603952097977,187.90763709224339,198.98577821220724,186.89503504410297,197.62761069213101,188.48222538093779,199.18691803370453,186.00208238682725,198.0892332874682,191.53339143296205,192.38974626597391,194.20327092551409,192.33781247371408
182.97817883419106,181.93702211352036,181.89135960427498,184.4851507065049,178.77288005695348,187.96656687908748,177.31629301208517,187.82186831849521,177.62721996510999,187.9416063516494,177.58716134055564,187.46953469050715,177.16895662205093,187.91411652837118,177.77455635514423,187.58927272366128,177.25242993593278,187.91411652837118,177.69108304126237,187.70901075681539,177.60677157828513,188.23643103724086,177.85719151993072,187.70901075681539,177.44066309961676,187.91411652837115,177.5028498775784,187.4695346905072,177.25326808502817,187.71154005265555,177.44066309961676,187.44204486722899,177.04458653451934,187.44204486722899,177.44066309961676,187.95101611896376,177.79500474196911,187.7643593760987,177.21069501318769,187.33171660138927,177.02497282839818,187.33171660138927,177.21069501318769,187.64462134294459,177.52413641349864,187.73902987593377,177.44066309961676,187.84935814177348,177.77371820604887,187.94160635164937,177.44066309961676,187.44204486722899,177.04458653451934,187.44204486722899,177.44066309961676,187.82186831849526,177.5028498775784,187.64678166605788,177.461949635537,187.82186831849526,177.48156334165816,187.67211116622281,177.52413641349864,187.71154005265555,177.16979477114629,187.4695346905072,177.58632319146025,187.79437849521702,177.08632145726443,187.14722018163749,177.14934638432143,187.58239225218702,177.25242993593278,187.6467816660579,177.71236957718261,187.82186831849523,177.23114340001254,187.55237313306873,177.50368802667376,187.61929184277963,177.19024315797117,187.37981577647147,176.96195136973282,187.37728648063128,177.79416659287372,188.14671212320511,177.06587307043955,187.05244267592144,177.77371820604887,188.37930771803903,177.00284814338255,187.1074223224779,178.37847979004681,188.50157504703321,176.06503145295252,187.54441627282145,181.31546179977315,182.02818700292772,183.65516684337703,181.87613169727226
194.0583851614293,192.87040781688782,192.70520134728534,195.43820319089548,189.44492231098303,199.21537141352309,187.91355433428561,198.97275983326819,188.12271482519995,199.02569033520095,188.03329236743974,198.47034855799572,187.54756434241921,198.91982933133551,188.18447036416046,198.57620956186113,187.6358624120067,199.00937877737982,188.29874877028857,198.95974145432913,188.23313173332897,199.33998016791512,188.20104093338668,198.66575900790548,187.91411652837198,199.19750021993809,188.28998983934986,198.80094994853104,187.88267656480537,198.91982933133551,188.03385456152611,198.69508894466563,187.71483935656909,198.69508894466563,188.03385456152611,199.07862083713363,188.24189066426769,198.83756889264265,187.73686955282133,198.5526089966886,187.68950985640416,198.5526089966886,187.73686955282133,198.69508894466563,187.91957615539798,198.74801944659833,187.85660758597544,198.89049939457536,188.24189066426769,199.07862083713363,188.03385456152611,198.69508894466563,187.71483935656909,198.74801944659833,188.15359259468022,199.11523978124524,188.11274286379918,198.80094994853104,187.96767533048012,198.97275983326821,188.06859382900544,198.89049939457536,188.12215263111358,198.83027988529119,187.59180201950227,198.47034855799575,187.98905469035665,198.86689882940277,187.62324198306888,198.38079911195143,187.84728646095036,198.8668988294028,187.85725842235112,198.80094994853107,188.22315977192818,198.97275983326819,187.81310938755738,198.74801944659836,188.05532256369193,198.6950889446656,187.60112314452735,198.44674799282319,187.49353198851404,198.57620956186113,188.41904899752905,199.36931010467526,187.64866012552315,198.32213923843113,188.55479540582297,199.71292987414958,187.51686385751759,198.11371040958238,188.83239868581259,199.6730177511559,186.62391120024191,198.81638494941055,192.1805497465416,192.83922703931367,194.48189523177408,192.59246080101275
183.58077143884569,182.37177750993874,182.09457095131094,184.68377704193207,179.10593516338557,188.37717945754466,177.67063465443749,188.02990442123681,177.71069327899184,188.02990442123689,177.67063465443749,187.55783276009464,177.25242993593278,188.00241459795865,177.85802966902608,187.67757079324875,177.33590324981463,188.11274286379836,178.02413814769446,188.08488406779324,177.89892644267582,188.28998983934903,177.66979650534211,187.57591281605849,177.50284987757837,188.289989839349,178.06587307043955,187.96514603463916,177.58632319146025,188.02049465392244,177.77371820604884,187.93765621136095,177.60760972738049,187.93765621136095,177.77371820604884,188.14023268707655,177.85719151993072,187.93765621136095,177.52413641349861,187.81791817820684,177.58632319146025,187.81791817820684,177.52413641349861,187.82732794552123,177.60760972738049,187.85265744568616,177.56503665554001,187.97239547884027,177.87847805585096,188.14964245439094,177.77371820604884,187.93765621136095,177.60760972738049,188.05739424451505,178.04458653451931,188.35221893010655,177.85719151993072,187.88014726896438,177.58632319146025,188.02990442123684,177.79500474196908,188.05739424451505,177.85719151993072,187.91016638808273,177.25326808502814,187.55783276009467,177.66979650534211,188.00241459795862,177.44066309961676,187.6775707932488,177.75326981922399,188.12215263111273,177.62805811420534,187.88014726896441,177.81545659718563,188.02990442123681,177.5658713362437,187.94706597867537,177.83674313310584,187.85265744568613,177.33590324981466,187.62259114669237,177.31629301208514,187.79730882640285,178.14850823522605,188.47448625910081,177.42021471279187,187.58279328753275,178.37764164095142,188.79933006381063,177.10760799318464,187.02788318382912,178.25327155341984,188.61520261678564,176.39808655938461,187.93910911842809,181.65018973600431,182.2268133383549,183.75578686208866,181.98818330407138
193.89961006681301,192.63021452274648,192.33887951151902,195.07827186360004,189.17758744866973,198.91739313862996,187.57063047361194,198.52327905992843,187.66872322002158,198.66575900790551,187.80069677260576,198.26191972914694,187.37247768998179,198.74801944659833,188.03471321188798,198.40439967712396,187.46077575956929,198.74801944659833,187.94641514230048,198.45733017905667,187.66881186231089,198.74801944659833,187.64613082968299,198.1267287885214,187.469534690508,198.80094994853104,187.96514603463999,198.40439967712399,187.43809472694139,198.52327905992846,187.80125896669213,198.62914006379387,187.76981900312552,198.62914006379387,187.80125896669213,198.71868950983819,187.88014726896523,198.57620956186116,187.57119266769831,198.43372961388414,187.65008096997141,198.52327905992846,187.68152093353802,198.57620956186116,187.76981900312552,198.57620956186116,187.68152093353802,198.62914006379387,187.88955703627963,198.71868950983819,187.79184919937774,198.57620956186116,187.65949073728581,198.68207056572658,188.12357347556184,199.04929090037348,187.96514603463999,198.49394912316831,187.54842299278107,198.57620956186116,187.81066873400655,198.68207056572658,187.8801472689652,198.47034855799575,187.23946839151418,198.20898922721426,187.81396803791927,198.74801944659831,187.59322286395053,198.40439967712399,187.90226610750676,198.80094994853101,187.62466282751717,198.40439967712399,187.77857793406423,198.66575900790545,187.69084205856311,198.6820705657266,187.99997394440865,198.62914006379384,187.57110402540897,198.47034855799575,187.54851163507044,198.45733017905667,188.06671536954099,198.91982933133551,187.29632649753506,198.11371040958235,188.4071985766638,199.31637960274253,186.89503504410297,197.38655874764004,188.18524037223301,199.13398753177182,186.17932936237793,198.27735473002647,191.62563964283794,192.33681576404121,194.08353289235998,192.28488197178137
183.22086138045572,182.0747925012339,181.86460286488187,184.44430097562383,178.79416659287372,187.90979741535591,177.15018453341679,187.57844211189857,177.41853841460116,187.90075662076836,177.67063465443749,187.52309349261529,177.19024315797114,187.95826556316493,177.83674313310587,187.633421758455,177.27371647185302,187.84793729732519,177.50368802667376,187.34584651706464,177.14850823522605,187.76293853165041,177.4202147127919,187.35525628437904,177.25326808502817,187.88267656480451,177.58632319146025,187.43809472694053,177.06587307043955,187.58785187921302,177.52413641349864,187.81791817820684,177.58632319146025,187.81791817820681,177.52413641349864,187.81791817820684,177.58632319146025,187.6981801450527,177.25326808502817,187.49560366933713,177.33674139891002,187.6981801450527,177.5028498775784,187.80850841089244,177.58632319146025,187.78317891072749,177.461949635537,187.78317891072751,177.58632319146025,187.80850841089241,177.5028498775784,187.69818014505273,177.33674139891002,187.72566996833092,177.77371820604887,188.19774162947311,177.79500474196908,187.72566996833092,177.31545486298981,187.69818014505273,177.52413641349864,187.81791817820684,177.58632319146025,187.5784421118986,176.9823997565577,187.40335545946124,177.60760972738049,187.95826556316487,177.41937656369652,187.63342175845506,177.69108304126235,187.95826556316487,177.33590324981466,187.52309349261535,177.524974562594,187.90075662076831,177.56419850644465,187.92824644404658,177.79584289106447,187.90291694388156,177.52329826440325,187.86601735328904,177.50368802667376,187.63342175845503,177.60677157828513,187.81103770673258,176.87847805585096,187.19824968790547,178.06587307043955,188.34786775447239,176.60677157828513,186.57642087449082,177.94150298290796,188.24006878447275,175.87763643836391,187.19066180038507,180.8784849926343,181.66502276317695,183.45589506018263,181.82182923483211
193.76625923966938,192.73521687626226,192.75802067072848,195.49113369282819,189.32734460094221,198.84815107887619,187.44873211734455,198.6950889446656,188.11546538099881,199.22110078511068,188.29809793391286,198.57620956186113,187.52223484225425,198.91982933133554,188.20979986432539,198.57620956186113,187.61053291184174,198.77734938335851,187.79918728586819,198.24560817132587,187.52158400587857,198.8668988294028,187.99846445767108,198.48666011581685,187.71154005265637,198.91982933133551,188.02049465392329,198.47034855799575,187.46811384605977,198.5526089966886,187.86601735328983,198.80094994853104,188.02990442123769,198.89049939457536,187.97634561912952,198.80094994853104,187.91957615539798,198.60553949862131,187.5342930771057,198.36448755413033,187.6225911466932,198.60553949862131,187.83127808581048,198.74801944659833,187.94490565556291,198.74801944659833,187.83127808581048,198.80094994853104,188.06464368871701,198.94342989650806,188.0613443848043,198.80094994853104,187.7423291798473,198.61282850597277,187.97634561912952,199.07862083713363,188.20715139678836,198.85388045046375,187.90075662076916,198.83756889264265,187.98575538644394,198.85388045046375,188.02990442123769,198.64215844273289,187.41455504395159,198.38079911195143,187.96372519019172,198.91982933133548,187.76830951638794,198.57620956186116,188.05202325977922,198.91982933133548,187.68001144680045,198.52327905992846,188.02058329621258,199.02569033520089,188.04317568655119,198.94342989650809,188.17506059684604,198.94342989650804,188.04317568655117,199.02569033520092,188.02058329621261,198.62914006379387,187.91948751310866,198.70810732360468,187.14909864110277,198.0901098444098,188.43721769578215,199.43525898554699,187.16236990641625,197.8360395209798,188.71482097577174,199.49391885906726,186.24408774897563,198.15518216833996,191.46900201909122,192.36614570080135,194.27931875605847,192.50291135496843
182.97817883419108,182.17649817982866,182.43309626121589,185.028861225719,179.04374838542395,187.94379720417024,177.16979823953795,187.98575538644306,178.12805638000953,188.60505490401763,178.16979823953795,187.74375002429471,177.19024315797114,187.95826556316493,177.83674313310584,187.63342175845503,177.27371647185302,187.83852753001082,177.48240149075352,187.42143551542503,177.35718978573487,188.12610277140118,177.85719151993072,187.70901075681542,177.44066309961676,188.03385456152529,177.77371820604884,187.6815209335372,177.25326808502814,187.65403111025901,177.50284987757837,187.89350717656723,177.79500474196908,188.0960836522828,177.75243167012863,187.89350717656723,177.54542294941885,187.66344087757338,177.23198154910793,187.47678413470834,177.31545486298978,187.66344087757338,177.461949635537,187.78317891072751,177.58632319146025,187.80850841089241,177.5028498775784,187.92824644404655,177.85719151993072,188.2252314527513,177.9823997565577,188.10549341959722,177.58632319146025,187.71626020101652,177.5028498775784,187.98575538644312,177.79500474196908,188.01324520972133,177.77371820604884,188.09608365228283,177.77371820604884,188.01324520972133,177.79500474196908,187.86601735328898,177.23198154910793,187.51368372530095,177.60760972738049,187.95826556316487,177.41937656369652,187.63342175845506,177.69108304126235,187.95826556316487,177.33590324981463,187.62401199114069,177.75326981922399,188.16300236199376,177.75326635083232,188.01324520972136,177.81545659718563,188.03857470988623,177.79416659287372,188.19774162947311,177.77455635514423,187.75315979160914,177.60677157828511,187.81103770673258,176.87847805585096,187.18883992059108,178.04458653451931,188.54319478598688,177.0863214572644,187.27130939042578,178.64934811851725,188.74830055754256,176.12721823091414,187.3859888318996,181.08716654314313,181.95259800456734,183.70547685273286,181.93215750067182
193.51121908740015,192.63850140441207,192.88261779082745,195.64992519862631,189.38016392438533,198.85544008622765,187.47622194062276,198.85388045046372,188.35494144730703,199.3798922909088,188.32558775719107,198.49394912316828,187.37247768998179,198.74801944659833,188.034713211888,198.40439967712396,187.46077575956929,198.69508894466563,187.8266771091464,198.40439967712399,187.76106007218681,199.02569033520092,188.02595428094929,198.35146917519128,187.44204486722981,198.69508894466563,187.9376562113618,198.48666011581685,187.49560366933795,198.41741805606301,187.59652216786324,198.57620956186116,187.94706597867616,198.90681095239646,188.00383544240773,198.71868950983819,187.76981900312552,198.52327905992846,187.56178290038392,198.38079911195143,187.5397527041317,198.38079911195143,187.56178290038392,198.52327905992846,187.76981900312552,198.57620956186116,187.68152093353802,198.71868950983819,188.09213351199523,199.04929090037348,188.18108241795841,198.90681095239646,187.86206721300141,198.57620956186116,187.68152093353805,198.61282850597277,187.76040923581112,198.62914006379387,187.90291694388245,198.85388045046372,187.92824644404735,198.77162001177089,188.0573942445159,198.80094994853104,187.56178290038392,198.35146917519128,187.81396803791927,198.74801944659831,187.59322286395053,198.40439967712399,187.90226610750673,198.80094994853101,187.62466282751717,198.49394912316833,187.98115440977983,198.85388045046372,187.75776076827407,198.62914006379387,187.90556541141947,198.71868950983816,187.86808903411378,198.80094994853104,187.75108811078601,198.40439967712396,187.83664907054714,198.72441888142578,187.17658846438098,197.95491890378423,188.16772251035559,199.26344910080982,187.19926949700888,197.99483102677792,188.85263906488967,199.50120786641872,186.18657880657906,198.22442422809377,191.68314858523448,192.61448665264379,194.40584740122969,192.4273619197584
183.08451464694642,182.15693498486775,182.2551110139417,184.89576328496207,179.1059351633856,188.17460298182905,177.42105286188726,188.02990442123678,177.9602750715421,188.35221893010657,177.94150298290796,187.67757079324872,177.25242993593278,188.00241459795865,177.85802966902608,187.67757079324875,177.33590324981466,188.00241459795865,177.77455635514423,187.79730882640285,177.69024489216699,188.21440084098865,177.69108304126235,187.38999555185839,177.04458653451931,187.71483935656823,177.60760972738049,187.65949073728495,177.33674139891002,187.62259114669234,177.31545486298978,187.65008096997056,177.60760972738049,188.03931418855123,177.79500474196911,187.97239547884027,177.64850996942189,187.85265744568613,177.52413641349864,187.71699967968152,177.35802793483026,187.53034293681645,177.29416832706957,187.73291941253206,177.60760972738049,187.82732794552123,177.52413641349864,187.93765621136095,177.85719151993072,188.14023268707652,177.77371820604887,187.93765621136095,177.60760972738049,187.82732794552123,177.52413641349861,187.73291941253206,177.37764164095142,187.65008096997056,177.54542294941885,187.91957615539712,177.58632319146025,187.88014726896438,177.85719151993072,188.12215263111273,177.52413641349864,187.67757079324878,177.66979650534213,188.00241459795859,177.44066309961676,187.6775707932488,177.75326981922399,188.1221526311127,177.62805811420534,187.8895570362788,177.83674313310587,187.94490565556202,177.33590324981466,187.65008096997059,177.58716134055564,187.8273279455212,177.54458480032349,187.79042835492865,177.29500647616493,187.46558455021875,177.62805811420534,188.032433717077,177.14934638432143,187.23298895538483,177.85719151993072,188.29976857939025,176.89892644267582,187.12013139370498,178.46195310392866,188.50487435094593,175.93982321632555,187.43954763400762,181.37932140753384,182.31906154823079,184.02665519055913,182.10792133722549
193.93892777475619,192.78814737819496,192.66577246085259,195.44549219824694,189.47241213426125,199.14213352529987,187.7203876258844,198.74801944659831,187.9635479056131,199.03297934255241,188.18052022387204,198.62914006379384,187.66730237557329,198.97275983326821,188.18447036416046,198.62914006379384,187.75560044516081,199.06230927931253,188.20650056041268,198.68207056572658,187.85330828206267,198.97275983326821,187.90621624779519,198.29853867325858,187.44204486722981,198.69508894466563,187.9376562113618,198.57620956186116,187.69818014505356,198.60553949862131,187.6634408775742,198.47034855799575,187.73291941253291,198.74801944659833,187.95101611896462,198.85388045046375,188.06464368871704,198.89049939457536,187.94160635165019,198.65847000055402,187.63200091400762,198.41741805606304,187.64462134294538,198.74801944659833,188.03931418855211,198.80094994853104,187.85660758597544,198.80094994853104,188.03931418855208,198.80094994853104,187.76435937609955,198.55989800404006,187.7423291798473,198.71140050248673,187.95101611896459,198.74801944659833,187.73291941253288,198.52327905992846,187.78317891072834,198.74801944659833,187.80850841089324,198.71868950983819,188.1496424543918,199.07862083713363,187.94160635165017,198.71868950983819,188.10879272351076,198.97275983326819,187.74298001622299,198.57620956186116,188.07735275994415,199.11523978124521,188.09673448865931,198.95974145432919,188.2506495952064,198.83756889264262,187.54361420213078,198.52327905992846,187.97248412113044,198.85388045046372,187.95092747667528,198.69508894466563,187.5210218117922,198.29853867325855,187.91948751310866,199.00208977002836,187.56582168296165,198.23258979238682,188.25056095291708,199.15758809694441,186.96920319801504,197.79942057686819,188.73290103173557,199.44827736448602,186.18657880657906,198.31397367413808,191.88572506095008,192.94508804317908,194.88463006585471,192.96053978600929
183.5051319293249,182.30634193922475,182.0425881121561,184.63021823982393,179.04374838542395,188.18796288943187,177.33757954800538,187.65403111025896,177.41853841460116,187.97634561912875,177.85802966902608,187.80125896669128,177.43982495052137,188.03385456152532,177.77455635514423,187.70901075681539,177.52329826440325,188.23643103724089,177.94066483381258,187.70901075681542,177.35718978573487,187.91411652837118,177.58632319146025,187.58927272366131,177.44066309961676,188.03385456152529,177.77371820604884,187.79184919937691,177.5028498775784,187.83127808580966,177.461949635537,187.56178290038312,177.29416832706954,187.64462134294459,177.44066309961676,187.8587679090879,177.79500474196908,188.06134438480348,177.69024489216699,187.76435937609872,177.31545486298978,187.56178290038309,177.44066309961676,187.95101611896379,177.79500474196908,187.8840974092528,177.48156334165816,187.77376914341312,177.54542294941885,187.66344087757338,177.23198154910793,187.47678413470834,177.31545486298978,187.77376914341309,177.71153142808723,187.95101611896376,177.52413641349861,187.6815209335372,177.5028498775784,187.85660758597459,177.5028498775784,187.80125896669134,177.79500474196908,188.15359259467937,177.69024489216699,187.91158723253105,177.85719151993072,188.03385456152526,177.35718978573487,187.58927272366134,177.66979650534211,188.14418282736494,177.79416659287372,188.08883420808172,177.96195136973282,187.94160635164934,177.25242993593278,187.68152093353723,177.77455635514423,188.09608365228277,177.77288005695348,187.86601735328901,177.25410623412353,187.42143551542503,177.58548504236489,188.09861294812296,177.35802793483026,187.47641516198146,178.02329999859907,188.21147050980278,176.56587133624373,186.82925684840197,178.37847979004678,188.62856252438846,176.12721823091414,187.49631709773925,181.33674833569339,182.35991127911183,184.29535499755187,182.58905256776654
193.93892777475619,192.78814737819496,192.66577246085259,195.40887325413533,189.38957369169975,198.9540120827416,187.44148267314344,198.41741805606301,187.65064316405778,198.85388045046375,188.18052022387204,198.68207056572655,187.69479219885153,198.83756889264268,187.91497517873387,198.40439967712396,187.67276200259931,199.02569033520092,188.11425235053679,198.40439967712399,187.47348483079642,198.78463839070994,188.0165445136349,198.68207056572658,187.95101611896459,199.07862083713363,188.1402326870774,198.71868950983819,187.81791817820766,198.74801944659833,187.77376914341394,198.43372961388414,187.5397527041317,198.47034855799575,187.67211116622366,198.71868950983819,188.10154327930962,198.95974145432916,187.96909617492841,198.66575900790548,187.68482023745074,198.52327905992846,187.73902987593459,198.71140050248673,187.86206721300141,198.52327905992846,187.56178290038392,198.52327905992846,187.76981900312552,198.52327905992846,187.56178290038392,198.38079911195143,187.5397527041317,198.52327905992846,187.88409740925366,198.80094994853104,187.82732794552206,198.57620956186116,187.80850841089327,198.74801944659833,187.78317891072834,198.62914006379387,187.97239547884112,198.89049939457533,187.8493581417743,198.68207056572658,188.02595428094929,198.74801944659831,187.47348483079642,198.35146917519128,187.90226610750676,198.94342989650804,187.94697733638685,198.8245505137036,188.15840138533051,198.80094994853101,187.55302396944518,198.57620956186119,188.08281238697015,198.99636039844074,188.07066550982938,198.80094994853104,187.64075984494633,198.35146917519128,187.82723930323277,198.8668988294028,187.50831274056506,198.33845079625223,188.45529775174597,199.21051859887712,186.79195622246436,197.61129913430992,188.73290103173557,199.68932930897699,186.48356381528387,198.36690417607079,191.70847808539943,192.75696660062081,194.84531235791152,193.13320832109611
183.08451464694642,182.15693498486775,182.2551110139417,184.90517305227647,179.12722169930581,188.08960421615427,177.19108477545819,187.62259114669232,177.46111148644161,188.03931418855129,177.94150298290796,187.88955703627875,177.52329826440325,188.03715386543797,177.64934811851725,187.50973358501247,177.35718978573487,188.10407257514893,177.77455635514423,187.50973358501247,177.23198154910793,188.03715386543797,177.94066483381258,188.00929506943288,177.79500474196908,188.24189066426683,177.85719151993072,187.88955703627877,177.60760972738049,187.94490565556205,177.56503665554001,187.65949073728495,177.3793144707505,187.75173894716085,177.56503665554001,188.00713474631959,177.9406648338126,188.19379148918466,177.79500474196908,187.98180524615469,177.66979650534213,187.86206721300056,177.52413641349861,187.74232917984648,177.39892817687166,187.53975270413085,177.27455462094838,187.74232917984648,177.64850996942189,187.85265744568616,177.52413641349861,187.71699967968155,177.35802793483026,187.65008096997056,177.56503665554001,187.94490565556205,177.60760972738049,187.76981900312467,177.58632319146025,187.91957615539712,177.54542294941885,187.76981900312467,177.64850996942189,187.94490565556205,177.52413641349861,187.77922877043906,177.69108304126235,187.83457738972234,177.23198154910793,187.60198179488842,177.77455635514423,188.16630166590645,177.69024489216699,187.92429630375813,177.83674313310587,187.95431542287642,177.3571897857349,187.7698190031247,177.83674313310587,188.14964245439091,177.81545312879396,188.02990442123686,177.5658748046354,187.67757079324875,177.62805811420534,187.97492477468043,177.21153316228305,187.56471323156893,178.33674139891002,188.51175482242024,176.69024489216699,186.85063620827842,178.46195310392866,188.8941075695266,176.41937309530485,187.55928566716173,181.17063985702501,182.14181457268012,184.14639322371323,182.59077590872596
193.51121908740015,192.58557090247936,192.76287975767335,195.5969946966936,189.47241213426125,198.99063102685318,187.53373088301933,198.55260899668858,187.70815210645435,198.74801944659836,187.97578342504315,198.57620956186113,187.75230114124807,198.97275983326821,188.00722338860976,198.35146917519126,187.55302396944521,198.97275983326821,188.11425235053676,198.49394912316828,187.67606130651203,199.02569033520092,188.20320125649997,198.68207056572658,187.76435937609952,198.83756889264265,187.9376562113618,198.62914006379387,187.81791817820766,198.74801944659833,187.77376914341394,198.52327905992846,187.7423291798473,198.80094994853104,188.0613443848043,198.99636039844077,188.18438172187112,198.94342989650806,187.94160635165019,198.85388045046375,188.07405345603144,198.80094994853104,187.7296201086202,198.41741805606304,187.45475393845692,198.32786861001873,187.61929184278048,198.74801944659833,188.06464368871701,198.80094994853104,187.83127808581048,198.60553949862131,187.6225911466932,198.47034855799575,187.77376914341392,198.74801944659833,187.81791817820766,198.57620956186116,187.81791817820766,198.74801944659833,187.77376914341394,198.57620956186116,187.86206721300138,198.74801944659833,187.7296201086202,198.57620956186116,187.90621624779516,198.6950889446656,187.56573304067231,198.62914006379387,188.28208955877304,199.22110078511062,188.03922554626274,198.77162001177092,188.0386633521764,198.74801944659831,187.55302396944521,198.52327905992846,187.96307435381604,198.80094994853101,187.84059921083556,198.74801944659833,187.84333632066193,198.62914006379384,188.00448627878342,198.81396832747009,187.3035759417362,198.28552029431953,188.63254472729665,199.4881894874797,186.99453269817997,197.61129913430992,188.62257276589585,199.63639880704429,186.47415404796945,198.31397367413808,191.59814981955972,192.61448665264379,194.72557432475739,193.0802778191634
182.97817883419106,182.05676014667452,182.16222793274545,184.80746521537461,179.02246184950371,188.08630491224159,177.33757954800538,187.71154005265552,177.35635163663952,187.64462134294465,177.37847979004678,187.46953469050717,177.37763817255976,188.09136350392188,177.77455635514423,187.49702451378539,177.25242993593278,188.11669300408678,177.94066483381258,187.81933902265513,177.60677157828511,188.21110153707596,177.81629127788932,187.58927272366131,177.21069501318769,187.73686955282051,177.52413641349861,187.6815209335372,177.5028498775784,187.83127808580966,177.461949635537,187.67211116622283,177.54375011961977,188.05193461748908,177.92021297859606,188.14634315047829,177.77371820604884,187.83994837445908,177.41937656369652,187.84935814177348,177.79500474196908,187.94160635164937,177.41937656369652,187.44204486722899,177.06587307043955,187.44204486722899,177.41937656369652,187.94160635164937,177.79500474196908,187.85876790908787,177.44066309961676,187.64462134294459,177.29416832706954,187.56178290038309,177.461949635537,187.83127808580966,177.5028498775784,187.6815209335372,177.52413641349864,187.85660758597459,177.48156334165816,187.68152093353723,177.54542294941885,187.83127808580966,177.41937656369652,187.67211116622283,177.58632319146025,187.82186831849526,177.35718978573487,187.87684796505172,178.12805984840119,188.43175806875533,177.79416659287372,187.87684796505172,177.69108304126235,187.82186831849523,177.25242993593278,187.56178290038312,177.50368802667376,187.65403111025896,177.25242993593278,187.65403111025901,177.50368802667376,187.80125896669128,177.79416659287372,187.88662670509297,176.87847805585096,187.26442891895147,178.23198154910793,188.59129396106906,176.81545312879396,186.73700863852608,178.12889799749655,188.50882449123435,176.1059316949939,187.3765790645852,181.08716654314316,182.03759677024212,184.0244866690814,182.46931453461244
193.93892777475619,192.78814737819496,192.66577246085259,195.35594275220262,189.26983565854565,198.9540120827416,187.65346891617344,198.60553949862128,187.61590389657846,198.47034855799575,187.59595997377687,198.29853867325855,187.66005293137218,199.02569033520095,188.12696142176389,198.40439967712396,187.55302396944518,199.06230927931253,188.31682882625239,198.73500106765928,187.86271804937709,198.97275983326821,187.89680648048079,198.24560817132587,187.3317166013901,198.5526089966886,187.81791817820769,198.57620956186116,187.81791817820766,198.74801944659833,187.77376914341394,198.52327905992846,187.7423291798473,198.80094994853101,188.0613443848043,198.90681095239646,187.98180524615552,198.61282850597277,187.55237313306952,198.52327905992846,187.87147698031583,198.71140050248673,187.7296201086202,198.47034855799575,187.57449197161105,198.52327905992846,187.8493581417743,198.85388045046375,187.98180524615555,198.57620956186116,187.56178290038392,198.47034855799575,187.65008096997141,198.57620956186116,187.89350717656802,198.80094994853104,187.81791817820766,198.62914006379387,187.93765621136177,198.89049939457536,187.88409740925366,198.57620956186116,187.7517389471617,198.60553949862128,187.60988207546609,198.52327905992846,187.90621624779516,198.6950889446656,187.56573304067231,198.62914006379387,188.28208955877304,199.22110078511062,188.03922554626277,198.77162001177089,188.0386633521764,198.74801944659831,187.55302396944518,198.43372961388414,187.76049787810044,198.47034855799572,187.45136599225489,198.47034855799578,187.76049787810041,198.73500106765925,188.23455257777727,198.91982933133551,187.2207374991747,198.15032935369396,188.56562601758569,199.54111998941241,187.08894123116914,197.57468019019831,188.44532579034518,199.44827736448602,186.38190583809359,198.36690417607079,191.71788785271383,192.6674171545765,194.72557432475742,193.0802778191634
183.61146774208026,182.40651677741798,182.13547119335234,184.60818804357169,178.87763990675558,188.09901398346867,177.46195310392866,187.83457738972231,177.46111148644161,187.7517389471609,177.4832396398489,187.60198179488836,177.52329826440325,188.249140108468,177.92021644698772,187.62947161816658,177.35718978573487,188.21440084098865,178.02413814769446,187.80671859371725,177.461949635537,187.91741583228387,177.43982841891304,187.27025751870428,177.02497282839815,187.6895098564033,177.58632319146025,187.76981900312467,177.60760972738049,187.94490565556205,177.56503665554001,187.65949073728495,177.3793144707505,187.75173894716085,177.56503665554001,187.89680648047988,177.69108304126237,187.78647821464017,177.31545486298978,187.5744919716102,177.4202147127919,187.75173894716085,177.52413641349861,187.86206721300059,177.66979650534213,187.98180524615466,177.79500474196908,188.07405345603058,177.66979650534213,187.68482023744988,177.31545486298978,187.75173894716087,177.62889626330073,187.98180524615466,177.83590498401048,188.06464368871616,177.60760972738049,187.88955703627877,177.85719151993072,188.24189066426683,177.79500474196908,187.76981900312467,177.39892817687166,187.62259114669234,177.25326808502814,187.65949073728495,177.69108304126235,187.83457738972234,177.23198154910793,187.60198179488842,177.77455635514423,188.16630166590645,177.69024489216699,187.92429630375813,177.83674313310587,187.95431542287645,177.35718978573487,187.65949073728501,177.58716134055561,187.74232917984642,177.33590324981466,187.74232917984648,177.58716134055561,188.00929506943288,178.14850823522605,188.30664905086454,177.23281969820329,187.50720428917236,178.37764164095142,188.72374106545024,176.92021297859606,186.86004597559284,178.25327155341984,188.71686059397592,176.41937309530485,187.77127191019176,181.44150818549548,182.26155260583423,184.14639322371323,182.59077590872596
193.93892777475619,192.78814737819496,192.66577246085259,195.35594275220262,189.26983565854565,198.95401208274157,187.65346891617344,198.6950889446656,187.81848037229403,198.80094994853107,187.98519319235754,198.62914006379384,187.86262940708778,199.11523978124526,188.12696142176387,198.40439967712396,187.55302396944521,198.97275983326821,188.11425235053676,198.40439967712396,187.47348483079642,198.64215844273292,187.69423000476519,198.15605872528155,187.3317166013901,198.5526089966886,187.81791817820769,198.57620956186116,187.81791817820766,198.74801944659833,187.77376914341392,198.43372961388414,187.5397527041317,198.47034855799575,187.67211116622363,198.66575900790548,187.98180524615552,198.71140050248673,187.61929184278048,198.32786861001873,187.45475393845692,198.41741805606304,187.7296201086202,198.80094994853104,188.07405345603141,198.85388045046375,187.94160635165019,198.80094994853104,187.86206721300141,198.61282850597277,187.76435937609952,198.80094994853104,188.03931418855208,198.90681095239646,188.09608365228362,198.89049939457536,187.81791817820766,198.71868950983819,188.14023268707737,199.13155133906633,188.07075415211872,198.57620956186116,187.5650822042966,198.36448755413033,187.40730559975049,198.48666011581685,188.02595428094926,198.74801944659831,187.47348483079642,198.29853867325858,187.78252807435265,198.74801944659833,187.71691103739303,198.62914006379387,188.0386633521764,198.74801944659831,187.55302396944521,198.52327905992848,187.96307435381604,198.80094994853101,187.84059921083556,198.74801944659833,187.84333632066193,198.77162001177086,188.32680078765313,199.14456971800539,187.48082291728687,198.33845079625223,188.66728399477597,199.63066943545672,187.18985972969446,197.75377908228694,188.65731203337518,199.68932930897699,186.65140102352012,198.64457506467338,191.92046432842943,192.75696660062081,194.72557432475739,193.0802778191634
182.97817883419106,182.05676014667452,182.16222793274545,184.80746521537461,179.02246184950371,188.08630491224159,177.33757954800538,187.82186831849523,177.60593342918975,188.05193461748914,177.85802966902608,187.87684796505167,177.62721996510999,188.20169176976157,177.77455635514423,187.49702451378539,177.25242993593278,188.00636473824707,177.69108304126235,187.41202574811064,177.12722169930581,187.80378826253147,177.56670948533909,187.4789444578216,177.21069501318769,187.73686955282051,177.52413641349861,187.6815209335372,177.5028498775784,187.83127808580966,177.461949635537,187.56178290038309,177.29416832706957,187.64462134294459,177.44066309961676,187.84935814177348,177.77371820604884,187.90686708417005,177.37847632165511,187.40730559974966,177.04458653451931,187.43263509991459,177.41937656369652,187.94160635164937,177.79500474196908,187.84935814177348,177.41937656369652,187.72962010861937,177.52413641349861,187.84935814177348,177.69024489216699,188.05193461748908,177.77371820604887,187.96909617492759,177.71153142808723,187.94160635164937,177.5028498775784,187.79184919937691,177.77371820604887,188.15359259467937,177.71153142808723,187.68152093353723,177.31545486298978,187.53429307710488,177.16979477114629,187.68152093353723,177.85719151993072,188.03385456152526,177.35718978573487,187.46953469050723,177.39892817687166,187.70213028534113,177.27371647185302,187.6467816660579,177.69108304126235,187.82186831849523,177.25242993593278,187.67211116622283,177.75326981922399,188.06134438480345,177.73197981491208,187.9416063516494,177.48240149075352,187.69960098950099,177.79416659287372,188.05446391332924,177.06587307043955,187.34942768462625,178.25326808502817,188.70162222690877,177.04374838542395,187.04991338008139,178.39976632596702,188.71356129006324,176.31461324550273,187.66415430597559,181.33674833569339,182.14792503608183,184.0244866690814,182.46931453461244
193.51121908740015,192.58557090247936,192.76287975767335,195.5969946966936,189.47241213426125,199.04356152878592,187.65346891617344,198.74801944659831,187.93821840544817,198.94342989650809,188.09552145819728,198.62914006379384,187.75230114124807,198.97275983326824,188.00722338860979,198.35146917519126,187.55302396944518,198.91982933133551,187.99451431738268,198.29853867325858,187.44599500751821,198.83027988529119,188.08346322334586,198.57620956186116,187.64462134294541,198.69508894466563,187.82732794552209,198.57620956186116,187.80850841089327,198.74801944659833,187.78317891072834,198.52327905992846,187.73291941253291,198.74801944659831,187.95101611896462,198.85388045046375,188.06464368871704,198.74801944659831,187.61929184278048,198.32786861001873,187.45475393845695,198.47034855799575,187.8493581417743,198.85388045046375,187.98180524615555,198.52327905992846,187.44204486722981,198.41741805606304,187.74232917984733,198.71140050248673,187.95101611896459,198.80094994853104,187.85265744568702,198.66575900790548,187.89350717656802,198.80094994853104,187.81791817820766,198.57620956186116,187.81791817820766,198.74801944659833,187.77376914341394,198.57620956186116,187.86206721300141,198.6950889446656,187.60988207546609,198.57620956186116,188.11820249082515,199.02569033520089,187.8533082820627,198.57620956186116,187.87477628422855,198.6950889446656,187.59717300423895,198.57620956186116,188.0386633521764,198.74801944659831,187.55302396944518,198.57620956186116,188.08281238697015,198.99636039844074,188.07066550982938,198.80094994853107,187.6407598449463,198.40439967712396,187.94697733638688,198.81396832747009,187.17658846438098,198.00784940571694,188.37970875338559,199.54111998941241,187.36710670524513,197.99483102677792,188.77705006652928,199.50120786641872,186.26216780493948,198.31397367413808,191.71788785271383,192.6674171545765,194.72557432475742,193.0802778191634
183.08451464694642,182.15693498486775,182.2551110139417,184.90517305227647,179.12722169930581,188.20934224930838,177.46195310392866,187.95431542287642,177.73197981491208,188.07405345603061,177.73282143239913,187.60198179488836,177.27371647185302,187.92682559959829,177.64934811851725,187.50973358501247,177.35718978573487,188.09466280783454,177.75326981922399,187.47499431753315,177.19108130706653,188.00241459795865,177.91937829789234,187.88014726896438,177.52413641349861,187.91957615539712,177.60760972738049,187.76981900312467,177.58632319146025,187.94490565556205,177.58632319146025,187.76981900312467,177.60760972738049,188.03931418855123,177.79500474196908,187.98180524615466,177.66979650534213,187.77706844732577,177.31545486298978,187.5744919716102,177.4202147127919,187.87147698031495,177.79500474196908,188.07405345603058,177.66979650534213,187.57449197161017,177.06587307043955,187.45475393845609,177.39892817687166,187.75173894716085,177.54542294941885,187.75173894716087,177.39892817687166,187.68482023744988,177.58632319146025,187.95431542287645,177.60760972738049,187.65949073728495,177.33674139891002,187.62259114669234,177.31545486298978,187.76981900312467,177.87847805585096,188.12215263111273,177.50284987757837,187.67757079324878,177.69108304126235,188.12215263111273,177.69024489216699,187.8895570362788,177.77455635514423,187.95431542287645,177.41937656369652,187.80455827060402,177.83674313310587,187.95431542287645,177.35718978573487,187.77922877043912,177.85802966902608,188.18438172187024,177.85635337083536,187.95431542287648,177.33757954800538,187.51914335232689,177.69024489216699,187.99158398619593,176.96195136973282,187.09989101462787,177.91937829789237,188.52116458973464,177.12889452910488,187.24927919417351,178.52413988189031,188.53961361842525,175.93982321632555,187.36395863564726,181.19192639294525,182.15122433999451,184.14639322371323,182.59077590872596
193.93892777475619,192.78814737819496,192.66577246085259,195.40887325413533,189.38957369169975,199.09649203071859,187.76379718201315,198.80094994853101,187.94762817276253,198.85388045046378,187.88353521516726,198.29853867325855,187.37247768998179,198.64215844273295,187.79523714557976,198.26191972914694,187.5624337367596,198.97275983326821,188.10484258322236,198.35146917519126,187.36315656495671,198.69508894466563,188.0165445136349,198.62914006379387,187.73902987593459,198.74801944659833,187.85265744568702,198.57620956186116,187.78317891072834,198.74801944659833,187.80850841089324,198.57620956186116,187.82732794552209,198.80094994853104,187.88409740925363,198.57620956186116,187.65949073728581,198.47034855799575,187.55237313306952,198.47034855799575,187.7517389471617,198.71140050248673,187.94160635165019,198.80094994853104,187.86206721300141,198.47034855799575,187.44204486722981,198.38079911195143,187.65949073728581,198.52327905992846,187.67211116622363,198.47034855799575,187.5397527041317,198.43372961388414,187.77376914341392,198.80094994853104,187.93765621136177,198.57620956186116,187.60593193517767,198.41741805606304,187.48619390202356,198.62914006379387,188.26938048754587,199.07862083713363,187.7296201086202,198.29853867325858,187.61864100640477,198.6950889446656,187.76106007218681,198.62914006379387,187.99451431738265,198.74801944659833,187.59717300423893,198.57620956186116,188.0386633521764,198.74801944659831,187.55302396944521,198.57620956186119,188.08281238697015,198.99636039844074,188.07066550982938,198.74801944659833,187.52102181179222,198.35146917519126,188.03922554626274,199.00208977002836,187.35383543993166,197.95491890378423,188.08272374468081,199.15758809694441,187.04479219637543,197.85235107880089,188.77705006652928,199.50120786641872,186.26216780493945,198.31397367413808,191.71788785271383,192.6674171545765,194.72557432475739,193.0802778191634
183.5051319293249,182.30634193922475,182.0425881121561,184.63021823982393,179.04374838542395,188.29829115527158,177.58716134055561,187.94160635164934,177.62721996510999,187.94160635164943,177.58716134055561,187.46953469050717,177.16895662205093,187.79437849521707,177.50368802667376,187.38669624794568,177.27371647185302,188.12610277140118,177.94066483381258,187.62401199114063,177.14850823522605,187.7462793201349,177.60760972738049,187.6909307008516,177.44066309961676,187.85660758597461,177.56503665554001,187.6815209335372,177.461949635537,187.83127808580966,177.5028498775784,187.68152093353723,177.52413641349861,187.85660758597459,177.48156334165816,187.56178290038312,177.27455462094838,187.61929184277966,177.41937656369652,187.72962010861937,177.52413641349861,187.72962010861937,177.41937656369652,187.72962010861937,177.52413641349861,187.72962010861937,177.41937656369652,187.73902987593377,177.54542294941885,187.7643593760987,177.46027680573792,187.64462134294459,177.27455462094838,187.53645340021816,177.44066309961676,187.94160635164937,177.77371820604887,187.8840974092528,177.5028498775784,187.65403111025898,177.25326808502817,187.80125896669134,178.04458653451931,188.24584080455526,177.44066309961676,187.30169748227095,177.12805984840119,187.62654128698077,177.35718978573487,187.68152093353723,177.66979650534213,187.82186831849523,177.27371647185302,187.6467816660579,177.69108304126235,187.82186831849523,177.25242993593278,187.67211116622283,177.75326981922399,188.06134438480345,177.73197981491208,187.82186831849529,177.21153316228305,187.487614746471,177.79416659287372,188.23171088887992,177.27455462094838,187.22968965147214,177.77371820604887,188.08232270933428,176.52329826440325,186.81984708108757,178.39976632596702,188.71356129006324,176.31461324550273,187.66415430597559,181.33674833569339,182.14792503608183,184.0244866690814,182.46931453461244
194.19173598857293,192.90788541134907,192.60837469694559,195.35594275220262,189.47241213426125,199.23168297134418,187.83071589172411,198.74801944659831,187.85321963977339,198.89049939457539,188.06078219071796,198.57620956186113,187.66730237557331,198.83027988529122,187.86215585529075,198.29853867325855,187.57835346961011,199.11523978124524,188.41123735924157,198.73500106765928,187.67606130651203,198.83756889264265,188.02595428094929,198.68207056572658,187.8493581417743,198.89049939457536,187.97239547884112,198.62914006379387,187.78317891072834,198.80094994853104,187.92824644404737,198.71868950983819,187.9376562113618,198.80094994853101,187.77376914341392,198.52327905992846,187.74232917984733,198.74801944659833,187.94160635165019,198.71140050248673,187.75173894716173,198.47034855799575,187.55237313306952,198.55989800404006,187.86206721300144,198.71140050248673,187.83127808581048,198.80094994853104,188.06464368871704,198.94342989650806,188.0613443848043,198.80094994853104,187.74232917984733,198.47034855799575,187.65403111025984,198.74801944659833,188.02990442123766,198.85388045046375,187.98575538644394,198.74801944659833,187.69818014505356,198.71868950983819,188.25997072023151,199.0786208371336,187.73902987593459,198.29853867325858,187.60923123909038,198.64215844273289,187.6507318063471,198.48666011581685,187.87477628422855,198.6950889446656,187.59717300423895,198.57620956186116,188.0386633521764,198.74801944659831,187.55302396944518,198.52327905992846,187.96307435381604,198.80094994853101,187.84059921083556,198.55260899668863,187.40128377863809,198.29853867325855,188.03922554626277,199.09163921607268,187.55641191564726,198.19597084827521,188.26938048754587,199.15758809694441,186.85813545351036,197.70084858035423,188.77705006652928,199.7422598109097,186.65140102352015,198.64457506467338,191.92046432842943,192.75696660062081,194.72557432475742,193.0802778191634
183.65641094836636,182.42780331333822,182.12526725454558,184.69318680924647,179.10593516338557,188.26685119170494,177.42105286188726,187.74232917984642,177.50201172848301,188.06464368871622,177.94150298290796,187.88955703627875,177.52329826440325,188.01182436527304,177.60844787647585,187.50032381769807,177.37680349185604,188.32472910682836,178.25410623412353,188.09429383510764,177.69024489216699,188.23248089695247,177.94066483381258,187.99988530211849,177.77371820604884,188.24189066426683,177.87847805585096,187.88955703627877,177.58632319146025,188.06464368871616,177.85719151993072,188.09213351199438,177.85719151993072,188.03931418855123,177.54542294941885,187.76981900312467,177.64850996942189,188.06464368871616,177.79500474196908,187.87147698031498,177.4202147127919,187.57449197161017,177.31545486298978,187.7770684473258,177.66979650534213,187.87147698031495,177.54542294941885,187.9723954788403,177.89809176197213,188.26938048754505,178.02497282839815,188.15905222170537,177.64850996942189,187.67541047013549,177.31545486298978,187.74232917984645,177.60760972738049,187.94706597867534,177.79500474196908,188.02990442123684,177.58632319146025,187.88014726896438,177.85719151993072,188.12215263111273,177.52413641349861,187.67757079324878,177.66979650534211,188.00241459795862,177.44066309961676,187.56724252740909,177.50368802667376,187.83457738972234,177.41937656369652,187.80455827060402,177.83674313310587,187.95431542287645,177.35718978573487,187.65949073728501,177.58716134055561,187.74232917984642,177.33590324981466,187.51226288085266,177.06671121953491,187.39940531917279,177.69024489216699,188.10191225203565,177.21153316228305,187.39687602333265,178.14934638432143,188.52116458973464,176.89892644267582,187.06262245130844,178.52413988189031,188.83659862713003,176.41937309530485,187.77127191019176,181.44150818549548,182.26155260583423,184.14639322371323,182.59077590872596
194.19173598857293,192.90788541134907,192.60837469694559,195.31932380809101,189.38957369169975,199.04356152878589,187.55181093898315,198.47034855799572,187.66005293137218,198.85388045046378,188.17111045655764,198.62914006379384,187.58446393301179,198.69508894466563,187.79523714557976,198.35146917519126,187.67276200259931,199.16817028317794,188.43656685940647,198.87748101563628,187.97304631521681,199.16817028317794,188.2285307566649,198.77162001177089,187.94160635165019,199.07862083713363,188.1496424543918,198.71868950983819,187.80850841089327,198.94342989650806,188.22523145275215,199.04929090037348,188.14023268707737,198.80094994853104,187.6634408775742,198.57620956186116,187.97239547884112,198.94342989650806,187.96909617492841,198.57620956186116,187.57449197161102,198.52327905992846,187.84935814177427,198.85388045046375,187.98180524615552,198.57620956186116,187.56178290038392,198.66575900790548,188.09213351199523,199.04929090037348,188.18108241795841,198.90681095239646,187.86206721300141,198.52327905992846,187.56178290038392,198.47034855799575,187.65008096997138,198.57620956186116,187.89350717656805,198.80094994853104,187.81791817820766,198.62914006379387,187.93765621136177,198.83756889264265,187.76435937609952,198.68207056572658,188.20320125649997,199.02569033520089,187.67606130651203,198.29853867325858,187.67219980851294,198.74801944659831,187.82723930323274,198.77162001177089,188.15840138533051,198.80094994853101,187.55302396944518,198.43372961388417,187.76049787810044,198.47034855799572,187.45136599225489,198.27493810808602,187.31844533607662,198.31485023107965,188.06671536954099,199.00937877737982,187.4066547633748,198.20325985562667,188.49944678653969,199.59405049134512,187.36710670524513,197.99483102677792,188.77705006652928,199.50120786641872,186.26216780493945,198.31397367413808,191.71788785271383,192.6674171545765,194.72557432475739,193.0802778191634
183.5051319293249,182.30634193922475,182.0425881121561,184.63962800713833,179.06503492134419,188.2132923895968,177.35719325412654,187.65403111025896,177.39892470848,187.95101611896382,177.83674313310584,187.68152093353717,177.19024315797117,187.73686955282054,177.54458826871516,187.59868249097568,177.50368455828209,188.24584080455529,177.98156507585398,187.85407829013445,177.62805811420534,188.24584080455529,177.85719151993072,187.70901075681542,177.44066309961676,188.03385456152529,177.77371820604884,187.79184919937691,177.5028498775784,188.06134438480348,177.9823997565577,188.18108241795761,177.77371820604884,187.7643593760987,177.23198154910793,187.68152093353723,177.79500474196908,188.15359259467937,177.69024489216699,187.67211116622281,177.31545486298978,187.84935814177348,177.89892644267582,188.23859136035418,177.79500474196908,187.67211116622281,177.21069501318769,187.77376914341309,177.81629127788932,188.0960836522828,177.73114513420839,187.8840974092528,177.54542294941885,187.74843964324816,177.44066309961676,187.65403111025898,177.31545486298981,187.59652216786242,177.5028498775784,187.86601735328898,177.52413641349864,187.69093070085162,177.52413641349861,187.85660758597459,177.48156334165816,187.92099699984544,178.08715960635979,188.24584080455526,177.39809002777628,187.41202574811066,177.4202147127919,188.03385456152523,177.79416659287372,188.08883420808172,177.96195136973282,187.94160635164934,177.25242993593278,187.56178290038312,177.50368802667376,187.65403111025896,177.25242993593278,187.53429307710491,177.23281969820329,187.70901075681542,178.06503492134419,188.38618818951335,177.33674139891002,187.49449521794529,178.29416832706954,188.82136026006287,177.27371647185302,187.23657012294646,178.39976632596702,188.41657628135846,175.83506336652343,187.25684103143104,181.08716654314316,182.03759677024212,184.0244866690814,182.46931453461244
193.93892777475619,192.73521687626226,192.54603442769849,195.40887325413533,189.60155993472975,199.37416291932121,187.93163439024943,198.74801944659831,187.75230114124807,198.80094994853104,188.05137242340354,198.52327905992843,187.46472589985771,198.69508894466566,188.00722338860979,198.68207056572655,187.9603372439897,199.16817028317794,188.14899161801611,198.54687962510101,187.76106007218681,199.02569033520092,188.02595428094929,198.35146917519128,187.44204486722981,198.69508894466563,187.9376562113618,198.57620956186116,187.69818014505356,198.80094994853104,188.10549341959805,198.90681095239646,187.9376562113618,198.55989800404004,187.47678413470913,198.57620956186116,188.15905222170622,199.13155133906633,188.05193461748991,198.61282850597277,187.66674018148694,198.80094994853104,188.22918159304058,199.13155133906633,188.07405345603144,198.61282850597277,187.64462134294541,198.80094994853104,188.15905222170622,198.85388045046375,187.76435937609952,198.55989800404006,187.7423291798473,198.71140050248673,187.95101611896462,198.74801944659833,187.73291941253291,198.52327905992846,187.78317891072834,198.74801944659833,187.80850841089327,198.57620956186116,187.82732794552209,198.74801944659831,187.76435937609952,198.77162001177089,188.31352952233968,199.0786208371336,187.68547107382642,198.38808811930289,187.86536651691415,199.02569033520089,188.1061442559737,198.95974145432916,188.241239827892,198.83756889264262,187.55302396944518,198.52327905992846,187.96307435381604,198.80094994853101,187.84059921083556,198.69508894466563,187.72359828750783,198.77162001177089,188.53878703068315,199.47517110854068,187.76839815867726,198.42800024229655,188.58228522910122,199.63066943545672,187.36710670524513,197.94190052484521,188.65731203337518,199.30579741650899,186.03210150594566,198.11856322422835,191.59814981955972,192.61448665264379,194.72557432475742,193.0802778191634
183.08451464694642,182.03719695171364,181.98424268547123,184.80351507508618,179.37680349185604,188.67416446624944,177.87931620494632,188.02990442123681,177.50201172848301,187.85265744568622,177.67063465443749,187.65008096997053,177.25242993593278,187.91957615539715,177.87931620494632,187.99988530211846,177.8350668349151,188.32472910682836,177.79584289106447,187.59473235068725,177.41937656369652,188.09466280783454,177.69108304126235,187.38999555185839,177.04458653451931,187.71483935656823,177.60760972738049,187.65949073728495,177.33674139891002,187.74232917984645,177.58632319146025,187.86206721300056,177.60760972738049,187.74232917984645,177.31545486298978,187.76981900312467,177.87847805585096,188.24189066426683,177.77371820604884,187.76981900312467,177.4202147127919,187.86206721300056,177.77371820604884,188.06464368871619,177.66979650534213,187.76981900312467,177.52413641349861,188.02990442123686,177.85719151993072,187.82732794552123,177.27455462094838,187.53034293681645,177.37764164095142,187.85265744568616,177.79500474196908,188.02990442123684,177.58632319146025,187.73507973564534,177.54542294941885,187.91016638808273,177.56503665554001,187.76040923581027,177.60760972738049,187.91957615539712,177.52413641349861,187.88014726896438,177.91937829789234,188.12215263111273,177.461949635537,187.6775707932488,177.73198328330375,188.1221526311127,177.64934465012558,187.8895570362788,177.81545659718563,187.94490565556202,177.3571897857349,187.7698190031247,177.83674313310587,188.14964245439091,177.81545312879396,188.02990442123686,177.5658748046354,187.90763709224257,178.14850823522605,188.47448625910081,177.42021471279187,187.47246502169304,178.12805984840119,188.51175482242024,176.89892644267582,186.94288441815431,178.25327155341984,188.39454608510621,175.89892297428415,187.32921936816791,181.17063985702501,182.14181457268012,184.14639322371323,182.59077590872596
193.68388762248696,192.58557090247936,192.55089351464335,195.46180375606804,189.62688943489468,199.42709342125389,188.02604292323861,198.80094994853101,187.68538243153711,198.6128285059728,187.84879594768793,198.43372961388411,187.46472589985771,198.74801944659833,188.12696142176387,198.82455051370357,188.07066550982938,199.16817028317794,188.03866335217637,198.40439967712396,187.6413220390327,198.97275983326821,188.02595428094929,198.35146917519128,187.44204486722981,198.74801944659833,188.0573942445159,198.68207056572658,187.72566996833177,198.61282850597277,187.71626020101738,198.57620956186116,187.82732794552206,198.71140050248673,187.77376914341392,198.71868950983819,188.09213351199523,198.99636039844077,187.96909617492838,198.62914006379387,187.69423000476516,198.57620956186116,187.75710993189838,198.66575900790548,187.80455827060484,198.62914006379387,187.8587679090887,198.85388045046375,187.97239547884112,198.52327905992846,187.45145463454421,198.38079911195143,187.65008096997141,198.66575900790548,188.00383544240773,198.85388045046375,187.82732794552206,198.57620956186116,187.80850841089327,198.74801944659833,187.78317891072834,198.57620956186116,187.85265744568699,198.74801944659833,187.73902987593459,198.62914006379387,188.0165445136349,198.83756889264262,187.68547107382642,198.53959061774955,187.9597750499033,198.74801944659831,187.53966406184236,198.44101862123563,187.94641514230051,198.80094994853101,187.67276200259928,198.62914006379387,188.08281238697015,198.99636039844074,188.07066550982938,198.80094994853104,187.64075984494633,198.45733017905667,188.06671536954099,199.00937877737982,187.40665476337477,198.06077990764965,188.17713227766998,199.1209691528328,186.86754522082475,197.61129913430992,188.56506382349929,199.3587279184417,186.15183953909974,198.17149372616106,191.59814981955969,192.61448665264379,194.72557432475739,193.0802778191634
183.36878519581563,182.26874638970452,182.16222793274545,184.75936604029243,179.1059351633856,188.33303042275091,177.58716134055561,187.86601735328895,177.4398249505214,187.77376914341315,177.58716134055561,187.57119266769746,177.19024315797114,187.85660758597464,177.81545659718563,187.92099699984539,177.75326635083232,188.24584080455529,177.73198328330375,187.53176378126474,177.35718978573487,188.12610277140118,177.85719151993072,187.70901075681542,177.44066309961676,188.1535925946794,178.04458653451931,188.12357347556102,177.77371820604887,187.97634561912869,177.5028498775784,187.68152093353723,177.52413641349861,187.95101611896376,177.71153142808723,188.00383544240694,177.83590498401048,188.0960836522828,177.71153142808723,187.89350717656723,177.58632319146025,187.77376914341309,177.44066309961676,187.77376914341312,177.58632319146025,187.8935071765672,177.71153142808723,187.98575538644312,177.58632319146025,187.59652216786242,177.23198154910793,187.66344087757341,177.54542294941885,187.8935071765672,177.75243167012863,187.98575538644309,177.54542294941885,187.71626020101652,177.5437501196198,187.86601735328898,177.48323617145724,187.69093070085162,177.56503665554001,187.85660758597459,177.44066309961676,187.69093070085162,177.60760972738049,187.85660758597459,177.39809002777628,187.69093070085162,177.65018279922097,187.74627932013487,177.1059351633856,187.50427395798656,177.71236957718259,188.04326432883963,177.52329826440325,187.80125896669134,177.77455635514423,188.09608365228277,177.77288005695348,187.86601735328901,177.25410623412353,187.43084528273943,177.60677157828513,188.01361418244818,177.12805984840119,187.18883992059108,177.79500474196908,188.10114224396307,176.54458480032349,186.82925684840197,178.39976632596702,188.62856252438846,176.1059316949939,187.37657906458514,181.08716654314316,182.03759677024212,184.0244866690814,182.46931453461244
194.40372223160293,193.11874876873026,192.84301943640327,195.40887325413533,189.30457492602497,198.99063102685321,187.60931988137972,198.60553949862128,187.75230114124807,198.80094994853104,188.05137242340354,198.52327905992843,187.46472589985768,198.69508894466566,188.00722338860976,198.62914006379384,187.84059921083559,198.97275983326824,187.91892531902229,198.29853867325858,187.52158400587859,198.91982933133551,188.11820249082518,198.62914006379387,187.82186831849609,199.11523978124524,188.3522189301074,199.04929090037348,188.19774162947394,199.07862083713363,187.98575538644394,198.61282850597277,187.73291941253291,198.74801944659833,187.95101611896459,198.85388045046375,188.06464368871701,198.89049939457533,187.94160635165019,198.80094994853104,187.95431542287733,198.74801944659833,187.82186831849609,198.74801944659833,187.95431542287733,198.80094994853104,187.94160635165019,198.80094994853104,187.86206721300141,198.61282850597277,187.76435937609955,198.80094994853104,188.03931418855208,198.85388045046375,187.97634561912955,198.74801944659833,187.70758991236798,198.52327905992846,187.80850841089327,198.69508894466563,187.66344087757423,198.43372961388414,187.7423291798473,198.6950889446656,187.7296201086202,198.57620956186116,187.90621624779516,198.6950889446656,187.56573304067231,198.43372961388414,187.84003701674922,198.58922794080019,187.39243620541004,198.43372961388414,188.10558206188736,199.02569033520089,187.86592871100052,198.66575900790548,187.97248412113044,198.85388045046372,187.95092747667528,198.69508894466563,187.52102181179222,198.35146917519128,188.03922554626274,199.14456971800539,187.67614994880137,198.28552029431953,188.25997072023148,199.1046575950117,186.84005539754654,197.74649007493548,188.83455900892585,199.63639880704429,186.35441601481537,198.20811267027267,191.47841178640562,192.41907620273406,194.44257752383089,192.76512933609956
183.97137780047026,182.69409201880845,182.34415274386117,184.68377704193207,178.85635337083534,187.93512691552084,177.12889799749655,187.58785187921299,177.46111148644161,188.02990442123689,177.92021644698772,187.76040923581022,177.25242993593278,187.79983812224305,177.60844787647585,187.55783276009464,177.31461671389442,187.88267656480454,177.524974562594,187.35525628437904,177.14850823522605,187.88267656480454,177.69108304126235,187.67757079324878,177.50284987757837,188.11274286379833,177.85719151993072,187.96514603463916,177.79500474196908,188.20715139678751,177.79500474196908,187.76040923581027,177.37764164095142,187.73291941253206,177.52413641349861,187.82732794552123,177.60760972738049,187.81791817820684,177.5028498775784,187.81791817820684,177.60760972738049,187.81791817820684,177.5028498775784,187.81791817820684,177.60760972738049,187.81791817820684,177.5028498775784,187.81791817820684,177.60760972738049,187.93765621136095,177.77371820604884,188.14023268707655,177.85719151993072,187.93765621136095,177.52413641349861,187.69818014505273,177.31545486298978,187.61534170249124,177.54542294941885,187.79042835492862,177.29416832706954,187.43809472694056,177.35802793483026,187.79983812224302,177.50284987757837,187.76040923581027,177.66979650534213,187.79983812224299,177.19108130706653,187.43809472694059,177.46111495483328,187.67069032177449,177.10760799318464,187.53250325992977,177.77455635514423,188.1127428637983,177.58548504236489,187.7604092358103,177.58716134055564,187.8273279455212,177.54458480032349,187.79042835492865,177.29500647616493,187.57591281605846,177.87763990675558,188.43974699162149,177.62889626330073,187.64030222992932,178.10677331248095,188.29035881207585,176.62805811420534,186.90814515067498,178.46195310392866,188.6821213264966,176.14850476683438,187.31980960085355,180.89977152855454,181.69976203065627,183.50620506953842,181.87785503823167
194.36440452365974,193.05036535932609,192.7187029627853,195.31932380809101,189.27924542586001,198.90108158080886,187.43207290582905,198.41741805606301,187.66005293137215,198.90681095239648,188.29084848971175,198.77162001177086,187.6947921988515,198.80094994853107,187.92438494604829,198.40439967712396,187.571104025409,198.83756889264265,187.94641514230048,198.31485023107965,187.43874556331707,198.69508894466563,187.84870730539859,198.40439967712399,187.64678166605867,198.80094994853104,187.8801472689652,198.49394912316831,187.72566996833177,198.85388045046375,188.01324520972216,198.62914006379387,187.65008096997141,198.52327905992846,187.68152093353802,198.62914006379387,187.88955703627963,198.71868950983819,187.79184919937771,198.62914006379387,187.77922877043991,198.57620956186116,187.6721111662236,198.57620956186116,187.77922877043991,198.57620956186116,187.6721111662236,198.66575900790548,187.98180524615552,198.95974145432916,188.18108241795841,198.99636039844077,187.97239547884112,198.57620956186116,187.57119266769831,198.47034855799575,187.64067120265699,198.62914006379387,188.02265497703652,198.80094994853104,187.59652216786327,198.24560817132587,187.53975270413167,198.65847000055402,187.84935814177427,198.77162001177089,188.13628254678898,198.80094994853101,187.48289459811082,198.29853867325858,187.77311830703823,198.55260899668858,187.28426826268364,198.20898922721429,187.86141637662573,198.89049939457533,187.86808903411378,198.62914006379387,187.79523714557976,198.57620956186113,187.74835100095967,198.74801944659833,187.75108811078601,198.54687962510098,188.15896357941688,199.2504307218708,187.79588798195545,198.53386124616196,188.6097750523794,199.40592904878685,186.98728325397886,197.66422963624262,188.56506382349929,199.41165842037441,186.27157757225385,198.22442422809377,191.5059016096838,192.2838852621085,194.08353289236001,192.28488197178137
183.58077143884566,182.36236774262429,182.0732844153907,184.64903777445272,179.06503492134419,188.22270215691123,177.37847979004678,187.68877037773828,177.4398249505214,188.10549341959725,178.12889799749655,188.13298324287538,177.71069327899184,188.18833186215875,177.83674313310587,187.75315979160911,177.54458480032349,188.28058007203461,178.00285161177422,187.75315979160914,177.37847632165511,187.9582655631649,177.64850996942189,187.63342175845503,177.461949635537,187.9676753304793,177.58632319146025,187.54842299278025,177.31545486298978,187.90075662076833,177.77371820604887,187.90291694388162,177.54542294941885,187.78317891072749,177.5028498775784,187.92824644404655,177.85719151993072,188.14023268707652,177.77371820604887,187.93765621136095,177.60760972738049,187.81791817820681,177.5028498775784,187.81791817820684,177.60760972738049,187.81791817820681,177.5028498775784,187.92824644404655,177.85719151993072,188.2252314527513,177.9823997565577,188.10549341959722,177.58632319146025,187.60593193517681,177.25326808502817,187.69818014505273,177.58632319146025,188.04798447720063,178.04458653451934,188.19774162947311,177.52413641349864,187.51368372530095,177.31545486298978,187.86601735328898,177.71153142808723,188.13298324287544,178.12805984840119,188.18833186215869,177.41937656369652,187.63342175845506,177.69108304126235,187.84793729732516,177.08632145726443,187.33643674975028,177.54458826871516,188.07800359631898,177.75326635083232,187.90291694388165,177.5658748046354,187.7162602010165,177.52329826440325,188.07800359631904,177.77455635514423,187.87289782476324,177.8776399067556,188.25309024875639,177.39892817687166,187.750630495769,178.58632319146025,188.87491906217099,177.08632145726443,186.98373414903537,178.19108477545819,188.46072531615218,176.12721823091414,187.59797507492956,181.3580348716136,182.07233603772144,183.70547685273286,181.93215750067182
194.19173598857293,192.85495490941636,192.48863666379148,195.2134628042256,189.36208386842151,199.17875246941148,187.82130612440972,198.6950889446656,187.74289137393365,198.89049939457539,188.26335866643353,198.90681095239643,187.96428738427807,199.11523978124526,188.20979986432539,198.77162001177086,188.05258545386556,199.44584117178056,188.52881506928239,198.77162001177089,187.73357024890856,198.91982933133551,187.99846445767108,198.57620956186116,187.82186831849609,198.97275983326821,188.02990442123769,198.57620956186116,187.69818014505356,198.83756889264265,188.09608365228365,198.85388045046375,187.91957615539798,198.74801944659833,187.85660758597541,198.89049939457536,188.24189066426769,199.13155133906633,188.15359259468019,198.89049939457536,187.94490565556291,198.74801944659833,187.83127808581048,198.74801944659833,187.94490565556291,198.74801944659833,187.83127808581048,198.80094994853104,188.06464368871701,198.94342989650806,188.0613443848043,198.80094994853104,187.7423291798473,198.47034855799575,187.65403111025981,198.69508894466563,187.91016638808358,198.85388045046375,188.19774162947394,199.02569033520092,187.86601735328983,198.47034855799575,187.6225911466932,198.64215844273289,187.82186831849609,198.90681095239646,188.40577773221554,199.11523978124521,187.76830951638794,198.57620956186116,188.05202325977922,198.83027988529116,187.47743497108485,198.33515761737019,187.95366458650162,199.0786208371336,188.13758421954037,198.85388045046378,187.87807558814126,198.55989800404004,187.72086117768146,198.8832103872239,188.02058329621261,198.68207056572658,188.03922554626277,198.90351777351441,187.37916494009659,198.42800024229655,188.87927023780597,199.8717213799477,187.45935491512103,197.8889700229125,188.5375740002211,199.39534686255331,186.35441601481534,198.53871406080796,191.977973270826,192.74967759326935,194.48189523177408,192.59246080101275
183.58077143884566,182.25203947678457,181.82370262284047,184.35205276574794,178.83506683491512,188.22270215691123,177.60844787647585,187.87542712060335,177.4398249505214,187.80850841089247,177.64934811851725,187.72566996833089,177.46111148644161,188.07800359631904,177.83674313310584,187.86348805744885,177.79416659287372,188.57756508073942,178.23281969820329,187.86348805744885,177.39809002777628,187.9582655631649,177.62889626330073,187.63342175845503,177.48156334165816,188.06859382900461,177.79500474196908,187.81066873400573,177.52413641349861,187.98575538644312,177.77371820604884,187.92824644404655,177.58632319146025,187.80850841089241,177.5028498775784,187.89350717656723,177.79500474196908,188.07075415211787,177.71153142808723,187.88409740925283,177.56503665554001,187.77376914341309,177.461949635537,187.77376914341312,177.56503665554001,187.77376914341309,177.461949635537,187.78317891072751,177.58632319146025,187.80850841089241,177.5028498775784,187.69818014505273,177.33674139891002,187.60593193517681,177.5028498775784,187.86601735328901,177.52413641349861,187.69093070085162,177.52413641349861,187.86601735328901,177.50284987757837,187.60593193517684,177.33674139891002,187.5784421118986,177.23198154910793,187.72566996833095,177.87847805585096,188.07800359631898,177.41937656369652,187.63342175845506,177.69108304126235,187.95826556316487,177.33590324981463,187.63342175845509,177.77455635514423,188.19774162947309,177.79416659287372,187.92824644404658,177.5658748046354,187.60593193517681,177.27371647185302,187.75568908744933,177.50368802667376,187.63342175845503,177.60677157828511,187.81103770673258,176.87847805585096,187.30857795374521,178.31545486298978,188.75518102901688,177.0863214572644,186.9837341490354,178.19108477545819,188.46072531615218,176.12721823091414,187.59797507492959,181.3580348716136,182.07233603772144,183.70547685273286,181.93215750067182
194.36440452365974,192.96081591328178,192.5161264870697,195.07827186360004,189.09258868299494,198.9540120827416,187.73846768184822,198.7114005024867,187.77038119721186,198.66575900790551,187.79128700529137,198.35146917519126,187.4922157231359,198.80094994853104,188.034713211888,198.59981012703369,187.9028283015931,199.27403128704336,188.353728416845,198.59981012703372,187.58381309663613,198.74801944659833,187.82337780523366,198.40439967712399,187.6721111662236,198.89049939457536,188.0573942445159,198.68207056572658,187.81791817820763,198.85388045046375,188.01324520972213,198.77162001177089,187.8801472689652,198.71868950983819,187.80125896669213,198.62914006379387,187.76981900312552,198.57620956186116,187.68152093353802,198.57620956186116,187.76981900312552,198.57620956186116,187.68152093353802,198.57620956186116,187.76981900312552,198.57620956186116,187.68152093353802,198.62914006379387,187.88955703627963,198.71868950983819,187.79184919937774,198.57620956186116,187.65949073728581,198.62914006379387,188.00383544240773,198.85388045046375,187.7350797356462,198.29853867325858,187.42868495962696,198.47034855799575,187.69093070085242,198.53959061774955,187.76981900312549,198.47034855799575,187.34979665735392,198.35146917519128,187.93370607107337,198.80094994853101,187.59322286395053,198.40439967712399,187.90226610750673,198.89049939457533,187.82723930323277,198.73500106765931,188.1678111526449,198.99636039844074,187.89341853427871,198.77162001177089,187.99997394440865,198.62914006379384,187.571104025409,198.47034855799575,187.54851163507041,198.45733017905667,188.06671536954096,198.91982933133551,187.29632649753509,198.11371040958235,188.4071985766638,199.45885955071955,187.21734955297268,197.85964008615235,188.68480185665339,199.51751942423982,186.39131560540795,198.4198346780035,191.73596790867765,192.47929571201823,194.20327092551409,192.33781247371408
183.97137780047024,182.69409201880839,182.34415274386117,184.68377704193205,178.85635337083536,188.05486494867495,177.39976632596702,187.91016638808267,177.71069327899187,188.02990442123686,177.67063465443749,187.55783276009461,177.25242993593278,188.00241459795865,177.85802966902608,187.79730882640285,177.60677157828513,188.32472910682836,178.02413814769446,187.79730882640285,177.44066309961676,188.00241459795862,177.66979650534213,187.67757079324875,177.52413641349864,188.12215263111273,177.85719151993072,187.88014726896438,177.58632319146025,188.02990442123684,177.79500474196908,188.05739424451505,177.85719151993072,188.14964245439094,177.79500474196911,187.86206721300056,177.39892817687166,187.56508220429575,177.31545486298981,187.75173894716085,177.62889626330073,187.86206721300053,177.56503665554004,187.86206721300056,177.62889626330073,187.86206721300053,177.56503665554004,187.97239547884027,177.87847805585096,188.14964245439091,177.77371820604887,187.93765621136095,177.60760972738049,188.05739424451502,178.04458653451934,188.24189066426683,177.60760972738049,187.47283399441989,177.10677331248095,187.62259114669234,177.54542294941885,187.94706597867534,177.85719151993072,187.91016638808273,177.25326808502817,187.55783276009467,177.66979650534213,188.00241459795859,177.44066309961676,187.6775707932488,177.75326981922399,188.23248089695241,177.87763990675558,188.17713227766919,178.0454246836147,188.14023268707652,177.58548504236489,188.05739424451508,178.06671121953494,188.14964245439091,177.58548504236489,187.73291941253208,177.31629301208517,187.79730882640285,178.14850823522605,188.47448625910081,177.4202147127919,187.47246502169304,178.12805984840119,188.62208308825996,177.14850823522605,187.3501976926988,178.73282143239913,188.92159739280481,176.41937309530485,187.76186214287736,181.42022164957524,182.14181457268009,183.77707339800889,181.99759307138578
194.23105369651611,193.01288776486484,192.81552961312505,195.34865374485116,189.13201756942772,198.74229007501077,187.40458308255083,198.58922794080019,187.92013834948435,198.93614088915663,188.03329236743971,198.47034855799572,187.54756434241918,198.91982933133551,188.18447036416046,198.62914006379384,187.75560044516081,199.00937877737982,188.08676252725857,198.48666011581685,187.62324198306885,198.8668988294028,187.98905469035665,198.52327905992846,187.71154005265637,198.83027988529119,187.91016638808358,198.47034855799575,187.57844211189942,198.64215844273292,187.86601735328981,198.80094994853104,188.12215263111358,199.07862083713363,188.15359259468022,198.74801944659833,187.6225911466932,198.36448755413033,187.53429307710573,198.60553949862131,187.91957615539798,198.74801944659833,187.85660758597544,198.74801944659833,187.91957615539798,198.69508894466563,187.73686955282133,198.74801944659833,188.13156239842797,199.07862083713363,188.14418282736582,198.83756889264265,187.83457738972319,198.80094994853104,188.15359259468022,199.02569033520092,187.91016638808358,198.47034855799575,187.57844211189942,198.64215844273292,187.86601735328981,198.80094994853104,188.12215263111358,198.83027988529119,187.59180201950227,198.47034855799575,187.98905469035665,198.91982933133548,187.74298001622299,198.57620956186116,188.07735275994415,199.11523978124521,188.09673448865934,198.90681095239648,188.13091156205229,198.78463839070992,187.6358624120067,198.80094994853104,188.35230757239671,199.0786208371336,187.92343765339706,198.58922794080021,187.49353198851401,198.57620956186113,188.41904899752905,199.42224060660797,187.76839815867726,198.37506974036384,188.46254719594708,199.57773893352402,187.45935491512103,198.2725019153805,189.15687351779556,199.92135870299833,186.67673052368505,198.68119400878498,191.977973270826,192.74967759326935,194.48189523177408,192.59246080101275
182.97817883419108,181.93702211352044,181.89135960427495,184.37482244066518,178.52329826440325,187.55925360454299,176.83674313310584,187.41455504395074,177.37763817255976,187.83127808580971,177.58716134055561,187.46953469050717,177.1689566220509,187.91411652837121,177.77455635514423,187.58927272366128,177.25242993593278,187.79437849521707,177.42021471279187,187.2669582147916,177.0863214572644,187.79437849521707,177.58632319146025,187.4695346905072,177.16979477114629,187.59180201950147,177.25326808502814,187.23946839151338,176.9823997565577,187.41455504395077,177.23198154910793,187.56178290038312,177.52413641349861,187.94160635164937,177.69024489216699,187.7296201086194,177.25326808502814,187.40730559974966,177.16979477114629,187.60988207546529,177.50284987757837,187.72962010861937,177.44066309961676,187.7296201086194,177.50284987757837,187.60988207546526,177.16979477114629,187.5270436329038,177.52413641349861,187.94160635164937,177.69024489216699,187.76435937609872,177.31545486298978,187.56178290038309,177.44066309961676,187.82186831849526,177.50284987757837,187.64678166605788,177.461949635537,187.82186831849526,177.48156334165816,187.67211116622283,177.52413641349861,187.71154005265555,177.16979477114629,187.46953469050723,177.58632319146025,187.91411652837115,177.35718978573487,187.58927272366134,177.66979650534211,188.03385456152526,177.54458480032349,187.68152093353723,177.48240149075352,187.53429307710485,177.00284814338255,187.56178290038312,177.75326981922399,187.94160635164934,177.46111148644161,187.49955380962558,176.96195136973282,187.37728648063128,177.79416659287372,188.26645015635924,177.33674139891002,187.37475718479118,178.02329999859907,188.49904575119317,177.02413467930279,187.23657012294646,178.64934811851725,188.84921905606788,176.35551348754413,187.66415430597561,181.29584809365195,182.00285750276279,183.63388030745682,181.86672192995786
193.39176170072705,192.30790001387678,192.28139832921678,195.04165291948843,189.00975024043345,198.67634119413901,187.34923446326755,198.3807991119514,187.56780472149626,198.57620956186116,187.79128700529137,198.35146917519126,187.4922157231359,198.80094994853107,188.03471321188798,198.45733017905667,187.58051379272342,198.74801944659833,187.73442889927051,198.1267287885214,187.3812366209205,198.80094994853104,188.05344410422748,198.4573301790567,187.469534690508,198.47034855799575,187.55783276009549,198.20898922721426,187.40335545946206,198.38079911195143,187.51368372530177,198.35146917519128,187.67757079324963,198.71868950983816,187.91158723253184,198.62914006379387,187.65949073728581,198.43372961388414,187.56178290038392,198.52327905992846,187.76981900312552,198.57620956186116,187.68152093353802,198.62914006379387,187.88955703627963,198.57620956186116,187.46953469050803,198.29853867325858,187.60198179488924,198.68207056572658,187.99658599820663,198.77162001177089,187.71231006072895,198.35146917519128,187.47894445782242,198.52327905992846,187.7604092358111,198.68207056572658,188.02265497703652,198.90681095239646,187.83599823417148,198.49394912316831,187.67757079324963,198.47034855799572,187.34979665735389,198.26191972914697,187.82337780523366,198.74801944659831,187.58381309663613,198.40439967712399,187.91167587482116,198.85388045046372,187.73499109335688,198.49394912316831,187.77857793406423,198.43372961388411,187.25819928385371,198.29853867325858,187.81331720154358,198.62914006379384,187.66551255839818,198.38079911195143,187.25152662636566,198.12672878852138,187.86413889382536,198.97275983326821,187.52639279652888,198.25619035755938,188.4071985766638,199.36931010467524,187.10702128713297,197.91257058808506,188.91486815564721,199.80247932019387,186.62138190440174,198.4727651799362,191.62563964283794,192.33681576404121,194.08353289236001,192.28488197178137
183.11521095018105,182.0813459865073,182.04642946343287,184.76266534420506,179.18940847726745,188.43073825965277,177.69192119035773,187.96372519019081,177.52329826440325,187.89680648047991,177.73282143239913,187.81396803791836,177.54458480032349,188.1663016659065,177.92021644698772,187.84145786119657,177.62805811420534,188.25854987578236,177.83674313310587,187.6642108856459,177.5028498775784,188.37828790893647,178.23281969820329,188.0534441042266,177.58632319146025,187.9890546903558,177.66979650534213,187.81396803791839,177.60760972738049,187.96372519019084,177.60760972738049,187.81396803791839,177.66979650534213,188.10879272350988,177.85719151993072,188.02595428094841,177.69108304126237,187.90621624779428,177.58632319146025,187.9062162477943,177.69108304126237,187.90621624779428,177.58632319146025,188.02595428094841,177.96195136973284,188.11820249082427,177.58632319146025,187.72896927224363,177.48240149075355,188.02595428094838,178.06587307043955,188.40577773221469,177.9406648338126,187.81396803791839,177.33674139891002,187.78647821464017,177.66979650534213,188.1362825467881,178.12805984840119,188.40577773221466,177.87847805585096,187.93370607107249,177.66979650534213,187.86931665720167,177.31545486298978,187.61139156220281,177.71236957718259,188.04656363275234,177.48156334165816,187.72171982804252,177.79584289106447,188.16630166590645,177.66895835624675,187.92429630375813,177.85802966902611,187.96372519019084,177.35718978573487,187.69423000476434,177.64934811851725,187.90621624779425,177.62805811420537,187.87872642451609,177.37847979004678,187.55388261980622,177.71153142808723,188.23106005250415,177.48240149075352,187.72860029951676,178.4202147127919,188.67564189036807,176.96111322063746,187.21709975194176,178.79500821036078,189.17773267062853,176.71152795969556,187.81542094498548,181.23282663498665,181.88897859876906,183.57780161481446,181.94329060894563
193.80557694761256,192.69773928180101,192.64286107803821,195.52775263693979,189.65690855401303,199.45642335801406,188.09080130983628,198.91982933133548,187.82572981649517,198.78463839070997,188.03329236743974,198.7114005024867,187.84454935112399,199.06230927931256,188.20979986432539,198.71868950983816,187.93284742071148,199.2504307218708,188.29874877028854,198.71868950983816,187.93614672462419,199.33998016791512,188.49802594209146,198.85388045046375,187.79437849521784,198.8668988294028,188.00241459795947,198.74801944659833,187.95826556316572,198.91982933133551,187.9582655631657,198.74801944659833,188.00241459795947,199.02569033520092,188.15359259468019,198.89049939457536,187.94490565556291,198.74801944659833,187.83127808581048,198.74801944659833,187.94490565556291,198.69508894466563,187.71154005265637,198.74801944659833,188.1568918985929,199.02569033520092,187.99911529404676,198.69508894466563,187.74957862404841,198.83756889264265,188.32142980291647,199.40922222766892,188.45387690729768,198.89049939457536,187.7368695528213,198.64215844273292,187.79983812224384,198.80094994853104,188.18833186215954,199.11523978124524,188.07800359631983,198.80094994853104,188.00241459795944,198.77734938335848,187.59180201950227,198.47034855799575,187.98905469035665,198.86689882940277,187.62324198306888,198.38079911195143,187.84728646095033,198.8668988294028,187.85725842235112,198.80094994853104,188.22315977192818,198.91982933133548,187.69337135440324,198.55260899668863,187.82525626469811,198.6950889446656,187.92343765339706,198.91982933133551,187.9008452630585,198.57620956186113,188.01173572298453,199.03870871413997,187.64866012552315,198.56319118292211,188.75953220465186,199.57773893352402,187.16236990641625,197.97851946895682,189.03713548464145,200.01993069951229,186.86338726655012,198.68119400878498,191.79131652796093,192.50862564877838,194.27931875605847,192.50291135496843
182.87184302143575,181.83684727532722,181.7984765230787,184.51659067007157,178.96027507154207,188.20999308568412,177.50368802667376,187.76830951638709,177.33506510071928,187.68547107382568,177.524974562594,187.6026326312641,177.35635163663952,187.98029575941717,177.75326981922399,187.65545195470727,177.43982495052137,188.15754273496785,177.87847805585096,187.74045072038206,177.52329826440325,188.14813296765342,177.77371820604884,187.50097465407384,177.0863214572644,187.62324198306811,177.44066309961676,187.59322286394976,177.41937656369652,187.76830951638715,177.41937656369652,187.59322286394976,177.44066309961676,187.86271804937633,177.62805811420534,187.79579933966536,177.48156334165816,187.68547107382562,177.37847632165511,187.68547107382565,177.48156334165816,187.56573304067152,177.10760799318464,187.47348483079566,177.48156334165816,187.8533082820619,177.5658713362437,187.65073180634633,177.23198154910793,187.58381309663534,177.60677157828511,188.18503255824604,177.9823997565577,187.91553737281944,177.39809002777628,187.56573304067155,177.19108130706653,187.48289459811005,177.41937656369652,187.76830951638715,177.41937656369652,187.59322286394976,177.44066309961676,187.63265175038251,177.10760799318464,187.41597588839909,177.54375011961977,187.7502294604233,177.045421215223,187.10307114684377,177.10677331248095,187.5382432173933,177.21152969389138,187.60263263126419,177.66979650534211,187.76830951638712,177.1689566220509,187.36315656495597,177.17063292024164,187.4734848307956,177.41853841460116,187.94555649193785,177.6288962633007,187.62071268722795,177.50201172848301,187.7983286355055,177.00368629247791,187.388117092394,178.21069501318769,188.44548694908502,176.73197981491208,186.86069681196861,178.31629301208517,188.6600024879551,176.29332670958252,187.61059550386747,181.2532750218115,181.95870846796907,183.58357029810099,181.8106961265583
193.39176170072705,192.30790001387675,192.28139832921681,195.04165291948843,189.00975024043345,198.72927169607169,187.46897249642166,198.52327905992843,187.678132987336,198.6291400637939,187.80069677260576,198.40439967712396,187.60254398897561,198.9963603984408,188.27418927819622,198.6527406289664,187.69084205856311,198.94342989650806,188.06615317545462,198.56319118292208,187.788549895465,198.94342989650806,187.87619712867681,198.1267287885214,187.14722018163829,198.38079911195143,187.6775707932496,198.40439967712399,187.63342175845585,198.57620956186116,187.63342175845588,198.40439967712399,187.67757079324963,198.71868950983819,187.91158723253184,198.68207056572658,187.77922877043991,198.57620956186113,187.67211116622363,198.57620956186116,187.77922877043991,198.43372961388411,187.34979665735392,198.24560817132587,187.60198179488924,198.57620956186113,187.75710993189841,198.48666011581685,187.49165352904953,198.29853867325855,187.57986295634774,198.71868950983819,188.0092950694337,198.73500106765925,187.80125896669213,198.57620956186116,187.55783276009549,198.35146917519128,187.63342175845585,198.57620956186116,187.63342175845588,198.35146917519128,187.55783276009552,198.38079911195143,187.35920642466832,198.40439967712399,188.04403433691309,198.80094994853101,187.39064638823493,197.98424884054438,187.40270462308635,198.47034855799572,187.53241461764128,198.4573301790567,187.89831596721834,198.57620956186113,187.3685275496934,198.15605872528155,187.38067442683416,198.29853867325855,187.69084205856311,198.90681095239646,188.07556294276904,198.6527406289664,187.88946839399031,198.64215844273292,187.09375002181949,198.11371040958235,188.51752684250351,199.51179005265226,187.2267593202871,197.82302114204074,188.5925536467775,199.41894742772587,186.32439689569699,198.4727651799362,191.92262465154272,192.7203476565092,194.40584740122972,192.4273619197584
183.22154676293641,182.18152082470053,182.13931254462915,184.62089711479865,178.75243167012863,187.89973681166569,177.29584462526029,187.93228522662417,177.81545312879396,188.16235152561799,177.81629474628099,187.80060813031554,177.60677157828511,188.54217497688433,178.4832396398489,188.21733117217443,177.69024489216699,188.24518996817955,177.92021644698772,187.92975593078401,177.79500474196908,188.34684794536977,177.83674313310587,187.52244265623952,177.14934638432143,187.84728646094939,177.75326981922399,187.90226610750585,177.69108304126237,188.05202325977831,177.69108304126237,187.90226610750585,177.75326981922399,188.18768102578292,177.91937829789237,188.07951308305653,177.73365611310282,187.950365282588,177.62722343350165,187.950365282588,177.73365611310282,187.84003701674828,177.37764164095142,187.66279004119761,177.524974562594,187.87477628422764,177.64850996942189,187.87477628422764,177.524974562594,187.67219980851203,177.39892817687166,187.86536651691324,177.75326981922399,188.07951308305653,177.8997645917712,188.16235152561799,177.73198328330378,187.89285634019143,177.69108304126237,188.05202325977831,177.69108304126237,187.78252807435175,177.48240149075352,187.74562848375911,177.39892817687166,187.98726487318064,178.25410623412353,188.42243694373019,177.56503665554001,187.59803165459996,177.60844787647588,188.13486170233978,177.75243167012863,188.01259437334551,177.94150298290796,188.05202325977828,177.44066309961676,187.66279004119761,177.46195310392866,187.78252807435172,177.71153142808723,188.37433776864805,178.19108477545819,188.25207043965375,178.04458653451934,188.10737187906162,177.0454246836147,187.48517409292009,178.48240149075352,189.05151520134592,177.52413641349864,187.48264479707987,178.60761319577216,188.74764972116682,176.29416485867787,187.86897974709353,181.7549495858064,182.55242715113727,184.14856174519099,182.22938271133904
193.97824548269938,192.89314973171076,192.87292737703203,195.43820319089548,189.13201756942769,198.74229007501077,187.49683129242672,198.77734938335846,188.09738532503499,199.02569033520095,188.05862186760464,198.55989800404004,187.72481131796985,199.25043072187083,188.59903308290606,198.90681095239643,187.81310938755735,199.00937877737985,188.12150179473787,198.71868950983819,188.02114549029898,199.2504307218708,188.21045070070105,198.52327905992846,187.58239225218784,198.8668988294028,188.12215263111358,198.80094994853104,187.95826556316572,198.91982933133551,187.95826556316572,198.80094994853104,188.12215263111355,199.11523978124524,188.1441828273658,198.80094994853104,187.84398715703759,198.69508894466563,187.81245855118166,198.69508894466563,187.84398715703759,198.5526089966886,187.58239225218784,198.5526089966886,187.84398715703759,198.69508894466563,187.81245855118169,198.69508894466563,187.84398715703759,198.60553949862131,187.70213028534198,198.64215844273292,187.83457738972319,198.80094994853104,188.15359259468019,199.11523978124524,188.11274286379916,198.74801944659833,187.84793729732601,198.83027988529119,187.95826556316572,198.74801944659833,187.91016638808355,198.73170788877724,187.7368695528213,198.85388045046375,188.46328667461211,199.19750021993809,187.7408196931097,198.47034855799575,188.02453343650097,199.19750021993809,188.17957293122083,198.94342989650809,188.22315977192818,198.97275983326819,187.81310938755735,198.69508894466566,187.93558453053782,198.74801944659831,187.93284742071145,199.11523978124526,188.33348803776789,199.10222140230618,188.42845876484344,199.09163921607268,187.35167511681834,198.26920873649843,188.63979417149775,199.81879087801499,187.67134115815102,198.30912085949211,189.02772571732706,199.7259482530886,186.45607399200563,198.53871406080796,191.96856350351158,192.83922703931367,194.60163326492818,192.64539130294546
183.15611357030497,182.17872497915781,182.22604356290313,184.6402788435141,178.62721996510999,187.62213353167627,176.94066483381258,187.56968318095991,177.48155987326646,187.80915924726821,177.48240149075352,187.33708758612596,177.0232965302074,187.78166942399,177.66979650534211,187.4568256192801,177.10676984408929,187.78166942399,177.58632319146025,187.56715388511981,177.43982495052137,188.06924466538035,177.71153142808723,187.53241461764048,177.25242993593278,187.85725842235036,177.62805811420534,187.6246628275164,177.33590324981463,187.68001144679968,177.33590324981463,187.6246628275164,177.62805811420534,187.98640622281886,177.54458480032349,187.53966406184162,177.21069501318769,187.52158400587777,177.29500300777326,187.5215840058778,177.21069501318769,187.30959776284777,177.02413467930279,187.48684473839847,177.41937656369652,187.59717300423816,177.27371647185302,187.59717300423819,177.41937656369652,187.59717300423816,177.27371647185302,187.48684473839847,177.16979477114629,187.53966406184159,177.58548504236489,188.01173572298379,177.62805811420534,187.51433456167669,177.0863214572644,187.47743497108408,177.33590324981463,187.71691103739229,177.62805811420534,187.80915924726818,177.33590324981466,187.65940209499573,177.69024489216699,187.78166942398994,177.00284814338255,187.24483937625013,177.50284987757837,188.06924466538032,177.6485065010302,187.74440086067054,177.58632319146025,187.79974947995376,177.35635163663952,187.71691103739232,177.60760972738049,187.71691103739226,177.35635163663952,187.79974947995382,177.58632319146025,187.86413889382459,177.91937482950067,188.04175484210216,176.96111322063746,187.12257204725589,177.87763990675558,188.36659864681195,176.91937482950067,187.09471325125085,178.48240149075352,188.58111418568203,175.98155813907064,187.23472219288968,180.93983362150055,181.79482140002122,183.5332602887452,181.75467032315871
193.85655615757378,192.78098135238906,192.7809598136372,195.37225431002372,189.10199845030937,198.67634119413898,187.34923446326755,198.47034855799572,187.678132987336,198.6291400637939,187.80069677260576,198.26191972914694,187.2802294801059,198.47034855799575,187.65488976062173,198.12672878852138,187.3685275496934,198.80094994853104,188.06615317545462,198.51026068098938,187.66881186231092,198.89049939457536,187.96844533855273,198.4573301790567,187.6467816660587,198.80094994853104,187.88014726896523,198.40439967712399,187.52309349261617,198.52327905992843,187.62401199114149,198.49394912316831,187.88955703627963,198.81726150635214,187.76651969921281,198.4410186212356,187.62731129505417,198.62914006379387,187.85151846488759,198.62914006379387,187.6273112950542,198.24560817132587,187.32446715718899,198.43372961388414,187.80455827060487,198.57620956186116,187.6467816660587,198.57620956186116,187.80455827060487,198.57620956186116,187.6467816660587,198.43372961388414,187.48224376173513,198.4410186212356,187.91158723253184,198.95974145432916,187.97455580195441,198.40439967712399,187.3364367497511,198.33515761737016,187.63342175845588,198.73500106765928,188.17713227767001,198.95974145432916,187.80125896669213,198.54687962510101,187.83204809388309,198.47034855799572,187.10307114684457,197.98424884054438,187.69027986447674,198.80094994853101,187.74440086067128,198.45733017905673,187.77857793406423,198.66575900790545,187.69084205856311,198.68207056572658,187.99997394440865,198.68207056572655,187.69084205856311,198.66575900790548,187.77857793406423,198.6527406289664,188.18645340269507,199.02569033520092,187.4160645306892,198.11371040958235,188.1952123336338,199.12825816018426,186.92977431158232,197.77009064010804,188.76980062232821,199.51751942423982,186.21406862985728,198.08923328746818,191.41365339980794,192.33681576404121,194.20327092551409,192.33781247371408
183.68779263408175,182.56927090428428,182.44087717633423,184.90452221590061,179.08548677656074,188.27561012264351,177.587999489651,188.01117352889725,177.66895835624678,188.03866335217538,177.85886781812147,187.8360868764598,177.41937656369652,187.89143549574308,177.56671295373076,187.56659169103327,177.5028498775784,188.39099698016358,178.21237131137843,187.98331473289218,177.60760972738049,188.2137500046129,177.89892991106748,187.89831596721743,177.71236957718259,188.22315977192727,177.81545659718563,187.77857793406332,177.524974562594,188.02058329621164,177.75326981922399,187.98115440977887,177.83674313310587,188.13091156205132,177.69108304126235,187.94641514229954,177.83674313310587,188.32623859356585,178.14934638432143,188.32623859356585,177.83674313310587,187.82667710914546,177.4202147127919,187.91892531902135,177.83674313310587,188.03866335217546,177.69108304126237,188.03866335217546,177.83674313310587,188.03866335217543,177.69108304126237,187.9189253190213,177.5658748046354,187.94641514229951,177.96195136973282,188.42789657075613,178.0454246836147,187.9811544097789,177.54458826871516,187.95366458650068,177.77455635514423,188.2781394184837,178.29500647616493,188.53822483659587,177.96195136973282,188.06615317545371,177.83674313310587,187.89143549574314,177.14934638432143,187.4562634251935,177.67063465443749,188.10342173877311,177.58632319146025,187.77857793406321,177.75410796831937,188.13091156205135,177.77371820604887,188.15840138532957,178.02497629678984,188.15840138532957,177.77371820604887,188.13091156205132,177.75410796831937,188.00864423305705,178.10677331248095,188.48324519003938,177.60844787647585,187.75071913805812,178.29500647616493,188.5111039860445,176.85719151993072,187.12889032464355,178.65018626761264,188.89345673315086,176.35635163663952,187.62555354049687,181.31797277866758,182.18926291138652,183.94928996199656,182.17508024889889
194.40372223160293,193.06581826679758,192.72328140324913,195.30301225026992,189.27708510274672,199.17875246941148,187.99855309996039,198.97275983326819,187.94546784964925,198.83756889264268,188.03329236743971,198.65847000055399,187.72481131796985,198.86689882940283,187.97973356533157,198.52327905992843,187.81310938755735,199.19750021993809,188.29874877028857,198.57620956186113,187.61383221575446,198.8668988294028,187.99846445767105,198.57620956186116,187.82186831849606,198.97275983326821,188.02990442123766,198.66575900790548,187.90075662076913,199.02569033520092,188.16300236199459,198.85388045046375,187.94490565556288,198.78463839070994,187.82186831849606,198.80094994853104,188.1663016659073,199.22110078511065,188.43175806875615,199.22110078511065,188.1663016659073,198.74801944659833,187.70213028534195,198.69508894466563,187.9543154228773,198.74801944659833,187.82186831849606,198.74801944659833,187.9543154228773,198.74801944659833,187.82186831849606,198.69508894466563,187.83457738972317,198.80094994853104,188.15359259468019,199.16817028317794,188.23248089695326,198.94342989650806,188.0780035963198,199.02569033520092,188.07800359631983,198.94342989650806,188.23248089695329,199.11523978124524,188.03385456152606,198.85388045046375,188.1663016659073,198.86689882940277,187.5382432173941,198.38079911195143,187.93228522662508,198.91982933133548,187.79974947995453,198.66575900790551,188.13091156205229,199.02569033520089,187.93284742071145,198.80094994853104,188.05532256369193,198.89049939457533,188.04317568655117,199.02569033520092,188.02058329621258,198.77162001177089,188.24180202197834,199.2341191640497,187.76839815867723,198.56319118292211,188.63979417149775,199.43525898554699,187.05204164057653,197.78310901904709,188.70541120845735,199.58346830511158,186.45607399200563,198.53871406080796,191.96856350351158,192.83922703931367,194.60163326492818,192.64539130294546
183.65237036220418,182.27382947107458,181.7946351718019,184.20689659013971,178.60593342918975,188.07754598130293,177.60760972738049,187.93284742071066,177.46027333734625,187.66335223528421,177.39892817687166,187.46077575956849,177.21069154479602,187.81310938755664,177.58632319146025,187.48826558284674,177.29416485867787,187.90535759743253,177.50284987757837,187.19128057414196,176.89808829358043,187.58304308856282,177.37847632165511,187.36852754969266,177.23114340001254,187.81310938755664,177.5658713362437,187.69084205856237,177.56419850644465,188.04317568655043,177.75326635083232,187.75776076827333,177.33590324981466,187.54361420213004,177.25242993593278,187.67276200259855,177.62805811420534,187.99507651146826,177.77288005695348,187.99507651146826,177.62805811420534,187.67276200259855,177.25242993593278,187.55302396944444,177.35718978573487,187.55302396944444,177.25242993593278,187.55302396944444,177.35718978573487,187.55302396944444,177.25242993593278,187.55302396944444,177.3571897857349,187.67276200259855,177.52329826440325,187.86592871099975,177.58548504236489,187.86808903411304,177.75326635083232,188.0178461863855,177.52329826440325,187.57110402540826,177.33590324981463,187.63586241200593,177.25242993593278,187.58051379272268,177.62805811420534,187.81310938755661,177.1689566220509,187.36852754969266,177.44066309961676,187.81310938755658,177.35635163663952,187.6908420585624,177.77371820604884,187.93284742071069,177.29416485867787,187.46077575956858,177.31545486298978,187.66335223528412,177.5437466512281,187.93284742071074,177.52413641349861,187.60800361600084,177.62721996510999,187.98819603999402,177.14850823522605,187.36599825385252,178.06503492134419,188.28771034453891,176.58631972306858,186.59910190711889,177.91937829789234,188.2052408747042,175.919371361109,187.47814839948632,181.3768104286394,182.15798563977197,183.73253207193963,181.80897278559888
194.11159630984301,192.78814737819494,192.45378621782262,195.07827186360004,189.10199845030937,199.00694258467431,187.84879594768793,198.80094994853101,187.77038119721189,198.57620956186119,187.68095873945168,198.29853867325855,187.48280595582153,198.74801944659836,187.92438494604829,198.31485023107965,187.46077575956929,198.69508894466563,187.73442889927048,198.07379828658867,187.26149858776643,198.60553949862131,187.82337780523366,198.35146917519128,187.55237313306952,198.74801944659833,187.94706597867619,198.68207056572658,187.92824644404737,198.94342989650806,188.01324520972216,198.62914006379387,187.65008096997141,198.52327905992846,187.68152093353802,198.62914006379387,187.88955703627963,198.71868950983816,187.79184919937774,198.62914006379387,187.77922877043994,198.57620956186116,187.67211116622363,198.57620956186116,187.77922877043994,198.57620956186116,187.67211116622363,198.52327905992846,187.65949073728581,198.43372961388414,187.56178290038392,198.52327905992846,187.76981900312552,198.62914006379387,187.80125896669213,198.66575900790548,187.76040923581112,198.62914006379387,187.90291694388245,198.71140050248673,187.60593193517767,198.29853867325858,187.55783276009552,198.47034855799572,187.46953469050803,198.35146917519128,187.81396803791927,198.60553949862128,187.36315656495674,198.15605872528155,187.66279004119855,198.6950889446656,187.71691103739306,198.68207056572658,188.15840138533054,198.80094994853101,187.46077575956929,198.24560817132587,187.58325090254976,198.57620956186113,187.86808903411378,198.80094994853104,187.75108811078604,198.45733017905667,187.95638710370127,198.91982933133551,187.4066547633748,198.15032935369396,188.2874605435097,199.17389965476551,186.87695498813915,197.5217496882656,188.35307758046929,199.22353697781614,186.21406862985728,198.4198346780035,191.91321488422832,192.6674171545765,194.2425886334573,192.16514393862724
183.32788257569177,182.28169566289375,182.23219562582543,184.8289332175402,179.10677331248095,188.3197591574372,177.65018626761264,188.05532256369096,177.69024489216699,187.97248412112944,177.67147280353288,187.70298893570288,177.48156334165816,188.14757077356685,177.85886781812147,187.62015049314138,177.31545486298978,188.02783274041275,177.75410796831937,187.62015049314135,177.4202147127919,188.1475707735668,177.92021644698772,187.82272696885695,177.50368802667376,188.05532256369094,177.83674313310587,187.99997394440766,177.79584289106447,188.17506059684507,177.81545659718563,187.90556541141851,177.58716134055564,187.97248412112947,177.77455635514423,188.08281238696918,177.83674313310587,187.96307435381507,177.50368802667376,187.76049787809947,177.58716134055564,187.96307435381507,177.75326981922399,188.08281238696918,177.85802966902611,188.08281238696918,177.75326981922399,187.96307435381507,177.58716134055564,187.76049787809947,177.50368802667376,187.96307435381507,177.83674313310587,188.08281238696918,177.77455635514423,187.97248412112947,177.58716134055564,187.79523714557877,177.5658748046354,187.76774732230055,177.31629301208517,187.59266066986314,177.58716134055564,187.94499429785125,177.50368802667376,187.70298893570285,177.64934811851725,187.82525626469715,177.17063292024164,187.38067442683314,177.46195310392866,187.93558453053686,177.60760972738049,187.99997394440769,178.02497629678982,188.05532256369096,177.31545486298978,187.58325090254874,177.56671295373076,187.9724841211295,177.79500474196908,188.05532256369096,177.54542641781052,187.73047875898109,177.87847805585096,188.29732792583934,177.39976632596702,187.49788316414708,178.10761146157634,188.44492475499848,176.87847805585093,187.06271109359747,178.46279125302405,188.7603587923939,176.41853841460113,187.88168881832055,181.61012764305826,182.23341194618027,183.63028014564802,181.63792321495828
193.68388762248696,192.72805085045644,192.873208023513,195.64992519862631,189.48182190157561,199.04356152878592,187.64405914885904,198.6950889446656,187.82789013960843,198.80094994853107,187.97578342504315,198.62914006379384,187.87203917440215,199.16817028317797,188.23728968760358,198.49394912316828,187.55302396944515,198.97275983326821,188.20650056041265,198.68207056572658,187.85330828206267,199.11523978124524,188.22853075666487,198.62914006379387,187.61929184278046,198.69508894466563,187.85265744568699,198.62914006379387,187.90291694388245,198.94342989650806,188.03857470988706,198.71868950983819,187.82732794552206,198.85388045046375,188.09608365228362,198.99636039844077,188.14964245439177,198.80094994853104,187.65403111025978,198.47034855799575,187.7423291798473,198.80094994853104,188.06134438480427,198.99636039844077,188.18438172187112,198.99636039844077,188.06134438480427,198.80094994853104,187.7423291798473,198.47034855799575,187.65403111025978,198.80094994853104,188.14964245439177,198.99636039844077,188.0960836522836,198.85388045046375,187.82732794552206,198.57620956186116,187.71626020101735,198.55989800404006,187.60593193517764,198.62914006379387,188.14964245439177,199.07862083713363,187.94160635165017,198.62914006379387,187.90621624779516,198.69508894466563,187.47348483079642,198.29853867325858,187.78252807435263,198.74801944659831,187.71691103739303,198.6820705657266,188.15840138533048,198.89049939457533,187.66335223528486,198.57620956186119,187.97248412113044,198.90681095239643,188.07066550982935,198.89049939457536,187.75108811078601,198.54687962510098,188.15896357941685,199.2504307218708,187.79588798195545,198.48093074422925,188.49003701922527,199.35299854685414,187.07953146385475,197.94190052484521,188.94488727476553,199.83180925695402,186.68614029099945,198.64457506467338,191.88572506095011,192.56155615071108,194.12285060030317,192.11221343669456
183.1254172670703,182.25431397751817,182.43472511341199,185.00344308326484,179.06419677224881,187.97588800411265,177.12805984840119,187.60112314452655,177.39808655938461,187.83118944352046,177.64850996942189,187.77584082423709,177.69024142377532,188.42299913781673,178.08548677656071,187.70892211452613,177.29416485867787,188.10068462894702,177.96111322063746,187.88616909007683,177.62721996510999,188.21101289478671,177.87763990675558,187.65610279108301,177.19024315797114,187.60112314452661,177.33590324981466,187.57110402540823,177.52329826440325,188.0431756865504,177.79416659287372,187.86808903411304,177.54458480032349,187.95092747667454,177.77288005695348,188.07066550982864,177.81545312879396,187.84059921083482,177.25242993593278,187.45136599225415,177.33590324981466,187.8405992108348,177.73197981491208,188.07066550982864,177.85635337083536,188.07066550982861,177.73197981491208,187.84059921083482,177.33590324981466,187.45136599225413,177.25242993593278,187.84059921083482,177.81545312879396,188.07066550982864,177.77288005695348,187.95092747667454,177.54458480032349,187.74835100095893,177.52329826440325,187.8311894435204,177.52329826440325,187.97841729995275,178.06503492134419,188.33075092794078,177.71069327899184,187.77584082423715,177.62805811420534,187.92343765339629,177.41853841460116,187.69084205856237,177.71153142808723,187.93284742071069,177.35635163663952,187.6908420585624,177.77371820604887,188.0431756865504,177.5437466512281,187.86808903411307,177.79500474196908,188.07066550982859,177.79332844377836,188.04317568655046,177.52413641349861,187.71833188184056,177.87680175766022,188.39550931453849,177.62805811420534,187.77331152839702,178.31461671389442,188.5083668762183,176.83590151561881,187.1167434475031,178.64850996942189,188.90012939063905,176.37763470416806,187.5537373978467,181.10594210016893,181.82626136358783,183.46166374346916,181.68923475244478
193.97824548269938,192.94608023364341,192.99266541018619,195.63361364080521,189.36208386842154,198.84815107887616,187.41399284986525,198.49967849475587,187.70815210645435,198.69508894466566,187.85604539188907,198.52327905992843,187.84454935112399,199.25043072187083,188.38704683987606,198.57620956186113,187.52553414616699,198.8668988294028,188.08676252725857,198.57620956186113,187.73357024890859,198.91982933133551,187.99846445767108,198.38079911195143,187.37981577647227,198.44674799282319,187.6225911466932,198.47034855799575,187.86601735328983,199.02569033520092,188.19774162947394,198.80094994853104,187.79042835492947,198.69508894466563,187.86601735328981,198.80094994853104,188.02990442123772,198.74801944659833,187.65403111025981,198.47034855799575,187.74232917984733,198.74801944659831,187.94160635165019,198.80094994853104,187.95431542287733,198.74801944659831,187.82186831849609,198.5526089966886,187.51226288085348,198.27493810808599,187.5342930771057,198.69508894466563,188.02990442123769,198.80094994853104,187.86601735328983,198.69508894466563,187.79042835492947,198.74801944659833,188.07800359631983,199.02569033520092,188.07800359631986,198.99636039844077,188.3522189301074,199.11523978124524,187.82186831849609,198.52327905992846,187.87872642451694,198.91982933133548,187.94555649193859,198.85388045046375,188.25459973549482,198.91982933133548,187.56968318096074,198.47034855799575,188.01117352889818,198.97275983326819,187.93284742071148,198.80094994853107,188.05532256369196,198.89049939457533,188.04317568655117,198.97275983326821,187.9008452630585,198.62914006379384,188.13147375613866,199.2341191640497,187.87872642451697,198.70567113089913,188.75953220465189,199.4881894874797,187.05204164057656,197.8360395209798,188.82514924161148,199.63639880704429,186.36382578212977,198.20811267027267,191.46900201909122,192.36614570080135,194.27931875605847,192.50291135496843
183.2522430661711,182.22566985949433,182.20149932259076,184.69978541707175,178.83590498401048,187.87770661541344,177.12973614659191,187.61327002166715,177.41937656369652,187.73300805482125,177.40060447506238,187.3712646595188,177.21069501318769,187.99309347293348,177.79668104015983,187.46567319250798,177.04458653451931,187.69610846422873,177.48323963984888,187.38067442683322,177.1493463843214,187.7055182315431,177.39976632596702,187.26093639367912,176.96195136973282,187.4935319885131,177.31629301208514,187.54851163506953,177.50368802667376,188.0205832962117,177.77455635514423,187.7510881107851,177.29500647616493,187.52102181179129,177.25410623412353,187.64075984494539,177.56587480463537,187.843336320661,177.50368802667376,187.7604978780995,177.58716134055561,187.843336320661,177.48240149075352,187.64075984494539,177.33757954800538,187.52102181179129,177.21153316228305,187.40128377863718,177.06671121953491,187.31844533607568,177.23281969820329,187.72359828750686,177.5658748046354,187.64075984494539,177.25410623412353,187.52102181179129,177.29500647616493,187.7510881107851,177.77455635514423,188.1403213293658,177.77455635514423,187.99056417709335,177.83674313310584,187.93558453053691,177.23281969820329,187.3712646595188,177.37847979004678,187.90084526305756,177.6288962633007,187.95582490961397,177.92021644698772,187.89143549574317,177.06587307043955,187.33652539203948,177.48323963984888,187.90084526305756,177.52413641349861,187.7510881107851,177.54542641781052,187.7510881107851,177.52413641349861,187.90084526305759,177.48323963984888,187.57600145834772,177.60760972738049,188.07593191549495,177.37847979004678,187.66572037238342,178.31629301208517,188.41018548751919,176.60760972738049,186.73098681741345,178.19192292455355,188.41055446024598,175.89808829358043,187.14265126759202,180.85970943560849,181.79135940415645,183.69970816944632,182.06475198305918
193.56443023581386,192.50331046378653,192.51146462821055,195.18413286746545,189.00975024043342,198.6397222500274,187.35864423058192,198.52327905992843,187.78846125317565,198.6291400637939,187.59812029689016,197.98424884054435,187.1029825045552,198.47034855799578,187.73988852629648,198.09010984440977,187.20069034145712,198.52327905992846,187.7619187225487,198.23258979238679,187.40872644419872,198.57620956186116,187.6736206529612,198.17965929045411,187.37728648063211,198.57620956186116,187.79730882640371,198.4573301790567,187.63342175845585,198.62914006379387,187.75315979160996,198.40439967712399,187.4655845502196,198.29853867325858,187.42143551542586,198.35146917519128,187.67757079324963,198.62914006379387,187.8012589666921,198.73500106765928,188.00929506943373,198.77162001177089,187.69960098950182,198.40439967712399,187.51914335232775,198.35146917519128,187.48761474647182,198.29853867325858,187.39940531917364,198.31485023107967,187.70901075681621,198.77162001177089,187.90763709224342,198.4573301790567,187.43084528274025,198.35146917519128,187.57591281605931,198.54687962510101,187.87289782476407,198.73500106765928,187.75315979160996,198.65274062896643,188.02737512539753,198.77162001177089,187.49702451378622,198.17965929045411,187.55388261980707,198.57620956186116,187.62071268722875,198.5102606809894,187.92975593078495,198.57620956186113,187.24483937625087,198.1267287885214,187.68632972418831,198.62914006379384,187.60800361600158,198.45733017905673,187.73047875898206,198.54687962510098,187.71833188184132,198.62914006379387,187.5760014583486,198.2855202943195,187.80662995142879,198.89049939457536,187.55388261980713,198.36205136142479,188.43468839994199,199.14456971800536,186.72719783586666,197.49241975150545,188.50030543690158,199.32939798168155,186.12182041998136,198.05261434335659,191.42306316712234,192.38974626597391,194.36652969328651,192.60003045484521
183.23175307982567,182.23475078255731,182.25673986613776,184.76001687666817,178.87680175766022,188.02944680622076,177.4202147127919,188.08732472134409,177.98072345836695,188.20706275449828,177.69108304126237,187.42208635180071,177.02329653020743,187.77225965667557,177.64850996942189,187.56715388511978,177.37763817255976,188.18898269853446,178.04458653451934,187.97446715966427,177.71069327899187,188.29931096437414,177.96111322063746,187.97446715966427,177.79416659287372,188.41904899752825,178.14850823522607,188.06671536954019,177.60677157828513,187.91948751310787,177.60677157828513,187.83664907054637,177.62805811420537,187.91948751310787,177.58548504236489,187.82723930323198,177.62805811420537,188.00448627878265,177.79416659287372,188.23455257777647,178.14850823522607,188.32680078765236,177.79416659287372,187.94697733638608,177.69024489216702,188.03922554626197,177.79416659287372,188.03922554626197,177.69024489216702,188.06671536954019,178.06503492134419,188.53878703068236,178.14850823522607,188.06671536954019,177.60677157828513,188.03922554626197,177.8776399067556,188.15896357941608,177.8776399067556,188.03922554626197,177.60677157828513,188.06671536954019,178.14850823522607,188.41904899752825,177.79416659287372,187.86413889382459,177.71153142808723,188.01173572298373,177.50201172848304,187.77914012814983,177.79500474196911,188.02114549029812,177.4398249505214,187.77914012814983,177.85719151993072,188.13147375613784,177.62721996510999,187.95638710370051,177.87847805585096,188.15896357941605,177.87680175766022,188.13147375613789,177.60760972738049,187.80662995142799,177.9602750715421,188.48380738412595,177.71153142808723,187.86160959798445,178.39809002777631,188.59666494580574,176.9193748295007,187.20504151709054,178.73198328330378,188.97901769291212,176.4398214821297,187.7270342331089,181.41938350047988,182.3124629404054,184.15216190699977,182.45818142633863
194.09770286937248,192.97541017040356,192.91235626346483,195.46753312765563,189.18736618871102,198.86116945781524,187.6465884446992,198.94915926809563,188.27247197747243,199.14456971800541,188.08864098672302,198.44674799282316,187.46725519569787,198.84329826423027,188.12008095028966,198.64215844273289,187.87786777415505,199.36931010467526,188.65108239827666,199.16817028317794,188.28848035261228,199.45885955071958,188.44304629553503,198.97275983326821,188.14671212320593,199.36931010467526,188.47448625910167,198.91982933133551,187.8110377067334,198.70810732360468,187.8110377067334,198.72441888142578,188.03243371707785,199.00208977002836,188.09861294812379,198.8668988294028,187.97492477468128,198.81396832747009,187.88662670509376,198.91982933133551,188.30664905086539,199.14456971800539,188.05446391333004,198.81396832747009,187.99158398619679,199.00208977002836,188.23171088888074,199.09163921607268,188.1019122520365,199.00937877737982,188.38618818951417,199.47517110854068,188.47448625910167,199.00937877737982,188.013614182449,199.14456971800539,188.43974699162231,199.2504307218708,188.25309024875722,198.90351777351441,187.8110377067334,198.91982933133551,188.47448625910167,199.42224060660797,188.26645015636007,198.97275983326821,188.23106005250503,199.03870871413997,187.79832863550629,198.58922794080021,187.98763384590839,198.89622876616292,187.81168854310909,198.83027988529119,188.36350715688624,199.18118866211697,187.98819603999476,198.86689882940283,188.1775898926862,199.05502027196104,188.16544301554543,199.03870871413997,187.95619388234178,198.83756889264262,188.48380738412675,199.54111998941244,188.00099375351124,198.62914006379387,188.58481452494135,199.50120786641875,187.28463723541051,198.23258979238685,189.26973107947543,200.03294907845134,186.68866958683961,198.60466294167972,191.91358385695517,192.86855697607382,194.84093986324498,193.07270816533091
183.11521095018114,181.97101772066776,181.79684767088261,184.13469553798123,178.21069501318766,187.32853646917346,176.75410796831935,187.37049465144628,177.29500300777323,187.60056095044015,177.27455808934005,187.11907952198351,176.81545312879393,187.53833185968261,177.42105286188723,187.32381632081243,177.14850823522602,187.97097463439204,177.85802966902608,187.76586886283624,177.50284987757837,187.97097463439201,177.50368802667373,187.32381632081243,177.06587307043952,187.6486601255223,177.42021471279187,187.29632649753424,176.87847805585093,187.14909864110192,176.87847805585093,187.17658846438013,177.1493463843214,187.5658216829608,177.35802793483023,187.50831274056424,177.21153316228305,187.30357594173532,176.87847805585096,187.22073749917385,177.23281969820329,187.48082291728599,177.06587307043955,187.17658846438013,176.96195136973282,187.3538354399308,177.27455462094835,187.55641191564641,177.21153316228305,187.40665476337395,177.33674139890999,187.7683981586764,177.42021471279187,187.40665476337395,177.12805984840116,187.67614994880051,177.6288962633007,187.79588798195462,177.39892817687164,187.37916494009573,176.87847805585093,187.29632649753424,177.42021471279187,187.7683981586764,177.33674139890999,187.52639279652806,177.48240149075349,187.64866012552227,177.00368629247791,187.08434025450424,177.02413814769443,187.31693584933817,176.92021297859603,187.38132526320902,177.58716134055561,187.75898839136198,177.14850823522605,187.28691673021987,177.12889799749655,187.35383543993075,177.10760799318464,187.43667388249233,177.10761146157631,187.43414458665214,177.7115314280872,188.00099375351036,176.96195136973279,186.87923448294848,177.42021471279187,187.82627607379979,176.44066309961673,186.76637692126869,178.29584462526029,188.3631061215396,175.75242820173693,187.00079439589661,180.73366304988616,181.66832206708966,183.57780161481449,181.94329060894563
193.69778106295749,192.45123861220344,192.21206150215525,194.7875825960584,188.68490643572358,198.38565192659735,187.14412869171178,198.23258979238679,187.47302721578021,198.42800024229655,187.5861812337356,198.06077990764962,187.16737191842606,198.4573301790567,187.70986940717813,198.11371040958232,187.25566998801355,198.59981012703372,187.85163763658446,198.30912085949205,187.46370609075515,198.5102606809894,187.44102505812725,197.83603952097974,187.05244267592224,198.32213923843113,187.58279328753355,198.11371040958235,187.1982496879063,198.0901098444098,187.1888399205919,197.95491890378423,187.23298895538565,198.23258979238679,187.47641516198226,198.33845079625223,187.56471323156975,198.28552029431953,187.26442891895223,198.15032935369396,187.50720428917319,198.33845079625223,187.34942768462702,198.00784940571694,187.0998910146287,197.95491890378423,187.22968965147294,198.19597084827521,187.39687602333348,198.20325985562667,187.49449521794608,198.42800024229655,187.47246502169384,198.06077990764965,187.1888399205919,198.28552029431953,187.64030222993011,198.53386124616196,187.75063049576983,198.42800024229655,187.30857795374601,198.11371040958235,187.47246502169386,198.37506974036381,187.37475718479197,198.25619035755938,187.72860029951761,198.56319118292208,187.38811709239476,198.06077990764965,187.36543605976689,198.12672878852138,187.01224378141691,198.06077990764965,187.74130937074474,198.56319118292208,187.37540802116763,198.00784940571694,187.166158887964,197.9019884018515,187.04368374498353,198.03717934247709,187.22366783036057,198.16664091151503,187.86160959798522,198.62914006379387,186.87923448294933,197.43948924957272,187.58279328753355,198.6950889446656,186.68992927254723,197.4794013725664,188.38744787522174,198.98577821220721,185.67723858211741,197.65606407194954,191.09821936241246,192.08274544061118,194.08790538702655,192.34538212754654
183.97137780047021,182.80442028464802,182.59373453641143,185.20141858231617,179.58548504236489,188.86949149776387,178.12889799749658,188.53813619430659,178.20985686409233,188.65787422746072,178.39976632596705,188.3724593091836,177.98156160746234,188.63038440418254,178.35719325412657,188.19521233363292,177.81545312879396,188.52005613834282,178.27371994024472,188.19521233363292,177.89892644267584,188.40972787250308,177.9406648338126,187.90763709224254,177.77371820604887,188.55479540582212,178.37764164095145,188.40719857666295,178.06587307043958,188.4372176957813,178.04458653451934,188.16772251035474,177.85719151993075,188.25056095291623,178.0232999985991,188.45529775174512,178.33674139891005,188.63254472729579,178.23198154910796,188.5656260175848,178.37764164095145,188.66728399477512,178.2532680850282,188.3797087533847,177.91937829789239,188.08272374467995,177.77371820604887,188.26938048754502,178.14934638432146,188.49944678653884,178.29416832706957,188.58228522910034,178.12805984840122,188.17713227766913,177.79500474196911,188.2599707202306,178.10677331248098,188.60977505237855,178.58632319146028,188.87927023780512,178.31545486298981,188.40719857666295,178.12805984840122,188.46254719594623,178.0232999985991,188.40719857666295,178.4202147127919,188.75953220465101,178.21069501318772,188.40719857666295,178.23281969820331,188.35221893010649,177.66895835624678,188.11021356795814,178.29500647616496,188.64920393881127,178.08632145726446,188.1771322776691,177.8367431331059,187.96298571152579,177.58548504236489,188.02990442123684,177.7958428910645,188.20462210094732,178.39809002777631,188.58481452494047,177.4202147127919,187.5827932875327,178.37764164095145,189.02939636280439,177.62805811420537,187.75751096724318,178.98240322494939,189.02251589133007,176.39808655938461,187.83745114123766,181.6289032000841,182.51438857974523,184.34566500690764,182.64507837116611
194.47220040831485,193.29686602892366,193.14950253866829,196.0065633470397,190.13150951099533,199.97185301222558,188.59073176698354,199.52480843159131,188.50290724919307,199.48818948747976,188.60014153429793,199.17389965476551,188.22474177511711,199.47187792965866,188.56466278815361,198.94915926809563,188.00013510314929,199.38232848361432,188.58669298440583,199.03870871413994,188.08843317273679,199.23984853563729,188.26832861582449,198.98577821220726,188.37930771803988,199.71292987414961,188.79933006381151,199.31637960274256,188.34786775447327,199.43525898554702,188.54319478598774,199.26344910080985,188.29976857939113,199.15758809694444,188.21147050980363,199.21051859887714,188.51175482242112,199.48818948747973,188.59129396106988,199.54111998941244,188.72374106545112,199.63066943545675,188.70162222690959,199.54111998941244,188.52116458973552,199.15758809694444,188.08232270933513,199.15758809694444,188.52116458973552,199.59405049134514,188.82136026006373,199.63066943545675,188.51175482242112,199.12096915283283,188.10114224396392,199.10465759501173,188.2903588120767,199.40592904878687,188.87491906217187,199.87172137994773,188.75518102901776,199.45885955071958,188.62208308826084,199.57773893352405,188.49904575119402,199.36931010467526,188.67564189036898,199.57773893352405,188.44548694908585,199.36931010467526,188.72920069247715,199.48818948747973,188.1893516712621,199.12825816018432,188.59610275172022,199.4881894874797,188.322449612019,199.17389965476556,188.41018548752015,199.15758809694441,188.10105360167461,198.96217764703474,187.96813294549634,198.94915926809563,188.59666494580657,199.50120786641878,187.8262760738007,198.69508894466563,189.0293963628053,200.28129003029383,188.13653234781896,198.77162001177092,189.4173279086346,200.0988979593231,186.81093691583385,198.94828271115406,192.34875592750473,193.17555780143655,194.95630540173252,193.06513851149847
182.4812366598112,181.39479473330348,181.27802640205798,183.95480009489364,178.41853841460113,187.63879274319183,176.96195136973279,187.17177967372987,176.75242820173693,186.96920319801436,176.71236957718256,186.69970801258771,176.54374665122808,187.14428985045174,176.89976459177115,186.61686957002621,176.37763817255973,187.14428985045171,177.06587307043952,186.81944604574184,176.46111148644158,186.93230360742172,176.7115314280872,186.89503504410223,177.00284814338252,187.51686385751685,177.10760799318462,186.89503504410223,176.60677157828508,187.16236990641551,177.08632145726438,187.19926949700812,176.89892644267579,186.9692031980143,176.5658713362437,186.79195622246363,176.69024489216696,186.99453269817923,176.81545312879393,187.08894123116841,176.92021297859603,187.18985972969372,177.04374838542392,187.3671067052444,177.12889452910485,187.04479219637469,176.52329826440322,186.85813545350962,176.89892644267579,187.3671067052444,177.27371647185299,187.3671067052444,176.89892644267579,186.86754522082401,176.54458480032346,186.8400553975458,176.62805811420532,186.98728325397812,177.08632145726438,187.45935491512029,177.08632145726438,187.21734955297194,177.14850823522602,187.45935491512029,177.02413467930276,187.10702128713226,176.96111322063743,187.16236990641551,176.73197981491205,187.10702128713226,177.25326808502811,187.45935491512026,176.91937482950064,187.10702128713226,177.06587307043952,187.16236990641548,176.62721996510996,186.98728325397815,177.08715960635976,187.25677843940466,176.83590151561879,186.84005539754583,176.33674139890999,186.60745980271182,176.91937482950064,187.28463723540978,176.44066309961673,186.68992927254649,177.62805811420532,188.13653234781819,176.64850650103017,186.56766194355228,177.75326981922396,187.85148640226788,175.46110801804991,186.8943276280562,180.6902518289503,181.38750812547676,182.94338214392621,181.09777525606401
193.28396581607194,192.11432984621189,191.97033678648793,194.63937327649379,188.59012893000758,198.23744260703273,186.93902292015605,197.79942057686813,186.82586890220068,197.61129913430989,186.76177594460538,197.38655874763998,186.75027990384029,198.02416096353804,187.18244912675266,197.43948924957269,186.6338411745989,198.11371040958235,187.50146433170968,197.77009064010798,186.72213924418639,197.73017851711435,186.88611495442356,197.62761069213099,187.10742232247867,198.11371040958235,187.02788318382991,197.38655874764001,186.57642087449167,197.83603952097974,187.27130939042652,197.99483102677789,187.1201313937058,197.79942057686816,186.82925684840271,197.61129913430989,186.85063620827924,197.61129913430989,186.73700863852682,197.57468019019828,186.86004597559364,197.75377908228691,187.04991338008213,197.99483102677789,187.24927919417431,197.85235107880087,186.81984708108831,197.7008485803542,187.06262245130924,197.99483102677789,187.2365701229472,197.94190052484518,186.94288441815513,197.61129913430989,186.82925684840271,197.74649007493545,186.90814515067581,197.6642296362426,186.98373414903617,197.88897002291245,186.98373414903614,197.85964008615233,187.35019769269962,198.21957141344777,187.11683208979309,197.7171601381753,186.98703345294888,197.83603952097974,186.86069681196935,197.85964008615233,187.47323502976647,198.30912085949205,187.19637122844185,197.95821208266628,187.29672753288079,197.87265846509135,186.6338411745989,197.6642296362426,187.35028633498894,198.27250191538045,187.32872969053378,197.83603952097977,186.61124878426034,197.43948924957269,187.20504151709127,198.23258979238682,186.76637692126948,197.47940137256637,187.75751096724409,198.77162001177086,186.56766194355296,197.13578160309206,187.95227580467218,198.73170788877718,185.66529951896288,197.69597619494317,191.0797703337218,191.82867511718115,193.53307489185721,191.6471053800413
184.71168790359548,183.60055614335954,183.47630721490285,185.91166463701478,179.98156507585401,189.08958583535647,178.27539623843546,188.71482097577052,178.31545486298981,188.64790226605953,178.31629648047686,188.47281561362212,178.33674139891005,189.09464442703674,178.71237304557428,188.49089566958594,178.19024662636284,189.20497269287648,179.10844961067173,188.88012888816661,178.27371994024472,188.7054112084561,178.29584462526032,188.48222538093651,178.37847979004681,188.83239868581131,178.25327155341986,188.18524037223173,177.94150298290799,188.71482097577049,178.64934811851728,188.85263906488845,178.46195310392869,188.73290103173434,178.37847979004681,188.73290103173434,178.46195310392869,188.62257276589463,178.12889799749658,188.44532579034396,178.25327155341986,188.65731203337396,178.39976632596705,188.77705006652806,178.52413988189033,188.77705006652806,178.39976632596705,188.77705006652806,178.52413988189033,188.77705006652806,178.39976632596705,188.65731203337396,178.25327155341986,188.56506382349806,178.39976632596705,188.83455900892463,178.46195310392869,188.56506382349804,178.19108477545822,188.53757400021985,178.19108477545822,188.68480185665217,178.73282143239916,189.0371354846402,178.37847979004681,188.47281561362209,178.27455808934008,188.71482097577049,178.3162930120852,188.79513012249183,178.85719498832242,189.14746375047997,178.50368802667379,188.76980062232695,178.62889973169243,188.70541120845613,177.9406648338126,188.47281561362209,178.71237304557428,189.26720178363405,178.91937829789239,188.94488727476431,178.19192292455358,188.50030543690033,178.73198328330378,189.26973107947421,178.29584462526032,188.38744787522049,178.98240322494939,189.41732790863338,177.75326981922402,187.95227580467085,179.35886955231734,189.73276194602886,177.27204364205397,188.65151549623988,182.25662414980135,182.99382885678534,184.71138467080317,183.0094624935067
195.17814157696026,194.01730668738324,193.90019850607035,196.53830455907232,190.33661528255109,199.96855983334353,188.49885252983449,199.58346830511161,188.6920932878983,199.7788787550214,188.94090507185831,199.60706887028417,188.73624232269205,200.00361914169127,188.97234503542492,199.32939798168161,188.41722711773502,200.00361914169127,189.29136024038192,199.6599993722169,188.50552518732252,199.53053780317893,188.47343438738025,199.18691803370459,188.50157504703415,199.67301775115595,188.61520261678658,199.13398753177188,188.24006878447372,199.49391885906732,188.74830055754347,199.50120786641878,188.50487435094686,199.44827736448607,188.62856252438937,199.68932930897705,188.89410756952753,199.63639880704434,188.50882449123526,199.44827736448607,188.71686059397686,199.68932930897705,188.71356129006415,199.50120786641878,188.53961361842619,199.50120786641878,188.71356129006415,199.74225981090976,188.83659862713097,199.50120786641878,188.41657628135937,199.30579741650905,188.39454608510715,199.35872791844176,188.62856252438937,199.63639880704434,188.68212132649751,199.41165842037447,188.46072531615312,199.39534686255337,188.46072531615309,199.51751942423988,188.92159739280575,199.77887875502137,188.52690454719908,199.2764674797489,188.55843315305501,199.63639880704434,188.66000248795598,199.65999937221693,189.04463472987257,199.77887875502137,188.40386721013223,199.27646747974893,188.68147049012185,199.49391885906732,188.21465064201945,199.27646747974893,188.87068705823464,199.9742892049311,189.01986742379398,199.68932930897708,188.410554460247,199.32939798168161,188.97901769291298,200.0329490784514,188.36310612154054,198.98577821220726,189.02251589133101,200.09889795932312,187.85148640226873,198.73170788877729,189.73276194603005,200.68356967328842,187.44217549656287,199.38145192667272,192.56978143191103,193.37669762293388,195.22813909597534,193.44826677593989
181.99450080232052,180.90579731094289,180.78212052134961,183.33350294615801,177.66811673875966,186.70169105112259,175.98156160746225,186.35441601481472,176.27287485436594,186.77113905667369,176.73197981491202,186.62138190440115,176.33506163232755,186.7689787335604,176.43982495052134,186.13123018729519,175.91937136110897,186.65865046772069,176.60593342918969,186.33380666301079,176.00284467499083,186.33633595885095,176.00200999428714,186.00208238682669,176.06503145295247,186.62391120024134,176.39808655938455,186.17932936237736,175.87763643836385,186.24408774897506,176.12721823091411,186.1865788065785,175.93982321632549,186.1865788065785,176.12721823091411,186.48356381528328,176.41937309530479,186.47415404796888,176.10593169499387,186.38190583809299,176.41937309530479,186.65140102351953,176.3146132455027,186.26216780493888,175.93982321632549,186.26216780493885,176.3146132455027,186.65140102351955,176.41937309530479,186.26216780493885,175.8350633665234,186.03210150594506,175.89892297428409,186.15183953909917,176.10593169499387,186.35441601481477,176.14850476683432,186.27157757225328,176.12721823091408,186.35441601481477,176.12721823091411,186.39131560540739,176.41937309530479,186.56640225784477,176.10593169499387,186.21406862985671,176.2319780807162,186.56640225784474,176.29332670958246,186.51105363856149,176.52413294510689,186.45607399200503,175.75159005264155,185.91708362115196,176.10676984408923,186.34574572616532,175.91937136110897,186.21406862985674,176.4185384146011,186.68614029099885,176.37763470416803,186.3638257821292,175.8980882935804,186.12182041998079,176.43982148212967,186.68866958683904,175.7524282017369,185.67723858211684,176.39808655938455,186.81093691583322,175.46110801804991,185.66529951896237,177.27204364205389,187.44217549656221,175.00451403639823,186.10229346930601,179.72780294300188,180.4974552699795,182.20617413284862,180.50160149377018
193.4289781452336,192.18297765967807,191.92419198872184,194.71017497201146,188.87264557971767,198.60222674897409,187.24035910449496,198.20811267027253,187.45602956094544,198.64457506467329,187.97939665522355,198.47276517993606,187.50017859573919,198.62826350685219,187.71385161008538,198.10554484528919,187.27557192377137,198.62826350685219,187.84621007217731,198.1950942913335,187.25354172751915,198.34330361089815,187.40810767044192,198.08923328746809,187.54441627282225,198.81638494941043,187.93910911842892,198.27735473002636,187.1906618003859,198.15518216833985,187.38598883190039,198.22442422809365,187.43954763400853,198.31397367413797,187.49631709774008,198.36690417607068,187.55928566716264,198.31397367413797,187.37657906458597,198.36690417607068,187.77127191019264,198.64457506467326,187.66415430597635,198.31397367413797,187.36395863564815,198.31397367413797,187.66415430597635,198.64457506467326,187.77127191019264,198.31397367413797,187.25684103143186,198.11856322422824,187.32921936816882,198.17149372616095,187.37657906458597,198.20811267027256,187.31980960085443,198.22442422809365,187.59797507493039,198.53871406080785,187.59797507493039,198.41983467800338,187.76186214287824,198.68119400878487,187.66415430597635,198.47276517993609,187.81542094498639,198.68119400878487,187.61059550386818,198.47276517993612,187.86897974709456,198.53871406080785,187.23472219289033,198.08923328746812,187.62555354049792,198.53871406080785,187.47814839948694,198.41983467800341,187.88168881832166,198.64457506467323,187.55373739784733,198.20811267027258,187.14265126759307,198.05261434335648,187.72703423310961,198.60466294167961,187.00079439589743,197.65606407194946,187.83745114123863,198.94828271115395,186.8943276280568,197.69597619494314,188.65151549624119,199.38145192667258,186.10229346930643,197.97849989819167,191.28885830818481,192.13150620672016,193.86413439006006,191.91058563954863
186.86985484154081,185.56747096981988,185.17936400648873,187.8993183063271,182.3980969645597,191.90201529973709,180.96446928541067,191.47841178640394,181.02246878628713,191.80072629527362,181.48491940643137,191.62563964283626,181.04375532220735,191.85823523767021,181.40144609254949,191.53339143296037,181.12722863608923,192.06081171338582,181.56755457121787,191.53339143296037,180.96112015742085,191.73849720451611,181.21321292886552,191.53339143296037,181.31546179977317,192.18054974653992,181.65018973600436,191.62563964283626,180.87848499263436,191.46900201908954,181.08716654314318,191.68314858523283,181.37932140753389,191.88572506094843,181.33674833569344,191.70847808539776,181.17063985702507,191.59814981955805,181.08716654314321,191.71788785271215,181.44150818549554,191.92046432842776,181.33674833569344,191.71788785271215,181.19192639294531,191.71788785271215,181.33674833569344,191.92046432842776,181.44150818549554,191.71788785271215,181.08716654314321,191.59814981955805,181.17063985702507,191.59814981955805,181.08716654314318,191.47841178640394,180.8997715285546,191.50590160968216,181.35803487161365,191.97797327082432,181.35803487161365,191.73596790867597,181.4202216495753,192.08830153666403,181.54542988620224,192.03295291738075,181.71237651396601,192.08830153666403,181.25327502181156,191.73596790867595,181.52498149937739,191.96856350350993,181.16980170792968,191.71063840851102,181.56755457121787,192.07889176934964,181.37681042863946,191.91321488422665,181.61012764305832,191.88572506094843,181.10594210016899,191.46900201908954,180.85970943560855,191.42306316712066,181.41938350047994,191.91358385695349,180.73366304988622,191.09821936241079,181.62890320008412,192.34875592750305,180.69025182895038,191.07977033372009,182.25662414980138,192.56978143190935,179.72780294300199,191.28885830818308,184.92775632045445,185.77512921744463,187.39261220180327,185.39241543721084
188.04705760459535,186.67840070926368,186.21286492647124,188.88052373189211,183.3224165210099,192.88642816965904,181.90498697391007,192.41907620273423,181.83237182699054,192.56155615071131,182.13505327290392,192.3368157640414,181.75678282863018,192.69674709133687,182.26815121366084,192.53222621395113,182.15798563977299,193.16982842984919,182.59657618593224,192.53222621395113,181.82956066750162,192.64381658940417,182.07563534163529,192.38974626597411,182.0281870029288,192.83922703931387,182.22681333835604,192.3368157640414,181.66502276317809,192.36614570080155,181.95259800456847,192.61448665264399,182.31906154823193,192.94508804317928,182.35991127911294,192.75696660062104,182.14181457268126,192.61448665264399,182.0375967702432,192.66741715457673,182.26155260583539,192.75696660062101,182.14792503608291,192.66741715457673,182.15122433999568,192.6674171545767,182.14792503608291,192.75696660062101,182.26155260583536,192.6674171545767,182.03759677024323,192.61448665264402,182.14181457268126,192.61448665264399,182.03759677024323,192.41907620273426,181.69976203065741,192.2838852621087,182.07233603772258,192.74967759326955,182.07233603772258,192.47929571201843,182.14181457268123,192.89215754124658,182.32517201163361,192.86282760448645,182.50827811634471,192.89215754124658,181.95870846797013,192.47929571201846,182.25544214243368,192.83922703931387,182.09180640872702,192.72034765650943,182.51157742025742,192.98170698729089,182.15798563977299,192.66741715457673,182.23341194618149,192.56155615071128,181.82626136358886,192.36614570080158,181.79135940415767,192.38974626597411,182.31246294040645,192.86855697607402,181.66832206709086,192.0827454406114,182.5143885797464,193.17555780143672,181.38750812547781,191.8286751171814,182.99382885678659,193.37669762293402,180.49745526998035,192.13150620672047,185.77512921744614,186.67010619477853,188.3533327672375,186.37399147227543
190.3402912422919,188.93567021627655,188.44739602761985,191.04190448206327,185.31063166071738,194.9325232951397,183.8216147240779,194.44257752383095,183.70907701454149,194.44257752383101,183.8216147240779,194.08353289236007,183.39006719819295,194.48189523177422,184.02088650727237,194.4862677264407,184.10185189764377,195.2436746973257,184.53916810681534,194.4862677264407,183.58357029810082,194.48189523177419,183.82738340736449,194.2032709255142,183.65516684337683,194.48189523177416,183.75578686208843,194.0835328923601,183.45589506018243,194.27931875605856,183.70547685273266,194.40584740122981,184.0266551905589,194.88463006585479,184.29535499755164,194.84531235791161,184.14639322371301,194.7255743247575,184.02448666908117,194.7255743247575,184.14639322371301,194.7255743247575,184.02448666908117,194.7255743247575,184.14639322371301,194.7255743247575,184.02448666908117,194.7255743247575,184.14639322371301,194.7255743247575,184.02448666908117,194.7255743247575,184.14639322371301,194.7255743247575,184.02448666908117,194.44257752383098,183.5062050695382,194.0835328923601,183.70547685273266,194.48189523177416,183.70547685273266,194.2032709255142,183.77707339800867,194.60163326492827,183.90474863592706,194.52558543438391,184.09825173583496,194.60163326492827,183.58357029810082,194.20327092551423,183.8989799526405,194.60163326492824,183.78284208129526,194.52558543438394,184.22015829046677,194.72137129808235,183.73253207193946,194.24258863345742,183.63028014564776,194.12285060030325,183.46166374346896,194.27931875605859,183.69970816944607,194.36652969328659,184.15216190699957,194.84093986324507,183.57780161481426,194.08790538702667,184.34566500690744,194.95630540173258,182.94338214392602,193.53307489185735,184.71138467080291,195.22813909597537,182.20617413284847,193.86413439006026,187.39261220180288,188.3533327672373,190.20556617245254,188.35083970620758
188.84493664611554,187.48703251494487,187.05910054570515,189.56575910060846,183.76256179321365,193.23032742097286,182.18621335717276,192.76512933609951,182.1609562156714,192.76512933609953,182.18621335717276,192.28488197178132,181.62379918173079,192.59246080101272,182.24051581961288,192.65296095677786,182.40215562293906,193.44078715032745,182.83197531599365,192.65296095677786,181.8106961265583,192.59246080101272,182.05361887478537,192.33781247371402,181.87613169727229,192.59246080101272,181.98818330407141,192.28488197178132,181.82182923483214,192.50291135496838,181.93215750067182,192.42736191975837,182.10792133722552,192.96053978600926,182.58905256776657,193.13320832109608,182.59077590872599,193.08027781916337,182.46931453461247,193.08027781916337,182.59077590872599,193.08027781916337,182.46931453461247,193.08027781916337,182.59077590872599,193.08027781916337,182.46931453461247,193.08027781916337,182.59077590872599,193.08027781916337,182.46931453461247,193.08027781916337,182.59077590872599,193.08027781916337,182.46931453461247,192.76512933609953,181.8778550382317,192.28488197178135,181.93215750067185,192.59246080101269,181.93215750067182,192.33781247371405,181.99759307138581,192.64539130294543,181.986459963112,192.48029242169108,182.17335690793948,192.6453913029454,181.8106961265583,192.33781247371405,182.11905444549936,192.6453913029454,181.86499858899845,192.48029242169108,182.29481828205303,192.69832180487811,181.80897278559885,192.16514393862724,181.63792321495831,192.1122134366945,181.68923475244478,192.5029113549684,182.06475198305921,192.60003045484515,182.45818142633863,193.07270816533091,181.94329060894566,192.34538212754649,182.64507837116614,193.06513851149842,181.09777525606401,191.64710538004127,183.00946249350676,193.4482667759398,180.50160149377015,191.91058563954866,185.39241543721096,186.37399147227526,188.35083970620752,186.6735680992571
