189.76062233143281,189.57383553660404,191.30135475474023,193.15174665104189,185.66267954966699,195.76351165514632,185.29064773279001,196.64658523578356,185.43576102110472,194.83392274145282,184.01653342132326,196.06233339226387,185.99005521579164,196.10734446247628,185.13922236405912,195.92078248691911,184.96615994627777,195.26386336726139,184.57753802337339,195.62597172857679,185.04378389451861,195.72865782410824,185.25043049514707,195.90839330929197,184.82692533315603,195.43653190234826,185.1073789981196,196.10315536305058,185.29248582182066,195.66947853594584,184.8462626129517,195.805061301542,185.4595288585646,196.02301568432071,184.75904602158033,195.2578952275129,185.0504886580367,196.17582263918828,185.19124038580949,195.39347799310909,184.7853373305515,195.87504374109744,185.23816803081567,195.7717117333475,185.01377297376476,195.62000358882818,184.87338565409314,195.6754466756945,184.99952607071327,195.88893718156802,185.65726819854305,196.4754209635403,185.28379661958243,195.46122849421201,184.84604455454001,195.9304868279637,185.16321390377564,195.76574359359884,185.35456381077063,196.46945282379181,185.85233771732084,196.23650619019406,185.15011970727397,195.62373979012435,184.90675177852859,196.13158815621028,185.85836274220324,196.18703124307646,184.89250487547713,195.43279570105224,184.87208659785387,195.67439531098077,184.95526260306292,195.94332890372056,185.64172223925232,195.99235095270831,184.64715250801171,195.04440472163941,184.37849962715546,195.49681000085906,185.36964244599241,196.23873812864659,185.19726541069184,195.28855995912514,184.54196940180614,195.52970667092376,184.70032323631196,195.61293663873113,185.79430031453313,196.15327622238686,183.95582619733474,194.7552873255664,185.92044073115321,196.48426695396017,183.41790969410877,195.34786992230337,189.02419360789082,190.01652313913118,191.71082926085461,189.58423793494276
189.59854868470845,188.95787689935855,189.9923085946148,191.84007065504125,184.78273017083279,194.85848161105469,184.27529841089211,195.45963925868315,184.49491472747999,194.07510626829762,183.19536701862742,194.7821249197915,184.63107177018716,194.94874828493209,184.22677087222661,195.02615424480598,184.21729623151097,194.55593163648436,183.95883689349841,194.79528472124707,184.02501194287746,194.56495418695411,184.1999598358791,194.92773991322738,183.92922866402992,194.36052118657469,183.98934833870757,194.97595949151841,184.33939822061529,194.79983797995328,184.08933511324625,194.85091195722225,184.40232327030043,194.99870140634138,183.97786946942159,194.46021403894838,184.17920835590007,195.1228697166562,184.18271626420366,194.36880806824027,183.80722031180937,194.81259415338229,184.20457854171337,194.68283569544442,184.0499521622929,194.71587868153208,184.04398917486367,194.64721462564694,183.93425709338359,194.59270824553144,184.16900278994581,194.9785516849862,184.19403583331763,194.5855422197256,184.0094465896095,194.90272160329525,184.2458712944663,194.81914749192964,184.32999867468581,195.16779398340429,184.47411724687746,194.87095713800264,184.04990864255549,194.72875783650665,184.17662274008509,195.0144534012648,184.48752032101464,194.78699783958146,183.70171357171336,194.38426097571173,184.07486361822575,194.82355932811939,184.01612482709095,194.64346256171666,184.23214949949573,194.73488910605653,183.69611518525167,194.21344896528868,183.7466686265318,194.69397697608792,184.35034043114553,195.04334502660848,184.17047897833086,194.51230433150238,183.95957476934893,194.72304470733795,183.75739939858227,194.53219184734738,184.74522995897723,195.0984289421049,182.98373097351299,193.77155628675231,185.06999011547458,195.61074199182846,182.55733716640447,194.29312160761771,187.90486031255469,188.94016580598262,190.7732636335418,188.80362691716527
191.41562658972344,190.08870281118021,190.11391707727918,191.90034819843251,185.32823898558473,195.48760727017356,184.67525448227832,195.72624139703879,184.96528174741036,194.85673766217144,183.78695709810336,194.91087536928475,184.60232450923593,195.32335613734952,184.85372169548077,195.74539709833715,184.96380918486017,195.37395961749067,184.74118055683257,195.40480163366931,184.31528634680714,194.82373913274043,184.57877123927324,195.50219324871975,184.47990853717502,194.71992083243683,184.16289442655611,195.26346188365943,184.79891835352356,195.5061739184157,184.8620120280282,195.42498635444545,184.69889223905537,195.43118791340618,184.64234609297066,195.24318869852519,184.80822990827326,195.62079997823821,184.61879282300794,194.8396866256852,184.21130694274709,195.18633318519741,184.49239293577469,194.98938825776909,184.4426631049119,195.31093030529641,184.65154492266967,195.07515426220311,184.20161242136936,194.65396395836993,183.89102098897791,194.79440120278514,184.44345727640427,195.19312379721453,184.56013440402353,195.30977124156652,184.71511977636712,195.38350832338892,184.73555443744155,195.3082593015591,184.3854103295331,194.84432072445009,184.23787714064167,195.26942451414553,184.82967236011163,195.24406725388641,184.28054842504685,194.64907711133085,183.77601669115768,194.84426506614909,184.87215826348159,195.72169057855692,184.72447568244746,194.93594693710011,184.20531158247846,194.95599132419349,184.1859963561709,194.98285039402626,184.69204847233266,195.47868409513751,184.69801358074864,195.21917391028202,184.45592794925355,195.23943315512159,184.86110513148517,195.40772919554198,184.13474961142725,194.82564289771841,185.02313148241646,195.509245464835,183.41684310090673,194.23081209272061,185.55609625388951,196.08707199731589,182.88890670246187,194.53316718372653,188.10537304948858,189.32566137123945,191.49569586706886,189.76899152046178
193.23562253106797,191.89944995494668,191.8477540012816,193.98078059548271,187.69283674379045,197.78971494757604,186.55426844011924,197.68784977218004,187.09340709935492,197.49746604427048,186.3365117102181,197.17814948955612,186.49869760328033,197.40618305510799,186.8523634334272,197.88326022208977,187.05286822831891,197.72949543829188,187.08643798559123,197.93063525978917,186.73450385973763,197.18543849690755,186.55000743998579,197.66025337853804,186.78692368104629,197.28401049342153,186.47225811851214,197.375293482584,186.58903682428419,197.47213193597977,186.84739195082494,197.70416133000111,186.92943138911778,197.81904488433617,187.04345846100438,197.72047288782221,186.86251267940679,197.61461188395677,186.61948597494438,197.24739154930987,186.55685738205256,197.60732287660539,186.84483212557731,197.47213193597975,186.68384485940777,197.55439237467263,186.69035482494385,197.27672148607004,186.39626961801739,197.04469209204871,186.07321563048259,197.02664699110943,186.66758515002667,197.66927592900771,186.81043283462847,197.56168138202406,186.9208206260721,197.71318388047078,186.72034494786593,197.2840104934215,186.35434043194073,197.17814948955609,186.57311709143366,197.75882537505203,187.19972557881306,197.64394182071695,186.46929879113009,197.02838053422761,186.05553507665329,197.06829265722129,186.80790353878837,197.72047288782218,186.5445783423674,196.89474922936591,186.20998338109041,197.39889404775653,186.69177566939211,197.44280199921963,186.83437201975281,197.66025337853807,186.68705552103111,197.3662709321143,186.60214539764576,197.71318388047081,187.31576480592,197.8523706495657,186.29970076191501,197.03167371310968,187.03438867022064,197.68629013641618,185.58806439217523,196.70662778680762,188.00398066436679,198.6399157281466,185.28584056127815,197.00719659099539,190.34143866582735,191.33859914202552,193.26931823486493,191.42772369025781
185.72674197733701,184.82095520306495,185.25511180067738,187.66864622442483,181.65353192721088,191.1746508852961,180.10092014238023,190.90768499570962,180.84092694179952,191.17283053871324,180.54124260911721,190.9105847974879,180.42356384078187,190.8375556243752,180.5191213924933,191.10125120624525,180.58632665985212,190.93767511863169,180.7140424069818,191.42961665291276,180.89725708126858,190.90984531882287,180.27455808934022,190.97426372889004,180.76870318504345,191.17283053871347,180.61346636587325,190.7054484965247,179.9364844935109,190.42404324413985,180.29584462526046,191.11967123873958,180.91687078738974,191.39638687217106,180.98742171434668,191.24881903920823,180.51744856269417,190.79991655511759,180.34009052690001,190.91999456480244,180.64600245891921,191.27084923546039,180.94150298290816,191.22309003690873,180.58716134055572,190.84471642628708,180.22863935790161,190.64503975234979,180.36053891372484,190.9239447050908,180.45860744433071,190.90694551704479,180.69024836055877,191.21151994648125,180.58716134055581,190.96010481701845,180.73114860260017,191.17067021560021,180.42105286188743,190.67943904329852,180.37262661994609,191.04368273824491,180.7173880665799,191.29577923349098,180.97571190575323,191.26754993154759,180.65352845881924,190.93946493580688,180.2499258938218,190.5495808808505,180.29919028485867,190.827124514747,180.12053731689301,190.4194422674756,180.40395013466079,191.38234559878495,181.00201693107061,191.02347288857536,180.37764510934332,190.81327646272041,180.3342338884074,190.79044726219934,180.42439852148556,191.14386175810503,181.10092014238023,191.26322928532107,180.06838404933413,190.41494445715958,180.69192119035793,191.03825210741519,179.5182832433978,190.40627558123242,181.94234113200352,192.10602407753825,179.21069154479608,190.64569365514814,184.17482366571872,184.88538722179339,186.38089172284359,184.38011321460303
195.62150785167168,194.76809195563169,195.37352346093027,197.85566382844783,191.34569875515581,201.32097841106668,189.69747795445568,201.1548978979171,190.53718266946845,201.38692729193846,190.22236893904108,201.25346989443105,190.26370681434585,201.24444734396141,190.35802670504575,201.34301934047537,190.05388089442906,200.79496657062165,189.95543357886231,201.42354623605004,190.61021184258098,201.23316250814054,189.92217326871295,201.02370278576097,190.26401767419097,201.31542294683337,190.2061383463454,200.86091545149347,189.61179923571993,200.72572451086788,190.05638119407283,201.35933089829649,190.4846742058705,201.43985779387114,190.48686364566899,201.39594984240807,190.13703019683589,201.00339539947043,190.09547010397506,201.30640039636376,190.41809547269008,201.47647673798275,190.54403261153502,201.46519190216185,190.32874706459242,201.14587534744751,189.94932311546049,200.87722700931448,189.99776226707328,201.23715833660995,190.35916568584514,201.30640039636384,190.33889631057181,201.22813578614026,189.96919298859942,200.87722700931454,190.07014060381033,201.20053939249834,190.11170069667068,201.09294484551472,190.32337607985579,201.40497239287777,190.25710820652034,201.09294484551472,190.08572036013027,201.20782839984983,190.36092650682392,201.23715833660995,189.90375323621851,200.68181655940478,189.87802423391918,201.11498577492347,190.01803164234664,201.01241794994007,190.44780373196321,201.79250011381515,190.66877112348772,201.15489789791712,189.84263413006417,200.86091545149338,189.9753034520011,200.95948744800737,189.81730462989924,200.94646906906837,190.47091479613309,201.41625722869856,189.73767684896109,200.63946824370561,190.4449344595925,201.37634510570496,189.24055601809152,200.54592296919185,191.37617702250151,201.89906376726793,188.34942370739856,200.72085212545673,194.18135704268133,195.06700659854411,196.90492538028278,194.99391063236916
184.76567907637624,183.88773479214851,184.3652569541303,186.57157848801063,180.32837724991484,189.77627761443944,178.9260661486972,189.78821667759402,179.74574035093246,189.86346569942395,179.25577559553111,189.66773916577489,179.35217129633784,189.78417789501631,179.56837884674661,189.86414565248501,179.14850823522622,189.2561357744114,179.03956804512228,189.87401444753772,179.71153142808743,189.71478800234701,179.00284814338272,189.30417542388975,179.02413467930299,189.48182190157476,179.14683540542714,189.48148192504416,179.16644911154833,189.7053782350325,179.5266439240016,189.88262521058323,179.37513066205713,189.66739918924432,179.37513066205722,189.74406764280022,179.2132025236906,189.52483195556908,179.31294388409555,189.87031564149049,179.54458480032369,189.87577526851643,179.50117704777955,189.92643426884641,179.62638528440647,189.98684301302129,179.4619496355372,189.57879025981168,179.10426233358669,189.6174796675794,179.35718978573505,189.69886826949627,179.33757607961391,189.55781040206949,178.95609473124043,189.17147698526716,178.8809855663539,189.47241213426028,179.26869798245605,189.75563773322796,179.57088982564102,189.81354617775889,179.14181691603005,189.23154575291142,178.79835040156738,189.45584156503426,179.45693114614002,189.69420764673924,178.92021297859625,189.04770016953537,178.8947426339825,189.5301724108983,179.13223672031148,189.49290384757879,179.43647929092342,189.91872567641786,179.35467880684061,189.39568415510058,178.87931273655488,189.37365395884845,179.27204364205411,189.55565007895646,178.79165908237115,189.14435766792721,179.4014356873746,190.05234087828399,179.20902218338884,189.4909222217662,179.89474610237417,190.12320972828334,178.50786489858413,189.01123073097384,180.25159872362102,190.20252652888703,177.54040099163015,189.39438542828242,183.33340267609555,184.25317093949457,186.30269751133736,184.8244522123484
196.09299812387616,194.97669516032249,195.22943433475072,197.59101131878424,191.18545096765124,201.33399679000576,189.82335544720772,201.07107782346043,190.18629746940292,200.8992679387232,189.77525627212557,200.91055277454404,189.99890124787271,200.95219844065599,190.08239052680989,201.0547662656393,189.79811458933219,200.65821599423219,189.95870235336736,201.30310721748177,190.29909691820086,200.89024538825353,189.7058663794563,200.61430804276918,189.51881013445688,200.49040193796446,189.64545763528142,200.83002587896937,190.06721027262449,201.22258032190706,190.31359580660305,201.06205527299076,189.83171487601226,200.78438438438818,189.8415241454608,200.74047643292511,189.66856728672937,200.74047643292516,189.93377235533677,200.91957532501371,189.88922381840868,200.84633743679055,189.86034368008981,200.96348327647684,190.2180482928145,201.31212976795132,190.18083784237677,200.84633743679055,189.7532260758735,200.76807282656708,189.69861693525519,200.62159705012058,189.79086514513105,200.83002587896945,189.73730634302302,200.40987504238979,189.27322360474682,200.44649398650145,189.82014478558449,201.03445887934882,190.10666968846471,200.83731488632083,189.68630736616245,200.55235499036687,189.46204067072529,200.56866654818793,189.90770337650684,200.83002587896942,189.52821990177131,200.41716404974125,189.74711561247173,200.87566737355064,189.72823655223911,200.62159705012064,189.8534937380231,200.87393383043249,189.74557712953791,200.60528549229949,189.61475715037986,200.7038574888135,189.99699225900071,200.91228631766231,189.46895013839577,200.31859205322723,189.92396308588798,201.28852920277885,189.89647326260982,200.86091545149341,190.7516982083385,201.49695803162757,189.01517933805118,200.04421434350675,190.80716599931873,201.49366485274558,188.15045598271874,200.62072049317888,194.1184174694551,195.10033236377367,197.36333620885642,195.91252831004834
185.17060969361944,184.14174621801823,184.41093185372463,186.88545963890249,181.11514092986812,190.77128775103995,179.74323284042976,190.0369398192648,179.47031725292416,189.72909520260094,179.49699670747773,190.19866656409934,179.84092694179952,189.92812104016269,179.4782211504519,189.92411125378121,179.39809349616817,189.85494369915685,179.9031102513695,190.56828124378234,180.00117878197531,190.01343066568251,179.54375358801164,189.92050109002341,179.35719325412671,189.68244586816357,179.43899373820955,189.95444135323393,179.65352845881924,190.12193858493961,179.76870318504345,189.98594084240435,179.50536085647298,189.9135916223529,179.46195310392883,189.58152736963828,179.10593863177738,189.70851484699344,179.52413988189051,189.76818411250332,179.2737199402448,189.68929581023019,179.37847979004695,189.87521307443021,179.71069674738368,190.13529849254229,179.56587480463557,189.80178439918322,179.56587480463554,190.01885976330107,179.39809349616817,189.60611739113818,179.41770720228928,190.06260929596047,179.69442870086061,189.65455654275084,178.89558425146953,189.34421162644341,179.36053891372481,190.07892853094521,179.70651640708195,189.88718266699235,179.56922046423364,190.0090504938523,179.43815558911413,189.72940606244609,179.54626109851438,190.01846026116661,179.4824014907536,189.85864250520399,179.71237304557451,190.03742796368857,179.35468574362392,189.71983360317978,179.58716480894756,190.04933803064677,179.5888341703548,189.87240191494126,179.39558598566541,189.77685440115258,179.63056909309989,190.09478873819191,179.37847979004698,189.51056987734938,179.47905583115556,190.1370883097176,179.40060100667085,189.86577431091948,180.35886608392582,190.47390170698955,178.62387777390359,189.05839861875387,180.39725881546443,190.60005965066841,178.00786316438814,189.64580067823474,183.35720019091011,184.15897010000256,186.07109446194448,184.53794607397995
194.95711632942198,194.06038902963016,194.60614542976882,197.38258248993546,191.33051850097038,201.51812240409461,189.84649562806302,200.64919344376256,189.40024161150981,200.29828466693678,189.66998813117746,200.99783993523724,189.89724327068251,200.35121516886943,189.29272450515884,200.45378299385285,189.41971198251434,200.44978716538344,189.92942271291395,201.17693882732584,190.04296164037729,200.71843550351639,189.72940606244597,200.74776544027651,189.6764980967138,200.67452755205341,189.84047380695068,200.727458053986,189.61173971011607,200.56693300506976,189.6049784103385,200.53933661142776,189.66998813117763,200.77309954856727,189.72940606244612,200.28197310911563,189.11942766989677,200.34392616151797,189.62123811971969,200.48640610949508,189.4417421787665,200.47009455167392,189.58433852912705,200.65422016576284,189.88669452256858,200.79167339173964,189.49786080612233,200.35121516886946,189.69210696971905,200.90829048919284,189.76479616630121,200.51400250313705,189.70117676050279,201.00512894258861,190.1308602078303,200.71114649616493,189.28445371864387,200.20873522089246,189.58319954832774,200.83731488632085,189.74853645691994,200.48640610949511,189.68343668106976,200.89197893137174,189.8288150742338,200.64919344376253,189.78691500484277,200.8992679387232,189.89789410705808,200.76407699809764,189.72940606244615,200.32761460369696,188.97436013657767,200.19242366307137,189.76414532992553,200.84633743679049,189.70867753894521,200.49542865996474,189.49538962316399,200.4976909453159,189.65693908341976,200.66723854470186,189.50297904389569,200.36023771933918,189.73582738569289,200.85762227261137,189.45735105177195,200.45308034426549,190.33204636850502,201.07507365192981,188.67191550084698,199.85209707247907,190.87189538972007,201.74200580458799,188.37077253786754,200.42860322215125,193.6195664675034,194.33656175771969,195.94736005103277,193.92755489986735
184.42070130351854,183.55487757488297,184.06673950220966,186.53288908024285,180.64014582042668,190.31347816811748,179.42857539339576,189.76328667956358,179.13763657572807,189.3411345400863,179.2591212551292,189.92205409701603,179.33088476041758,189.26184673567863,178.98490726706058,189.61855912277508,179.12722169930595,189.30969457651963,179.16561443084464,189.77309594901237,179.35718978573507,189.66668882726486,179.4406630996169,189.85439590863999,179.39725187868109,189.834526035501,179.5879960212595,189.8667650033365,179.37178500245901,189.74051700464628,179.31880052258816,189.56577032873955,179.25075710613388,189.85479541077439,179.52246358369976,189.5440509923323,178.98156160746248,189.58564020187836,179.44066309961696,189.75603723536238,179.33423042001573,189.70577773716687,179.2941683270698,189.78031639701723,179.71153142808737,190.07949072503166,179.31210920339183,189.38818337665819,179.19108130706672,189.89928442209867,179.52329826440337,189.76760732579007,179.5028498775786,190.13842051187623,179.89558078307783,190.03750201335109,179.27455462094858,189.61568985040427,179.58381221256602,190.08304136318552,179.33757607961385,189.2680458413698,178.95944039083858,189.68769768120302,179.41937656369672,189.70182759687862,179.37596881115252,189.85084527048602,179.56419850644491,189.86090587417607,179.27204364205409,189.12757928471481,178.4210459251041,189.20316828307512,179.45943865664267,189.79247767772765,179.06252394244993,189.33166524716802,179.23532720870622,189.74446714493476,179.28831168857718,189.43412222862719,178.90143742157042,189.45149192261144,179.58548504236506,190.07082043638209,179.20986033248423,189.46238205997787,179.81294561829137,190.09827973025284,178.48407085216112,189.10168912367462,180.67230748423682,190.94881352381682,178.18187900897598,189.48484382098323,183.08883937294252,183.91607567857383,185.43273848259847,183.35282921878206
195.99673306622304,194.94107409052503,195.31520033918491,197.57469976096314,191.01255363452336,201.28106628807302,189.96876295705741,201.20626876408596,190.09839890194982,200.80069594220925,189.98073254961949,201.28679565966067,190.1479189214802,200.83731488632085,190.01405097265064,201.16236081262295,189.88996329707376,200.50671349578556,189.58794869288485,200.82100332849973,189.891384141522,200.89926793872323,190.07016960000647,201.01814732152766,189.91199349332598,201.02543632887912,190.24272695660372,201.24115416507937,190.21548846756693,201.22258032190706,190.16531761166067,200.91957532501371,189.84217498183673,201.09867421710234,190.29372593346412,201.17693882732587,190.13989946920654,201.28679565966061,190.35774484139677,201.21355777143742,190.1587190038353,201.10769676757201,189.9337723553368,201.01641377840946,190.44885407047337,201.58980065655396,190.23760730610834,200.74776544027654,189.7217861123068,200.99281321323693,190.08239052681003,200.99783993523718,190.03833013430534,201.09867421710234,190.18981899087149,201.10769676757204,189.9026723683007,200.97250582694642,190.40905467810256,201.53687015462125,190.15766866532513,200.55964399771827,189.43998135778759,200.67852338052273,189.8092851776255,200.82603005050009,189.98659167877994,201.0530327225211,190.10988035008805,201.0873893812815,190.02892036699114,200.76078381921559,189.61935812704391,200.98152837741611,190.46446294347891,201.25017671554903,189.76584650481118,200.77536183391848,190.22754670241835,201.28453337430946,189.95284322420687,200.47409038014337,189.26677316481468,200.60528549229954,190.27805753485487,201.28852920277876,189.63462702351885,200.42445305709273,190.27450689670093,201.39109702776221,189.25289458338057,200.39112729186311,191.29040824875412,201.9667461912579,188.3045933068216,200.47650700208371,194.04242896896025,195.29747635680161,197.28550346898757,195.17649332160079
185.13655818670327,184.1983189995247,184.62755060899772,186.70275303632582,180.36304989261933,190.02210095433193,179.41017773399764,190.21162696956773,179.84678011190047,190.0000112324758,179.7661922061491,190.48334200371141,180.00703542046793,190.06988926956902,179.66561616504052,190.10095872719748,179.48407432055279,189.7069763640595,179.48240149075369,190.07522972489809,179.69108304126254,189.92587207476004,179.47989398025092,189.75877434518884,179.2966793059642,189.95120157492505,179.91519795759069,190.31470579120639,179.80002323136645,190.08679981532575,179.62471592299906,189.88823300550243,179.46111495483339,190.09660908477463,179.92021644698798,190.33608515108298,180.0028516117743,190.45076305934549,179.93815732331007,190.11468914073845,179.69275587106156,190.10996899237762,179.54291543891625,189.95657255966168,179.93899200401367,190.51472244167414,179.86053717952905,189.83322436274977,179.37513413044883,189.90489221701804,179.52330173279509,189.79962407606985,179.37847979004701,189.72073577379683,179.37764164095151,189.77824471619337,179.3162930120854,189.77355509723998,179.75159698942502,190.39143377036606,179.87931620494658,189.86836313236341,179.35384759452856,189.83831348383771,179.44317407851136,189.9095528397751,179.77288352534535,190.24562675838212,179.7532698192241,190.00115021327531,179.58799948965122,189.96720995006484,179.56169446433373,190.23491531831621,180.19359575435288,190.43783177056241,179.66896182463861,190.10823870080608,180.04124434331305,190.34367457181449,179.53082773269503,189.50874953076672,178.95442536983305,189.63209772767866,179.77706386564714,190.02636054174346,178.91770546809343,189.15527692197929,179.65185562902019,190.25935563871181,178.89474610237409,189.41215309119011,180.75076230872139,190.76789685890466,177.84175468571982,189.44899468939013,183.47906276793893,184.72215099022119,186.63214940057682,184.61703115644445
194.71669729323239,193.91689276636814,194.63037138639251,197.07731520769087,190.54918137871596,200.74203606868892,189.43264327129711,200.74776544027659,189.78876446811086,200.60857867118153,189.91958432677967,201.25746572290046,190.11428963860402,200.5353407829584,189.4283822711636,200.57092883353911,189.52063048103952,200.45880971585308,189.78509465826002,200.98152837741611,189.92973357275915,200.52302505360669,189.30833337816438,200.19242366307137,189.24567566858693,200.52302505360666,189.90014307246068,200.84234160832111,189.74813695478556,200.55062144724863,189.43168157507631,200.41316822127186,189.65011825803865,200.85362644414195,189.90301375755348,200.68181655940475,189.69426729283236,200.72745805398603,189.66569801435855,200.47738355902538,189.53294005013223,200.58497810600906,189.59695895806493,200.68181655940481,190.00032209232094,200.94317589018621,189.6631381891109,200.5027176673162,189.71348632959558,200.76407699809764,189.63706921028094,200.4407646149138,189.47873041164829,200.39685666345076,189.38167341112222,200.34392616151797,189.35899237849415,200.31459622475791,189.5636405350339,200.84460389367231,189.94065282681106,200.69083910987442,189.70546687732192,200.74047643292513,189.62012813511663,200.61257449965092,190.00501171127434,201.08738938128147,189.76479616630127,200.29828466693681,189.30543357638601,200.48640610949505,189.57305030234821,200.6361750648235,189.89255365172897,200.76407699809764,189.55025009802341,200.6012896638301,189.89329313039403,200.88122283778392,189.78608688388834,200.5320476040763,189.3163223010306,200.3602377193391,189.83023591868206,200.76807282656711,189.16036604306711,200.01661794986481,189.88999382648117,200.89597475984115,188.80106330131551,200.0311959645677,190.96340412093096,201.59952585661097,188.04919750766285,200.23319277224147,193.68358537543608,194.65085159043386,196.38262198103948,194.25144528691985
183.91088299104868,183.17369120195769,183.90492408889372,186.30177244273895,180.25076057452551,189.95972369568119,179.19358881756949,189.7477664488475,179.28831515696876,189.523841142663,179.50535738808131,190.2885176406794,179.68857206236805,189.47278264019863,179.08799428706362,189.77053612376466,179.26953613155132,189.32200414561231,179.06754590023877,189.73184671599697,179.39474436817829,189.49669129591524,178.98574541615599,189.34872396081798,179.06001643194713,189.56361000562617,179.27957311034578,189.61031886566767,179.30876354379367,189.64650797379164,179.08715960635999,189.47031145724026,179.442335929416,190.0100121900729,179.45693114613996,189.44569231905467,178.98407258635692,189.46269150710086,179.12722169930595,189.45294176325589,179.10510048268205,189.48117106519908,179.1910813070667,189.82520491047597,179.69108304126254,189.79447530888899,179.03956804512225,189.5434001559567,179.5896688510586,190.09140079198977,179.54291197052453,189.77741659523895,179.43982841891324,189.69315730822916,179.12722169930595,189.51591033267843,179.23114686840444,189.61031886566772,179.35718978573502,189.94309348036197,179.58297753186233,189.68550836189374,179.2574484253301,189.6717779483526,179.10175482308398,189.43884237698808,179.48323617145732,189.98542216857302,179.16812194134744,189.06907952941191,178.8546805410364,189.7415078175527,179.56837884674664,189.78417789501637,179.35217129633781,189.46621302856954,178.81628780949779,189.33530452761138,179.29751398666781,189.88919470172323,179.68020791337275,189.87040428377989,179.09552375535529,189.42221228215809,179.51744509430256,190.07121993851655,179.21320599208232,189.43384189818951,179.72863762370588,189.99992105697524,178.50535738808131,189.15308760266956,180.52581271168964,190.45866180671089,177.62052864591385,189.14734905792812,182.90311718815295,183.72330847230711,185.36311019155127,183.45719439922621
195.53835964725471,194.64978837814382,195.33322473684785,197.61860771242621,191.00428284800839,201.2461808870797,189.77047659816085,201.00183576370651,189.99029048482717,200.79167339173966,190.13225052287095,201.53687015462125,190.24997640080488,200.68581238787417,189.90983317021264,201.35048225518119,190.07917986518655,200.37152255516,189.3412231823755,200.82100332849973,190.04586144215543,200.8992679387232,189.91569229937306,200.96521681959501,190.03898097068119,200.92859787548335,189.74060564693565,200.6695008300531,189.92106328410981,201.02716987199739,189.83319383334216,200.73145388245544,190.08929999448037,201.29581821013034,190.08819013036654,200.6948349383438,189.65921704501866,200.81371432114832,189.92430306241872,200.99783993523724,190.10416938882082,200.94717171865557,189.8450747836149,200.99783993523724,190.18339766762458,200.86664482308106,189.51986047296688,200.73145388245541,190.21813693510384,201.34874871206299,190.26358764264904,201.19724621361632,190.21597661199053,201.07107782346037,189.97817272437197,201.13529316121398,190.24056663349049,201.17693882732581,190.28530697905606,201.38536765617457,190.1870078313824,200.69483493834386,189.5603993440028,200.68754593099237,189.6454576352815,200.61257449965103,189.97968221110943,201.0710778234604,189.7532260758735,200.49040193796444,189.78003453336842,201.28852920277885,190.50164286450899,201.34874871206299,190.25682634287159,200.85033326525993,189.40953220712728,200.55235499036678,190.01556045938818,201.30310721748174,190.42673523193187,201.12400832539316,189.70265571783293,200.68581238787417,190.18040922355686,201.34145970471153,189.85201336797101,200.77136600544907,190.59358162726178,201.47162392333686,189.17980588466403,200.27398145217688,191.03467247306477,201.52126124638752,187.86470108791102,200.11830921790647,193.6720152850084,194.83168402564073,196.93066186419176,195.07820197156786
185.18972327115847,184.36635742485583,185.06383529932839,187.00476905323671,180.4594455934261,189.98480186160486,179.08632145726457,189.92075242426455,179.7541079683196,189.95296239590377,179.7524316701288,190.37045391262401,179.60594036597331,189.48780020243223,179.37596881115255,190.31072512151036,179.73700177270115,189.54490964269434,179.24741491492745,190.20872716778948,179.98658356525138,190.0958696061096,179.60175655727977,190.05246004998091,179.69610153065975,189.93923198236286,179.32921539901025,189.68235722587414,179.54876860901712,190.01550093378438,179.37931447075067,189.62194848169921,179.53789694951902,190.16747793477401,179.63558758249721,189.74822559707505,179.39140217697184,189.93633218058469,179.61095538697884,190.20653784847994,180.08465209585719,190.28357668748484,179.54375011961997,189.83427470125986,179.50201519687482,189.72428641195069,179.1518538948244,189.73335620273454,179.66561616504046,190.02133094625947,179.54542294941902,189.9641619803933,179.58548851075682,189.94750276887785,179.73281796400758,190.42608439555616,180.0420790240168,190.17756906787167,179.7966775717683,190.25247670044865,179.58548851075676,189.50840955423607,179.04207902401674,189.71857545068352,179.48407432055279,189.90955283977516,179.73198328330395,190.11647895791353,179.50201519687488,189.72619540082269,179.44233939780767,189.98668032106929,179.62471592299909,190.05180921360511,179.79835386995913,189.92340089180155,179.12555233789865,189.62854708952455,179.70818923688097,190.36860456984499,179.96947736963295,190.07449024623304,179.41101588309303,189.8151151901005,179.73449079380666,190.14569907276308,179.29584115686876,189.81252636865651,180.37596881115246,190.60370034383376,178.77371820604901,189.12417834766529,180.47822115045184,190.65466879128664,177.84175468571985,189.3451763890865,183.22780814558962,184.45009597954683,186.60095740566351,184.9318083177462
195.29721293545606,194.52859744835254,195.36750517214318,197.50475505162197,190.58358066966474,200.64346407217499,189.23907706076153,200.74776544027657,189.98233067864649,200.6176012216512,189.68260856011526,200.87393383043252,189.639717677818,200.03692533615529,189.08758820419555,200.60528549229957,189.81150502634264,200.71843550351639,190.05311088635645,201.32844132577247,190.19817841967568,200.66550500158368,189.45445124999347,200.47009455167395,189.47938124802408,200.43347560756237,189.55610922718387,200.67452755205332,189.86861446660473,200.71114649616493,189.45445124999361,200.29828466693675,189.52353028281777,200.65821599423222,189.58754919075051,200.4497871653835,189.66933729480184,200.80069594220922,189.7640566876361,200.91384595342612,190.35811534733503,201.29911138901235,189.89064466285697,200.56693300506967,189.6028180872253,200.62159705012058,189.60991936353332,200.58497810600903,189.6122278545397,200.3878341129811,189.38383373423551,200.48640610949505,189.49465014449885,200.4407646149138,189.80564589718222,201.15663144103527,190.12079960414002,200.72572451086782,189.73187724540452,200.81700750003037,189.64616811775016,200.29828466693675,189.33181341506119,200.60528549229954,189.84402444510485,200.91557949654432,190.06218067714033,200.82100332849973,189.50940036714243,200.33264132569718,189.41866164400406,200.27295055864604,189.10458880496395,200.17940528413229,189.57603874641578,200.44249815803198,189.13929754303575,200.19242366307142,189.69145613334331,200.9155794965443,189.93800435927415,200.79167339173955,189.72329559904441,200.65422016576284,189.83998566252711,200.76807282656708,189.3351127189739,200.52631823248873,190.619961586426,201.37807864882313,188.75731376865616,199.72819096767432,190.81833658761198,201.9391497976159,188.55816875939769,200.50184111037444,193.78234355084808,194.87559197710377,196.85461403364738,194.91310309031348
184.40782516542859,183.69709904754606,184.47568421927016,186.68995532280948,180.35886608392582,190.02235228857316,179.35384412613692,190.03864099415068,179.5445882687153,189.43523221323034,179.06503492134436,189.87435442406829,179.54375011961992,189.33175388945733,178.67230401584504,189.41860199791105,179.43313709971696,190.04296164037709,179.9252314679934,190.22705855799447,179.49783138818134,189.46451185368366,178.98574541615596,189.4348617072921,178.99699497328183,189.3730031224728,179.27957311034572,189.92686288766635,179.62387777390373,189.76880583219338,179.20818750268509,189.54052947086402,179.23867286830438,189.58933900792553,179.07712262756556,189.50866088847735,179.4899274906536,190.05055106110876,179.5174450943025,189.91563418649125,179.92105112769156,190.42642437208673,179.71153142808734,189.75143625869828,179.35552042432769,189.85744387831153,179.50117704777941,189.76553564496612,179.21320599208232,189.43597169189528,179.18940847726759,189.7445557872241,179.25243340432462,189.44504148267916,179.31378203319085,190.0538503650215,179.65185562902019,189.7673559915489,179.43480992951598,189.95580255158916,179.48490900125648,189.6540683983271,179.2515952552292,189.73400703911022,179.44066309961693,189.90440407259413,179.60426406778248,189.63959850612105,178.85802620063461,189.29411482019975,179.27288179114944,189.6435486464095,179.02246184950388,189.36680401678183,179.27288179114944,189.52992107665713,178.81461497969872,189.20220658685449,179.17397857983994,189.72209697215203,179.40933958490228,189.86355434171313,179.51037934587021,189.74816607147113,179.43899026981788,189.76738498774503,178.95609819963215,189.49681046761211,180.11179180187835,190.34179457913874,178.47821768206023,188.8832524407124,180.48658529944723,191.02804180262058,178.37094685336362,189.5821521557508,183.15269898070318,184.07095248134186,185.68428852937754,183.63295823577991
195.59530699696452,194.70657548458144,195.32571873451138,197.68056076482858,191.09903135752819,201.38866083505661,190.09029080738657,201.29581821013028,190.08719931746032,200.64017089329295,189.75643673749681,201.29581821013025,190.42105338735016,200.85535998726013,189.56184918464737,200.78838021285753,190.02818088832609,201.06708199499096,190.15692918666014,201.05303272252115,189.84729463233208,200.71114649616496,189.84476392376979,200.98152837741611,189.96231251712527,200.87393383043249,190.00575118993936,201.08738938128147,190.04080131726388,200.91055277454413,189.91785262248632,200.94490943330447,189.99088179559899,200.8137143211483,189.59263831183841,200.6948349383438,190.15476886354685,201.34874871206299,190.14245929445428,200.94317589018624,190.16673845610896,201.39265666352605,190.29363729117497,201.04174788670025,189.9902309592232,201.02543632887912,190.07224128083055,201.06205527299079,189.98082119190877,200.93588688283478,190.15581920205702,201.29581821013028,190.11391913266581,200.69483493834383,189.63348804271939,200.91957532501374,190.09725992115037,201.07836683081183,190.17719856193349,201.250176715549,190.23760730610834,201.17693882732581,190.19601809656231,201.06205527299076,189.85704437617699,200.85362644414198,190.06508047891873,200.83002587896942,189.37084279935948,200.54333243989717,190.28215584303649,201.61913059331414,190.40683482938533,201.10769676757201,190.14689757916625,201.03845470781818,189.78895615625919,200.79340693485779,189.93312151896112,200.82100332849976,189.82295594507346,201.03445887934882,190.10385852897571,200.9431758901863,190.11309101171142,201.0547662656393,189.49066947480301,200.51000667466758,190.51975344988017,201.52455442526957,189.18887567544797,200.13879051155135,190.96809373988427,201.7623131908785,188.22826482979627,200.31371966781617,193.75050408514701,194.79506508152912,196.4979875195271,194.24387563308738
185.28379661958246,184.32318363378607,184.73561214079498,186.78516286006743,180.43899373820952,190.0599913578308,179.35886261553415,190.13884913069626,179.81545659718583,189.94716279234717,179.64516430982391,190.3031357007786,179.81880225678395,189.82091479365695,179.37262315155439,189.9869316553106,179.6339147526981,189.86540380498133,179.49866953727675,189.96166168074953,179.54458826871533,189.95080207279057,179.73198328330395,190.27996652372701,179.92105112769158,190.22606774508816,179.76953786574725,190.02744140966101,179.50452270737759,189.91310347792913,179.60928255717974,189.99921210771777,179.60091840818438,189.80968467975995,179.19693794555926,189.68525702765243,179.70400542818746,190.2466770968922,179.63224192289906,189.74782609494054,179.45944212503443,190.12619958507298,179.81294561829139,190.07119094232036,179.60928255717971,190.02053194199047,179.73114513420862,190.19527861789732,179.73031045350487,190.05493123293934,179.81461844809044,190.34068612774686,179.81629127788952,189.74887643345062,179.08548677656091,189.67689759884814,179.60426406778254,190.13810965203123,179.77706386564719,190.09001047694906,179.68773738166439,190.22606774508816,180.00285161177445,190.22680722375327,179.48072866095467,189.83322436274975,179.75494264902329,190.07306940178478,179.18857379656396,189.62089814318909,179.91854361718885,190.67644918650871,180.00535912227716,189.98770166338315,179.56336729413283,190.03693981926466,179.65018279922114,190.15087824886214,179.7883168911647,189.84948407213076,179.32465369268897,189.97101192246009,179.66227050544239,190.00754241983668,179.91854014879712,190.2976165481488,179.27957311034572,189.59113035831211,180.10008199328485,190.56606127457607,178.9644588802357,189.24425635735003,180.41603437249026,190.47452201395768,177.67230054745335,189.26017762341166,183.18858073334732,184.20410994770248,185.87005469177018,183.78264891183656
195.6754466756945,194.70014512757959,195.19489229535719,197.34596354582382,190.58969113306662,200.64346407217505,189.23296659735965,200.80069594220925,190.20042738507831,201.03775205823086,190.07440160394361,200.97979483429788,189.57964891017366,200.3055736742883,189.66313818911081,201.05077043716989,189.93158303602726,200.47738355902538,189.54379965809116,200.84633743679052,189.9290232107796,200.81700750003031,189.91026320175467,200.97979483429788,190.02053194199047,200.9155794965443,189.79342497037879,200.64919344376261,189.73005689882189,200.86264899461156,189.87191377051741,200.612574499651,189.56872965612172,200.56866654818796,189.52426976148274,200.48640610949502,189.72320695675509,200.8006959422093,189.71018702568287,200.59226711336046,189.77676575886321,200.94317589018627,189.97894273244447,200.8170075000304,189.76809547021384,200.85362644414198,190.06178117500596,201.04174788670022,189.85309423588865,200.6288860574721,189.71669699121904,200.89024538825359,189.91927346693461,200.584978106009,189.39512196101427,200.50671349578559,189.80604539931659,200.86264899461165,189.79592527002265,200.57595555553937,189.56187971405495,200.75505444762797,190.01658180170213,200.86264899461159,189.58538886763714,200.61257449965098,190.03975097875377,201.03445887934879,189.61031886566764,200.40414567080219,189.79163515320371,200.85362644414195,189.48475223276077,200.17940528413232,189.38037173837077,200.52302505360669,189.58095058292508,200.67452755205332,189.84377311086351,200.62159705012064,189.55346075964692,200.69483493834383,189.73270536635883,200.71843550351636,190.13191054634038,201.15333826215323,189.53876864988504,200.4570761727349,190.44416445151995,201.39838603511365,188.97904975553112,199.88871601659062,190.73984778747328,201.63614480072255,188.26334407380617,200.41229166433013,193.78234355084805,194.73311202912674,196.57161723272085,194.59795460724965
184.58911510522395,183.77480066761535,184.38841353171455,186.64259562639234,180.44233939780764,189.94716279234723,179.01828150920213,189.84803411099716,179.81712942698482,190.14316977692295,179.81712595859327,190.08890049234611,179.22780120880623,189.42187230562752,179.52748207309699,190.34577524883483,179.66477801594505,189.42548246938529,179.06587307043978,189.88015402762488,179.5888307019631,189.79623612986774,179.43648275931511,189.83532503976991,179.41937656369666,189.68013737715705,179.15101921412062,189.49604045953961,179.35468227523234,189.96561182103792,179.52162890299599,189.53367952879722,179.06921873003787,189.65230757734818,179.37262315155439,189.65446790046147,179.29918681646689,189.74020614480122,179.37429598135344,189.8313748994816,179.64850996942201,190.09074995561423,179.60928255717971,189.76809547021392,179.27037428064671,189.8093447032293,179.66979650534228,189.99634142262497,179.3580279348304,189.51485999416832,179.19024662636301,189.75652537978618,179.4381555891141,189.65776720437421,179.19191945616205,189.61651797135866,179.37764164095157,189.74060564693582,179.23114686840438,189.45229092688041,179.12638701860232,189.72138661017243,179.50452270737756,189.65190807521375,179.00201346267903,189.51517085401349,179.56336382574108,190.03824149201623,179.39976285757552,189.59655945593053,179.39892817687178,189.70691671796646,178.95776756103947,189.24641514725201,179.19191945616203,189.66236818103837,179.14599725633175,189.45834186467826,179.19693794555926,189.54774979837964,179.20065803439346,189.68414704304919,179.28041125944111,189.5803288632348,179.4815633416583,189.83430369745599,178.87262488575033,189.28482422458214,179.92439678728971,190.24087608061348,178.43731744001883,188.81417340788812,180.33841769710094,190.83487509421937,178.29081919907986,189.64907086546179,183.19192639294548,183.99462400431651,185.77500308909609,184.06919677119524
195.24773798833837,194.44463814993136,195.17226155902395,197.786421768694,191.4553456552122,201.58407128496634,189.8992844220987,201.06205527299076,190.15377805064068,201.03272533623058,190.17349975588633,201.34874871206299,190.12372840211478,200.85362644414195,190.16738929248464,201.52784760415156,190.25824718731985,200.66550500158371,189.67112711197703,201.01814732152769,190.03429135172769,200.80069594220925,189.86034368008981,200.83002587896942,189.6678278080642,200.51573604625517,189.58217820601391,200.64190443641115,189.76874630658952,200.84633743679052,189.88857298203303,200.74776544027657,189.79407580675453,200.91957532501368,189.93667215711514,200.70385748881347,189.67507725226548,200.86664482308097,190.02818088832606,201.02543632887915,190.12653956160366,201.17693882732584,190.12258942131521,200.8373148863208,189.67038763331198,200.74776544027659,189.92001294559967,200.84633743679049,189.73730634302294,200.69483493834386,189.82560441261046,200.84633743679052,189.83171487601211,200.78438438438815,189.84152414546099,200.75678799074618,189.70546687732192,200.58897393447839,189.5257196021274,200.60528549229954,189.92686288766629,201.12400832539311,190.11027985222259,200.64190443641112,189.33289287025667,200.56866654818793,190.03685117697555,201.04574371516964,189.79481528541942,200.72016904663462,190.03833013430554,201.07507365192984,189.79586562392956,200.84633743679049,190.32269471407244,201.38536765617459,190.0573718864901,200.74776544027659,189.71752511217326,200.69483493834389,189.75313743358419,200.88295638090207,189.89477208772388,200.63790860794174,189.72385779313089,200.57266237665735,189.00918804634625,200.14278634002073,190.32658674147913,201.20297558520394,188.6545749235481,199.65668662256931,190.81617626449869,202.00336513536953,188.67716731388677,200.55477161230718,193.69083481963716,194.69649308501516,196.77839673511158,195.06946006757923
184.75684352444853,183.95386380808176,184.58438363291387,187.07199862279282,181.14516604401976,190.76172981583235,179.69609806226805,190.11278015186636,179.64432962912019,189.8151151901003,179.50117704777949,190.20832766565496,179.79751572086366,189.94676329021274,179.72779947461044,190.44885407047332,179.92272395749063,189.85815436078022,179.41854188299303,190.00976085583167,179.54124260911721,189.72940606244615,179.44317407851142,189.78509465826005,179.10677331248112,189.38537221716928,179.29166081656703,189.85488405306367,179.39976285757552,189.69170746758473,179.42188754259115,189.96447284023844,179.72612664481136,190.07844038652146,179.48741998015089,189.49604045953956,179.01828150920207,189.77855557603834,179.69275587106159,189.95435271094451,179.48156334165836,189.97388260755278,179.68773738166442,189.93263337453737,179.42104939349576,189.78105587568228,179.37764164095165,189.66097786599764,179.29249549727064,189.86355434171327,179.62722343350185,189.90079390883642,179.44233592941598,189.92322360722298,179.64516430982397,189.83822484154825,179.23365437890715,189.49058083251347,179.08381394676189,189.72354693328558,179.77706386564714,190.31575612971642,179.74825132982701,189.60676822751375,178.94233766361185,189.67007677346689,179.73198328330395,189.97792139013055,179.18857379656399,189.49860028478724,179.48240149075372,190.03503083039271,179.44066309961696,189.94966309199111,180.10761146157648,190.62545020964822,179.87680522605208,189.94756229448157,179.5191213924933,189.92291274737789,179.55127611951994,190.05601068813488,179.64432962912028,189.76155638799233,179.39641719797737,189.72897603090428,178.88349654524828,189.40521309411199,180.0591817512435,190.21625694242815,178.2140406727859,188.62711716288882,180.39642066636912,191.05692194093947,178.39975938918383,189.49024392240554,182.9815720126376,184.12127150514092,186.33782601470836,184.84927655336284
195.92825488951118,194.81988316073375,195.1374945314503,197.52506243791248,191.19742056021332,201.43985779387117,189.8663655012021,200.89926793872323,189.81844361069867,200.53933661142776,189.64101935056928,200.97979483429791,190.01303116354805,200.69812811722591,189.80564589718222,201.1679162768562,190.21014801223768,200.83331905785147,189.75828620076507,200.78438438438818,189.63820819108028,200.53933661142776,189.82125477018769,200.84633743679052,189.55931988880724,200.42445305709271,189.79632477215711,200.99783993523718,189.86315483957875,200.64919344376261,189.75257523949779,200.8992679387232,190.02448208227889,200.95219844065591,189.780065062776,200.42445305709273,189.39108317843653,200.71114649616496,189.93198253816175,200.58497810600898,189.38241288978708,200.64919344376261,190.04882076953763,201.04174788670022,189.9583028512329,200.80971849267891,189.70842620470401,200.49040193796446,189.45584156503429,200.66723854470186,189.88857298203294,200.83731488632085,189.90440407259425,200.98881738476754,189.98298151502212,200.71114649616499,189.61682883120383,200.64190443641112,189.64184747152362,200.67452755205335,189.96737264201681,201.0783668308118,189.93809300156337,200.47009455167398,189.27248412608191,200.56866654818793,190.00501171127439,200.75678799074618,189.26523468188077,200.14678216849006,189.61833831794141,200.80971849267894,189.58714968861608,200.54662561877922,190.04487062924903,201.18422783467724,189.91557466088756,200.71843550351633,189.8567930419357,200.84633743679049,189.8005262466869,200.84633743679058,189.85679304193573,200.79167339173958,190.08125154601049,201.15333826215326,189.68167586009085,200.64519761529311,190.57075242674077,201.29252503124823,188.61298571400206,199.6476640720997,190.90117503017342,202.06531818777182,188.5762488153614,200.26078916588349,193.37503027630362,194.59063208114975,196.89134415624855,195.25087050665465
185.68796450177774,184.41498882179019,184.40979828019954,186.48416818547045,180.48491246964809,190.20980803570708,179.32837724991492,189.75652537978624,179.30002496556227,189.55209956129173,179.3980900277765,190.18370852746966,179.8121109375877,189.7796655606416,179.31880052258811,190.02818088832609,179.74825132982699,189.92578343247072,179.50452270737762,189.84797458539325,179.25326808502831,189.63780868894591,179.60593689758153,190.14896925999028,179.5420772898209,189.78577602404329,179.65185562902013,190.17358839817575,179.58465036166137,189.73952619174008,179.37346130064975,189.81258448153821,179.44735441881321,189.91060317828524,179.57879719156048,189.85960420142484,179.50786836697577,190.00575118993945,179.54124260911718,189.45229092688032,178.81629127788949,189.64184747152379,179.79417006126553,190.16673845610896,179.58632319146042,189.79342497037885,179.3342338884074,189.50328990374067,178.96278605043668,189.48086020535399,179.31629301208537,189.79993493591493,179.6025912379834,190.05641019026922,179.52832022219235,189.66933729480195,179.35300944543317,189.95259188996579,179.52664739239327,189.70117676050305,179.39390968747458,189.95870235336739,179.54876860901717,189.60380890013155,179.0412408749213,189.60741906388947,179.52413641349875,189.75356605240412,179.00368629247805,189.38497271503499,179.45944212503434,190.00069106504785,179.33674139891019,189.59010901599828,179.54124260911718,190.07298075949555,179.48407085216107,189.7325571984658,179.4627877846325,189.73440654124468,179.16477628174925,189.60130860048767,179.33757954800555,189.89974357032622,179.92188580839527,190.31069600482473,179.35050193493049,189.64798846433283,180.09217809575716,190.35120434645319,178.51911792410161,188.94983117389279,180.54709924760976,190.91120357124476,178.06252394244987,189.14009961372707,182.6698034421257,183.75514793800826,185.74597961566053,184.02258073511004
196.27582389813739,194.97595949151844,195.05147564062946,197.24010254195844,190.85992579715813,201.1548978979171,189.65147945639373,200.73145388245544,189.71752511217346,200.67452755205335,190.07619142111878,201.52784760415162,190.44169326856164,200.81700750003034,189.67433777360031,201.00912477105803,190.0744902462331,200.90655694607466,190.05962085189265,201.10769676757201,189.84837408752773,200.7111464961649,190.02818088832598,201.28679565966061,190.19271879264963,201.00512894258864,190.10055922506299,201.11498577492341,189.97999307095458,200.80069594220922,189.73014554111114,200.56866654818796,189.54735029624516,200.76807282656708,189.99674092475948,200.99783993523712,190.12397973635589,201.10769676757201,189.8762634129404,200.40085249192018,189.26992430083413,200.7567879907462,190.27706672194873,201.13129733274457,189.84038516466154,200.70212394569526,189.80283473769316,200.66723854470189,189.44933159949829,200.36423354780857,189.52176946183883,200.65821599423222,189.86605464135721,200.89926793872326,189.81875447054367,200.64919344376256,189.79697560853285,201.05077043716992,190.07449024623307,200.79167339173961,189.77130613183726,200.98881738476751,190.11607945577913,200.89926793872323,189.75322607587353,200.83731488632077,190.03975097875366,200.9195753250138,189.69099698511602,200.75678799074618,190.13273866729457,201.19724621361632,189.9778327478414,200.89024538825356,190.11937875969176,201.16062726950472,190.00060242275859,200.89926793872331,189.96095131876993,200.74776544027651,189.53720105026574,200.64919344376258,189.894032609059,201.02144050040971,190.25164857949443,200.97250582694645,189.3220927879016,200.41143467815368,190.43691500731882,201.36176709100204,188.99570896704662,200.09314901697005,191.1218315618529,201.95772364078823,188.33208313009982,200.18755127766019,193.45351907644226,194.55401313703814,196.45866981158389,194.4165441681742
185.10250667978707,184.0060059474086,184.28114617140966,186.4273696050534,180.39809349616817,190.20934900796883,179.40227036807826,189.88922381840865,179.41603437249023,189.68812771274511,179.66728552644781,190.51867258196256,179.96529702933114,189.69062801238903,179.20567652379057,189.99739176113511,179.63224192289906,189.83933482615143,179.66645084574412,190.15226856390299,179.43982841891329,189.59300881777645,179.4611149548335,190.1641786308613,179.75410449992788,189.95401273441388,179.56252914503747,189.99921210771774,179.64767182032668,189.97061242032561,179.40394666626904,189.46491135581812,179.01493584960392,189.63348804271931,179.38433296014784,189.7076272004351,179.45693114613994,189.90224374948087,179.3580279348304,189.41715215726649,179.00201346267903,189.81289534138324,179.83590498401068,190.13520985025292,179.5224635836997,189.84979493197596,179.60760972738069,189.93337285320243,179.29416832706968,189.49024085598313,179.16561443084464,189.680137377157,179.40478134697267,189.81289534138324,179.43313709971699,189.76189636452284,179.46529529513523,190.10337038455182,179.85384586033283,190.05237140769142,179.52580924329783,190.02093144412495,179.74992415962606,190.08100021176918,179.62889626330093,190.09330978086192,179.79417006126559,189.97718191146555,179.3333957393121,189.79302546824431,179.65185562902019,190.10988035008802,179.66561269664882,190.04586144215534,179.71571523678088,189.95475221307885,179.39390968747466,189.86000370355913,179.62806158259718,189.94824224754282,179.48323617145741,190.01442147858879,179.79417006126556,190.1536894083514,179.74908601053068,189.81653462182666,178.90478308116852,189.55753007163221,180.14098223532628,190.37289456617492,178.69526338156433,189.32274515748858,180.89558425146959,191.12566099723318,178.23197808071637,189.50906345703427,183.1919263929455,184.22292948233124,185.92810163864127,183.87588098400695
195.45749229291576,194.49942517652778,195.06895270324245,197.35724838164475,190.81037666094213,201.11098994645405,189.72237742307863,200.92859787548338,189.87271277478638,200.5669330050697,189.80524639504767,201.22986932925852,190.10237957164583,200.47738355902538,189.4652513323486,200.83904842943909,189.83501417992497,200.6288860574721,189.91927346693453,201.07836683081183,189.80169575689382,200.54662561877925,189.83032456097138,201.04174788670022,189.90005443017139,200.68181655940481,189.78947483009037,201.03272533623061,190.2610583468088,201.19325038514694,189.9327220168268,200.55964399771824,189.57267979641003,200.75678799074618,189.69756659674516,200.38783411298112,189.48299141178182,200.74776544027659,189.83066453750209,200.58497810600903,189.57597910032274,200.78438438438812,190.00501171127442,200.98881738476751,189.97462208621789,200.98881738476757,190.09725992115023,201.02543632887912,189.87296410902763,200.74776544027657,189.80968467975981,200.84633743679046,189.84763460886271,200.78438438438818,189.82560441261037,200.80971849267888,189.84112464332654,200.96348327647678,190.14501911970191,201.05077043716989,189.91094315481578,200.89024538825356,190.00177193296554,200.97979483429788,189.9290232107796,200.9155794965443,189.97718191146564,200.69483493834386,189.40123242441601,200.48640610949502,189.84624429382188,200.92686433236523,189.87256460689315,200.73648060445569,189.72073577379669,200.45378299385283,189.2684453435042,200.52302505360666,189.96962160741933,201.07836683081186,190.12034045591267,201.1403198832142,190.1381982943206,200.97979483429788,189.97709326917624,200.81371432114832,189.42193041850936,200.70715066769552,190.7223299255958,201.47891293068827,189.0391185231754,200.219317407126,191.27158871412524,202.15486763381617,188.59290802687693,200.59139055641876,193.95018075908433,195.01078291772939,196.73067297381812,194.47821657409554
184.85762163639077,184.08370596466335,184.79167710768689,186.81299265987622,180.29082613586328,189.76991581679664,178.96111322063763,189.79811458933224,179.58548851075676,189.7130868274613,179.44400875921505,190.12693906373809,179.62137026340102,189.50801005210167,179.07089155983689,189.67186659064203,179.20651467288607,189.54595998120442,179.58799602125944,190.30668633893259,179.77371820604904,189.94676329021283,179.751596989425,190.21193782941279,179.52246358369976,189.73551652584783,179.52497456259411,190.23581748893335,180.04458653451951,190.31541615318582,179.62304309320001,189.76374582779104,179.48825466085461,190.09799939981531,179.5608563152384,189.56517901796775,179.21153316228322,189.96490145905844,179.71236957718278,189.8972432706824,179.4594421250344,189.8603436800899,179.42021471279202,189.75217573736339,179.43982841891327,189.9453424457646,179.64850996942201,190.03685117697543,179.64683713962305,190.00791151305259,179.632241922899,189.97718191146561,179.49532387767863,189.76809547021389,179.38433296014787,189.81258448153829,179.43648275931511,189.79052516860062,179.46111495483348,189.81909444707443,179.35802793483037,189.79953543378053,179.62555060370278,190.03429135172766,179.50452270737759,189.72064713150743,179.33339573931204,189.58572884416779,179.00703195207623,189.54669945986953,179.5804700213595,189.97792139013069,179.34008705850835,189.45519072865866,179.04040619421764,189.3111735338498,178.83841249451342,189.56255966711618,179.69108304126249,190.1417198157892,179.66561269664879,189.96737264201673,179.50536085647298,189.7771057353938,179.46027680573812,189.76698548561063,178.99950595217624,189.6642481737139,180.32047335238721,190.58778061098312,178.80959995869318,189.14299788229408,180.48491246964815,190.76829636103901,178.04291023632871,189.52859335364278,183.37597574793591,184.35562792095394,185.86808643754134,183.61284816067851
195.62223552728071,194.83533606820521,195.56604545797427,197.75882537505203,190.84036678386411,200.6271525143539,189.03763956584541,200.55235499036687,189.92621205129055,200.82603005049998,189.96191301499078,201.04574371516966,189.86975344740418,200.49542865996474,189.5188101344568,200.62559287859003,189.5184701579262,200.57595555553937,190.11607945577913,201.43829815810727,190.2914769680616,200.98881738476751,190.05714966893433,201.10769676757198,189.94309348036197,200.87393383043246,190.02497022670269,201.10370093910254,190.15073008096905,201.0530327225211,189.85349373802316,200.67452755205335,189.84797458539313,201.16062726950472,190.17975838718132,200.83731488632088,189.7977150871977,201.03445887934873,190.12909938685138,200.92686433236517,189.86645414349147,200.80971849267888,189.70802670256958,200.61257449965098,189.73261672406954,200.85362644414195,189.91276350139847,200.85362644414195,189.91711314382138,200.95219844065593,189.97968221110941,200.89024538825359,189.840784666796,200.76407699809764,189.78651550270823,200.80069594220927,189.8313748994816,200.67452755205332,189.59334879430699,200.55964399771827,189.63530838930211,200.80069594220925,190.07483022276367,200.99783993523721,189.76914580872403,200.59626294182991,189.72684623719834,200.68754593099234,189.47901074208599,200.56866654818793,190.07522972489807,201.12400832539308,189.77741659523906,200.46107200120431,189.56881829841097,200.65092698688082,189.64644844818784,200.84633743679044,190.19536726018657,200.98881738476754,189.69201832742976,200.64919344376261,189.739215331895,200.78038855591873,190.01723263807776,200.83002587896942,189.23419422044864,200.41143467815368,190.61706178464772,201.70868003935848,189.35202326473072,200.03119596456767,190.59694057726756,201.35847391211999,187.93417962286972,200.27710072370456,193.96175084951207,195.0270944755504,196.57420481806287,194.08751865582164
184.59398742355648,183.88729085938277,184.56231665125162,186.95985001037045,180.75661547882234,190.01584232303702,178.95776756103945,189.6269780771832,179.44317407851139,189.80604539931653,179.53873163022271,189.88922381840865,179.27957311034575,189.51156069025575,179.31043637359269,189.82665475112057,179.31712769278906,189.71959679299735,179.71069674738365,190.19311829478406,179.52079075390071,189.57162945789995,179.17230575004089,189.69605711000753,179.41770373389764,189.86355434171318,179.50201519687482,189.75538639898667,179.39809002777645,189.87330408555815,179.40060100667083,189.56872965612172,179.26953613155138,190.02198178263504,179.81629127788943,189.95105340703174,179.39976285757552,189.86966480511484,179.58297753186224,189.91381383990856,179.48323617145741,189.80638537584713,179.35635510503138,189.7807158991516,179.58465036166135,190.06903061920704,179.60760972738069,189.79302546824439,179.37764164095159,189.88888384187814,179.58297753186227,189.93553317631574,179.54876860901712,189.95145290916614,179.60259123798346,189.9898023404034,179.58632319146037,189.81869494493975,179.29751398666792,189.6863073661624,179.41352339359577,189.91060317828519,179.61262821677792,189.80968467975995,179.18522813696578,189.59084849466325,179.4857471503519,189.80462455486833,179.05918175124341,189.45405174785915,179.59301451065676,190.24371776950991,179.64265333092945,189.79879595511539,179.54793392831348,189.99634142262485,179.47989051185925,189.91026320175456,179.68857553075978,189.83791398170311,179.17314043074464,189.64835743705981,179.43564807861137,189.97934223457895,179.92188580839536,190.130178842047,179.0241381476946,189.44902215237519,180.14432789492443,190.76502758653388,179.19442696666479,189.23774639181377,180.1877391158603,190.25352550574758,177.54374665122822,189.32314619283417,183.44318101529478,184.44432549267563,185.85867361484296,183.44905221590602
195.18745988982772,194.29028125250676,194.81865124775447,197.57070393249376,191.4607457566342,201.63700178689905,190.01362235383084,200.91957532501368,189.71712561003886,200.57595555553937,189.82517579379063,200.91957532501368,189.62882754045134,200.343926161518,189.66532750842052,201.00183576370657,189.91094315481573,200.63790860794177,189.79993493591505,200.83731488632088,189.62404927920858,200.35121516886946,189.38142207688091,200.47009455167398,189.64465863101259,200.63061960059028,189.52466926361723,200.40814149927161,189.70182759687862,200.99783993523721,189.95765201485725,200.52302505360666,189.46491135581806,200.83731488632085,190.14356927905732,200.968509998477,189.79012566646614,200.79167339173961,189.9634225017283,200.95219844065596,189.84112464332659,200.74776544027657,189.84152414546088,201.02543632887915,190.22094809459298,201.22986932925849,190.14791892148003,200.89024538825359,189.76479616630129,200.78438438438818,189.81619464529595,200.75678799074618,189.8230445873628,201.02543632887918,190.23942765269103,201.16791627685612,190.05311088635656,200.93588688283484,189.89903308785759,200.88295638090213,189.9333728532024,200.8992679387232,189.84368446857428,200.54333243989714,189.34807312444221,200.5320476040763,189.93883248022851,200.79340693485784,189.41425235548817,200.42445305709271,189.94139230547614,201.21355777143742,190.11383049037653,200.95219844065593,190.05970949418196,200.88295638090213,189.58820002712613,200.61257449965103,189.85244339951296,200.74776544027659,189.64570896952273,200.70385748881344,189.781544020106,200.83731488632088,190.19592945427306,201.15333826215326,189.5669979518282,200.54662561877919,190.52626341541648,201.57748492720225,189.30210374306574,200.22833995759558,190.96519393810618,201.76231319087856,188.32341284145033,200.60770211423986,194.1643273252277,195.11664392159477,196.5742048180629,194.0875186558217
184.938133464244,183.88359809305368,184.16238500912706,186.63574568432563,180.9415029829081,190.81278831829673,179.9168673189981,190.10376988668642,179.33757954800558,189.5517595847611,179.50284987757851,190.11826877508867,179.33423388840748,189.22910509936071,179.12805984840136,190.02636054174332,179.56670948533932,189.53004024835386,179.20818750268509,189.87660338947086,179.54876860901715,189.80283473769319,179.39307500677091,189.69901643738959,179.29751398666789,189.58251818254439,179.00285161177442,189.37886225163328,179.39725534707279,190.15516836568125,179.73198328330398,189.66933729480181,179.14934638432157,189.86324348186807,179.75326981922424,190.0748897483675,179.56252914503742,189.97613157295555,179.75494264902326,190.07522972489807,179.418541882993,189.69176699318859,179.48072866095461,190.09725992115034,179.77539103584809,190.1153399771141,179.73031045350484,190.02744140966104,179.54375011961997,189.78435517959491,179.21320599208229,189.42696142671534,179.10342765288308,189.92652291113581,179.9423376636118,190.21048798876834,179.58632319146048,189.8567043996465,179.47738300135643,189.86935394526989,179.48825466085458,189.86645414349144,179.45442363563717,189.5665693330084,178.98574541615599,189.60380890013155,179.60426406778251,189.91745312035187,179.27790028054673,189.71709649335347,179.66227050544234,190.08824965597034,179.5078683669758,189.82125477018772,179.54124260911718,189.74381630855919,179.10760799318484,189.62262843476046,179.52497456259414,189.84473480708439,179.35217129633784,189.68664734269305,179.21655165168039,189.53689019042051,179.41435807429949,189.90949319368207,179.191919456162,189.62950890623455,180.06587307043978,190.26256630033515,178.5207907539006,189.09233888196428,180.69192119035796,191.15679010095468,178.52246011530801,189.9359066281873,183.6255575404862,184.46595618679359,185.86808643754131,183.61284816067854
196.29678428870483,194.97238353349454,195.07819300256543,197.2310799914888,190.88201551901409,201.38692729193843,189.9697842993713,201.04174788670028,189.94509111152323,200.66550500158368,189.89203497789768,201.11671931804167,189.69580577576619,200.0043022205131,189.23444555468984,200.9285978754834,189.99165180367163,200.53031406095806,189.69571713347685,201.1972462136163,190.32260607178321,201.05077043716989,190.01010083236221,201.009124771058,189.92322360722309,200.69483493834383,189.54743893853438,200.5157360462552,189.70256707554367,200.88295638090213,189.94534244576448,200.80069594220925,189.85704437617713,200.98881738476754,190.03034121143921,200.83731488632088,189.76263584318798,200.89926793872323,190.10666968846462,200.88295638090207,189.54123983284362,200.47009455167392,189.76158550467761,200.95219844065591,189.95071343050128,200.79167339173964,189.8028347376931,200.80971849267891,189.86389431824387,200.70385748881341,189.47111046150903,200.22904260718298,189.35023344755558,200.80069594220925,190.1754087447583,200.968509998477,189.75828620076504,200.64919344376264,189.67294745855966,200.67452755205329,189.75177623522887,200.78438438438818,189.82921457636834,200.61430804276921,189.48771014742073,200.69483493834383,190.07520060821264,201.06205527299073,189.88561365465088,200.82603005049995,190.00251141163048,200.87393383043249,189.5965594559305,200.53933661142776,189.77065529546152,200.73145388245544,189.5983492731057,200.77309954856727,190.17003776002161,201.11498577492341,189.91051453599599,200.65821599423222,189.47730956720002,200.39685666345076,189.65983888519827,200.66221182270161,189.2757834299945,200.33993033304864,190.28607698712881,201.06778464457835,188.63757573550188,199.82676296418833,191.00499333047722,202.08162974559292,188.69382652540213,200.73387050439572,194.07932855955298,195.1166439215948,196.89393174159045,194.74043455522661
185.87816170222291,184.47846528648574,184.43812963682691,186.22695345245106,180.10175829147565,190.1312597099645,179.42355690399853,190.08785015383592,179.81127625688396,189.82412545528035,179.42021124440043,190.02306123783066,179.31629301208528,189.05540876196409,178.8350668349153,190.02997070550123,179.83507030330694,189.78833584929106,179.52413641349881,190.32621623554098,179.8325593244125,189.79188648744497,179.42439505309392,190.14205979231974,179.78998625257202,189.88814436321314,179.37764164095157,189.68664734269305,179.19108130706667,189.58498936550282,179.35635510503133,189.94855310738799,179.77204537624996,190.11639031562422,179.54375011961992,189.62583909638377,179.12889452910505,189.70867753894527,179.52246358369968,189.66492800628592,178.98072692675876,189.42656192458085,179.40060100667091,189.98403185353223,179.58297753186233,189.73045640095631,179.21153316228319,189.54703943640004,179.2336543789072,189.64289781003382,179.18690096676477,189.4866306922253,179.29751398666787,189.96811212068167,179.66645084574412,189.81545516663107,179.33674139891019,189.75902567943001,179.3793144707507,189.73986616827059,179.43648275931508,189.80678487798158,179.3384142287093,189.56585897102889,179.14934638432157,189.77460543575003,179.72863762370585,190.13560935238746,179.56503665554013,189.80203573342436,179.50619553717675,189.87981405109426,179.29082266747153,189.63820819108025,179.50368802667398,189.9019328896357,179.29416832706966,189.77676575886323,179.81378376738678,190.32806569880901,179.75577732972693,189.79342497037894,179.16477975014098,189.60025826197759,179.52748207309696,189.764114800518,178.74992415962603,189.10211762200555,179.65018279922117,190.04480957043401,178.46027680573803,188.98201061612446,180.50285334597029,190.75598679194613,177.98072345836704,189.42406469135958,183.23449946478593,184.35207728279974,186.29742146434563,184.46906382134711
196.34999543711859,194.92674203891329,194.9096163156641,196.99002804699782,190.66135898733464,201.09467838863296,189.55775087646589,200.84633743679049,190.19181662203263,200.89024538825356,189.72089846574872,200.83002587896945,189.71502481252952,200.29099565958529,189.4593922031882,201.09138520975091,190.2272067258877,200.78038855591873,189.89823408358859,201.21355777143745,189.97249229251224,200.43174206444414,189.55570972504933,201.03445887934882,190.09436011937206,200.71114649616499,189.68994664660576,200.79340693485776,189.75538639898684,200.64919344376261,189.76809547021381,200.95219844065588,190.12869988471695,201.07836683081186,189.96126217861502,200.65821599423225,189.51881013445691,200.60528549229952,189.74927593558493,200.65821599423228,189.63854816761102,200.74776544027654,189.95185241130059,200.98881738476757,190.02778138619178,200.8992679387232,189.74927593558496,200.55964399771827,189.57162945790006,200.69483493834386,189.8067848779815,200.84633743679052,190.03503083039286,200.98152837741608,189.7720456105022,200.63288188594152,189.80678487798176,200.89197893137177,189.79771508719776,200.6948349383438,189.85744387831156,200.84633743679055,189.70762720043513,200.55964399771827,189.61327819304984,200.81700750003037,190.13376000960847,201.07836683081186,189.77170563397169,200.57595555553939,189.86284397973364,201.10769676757201,189.95290274981087,200.76407699809766,190.043390259197,201.0710778234604,189.68951802778597,200.51400250313705,189.86870310889398,201.19325038514694,190.2328290448657,200.92686433236514,189.67047627560117,200.71114649616496,190.11383049037664,200.97423937006462,189.24394396429341,200.1011406739089,190.06144119847551,201.16635664109231,189.02137844374201,200.13879051155135,191.04334276171431,201.71667169629728,188.11358692153357,200.24048177959295,193.6995051082867,194.83897303299219,196.85461403364741,194.91310309031351
185.35943612910319,184.1209138362486,184.18199871524823,186.33876067562085,180.44233939780761,189.99560194396008,178.79249376307482,189.47722092491071,179.67063465443763,189.99634142262502,179.35718978573502,189.68960667007519,179.31211267178355,189.56551899449826,179.31796237349269,190.02562106307823,179.58381568095768,189.5991192811781,179.38014915145433,190.19024760969117,179.66896182463861,189.55181911036482,179.24908774472649,189.96925110148123,179.44317407851139,189.43492135338516,179.14934638432166,189.94318212265125,179.70902391758463,189.93849250369783,179.52330173279515,189.94824224754277,179.58799602125947,189.97357174770778,179.56420197483655,189.76198500681221,179.25243340432465,189.65165674097253,179.31462018228629,189.81514430678601,179.67146933514138,190.1638386543307,179.68606455186531,189.90335373408408,179.54876860901715,190.04660092082037,179.62555060370275,189.86611416696076,179.4594421250344,189.92001294559961,179.5879960212595,189.98619217664552,179.62555060370283,189.74671611033736,179.04625936431853,189.48663069222525,179.43815558911419,189.84547428574933,179.23198154910804,189.5462999577351,179.42021471279207,189.94278262051685,179.50284987757851,189.84729463233202,179.53956977931819,190.06468097678422,179.884331225952,190.13884913069631,179.28998798676795,189.46352104077738,179.46111495483345,190.21267730807787,179.60593689758161,189.71234734879619,179.63056909309998,190.19996823685079,179.45693114613994,189.50471074818907,179.27706559984301,190.05021108457825,179.87262141735854,190.10988035008808,179.44484690831044,189.72280745462061,179.62303962480829,190.05490070353167,179.1526920439197,189.46528186175618,179.89307327257512,190.23723680017022,178.65269030972385,189.23774639181391,180.72947577280124,190.891644557951,178.04458306612776,189.43708462243188,183.16729419742717,184.17838094540318,185.98782447069539,184.09570273217903
196.11704880352116,194.84562302971193,194.93366913254764,197.26543665024917,191.02415284163649,201.04903689405171,189.15552813573129,200.40814149927161,189.97872051488866,200.92460204701396,189.69957863147599,200.63288188594149,189.69475543725608,200.63790860794171,189.8316262337228,201.02543632887915,189.86185316682739,200.44076461491377,189.62293929460552,201.21355777143742,190.34003529137127,200.92286850389578,189.92322360722301,200.97250582694639,189.65051776017305,200.2453541650041,189.39222215923604,200.83002587896942,190.04370111904211,200.86264899461162,189.83501417992483,200.83731488632088,189.86571466482653,200.80069594220922,189.7521757373633,200.56866654818793,189.52532009999305,200.60528549229952,189.74276597004888,200.89024538825356,190.16994911773241,201.1403198832142,189.90409321274905,200.70212394569532,189.83137489948155,201.07836683081177,190.16633895397447,201.09467838863296,190.14501911970197,201.07836683081183,189.94494294363002,200.7111464961649,189.56261919272006,200.3642335478086,189.31623365874117,200.53204760407627,189.87842373605358,200.74776544027651,189.52748042310617,200.52302505360672,189.80283473769325,200.93588688283478,189.96481281676904,200.93588688283475,189.98733115744506,201.07836683081183,190.28712732563875,201.12400832539311,189.65776720437424,200.47738355902541,189.90986369962016,201.17693882732576,189.87802423391909,200.58324456289085,189.92908273638341,201.16062726950469,189.91415381643918,200.63790860794171,189.79672427429151,201.0530327225211,190.2074995447008,201.10370093910254,189.87595255309512,200.66550500158368,189.86892532644998,200.99281321323696,189.65850668303912,200.61760122165117,190.37542539522633,201.15733409062264,188.84305201299588,200.1573643547236,191.29907853740357,202.06531818777182,188.36284172788316,200.30643066046468,193.72011446009051,194.95785241579665,196.89393174159054,194.7404345552267
185.67371759872634,184.4096220187204,184.4183293892072,186.56626714936689,180.65269377811555,190.27632724328359,179.1843899878705,189.74927593558508,179.65269377811555,189.86645414349155,179.28998451837629,189.79697560853276,179.52832022219226,189.86861446660484,179.64432616072858,190.22134759672727,179.65102094831647,189.60892855062707,179.26953613155138,190.23396802566512,180.08715960635993,190.25019873884986,179.83841249451342,190.1579795251703,179.39558251727368,189.42332214627206,179.10510048268205,189.7694857852546,179.44233592941595,189.66347816564149,179.31545486298995,189.84473480708439,179.56169099594203,189.82881507423386,179.29584115686879,189.51551083054406,179.12722169930598,189.70867753894527,179.52413641349875,190.00532257111942,179.74908601053068,190.00245188602665,179.34175988830737,189.64761795839479,179.47403734175842,190.13560935238755,179.81963693748759,190.1684992770879,179.85551869013187,190.16994911773241,179.56503665554013,189.61361816958043,178.98156507585418,189.31663316087568,179.08548677656083,189.8002749124455,179.69108304126257,189.929422712914,179.37764164095157,189.78401520306437,179.52162890299607,189.91711314382127,179.50284987757857,189.8281047122544,179.40227383646993,189.84078466679591,179.64181865022582,189.99054181906845,179.34008705850823,189.7351170237134,179.77204537624999,190.31319630446873,179.58799602125944,189.72576678200286,179.58047002135956,190.10450936535139,179.46696812493431,189.74492629316214,179.60175655727983,190.13850915416572,179.71487708768547,189.97357174770784,179.43732090841053,189.74532579529665,179.56670948533926,190.02602056521286,179.27037428064673,189.55391990787427,179.80002323136648,190.08821912656273,178.60091840818436,189.33616459069518,180.921889276787,190.8919845344814,177.70985512989657,188.95594317050578,182.8801578224336,184.28043842472786,186.1776834311915,183.98620924984664
196.4447562319281,195.21142128838636,195.4427857639283,197.56897038937555,191.08098183097181,201.43256878651971,189.90249508372221,201.03445887934882,190.02431939032698,200.59626294182985,189.56392086547135,200.96521681959499,190.02175956507932,200.62159705012061,189.74446714493467,201.23386515772791,190.26444629301093,200.72745805398606,189.64900827343538,201.04574371516964,190.18265818895952,201.00512894258864,190.11061982875313,201.1972462136163,189.99995158638279,200.71114649616496,189.78435517959508,200.83002587896939,189.65156809868313,200.47009455167395,189.65125723883807,200.93588688283486,190.11639031562422,200.98881738476751,189.86324348186801,200.64190443641118,189.57992924061125,200.6875459309924,189.81042415842487,200.75678799074618,189.82881507423394,200.82100332849978,189.74276597004888,200.62159705012056,189.74671611033739,200.93588688283489,190.02093144412493,200.99610639211895,190.13125970996455,201.07836683081183,189.86645414349152,200.62159705012067,189.6230279368948,200.78438438438812,189.95796287470239,200.98881738476757,190.02167092278995,200.93588688283486,189.93047305142417,200.93588688283481,189.92942271291403,200.80069594220922,189.78071589915163,200.76407699809772,189.7543360604767,200.71843550351645,189.83353522259472,200.83731488632083,189.77494541228063,200.86264899461162,190.19601809656228,201.19724621361632,189.91455331857375,200.76407699809764,189.98949148055826,200.91957532501374,189.55676006355964,200.52302505360669,189.95805151699165,201.14031988321418,190.02374260361381,200.79167339173964,189.72980556458054,200.81700750003037,190.10948084795359,200.92859787548338,189.30111293015952,200.21602422824392,190.10809053291294,201.2102645925554,189.13787669858738,200.28127045952832,191.15691080586279,201.63614480072258,187.75403284554073,199.7420663327899,193.33594136640147,194.7055156354848,196.61772555268115,194.29680613502009
185.33764708651842,184.44057328017226,185.09059203872152,187.06079903830337,180.66478148433674,190.43040504178276,179.57005167654569,190.08529032858812,179.49950768637206,189.35279327280321,179.06670775114341,189.97320124176963,179.45860744433071,189.15962656440198,178.87931273655485,190.06431047084604,179.91770546809343,189.75103675656391,179.21404067278598,189.78219485648168,179.31294735248719,189.48959001960728,179.27204711044581,189.9525918899657,179.60760972738063,189.89974357032622,179.65185562902025,189.94318212265125,179.20651467288604,189.45485075212798,179.31629301208537,190.01516095725373,179.75410449992788,190.05857051338259,179.60677504667697,189.74316547218342,179.16728726064372,189.4971794403391,179.06671121953511,189.35717203191163,179.1084461422802,189.75362557800796,179.49699670747768,189.6573677022397,179.19777262626292,189.7242864119506,179.45609646543627,189.89144366712571,179.66979650534228,190.0122611554755,179.37764164095162,189.69136749105405,179.58632319146045,190.3566058605974,180.06420024064067,190.08711067517083,179.37764164095159,189.74597663167239,179.50117704777946,189.98363235139786,179.5470957792181,189.79302546824442,179.4381555891141,189.98369187700169,179.68773738166445,190.02383124590318,179.61095538697879,189.89468344543471,179.39558251727377,189.77460543574998,179.48240149075369,189.79737511066722,179.27120896135042,189.71703696774949,179.59134168085762,189.81073501827007,179.01660867940299,189.40089244788544,179.46613344423068,190.12002959606758,179.66561269664879,189.87222463036258,179.48240149075369,190.00171240736165,179.81545312879413,189.84581426227996,178.71236957718276,189.20954608606689,179.91435980849533,190.44922304320028,178.90227210227411,189.20590692611287,180.44066656800862,190.50966078357146,177.64516084143224,189.08984011553162,182.9406717705962,183.9765439483526,185.64752811842666,183.54913593092397
195.58337071746737,194.81641174328448,195.74570550491256,197.91588333773194,191.0878912986424,201.29737784589409,189.74582846377919,200.93588688283481,189.83732267093126,200.29828466693672,189.4174034915078,200.83904842943906,189.60611739113804,199.92204178182024,189.2018666103238,201.0710778234604,190.25429704703146,200.6451976152932,189.62913840029654,200.79340693485781,189.53945001566831,200.0572327224458,189.14154650843824,200.51573604625523,189.73946666613617,200.81700750003034,190.09981974639805,200.93588688283481,189.57557959818834,200.47009455167395,189.72724573933289,200.89926793872317,189.95756337256793,200.83731488632088,189.74316547218339,200.44249815803201,189.34116365677176,200.36423354780854,189.35319277493764,200.19242366307137,189.38531269156545,200.65092698688082,189.73770584515739,200.47911710214359,189.52170993623517,200.73145388245547,189.84729463233211,200.76407699809764,189.87225374704801,200.84633743679055,189.69281733169865,200.73874288980693,190.12548922309344,201.38137182770515,190.33778632596869,200.89024538825356,189.5749287618126,200.55964399771824,189.74597663167236,200.84633743679052,189.81909444707435,200.71114649616493,189.87296410902758,201.09867421710231,190.17068859639744,201.10370093910257,190.18950813102614,201.06205527299076,189.77130613183735,200.48640610949511,189.47617058640054,200.45378299385285,189.42076232102437,200.58497810600898,189.98588131680035,200.88295638090213,189.56977999463183,200.52302505360666,189.85278337604348,201.07836683081189,190.1449304774126,201.0783668308118,190.03727979579537,201.00512894258861,190.16375001204139,200.90326376719261,189.253353731608,200.45707617273487,190.63733115992113,201.54988853356033,189.06478799987093,199.92533496070229,190.73694798569497,201.67276374483421,188.34908231814589,200.51086366084411,193.85577222609518,194.71680047130562,196.40835846494846,194.33573662611857
184.88564811842457,184.13087920024034,184.94493194687797,187.01048001450394,180.58632665985209,190.21881830088705,179.31294388409557,189.95910185550184,179.56504012393185,189.53294005013223,179.23281622981182,189.9728017396352,179.35719325412671,189.27936459755622,179.25159525522926,190.31433528526819,179.83674313310604,189.6711576413845,179.41686905319392,190.12437923849038,179.48323617145741,189.28365471437519,178.81629127788946,189.48191054386419,179.27288179114953,189.84729463233211,179.76953786574714,190.00896185156276,179.3196352032918,189.66347816564146,179.43815558911413,189.85414457439879,179.46027680573806,189.73440654124462,179.16728726064369,189.34116365677167,179.07005341074154,189.75066625062573,179.43480992951601,189.56582985434335,179.21236784298694,189.64613758834264,179.08883243615901,189.32530344952505,179.20651467288607,189.92146278624421,179.58632319146042,189.73585650237851,179.31880052258811,189.73730634302294,179.33172290951299,189.85019443411042,179.73365611310294,190.10666968846473,179.54375011961994,189.73335620273454,179.27371994024486,189.6671769716886,179.37764164095159,189.76593514710055,179.27204711044581,189.6222884582298,179.50284987757857,190.05996082842324,179.52580924329783,189.78287622226495,179.64516430982394,190.15837902730465,179.5241364134987,189.56511949236389,179.17063292024184,189.56079884613735,179.06420024064064,189.59735846019942,179.60510221687792,190.02167092278998,179.46362246533621,189.83717450303806,179.60510221687792,190.06218067714036,179.7311451342085,190.12548922309347,179.58883417035489,189.83032456097138,179.6238777739037,190.03253053074889,179.21153316228325,189.75865670670311,180.3384142287093,190.45212284497848,178.50117704777946,188.84311307181088,180.29082613586331,190.79032655729114,178.31963173490001,189.794078873177,183.39726228385618,184.0930422031978,185.62820983673521,183.70952691476768
195.81968241762152,194.85706166774304,195.44435322412426,197.6309234417779,190.95763363405996,201.2078283998498,189.76575786252192,201.00912477105808,189.98307015731154,200.53204760407635,189.58058007698685,201.0384547078182,190.07852902881075,200.81700750003034,190.12975022322703,201.4382981581073,190.09330978086189,200.51400250313696,189.6494077755699,201.10040776022052,190.08602980725317,200.70385748881347,189.71021602187923,200.81371432114832,189.78105587568226,200.80069594220927,190.02133094625935,201.07836683081183,190.06863111707261,200.98881738476754,189.91100268041964,200.74776544027659,189.77164610836786,200.79340693485781,189.67368693722469,200.59626294182985,189.91455331857364,201.15333826215328,190.03287050727957,200.70385748881344,189.76337532185289,200.72416487510401,189.43307189011711,200.31859205322729,189.68309670453903,200.94490943330447,189.94889308391853,200.74776544027654,189.73375570486897,200.6948349383438,189.73690684088859,200.86264899461159,189.95731203832662,200.64919344376258,189.47392162099817,200.55235499036684,189.67442641588968,200.57768909865752,189.65190807521378,200.62559287859006,189.4776204270452,200.48640610949508,189.95435271094451,201.03445887934879,189.60346892360099,200.23633161453444,189.57492876181266,200.98152837741605,189.9554030494547,200.74776544027654,189.91174215908464,200.83904842943906,189.57301977294077,200.59626294182991,189.92297227298175,200.8829563809021,189.72493724832646,200.75678799074615,189.91430198433238,200.78438438438815,189.75893703714073,200.7567879907462,189.60355756589033,200.42445305709273,189.75208709507396,200.96521681959499,189.64909691572481,200.6615091731143,190.54798275182341,201.24688353666693,188.68857471236251,199.74623606861365,190.80025653164813,201.87719674521355,188.59216854821199,200.64432105835144,193.88616185115166,194.69649308501516,196.29541104381144,194.15432618704304
185.01262026721488,184.0737611414078,184.55113584157345,186.69291465019165,180.48491246964809,190.2278285660671,179.50033889868413,190.06647079395935,179.52664739239319,189.38497271503485,178.93648102511929,189.87080378591435,179.7745563551444,190.09868076559852,179.91854014879718,190.36996576820025,179.58632319146039,189.42582244591597,179.00201346267903,189.70330655420864,179.37931447075064,189.68235722587406,179.4986695372767,190.00936135369719,179.52580924329786,189.77059576985775,179.44150124871229,190.08100021176915,179.93731917421465,190.22390742197496,179.52330173279512,189.64400779463693,179.31712769278906,189.89542292409971,179.48240149075372,189.87808375952309,179.78915157186836,190.10450936535139,179.25828657442557,189.40018208590587,179.27204711044578,189.827054253255,179.29082266747162,189.60636872537933,179.46446061443157,189.89502342196531,179.39976285757552,189.76229586665721,179.43397524881235,189.73335620273454,179.38349481105249,189.93627265498068,179.54124260911723,189.50906039061175,178.96111322063763,189.50724004402912,179.16896009044279,189.38241288978719,179.12889452910503,189.6403379847861,179.12638701860229,189.53294005013223,179.67146933514135,190.14359827525359,179.20651467288604,189.11877683352108,179.00619727137254,189.83319383334214,179.46027680573812,189.74853645691999,179.58381568095768,189.92396308588798,179.29667583757248,189.71413716597118,179.54291543891625,189.71848680839406,179.06503492134436,189.52532009999297,179.31462018228626,189.51881013445683,179.06670775114347,189.51375000956526,179.06169273013791,189.34082368024121,179.31796237349275,189.92214273930537,179.19024662636298,189.51594086208615,179.93731917421462,190.168157767346,178.41937656369669,188.89300218455756,180.42439852148561,190.81605555959064,178.16226530285482,189.54781239040591,183.23449946478598,184.1151015161355,185.67655159186222,183.59575196700911
195.2601271659654,194.43719147764449,195.17598934233328,197.52506243791248,190.91058479748787,201.20782839984983,189.90505490896987,201.17693882732576,190.0673294443213,200.38783411298107,189.2054767740816,200.64190443641112,189.86870310889412,200.69083910987442,189.86966480511487,201.0986742171024,189.98949148055829,200.40587921392043,189.19649562558709,200.31130304587586,189.37812277296817,200.33490361104836,189.59044899252876,200.80971849267894,189.89178364365637,200.71114649616493,189.70802670256958,200.89024538825359,190.11244017533588,201.00512894258864,189.81184500287316,200.70212394569521,189.83137489948157,200.89926793872323,189.85343421241927,200.86993800196302,190.10559023326903,200.80069594220925,189.23555553929299,200.05723272244583,189.4454409848135,200.79340693485779,189.90764385090313,200.80971849267891,189.85133341490979,200.69483493834386,189.61932913084775,200.74776544027657,189.87882323818798,200.76407699809764,189.84072514119211,201.02543632887915,190.03725067910983,200.71114649616493,189.65480787699204,200.70385748881347,189.58794869288488,200.46107200120434,189.7582862007651,200.99783993523718,189.90119341097076,200.75505444762797,190.04626094428991,201.12400832539313,189.80638537584719,200.47009455167392,189.58868817154996,200.65092698688079,189.53433036517282,200.57595555553939,189.91572282878064,200.92686433236511,189.80308607193442,200.82603005050001,189.99279078447103,200.69483493834386,189.38562355141053,200.47009455167401,189.73270536635886,200.56866654818791,189.45254226112149,200.4994244884341,189.57606774261217,200.67452755205332,190.12540058080415,201.05476626563927,189.38611169583436,200.21602422824398,190.11533997711405,201.16635664109231,188.96747966510341,200.07683745914898,191.02091306332753,201.72569424676686,188.09260706379149,200.11830921790647,193.53635751900384,194.68920407766373,196.65445567528235,194.63457355136126
184.3613648444915,183.73030587180952,184.63877577000676,186.86325215807165,180.47989398025092,190.12657009101116,179.41937656369674,190.27490639883541,179.98073039515043,189.79558529349205,179.16979477114648,189.75686535631672,179.31629301208531,189.36294251878269,179.06420024064064,189.85818335697647,179.58548851075676,189.48342003060176,178.85886434972997,189.42480110360205,179.22780120880628,189.5629591692506,179.23700003850527,189.74961591211567,179.45776929523535,189.7369663664924,179.33506856911109,189.83171487601211,179.54542294941905,189.8848741759858,179.50452270737759,189.9992121077178,179.70567825798651,189.97388260755281,179.46362246533619,189.9886924762894,179.83757781380973,189.97462208621789,179.12471418880321,189.37306264807671,179.22947403860533,189.89502342196528,179.63474943340177,189.87586391080583,179.32921539901025,189.57563912379223,179.27455462094858,189.92035292213018,179.63056909309995,189.89394396676971,179.5829775318623,190.12619958507315,179.68941021146341,189.90625353586242,179.56838231513831,190.01226115547553,179.47905583115556,189.87157379398693,179.79417006126556,190.38813446645335,179.87847805585116,190.04552146562474,179.64516430982391,190.07804088438709,179.63307660360272,189.90730387437242,179.43480992951604,189.56656933300846,179.0053591222771,189.70151673703359,179.77288352534535,190.16383865433073,179.58465036166135,189.89724327068257,179.58716134055581,189.84442394723933,179.2728817911495,189.77750523752826,179.62806158259721,189.85093391277539,179.23030871930897,189.60710820404427,179.31796584188439,189.99165180367152,180.08381394676181,190.23510700646443,179.00117878197534,189.15527692197912,179.56838231513836,190.11388860325823,178.73114513420853,189.34267455623129,180.78998972096377,190.69591802430199,177.59050006337051,188.85246484673283,182.60594383436495,183.82823663672468,185.94721965308378,184.2466839487083
195.49681000085906,194.64104647415519,195.35894606198343,197.57070393249364,190.82268623003483,201.00339539947046,189.59431049052785,201.11498577492347,190.39399359561375,201.00512894258864,189.89928442209882,201.01814732152775,189.80613404160587,200.28197310911568,189.31944432036465,200.79340693485776,189.94139230547617,200.47009455167392,189.36143303204508,200.72416487510401,190.01951059967669,200.80242948532742,189.65915751941483,200.67852338052273,189.77460543575006,200.6948349383438,189.69605711000744,200.7567879907462,189.85093391277542,200.92686433236517,190.14461961756737,201.28279983119123,190.25173722178374,200.9268643323652,189.74381630855902,200.8829563809021,190.08858963250094,201.01814732152769,189.89357346083156,200.83002587896942,189.91134265695024,200.93588688283481,189.94855310738797,200.80069594220925,189.66933729480181,200.70212394569529,189.97388260755289,201.1403198832142,190.10015972292862,200.89024538825356,189.90480357472862,200.98881738476751,189.9825820128878,200.89024538825359,189.93013307489352,200.8829563809021,189.81002465629055,200.84633743679046,190.03179105208378,201.1149857749235,190.14100945380966,201.04174788670025,189.95836237683673,200.92686433236514,190.03719115350603,201.05077043716992,189.92652291113581,200.52702088207607,189.32058330116411,200.7201690466346,190.32806569880913,201.250176715549,189.80999553960504,200.52302505360666,189.70481604094618,200.91957532501371,189.93368371304766,200.95219844065591,190.14760806163497,200.97250582694645,189.70287793538887,200.60528549229954,189.65745634452901,200.90655694607469,190.38440654372084,201.1972462136163,189.44942024178744,200.33090778257898,190.24809794134043,201.29981403859969,189.10819755599965,200.21931740712591,191.11026147142519,201.73471679723659,188.05209730944117,200.08169027379483,193.49402883079267,194.63454003261279,196.60851682331347,194.61426616507077
185.38677722865629,184.24696515271378,184.48041795460409,186.45559890699664,180.25327155341998,190.01368199992382,179.23114340001271,189.99014231693403,179.81545659718583,189.94420346496511,179.54458480032363,190.1330495271398,179.58381568095768,189.48589121356022,179.10760799318479,189.95614252811961,179.66979650534228,189.63490888716768,179.1664491115483,189.86389431824378,179.61095538697876,189.65446790046141,179.06085458104252,189.59189883317327,179.42021471279205,189.73369617926511,179.25494091482739,189.62302793689486,179.31294735248721,189.92618293460518,179.87513239625298,190.39714473163346,179.88349654524833,189.83717450303811,179.18522813696583,189.56696883514292,179.19024662636298,189.63854816761088,179.46194963553722,189.97061242032558,179.58966885105852,189.87262413249698,179.49365104787958,189.92652291113575,179.55211426861524,190.06758077856259,179.89474610237417,190.24593761822712,179.64850996942207,189.83427470125983,179.39725534707276,189.8534342124191,179.54876860901717,189.91421334204296,179.45275080583815,189.63564836583262,179.17648609034271,189.60124907488384,179.24824959563114,189.69241782956428,179.5258092432978,189.9616021551457,179.43982841891327,189.73301622620394,179.51995607319694,190.0564101902693,179.61095538697882,189.58828866941542,178.8947461023742,189.57813942343597,179.7966775717683,190.15871900383513,179.23030871930902,189.24857547036513,179.14934638432163,189.97857222650617,179.64599899052757,189.93479369765066,179.69275587106159,189.99955208424836,179.37513066205719,189.66097786599761,179.29500647616513,189.8657146648265,179.85468054103649,190.15220903829919,179.17397857983994,189.61975916238978,180.20484184308697,190.62613004222035,178.96278605043662,189.21531669342724,180.40143915576633,190.58814958371005,177.89474263398247,189.5572221577203,183.52330866957857,184.48807502533506,185.98999299217314,183.73430953479206
196.36835275449423,194.96208246222977,194.92437698478471,197.04295854893059,190.70800832177227,201.16392044838676,189.75998737565089,200.8829563809021,189.88792214565734,200.57595555553937,189.65437925817216,201.11498577492341,190.24167661809361,200.81700750003037,189.7821062141924,201.10769676757201,190.12588872522792,200.76407699809769,189.77815607390394,200.93588688283481,189.80499506080653,200.33490361104839,189.25582491456629,200.65821599423225,190.0397509787538,200.86264899461156,189.65446790046133,200.50671349578559,189.54669945986959,200.71114649616496,189.96086267648053,200.98881738476751,189.92652291113583,200.62159705012058,189.4707109593746,200.38054510562966,189.3527932728033,200.37152255516003,189.6063687253793,200.73648060445564,189.80243523555876,200.73874288980693,189.83137489948155,201.04174788670028,190.26799693116484,201.2827998311912,190.22060811806222,200.97979483429788,189.80243523555876,200.71114649616496,189.70512690079127,200.80069594220925,190.00501171127442,200.8992679387232,189.67979740062631,200.4171640497413,189.41104169386489,200.42618660021088,189.45189142474581,200.50671349578553,189.74927593558508,200.72016904663462,189.6226284347604,200.55964399771824,189.69827695872459,200.80069594220927,189.91961344346521,200.66723854470186,189.33255289372607,200.42445305709271,190.02309176723821,201.01814732152769,189.40558206683886,200.06625527291544,189.60099774064253,201.00183576370657,189.79077650284188,200.53933661142776,189.85318287817785,201.02543632887918,189.9325447322482,200.80069594220922,189.77759387981746,200.86993800196308,190.27367877574673,201.28679565966064,189.6704762756012,200.56293717660029,190.55193289211198,201.67605692371623,189.34335297608123,200.09314901697007,190.7741875528182,201.61081069243184,188.14326606412141,200.41229166433013,194.08691798028465,195.26085741268997,196.90314047095825,194.42297452517602
185.6130103747378,184.32713377407447,184.3403702564012,186.41434967398123,180.46195310392883,190.26981727774742,179.37680349185624,189.75001541425007,179.25327155341995,189.41360151911246,179.20902218338878,190.22424739850547,180.10928429137556,190.07665056934636,179.50117704777949,190.04410062117654,179.58548851075673,189.80789486258479,179.60928255717974,190.18049786584609,179.5608563152384,189.49860028478736,179.11011897207925,189.98042168977452,179.8980917619723,190.05277090982594,179.41686905319395,189.67038763331203,179.27455462094852,189.6736274116208,179.29751398666787,189.58248906585882,179.16226877124646,189.56005936747223,179.27957311034572,189.71777644641455,179.37596881115252,189.68960667007528,179.29333364636599,189.71493617024024,179.41686905319395,189.85343421241927,179.52915490289598,190.08060070963478,179.91435980849533,190.23652785091272,179.60760972738066,189.77710573539386,179.35802793483043,189.76553564496623,179.35635510503138,189.85670439964659,179.70735108778555,189.95509218960964,179.25995940422459,189.45519072865861,179.1205338485014,189.5384286733545,179.17397857984,189.60099774064261,179.31127452268814,189.59479863495153,179.19275413686574,189.68013737715697,179.37764164095159,189.74597663167236,179.50117704777949,189.8483740875277,179.19191945616205,189.59300881777665,179.70902391758463,190.00794050924904,178.87847805585113,189.02001865810919,179.33590671820647,190.05893948610949,179.1910813070667,189.24792463398961,179.31378550158257,190.15516836568136,179.81545312879408,190.04916074606808,179.52413988189048,189.90881336111008,179.89892644267596,190.43768348218003,179.43564807861145,189.49567148681268,179.90394493207322,190.46838255435955,178.81294561829137,189.0572596379543,180.47989398025095,190.82000569987895,177.93982321632566,189.16752991140143,182.98575235293933,184.25180962065033,186.06351381407507,183.90195414450386
195.88520098027189,194.86478898651092,195.34009876726029,197.57070393249373,190.98401347273497,201.10196739598439,189.49990195753864,200.64190443641115,189.66652613531289,200.38054510562966,189.52597093636868,201.07107782346031,190.29918556049014,200.86993800196311,189.7520870950741,200.92686433236514,189.87447359576512,200.68181655940475,189.90730387437253,201.16062726950472,190.02818088832603,200.76407699809764,189.96811212068172,201.30310721748174,190.28968715088655,200.89024538825359,189.71527614677072,200.79340693485776,189.91455331857367,200.84633743679049,189.74276597004899,200.50671349578556,189.45840139028198,200.69483493834389,190.01226115547556,201.12400832539308,190.20937800416507,200.92859787548335,189.57020861345171,200.49040193796449,189.77855557603837,201.08738938128147,190.17574872128895,200.9431758901863,189.85670439964647,200.74776544027654,189.64144796938922,200.65821599423225,189.83862434368268,200.84633743679055,189.81869494493995,200.89024538825353,190.09402014284137,200.93588688283484,189.67362741162097,200.51573604625517,189.57637860245717,200.58897393447845,189.65480787699215,200.66723854470189,189.68960667007511,200.63288188594143,189.79697560853293,200.94490943330453,189.92726238980069,200.80069594220922,189.96737264201678,201.00912477105803,189.78145537781677,200.72745805398606,190.13199918862961,200.96521681959499,189.26918482216922,200.14678216849009,189.89113280728066,201.02716987199736,189.40188326079178,200.14678216849009,189.7584343686581,201.21355777143739,190.20454021731865,200.89926793872323,189.66476531433398,200.61257449965095,190.05262274193288,201.24288770819754,189.63613651025636,200.28526628799776,190.2064492061906,201.39838603511367,189.0322685811087,199.87969346612101,190.91453493777632,201.98479129219714,188.40915108579014,200.1255982252579,193.39237085360242,194.63454003261279,196.56499608869515,194.40497868587235
184.87407103657392,184.10366866175849,184.81982192281575,186.90450139108714,180.46028027412973,189.93735352289849,179.04374838542412,189.78540551810514,179.52330173279515,189.50215092294133,179.04542121522317,189.78540551810516,179.52162890299607,189.69787745659022,179.44066309961687,190.135949328918,179.71069674738374,189.78938618780111,179.45860397593893,190.03173152648009,179.50619553717669,189.85195525508917,179.85384586033277,190.46187400154557,179.79333191217015,189.67544775820349,179.15101921412071,189.77494541228054,179.58465036166135,189.98369187700172,179.54124260911721,189.71092650434798,179.25828657442554,189.91060317828527,179.76786503594818,190.13486987372244,179.73281796400764,189.81323531791386,178.96278605043673,189.26483517974629,179.29416832706971,190.19311829478397,179.93731917421468,189.85960420142479,179.14934638432155,189.44612093787472,179.06754590023885,189.61071836780215,179.45609646543622,189.89178364365631,179.52748207309693,189.96376247825881,179.6681236755432,189.90480357472856,179.3121092033918,189.61031886566767,179.2762274507476,189.69275780609476,179.35551695593594,189.74341680642465,179.3580279348304,189.79953543378056,179.62555060370275,190.04410062117657,179.46111495483348,189.77966556064158,179.6697965053423,190.17719856193338,179.5420772898209,189.76695648941433,179.60928255717974,189.94673276080513,179.14683540542714,189.58680971208531,179.77288352534532,190.06431047084601,179.0241346793029,189.35890373620484,179.60510221687792,190.2690472696749,179.67146586674968,189.63564836583268,178.95777102943117,189.34733364577724,179.42021124440041,189.98906144901628,179.04709751341389,189.23993571112345,179.87345956645393,190.52305122058175,178.83590498401063,188.95233147353665,180.31796584188442,190.80988557058501,178.12805638000964,189.40530468233453,183.12221361508395,184.1567502512853,185.77524733394802,183.60559453481039
195.71253244518513,194.79155109828773,195.38640812516726,197.61461188395674,190.91635528435901,201.05632590140317,189.62037946935783,200.98152837741603,190.09444876166125,200.67452755205332,189.60701956175501,200.82100332849987,189.78006506277598,200.57595555553931,189.8544845509293,201.25919926601867,190.24016713135609,200.80069594220927,189.74671611033725,200.83002587896942,189.68920716794085,200.71843550351639,190.17540874475836,201.31941877530272,190.02704190752655,200.57595555553939,189.51525949630286,200.65821599423222,189.78031639701715,200.83731488632088,189.92041244773409,200.80971849267894,189.83856481807879,200.98881738476749,190.04882076953749,200.80798494956076,189.7416269892496,200.81700750003034,189.82091479365693,200.66550500158368,189.73946666613637,200.84633743679055,189.82560441261035,200.56866654818788,189.54413963462179,200.64190443641118,189.71453666810578,200.727458053986,189.92217326871281,201.01641377840946,189.99921210771794,200.87896055243272,189.91640278184164,200.87393383043249,189.7749162955952,200.65821599423228,189.70515601747667,200.80971849267888,189.96157303846024,200.9105527745441,189.81258448153815,200.68355010252299,189.75322607587344,200.67852338052271,189.49604045953959,200.57595555553937,190.04626094428983,201.17693882732584,189.92612340900135,200.61257449965092,189.6990164373895,200.77709537703672,189.70941701761046,200.80971849267891,190.14180845807837,200.90326376719258,189.45979170532277,200.56866654818791,190.09444876166128,201.12400832539313,189.85044576835168,200.50671349578559,189.35072159197924,200.43347560756234,189.86926530298044,200.82273687161799,189.20960419894865,200.16309372631119,190.26435765072148,201.44402752969489,189.19828544276228,199.98728801310463,190.679779019829,201.57419174832026,188.24708436442501,200.60770211423986,194.24065580225303,195.2152159181087,196.65704326062436,194.12413759993331
185.22240401311322,184.25370509882742,184.65381165671215,186.85424189289171,180.70986206667999,190.32263660119062,179.44066309961693,190.02167092278987,179.62806158259718,189.83032456097141,179.58465036166135,190.15516836568125,179.54458826871533,189.56767931761152,179.31545486299001,190.05095056324333,179.62722343350183,189.64400779463691,179.21320599208235,189.68093638142579,179.22780120880628,189.73591602798226,179.75494264902323,190.20181770011894,179.54542294941908,189.68235722587409,179.33256105860838,189.79737511066736,179.42104939349574,189.8092851776255,179.44150124871234,189.77130613183721,179.47821768206012,190.06903061920704,179.71404240698186,189.8400743048164,179.37764164095151,190.21054751437217,180.2286393579017,190.38779448992281,179.58632319146037,189.55644920371452,178.88015088565024,189.32564342605562,179.27288179114947,189.99705178460454,179.70735108778555,190.0259915690165,179.82130976728672,190.30634636240205,179.68271889226719,189.76735599154901,179.40394666626906,189.97101192246015,179.5829775318623,189.77750523752835,179.31796584188442,189.88172303996632,179.76953786574722,190.12298892344961,179.46278778463252,189.4895304940035,179.04458653451951,189.48191054386413,179.04458653451948,189.57813942343617,179.64683713962299,190.16417863086133,179.56838231513831,189.58143872734894,179.08130643625907,189.55394890407078,179.29751398666787,189.8031747142239,179.50201519687488,189.62953790243105,179.06420024064067,189.64184747152365,179.54626109851441,189.86034368008987,179.33339573931204,189.65776720437412,179.2966793059642,189.78040503930654,179.6272234335018,189.73554552204416,178.72863762370585,189.2192958299118,179.77706386564716,190.13881860128882,178.62805811420552,189.08076879153657,180.33339920770376,190.51543127044252,177.95776409264775,189.85374813868691,183.92691123457581,184.72820192801905,185.93022618251607,183.44689607445974
196.06383765510736,195.01343708597972,195.37862147634976,197.74980282458239,191.30592847947031,201.35933089829649,189.6963679698525,200.7314538824555,189.67263659871472,200.71843550351639,190.19197931398446,201.45460971592837,190.16022849057296,200.53933661142773,189.48373089044682,200.7314538824555,189.70077725836856,200.44978716538347,189.55610922718387,200.6419044364111,189.61031886566775,200.72745805398606,190.11863928102679,201.16791627685623,189.989402838269,200.80069594220925,189.81298398367267,200.84633743679049,189.93658351482586,200.93588688283481,189.83106403963649,200.55964399771827,189.58208956372448,200.93588688283481,190.18555799073786,200.98881738476749,189.88632401663037,201.15160471903508,190.46156314170048,201.29182238166084,189.98363235139783,200.63288188594152,189.41070171733426,200.52302505360669,189.91961344346521,201.12400832539305,190.02528108654775,200.9431758901863,190.28391666401535,201.36506026988408,189.95796287470236,200.55062144724866,189.68309670453908,200.99783993523712,190.0686311170727,200.74776544027657,189.52176946183897,200.55964399771827,189.891384141522,200.99783993523715,189.76809547021392,200.31859205322729,189.34807312444224,200.65092698688079,189.77494541228069,200.71114649616493,189.91711314382118,201.07836683081186,190.08060070963492,200.8170075000304,189.66643749302344,200.55964399771824,189.56221969058561,200.63790860794177,189.77966556064149,200.59626294182988,189.43958185565316,200.35294871198769,189.4421707975863,200.54333243989714,189.74958679543016,200.79340693485781,189.78799446003833,200.7730995485673,189.98039257308898,200.69883076681319,189.13031639454124,200.33993033304864,190.33929581270621,201.11169259604139,188.8397527090832,200.07683745914898,190.96414359959601,201.74200580458796,188.46302074774343,200.92199194695402,194.39513310288652,195.08002497748316,196.49798751952707,194.24387563308738
185.38944704985704,184.40813887972345,184.76079426295374,186.96201033348373,180.79751572086366,190.21841879875274,179.16644911154836,189.624078275405,179.21153316228325,189.75754672210007,179.91854014879718,190.56603227837971,179.83757781380973,189.61503901402872,179.14600072472339,189.7792950547034,179.35802793483046,189.61287869091535,179.3955825172736,189.85448455092944,179.3605354453332,189.80854569896033,179.7090239175846,190.18296904880464,179.70818576848922,189.9355331763156,179.4235603723902,189.76769596807929,179.52079075390066,190.05061058671265,179.56420197483652,189.54959926164776,179.04625936431859,189.79086514513116,179.70902391758463,189.95506307292402,179.41770373389767,189.76834680445518,179.40143568737452,189.78065637354783,179.4619496355372,189.93013307489349,179.55918348543929,190.00467173474385,179.83925064360878,190.13233916516015,179.33674139891025,189.63746871241537,179.66477801594502,190.21227780594339,179.4669681249344,189.50471074818887,179.26702862104855,189.96521231890338,179.67397684564409,189.81289534138321,179.16394160104556,189.43918235351876,179.27873496125034,189.90548352778981,179.41686905319395,189.44214168090087,179.12638701860229,189.91785262248635,179.69108304126254,189.83717450303809,179.37764164095162,190.01803164234647,179.87513239625301,190.25784768518525,179.77706386564716,189.95145290916608,179.37429598135344,189.81545516663087,179.6288962633009,189.95870235336736,179.31378203319085,189.3321533915917,178.83757781380973,189.51591033267849,179.52079075390066,189.87981405109431,179.2762274507476,189.61898915431712,179.54040446002185,189.83640449496548,178.96613171003477,189.60457890820416,180.18606628606116,190.33170485876323,178.66728552644784,189.33940436900409,180.73616709199746,190.84894548429091,178.2319780807164,189.8679665761623,183.45526872151606,184.00699309901287,185.62411703863165,183.96871107315675
196.18106310332789,195.08210114186485,195.40241127641301,197.57070393249373,190.93261499374029,201.00339539947041,189.48438172682242,200.74047643292511,189.84121328561602,200.71114649616496,189.94309348036182,201.21355777143739,190.11212931549076,200.75505444762803,189.83532503976988,201.01814732152766,189.8700934239348,200.65821599423219,189.8867235187648,201.05476626563933,189.90153338750139,200.76407699809761,190.00251141163051,201.20453522096778,190.18836915022681,200.96850999847703,189.83757400517248,200.7387428898069,189.79623612986782,200.8992679387232,189.88857298203294,200.56866654818791,189.48117106519919,200.64190443641118,189.77750523752826,200.62159705012061,189.61972863298206,200.62159705012067,189.59300881777651,200.60355194918134,189.8910441649914,201.08738938128147,190.06326013233596,201.00512894258864,190.23001788537664,201.16791627685615,189.78577602404317,200.53031406095812,189.71709649335352,200.79340693485779,189.63598834236319,200.53204760407633,189.74316547218342,200.82100332849981,189.82841557209937,200.75678799074618,189.71857545068343,200.60528549229952,189.73400703911022,200.97250582694645,190.02423074803767,200.71114649616496,189.66782780806423,200.88295638090213,189.98008171324392,200.76407699809764,189.7394666661362,200.96348327647675,190.15442888701631,201.19325038514691,190.31609610624696,201.25017671554903,190.00646155191905,200.92686433236514,190.17358839817564,201.22258032190703,189.93047305142423,200.43747143603179,189.29855310491186,200.56137754083647,189.8986335857231,200.79340693485784,189.54669945986944,200.60355194918131,190.12184994265013,201.08010037393004,189.47540057832811,200.58324456289088,190.60845102160215,201.45131653704627,189.11899763835478,200.3015778458188,191.12948050818846,201.74200580458802,188.29768383915106,200.50184111037444,193.67383563159109,194.35686914401023,196.3229324370449,194.80955363343492
185.62725727778923,184.46164837761273,184.62399401178425,186.54133715133634,180.24992589382185,189.92183329218227,179.16979477114646,189.88601315678525,179.60844787647599,189.56551899449826,179.02162716880017,189.76593514710066,179.62806158259721,189.96342250172833,179.70985859828835,190.11061982875322,179.40060100667094,189.49820078265293,179.33506856911117,190.0260205652128,179.50201519687491,189.634258050792,179.4594421250344,190.19240793280451,179.81963693748762,189.9981617692078,179.58047002135956,189.95836237683699,179.50452270737759,189.81869494493992,179.37931447075067,189.63564836583265,179.24992242543016,189.65230757734818,179.19191945616208,189.44217079758636,179.19191945616203,189.81338348580707,179.49950768637217,189.88789302897177,179.72863762370577,190.11641943230975,179.42774071269204,189.73511702371337,179.68439172206627,190.34469579363926,179.85719151993086,189.8654038049813,179.27539277004396,189.50979986927683,179.01995433900112,189.59769843673001,179.50703368627211,189.79086514513122,179.24824959563111,189.64184747152376,179.362211743524,189.73665550664722,179.41352339359582,190.03725067910983,179.81712942698491,189.97317224557335,179.39976285757552,189.82230510869772,179.4594421250344,189.79012566646614,179.50284987757854,189.96811212068195,179.46111495483345,189.75143625869848,179.60593689758161,190.18660832924809,179.6272234335018,189.81110552420827,179.60760972738072,190.14535909623248,179.56503665554018,189.52787992524068,178.97989224605513,189.49677993820467,179.31880052258805,189.75001541425002,179.31127452268817,189.86506382845079,179.96362419953203,190.22208707539235,179.12471418880327,189.55679059296713,180.12805984840136,190.4104741098287,178.71571176838918,189.15635778989687,180.43314056810868,190.51543127044255,177.85802273224283,189.42835480817863,183.047939130901,183.74499869202873,185.59120518093241,184.08930684629658
196.14024113254123,194.88826657013786,195.04982476203816,197.17814948955609,190.69569875267968,201.01241794994013,189.58564020187839,200.84633743679049,189.97943087686824,200.43347560756234,189.14830780821555,200.5433324398972,189.95120157492505,200.93189105436537,190.08415134778869,201.06205527299079,189.69216649532297,200.2616657228252,189.47972122455462,200.83002587896937,189.67945742409583,200.40414567080228,189.8147448046515,201.26648827337007,190.17571960460344,200.75505444762797,189.77173475065715,200.99783993523724,190.0722412808305,200.87393383043243,189.71132600648227,200.62159705012067,189.77815607390409,200.88295638090207,189.77750523752826,200.52302505360666,189.64505813314716,201.02543632887912,190.2329176871549,201.14760889056564,190.19817841967563,200.98881738476757,189.59695895806485,200.51400250313699,189.86901396873924,201.26648827337019,190.39819507014352,201.10370093910254,189.86975344740412,200.63288188594154,189.52458062132794,200.76407699809766,190.10271954817622,200.89926793872317,189.58208956372454,200.41716404974127,189.50874953076675,200.56866654818791,189.67649809671366,200.83731488632085,190.02423074803758,200.9155794965443,189.8819743742076,200.92686433236514,189.92908273638344,200.85362644414198,189.99304211871228,200.85535998726016,189.4363711940297,200.18340111260176,189.53004024835394,200.8992679387232,189.87802423391906,200.64519761529323,189.82091479365704,200.97979483429788,189.92538393033627,200.74376961180712,189.74822559707493,200.64919344376261,189.59075985237388,200.65821599423219,189.79706425082213,200.91557949654432,190.201389081299,201.00912477105803,189.45519072865861,200.65248662264463,190.69305028514253,201.41469759293477,188.85931172237702,199.79916657054639,190.65700934491178,201.5212612463875,188.15011600618811,200.36838371286709,193.8246722390592,194.83168402564073,196.70476702191775,194.71538109341691
184.99617086703168,183.90583110921528,184.18826309021341,186.38612037203802,180.4210528618874,190.17500924262399,179.25242993593301,189.86355434171321,179.66728899483954,189.65446790046147,179.00452097318183,189.70256707554356,179.58381568095768,189.88743400123349,179.63140377380364,190.12693906373801,179.43397524881232,189.3969423075969,179.215713502585,189.96339197232072,179.3530094454332,189.49095133845168,179.5913416808576,190.44379394558172,179.80625429909512,189.58029974654926,179.11513746147645,189.88561365465065,179.72779947461046,189.96487234237287,179.35552042432766,189.66933729480184,179.52580924329786,190.18009836371172,179.70902391758463,189.79589615333714,179.45860397593904,190.24908875424671,180.04709404502219,190.26645844823099,179.75577732972695,189.95546257505848,179.30625603329088,189.63860769321471,179.4235603723902,190.01476145511933,179.71153142808737,190.03355187306275,179.62555060370278,189.97678240933121,179.56670948533926,190.12184994265013,179.93731917421462,190.07844038652132,179.27622745074763,189.44899162296747,179.12304135900413,189.63308854058494,179.34092173921198,189.75572637551738,179.41686905319392,189.84078466679591,179.62722343350183,190.1732484216451,179.75159698942508,189.94750276887774,179.56670948533932,189.73804582168779,178.87680522605206,189.12272697380934,179.16896009044279,189.95944183203224,179.56670948533929,189.79558529349205,179.58381568095768,190.15442888701625,179.75243167012877,190.23797781204647,180.04709751341395,190.21119835074782,179.43397178042059,189.73005689882183,179.42523320218928,189.85664487404259,179.56085284684664,189.89573378394473,179.25577906392277,189.94571295170255,180.4594421250344,190.43336283595355,178.41519622339484,188.79174370950156,180.34259803740281,190.6901475374309,177.83255585602083,189.13324967166028,183.04375879059927,184.42840575982521,186.43090936315349,184.3929279428462
195.34026684469526,194.36151906088887,194.88852527943246,197.38258248993546,191.11316127320347,201.3959498424081,189.78747719892908,200.96348327647681,190.10641835422345,200.86264899461156,189.86454515461952,201.00183576370659,189.80397371849261,200.48640610949505,189.81249583924895,201.23386515772791,190.0119211789449,200.48640610949505,189.69679658867253,201.10040776022052,189.94639278427465,200.70212394569532,190.06581995758364,201.41799077181682,190.29579761428823,200.79167339173964,189.54999876378218,200.62159705012058,189.84723510672828,200.93588688283481,189.82816423785818,200.66550500158371,189.9167136416869,201.21355777143739,190.13850915416575,200.85362644414201,189.9681121206817,201.35603771941445,190.50167339391655,201.18422783467724,189.92001294559955,200.83731488632085,189.87296410902763,200.89926793872323,189.90409321274907,200.7111464961649,189.60346892360099,200.63288188594146,189.79086514513116,200.90829048919286,190.03503083039274,201.11498577492341,190.23001788537667,200.97250582694647,189.62046811164714,200.46280554432246,189.60204807915269,200.77709537703669,189.89863358572316,200.7567879907462,189.64835743705973,200.68581238787417,189.95796287470239,201.14031988321423,190.11607945577904,200.85362644414195,189.80604539931664,200.67852338052276,189.4432211360965,200.47911710214365,189.90844285517198,201.05476626563924,189.87981405109434,200.85362644414198,190.22680722375324,201.28679565966061,189.99409245722242,200.98881738476754,190.35453417977348,201.24288770819757,189.79546612179519,200.55235499036684,189.62962654472028,200.74776544027662,189.9607740341913,200.90326376719256,189.54857791933389,200.67053172358396,190.60509219208572,201.32012142489017,188.70489394734733,199.69330556668092,190.84869568326104,201.78938084228744,188.03293779828167,199.76966272643185,193.27553262222662,194.93754502950614,197.28987596365408,195.23699347736598
184.55910418447007,183.72705169044872,184.35135464094992,186.75548371747959,180.7933353805619,190.54113280975673,179.62638528440641,190.12258942131521,179.67063465443763,189.85525455900188,179.64767182032662,190.05820000744447,179.08632492565627,189.08329808737676,179.2712089613504,190.34321542358714,179.75577732972695,189.48154157113743,179.16728726064372,189.95654203025421,179.54542294941905,189.78327572439949,179.5608563152384,190.1945682559178,179.94819083371272,190.17324842164521,179.43062958921422,189.51162021585964,179.23700003850524,189.98727163184125,179.6272234335018,189.79879595511554,179.56336382574111,190.15186906176859,179.60760972738066,189.75723586225502,179.505360856473,190.22069676035156,179.91519795759072,189.97073147153327,179.291660816567,189.74526626969279,179.63474943340179,190.13844962856197,179.60426406778251,189.58504889110665,179.02079248809653,189.45303040554526,179.12973267820041,189.57236893656494,179.35635510503141,189.8664541434915,179.58632319146042,189.77204561050246,179.12638701860232,189.40453172832881,179.17230575004092,189.77534491441497,179.49866953727675,189.69901643738967,179.19191945616208,189.67328743509026,179.52246358369973,189.99304211871228,179.54709577921807,189.79012566646622,179.41519622339484,189.78796534335294,179.31712769278897,189.76769596807955,179.62722343350185,189.92106328410986,179.23030871930894,189.75754672210005,179.89976459177143,190.15871900383533,179.12722169930592,189.28041493606631,179.29166081656703,189.75430553106909,179.02915316870011,189.23379471831419,179.05918521963522,189.733755704869,179.69359055176525,189.89036279920828,178.85301117962911,189.19322685108202,179.8187987883922,190.26034645161806,178.46027680573809,188.64013709396093,180.14683887381881,190.58993940088516,177.75242820173708,188.94653340319144,182.81629821467288,184.26121938796464,186.34576321947267,184.35528887358859
195.71253244518516,194.73862059635499,195.2666700920131,197.56168138202412,191.00860349423496,201.29737784589406,189.91736447806247,201.03445887934876,189.82495357623478,200.53031406095815,189.8624153609137,201.03445887934879,189.51090985387998,200.15407117584161,189.82196513216718,201.46363226639804,190.21008848663379,200.49369511684654,189.48669021782905,200.83731488632091,189.93729399729457,200.72745805398597,189.6071677296481,200.755054447628,190.24803841573666,201.47092127374947,190.14106897941332,200.51400250313705,189.50940036714249,200.98152837741611,190.11317965400076,200.8536264441419,189.90119341097076,200.98881738476754,189.89394396676977,200.66550500158365,189.66643749302347,200.72745805398603,189.78577602404337,200.70212394569535,189.67294745855958,200.81700750003031,190.16633895397462,201.17693882732578,189.89829360919245,200.50671349578559,189.48737017089024,200.57768909865763,189.56221969058552,200.40814149927158,189.47978075015843,200.58497810600903,189.74236646791456,200.65821599423225,189.5532094254055,200.38054510562961,189.45479122652421,200.56866654818796,189.63820819108031,200.55964399771821,189.68269720240468,200.86264899461162,190.01152167681053,200.83731488632085,189.68920716794082,200.7111464961649,189.91060317828521,200.88295638090216,189.73730634302294,200.72745805398597,189.99165180367149,200.87393383043246,189.51517085401358,200.59226711336049,190.15627835028437,201.05077043716986,189.43844287485376,200.15407117584158,189.52543927168978,200.584978106009,189.32771510687959,200.24535416500404,189.53052839277771,200.76407699809761,190.09677177672654,200.74949898339474,188.90866904995548,199.96594973328331,190.33920717041687,201.55891108402997,189.04275780361866,199.52149568194378,190.27823623215565,201.5049496885664,188.30749310859986,200.43762577262089,193.91618097027006,195.0107829177293,196.78098432045354,194.55902411615125
185.53737086521704,184.51058403698315,184.85141061010756,186.79127332346928,180.37680696024779,190.01584232303713,179.337576079614,189.89647326260987,179.27204711044575,189.46312153864298,179.54375011962006,190.32985551598421,179.6288962633009,189.69608763941497,179.7303104535049,190.51907208409693,179.8375778138097,189.75399608394602,179.39474783656999,190.1131796540007,179.88098556635387,189.94568242229502,179.06503838973603,189.47614146971515,179.7474131807316,190.67710002288433,180.05127785371579,189.67760808131678,179.12304135900419,189.91205301892967,179.64850996942209,189.84658427035248,179.44150124871231,189.92001294559958,179.60593689758159,189.89539380741411,179.35300944543323,189.60050959621884,179.27873496125031,189.85698485057327,179.56503665554021,190.00177193296557,179.81043810778857,190.11067935435685,179.37764164095162,189.52387025934837,179.25661374462643,189.8733040855582,179.54207728982092,189.74637613380682,179.27204711044578,189.63243770420925,179.31712769278903,189.80027491244533,179.4594421250344,189.69571713347685,179.27288179114944,189.68664734269311,179.29584115686882,189.71413716597127,179.54375011961992,190.11317965400085,179.73198328330392,189.79993493591488,179.18690096676488,189.71743646988389,179.61095538697882,189.95219238783116,179.33339573931207,189.77676575886321,179.77455635514443,190.13924863283069,179.33506856911117,189.6371578525702,179.64934811851745,190.17398790031007,179.52246358369973,189.86796363022893,179.77539450423978,190.11357915613524,179.4356446102197,189.80894520109487,179.56922046423372,189.98579267451103,179.70902044919293,189.76081549660512,178.61012070627513,189.22441548040717,180.22612837900724,190.78208630018381,178.86053717952902,188.74364453441947,179.98073039515052,190.67098802627152,178.29416485867802,189.77170870039419,183.48240842753714,184.31733801532053,185.84876815584985,183.77323914452222
196.18329504178044,195.05907858056091,195.33521192022098,197.46484292862834,190.79695722773559,200.96677645535888,189.62944926014154,200.77709537703674,189.59448777510664,200.43347560756237,189.90224374948085,201.42198660028615,190.37616487389133,200.968509998477,190.01877112101164,201.13529316121395,189.92322360722306,200.76407699809761,189.98082119190892,201.25017671554895,190.34173646625706,200.99783993523724,189.5944877751065,200.58724039136027,190.03716203682055,201.36506026988408,190.20471750189725,200.67452755205332,189.58899903139496,200.76807282656705,189.77059576985781,200.53204760407635,189.51630983481289,200.67852338052273,189.91745312035204,200.89197893137174,189.77929505470331,200.76807282656705,190.04154079592902,201.22258032190706,190.15476886354676,200.89024538825356,189.85019443411048,200.78438438438818,189.63854816761088,200.56866654818791,189.73119587962128,200.86664482308097,189.9720622609702,200.8919789313718,189.81693412396106,200.62559287859003,189.5893390079257,200.79340693485781,190.04049045741871,200.97250582694639,189.90224374948099,200.77709537703672,189.69068612527082,200.65092698688079,189.80132525095567,200.97250582694642,190.04916074606811,200.80069594220927,189.66097786599761,200.74776544027654,189.92942271291398,200.7038574888135,189.40558206683886,200.64919344376261,190.3023962221136,201.36506026988408,189.93948331660414,200.66550500158371,189.89764277281682,201.13529316121395,190.13660016529374,201.23889187972813,190.46560192427819,201.27048410183954,189.99514279573251,201.01814732152769,190.07926850747577,200.98881738476754,190.08486170976829,200.83402170743884,189.17560441013435,200.33993033304861,190.57075242674077,201.56117336938115,189.03621872139712,199.83578551465794,190.74743720820501,201.83328879375051,188.48184028237225,200.4398880579721,193.69009534097219,194.64356258308246,196.40835846494844,194.33573662611855
185.04378389451855,184.00619240824864,184.27271327496672,186.47259809504263,180.38015261984606,190.04157132533632,179.31043637359272,189.78870482201776,179.21487882188134,189.38787251681308,179.27120896135037,190.13304952713983,179.85719151993084,189.86861446660481,179.31545486298992,189.69966727376544,179.24992242543016,189.68880766580645,179.54876860901717,190.02488158441335,179.56001816614301,189.80604539931676,179.42188754259112,189.87876371258423,179.56503665554024,189.84152414546102,179.27204711044573,189.56261919272006,179.33506856911114,189.81653462182663,179.31880052258802,189.34807312444238,178.85217303053369,189.42150179968939,179.27622745074763,189.6168579478894,179.15101921412065,189.66683699515804,179.6426567993212,190.15482838915059,179.6288962633009,189.72644673506397,179.25494091482742,189.65480787699209,179.27455462094855,189.66137736813201,179.33088822880933,189.64545763528139,179.25494091482736,189.6736274116208,179.31712769278909,189.4970907980497,178.99866780308088,189.64505813314722,179.65185562902019,190.06252065367102,179.54207728982092,189.62953790243097,179.02413814769463,189.31663316087568,179.04291370472043,189.73730634302291,179.60760972738069,189.91020367615087,179.48323617145735,189.87296410902766,179.45776929523535,189.47506060179762,178.77539103584806,189.56221969058564,179.89641893217325,190.3793755355147,179.62973094400454,189.7387271874712,179.45776929523532,189.95250324767647,179.5036845582822,189.90400457045982,179.60593689758161,189.79367630462016,179.25410276573194,189.71197684285806,179.35552042432772,189.71709649335349,179.58465036166132,189.86864346280117,178.89641893217325,189.32271462808109,179.92523146799334,190.30085620596847,178.62136679500924,189.01055077791275,180.42272569168651,190.67999829145157,177.93815038652659,189.26378778716955,182.89809869875569,183.77106767085866,185.42696979931202,183.48542370116945
195.59681125980811,194.56337830877138,194.94625934812143,197.38258248993546,191.02702352672929,201.26075890178248,189.81610600300664,200.8829563809021,189.73955530842557,200.44978716538338,189.60957938700267,200.92686433236526,189.92473309396064,200.50271766731615,189.45189142474584,200.69483493834386,189.83427470125983,200.83331905785147,190.04191130186695,200.9431758901863,189.62154897956481,200.56693300506973,189.96416198039338,201.16565399150491,190.01112217467607,200.60355194918134,189.47293080809183,200.66550500158368,189.99520244182551,201.05077043716989,189.87626341294038,200.47009455167392,189.42656192458082,200.65821599423222,189.77676575886338,200.48640610949511,189.3784627494986,200.53933661142781,189.80425558214159,200.80798494956068,189.80169575689362,200.81700750003037,189.94534244576462,200.89926793872323,189.83171487601203,200.71114649616493,189.675847260338,200.57595555553937,189.58970951386374,200.66550500158368,189.78617552617769,200.58497810600898,189.43597169189522,200.66550500158374,190.12440976789796,201.09467838863299,189.81795546627484,200.39685666345068,189.22694477624742,200.22904260718303,189.40990271306543,200.71114649616493,190.00541121340873,201.00512894258864,190.10337038455199,201.13129733274459,190.01408150205822,200.55964399771824,189.3068238914268,200.72745805398606,190.32988604539182,201.25746572290046,189.88848433974366,200.72745805398603,189.93272201682674,200.89926793872323,189.65983888519816,200.53031406095815,189.65853721244676,200.53933661142779,189.43193290931754,200.34392616151803,189.30873288029889,200.44076461491383,189.9915631613822,200.98152837741608,189.35427223013326,200.32188523210937,190.3866555091233,201.45131653704635,189.1562967310818,200.09314901697005,190.86899558794187,201.68005275218565,188.29734386262044,200.46522216626281,193.77583358531203,194.55401313703814,196.17567301065733,194.10139568511036
185.25310031634783,184.27903459899241,184.67342536283334,186.94575062410269,180.89725708126855,190.52481357477191,179.56754416604301,190.04370111904223,179.58381568095766,189.77676575886335,179.52413641349887,190.13924863283074,179.58548851075676,189.50801005210158,179.10677331248115,189.9554916917439,179.79584289106467,190.18737833732044,179.99950595217626,190.28431616614978,179.42188754259112,189.68741735076554,179.7090239175846,190.37326507211293,179.75410449992785,189.82702525705864,179.50034236707583,190.18225868682504,179.96445888023581,190.23942765269101,179.58047002135956,189.77025579332704,179.52915490289604,190.24306693313432,179.83172464370878,189.81511519010036,179.31378203319093,189.97712238586175,179.73616362360568,190.00461220914002,179.5846503616614,190.1128396774703,179.83339747350786,190.12224944478459,179.60593689758164,189.93843297809403,179.54876860901715,189.98909197842394,179.68773738166442,190.16349867780016,179.81211093758765,190.00180104965105,179.40394666626904,190.00757153652199,180.01744682849838,190.34108562988132,179.54876860901712,189.59985875984313,179.20818750268512,189.78145537781671,179.5258092432978,189.95475221307896,179.58381568095771,190.01408150205816,179.83590498401065,190.4289841973343,179.96195136973299,189.93809300156329,179.33506856911114,190.07449024623298,180.04542468361487,190.20798768912442,179.39558251727371,189.71348632959558,179.56922046423372,190.00905049385204,179.43815558911419,189.78336436668863,179.58632665985215,189.94253128627548,179.39725534707279,189.58217820601379,179.04542468361484,189.67544775820343,179.89892644267604,190.30742581759753,179.25577906392274,189.58797922229246,180.16143409054291,190.62581918237518,178.98909107575412,189.35427376334459,180.62388124229545,190.88479461588418,178.29416485867802,189.85744694473397,183.48408125733619,184.11476153960498,185.60692330081503,183.70011714745323
196.17955884048436,195.08281836969795,195.45955615393331,197.64394182071695,191.06685191529658,201.18422783467727,189.53933084397133,200.72416487510401,189.84161278775036,200.74776544027657,190.02553242078892,201.29581821013025,190.05970949418207,200.41716404974125,189.40012243981283,200.91228631766228,190.06581995758364,200.94317589018627,190.24337779297952,201.38536765617459,190.04444059770714,200.67452755205332,189.84152414546097,201.08236265928124,189.9807325496196,200.89926793872323,190.16531761166064,201.31212976795138,190.23356852353064,200.9105527745441,189.63283720634365,200.60528549229952,189.91199349332589,201.2591992660187,190.2749063988355,200.96348327647672,189.98798199382065,201.29581821013025,190.37400455077807,201.01814732152769,189.79265496230622,200.77709537703669,189.80027491244556,200.78438438438812,189.87296410902761,200.91957532501374,189.95003206471804,201.03445887934879,190.25352703895879,201.28679565966061,190.15186906176859,200.88295638090216,189.77278508916731,200.97250582694639,190.26219732760825,201.16062726950472,189.85778385484215,200.67852338052276,189.85272372995047,201.11671931804159,190.19635807309291,200.93588688283484,189.75578590112124,200.77536183391848,189.96086267648062,201.1403198832142,190.20542786387676,200.91957532501374,189.70981651974469,200.84633743679049,190.13199918862966,200.91957532501371,189.50650056536409,200.38054510562966,189.68599650631742,200.81371432114832,189.71302718136812,200.75678799074618,190.11070847104244,201.14431571168362,189.97237312081535,200.83002587896937,189.83254299696645,201.07836683081183,190.5341636959933,201.27950665230915,189.42193041850931,200.36752672669056,190.45067441705606,201.47162392333689,189.04596846524211,199.9872880131046,190.924344207225,201.9504346334368,188.63375775775805,200.63703205100003,193.76426349488426,194.53770157921701,196.33214116641264,194.49209360338423
185.15834158544308,184.09574203344113,184.45607051314906,186.35428090633684,180.00368976086975,189.52787992524057,178.54123914072554,189.2449943028036,179.17147106933714,189.53689019042056,179.45943865664265,190.13048970189206,179.5036880266739,189.213836202886,178.813780298995,189.69494712540447,179.35635510503133,189.47608194411134,179.37847632165528,190.09575043441274,179.5224635836997,189.46056171339532,179.12805984840139,189.7257362525954,179.27120896135042,189.58103922521443,179.44317407851133,189.93988281873857,179.45693114613991,189.53472986730745,178.94401049341084,189.31333385696303,179.16477628174923,189.85158474915113,179.56838231513831,189.80203573342445,179.50284987757851,190.01587131923336,179.51995607319699,189.424061624937,178.77371820604901,189.2033455676538,178.94317234431554,189.45874136681257,179.33506856911109,189.7000667758997,179.16561443084464,189.5687296561216,179.50452270737762,189.96515279329955,179.35886261553415,189.46161205190538,179.10175482308392,189.65841804074992,179.40310851717368,189.68664734269313,179.16561443084461,189.46491135581817,179.25326808502831,189.89863358572305,179.58632319146042,189.72064713150741,179.25159525522926,189.70256707554364,179.33674139891016,189.64505813314713,179.31378203319093,189.60815854255455,179.04458653451948,189.39833262263772,179.27288179114953,189.61500848462114,178.94149951451641,189.20226611245823,179.12471418880321,189.57446961358525,178.98156160746242,189.39463381659064,179.442335929416,189.95605388583041,179.4168655848022,189.7614968623885,179.54626109851446,190.13776967550078,179.97738126716058,189.92541292653263,178.64850996942209,189.08539888488608,179.86137186023265,190.25454684806141,178.37178500245898,188.58657829185276,180.1305708272958,190.70276796636878,178.10593169499401,189.2196387523758,182.64684407640644,183.54967166051421,185.49639782311027,183.91225246927036
195.63016082800263,194.55235567846054,194.97670449336655,197.0592701067516,190.38461435770705,200.51000667466758,188.98007109784487,200.32761460369693,189.63144689130306,200.44978716538341,189.62543959424931,200.93588688283478,189.86546333058524,200.29828466693678,189.29701462197795,200.70385748881344,189.76124552814719,200.49369511684654,189.75103675656393,201.04174788670019,189.88709402470289,200.44076461491383,189.50545022685407,200.66723854470189,189.56221969058547,200.35121516886949,189.53549987538003,200.70212394569532,189.73872718747114,200.49542865996466,189.37309176476214,200.29099565958535,189.43233241145199,200.70212394569529,189.93414286127503,200.74376961180718,189.64721845626025,200.48640610949508,189.32351363234994,200.05723272244578,189.08073826212896,200.29099565958535,189.5401894943333,200.58497810600903,189.77420593361555,200.56866654818793,189.22654527411299,200.14678216849009,189.56477951583329,200.72016904663457,189.53038022488454,200.19242366307137,189.30037345149447,200.47911710214365,189.59004949039442,200.5230250536066,189.55576925065316,200.44978716538347,189.51662081514732,200.66550500158374,189.76701601501824,200.71843550351636,189.91310347792904,201.01415149305831,189.87552393427526,200.51400250313702,189.49820078265287,200.5320476040763,189.4197119825142,200.33490361104836,189.64110799285865,200.7567879907462,189.62913840029651,200.57595555553934,189.9131630035329,200.79340693485781,189.34767362230784,200.24535416500407,189.69506629710116,200.89926793872323,189.80524639504782,200.71843550351642,189.87487309789947,200.97579900582849,190.13913099434515,200.7314538824555,188.95312894459428,200.14278634002068,190.47489405310699,201.40740858558328,188.72041417806355,199.4066121276087,190.40451334753129,201.66147890901334,188.40767212846026,200.26807817323493,193.43941969017439,194.47175269834526,196.53229952477764,194.77062314233649
185.19239309235925,184.20595612166082,184.61675276594752,186.73706368498537,180.54040792841354,190.20579836981486,179.36220827513225,190.01226115547564,179.68522987116168,189.71999629513175,179.27790028054676,190.00615069207382,179.70651640708189,189.76414532992536,179.34008705850837,190.00905049385199,179.66728899483957,189.94395213072383,179.75326981922416,190.37261423573725,179.83507030330699,189.83973432828577,179.39892817687178,189.89542292409959,179.40060100667094,189.70117676050282,179.51995607319694,190.07232992311975,179.63056909310004,189.76158550467767,179.25076057452557,189.67658673900289,179.42188754259118,190.0683797828313,179.89558425146953,190.05607021373862,179.37764164095165,189.60059823850818,179.17230575004086,189.62592773867317,179.418541882993,189.9710714480639,179.6460024589193,189.94790227101231,179.60760972738066,189.85417369108427,179.13140550799952,189.40709155357646,179.33256105860841,189.8679926264254,179.27371994024483,189.36914162447366,179.0879977554554,189.69324595051853,179.39725534707267,189.82816423785806,179.58548851075685,189.97647154948598,179.58966885105855,190.03074071357383,179.6426567993212,190.05172057131583,179.86221000932812,190.36280496628848,179.7695378657472,189.82091479365695,179.42188754259115,189.95549169174387,179.48072866095464,189.75473556261102,179.54458826871533,190.11647895791353,179.6894102114635,190.15553887161943,180.06671121953514,190.23985627151089,179.25410623412373,189.46360968306666,179.41519969178657,190.09774806557394,179.69442870086067,190.01087084043482,179.68522987116162,190.15297904637171,179.90561776187229,189.99708090129002,178.91519795759069,189.5123902239321,180.31462018228635,190.60122916087536,178.58799602125947,188.69338503622402,180.10677678087288,190.78461559602385,178.37596534276082,189.86000676998171,183.56755457121807,184.49063485058284,186.26839799091005,184.42244778526197
196.01062650669357,194.95321757669552,195.30772209694285,197.67327175747712,191.23212929828503,201.46189872327983,190.03062154187683,201.24288770819754,190.2116269695677,200.83731488632088,189.76584650481126,201.00912477105808,190.07522972489807,200.75678799074623,189.65625771763661,200.8137143211483,189.92726238980072,200.88295638090213,189.99739176113511,201.16062726950472,190.21483763119116,201.02543632887912,189.93988281873857,200.91957532501374,189.88311335500703,200.97250582694645,190.24411727164443,201.36506026988408,190.27450689670096,200.96348327647681,189.80388507620327,200.88295638090213,190.02852086485663,201.12400832539305,190.193118294784,201.009124771058,189.8324543546772,200.86664482308103,190.0553002056661,201.20626876408591,190.28860628296877,201.21355777143742,190.13560935238749,201.00010222058836,189.93337285320246,200.89197893137174,189.85562353172884,200.83002587896945,189.94929258605293,200.86664482308103,189.66171734466263,200.5157360462552,189.68053687929137,200.91957532501365,190.05021108457831,201.02543632887918,190.10450936535148,201.16062726950472,190.19996823685068,201.10769676757195,189.98477133219737,200.88295638090213,189.93988281873854,201.00912477105803,189.99344162084677,200.93588688283486,190.05095056324325,201.10769676757201,190.04154079592894,200.93588688283478,190.00285138816108,201.00912477105811,189.93047305142423,201.04174788670019,190.353395198974,201.10769676757198,189.55459974044641,200.38054510562972,189.73014554111109,201.0620552729907,190.13842051187649,201.04174788670028,190.05319952864591,201.16791627685612,190.42383543015356,201.10040776022049,189.31160215266959,200.35121516886957,190.43185488242722,201.32914397535984,188.83472170087705,199.75525861908332,190.70294819688073,201.83555107910172,188.65908725792286,200.93101449742369,194.34015345633011,195.25183486222033,197.02029091877037,194.98634097853667
184.99815530575182,183.97909604738683,184.23650279065623,186.47324893141848,180.38266013034877,189.9499739518362,179.1827171580714,189.86099451646538,179.5717279747364,189.79623612986776,179.45358548654178,189.92717374751143,179.46696812493434,189.50610106322981,178.93480819532013,189.3899731938335,179.1714676009455,189.51946097083257,179.0846486274655,189.56287052696129,179.46194963553714,189.94599328214031,179.50117704777952,189.74307682989416,179.35468227523228,189.87256460689323,179.65101747992483,190.16954961559802,179.83423215421158,190.04006183859892,179.50117704777949,189.87907457242943,179.50284987757848,189.78426653730571,179.33590324981483,189.69275780609485,179.2958411568687,189.73366706257968,179.5387316302228,190.07224128083044,179.69359055176525,189.99190313791286,179.64767182032668,189.93658351482574,179.29416832706971,189.56582985434335,179.35300944543323,189.93658351482577,179.58883070196316,189.74301730429016,179.18940847726762,189.60411975997673,179.41770373389761,190.03750201335109,179.7524316701288,189.95756337256799,179.46194963553711,189.86676500333667,179.49783138818137,189.69275780609468,179.13391301850223,189.41169253024051,179.0378952153232,189.47827126342091,179.2353272087062,189.76223634105349,179.52079075390066,189.86025503780053,179.4406630996169,189.8284155720994,179.48156334165836,189.7245972717958,179.18940847726756,189.66708832939926,179.54375011961997,189.76038687778532,178.99950248378451,189.35989454911126,179.36220827513228,190.04756261704131,179.70400195979568,189.90400457045973,179.40561949606817,189.86281486304816,179.72110815541407,189.83060489140894,178.73950928320394,189.12408829265382,179.66561269664871,189.9568223606916,178.29500300777343,188.81482424426389,180.35552042432764,190.69912868592553,178.06503145295264,189.54155375911108,183.27288872793289,184.20041114165534,185.97427487229052,184.12349923363533
195.55972549031745,194.52490283999592,194.87448155146561,197.11393415180251,190.48837313240668,200.46436518008639,189.02137985646431,200.41716404974127,189.70046639852336,200.69083910987442,189.94565330560974,201.07836683081183,189.95981233797053,200.48640610949496,189.28766438026739,200.4171640497413,189.61867829447206,200.49542865996469,189.40089244788535,200.46107200120431,189.76084602601284,200.82603005050001,189.75828620076493,200.612574499651,189.68235722587423,200.72745805398606,189.76985629119258,200.89753439560496,190.13091973343418,201.00512894258864,189.79336544477488,200.62159705012058,189.60386842573553,200.55964399771833,189.62478875787366,200.72745805398603,189.82742475919315,200.62888605747207,189.55787004816267,200.52302505360672,189.4957004830091,200.57595555553937,189.95435271094448,201.01415149305831,189.74202649138397,200.41543050662307,189.56477951583321,200.91557949654432,190.06468097678427,200.8536264441419,189.7651956684355,200.80069594220933,189.94494294363025,201.04174788670022,190.06218067714016,200.76407699809761,189.56511949236398,200.52302505360672,189.58069924868363,200.43347560756231,189.36254301664837,200.29099565958538,189.35063294968987,200.38054510562961,189.56511949236389,200.72745805398603,189.88709402470289,200.70212394569529,189.57162945789995,200.63790860794174,189.86250400320299,200.69483493834377,189.42366212280268,200.44978716538347,189.83322436274963,200.82100332849978,189.55386026178132,200.53204760407627,189.91754176264118,201.12400832539311,190.11960097724767,200.89024538825356,189.70086590065773,200.59226711336049,189.78608688388837,200.62559287859008,189.0666969887429,200.09887838855764,190.10593020979971,201.01485414264556,188.69798447967688,199.88871601659062,191.02091306332753,201.89350830303468,188.31616339724928,200.23145922912335,193.54033818869968,194.70378209236659,196.77177559108588,194.8764841462019
185.07516558023403,184.16647953382355,184.63089626859585,186.7063632000837,180.33507203750281,189.74427545678651,178.85886434972997,189.59883741752941,179.39642066636907,189.75763536438939,179.65185562902025,190.34728473557229,179.89558425146953,189.83362386488409,179.27539277004396,189.88536232040948,179.62806158259724,189.86910261102847,179.39809349616812,189.87561257656449,179.62638875279819,189.94213178414108,179.42188754259107,189.78981480662088,179.52330173279515,189.94864174967717,179.52330173279506,190.00797103865645,179.83339747350792,190.06871975936187,179.34175988830739,189.518159298081,179.16477975014098,189.72113527593109,179.52664739239324,190.12844855047561,179.89391142167051,190.02062058427973,179.36471925402674,189.5348185095967,178.95442536983302,189.45815005604069,179.52664739239327,190.22103673688216,179.75159698942508,189.8332243627498,179.48407432055279,190.15411802717122,179.83507030330696,190.08685934092966,179.66728899483957,190.10601885208899,179.73532894290207,190.06186981729533,179.58381568095766,189.76198500681213,179.23281969820351,189.64804657721464,179.35886608392579,189.71172550861684,179.31127452268817,189.67047627560129,179.29835213576328,189.71422580826066,179.45944212503437,190.05897001551693,179.8367431331061,189.96746128430607,179.25243340432459,189.69796609887956,179.62806158259721,189.93056169371346,179.16896009044277,189.58979815615311,179.69192119035793,190.18018700600109,179.46111495483348,189.6502664259317,179.43815905750589,189.9895801228476,179.65185562902016,190.00871051732153,179.49783485657309,189.71638613137401,179.48992749065366,189.85241287010547,178.95442536983305,189.3105532268815,179.81880225678398,190.23081547692351,178.64683713962296,189.24360552097423,180.85886781812169,191.12864944130067,178.20985686409247,189.4552533206849,183.16980517632155,184.36478635402696,186.33225759867076,184.45067708720521
195.99226918931799,194.98711921313293,195.44959905156904,197.71717970894017,191.12723154278578,201.2900888385426,189.81067549266623,201.01814732152772,189.98699118091437,200.755054447628,189.96046317434622,201.35603771941447,190.32482592050019,200.85362644414201,189.78179535434725,201.01814732152764,190.01587131923336,200.73145388245544,189.72212608883737,200.99783993523721,190.21409815252611,201.05303272252107,189.88237387634197,200.75678799074618,189.75686535631678,200.83002587896945,189.95580255158902,201.02543632887918,190.10666968846473,200.95219844065596,189.790125666466,200.73874288980687,189.84368446857428,200.95219844065593,190.05311088635645,201.11498577492341,190.21193782941285,201.07107782346043,189.88996329707371,200.65092698688076,189.50979986927686,200.49040193796444,189.65446790046141,200.93588688283486,190.20542786387676,201.17693882732581,190.13594932891795,201.02543632887912,189.92652291113583,200.83731488632088,189.86645414349135,200.95219844065591,190.03034121143938,200.9431758901863,189.90986369962022,200.78438438438818,189.67112711197706,200.66723854470183,189.85778385484201,200.95619426912535,189.95580255158913,200.79340693485779,189.76627512363109,200.83002587896945,189.94639278427474,201.22084677878888,190.55813199780289,201.21355777143739,189.5893390079257,200.47009455167398,189.89798274934739,201.0710778234604,189.83492553763554,200.84460389367231,190.31510529334068,201.18596137779548,189.61386950382175,200.28197310911565,189.41946064827283,200.612574499651,189.83668635861449,200.93588688283484,189.83871298597194,200.62159705012056,189.92751372404209,200.99454675635519,189.38395137272104,200.21602422824392,190.20974851010322,201.39838603511365,189.21346569694774,200.21931740712603,191.09724154035291,201.91381568932511,188.3780219820687,200.53846005448605,194.04532877073854,195.21521591810873,197.14002895192442,195.03927148046944
185.35319304580921,184.29273866479267,184.58472262193891,186.75934521547885,180.68606455186529,190.45564589965826,179.67146586674968,190.19882925605123,179.68773738166436,189.8208261513677,179.58548504236504,190.30699719877774,179.79333191217017,189.71950815070812,179.31628954369361,189.91230435317107,179.39474436817832,189.40765374766289,179.02580750910198,189.87611524504726,179.87763990675577,190.15434024472708,179.54040446002182,189.57267979641014,178.9627860504367,189.48728152860102,179.39641719797737,189.87000478164558,179.44400875921508,189.82807559556889,179.6205321143056,190.20789904683525,179.90227210227408,190.17566007899967,179.64599899052763,189.8598555356661,179.38014915145428,189.71228770270321,179.24657676583203,189.58820002712616,179.34092173921198,189.70611771369758,179.14516257562809,189.54661081758016,179.52413641349875,190.13915999054137,179.66728552644787,189.72385779313072,179.21069501318783,189.61386950382172,179.27538930165227,189.79077650284171,179.56169099594209,189.97058330364013,179.64934465012576,189.9112540146609,179.25159525522923,189.51187155010081,179.35551695593597,190.00961268793847,179.60844440808432,189.68260856011528,179.20902218338878,189.72169747001763,179.43899026981785,190.16881013693288,180.25326808502834,190.27225793129841,179.06336209154526,189.23586639913805,179.33674139891025,190.17133943277304,179.75159352103333,190.09899162544369,179.95860571013492,190.02553242078901,179.02496936000657,189.29081551628704,179.14767355452261,189.72780793341929,179.56336035734935,189.94343345689251,179.23449252800259,189.31185489963278,179.2883116885771,189.92029327603709,179.00703195207626,189.26841634730789,179.91686731899804,190.57612187826606,179.04374838542415,189.22213751880841,180.33590671820647,190.46832290826666,177.77120375876291,189.46266545683801,183.42105633027913,184.42791761540155,186.1812835930003,184.21500796484622
196.06383765510731,194.92388763993534,195.1760450006341,197.47213193597983,191.0364332940438,201.26075890178254,189.80669623569221,200.97250582694647,189.95154155145562,200.76407699809766,189.9525032476763,201.16062726950463,189.98298151502217,200.57595555553939,189.65156809868324,200.88295638090213,189.81184500287316,200.43347560756234,189.4081418920866,200.78438438438815,190.17284891951067,201.10370093910259,189.91060317828521,200.45378299385288,189.17082614889165,200.32761460369693,189.71743646988398,200.80971849267885,189.76479616630127,200.77536183391851,190.04410062117651,201.29182238166089,190.40109487192186,201.25746572290046,190.09402014284134,200.76407699809766,189.53328002666288,200.41716404974122,189.37306264807654,200.45378299385283,189.80061488897616,200.91731303966256,189.79737511066725,200.53430988942748,189.62228845822986,200.77309954856727,189.77710573539392,200.64919344376256,189.74637613380679,200.80971849267894,189.82810471225429,200.78438438438815,189.84513430921885,200.93588688283478,190.10700966499516,200.99783993523724,189.73696636649248,200.58724039136024,189.8024352355587,200.96122099112554,189.86645414349158,200.5596439977183,189.54669945986944,200.55235499036681,189.5094003671424,200.76407699809761,190.30239622211366,201.12400832539313,189.55025009802335,200.37152255515997,189.77790473966277,201.07107782346046,190.04725175719614,201.00512894258858,190.15377805064054,200.85762227261137,189.50064143620381,200.7038574888135,190.11110797317681,201.16062726950466,190.19336962902534,200.92859787548338,189.40172056883966,200.09385166655738,189.54661081758022,200.85935581572951,189.43060070715859,200.42045722862332,190.56174216156083,201.72898742564894,189.45328173978652,200.21931740712594,190.76517728763829,201.39509285623163,187.94102956493631,200.26981171635313,193.78234355084811,194.73311202912672,196.57161723272091,194.59795460724968
185.25865801716105,184.25877704791844,184.58030150517681,186.76933176950618,180.6126316851695,190.11073900045,179.18522813696586,189.74390495084847,179.38182544964508,189.62197759838469,179.37596881115255,189.9052321935485,179.38015261984606,189.54604862349368,179.33256105860838,190.01234979776476,179.63308007199444,189.72008493742095,179.2482530640228,189.79712377642582,179.5658748046356,189.92911185306878,179.48574715035178,189.60099774064258,178.99950595217626,189.4932293000505,179.40143915576624,189.88897248416731,179.47738300135646,189.79632477215702,179.46613344423065,189.96055181663542,179.6894102114635,190.13495851601169,179.72947577280121,189.85969284371407,179.27539277004399,189.56304781153975,179.10761146157657,189.49322930005067,179.29333364636599,189.89187228594571,179.60844787647608,189.78080454144094,179.25076057452557,189.62922704258594,179.29835213576322,189.79962407606982,179.60342938707885,190.05285955211528,179.62973441239629,189.79021430875545,179.25076057452554,189.70481604094627,179.48574715035187,189.93272201682677,179.54124260911721,189.93528184207443,179.65102094831656,189.93602132073948,179.33423388840745,189.63829683336968,179.37847979004698,189.61114698662203,178.92105112769158,189.36624182269537,179.41770720228931,189.94938122834233,179.42188754259112,189.72329559904452,179.49950768637214,189.83831348383757,179.29751398666784,189.7330453428894,179.50285334597029,189.72113527593115,179.18857379656393,189.85969284371404,179.81629474628119,190.1154286194033,179.60760972738066,189.74390495084842,178.95944385923025,189.26748364728351,179.38098730054972,189.97940034746071,179.12555233789863,189.52469979302478,180.14851170361788,190.63812875146795,179.04625936431856,189.33585373085012,180.4594455934261,190.45184098132964,177.67146586674966,189.21651673304169,182.95945079601367,183.77081633661732,185.46377418786594,183.6368377181856
195.79640832521102,194.78168833843935,195.17717630426975,197.5707039324937,191.1185322579403,201.10925640333585,189.4456923190547,200.62159705012058,189.76704513170381,200.6288860574721,189.71049788552799,200.85362644414204,189.84263413006414,200.68181655940475,189.84689513019765,201.07836683081183,190.05857051338253,200.72745805398603,189.67038763331195,200.74776544027654,189.73551652584783,200.66550500158371,189.82486493394538,200.89926793872323,189.85994417795538,200.76407699809761,189.8596042014247,201.03272533623061,190.19092897547452,201.02144050040974,189.7702557933271,200.61986350700238,189.75069678003337,201.0124179499401,190.16164933502114,201.04903689405168,190.01803164234659,200.95219844065593,189.87876371258417,200.62159705012061,189.42622194805031,200.60355194918134,190.05783103471751,201.1566314410353,189.96086267648059,200.70212394569532,189.77460543574998,201.00512894258864,190.14967974245897,201.08565583816326,190.02059146759427,200.72745805398606,189.52387025934846,200.57595555553937,189.74168651485326,200.84460389367229,190.03935147661937,201.12001249692372,190.08100021176909,200.79167339173964,189.67254795642529,200.74776544027654,189.82560441261037,200.59400065647867,189.44538145920973,200.55062144724866,189.82668528052815,200.90655694607469,189.93843297809397,200.93189105436539,190.00467173474379,200.79167339173961,189.56438001369881,200.6451976152932,189.95006259412551,200.90655694607469,189.72280745462066,200.69812811722588,189.91137318635771,200.86091545149347,189.72206797595578,200.57595555553937,189.54348879824596,200.78038855591873,190.30520738160266,201.16062726950477,189.4457809613441,200.37481573404202,190.32263660119071,201.4219866002862,189.31003455305014,200.46765835896841,191.28571862980073,201.8478668084534,188.19642536409506,200.27710072370459,193.6072568984107,194.50837164245692,196.21257260124992,194.11770724293146
185.18881983026603,184.1797405777522,184.4872479955765,186.82626392518981,180.8717867366548,190.36123736666912,179.25577559553111,189.83782533941374,179.68773738166436,190.04006183859877,179.64767182032668,190.20138908129908,179.87680522605206,190.14348063676803,179.7745528867527,190.26210868531902,179.72779947461044,189.82437678952184,179.44317061011967,189.97777322223754,179.48156334165836,189.72351781660038,179.53873163022274,190.26830779101005,179.94484517411462,190.13407086945367,179.68522640276998,190.34605711248378,180.21571350258512,190.44160462627224,179.64349148002492,189.83714538635277,179.58465036166135,190.3308768582981,180.08966711686273,190.4122363435296,179.97738126716061,190.33374754339101,179.87931273655477,189.99625278033565,179.23030871930905,189.77667711657395,179.95944039083855,190.60688200926089,179.92188580839525,189.92174464989296,179.5796318722642,190.30915752189097,180.02915316870011,190.30190807768992,179.788313422773,189.93874383793903,179.38349481105249,189.92973357275912,179.70233259838838,190.12506060427353,179.84175815411155,190.27731805618996,179.72779947461041,189.90977505733093,179.58715787216408,190.0443519554178,179.43899026981785,189.65983888519818,179.50284987757854,190.27481775654607,179.97905409695974,190.18472986978341,179.73281796400761,190.21980911379333,179.89892644267601,190.19197931398452,179.60426406778248,190.05814189456271,179.98072692675882,190.50522403207049,179.87931273655479,190.05123242689211,179.77204537624999,190.25599822191739,179.66728552644781,189.89064466285691,179.58799602125953,190.39671611281332,180.39474436817827,190.41732546461731,179.23365437890718,189.59798030037874,180.00201346267903,190.47051376078738,179.10426233358672,189.87617630386228,181.33757954800555,191.33650825946378,178.33255412182498,189.72747102331115,183.44234286619937,184.35232861704122,185.86227377665179,183.67785093090561
195.91809765033665,194.6984462678513,194.82709132564091,197.2897398650091,191.14639105394528,201.31941877530284,189.60954885759512,200.81371432114835,190.15846766959405,201.10769676757192,190.02627189945397,201.14431571168362,190.24130611215546,201.0710778234604,190.04509143408282,201.09138520975091,189.91825212462081,200.58897393447842,189.68192719433205,201.01085831417626,190.03543033252726,200.62559287859003,189.55533921911123,200.82273687161793,189.98477133219734,200.81371432114835,189.78324519499182,201.07107782346037,190.41090414137062,201.28679565966058,189.99449195935679,200.81371432114835,189.86577277770823,201.06378881610894,190.24806741193285,201.23386515772788,190.12983886551635,200.97250582694645,189.99739176113516,201.05476626563927,189.97536156488289,200.91957532501371,190.12437923849043,201.20626876408596,190.03503083039274,200.82100332849976,189.90554305339373,201.10769676757198,190.18694830577851,201.12400832539308,190.12693906373809,201.04574371516966,189.9814720282846,200.96521681959496,189.97320124176963,200.9285978754834,189.99088179559905,200.93988271130422,189.78580502023948,200.74047643292505,190.0010310415785,200.97423937006465,189.63348804271939,200.50168677378531,189.89687276474424,201.38310537082339,190.53493229134372,201.22484260725827,189.97863175211018,200.91957532501377,190.0288608413872,201.15333826215328,190.10305940421776,201.09867421710229,190.40183435058671,201.57348909873286,190.33997564527832,201.09867421710237,190.25716631940205,201.43100915075581,190.25457737746908,200.85033326525993,189.68852580215747,201.03445887934876,190.51503330151931,201.25417254401842,189.53981898839524,200.54835916189739,190.42972367599941,201.41869342140416,189.3161740126483,200.61586767853305,191.48721423759864,202.04900662995072,188.41455106672316,200.69395838140213,194.20449569032544,195.20792691075724,196.93987059355945,194.76074194151721
184.79241214601578,183.52122263618679,183.48741842398047,185.76474917363947,180.04960849230832,189.74896507573993,178.77037254645094,189.37670192851999,179.39976632596716,189.68343668106976,179.12889452910508,189.51269967105509,179.18941194565932,189.40493123046315,179.04458653451945,189.5167384536328,179.02497629679004,189.03781685042389,178.73031045350484,189.55508788486992,179.3768069602479,189.22151426590682,178.50786836697574,188.99505813067088,178.83172464370881,189.0804563984801,178.65185562902016,189.29460296462332,179.33256105860835,189.68704684482739,179.17146760094548,189.28513367170518,178.71404240698183,189.04497765233575,178.91435980849533,189.50442888454015,179.11095712117464,189.2399938240051,178.95860571013492,189.69975591605464,179.52497456259411,189.58507800779211,178.9406648338128,189.27578342999453,179.00117878197531,189.465339974638,179.1935922859611,189.50658920765343,179.06169273013791,189.45849003257123,179.27706559984301,189.80067441457996,179.43480992951601,189.47145043803974,178.82298259708577,189.19328496396378,178.99783312237719,189.31487233989679,178.77455635514445,189.13907532547984,179.06671121953508,189.49791891900409,178.96027853993394,189.22478445313413,179.04207902401672,189.69574625016241,179.53082773269503,189.775344914415,179.14014755462259,189.2341942204487,178.88349654524831,189.47869988224085,179.16561443084461,189.52426976148277,179.40394666626904,189.86759312429092,179.26702862104855,189.43893101927745,179.23616535780161,189.79450442557433,179.33506856911112,189.2222246278865,178.50201519687485,189.16110552173228,179.42188754259115,189.72977503517302,178.72863762370579,189.08008742575331,179.58883417035486,189.92112139699151,178.41770373389758,188.89775132911461,180.12973614659214,190.04122840287249,177.31377856479918,189.10939912882534,183.1076183983599,184.08332157603823,185.98979272492423,184.26550348333708
195.48974305076217,194.33119124981454,194.58824373612808,196.90377177983558,190.57198158304078,200.72172868239844,189.08715958537573,200.40414567080219,189.85355338411611,200.6615091731143,189.51329239454904,200.49369511684648,189.44550063090668,200.14278634002071,189.24453668778747,200.59226711336046,189.68892683750326,200.14278634002073,189.00111048119086,200.49369511684651,189.95768254426483,200.57195972706992,189.20658675868475,200.11016322437854,189.22515495907234,200.09887838855764,189.11723835058712,200.39512312033253,189.77463596515756,200.71443967504703,189.71194784666176,200.51902922513719,189.24033521325777,199.92933078917173,189.09446867567004,200.42947977909296,189.56298969865804,200.32188523210928,189.43995236159128,200.73474706133754,189.90807388244502,200.42947977909296,189.02612912151068,200.04821017197614,189.42153232909689,200.61760122165123,189.68991765040954,200.40414567080222,189.25079531908224,200.30557367428824,189.62299894069861,200.90256111760527,190.04083184667132,200.54662561877922,189.12994742181434,200.12647478219958,189.43094209641123,200.41316822127186,189.28186489720008,200.17940528413234,189.39876265417959,200.58324456289083,189.76260684699162,200.58098227753962,189.35825289982924,200.29655112381857,189.65119912595628,200.84963061567257,189.70839720850776,200.2852662879977,189.30395461905599,200.49369511684651,189.56259019652379,200.54262979030983,189.78364623033738,200.68910556675624,189.43270291739029,200.24864734388612,189.40456225773622,200.45707617273484,189.47139232515798,200.13549733266927,188.86159121718714,200.13376378955107,189.96410386751157,200.96850999847703,189.23160539900468,200.12074541061199,190.18194923970188,201.26648827337013,189.07052949054585,199.9286281395843,190.43348354086152,200.87966320202005,187.48268831733526,200.03205295074423,193.64597683558588,194.57588015909243,196.6496194405812,195.01253373717711
185.5631948501192,184.76381791021404,185.46715311026253,187.59214046282099,181.20902565178039,190.64816177168385,179.50201172848321,190.30199671997906,180.23365784729882,190.42139477660268,179.91519448919905,190.46082366303543,179.92188927678697,189.93084355736232,179.58381221256599,190.61595180004457,180.46111495483348,190.29795793740158,179.52329826440339,190.41843544922065,180.52497456259422,190.77298892592577,180.01828150920204,190.26691747596936,179.79751572086377,190.18441900993835,179.89725361287694,190.61200165975632,180.31462018228632,190.53752264599908,180.12973267820047,190.68187969684928,180.14182038442164,190.212308335351,179.75912298932505,190.44450442805055,180.12304135900413,190.40868570537566,180.04625936431853,190.57075242674074,180.10510048268205,190.08711067517086,179.33674139891022,189.9098636996203,179.89641893217322,190.47634389375159,180.02497282839835,190.17210944084573,179.62555060370272,190.15328990621688,179.98239975655787,190.69339026167316,180.46278778463252,190.52956271932911,179.70567825798651,190.10559023326903,179.92105112769161,190.41266496234948,179.92188580839525,190.2795379049071,179.95526005053674,190.58593268092622,180.42272222329481,190.63406097269387,179.71236957718281,189.95944324475451,179.95191439093864,190.78347814843571,180.26330506382274,190.33164686637059,179.97320092685888,190.58707166172564,180.13307833779857,190.55995234438569,180.32921539901025,190.64023096169939,179.9465180039137,190.22856804473201,179.83172464370884,190.18842867583066,179.77371820604901,190.12548922309338,179.54626109851444,190.21807882222197,180.56001816614298,191.03415379923348,179.82130976728672,190.14897079320156,180.78747874206934,191.45306616040199,179.88265839615295,190.0527724430373,180.89307674096682,190.82688617135332,178.15185042643265,190.08205361670184,183.95861264691828,184.68917254372079,186.4577643151114,184.80093717631829
196.1866257905813,195.44560409597133,196.34999651294274,198.59583386932917,191.75019933699991,201.69063493841915,189.87392439252633,201.11342613915954,190.19613573504793,200.93259370395279,190.05373119332472,201.53357697573924,190.53397047463372,200.93259370395279,189.80814466361474,201.48064647380653,190.8443153909414,201.4513165370463,190.17460820727817,201.48793548115802,190.74265741375106,201.48793548115796,190.1746082072782,201.16635664109228,190.1996863732019,201.28350248077859,190.50343268168407,201.64846053007429,190.46483191620561,201.11169259604142,190.09793975372224,201.52455442526954,190.7176678901167,201.5662000913814,190.49732221828233,201.50824286744842,190.37363404483992,201.27221764495775,190.33238481182443,201.34545553318091,190.17031809045926,200.91628214613166,189.85815282756897,201.04018825093644,190.23072683463408,201.14102253280154,189.9655812916304,200.88868575248972,190.02888983758345,201.25590608713665,190.36348479886058,201.35274454053237,190.40402366989622,201.30883658906936,190.10808899970186,201.06778464457835,190.19928687106736,201.29252503124823,190.27592620793806,201.25590608713662,190.3009448482577,201.45131653704635,190.62573054008595,201.43500497922525,189.98730062803745,200.89597475984118,190.27197606764952,201.62312642178355,190.51830207602461,201.31612559642079,190.44311257979842,201.53357697573921,190.32908550791183,201.40567504246511,190.74265741375092,201.76560636976058,190.46218344866872,201.27221764495769,190.24383540799548,201.19395303473431,190.16445896129895,201.20297558520392,190.10817764199092,201.27950665230912,190.86264678114645,201.88448575256507,190.0860588034495,201.02543632887912,191.08339195511508,202.28103602397206,189.98900180292333,200.86993800196305,191.44599400077942,202.13526289711299,188.67932610378878,200.99367019941346,194.33401246352079,195.13139584365203,196.93970112556804,195.08219780003725
184.24078212868463,183.42292723349584,184.09783328455816,186.22223330409,179.9364844935109,189.40774238995203,178.40227036807832,188.75333309896018,178.24741491492739,188.3525007937555,178.36304295583597,189.38889232591575,179.16394160104551,188.75080380312002,178.08966711686273,188.92952973600069,178.9586057101348,189.15274609292771,178.75410449992791,189.20735523354602,178.87345956645387,188.8528017568409,178.2591212551292,188.72365395637229,178.58130470206316,189.04272868693315,178.8989264426759,189.15703620974674,178.50452270737759,188.54927766591436,178.30959822449736,189.11899763835484,179.0733990703396,189.34221399528181,178.9740356075626,189.13497689680909,178.50619553717661,188.72911358339832,178.52246358369982,188.91722016690792,178.48156334165824,188.74213351447059,178.54375011961997,188.97978923419606,178.65101747992477,188.70523392387793,178.08214111696273,188.43863854022962,178.46529529513532,189.13210621171623,178.8325593244125,188.87489147869695,178.46027680573809,188.87557143175809,178.54793045992173,188.81806248936164,178.5224635836997,188.86332138826927,178.51911792410161,188.82136179327421,178.50954119677479,188.95701955927896,178.80959995869324,189.05648809667045,178.46027680573803,188.73161388304226,178.65603596932201,189.1765661063551,178.74239469133431,188.96930001168622,178.78040952524523,189.07814790747372,178.47737953296479,188.94357100938672,179.06921873003785,189.45763138220948,178.78914810347661,188.90923124404191,178.63056909310001,189.02063896507721,178.68940674307171,189.04016886168557,178.62555060370278,189.00002961327337,179.04876687482127,189.36106252610699,178.34966378583511,188.62202650858958,179.23867286830435,189.61932759763641,177.97487028826617,188.33803243476069,179.82214791638208,190.03641961222212,177.30792192630656,188.50337087656433,182.0496119607001,182.95604161963524,184.90070701740171,183.32036017240267
194.83550876768678,193.81416727644935,194.28790653452293,196.56744101771261,190.10752987203787,200.35780152663364,188.94823304486596,199.95466489746244,188.82657161927025,199.52149568194375,188.92620284861374,200.52631823248868,189.64514830864763,199.81547812836743,188.52434920109528,199.87240445876964,189.22043634392264,200.10043802432142,189.2246973440561,200.21931740712597,189.14879748585074,199.70961712450205,188.59672753783215,199.72992451079256,189.01023991806781,200.00359957092576,189.15200814747399,200.01488440674655,188.91509190641358,199.79916657054636,189.03300959298494,200.22833995759558,189.389323890669,200.15736435472365,189.09233888196422,199.86111962294871,188.74759467470781,199.68428301621125,188.91219210463524,199.98728801310469,189.12090816043798,200.07683745914892,189.20701679022676,200.16638690519324,189.23123642627763,199.98728801310463,188.80186383879564,199.68428301621131,188.95017115042336,200.13879051155124,189.26958585751493,200.06781490867934,189.10174864927851,200.02390695721621,189.01419005835621,199.84480806512761,188.88109211759908,199.78285501272529,188.84561337145493,199.69330556668089,188.67851564188354,199.76254762643478,189.18674741495343,200.23962479341645,189.14043805704634,199.91405012488141,189.09597816240753,200.15007534737214,189.12087904375252,199.94164651852338,189.05728875463973,199.88142700923925,188.73633544412527,199.88871601659065,189.4143425309887,200.31788940363992,189.02607100862903,199.8267629641883,189.04827848945973,200.13879051155129,189.26372672835447,200.15007534737214,189.04537868768145,200.01088857827719,189.47392315420927,200.37481573404202,188.7262748404352,199.56140780493743,189.54960079485897,200.39685666345073,188.01932808964892,199.10290448112801,190.24102731492914,201.08010037393007,187.60350721840697,199.38542818437648,192.50215683936432,193.52714965708446,195.81599517116044,194.38106452089326
185.67729086081957,184.76682236014818,185.29657953722904,187.48775996843102,181.28208755763185,191.12399188496616,180.39056402787654,191.05093218244588,180.49076910814068,190.59950040251522,180.3471562753324,191.30416765849134,180.86555913731792,190.7101686448855,180.07963360646005,190.93696463616291,180.73616709199746,191.13735179256904,180.79082440166744,191.19560021363051,180.46697159332609,190.55319104460818,180.05751238983612,190.72827769704568,180.44568505740585,190.87223536625072,180.48156681005008,190.93952446141066,180.49950768637214,190.96704340137438,180.59301797904843,191.05605183294128,180.61886275289822,190.89216476499348,180.23867633669605,190.54992085738104,180.1681254097391,190.77563739346277,180.45860744433071,190.96084429568336,180.65269377811558,191.15401100408448,180.68690270096076,191.11893176007462,180.73282143239931,191.17283053871333,180.64934811851748,190.97386422675564,180.45860744433071,190.93261499374009,180.58883417035489,191.15691080586282,180.77372167444071,190.9930832635188,180.31211267178355,190.64543925448402,180.21237131137866,190.70834829830287,180.36053891372487,190.63997962745816,179.97571190575331,190.56871127532432,180.63308007199441,191.30015799259911,180.66896182463864,190.79627727467428,180.37262661994612,190.97750350719883,180.55127958791161,190.86933556447232,180.35301291382498,190.56044048880935,179.96278951882837,190.6830783237418,180.64684060801474,191.01224277467807,180.33925237780466,190.73333782193714,180.41687252158567,190.95183403050328,180.60844787647605,191.02165254199249,180.39893164526353,190.90299537675602,180.9168707873898,191.32983713518689,180.19443043505652,190.48408301558766,180.83256279280428,191.08604042265216,179.27706559984298,189.92232296981737,181.45693808292341,191.77478794577783,179.00786663277989,190.40306645282024,183.87346997162908,184.74248001158762,186.85615159185431,185.50832776190393
196.09856081112957,195.30757499878681,196.1032203900952,198.45908329293979,191.77839810953569,201.96501264813966,190.43102381553948,201.83328879375048,190.91996250218352,201.59050330614136,190.53450213931251,201.86088518739251,190.75823575734896,201.4114044140527,190.47557235246768,202.08562557406233,191.26174738205768,202.07260719512334,191.06343190647561,202.13855607599504,190.79362586120388,201.50095386009701,190.55051051445244,201.80795468545978,190.71473755893078,201.599525856611,190.69631752643642,202.00336513536948,191.10323129884651,201.98305774907902,190.74262688434342,201.73298325411835,190.84965584627051,201.82426624328082,190.45249181770538,201.35847391212002,190.66157825895712,201.99607612801805,190.87316499985272,201.63614480072258,190.62072852807609,201.77133574134817,190.7461775224975,201.81524369281126,190.87612432723478,201.96674619125787,191.02508247523849,202.01238768583914,190.73105679391566,201.57419174832023,190.68650825698776,202.06531818777185,191.09712083544466,201.68907530265528,190.33201430588645,201.3787812984105,190.45900178324138,201.59223684925954,190.68724773565279,201.57592529143841,190.32985398277287,201.52126124638755,190.96797303497635,202.1272712401742,190.79973632460556,201.47561975180628,190.45866180671095,201.68178629530385,190.70566776814698,201.64516735119224,190.56031978390129,201.37878129841047,190.23069630522653,201.50997641056671,190.79328588467337,201.7623131908785,190.61702972202889,201.60854840708063,190.56611938745786,201.52126124638755,190.54721121053964,201.64516735119219,190.53427992175685,201.78591375605106,191.36223726176308,202.32667751855334,190.48757106171539,201.39838603511367,191.24184839223321,202.08233239518029,189.59396756806399,200.73318742557368,191.58853070504705,202.51550161069898,189.26931545150234,201.61496085749033,194.7735341764932,195.36915460926096,197.20474420779374,195.59380600162143
183.04627056033371,182.32132093545528,183.07549766192716,185.33613058888102,179.15808496255292,188.50248016358373,177.4890858731666,188.17834530813133,178.26535232285778,188.36426257233143,177.92606268030542,188.23585425052792,177.76618873775732,187.84844137852994,177.81879532000056,188.67864627121673,178.4577658268436,188.32813298981131,178.00368282408641,188.53974872690324,178.1017513546922,188.20799545452289,178.15352325623167,188.59975796894361,177.97737779876897,187.95586984259134,177.8342286858198,188.64606732685064,178.61011376949173,188.66485774479398,178.03621891713246,188.32227386065102,178.30169085857793,188.56501870146425,177.76702341846109,187.88895113288035,178.0854833081691,188.72964524807716,178.13056389051246,187.85785114584425,177.47570670316571,187.99893800946737,177.84008185592077,188.19716484276009,177.95692941194409,188.23767459711053,178.10760452479309,188.47606979550105,177.91937482950087,187.90200018063805,177.7703690780591,188.50500945942386,178.27287832275786,188.1298466309147,177.62972747561278,188.02386800749798,177.79165561397943,188.0394477638178,177.79165561397937,188.0709168440699,177.73616015521407,188.14616586589975,178.12136506081339,188.43809074971301,177.96278258204495,188.06366739986876,177.77371473765731,188.06511724051339,177.70818230009746,187.99819853080243,177.81461497969872,188.10886677317262,177.81544966040235,188.21919503901236,178.06419677224895,188.27636400487839,177.89557731468611,188.14360604065212,177.79667410337666,187.94753953047257,177.6443226923368,188.03037797303409,177.77538756745639,188.41057193023849,178.72946883601773,188.85950341052529,177.73114166581684,188.01664909270428,178.66812020715153,188.82729343888607,177.12638008181887,187.38575048850578,178.71320425788647,188.99081000089569,176.8087548728144,188.47388342212483,182.06922219842954,182.39046359612081,183.83093959157063,182.21482587762461
195.25802590252869,194.26019727186272,194.73136611881287,197.16425455367531,190.81905001601407,200.7828051778591,188.92836470493822,200.19883611348115,189.71789856404484,200.6696551666422,189.61748273400195,200.48552955255334,189.27294622024274,199.99942983510198,189.29121808484382,200.68996255293271,189.62886101579238,200.00671884245344,189.0156124360156,200.44891060844176,189.60748165591582,200.41958067168159,189.65882060930682,200.69898510340235,189.4023453549525,200.01071467092282,189.15891914835589,200.61672466470949,189.96447590666105,200.77048944850736,189.57058206532312,200.55477161230718,189.84547735217197,200.73560404751399,189.29852705464876,200.11657567478824,189.59446172484363,200.75191560533509,189.40194585281799,199.79499683472261,188.76357546637354,200.02875977186216,189.34187708517373,200.37567272021852,189.39228475126239,200.1255982252579,189.18054984247371,200.32274221828581,189.34162575093245,200.14190978307903,189.36035664327213,200.53846005448602,189.46531392437487,200.08169027379483,189.12886949983005,200.31545321093441,189.40524515673064,200.10928666743675,189.03844163653679,200.08169027379483,189.27899715804045,200.33905377610691,189.46457444571007,200.43086550750243,189.52208338810652,200.4905562745536,189.50039316838502,200.15492816201805,188.89047430143933,199.93018777534817,189.33255596014877,200.49455210302298,189.51446343796724,200.41229166433013,189.57928147065812,200.53846005448605,189.43088551674072,200.26078916588347,189.29170622926767,200.18026227030879,189.18489948489642,200.19154710612963,189.28880642748936,200.53446422601669,190.08131413803673,200.85274988720025,189.11477011356212,200.21844085018427,190.37764831036588,201.15246170521152,188.56699028236275,199.44738123677882,190.32352731417134,201.38119792035087,188.33674669879031,200.54989922689603,193.66516840936421,194.1841827023313,195.92115982708924,194.28172390224967
189.31066665389179,188.16041541188542,188.3413207568195,190.68183323066094,184.68067857001546,194.38137369314921,182.91185576638435,193.69660530650827,183.46697853010943,194.10755786149616,183.45693808292336,193.97551025924926,183.15186429999946,193.57541743270968,183.21070194997125,194.11585764420738,183.31462711906971,193.36053138790135,182.75411143671124,193.86552196994023,183.46279472141595,193.82575310697675,183.20819443946854,193.87459176072403,183.17231268682431,193.55733737674589,182.94067177059623,193.79826328369862,183.45944906181782,194.00663936297087,183.236172294585,193.76898364324521,183.28999492355135,193.89992126088899,183.13141244478288,193.77148394288915,183.48240842753717,194.04893893449633,183.0838208835452,193.35186109925203,182.75662241560573,193.61194651736412,183.27121589813382,193.95018075908442,183.2966862427476,193.56384734228197,182.81462538487384,193.64378598306524,183.25244034110807,193.93642134934714,183.52581618008125,194.01058950325924,183.00285854855781,193.23178308956733,182.70903085436802,193.7389339947193,183.38099423733317,193.72517458498214,182.9193852346759,193.56745750603986,183.16729419742714,193.91834129338329,183.36138053121195,193.9617508495121,183.45777623201874,194.0952482924034,183.42189447937454,193.64668578484347,182.66813061232662,193.36127086656631,183.19359922274461,193.96683997059992,183.18690790354822,193.64199616589005,183.27707253662652,194.05473853805293,183.33507550589448,193.71542484113709,183.08633186243972,193.66550531947226,183.04626630110195,193.67201528500837,183.08465903264062,193.81924314144064,183.58800295804292,194.11875744598564,182.96028547671733,193.78197457812121,184.25411317090712,194.54525922788579,182.23198848589146,192.79624204629084,184.14768395969764,194.92761197499232,182.19275760525744,193.80477631565728,187.12723904126452,187.90832397187435,189.92798548447897,188.49387331026264
190.25060290083297,189.23586768576652,189.61639943122842,191.8736335329402,185.57700555050081,195.38129643125828,184.11646271449078,195.06371341966207,184.58183272194859,195.03438348290186,184.29842983840234,195.01078291772939,184.18787935500703,194.71280464283623,184.33390858454661,195.32507275044355,184.52281429281456,194.69649308501513,183.96207405614649,194.96687496626629,184.45333575785583,194.78604253105948,183.86513622731721,194.58160953068011,184.14694098183659,194.85701813393149,184.1122017143571,194.72408947865711,184.22219000366638,194.90092608539456,184.10785207193433,194.56130214438954,183.85828628525059,194.58160953068014,184.06154271402735,194.96287913779688,184.5293242583505,195.03837931137127,184.17548114362486,194.79506508152912,184.19182949529528,194.92123347168501,184.3686478520261,195.15326286570638,184.53222406012875,194.93754502950611,184.06515287778521,194.85928041928273,184.41899599251079,195.26814642004138,184.77019063969945,195.16228541617608,183.99502350645085,194.16145869410047,183.40716395244291,194.53770157921701,184.34951745755214,195.03611702602009,184.31477819007284,194.8592804192827,184.16937068022315,194.97416397361775,184.51084470025231,195.2681464200414,184.58609372208204,195.10762137112519,184.36759751351602,194.8316840256407,183.89805514821381,194.60694363897082,184.29200851515566,194.86830296975236,183.77973795950797,194.3202501998986,184.07391180872392,195.12566647206441,184.51621568498896,194.92852247903647,184.12457080905378,194.69649308501516,184.08357291027957,194.83168402564073,184.08983154157445,194.65085159043386,184.26337971107793,195.05642441231058,184.07786194901232,194.91550410009745,185.15078409903825,195.36342523767331,183.01932104890298,193.79579799521738,185.19468179959068,195.90418900017565,182.92871448830905,194.58802198108984,188.03531144922943,189.07369146721567,191.23477374432011,189.69405898131103
191.18954189328718,190.66520288029562,191.76980780045335,193.90036602857006,186.90711052715079,196.75104480986954,185.78875295474992,197.28308535163694,186.68802782597024,196.90492538028283,185.99556140821073,196.88714112957342,185.87005469177018,196.42193968898272,186.00546686720381,197.2094556384431,186.38059935379781,196.4913663755014,185.36744723450673,196.38083707171498,185.99772992968857,196.68456465385785,185.61830437774208,196.25609333586826,185.80619508400949,196.85703215099795,186.06715795348671,196.65203755793175,185.96850618900405,196.86123517767305,186.12303637888019,196.73228841515129,185.80963895617231,196.41256149162351,185.68428852937757,196.70056399524267,186.11963648432035,196.81109329902907,186.06715795348683,196.89393174159056,186.09834994840011,196.73746358583529,185.99772992968849,197.01366977474467,186.43864630066892,197.05719050936295,186.09618142692236,196.8110932990291,186.09061301088482,196.89651932693258,186.15659716252017,196.82030202839672,185.91819617964825,196.32293243704493,185.29712603991584,196.17567301065733,185.73676706021112,196.82030202839678,186.3380262819573,196.92404072016606,185.8197446824143,196.46125739692584,185.93603884340556,197.05298748268791,186.38059935379772,196.97435206680143,186.1755149097138,196.77419370843648,185.71912466370267,196.57840784473797,186.22582491906959,196.8109238310376,185.46737434967469,196.05351686015268,185.70754331952662,197.02029091877037,186.53512954367395,197.13082022255676,186.09041274363588,196.62192857935628,185.95298833637028,196.93066186419173,186.01107926084447,196.37583136902236,185.68428852937757,196.69377338322556,185.81974468241432,196.73504546848466,186.68822809321912,197.01591842410386,184.8426600705306,195.89221246969618,187.08661536996209,197.52964630200546,184.20262820600166,196.1564328667223,189.8798439966009,191.03478485394652,192.8289864892825,190.64403864280752
188.11385533418979,188.11279684194682,189.95773566916262,191.96964346049734,184.47758503120949,194.09277676266731,183.51020632119378,195.3654734145087,185.07165642600171,194.99391063236916,184.1329090009497,194.86891449236944,183.78264891183667,194.07877675183303,183.8087220723335,195.01139444034644,184.33690213944666,194.05089971171009,182.73440800445229,193.68050917972667,183.77151580356281,194.77936504632513,184.03371384338388,194.32699472212985,183.75441960989338,194.72412299740557,184.19834457166377,194.8235536442692,184.25609371602272,195.10607901169081,184.65296984122094,195.37060853980879,184.58200398559833,194.71769264040375,183.63295823577985,194.3334250791317,183.89297717767639,194.70381561111509,184.19834457166368,194.74043455522667,183.88356741036193,194.34973663695283,183.77151580356281,194.79336505715938,184.43013421161695,195.0026525363578,184.24496060774891,194.70381561111509,183.84636114159116,194.22999860379869,183.44560553398722,194.38635558106441,184.20006791262307,194.80955363343489,183.85795000683021,194.10139568511036,183.3275908417925,194.38635558106441,184.31808260481782,194.88522605019051,183.72662310843705,193.90610821674622,183.38189330423268,194.62069652207259,184.33690213944661,194.96603359224616,184.34760244723361,194.68750405329399,183.61457150163795,194.46947467010691,184.40362825063315,195.02527146963513,183.86563643318522,194.23744527608557,183.81216875425238,194.9863409785367,184.73377826464491,195.35673151052009,184.37755509013618,194.6787621493053,184.11408946632093,195.07820197156786,184.27491325065148,194.37992522406259,183.63295823577988,194.46190501627444,183.72662310843708,194.53871672986071,184.54046247745666,194.92584082277156,183.22712810023239,194.22470754362755,185.24785306304224,195.22584999817045,181.91542156903279,194.00562889182984,188.07645430947613,189.09407358383874,190.21411457323978,187.31592573236222
