204.75146375793813,203.06949426177744,202.33851820013157,204.82127749940682,198.47182182341433,208.83202042597227,197.03690755849763,208.6083726809243,197.22436322901984,208.78104121601112,197.42751392012221,208.2731928499251,196.51612019409066,208.13984202278147,196.82492131546763,207.98106692816518,196.75880274035529,208.64769038886749,197.29048180413218,208.23387514198191,196.86513855311068,208.64769038886749,197.18414599137682,208.23387514198191,196.97147436586607,208.64769038886749,197.07781017862143,208.23387514198191,197.07781017862143,208.82035892395425,197.36208072749065,208.2731928499251,196.58155338672222,208.02038463610842,196.79018442607068,208.31251055786834,196.94146344511216,208.27319284992515,197.00217066910068,208.52823300219438,197.07781017862143,208.10052431483834,196.47521757396683,208.27319284992515,197.46841654024601,208.99302745904112,197.36208072749062,208.27319284992515,196.58155338672222,208.27319284992515,197.36208072749062,208.99302745904112,197.46841654024601,208.44586138501191,196.86582393559144,208.31251055786828,196.86582393559144,208.02038463610836,196.50591387720149,208.10052431483828,197.0471138753868,208.78104121601106,197.60476327375528,208.6083726809243,196.65650751376219,208.0612066068951,197.1085064818561,208.64769038886743,196.94077806263144,208.23387514198191,197.21484229461146,208.64769038886749,196.83444224987605,208.23387514198191,197.32117810736685,208.8203589239543,197.11871279874524,208.27319284992515,196.82492131546761,208.27319284992515,197.11871279874524,208.64769038886749,196.93057174574224,207.94174922022199,196.86513855311068,208.51433956172386,196.58155338672225,207.85937760303952,197.46841654024604,209.06150563575309,196.47453219148608,207.70060250842323,197.81812028174681,208.62213544637908,194.52903687905155,207.5104350065856,201.11741000133119,202.36966117774637,204.34498953170009,202.09871400840495
203.06949426177769,201.53542373935952,200.98710414486214,203.59326011610668,197.32926281468235,207.55681963241179,195.74946511787002,207.17230610804859,195.81793158474281,207.36771655795829,196.19151765989386,207.15126305295399,195.62920573990621,207.20333490453706,195.87650029662967,206.8206616624187,195.53690982862591,207.33023896349704,196.04719378690683,206.94039969557281,195.63708466681922,207.33023896349704,195.94701894871352,206.94039969557281,195.7372595050125,207.33023896349704,195.84684411052021,206.94039969557281,195.83743434320581,207.52564941340677,196.18872181435074,207.09833255102129,195.51226355229522,206.92566401593447,195.79811545272617,207.25626540646977,195.91957682683969,207.04540204908858,195.66167050665214,207.05256807489445,195.7271060773661,206.84999159917885,195.41208871410191,207.04540204908858,196.16915861938992,207.57857991533947,196.06898378119664,207.04540204908858,195.5122635522952,207.04540204908858,196.06898378119664,207.57857991533947,196.16915861938992,207.24081249899831,195.85414125612573,207.25626540646977,195.86355102344015,206.97859451786718,195.56656601473534,206.99247154715587,195.80269507572649,207.27816711191397,196.09642590307044,207.17230610804856,195.47097079954239,206.8874691936401,196.00132141115364,207.38316946542975,195.70252023753318,206.94039969557281,195.98175821619284,207.33023896349704,195.6023453993399,206.94039969557281,196.08193305438613,207.5256494134068,195.9442231031704,207.09833255102129,195.75676226347554,207.09833255102131,195.9442231031704,207.33023896349704,195.63988051236234,206.60979830503751,195.63708466681919,207.29276136903579,195.52167331960962,206.76142378502976,196.39922491838371,207.80962767746561,195.19503212479543,206.43168104484408,196.75330823507173,207.62881148467773,193.65853327371551,206.42635530128305,199.90131315428448,201.06327666695034,203.01818052417192,200.86366113802893
202.33851820013101,200.98710414486251,200.67420315106548,203.45952307462821,197.26033581209967,207.38339358432509,195.46960100949326,206.77575248342401,195.37613428141222,207.00581878241795,195.99005113051396,207.18781366642384,195.89648618986817,207.4872167924793,196.05770811194844,206.79858044784314,195.34927932945439,207.1026454327577,195.83498127135604,206.74118268393616,195.44216241065067,207.10264543275767,195.74209819015977,206.74118268393619,195.53504549184694,207.10264543275767,195.64921510896346,206.74118268393619,195.62792857304325,207.33271173175149,196.07678214878791,207.06807563326979,195.53888684312378,207.00573536402266,195.93575757971354,207.39496858260335,196.01843672210305,206.94833760011565,195.32636394133812,206.62116400430111,195.37834678049299,206.71827130112183,195.44600376192747,206.94833760011568,195.89879690151369,207.24046352187557,195.80591382031741,206.94833760011568,195.53888684312375,206.94833760011565,195.80591382031741,207.24046352187557,195.89879690151369,207.17840389910947,195.9664538829482,207.39496858260335,195.98774041886844,207.12547339717676,195.75777233243937,207.04058580999157,195.58702833100185,206.80324230670232,195.52957528837413,206.77575248342407,195.31616000253135,206.83343089381211,195.96098367947536,207.22238346591175,195.49414524980554,206.74118268393622,195.78299843220117,207.10264543275761,195.40126216860926,206.74118268393624,195.87588151339745,207.33271173175143,195.82882920843369,207.06807563326981,195.78683978347797,207.06807563326973,195.82882920843369,207.1026454327577,195.35543139237674,206.35194946535549,195.44216241065067,207.19947208309745,195.56017337904402,206.82635091760241,196.41924702253442,207.6666846572947,194.92171228962997,206.25745260612055,196.78136958000513,207.83284813469592,193.92487178145726,206.50363095820015,199.7552947000616,200.80396231262301,202.74290672404624,200.69225504166403
204.8212774994071,203.59326011610662,203.45952307462875,206.37512375013918,200.06532184522919,210.24184141881108,198.10782105935849,209.5627674441555,198.00407680871754,209.75817789406528,198.54987360138233,209.91696939986335,198.54778732793167,210.36645017320313,198.79329980797897,209.63929851126076,198.01678587994465,209.98291828073513,198.61275352851555,209.6922290131935,198.22482198268625,210.03584878266784,198.52445545892806,209.6922290131935,198.31312005227375,210.03584878266784,198.43615738934056,209.63929851126079,198.28168008870713,210.08877928460055,198.67958359593723,209.91696939986338,198.32582912350085,209.95358834397499,198.67017382862281,210.24757079039867,198.74255216535977,209.86403889793067,198.05087431104832,209.48050700546267,198.12325264778528,209.72155894995365,198.3478593197531,209.86403889793067,198.44556715665499,209.86403889793067,198.3478593197531,209.86403889793067,198.44556715665499,209.91696939986338,198.46759735290721,209.95358834397499,198.43615738934056,209.91696939986338,198.56925533009749,210.14170978653326,198.60399459757684,210.00651884590769,198.60399459757681,210.05216034048894,198.36667885438192,209.6759174553724,198.2495006464755,209.75817789406526,198.21220155374843,209.88035045575177,198.80262093300405,210.17832873064486,198.26897101748,209.6922290131935,198.56860449372181,210.03584878266781,198.18067294789253,209.63929851126079,198.5371645301552,210.08877928460055,198.42409915448914,209.91696939986338,198.58131356494894,210.05944934784037,198.65416545348296,210.08877928460055,198.21485002128549,209.3616276226582,198.21541221537186,210.01224821749528,198.13991185930081,209.62628013232174,199.16578517275477,210.55127843687936,197.54329337435422,209.04160841835645,199.55371671858407,210.94053970093492,196.92199622561841,209.55616151562629,202.54521350509845,203.53682919718463,205.55713587161063,203.62725668065164
198.47182182341365,197.32926281468235,197.2603358120993,200.0653218452284,193.87178673665468,203.68455610692891,191.93564981280704,203.09780500431282,191.93480819532002,203.21754303746701,192.20651814127751,203.06778588519447,191.99699497328163,203.5123677230585,192.3939131558661,202.984947442633,191.83088649461328,203.5123677230585,192.56002163453448,203.30726195150271,192.18522813696561,203.63210575621258,192.47654832065263,203.30726195150271,192.26870145084749,203.63210575621258,192.39307500677074,203.1875239183486,192.08130643625887,203.42952928049698,192.33088822880913,203.27977212822449,192.14349321422051,203.37202033810038,192.33088822880913,203.49175837125452,192.41436154269098,203.37202033810038,192.06001990033866,203.16944386238481,192.16477975014075,203.37202033810038,192.30960169288889,203.37202033810041,192.16477975014075,203.16944386238478,192.06001990033866,203.37202033810041,192.41436154269098,203.49175837125449,192.33088822880913,203.37202033810041,192.14349321422051,203.16944386238478,192.0813064362589,203.25228230494631,192.12220667830027,203.27977212822449,192.35217476472937,203.54926731365106,192.33088822880913,203.39010039406421,192.39307500677074,203.53985754633666,192.26870145084749,203.48450892705341,192.68522987116145,203.74243402205227,192.22612837900701,203.30726195150274,192.51912139249308,203.63210575621255,192.14265506512515,203.18752391834863,192.33172637790449,203.42952928049695,192.08046828716351,203.27977212822455,192.39391315586613,203.60208663709417,192.60091840818421,203.75184378936672,192.33172637790449,203.10468547578711,192.16394160104539,203.36513986662615,191.68522987116145,202.86268011363876,192.87262488575004,203.98696868004075,191.37262315155422,202.44558809905308,193.26870491923916,204.40406069462642,190.89306980418323,203.11264834839054,196.26787370692713,197.21514425337449,199.24857860194942,197.49356924202527
208.83202042597256,207.60975013434427,207.50313161747988,210.43725186872078,203.9146224059235,214.23802065652092,201.90035215632122,213.65751867837926,201.92029607912278,213.71044918031203,202.02009018947533,213.29758735108382,201.57521189533583,213.69413762249093,202.05153015304197,213.26096840697221,201.6454299089595,214.02473901302622,202.57312183371457,213.87652969346158,202.17578052057084,214.16721896100324,202.36508573097294,213.68111924355185,202.03401229116452,214.02473901302622,202.27678766138547,213.62818874161914,201.91032411772201,213.74706812442361,202.0206523835617,213.57525823968643,201.95447315251573,213.710449180312,201.98591311608237,213.66480768573075,202.0995406858348,213.85292912828902,202.16316009163302,213.90585963022173,202.31152692886479,213.99540907626604,202.27348835747273,213.85292912828902,201.98921241999508,213.52232773775373,201.86617508292824,213.85292912828902,202.39652569453958,214.04833957819875,202.30822762495205,213.90585963022173,202.07421118566987,213.57525823968643,201.8086661405317,213.46939723582102,201.74248690948573,213.48570879364212,202.03006215087612,213.88954807240066,202.2232288592773,213.95879013215443,202.46344440425051,214.0776695149589,202.05934179132947,213.71773818766349,202.33034646349361,214.0776695149589,202.10019152221048,213.8235991915289,202.52897279892082,214.22014946293592,202.13163148577709,213.73404974548458,202.29495635963858,213.88954807240063,201.86608644063892,213.57525823968646,202.1090390954385,213.9058596302217,202.36564792505931,214.16721896100324,202.26746653636039,213.64450029944024,202.14104125309149,213.81301700529539,201.41406193721434,213.14937803151926,202.71159075920815,214.45061922119339,201.1719374033691,212.71620881600063,203.02393330667707,214.77792743284658,200.64214898584413,213.52474435969421,206.34064440383938,207.32528225563297,209.48885730195468,207.69009257312237
197.03690755849675,195.8692031510241,195.7404693379633,198.54987360138128,192.45609993382777,202.22266666518991,190.58382261774085,201.64532532988818,190.54040792841334,201.64532532988832,190.58382261774085,201.17325366874601,190.08214458535429,201.498097473456,190.500349303859,201.08100545887015,190.16561789923614,201.90541074800049,191.14600766150664,201.81063324228435,190.76954133413872,202.01573901384018,190.79166601915432,201.36858070026057,190.33256452699987,201.69342450497044,190.70819270527244,201.46082891013646,190.41603784088176,201.51617752941976,190.41603784088176,201.34109087698238,190.437324376802,201.49084802925483,190.35385106292011,201.33168110966798,190.4782246188434,201.72091432824863,190.83340094189941,201.95098062724247,190.99867473986407,201.95098062724244,190.83340094189941,201.72091432824865,190.47822461884337,201.33168110966795,190.35385106292011,201.72091432824865,190.9577744978227,201.95098062724244,190.87430118394082,201.84065236140276,190.70819270527247,201.54366735269795,190.39475130496152,201.31360105370416,190.18774258425177,201.23076261114267,190.41603784088176,201.62650579525948,190.66561963343199,201.75781391884126,190.93816079170151,201.81316253812452,190.37346476904128,201.27417216727142,190.52079769068385,201.7028342722848,190.5412460775087,201.69089520913033,191.10343458966619,202.1354770469942,190.72864109209732,201.70030497644473,190.93732611099782,201.83849203828942,190.41519969178637,201.34109087698241,190.43816252589735,201.51833785253299,190.62388124229523,201.80375277081018,190.66645778252735,201.48831873341464,190.72864109209732,201.75818289156814,190.04124781170455,201.07847616303005,191.22864282629317,202.29501293930792,189.72864109209732,200.55105588260466,191.37514106723202,202.49070894354918,189.20651467288587,201.37944337464228,194.60595077114814,195.51013946488402,197.53900334619536,195.85350857622976
208.60837268092456,207.3147860560255,207.09806699229438,210.08877928460052,203.7171045218881,214.13060001689163,201.84790180560489,213.54107548828034,201.76618775121614,213.59400599021313,201.967639838759,213.27971615749885,201.58027048701607,213.67626642890599,201.99907980232561,213.14452521687329,201.49132158105289,213.81874637688301,202.31809500728261,213.58098761127403,201.91134392682449,213.81874637688298,201.89807266151104,213.0020452688963,201.27001421299778,213.34566503837067,201.80977459192354,213.27971615749888,201.64588752397566,213.39859554030335,201.64588752397566,213.2267856555662,201.69003655876941,213.39859554030335,201.60173848918191,213.1738551536335,201.61444756040905,213.45152604223605,201.8893137305723,213.64693649214581,202.05650010243286,213.64693649214578,201.88931373057227,213.45152604223608,201.61444756040905,213.12092465170076,201.48200045602781,213.45152604223608,202.02176083495354,213.64693649214578,201.92405299805162,213.59400599021311,201.9020228017994,213.50445654416876,201.81372473221191,213.39859554030338,201.5702985256153,213.1738551536335,201.64588752397566,213.39859554030335,201.64588752397566,213.27971615749891,201.80977459192354,213.39859554030335,201.38975224615191,212.94911476696359,201.5663483853269,213.39859554030335,201.63317845274855,213.47512660740864,202.26453620517447,213.87167687881563,201.75686662619106,213.47512660740864,202.23309624160783,213.87167687881563,201.78830658975767,213.22678565556623,201.5476174929874,213.17385515363344,201.57632034672767,213.3985955403034,201.62320649134779,213.19745571880603,201.98693292518487,213.84807631364313,201.54826832936308,213.18443733986697,202.6497306411774,214.28124552916177,200.90750080962275,212.36773623188037,202.64916844709106,214.42945484872632,200.37771239209781,213.2658212216183,206.07620781009317,206.99312122933378,209.08174997320748,207.26151343236069
197.22436322901916,195.92825985058252,195.62571607396211,198.41139008326124,192.41435807429932,202.32760935366653,190.78998972096358,201.87651601705505,190.76786156755628,201.99625405020927,191.06085804943405,201.82116739777177,190.78914810347652,202.26574923563581,191.24825306402263,201.76365845537524,190.66393986684957,202.18075046996103,191.16477975014078,201.77306822268963,190.76869971665167,202.07042220412131,190.81043810778843,201.24601691499106,190.12304135900399,201.57086071970093,190.72696479390657,201.62584036625734,190.66477801594493,201.77559751852979,190.66477801594493,201.62584036625734,190.72696479390657,201.80092701869472,190.64349148002469,201.51551210041765,190.49866953727658,201.59835054297912,190.62220494410448,201.71808857613323,190.76953786574705,201.71808857613323,190.62220494410448,201.59835054297912,190.49866953727658,201.39577406726352,190.37262315155425,201.59835054297912,190.74825132982681,201.71808857613323,190.64349148002469,201.70867880881883,190.72696479390657,201.80308734180801,190.87345956645376,201.8859257843695,190.70567825798634,201.61643059894294,190.66477801594493,201.66526925269008,190.4151962233947,201.32885535755256,190.49699670747751,201.5708607197009,190.35300944543306,201.31293562470205,190.53956977931796,201.68118898554062,190.56001816614284,201.74557839941147,191.10259297217914,201.97817399424537,190.47654485226096,201.64392042222119,191.16477975014078,202.27515900295015,190.89390795327864,201.62584036625736,190.49783485657287,201.42110356742842,190.41435807429934,201.58027048701535,190.45693461453146,201.47608321398488,190.99699497328166,202.33050762223348,190.76953786574703,201.7357996593702,191.70567825798634,202.6459416596289,189.95609473124026,200.7916563370859,191.60259470637499,202.75012893265927,189.47654138386929,201.66129306213895,194.8513452866132,195.69036029187586,197.62573741985324,195.88255389716861
208.78104121601137,207.36771655795809,207.00581878241866,209.81110839599793,203.33728107062191,213.85292912828905,201.75565359572906,213.59400599021308,201.8859257843703,213.69986699407855,202.08737787191316,213.47512660740861,201.81033678600994,214.01415682679274,202.44113234434948,213.63391811320673,201.90804462291183,214.01415682679271,202.2511762975717,213.44579667064846,201.82850548426305,213.9246073807484,202.12813896050488,213.25038622073873,201.50949027930608,213.59400599021311,202.03984089091739,213.52805710934135,201.88536359028393,213.64693649214581,201.87595382296954,213.47512660740864,201.92951262507768,213.69986699407849,201.95154282132989,213.47512660740864,201.76167541684143,213.36926560354323,201.61981854514576,213.27971615749891,201.65134715100172,213.27971615749891,201.61981854514576,213.36926560354323,201.76167541684143,213.33264665943162,201.62922831246016,213.42219610547593,201.87200368268114,213.47512660740864,201.74896634561429,213.42219610547593,201.752265649527,213.47512660740864,201.96095258864429,213.69986699407852,201.92010285776325,213.47512660740864,201.88536359028393,213.50445654416879,201.55363931409983,213.09159471494064,201.6325276163729,213.45152604223605,201.68673725485675,213.38557716136432,202.00840092735075,213.68355543625739,201.74350671858829,213.43850766329703,202.07136949677331,213.59400599021308,201.47796167345015,213.33993566678308,202.26999583220052,214.03046838461378,202.01837288875154,213.47512660740864,201.78709355929564,213.3692656035432,201.68664861256744,213.45152604223608,201.63261625866221,213.30331672267144,202.21699922417872,214.18596671152989,201.89807266151107,213.43277829170944,202.76946867433156,214.38710653302718,201.02723884277691,212.5631466817901,202.87923474608493,214.67779580056879,200.61718845840608,213.5141621734607,206.3062741090869,207.18853167924357,209.20148800636161,207.31444393429337
197.42751392012136,196.08118939405409,195.74046933796328,198.26229835999092,191.99783659076871,201.93509142379952,190.58382261774085,201.85731157291818,190.81127625688381,201.88480139619654,190.85469094621132,201.61530621076983,190.60259470637496,202.17021631447363,191.29166775335014,201.93978104275283,190.91603610668591,202.34746329002428,191.18690790354805,201.75312429988779,190.79082787005893,202.34746329002428,191.31211614017499,201.93037127543849,190.87430118394082,202.25521508014836,191.22864282629314,202.02261948531438,190.95777449782267,202.07796810459766,190.93648796190243,201.9028814521603,190.97906103374291,202.17237663758684,191.14516951241129,202.10545792787588,191.01996127578431,201.87539162888206,190.62471939139058,201.55307712001238,190.49951115476361,201.55307712001235,190.62471939139058,201.87539162888208,191.01996127578431,201.99512966203616,190.89558771986106,201.99512966203619,191.01996127578431,201.99512966203616,190.89558771986106,201.88480139619648,190.77037948323408,201.81788268648549,190.93648796190246,202.08737787191208,190.97906103374291,201.9122912194747,190.95777449782267,201.95823007144355,190.66561963343196,201.58056694329059,190.72947924119268,201.93290057127862,190.85301464802058,202.01320971799998,191.31211614017502,202.25521508014833,190.79082787005893,201.7003049764447,190.87513933303617,201.84790180560381,190.49867300566822,201.73504424392405,191.22948097538853,202.28995434762763,190.93564981280707,201.90288145216033,190.9798991828383,201.96039039455681,190.87346303484543,201.92349080396428,190.68774431844759,201.72779479972286,191.24909121311802,202.52254994246167,190.83256626119572,201.64026673820797,191.49951115476361,202.53448900561614,189.99950942056776,200.99310842462847,191.89559118825272,203.0524995187271,189.74825132982681,201.9412339498202,195.12640089216882,195.95219200690784,197.80987167466583,195.97324660938386
208.27319284992538,207.00878310497686,206.86549915755478,209.58636800932805,202.89053890964456,213.29758735108388,201.25825243442191,213.19016671145451,201.53359215638216,213.19745571880605,201.52305800089505,212.88316588609177,201.25542668230619,213.42219610547593,201.87681247333137,213.07857633600153,201.43597296176958,213.5573870461015,201.84602334614044,213.07857633600153,201.55901029883643,213.78941644012284,202.15562878378304,213.40917772653683,201.74896634561421,213.69986699407849,201.94759268104144,213.30331672267144,201.62527817217168,213.47512660740861,201.81119543637178,213.39286616871576,201.77975547280516,213.52805710934132,201.86870437876834,213.58098761127403,201.99174171583516,213.47512660740861,201.53698010258424,213.0020452688963,201.26211393242096,213.0020452688963,201.53698010258421,213.47512660740861,201.99174171583516,213.52805710934132,201.74896634561424,213.47512660740861,201.87200368268105,213.47512660740861,201.74896634561424,213.33264665943159,201.54968917381134,213.19745571880603,201.69145740321767,213.47512660740861,201.74501620532584,213.30331672267144,201.73560643801139,213.4221961054759,201.58112913737796,213.10790627276171,201.54968917381134,213.22678565556618,201.4172420694301,213.25038622073873,202.03589075062891,213.61031754803415,201.45809180031114,212.97271533213615,201.61521756848163,213.36926560354317,201.48953176387775,213.26669777855986,202.00050064677387,213.56467605345287,201.54630122760932,213.25038622073876,201.81458338257383,213.38557716136427,201.60381017000586,213.2267856555662,201.36312107323559,213.07857633600153,202.04191257174128,213.87167687881569,201.42600100036884,212.73495656652722,201.97508250431963,213.74221530977769,200.67490521478877,212.3913367970529,202.81447635948717,214.50598591583156,200.35710304029382,213.19987234074651,206.01144942349546,206.9108607906409,208.84244337489071,206.83419656997521
196.51612019408992,195.5094677067521,195.62561786139739,198.33580108490085,191.99699497328169,201.75245887088573,190.29082613586311,201.58027048701527,190.58046655296772,201.6330898104585,190.60259470637499,201.34767489218132,190.3521712963377,201.79225673004535,190.78998972096358,201.28075618247036,190.20567652379052,201.67251869689122,190.66561616504032,201.37516471545953,190.56001816614284,202.10516147160064,191.0813064362589,201.69747922432927,190.66477801594493,201.90258499588504,190.72696479390657,201.45800315802106,190.47738300135634,201.81974655332351,190.9356463444154,201.87256587676669,190.78915157186822,201.75282784361255,190.66477801594493,201.84723637660176,191.01911965829729,201.93007481916322,190.64349148002472,201.43051333474284,190.28998798676776,201.43051333474284,190.64349148002472,201.93007481916325,191.01911965829729,201.83782660928733,190.64349148002472,201.71808857613323,190.74825132982681,201.71808857613323,190.64349148002472,201.59835054297912,190.47738300135634,201.51551210041762,190.66477801594493,201.81033678600912,190.72696479390657,201.66057963373666,190.72696479390657,201.81974655332351,190.68606455186517,201.55025136789698,190.51828324339775,201.40302351146462,190.14432789492423,201.34767489218137,190.81043810778843,201.7922567300453,190.33172290951285,201.28075618247041,190.66394333524124,201.90258499588498,190.72779947461026,201.75498816672587,190.95609819963195,201.81033678600909,190.43564461021958,201.550251367897,190.76870318504334,201.64249957777281,190.43564461021958,201.41243327877908,190.24825306402263,201.40049421562446,191.0182815092019,202.14459035803338,190.31127452268797,200.93058287759561,190.72696479390657,201.96046291100839,189.76869971665167,200.92805358175553,191.87346303484546,202.79427796745298,189.2891463692807,201.38312758806296,194.60176349406296,195.49503326036137,197.3067276035047,195.34539686322799
208.13984202278178,207.15040440260415,207.36747875932585,210.36645017320311,203.72435396608927,214.02473901302625,201.78567271484741,213.76581587495025,202.18075046996179,213.96122632486004,202.22772525687125,213.50445654416876,201.7647669067679,213.95393731750858,202.37890325359194,213.51174555152022,201.69389805676855,213.7128853730176,201.96829067513474,213.38557716136432,202.00359213670043,214.23889721346259,202.50796241177116,213.67053705731837,201.92405299805168,213.81874637688298,201.97761180015985,213.36926560354323,201.77287500133093,213.87167687881569,202.43302424978648,214.03046838461381,202.22433731066917,213.68355543625742,201.8043149648976,213.64693649214581,202.23374707798359,213.9246073807484,202.09189020628793,213.59400599021311,201.8264338034391,213.59400599021311,202.09189020628796,213.9246073807484,202.23374707798359,213.64693649214581,201.80431496489757,213.64693649214581,202.1414988681077,213.78941644012284,202.03438126389139,213.59400599021311,201.79169453595978,213.50445654416879,202.0163012079276,213.81874637688298,202.06986001003571,213.64693649214581,202.06045024272132,213.87167687881569,202.1454490083961,213.69986699407852,202.01235106763917,213.48814498634769,201.48200045602786,213.27971615749891,202.06590986974734,213.76581587495025,201.71601689531008,213.42219610547593,202.24645614921073,214.14934776741825,202.24701834329707,213.84234694205554,202.3253444514838,213.81874637688296,201.76081676647954,213.50445654416882,202.04717897740784,213.59400599021308,201.77889682244333,213.48814498634769,201.71545470122371,213.52805710934132,202.48649440960531,214.26822715022274,201.75084480507877,213.07857633600159,202.29992630902953,214.22831502722906,201.32206352836843,213.11848845899527,203.43630517290185,214.90253618723867,200.50469986945308,213.35537066766258,206.24404501832939,207.27079211793642,209.2408057143048,207.14177539920655
196.82492131546675,195.87650029662962,196.05770811194802,198.91303784113205,192.6647814843366,202.37384466191065,190.7499310964092,202.10940806816427,191.24825306402263,202.40639307686919,191.2294809753885,201.72233517269686,190.5191213924931,202.16691701056095,191.41687598997711,202.05405944888099,190.87346303484543,202.08191824488617,190.85385279711593,201.67423599761474,190.97822288464752,202.59088949662092,191.49951115476361,201.99655050648445,190.85301464802058,202.09132801220051,190.89558771986103,201.64674617433656,190.66561963343199,202.10940806816433,191.33256452699987,202.32355463430761,191.1664560483315,201.90683159244873,190.58214631955011,201.72958461689805,190.95777449782267,202.11881783547869,191.0616961985294,202.02656962560286,190.95777449782267,202.02656962560283,191.0616961985294,202.11881783547875,190.95777449782267,201.73899438421242,190.60343285547034,201.95098062724244,191.22864282629314,202.27329513611213,191.12388297649105,201.95098062724244,190.70819270527244,201.73899438421242,190.85301464802058,201.99907980232462,190.89558771986103,201.82399314988723,190.87430118394082,202.10940806816433,191.12388297649105,202.14630765875694,191.1664560483315,201.99907980232462,190.58214631955011,201.64674617433656,190.97906103374291,202.08191824488608,190.74825479821845,201.85148297316547,191.29250243405383,202.49864128674497,191.1852316053573,202.07938894904601,191.14600766150664,201.99907980232459,190.60259470637496,201.70425511673318,190.89642586895641,201.90683159244867,190.85217649892519,201.98967003501028,190.87513933303617,201.97122100631952,191.43648622770661,202.55398990602831,190.74909294731384,201.5519686686205,191.41603784088173,202.67625723502252,190.43648622770661,201.5241098726155,192.29166775335014,203.08393948229377,189.4560964654361,201.67568890468209,195.04292757828696,196.08528994766479,198.00914345786026,196.02754907182401
207.98106692816549,206.82066166241859,206.79858044784382,209.69222901319347,203.10468547578787,213.40344835494929,201.19133372471094,213.14452521687326,201.65333018953626,213.40188871918545,201.61746653388423,212.6950444435335,200.89152296389045,213.23407466291769,201.97122100632055,213.2830093363809,201.55571099492369,213.36926560354323,201.45679012755977,212.80090544739895,201.47617185627493,213.75279749601123,202.06338057390715,213.13150683793424,201.36914289434796,213.27971615749888,201.53302996229584,212.88316588609183,201.24545472090543,213.19745571880603,201.71894722649591,213.35624722460415,201.69691703024367,213.16083677469442,201.27689468447207,212.97271533213615,201.51967005469302,213.2503862207387,201.56446992586243,213.16083677469442,201.5015899987292,213.16083677469442,201.56446992586243,213.25038622073873,201.51967005469302,212.97271533213612,201.27689468447204,213.30331672267144,202.01923153911341,213.68684861513941,201.89619420204653,213.30331672267144,201.39993202153889,212.97271533213612,201.39663271762618,213.10790627276171,201.36519275405954,212.88316588609183,201.32104371926582,213.19745571880603,201.64335822813553,213.40917772653685,201.98449227163405,213.52805710934129,201.47947116018767,213.07857633600156,201.74106606503744,213.42219610547588,201.39117309060018,212.98902688995727,201.7190358687852,213.47512660740858,201.5329413200065,213.07857633600159,201.5953476953427,213.05497577082897,201.04673974318891,212.83023538415915,201.51975869698231,213.30331672267138,201.77636752660311,213.52805710934135,201.68759590521859,213.23736784179965,201.98440362934471,213.7364859381901,201.33375279049295,212.78788706845992,202.09482053747374,213.84807631364311,200.7946432479429,212.44426729898561,202.72222814961128,214.17538452529627,199.85754155587347,212.7797215041669,205.80887294777986,206.9637912925736,209.12544017581723,207.14934505303904
196.75880274035453,195.53690982862594,195.34927932945405,198.01678587994382,191.83088649461331,201.6454299089587,190.16561789923614,201.38099331521235,190.41435807429934,201.51014111568094,190.45777276362685,201.06339895470362,189.99699497328169,201.61830905840736,190.8947495707657,201.56512076223729,190.51911792410144,201.76081676647868,190.5191213924931,201.16647777634222,190.39390968747449,201.96339324219429,190.89391142167031,201.34372475189292,190.22780120880611,201.54883052344869,190.53956977931796,201.3162349286147,190.311274522688,201.50073134836649,190.53956977931799,201.55355067180966,190.62304309319984,201.62046938152059,190.49866953727658,201.52822117164473,190.62304309319984,201.6110596142062,190.47738300135634,201.40848313849062,190.37346130064961,201.4084831384906,190.47738300135634,201.61105961420623,190.62304309319984,201.51881140433031,190.47738300135634,201.80638664572072,191.0813064362589,202.10337165442547,190.95693288033564,201.80638664572069,190.6017565572796,201.51881140433031,190.49866953727658,201.50073134836649,190.3521747647294,201.23123616293992,190.28998798676776,201.50073134836649,190.56085631523823,201.75828747063855,191.0813064362589,202.11062109862658,190.74825132982681,201.66603926076266,190.89391142167031,201.88055479963276,190.4151962233947,201.25872598621817,190.49783485657289,201.58356979092795,190.33172290951285,201.32564469592913,190.54040792841334,201.38099331521235,190.03956804512214,201.23123616293995,190.60259470637499,201.85053568051438,191.03956804512214,202.12003086594103,190.81127625688381,201.60853031836604,190.89307327257495,202.05564145207018,190.39474783656985,201.23086719021308,191.08130643625893,202.05817074791028,189.60259123798332,200.60903837679851,191.47738646974801,202.35552472934185,188.85216956214188,201.03878288294101,194.43565501539459,195.57392156263444,197.7476439744851,196.00401527128216
208.64769038886774,207.33023896349684,207.10264543275835,209.98291828073511,203.51236772305927,214.02473901302625,201.90541074800151,213.67626642890593,201.85843596109208,213.63062493432474,202.05047828132055,213.55738704610147,201.96950370559679,214.0964172654856,202.40423275375687,213.51174555152022,201.76081676647951,213.90100681557584,202.17086715085034,213.42219610547593,201.88385410354635,214.04348676355286,202.27789611277734,213.42219610547593,201.68457693174346,213.71288537301757,202.06986001003574,213.5573870461015,201.9501219768816,213.81874637688298,202.1360392410817,213.73648593819013,202.10459927751506,213.87167687881569,202.19354818347824,213.9246073807484,202.31658552054509,213.87167687881569,201.98156194044824,213.5410754882804,201.81702403612471,213.5410754882804,201.98156194044824,213.87167687881569,202.31658552054509,213.9246073807484,202.19354818347824,214.01415682679271,202.4269137863848,214.06708732872542,202.31328621663235,214.01415682679271,202.30717575323069,213.9246073807484,202.20295795079267,213.81874637688298,201.97545147704656,213.5410754882804,201.91538270940228,213.67626642890596,201.94071220956721,213.73648593819013,202.39217451890545,214.14934776741828,202.19354818347824,213.84234694205554,202.47106282117855,214.14934776741828,202.02241167132925,213.56467605345296,202.17012767218534,213.90829582292727,201.93411360174179,213.61031754803423,202.20560641832969,213.76581587495025,201.76081676647951,213.59400599021313,202.24975545312344,214.06708732872539,202.49044454989371,214.14934776741831,202.09527815248998,213.56467605345293,202.2817576107764,214.21529664829004,201.92809178062944,213.40917772653688,202.62224081789924,214.22831502722906,200.99974901949869,212.73495656652727,203.13932016419707,214.70712573732894,200.35963233613404,213.15996021775285,206.0393082195005,207.21786161600372,209.56053263783249,207.79469129861155
197.29048180413136,196.04719378690677,195.83498127135562,198.61275352851459,192.56002163453451,202.5731218337136,191.14600766150664,202.19835697412751,190.89391142167031,202.02978028722637,191.16562136762781,202.21859735320459,191.35384759452842,202.66317919106868,191.3530163822164,201.6774466592382,190.5191213924931,202.1708671508494,191.24992936221338,201.87351316941769,190.87346303484543,202.29060518400345,191.1664560483315,201.78851440374291,190.74825479821845,202.11335820845278,191.08298273444964,201.96576137929358,191.04040966260916,202.30868523996728,191.24909121311799,202.13359858752989,191.0616961985294,202.21643703009138,191.22780467719775,202.33617506324549,191.33256452699987,202.22584679740575,190.97822288464755,201.928861788701,190.85301464802058,201.92886178870097,190.97822288464755,202.22584679740578,191.33256452699987,202.34558483055986,191.24909121311802,202.2605860648851,191.12388297649105,202.0833390893344,191.04040966260919,202.2605860648851,191.33256452699987,202.34558483055989,191.24909121311799,202.21643703009138,191.04040966260916,202.01386055437575,190.99950942056776,201.98637073109757,190.76954133413869,201.83661357882511,191.0616961985294,202.19835697412756,190.97822288464752,202.07608964513332,191.39475130496149,202.52067148299724,191.16561789923614,202.19582767828743,191.47822461884337,202.52067148299722,191.08214458535426,202.07608964513335,191.29082960425478,202.30868523996722,190.9986712714724,202.13359858752995,191.31211614017499,202.33617506324543,191.24825306402263,202.1889472068132,190.77037948323405,201.66152692638767,191.08214458535426,202.43095256896154,190.87430118394079,201.75124584042345,191.58214631955011,202.57854939812066,190.08214458535426,201.22382555999806,192.20819443946829,203.17288838825701,189.58130470206305,201.57798106778023,194.72948617797601,195.79441540236175,198.00697493638253,196.38894226921096
208.23387514198222,206.94039969557267,206.74118268393681,209.69222901319347,203.30726195150348,213.87652969346161,201.81063324228543,213.52805710934129,201.65333018953629,213.39286616871581,201.84537250976479,213.40917772653683,201.87472619988071,213.85865849987667,201.99655050648551,212.94338539537597,201.16647777634304,213.42219610547593,201.87351316941866,213.04195739188992,201.35643382312082,213.4221961054759,201.77580533251677,213.13150683793427,201.56446992586245,213.47512660740861,201.68750726292927,213.07857633600156,201.53302996229581,213.52805710934132,201.93093346952591,213.35624722460415,201.57717899708956,213.25038622073873,201.59920919334178,213.30331672267144,201.6969170302437,213.30331672267144,201.59920919334178,213.30331672267144,201.6969170302437,213.30331672267144,201.59920919334178,213.30331672267144,201.6969170302437,213.35624722460415,201.71894722649589,213.35624722460415,201.60466882036781,213.16812578204588,201.54170025094521,213.35624722460415,201.78191579591848,213.40917772653685,201.75368649397524,213.39286616871576,201.65276799544992,213.21376727662712,201.53302996229581,213.054975770829,201.20130568611171,212.88316588609183,201.48493078721367,213.19745571880603,201.38722295031178,213.13150683793427,201.86080409819155,213.61760655538561,201.71348759946989,213.46210822846959,202.21859735320558,213.80572799794388,201.62518952988239,213.16812578204591,201.7979241710583,213.52805710934129,201.66603926076343,213.3562472246042,201.84207320585205,213.35624722460412,201.57379105088751,213.19745571880605,201.29836268663792,212.90676645126436,201.78182715362911,213.69986699407852,201.45349082364706,212.98329751836965,202.32488683646756,213.99055626162013,200.7946432479429,212.49719780091834,202.93421439264128,214.50598591583156,200.14511679726385,212.7797215041669,205.5212977063895,206.63318990203834,208.96638443471994,207.26908308619315
196.86513855310992,195.63708466681922,195.44216241065033,198.2248219826854,192.18522813696563,202.17578052057002,190.76954133413872,201.91134392682363,190.76869971665167,201.83791525157662,190.8121144059792,201.59374956631487,190.60091840818424,202.03833140417893,190.99950942056779,201.48558162358847,190.39390968747449,201.88385410354547,190.87346303484546,201.35643382312,190.22780120880611,201.67186786051548,190.76870318504334,201.64400906451039,190.79082440166727,201.96885286922026,190.68522987116148,201.3470240558056,190.39474783656985,201.80101566098395,190.89391142167031,201.65125850871149,190.45693461453149,201.42119220971767,190.37346130064961,201.4211922097177,190.45693461453149,201.53152047555739,190.62304309319984,201.82850548426219,190.93648449351079,201.82850548426217,190.62304309319984,201.53152047555741,190.45693461453149,201.53152047555739,190.62304309319984,201.70876745110809,190.66561616504032,201.61651924123217,190.62304309319984,201.70876745110809,190.66561616504032,201.65125850871149,190.68522987116148,201.74350671858741,190.66561616504032,201.54093024287178,190.43564807861125,201.30145417656357,190.12387950809938,201.21861573400207,190.45693461453149,201.50403065227917,190.35217476472937,201.44868203299592,190.74908947892217,201.79160589366955,190.51828324339775,201.64400906451041,191.04124434331288,201.96885286922023,190.43480992951586,201.34702405580563,190.64516777821544,201.80101566098395,190.64349148002472,201.65125850871155,190.70735455617708,201.54093024287175,190.39390968747449,201.51344041959362,190.43648622770661,201.51091112375343,190.99783312237705,202.18808855645136,190.54040792841334,201.47364256043397,191.43564807861125,202.47819309368185,189.95693288033564,200.93681251269419,191.83172811210036,202.76613730779903,189.18522466857397,201.1364907198429,194.29083307264648,195.36523462351713,197.59868220064646,196.00573861224157
208.64769038886774,207.33023896349687,207.10264543275835,210.03584878266781,203.63210575621338,214.16721896100327,202.0157390138412,213.81874637688296,202.07042220412208,213.83505793470411,202.14488681430973,213.45881504958751,201.71592825302076,213.90829582292733,202.38831302090637,213.66324804996691,201.96339324219511,214.04348676355289,202.29060518400445,213.42219610547593,201.67186786051633,213.85536532099459,202.31263538025667,213.80572799794393,202.2691371818386,214.09641726548557,202.10459927751506,213.36926560354323,201.73813573385161,213.81874637688298,202.25577727423578,213.64693649214581,201.78228476864535,213.39859554030338,201.69398669905786,213.39859554030338,201.78228476864535,213.5410754882804,202.01630120792757,213.9246073807484,202.40158428621984,213.9246073807484,202.01630120792757,213.5410754882804,201.78228476864535,213.5410754882804,202.01630120792757,213.87167687881569,202.28184625306574,213.9246073807484,202.22828745095757,213.87167687881569,202.06986001003574,213.73648593819013,202.170778508561,213.9246073807484,202.15485877571052,213.64693649214581,201.88320326717064,213.48814498634769,201.70339646637228,213.50445654416879,202.10459927751506,213.81874637688298,201.98156194044824,213.69986699407852,202.26848634546292,213.81874637688296,201.72542666262447,213.42219610547593,202.14479817202042,213.76581587495025,201.63712859303698,213.27971615749894,202.00302994261409,213.81874637688296,201.99088306547333,213.64693649214581,202.04717897740784,213.59400599021308,201.87114503231919,213.76581587495028,202.09527815248998,213.80572799794393,202.57874261948118,214.35777659626706,201.95342128079434,213.5516576745139,202.91922582660402,214.61184691969706,201.3220635283684,212.930367016437,203.25905819735118,214.84960568530596,200.46996060197375,213.15996021775285,205.92897995366084,207.07538166802669,209.44079460467839,207.74176079667885
197.184145991376,195.94701894871349,195.74209819015934,198.52445545892712,192.47654832065263,202.36508573097205,190.79166601915429,201.89807266151004,190.81043810778843,202.00840092734987,191.04124781170452,201.71357624175826,190.5608563152382,202.06590986974643,191.22864282629314,201.94364254075208,190.89391142167028,202.2778961127764,191.1664560483315,201.77580533251583,190.76870318504334,202.31263538025573,191.35385106292011,202.10752960869996,191.12304482739566,202.31263538025573,190.99950942056776,201.66547706667617,190.68606802025684,202.1006491372257,191.16561789923614,201.92556248478832,190.70735455617708,201.6860864184801,190.6238812422952,201.6860864184801,190.70735455617708,201.80582445163421,190.89474957076567,202.12813896050392,191.22780467719778,202.12813896050392,190.89474957076567,201.80582445163421,190.70735455617708,201.80582445163421,190.89474957076567,202.12813896050392,191.22780467719778,202.24787699365802,191.16561789923614,202.12813896050392,190.95693634872731,202.03589075062803,191.16561789923614,202.30538593605459,191.16561789923614,202.03589075062803,190.95693634872731,202.00840092734981,190.89474957076567,202.03589075062803,191.22780467719778,202.30538593605459,191.1034311212745,202.15562878378216,191.2899914551594,202.1100589045401,190.5829810002538,201.58047830100139,190.89391489006198,201.90532210571118,190.49950768637194,201.55514880083646,190.93648796190243,202.10064913722567,190.91519795759052,201.92556248478834,190.95777449782267,201.91615271747389,190.89391142167031,202.17623813558612,191.14516951241126,202.148379339581,191.45693461453146,202.52857176357418,190.76954133413869,201.7385367691964,191.70735455617708,202.7778265699236,190.24825306402263,201.24585575625034,192.1247211255864,203.08459031866954,189.4978313881812,201.48027323087837,194.62472632817392,195.68078783260938,197.88506838175067,196.26748089509744
208.23387514198222,206.94039969557267,206.74118268393684,209.69222901319347,203.30726195150348,213.68111924355188,201.36858070026162,213.00204526889627,201.24601691499183,213.19745571880608,201.81063324228546,213.2137672766271,201.46741292533625,213.47512660740864,201.8768124733314,213.07857633600153,201.34372475189375,213.42219610547593,201.7885144037439,213.13150683793424,201.64400906451124,213.80572799794393,202.1075296087009,213.27398678591129,201.55506015854803,213.42219610547593,201.57717899708956,212.93609638802454,201.41329192914174,213.47512660740861,201.93093346952594,213.30331672267147,201.45744096393548,213.054975770829,201.36914289434799,213.05497577082903,201.45744096393548,213.10790627276171,201.48888092750209,213.25038622073876,201.6875072629293,213.25038622073873,201.48888092750209,213.10790627276174,201.45744096393548,213.10790627276171,201.48888092750209,213.25038622073876,201.6875072629293,213.30331672267144,201.6086189606562,213.25038622073876,201.56776922977519,213.30331672267144,201.8206052036862,213.52805710934135,201.73560643801147,213.30331672267144,201.74501620532584,213.52805710934132,201.81119543637183,213.44579667064846,201.8994935059593,213.52805710934132,201.65671813573834,213.35624722460418,201.94364254075302,213.47512660740861,201.40058285791457,213.07857633600159,201.81995436731052,213.4221961054759,201.31228478832713,212.93609638802457,201.67818613790419,213.47512660740858,201.66603926076345,213.30331672267147,201.72233517269797,213.30331672267141,201.66603926076343,213.52805710934135,201.79792417105833,213.326917287844,201.98440362934474,213.64693649214581,201.22342452465327,212.78788706845992,202.20514880331348,213.99055626162013,200.91438128109704,212.63967774889537,203.04454265848102,214.55891641776429,200.15452656457825,212.7797215041669,205.51188793907511,206.58025940010563,208.80312566694752,207.00686510506199
196.97147436586525,195.7372595050125,195.5350454918466,198.31312005227286,192.26870145084752,202.03401229116366,190.33256452699987,201.2700142129969,190.12304135900402,201.5094902793052,190.87430118394082,201.74896634561333,190.66477801594493,201.9240529980508,190.85301464802058,201.36914289434708,190.22780120880611,201.68457693174258,190.74825479821848,201.56446992586157,190.79082440166727,202.26913718183772,191.12304482739569,201.55506015854718,190.39474783656985,201.64983766426323,190.5191213924931,201.32499385955339,190.4782211504517,201.88931373057144,190.97738473555219,201.73955657829896,190.54040792841334,201.50949027930514,190.45693461453149,201.50949027930517,190.54040792841334,201.50949027930514,190.45693461453149,201.50949027930517,190.54040792841334,201.50949027930514,190.45693461453149,201.50949027930517,190.54040792841334,201.50949027930514,190.45693461453149,201.50949027930517,190.54040792841334,201.50949027930514,190.45693461453149,201.50949027930517,190.54040792841334,201.62922831245925,190.72780294300196,201.71206675502077,190.5191213924931,201.53698010258339,190.74908947892217,202.00905176372555,190.97738473555216,201.85929461145309,190.81127625688381,201.71206675502074,190.43564807861125,201.53698010258339,190.83256279280405,201.87990396325702,190.6017565572796,201.73230713409788,191.12471765719474,202.05715093880769,190.51828324339775,201.43532212539313,190.72864109209732,201.88931373057142,190.72696479390657,201.73955657829902,190.79082787005896,201.74896634561333,190.74825132982681,201.93346276536519,190.79082787005896,201.63394846082022,190.8726248857501,201.87848311880873,190.12471765719476,201.04429908963726,191.03957151351381,202.27891592187893,190.06169273013774,201.23709682531165,192.16478321853245,202.9741734105406,189.28998451837606,201.23419855674476,194.37430638652833,195.35912416011541,197.35126892957399,195.53401714901491
208.64769038886774,207.3302389634969,207.10264543275835,210.03584878266781,203.63210575621338,214.02473901302625,201.69342450497149,213.34566503837064,201.5708607197017,213.59400599021313,202.25521508014941,213.69986699407849,201.90258499588583,213.81874637688301,202.09132801220156,213.27971615749888,201.54883052344951,213.71288537301757,202.11335820845377,213.47512660740861,201.96885286922111,214.09641726548557,202.31263538025664,213.42219610547593,201.64983766426411,213.57040542504055,201.78228476864535,213.2267856555662,201.73813573385161,213.81874637688298,202.25577727423578,213.64693649214581,201.78228476864535,213.39859554030338,201.69398669905786,213.45152604223608,201.90202280179946,213.59400599021311,201.92405299805168,213.64693649214581,202.02176083495357,213.64693649214581,201.92405299805168,213.59400599021311,201.90202280179946,213.50445654416879,201.81372473221197,213.59400599021311,202.01235106763917,213.64693649214581,201.93346276536607,213.64693649214581,202.01235106763917,213.69986699407852,202.05320079852018,213.59400599021311,201.68062679145507,213.36926560354323,201.97761180015979,213.9246073807484,202.25577727423581,213.75279749601123,202.02176083495357,213.5410754882804,201.59232872186755,213.36926560354323,202.06590986974732,213.81874637688298,201.92800313834007,213.75279749601125,202.53403139060109,214.09641726548557,201.83970506875258,213.36926560354323,202.00302994261406,213.81874637688296,201.9908830654733,213.64693649214584,202.04717897740781,213.64693649214578,201.9908830654733,213.87167687881572,202.1227679757682,213.67053705731834,202.30924743405461,213.99055626162016,201.54826832936314,213.07857633600159,202.41025457486924,214.28124552916177,201.3314732956828,213.17141896092798,203.54663343874154,214.99208563328298,200.50469986945308,213.21289071968556,206.01397871933563,207.07538166802669,209.12106768115069,207.08884489727384
197.07781017862064,195.84684411052021,195.64921510896306,198.43615738933966,192.39307500677077,202.27678766138459,190.70819270527244,201.8097745919226,190.72696479390657,202.03984089091651,191.22864282629314,201.94759268104053,190.72696479390655,201.97761180015897,190.89558771986103,201.53302996229493,190.53956977931796,202.06986001003483,191.08298273444964,201.68750726292836,190.68522987116145,202.10459927751415,190.99950942056779,201.57717899708868,190.5191213924931,201.78228476864444,190.64516777821544,201.45744096393457,190.60259470637496,202.01235106763824,191.08214458535426,201.83726441520088,190.6238812422952,201.59778834889264,190.54040792841334,201.71752638204674,190.89474957076567,202.03984089091645,191.06085804943405,202.15957892407056,191.16561789923614,202.15957892407056,191.06085804943405,202.03984089091645,190.89474957076567,201.83726441520085,190.81127625688381,202.03984089091645,191.1443313633159,202.15957892407056,191.08214458535429,202.15957892407056,191.1443313633159,202.15957892407056,191.08214458535429,201.92951262507674,190.6238812422952,201.66001743965018,190.87346303484543,202.13208910079234,191.08214458535426,201.95700244835496,190.89474957076567,201.80977459192263,190.54040792841334,201.6600174396502,190.95693634872731,202.02176083495263,190.74908947892217,201.89949350595842,191.2899914551594,202.2243373106682,190.66561616504029,201.57717899708871,190.85301464802058,202.01235106763821,190.83172464370867,201.83726441520091,190.87430118394082,201.82785464788643,190.81043810778843,202.08794006599865,191.0616961985294,202.06008126999353,191.37346130064961,202.44027369398671,190.68606802025684,201.53050066645483,191.35301291382473,202.47754225730614,190.16477975014075,201.33480466221354,192.24992936221338,203.10662051492181,189.45525831634072,201.50230342713058,194.7499345648009,195.77914650588698,197.6937338033205,195.71919075288298
208.23387514198222,206.94039969557267,206.74118268393687,209.63929851126076,203.1875239183494,213.6281887416192,201.46082891013754,213.27971615749885,201.6258403662581,213.52805710934138,202.02261948531546,213.30331672267141,201.45800315802185,213.36926560354323,201.64674617433761,212.8831658860918,201.31623492861553,213.5573870461015,201.96576137929458,213.07857633600156,201.34702405580646,213.36926560354323,201.66547706667708,212.93609638802457,201.32499385955424,213.2267856555662,201.45744096393548,212.83023538415915,201.29355389598763,213.27971615749891,201.70086717053212,213.10790627276174,201.33770293078138,213.00204526889632,201.36914289434799,213.19745571880605,201.77975547280519,213.52805710934135,201.86870437876837,213.58098761127405,201.99174171583519,213.67053705731837,201.97903264460808,213.52805710934135,201.66942720696548,213.19745571880605,201.57171937006359,213.47512660740864,201.95700244835587,213.58098761127405,201.90344364624769,213.67053705731837,202.06733071419558,213.72346755925108,202.0231816794018,213.52805710934135,201.62527817217176,213.25038622073876,201.73560643801144,213.47512660740864,201.70086717053212,213.30331672267147,201.77975547280519,213.42219610547593,201.53698010258424,213.16083677469445,201.71357624175926,213.27971615749891,201.28084482476049,213.02564583406888,201.81995436731054,213.4221961054759,201.3122847883271,212.88316588609186,201.55844810475011,213.27971615749885,201.43597296176964,213.10790627276177,201.60259713954386,213.197455718806,201.54630122760932,213.42219610547593,201.77043434778011,213.40917772653685,202.13416078161723,213.81874637688298,201.39851117709065,212.87014750715281,202.15232947987033,213.83176475582201,200.70023471495375,212.39133679705293,202.78914685932227,214.36350596785459,200.0601180315891,212.81634044827851,205.68913491462578,206.76838084266393,208.84244337489071,206.83419656997521
197.07781017862061,195.83743434320579,195.62792857304285,198.28168008870622,192.0813064362589,201.91032411772113,190.41603784088176,201.64588752397475,190.66477801594493,201.88536359028305,190.9577744978227,201.62527817217079,190.47738300135634,201.77287500133005,190.66561963343199,201.24545472090452,190.31127452268797,201.95012197688072,191.04040966260919,201.53302996229493,190.39474783656985,201.7381357338507,190.68606802025684,201.41329192914083,190.4782211504517,201.7381357338507,190.60259470637499,201.29355389598672,190.29082613586311,201.53555925813509,190.54040792841334,201.38580210586261,190.35301291382476,201.4780503157385,190.54040792841334,201.70811661473235,190.87346303484546,201.88536359028299,190.74908947892217,201.79311538040713,190.87346303484546,201.9956918561227,190.9986712714724,201.88536359028302,190.62388124229523,201.49613037170232,190.5191213924931,201.76562555712891,190.83256279280405,201.7931153804071,190.78998972096358,201.99569185612273,191.08214458535429,202.11542988927681,191.06085804943405,201.99569185612273,190.81127625688381,201.79311538040713,190.81127625688381,201.76562555712889,190.54040792841334,201.61586840485646,190.87346303484546,201.96820203284449,190.72780294300193,201.59053890469153,190.64516777821544,201.52614949082067,190.16477975014078,201.29355389598675,190.72864109209732,201.73813573385067,190.35217476472937,201.29355389598675,190.5412460775087,201.53555925813504,190.28998798676776,201.38580210586267,190.60343285547034,201.59778834889258,190.56085631523823,201.69003655876855,190.60343285547034,201.56776922977426,190.89391142167031,201.92263215360248,190.18690443515638,201.09785789174538,191.08214458535429,202.12773792515819,189.64432962912008,200.58635734417052,191.4782246188434,202.51009067226454,189.10258950378747,201.20275859317812,194.45777970041019,195.43801246238846,197.42286547485003,195.59945271972887
208.82035892395456,207.52564941340663,207.33271173175214,210.08877928460052,203.42952928049777,213.74706812442366,201.51617752942082,213.39859554030335,201.77559751853056,213.64693649214584,202.07796810459874,213.47512660740858,201.81974655332431,213.87167687881572,202.10940806816535,213.19745571880603,201.50073134836731,213.81874637688298,202.30868523996827,213.52805710934135,201.8010156609848,213.81874637688298,202.10064913722667,213.47512660740864,201.88931373057233,213.81874637688298,202.01235106763914,213.27971615749891,201.535559258136,213.39859554030338,201.7562157898154,213.31633510161052,201.69003655876944,213.50445654416879,201.93346276536607,213.69986699407852,202.13208910079328,213.64693649214581,201.72147652233605,213.36926560354323,201.84451385940289,213.69986699407852,202.12878979688054,213.69986699407852,201.84451385940289,213.36926560354323,201.72147652233605,213.50445654416879,201.80977459192357,213.36926560354323,201.75621578981537,213.69986699407852,202.21708786646806,213.89527744398825,202.19826833183922,213.84234694205554,202.09734983331393,213.75279749601123,202.08794006599953,213.59400599021311,201.64588752397569,213.42219610547593,202.13208910079328,213.9246073807484,202.00905176372643,213.47512660740864,201.88866289419664,213.48814498634766,201.51344041959447,213.33264665943162,202.15420793933481,213.81874637688296,201.74745685887669,213.27971615749894,201.80045346689849,213.39859554030335,201.49132158105292,213.31633510161052,201.95493076753192,213.55738704610147,201.78830658975772,213.45152604223611,201.62320649134782,213.19745571880605,201.89468471530901,213.57040542504055,201.16844487809686,212.85383594933171,202.43774439814743,214.24462658505016,201.03664861009131,212.51021617985739,202.75008694561637,214.42945484872635,200.27679389357252,213.12334127364124,205.94706000962466,206.8872602254684,208.91849120543509,206.99929545122953
197.36208072748983,196.18872181435074,196.07678214878752,198.67958359593632,192.33088822880913,202.02065238356084,190.41603784088173,201.64588752397475,190.66477801594493,201.87595382296865,190.93648796190243,201.81119543637089,190.9356463444154,202.4330242497856,191.33256452699987,201.718947226495,190.53956977931796,202.13603924108082,191.24909121311799,201.93093346952503,190.89391142167031,202.2557772742349,191.16561789923614,201.93093346952503,190.97738473555216,202.2557772742349,191.08214458535426,201.70086717053124,190.54040792841334,201.75621578981449,190.78998972096358,201.78370561309274,190.81127625688381,201.96095258864338,190.9986712714724,202.08069062179752,191.08214458535426,201.8759538229686,190.5191213924931,201.49613037170235,190.6238812422952,201.88536359028299,190.9986712714724,201.99569185612273,190.87346303484543,201.7931153804071,190.74908947892217,201.76562555712891,190.60259470637499,201.49613037170232,190.54040792841334,201.88536359028302,191.08214458535429,202.11542988927681,191.06085804943405,202.11542988927684,191.08214458535429,202.11542988927684,191.06085804943405,201.87595382296863,190.54040792841334,201.70086717053124,191.08214458535426,202.2651870415493,190.9986712714724,201.84593470385028,190.93564981280707,201.96820203284449,190.66561616504029,201.82060520368535,191.22780467719778,202.25577727423487,190.83172464370867,201.70086717053124,190.79082787005893,201.75621578981446,190.53956977931796,201.78370561309276,191.0616961985294,201.96095258864338,190.74825132982679,201.72147652233522,190.51995954158846,201.48888092750121,190.83172464370867,201.87848311880876,190.16561789923614,201.30910465611041,191.58130817045475,202.82262644109306,190.33256105860821,201.0786693843898,191.7278064113936,202.73074720394396,189.3521712963377,201.51566333473343,194.70736149296042,195.52301122806324,197.37255546549423,195.54342691632931
208.27319284992541,207.09833255102114,207.06807563327044,209.91696939986335,203.27977212822529,213.57525823968646,201.34109087698343,213.22678565556615,201.6258403662581,213.47512660740867,201.90288145216135,213.39286616871573,201.87256587676745,214.03046838461384,202.32355463430864,213.35624722460415,201.55355067181046,213.73648593819013,202.13359858753088,213.35624722460415,201.65125850871237,213.64693649214581,201.92556248478925,213.30331672267147,201.73955657829987,213.69986699407852,201.95700244835587,213.25038622073876,201.49613037170323,213.36926560354323,201.79311538040801,213.38557716136432,201.71752638204768,213.42219610547593,201.78370561309359,213.52805710934135,201.95700244835589,213.47512660740861,201.57171937006359,213.14452521687335,201.5496891738114,213.33264665943162,201.74896634561426,213.47512660740864,201.87200368268111,213.52805710934135,201.86870437876837,213.47512660740864,201.66001743965111,213.14452521687335,201.46139110422391,213.33264665943162,201.83726441520176,213.52805710934135,201.90344364624772,213.61760655538566,201.94759268104147,213.58098761127405,201.91285341356212,213.42219610547593,201.49613037170323,213.25038622073876,201.95700244835587,213.75279749601123,201.85929461145398,213.44579667064849,202.03589075062897,213.69986699407849,201.6606682760268,213.30331672267147,202.00445078706232,213.69986699407849,201.69210823959341,213.25038622073879,201.76102458046572,213.3692656035432,201.52822117164553,213.38557716136435,201.98242059081014,213.4221961054759,201.51881140433113,213.1738551536335,201.42063001563218,213.16083677469442,202.01442274846312,213.76581587495028,201.39851117709065,213.10217690117415,202.67722046445567,214.49296753689259,201.2667149090851,212.66900768565552,202.78698653620899,214.34719441003347,200.11762697398567,212.95153138890407,205.78138312450167,206.71545034073122,208.72270534173663,206.78126606804247
196.58155338672142,195.5122635522952,195.53888684312338,198.32582912349994,192.14349321422054,201.95447315251485,190.43732437680197,201.69003655876847,190.72696479390657,201.92951262507677,190.97906103374291,201.77975547280423,190.78915157186822,202.22433731066826,191.16645604833153,201.69691703024273,190.62304309319984,202.10459927751415,191.0616961985294,201.57717899708865,190.45693461453149,201.78228476864442,190.70735455617708,201.45744096393457,190.54040792841334,201.90202280179852,190.89474957076567,201.66001743965018,190.60259470637499,201.80977459192263,190.83256279280405,201.72693614936114,190.6238812422952,201.63252761637196,190.60259470637499,201.75226564952607,190.89474957076567,201.92951262507674,190.81127625688381,201.71752638204674,190.6238812422952,201.59778834889264,190.54040792841334,201.71752638204674,190.89474957076567,202.03984089091645,191.06085804943405,202.03984089091645,190.89474957076567,201.71752638204674,190.54040792841334,201.59778834889264,190.6238812422952,201.71752638204674,190.81127625688381,201.92010285776234,190.87346303484546,201.83726441520085,190.83256279280405,201.80977459192263,190.60259470637499,201.66001743965018,190.89474957076567,202.01235106763824,190.78998972096358,201.86475423847909,191.18690443515638,202.18959804318891,190.70651640708169,201.56776922977431,190.79082787005893,201.90202280179849,190.64432962912008,201.6600174396502,190.85301464802058,201.8097745919226,190.58214285115844,201.72693614936117,190.87430118394082,201.63252761637193,190.35217476472937,201.40246131737817,190.35385106292011,201.57717899708865,191.16477975014078,202.36468469562632,190.70735455617708,201.65964846692333,191.62388124229523,202.68952850033611,190.16477975014078,201.03781965350873,191.77037948323408,202.66456797289797,189.14348974582887,201.24690762797184,194.50035277225066,195.4821614971822,197.47317548420585,195.65547852312844
208.27319284992541,207.04540204908844,206.94833760011633,209.81110839599793,203.25228230494707,213.65751867837935,201.49084802925589,213.39859554030335,201.80092701869549,213.69986699407855,202.17237663758792,213.52805710934132,201.75282784361337,213.68355543625745,201.90683159244978,213.16083677469442,201.62046938152145,213.87167687881569,202.21643703009238,213.25038622073873,201.42119220971855,213.39859554030338,201.68608641848104,213.05497577082903,201.50949027930605,213.59400599021311,202.03984089091736,213.47512660740864,201.76562555712982,213.50445654416879,201.76562555712979,213.27971615749891,201.59778834889354,213.31633510161049,201.66396757993948,213.42219610547593,201.92951262507768,213.69986699407852,202.04379103120576,213.6103175480342,201.81918435923797,213.31633510161052,201.53481977947098,213.36926560354323,201.93892239239207,213.75279749601123,202.15411929704547,213.84234694205554,202.14149886810767,213.6103175480342,201.72147652233608,213.31633510161052,201.63252761637287,213.42219610547593,201.96095258864429,213.69986699407852,201.92010285776325,213.42219610547593,201.76562555712979,213.50445654416879,201.76562555712979,213.47512660740864,202.03984089091736,213.73648593819013,201.83180478817576,213.58098761127405,202.30538593605553,213.92460738074837,201.74350671858826,213.19745571880605,201.77438448806853,213.54107548828037,201.65520864900077,213.33264665943165,201.92019150005257,213.50445654416876,201.61105961420702,213.42219610547596,201.98242059081014,213.42219610547588,201.51881140433113,213.1738551536335,201.42063001563221,213.25038622073873,202.21699922417869,214.09641726548557,201.78774439567133,213.29029834373242,202.55748243130157,214.19898509046891,200.96972990038032,212.61607718372281,202.96423351175966,214.53531585259176,200.20987518386156,212.98815033301568,205.86422156706317,206.99312122933381,209.20148800636161,207.31444393429337
197.36208072748988,196.06898378119661,195.80591382031704,198.34785931975219,192.06001990033866,201.86617508292738,190.35385106292011,201.60173848918103,190.64349148002469,201.95154282132904,191.14516951241129,201.86870437876746,190.66477801594493,201.80431496489672,190.58214631955011,201.27689468447119,190.49866953727656,202.19354818347736,191.22780467719778,201.5992091933409,190.37346130064961,201.69398669905698,190.6238812422952,201.36914289434711,190.45693461453146,201.92405299805077,191.06085804943405,201.86870437876749,190.74908947892217,201.72147652233517,190.5191213924931,201.4519813369086,190.54040792841334,201.72147652233517,190.72780294300193,201.74896634561338,190.81127625688381,201.95154282132899,190.97738473555216,201.96095258864338,190.83256279280405,201.6639675799386,190.49783485657287,201.6639675799386,190.83256279280405,201.96095258864338,190.97738473555216,202.07128085448309,191.08214458535429,201.96095258864338,190.72780294300193,201.6639675799386,190.60259470637499,201.78370561309271,190.9986712714724,202.05320079851927,190.81127625688381,201.57171937006271,190.5191213924931,201.72147652233517,190.74908947892217,201.86870437876749,191.06085804943405,202.04379103120488,190.72780294300193,201.81119543637095,191.1443313633159,202.13603924108077,190.64432962912008,201.48888092750124,190.70735455617708,201.80431496489663,190.53956977931796,201.54638986989781,190.74992762801753,201.72147652233514,190.51828324339775,201.77429584577837,191.0616961985294,201.96095258864335,190.74825132982681,201.72147652233519,190.51995954158846,201.5992091933409,191.0813064362589,202.28579639335325,190.64516777821544,201.48635163166108,191.31043984198428,202.31365518935829,189.85301117962891,200.95893135123569,191.93648796190246,202.90799417949464,189.3521712963377,201.41400535754312,194.68607495704018,195.81058646945363,197.96243361031324,196.20032198342403
208.99302745904137,207.5785799153393,207.24046352187625,209.86403889793064,203.16944386238561,213.52232773775378,201.33168110966903,213.17385515363347,201.51551210041842,213.47512660740867,202.10545792787696,213.580987611274,201.84723637660252,213.64693649214581,201.7295846168991,212.97271533213612,201.52822117164553,213.9246073807484,202.33617506324646,213.30331672267144,201.42119220971855,213.39859554030338,201.68608641848104,213.05497577082903,201.50949027930605,213.64693649214581,202.15957892407147,213.58098761127405,201.79311538040804,213.36926560354323,201.49613037170323,213.14452521687335,201.71752638204765,213.6103175480342,201.96095258864429,213.47512660740864,201.752265649527,213.42219610547593,201.74896634561426,213.47512660740864,201.87200368268111,213.47512660740864,201.74896634561426,213.47512660740864,201.87200368268111,213.52805710934135,201.86870437876837,213.61760655538566,201.98233194852082,213.47512660740864,201.63863807977455,213.33264665943162,201.752265649527,213.61760655538566,202.19101888763811,213.80572799794393,201.83726441520176,213.19745571880605,201.49613037170326,213.31633510161052,201.6733773472539,213.43850766329703,202.04925065823176,213.69986699407849,201.73955657829987,213.39286616871578,202.03589075062897,213.64693649214578,201.54093024287266,213.10790627276174,201.77438448806853,213.45152604223605,201.45263217328517,213.05497577082906,201.65069631462603,213.31633510161049,201.51881140433113,213.47512660740864,202.19440683384013,213.8057279979439,202.01837288875151,213.64693649214581,201.74294452450192,213.30331672267144,202.01442274846312,213.76581587495028,201.39851117709065,212.90676645126442,202.23516792243186,213.96695569644757,200.85940163454063,212.61607718372281,203.07456177759937,214.73072630250149,200.4493512501698,213.23649128485812,206.09428786605699,207.18853167924354,209.32122603951569,207.36737443622607
197.46841654024522,196.16915861938992,195.89879690151332,198.44556715665405,192.16477975014078,201.98921241999417,190.47822461884337,201.61444756040811,190.49866953727658,201.76167541684052,191.01996127578431,201.99174171583425,191.01911965829726,202.23374707798268,190.95777449782267,201.51967005469209,190.62304309319984,202.31658552054415,191.33256452699987,201.69691703024279,190.45693461453146,201.78228476864444,190.70735455617708,201.45744096393457,190.54040792841334,202.02176083495263,191.16561789923614,201.99174171583428,190.87346303484543,201.84451385940196,190.62388124229523,201.66942720696457,190.89474957076567,202.14149886810674,191.08214458535429,201.87200368268017,190.68606802025684,201.64193738368635,190.56169446433358,201.75226564952609,190.93564981280707,202.04925065823085,191.04124434331288,202.04925065823087,190.93564981280707,201.87200368268017,190.83256279280405,201.96425189255609,190.93564981280707,201.75226564952607,190.56169446433358,201.72693614936117,190.89474957076567,202.15957892407056,191.33172637790452,202.25182713394645,190.89474957076567,201.66942720696457,190.6238812422952,201.72477582624785,190.60259470637499,201.66942720696457,190.91603610668591,202.02176083495263,190.78998972096358,201.77975547280431,190.97822288464755,201.90202280179852,190.45693461453146,201.4574409639346,190.79082787005893,201.79169453595878,190.39474783656985,201.37244219825982,190.64433309751175,201.72477582624782,190.58214285115844,201.84667418251527,191.14516951241129,202.15957892407053,191.0813064362589,202.13208910079237,190.87430118394082,201.69691703024276,190.91519795759055,201.95737142108183,190.22780467719778,201.13259715922473,191.1034311212745,202.25688572562672,189.91519795759055,201.03781965350876,192.01996127578431,203.10662051492181,189.68522640276979,201.80869820314976,195.02080289327137,195.92421403920602,197.7440438126763,195.77521655628257
208.44586138501222,207.18788199706546,207.05866586595604,209.91696939986335,203.38143010541557,213.85292912828908,201.71150456093528,213.45152604223603,201.60776031029428,213.42219610547596,201.98571989472285,213.61760655538561,202.04981285231813,213.97753788268113,202.11881783547977,213.30331672267141,201.73079764736113,214.01415682679271,202.33617506324646,213.30331672267144,201.42119220971855,213.45152604223608,201.80582445163515,213.19745571880605,201.61981854514576,213.64693649214581,202.04925065823176,213.52805710934135,201.87595382296951,213.64693649214581,201.8853635902839,213.47512660740864,201.92010285776325,213.69986699407852,201.96095258864426,213.47512660740864,201.75226564952698,213.36926560354323,201.62922831246016,213.42219610547593,201.96425189255697,213.75279749601123,202.12878979688054,213.75279749601123,201.96425189255697,213.56467605345296,201.95154282132987,213.75279749601123,202.04925065823176,213.42219610547593,201.54422954678537,213.36926560354323,201.92951262507765,213.80572799794393,202.283267097514,213.84234694205554,201.92010285776325,213.47512660740864,201.8853635902839,213.50445654416879,201.5536393140998,213.14452521687335,201.75226564952698,213.64693649214581,201.91680355385054,213.58098761127405,202.12813896050486,213.59400599021308,201.42119220971855,213.05497577082903,201.77438448806853,213.45152604223605,201.45263217328517,213.14452521687338,201.85327279034161,213.55738704610147,201.7054681471962,213.52805710934138,202.12748812412917,213.70715600142995,201.92612467887562,213.6103175480342,201.75235429181632,213.25038622073873,201.88527494799462,213.57040542504055,201.17785464541123,212.76428650328739,202.22575815511746,214.00357464055918,200.85940163454063,212.47359723574579,202.84449547860555,214.62486529863605,200.53218969273127,213.42461272741639,206.28094460892203,207.18853167924354,209.04501985060634,206.92374601601952
196.86582393559067,195.73440322297159,195.69558555447733,198.4675973529063,192.33088822880916,202.27348835747188,190.81211440597917,201.88931373057142,190.64349148002472,201.73955657829904,190.87430118394082,201.85929461145304,190.91435980849516,202.21162823944118,191.0616961985294,201.68420795901568,190.74825132982681,202.30387644931707,191.22780467719778,201.5992091933409,190.37346130064961,201.81372473221109,190.89474957076567,201.69145740321682,190.70651640708169,201.92405299805077,190.81127625688381,201.65671813573749,190.72780294300193,202.00905176372555,190.9986712714724,201.85929461145309,190.78998972096358,201.83180478817488,190.72780294300193,201.74896634561338,190.81127625688381,201.83180478817488,190.70651640708172,201.74896634561338,190.83256279280405,201.95154282132899,190.95609819963195,201.95154282132899,190.83256279280405,201.85929461145309,190.95609819963195,202.12878979687966,191.04124434331288,201.74896634561338,190.49783485657287,201.6545578126242,190.81127625688381,201.96095258864338,190.9986712714724,201.95154282132899,190.78998972096358,201.85929461145309,190.9986712714724,201.89872349788584,190.4782211504517,201.35973312703271,190.58130817045475,201.92405299805077,190.93648449351076,201.98844241192162,191.1443313633159,201.92405299805077,190.37346130064961,201.36914289434714,190.70735455617708,201.80431496489663,190.53956977931796,201.65671813573752,190.99950942056779,202.01846153103992,190.74825132982681,201.89403387893245,191.10259644057081,201.98628208880828,190.74825132982681,201.73088628964959,190.5412460775087,201.47947116018679,190.78915157186819,201.84374385132944,190.14600419311498,201.16403712279137,191.28915330606404,202.39649363191978,189.85301117962891,200.63661684236595,191.41603784088176,202.57626990331053,189.33088476041746,201.59125233309379,194.91604304346927,195.81058646945363,197.62213725804446,195.65375518216902
208.48517909295541,207.25626540646959,207.18298233957401,210.05944934784037,203.52649763873464,214.04833957819881,201.9162413597642,213.64693649214578,201.75282784361332,213.47512660740867,201.96039039455795,213.52805710934132,201.87256587676745,213.78941644012286,202.02656962560388,213.35624722460415,201.85053568051526,214.06708732872542,202.33617506324646,213.30331672267144,201.42119220971855,213.59400599021311,202.12813896050486,213.58098761127405,201.91680355385054,213.64693649214581,201.75226564952698,213.19745571880605,201.67337734725393,213.69986699407852,202.11542988927772,213.52805710934135,201.71752638204765,213.3692656035432,201.66396757993951,213.47512660740864,202.04925065823178,213.75279749601123,201.95154282132987,213.47512660740864,201.7616754168414,213.47512660740864,201.85929461145398,213.61760655538566,201.99174171583522,213.67053705731837,202.07128085448397,213.80572799794393,202.04925065823178,213.47512660740864,201.66396757993948,213.42219610547593,201.83726441520179,213.52805710934135,201.90344364624772,213.56467605345296,201.82785464788736,213.52805710934135,202.00510162343804,213.5573870461015,201.5536393140998,213.14452521687335,201.75226564952698,213.64693649214578,201.91680355385054,213.58098761127405,202.12813896050486,213.64693649214578,201.54093024287266,213.19745571880605,201.88471275390825,213.59400599021308,201.66461841631519,213.43850766329703,202.15025779904639,213.78941644012281,201.84112591320087,213.67053705731837,202.31414486699424,213.8057279979439,201.80638664572152,213.31633510161052,201.45536928311154,213.10790627276171,201.85994544782969,213.62333592697325,201.32292217873029,213.04924639924144,202.63307142966192,214.29755708698286,200.86881140185503,212.14299584521049,202.33552422687077,214.15178396012377,200.12703674130006,213.0940113368811,206.09428786605699,207.18853167924357,209.32122603951569,207.36737443622607
197.25643029721522,196.07553726647012,195.98774041886804,198.67563345564787,192.47654832065265,202.43126496201799,190.95777449782267,202.05650010243193,190.81043810778846,201.88141344999462,190.97906103374291,201.88141344999454,190.81043810778843,202.05650010243201,190.95777449782267,201.73165629772208,190.89391142167031,202.43632355369826,191.33256452699987,201.69691703024279,190.45693461453146,202.01235106763826,191.22780467719778,202.07674048150906,191.01995780739264,202.02176083495266,190.68606802025684,201.4921802314139,190.6238812422952,202.05650010243195,191.1443313633159,201.8814134499946,190.64516777821544,201.64193738368635,190.60259470637499,201.87200368268017,191.16561789923614,202.26123690126084,191.08214458535429,201.8720036826802,190.68606802025684,201.76167541684046,190.83256279280405,202.0839899257102,191.20651814127754,202.20372795886428,191.10343112127453,202.0839899257102,190.93564981280707,201.87200368268017,190.83256279280405,201.93892239239116,190.89474957076567,201.87200368268017,190.87346303484546,201.96425189255606,190.89474957076567,201.8814134499946,190.89474957076567,201.84451385940196,190.60259470637496,201.6694272069646,190.91603610668591,202.02176083495263,190.78998972096358,201.77975547280431,190.97822288464755,202.02176083495263,190.72780294300193,201.77975547280431,191.04040966260916,202.0217608349526,190.66561616504032,201.78916524011871,191.12388297649105,202.15741860095724,190.87262488575007,202.07674048150912,191.37513759884035,202.22649763378149,190.81043810778843,201.62311784905759,190.39475130496152,201.46685073124894,190.87429771554915,202.07710945423594,190.53957324770965,201.68497796708826,191.83256279280403,202.76585697736149,189.93648449351076,200.53825816908838,191.26954306833454,202.4692409413835,189.18606281766932,201.4013849286053,194.7908348068423,195.92421403920602,198.08434016494508,196.32178335753758
208.65784762804222,207.39874535444665,207.29331060541372,210.05944934784037,203.4161693728949,213.90585963022178,201.79650332661006,213.59400599021305,201.75282784361332,213.47512660740867,201.96039039455792,213.52805710934129,201.87256587676745,213.78941644012286,202.02656962560386,213.35624722460415,201.85053568051524,214.06708732872542,202.33617506324646,213.30331672267144,201.42119220971855,213.59400599021311,202.12813896050486,213.58098761127405,201.91680355385054,213.64693649214581,201.75226564952698,213.19745571880605,201.6733773472539,213.69986699407852,202.11542988927772,213.52805710934135,201.71752638204765,213.36926560354323,201.66396757993948,213.47512660740864,202.04925065823176,213.75279749601123,201.95154282132987,213.42219610547593,201.64193738368726,213.36926560354323,201.83180478817576,213.75279749601123,202.26123690126175,213.80572799794393,201.95154282132987,213.51174555152025,201.75226564952698,213.47512660740864,201.96095258864426,213.75279749601123,202.03984089091736,213.61760655538566,201.99569185612361,213.75279749601123,202.00510162343804,213.52805710934135,201.82785464788734,213.51174555152025,201.78370561309362,213.58098761127405,202.16898869138586,213.69986699407852,201.61981854514576,213.19745571880605,201.80582445163515,213.64693649214578,201.86324475174237,213.58098761127405,202.18169776261303,213.64693649214578,201.48737144076449,213.19745571880605,201.93827155601639,213.64693649214576,201.73079764736113,213.52805710934138,202.19440683384013,213.7527974960112,201.80638664572152,213.31633510161052,201.45536928311154,213.10790627276171,201.85994544782966,213.71288537301757,201.52549865444587,213.29029834373239,202.81972817252699,214.38710653302718,200.88473113470556,212.23254529125481,202.52218096973584,214.33990540268201,200.20987518386156,212.98815033301568,205.86422156706314,206.99312122933381,209.20148800636161,207.31444393429339
197.25643029721525,196.0567177318413,195.94516734702756,198.4675973529063,192.08130643625893,201.95117384860217,190.5412460775087,201.76957569741731,190.64349148002472,201.73955657829902,190.87430118394082,201.85929461145304,190.91435980849516,202.21162823944118,191.0616961985294,201.68420795901568,190.74825132982681,202.30387644931707,191.22780467719778,201.5992091933409,190.37346130064961,201.81372473221109,190.89474957076567,201.69145740321682,190.70651640708169,201.92405299805077,190.81127625688381,201.65671813573749,190.72780294300193,202.00905176372555,190.9986712714724,201.85929461145309,190.78998972096358,201.83180478817488,190.72780294300193,201.74896634561338,190.81127625688381,201.83180478817488,190.70651640708172,201.62922831245928,190.56169446433358,201.61981854514488,190.68522987116148,201.91680355384966,191.04124434331288,201.91680355384966,190.68522987116148,201.61981854514488,190.56169446433358,201.74896634561338,190.97738473555216,202.15411929704459,191.06085804943405,201.9790326446072,190.9986712714724,202.12878979687966,190.9986712714724,201.85929461145309,190.78998972096358,201.95154282132899,190.9986712714724,202.1910188876372,191.33172637790452,202.04379103120488,190.45693461453146,201.36914289434714,190.6238812422952,201.92405299805077,190.89391142167031,201.98844241192162,191.18690443515638,201.92405299805074,190.33088822880913,201.35973312703274,190.72864109209732,201.7883952320461,190.49866953727658,201.57171937006274,190.83172811210034,201.86654405565417,190.74825132982681,201.73088628964959,190.5412460775087,201.47947116018679,190.78915157186819,201.95407211716915,190.39558598566521,201.46102213149615,191.5191213924931,202.50682189775947,189.87262488575007,200.74694510820567,191.64600592731082,202.75351687886121,189.30959822449722,201.25952805690969,194.39559292244857,195.36853392742981,197.35126892957399,195.53401714901491
208.65784762804222,207.39874535444662,207.29331060541372,209.91696939986335,203.09385486402522,213.52232773775378,201.49951831790531,213.45152604223605,201.72749834344839,213.47512660740867,201.98571989472288,213.61760655538563,202.04981285231813,213.97753788268113,202.11881783547977,213.30331672267144,201.73079764736116,214.01415682679271,202.33617506324646,213.30331672267144,201.42119220971855,213.45152604223608,201.80582445163515,213.19745571880605,201.61981854514576,213.59400599021311,201.92951262507765,213.38557716136432,201.76562555712982,213.64693649214581,201.99569185612361,213.61760655538566,202.03984089091736,213.7527974960112,201.96095258864429,213.47512660740864,201.752265649527,213.36926560354323,201.62922831246016,213.27971615749891,201.64193738368729,213.27971615749891,201.62922831246016,213.42219610547593,201.87200368268111,213.42219610547593,201.62922831246016,213.27971615749891,201.64193738368729,213.42219610547593,201.95154282132987,213.75279749601123,202.04925065823176,213.61760655538566,201.98628208880922,213.69986699407852,201.89477335759832,213.47512660740864,201.91069309044886,213.78941644012284,202.17293883167429,213.91158900180935,202.37156516710147,213.78941644012281,201.61981854514576,213.19745571880605,201.80582445163515,213.64693649214578,201.86324475174237,213.58098761127405,202.18169776261303,213.64693649214578,201.48737144076452,213.19745571880605,201.93827155601639,213.55738704610147,201.52822117164555,213.19745571880605,201.80517361525946,213.56467605345293,201.92612467887562,213.6103175480342,201.75235429181632,213.25038622073873,201.88527494799462,213.62333592697325,201.29759267856537,212.95969695319712,202.45582445411125,214.19898509046891,200.97913966769474,212.52652773767849,202.84449547860555,214.48238535065906,200.20987518386156,212.89860088697137,205.66164509134757,206.66251983879854,208.7227053417366,206.78126606804247
197.25643029721522,196.07553726647012,195.98774041886804,198.44556715665405,191.95609819963195,201.8119654444435,190.47822461884337,201.82643380343811,190.76953786574705,201.88141344999462,191.01996127578431,201.99174171583425,191.01911965829726,202.23374707798268,190.95777449782267,201.51967005469209,190.62304309319984,202.31658552054415,191.33256452699987,201.69691703024279,190.45693461453146,201.78228476864444,190.70735455617708,201.45744096393457,190.54040792841334,201.90202280179855,190.89474957076567,201.66942720696457,190.6238812422952,201.84451385940196,190.87346303484543,201.99174171583431,191.16561789923614,202.26123690126084,191.08214458535429,201.87200368268017,190.68606802025684,201.64193738368635,190.56169446433358,201.64193738368638,190.68606802025684,201.65134715100075,190.58298100025382,201.67667665116571,190.72696826229824,201.67667665116568,190.58298100025382,201.65134715100078,190.68606802025684,201.75226564952607,190.81127625688381,201.93892239239116,190.91603610668591,201.87200368268017,190.85217649892522,201.84451385940196,190.64516777821544,201.6694272069646,190.87346303484543,202.13208910079234,191.08214458535426,202.07674048150909,191.16561789923614,202.13208910079234,190.78998972096358,201.77975547280431,190.97822288464755,202.02176083495263,190.72780294300193,201.77975547280431,191.04040966260916,202.0217608349526,190.66561616504032,201.78916524011871,191.12388297649105,202.04709033511753,190.62304309319984,201.66942720696463,190.89558771986106,202.04925065823082,191.0813064362589,202.13208910079237,190.87430118394082,201.69691703024276,190.91519795759055,201.96678118839623,190.24909121311802,201.27766469254377,191.39391315586613,202.58861000181082,190.16645257993983,201.04722942082316,191.78999318935524,202.69930724037732,189.18606281766932,201.29105666276558,194.54125301429207,195.51690076466153,197.49446202012606,195.66488829044286
208.48517909295541,207.25626540646962,207.18298233957401,209.86403889793064,203.08444509671079,213.52232773775378,201.50892808521968,213.45152604223603,201.71808857613399,213.47512660740867,201.99512966203724,213.52805710934129,201.83782660928813,213.64693649214584,201.7389943842135,212.97271533213612,201.51881140433113,213.9246073807484,202.34558483056085,213.35624722460415,201.53152047555827,213.5410754882804,201.80582445163515,213.10790627276174,201.50949027930605,213.50445654416879,201.83726441520176,213.19745571880605,201.49613037170323,213.36926560354323,201.79311538040801,213.58098761127405,202.15957892407147,213.89527744398825,202.07128085448397,213.52805710934135,201.76167541684137,213.42219610547593,201.73955657829987,213.42219610547593,201.76167541684137,213.33264665943162,201.62922831246016,213.36926560354323,201.75226564952698,213.27971615749891,201.51890004662044,213.27971615749891,201.75226564952698,213.42219610547593,201.74896634561426,213.42219610547593,201.75226564952698,213.38557716136432,201.75837611292869,213.36926560354323,201.53086963918258,213.19745571880605,201.80252514772241,213.6103175480342,201.78370561309362,213.33993566678308,201.87200368268108,213.69986699407852,201.91680355385054,213.58098761127405,202.12813896050486,213.64693649214578,201.54093024287266,213.19745571880605,201.88471275390825,213.64693649214578,201.78435644946927,213.58098761127405,202.2605860648861,213.78941644012278,201.73079764736113,213.47512660740867,202.07466880068603,213.7527974960112,202.01837288875151,213.64693649214581,201.74294452450192,213.25038622073873,201.89468471530898,213.57040542504055,201.16844487809684,212.85383594933168,202.43774439814743,214.29755708698286,201.15638664324541,212.61607718372281,202.77757676889459,214.29426390810076,200.00729870814595,212.89860088697137,205.86422156706314,206.99312122933381,209.20148800636161,207.31444393429339
196.86582393559067,195.73440322297159,195.69558555447733,198.34785931975219,192.06001990033869,201.95117384860217,190.56253261342894,201.76957569741731,190.62220494410448,201.73955657829904,190.89558771986106,201.74896634561333,190.64349148002469,201.80431496489669,190.60343285547034,201.27689468447119,190.47738300135634,202.19354818347736,191.24909121311802,201.718947226495,190.62304309319984,202.01630120792669,190.89474957076567,201.48888092750121,190.45693461453146,201.81372473221106,190.81127625688381,201.57171937006271,190.5191213924931,201.72147652233517,190.74908947892217,201.86870437876749,191.06085804943405,202.15411929704459,190.97738473555216,201.86870437876749,190.83256279280405,201.95154282132899,190.95609819963195,201.95154282132899,190.83256279280405,201.73955657829899,190.68522987116148,201.79706552069555,190.77037601484241,201.59448904497995,190.43564807861125,201.61981854514488,190.81127625688381,201.84121455548927,190.72780294300193,201.6545578126242,190.58130817045475,201.63863807977367,190.70818923688077,201.72147652233517,190.56002163453451,201.57171937006271,190.77037601484241,201.82313449952545,190.5191213924931,201.39447239451204,190.60259470637499,201.93346276536516,190.93648449351076,201.98844241192162,191.1443313633159,201.92405299805077,190.37346130064961,201.36914289434714,190.70735455617708,201.92405299805074,190.81043810778843,201.97903264460723,191.24909121311802,202.12878979687963,190.74825132982681,201.85929461145312,191.04040966260916,201.95154282132896,190.74825132982681,201.72147652233519,190.51995954158846,201.47947116018679,190.81043810778843,201.83433408401504,190.1034311212745,201.12929785531205,191.26953959994287,202.48149239759454,190.0813064362589,200.94952158392127,191.68690616935223,202.57626990331053,189.06001643194699,201.25952805690969,194.6451747149988,195.7758472019743,197.941147074393,196.19091221610964
208.44586138501222,207.18788199706543,207.05866586595604,209.86403889793064,203.2616920722615,213.71044918031205,201.6011762950956,213.39859554030335,201.59835054297989,213.42219610547596,201.99512966203727,213.47512660740861,201.71808857613402,213.64693649214584,201.9509806272435,213.30331672267144,201.80638664572155,214.01415682679271,202.26058606488607,213.35624722460415,201.70876745110894,213.87167687881569,202.12813896050486,213.25038622073876,201.50949027930605,213.59400599021311,202.03984089091736,213.47512660740864,201.76562555712982,213.50445654416879,201.76562555712979,213.47512660740864,202.03984089091736,213.84234694205551,202.071280854484,213.61760655538566,201.964251892557,213.75279749601123,202.12878979688054,213.75279749601123,201.964251892557,213.51174555152025,201.83180478817576,213.5573870461015,201.81918435923797,213.2267856555662,201.42449151363127,213.31633510161052,201.92951262507768,213.6103175480342,201.84121455549018,213.36926560354323,201.63252761637287,213.42219610547593,201.96095258864429,213.69986699407852,201.92010285776325,213.47512660740864,201.88536359028393,213.50445654416879,201.5536393140998,213.14452521687335,201.75226564952698,213.64693649214578,201.91680355385054,213.58098761127405,202.12813896050486,213.59400599021308,201.42119220971855,213.05497577082903,201.77438448806853,213.59400599021308,201.7749466821549,213.52805710934135,202.15025779904639,213.69986699407849,201.73079764736116,213.47512660740864,201.98242059081014,213.4221961054759,201.51881140433113,213.1738551536335,201.42063001563221,213.10790627276171,201.89468471530901,213.57040542504055,201.16844487809686,212.76428650328739,202.23516792243186,214.05650514249189,200.96972990038034,212.61607718372281,202.96423351175966,214.53531585259176,200.20987518386158,212.98815033301568,205.86422156706317,206.99312122933384,209.20148800636159,207.31444393429337
197.46841654024522,196.16915861938992,195.89879690151332,198.44556715665405,192.16477975014078,201.98921241999417,190.47822461884337,201.61444756040811,190.49866953727658,201.76167541684052,191.01996127578431,201.87200368268014,190.74825132982679,202.14149886810679,191.22864282629314,202.01923153911247,191.0813064362589,202.42691378638386,191.12388297649105,201.6046688203669,190.66561616504029,202.28184625306483,191.22780467719778,201.68750726292839,190.54040792841334,202.01235106763824,191.1443313633159,201.95700244835496,190.83256279280403,201.80977459192263,190.60259470637499,201.66001743965018,190.89474957076567,202.14149886810674,191.08214458535429,201.98233194851989,190.93564981280707,202.04925065823085,191.04124434331288,202.04925065823087,190.93564981280707,201.87200368268017,190.83256279280405,201.85392362671638,190.68606802025684,201.46469040813568,190.35301291382476,201.64193738368638,190.89474957076567,201.92951262507674,190.81127625688381,201.72693614936114,190.64516777821544,201.86259391536578,191.10175829147545,202.25182713394645,191.12471765719474,201.95700244835496,190.85217649892519,201.80036482460824,190.56169446433356,201.63468793948527,190.89474957076567,202.01235106763824,190.78998972096358,201.77975547280431,190.97822288464755,201.90202280179852,190.45693461453146,201.4574409639346,190.79082787005893,201.90202280179849,190.64432962912008,201.6694272069646,190.87430118394082,201.84451385940193,190.62304309319984,201.76167541684052,190.89558771986106,201.64193738368633,190.35217476472937,201.40246131737817,190.35385106292011,201.46685073124894,190.91519795759055,201.96678118839623,190.24909121311802,201.16733642670405,191.1443313633159,202.29162499310604,189.93648449351076,201.04722942082316,192.01996127578431,202.9962922490821,189.43564461021955,201.40138492860527,194.54125301429207,195.51690076466153,197.49446202012606,195.66488829044286
208.99302745904137,207.57857991533933,207.24046352187625,209.86403889793064,203.16944386238558,213.52232773775378,201.33168110966901,213.12092465170073,201.39577406726428,213.33264665943165,201.99512966203724,213.47512660740858,201.71808857613402,213.78941644012286,202.27329513611321,213.68684861513941,202.1033716544263,214.06708732872542,202.0833390893354,213.16812578204588,201.61651924123305,213.9246073807484,202.24787699365896,213.30331672267147,201.50949027930605,213.64693649214581,202.15957892407147,213.58098761127405,201.79311538040801,213.36926560354323,201.49613037170323,213.14452521687335,201.71752638204765,213.6103175480342,201.96095258864426,213.47512660740864,201.75226564952698,213.42219610547593,201.74896634561426,213.42219610547593,201.75226564952698,213.38557716136432,201.75837611292866,213.42219610547593,201.65060767233669,213.09159471494064,201.35106283838417,213.2430972133873,201.83726441520176,213.51174555152025,201.77429584577922,213.33264665943162,201.61660788352233,213.42219610547593,201.97687232149482,213.75279749601123,202.02392115806683,213.52805710934135,201.80903511325855,213.40588454765484,201.56304908141419,213.29602771532001,201.92951262507765,213.64693649214581,201.73955657829987,213.33993566678308,201.91615271747486,213.50445654416876,201.43060197703295,213.05497577082903,201.76497472075414,213.45152604223605,201.46204194059956,213.10790627276174,201.76102458046572,213.45881504958749,201.63854943748524,213.38557716136435,201.87209232497042,213.27971615749888,201.39907337117702,213.12092465170079,201.42063001563221,213.16083677469442,202.01442274846312,213.76581587495028,201.39851117709065,212.90676645126439,202.23516792243183,213.96695569644757,200.85940163454063,212.61607718372281,203.07456177759937,214.67779580056876,200.32961321701566,212.95153138890407,205.66164509134754,206.66251983879852,208.72270534173663,206.7812660680425
197.36208072748988,196.06898378119661,195.80591382031704,198.34785931975219,192.06001990033869,201.86617508292738,190.35385106292011,201.48200045602692,190.37262315155425,201.62922831245933,190.89558771986106,201.74896634561333,190.64349148002469,202.03438126389051,191.12388297649105,201.89619420204568,190.95693288033564,202.31328621663147,191.04040966260919,201.54170025094433,190.62304309319984,202.22828745095669,191.16561789923614,201.60861896065532,190.45693461453146,201.93346276536516,191.08214458535429,201.90344364624681,190.78998972096358,201.75621578981449,190.54040792841334,201.461391104223,190.54040792841334,201.72147652233517,190.72780294300193,201.63863807977367,190.56169446433358,201.54422954678449,190.49783485657289,201.54422954678449,190.56169446433358,201.63863807977367,190.72780294300196,201.83180478817488,190.78998972096358,201.62922831245928,190.4782211504517,201.63863807977367,190.81127625688381,201.8665440556542,190.76870318504334,201.6639675799386,190.56169446433358,201.63863807977367,190.72780294300193,201.84121455548927,190.81127625688381,201.78370561309271,190.78998972096358,201.75621578981449,190.54040792841334,201.5811291373771,190.81127625688381,201.93346276536516,190.72780294300193,201.69145740321684,190.87346303484543,201.81372473221106,190.39474783656985,201.36914289434714,190.68606802025684,201.69398669905692,190.31127452268797,201.36914289434714,190.76954133413872,201.92405299805074,190.74825132982681,201.74896634561344,190.79082787005893,201.62922831245925,190.47738300135634,201.60173848918109,190.51995954158846,201.5992091933409,191.0813064362589,202.27638662603886,190.6238812422952,201.45161236418176,191.26953959994287,202.27891592187896,189.83172464370867,200.94952158392127,191.93648796190246,202.89858441218024,189.33088476041746,201.26893782422408,194.39559292244857,195.36853392742981,197.35126892957399,195.53401714901491
208.44586138501222,207.24081249899814,207.17840389911015,210.00651884590766,203.37202033810121,213.76337968224476,201.61058606240999,213.39859554030335,201.58894077566552,213.36926560354325,201.88480139619756,213.33264665943159,201.59835054297992,213.59400599021313,201.9509806272435,213.30331672267144,201.80638664572155,214.01415682679271,202.26058606488607,213.35624722460415,201.70876745110894,213.87167687881569,202.12813896050486,213.25038622073876,201.50949027930605,213.64693649214581,202.15957892407147,213.67053705731837,201.99569185612364,213.69986699407852,201.8853635902839,213.33264665943162,201.59778834889354,213.31633510161049,201.66396757993951,213.33264665943162,201.72693614936207,213.36926560354323,201.65455781262509,213.2267856555662,201.49686985036826,213.2267856555662,201.74680602250098,213.64693649214581,202.10675960062835,213.6103175480342,201.7562157898154,213.51174555152025,202.03984089091739,213.75279749601123,201.96095258864429,213.42219610547593,201.6325276163729,213.27971615749891,201.63863807977458,213.36926560354323,201.74285588221258,213.47512660740864,201.97036235595871,213.5573870461015,201.58837858157912,213.14452521687335,201.71752638204765,213.64693649214578,201.95154282132987,213.58098761127405,202.09339969302553,213.59400599021308,201.45593147719788,213.05497577082903,201.73964522058921,213.39859554030335,201.36763340761038,213.14452521687335,202.03051976589228,213.83505793470405,201.90804462291183,213.42219610547596,201.77768379198125,213.3692656035432,201.6960583798818,213.50445654416879,201.74294452450192,213.39286616871576,202.21699922417872,214.09641726548557,201.78774439567135,213.23736784179971,202.43774439814746,214.05650514249189,200.85940163454063,212.61607718372281,203.07456177759937,214.67779580056879,200.32961321701569,213.04108083494839,205.86422156706317,206.99312122933384,209.20148800636161,207.31444393429337
196.972159748346,195.95431609431901,196.05933696414408,198.76788166552376,192.41436154269101,202.19394921882306,190.70819270527244,201.90202280179849,190.72696479390657,201.75226564952612,190.77037948323408,201.54968917381044,190.47738300135632,201.79169453595887,190.70819270527244,201.39993202153798,190.6017565572796,202.30717575322976,191.33256452699987,201.78191579591757,190.66561616504029,202.06986001003483,190.95693634872731,201.56776922977429,190.54040792841334,202.01235106763824,191.1443313633159,202.06733071419467,191.08214458535426,202.21708786646712,191.08214458535429,201.83726441520085,190.6238812422952,201.63252761637196,190.60259470637499,201.75226564952607,190.89474957076567,201.92951262507674,190.81127625688381,201.60719811620703,190.37429944974497,201.42054137334196,190.58130817045475,201.92951262507674,191.12471765719474,202.04925065823085,190.85217649892522,201.97292218120549,191.1443313633159,202.22649763378152,191.04124434331288,201.83726441520085,190.6647814843366,201.63252761637196,190.56169446433358,201.63252761637196,190.6647814843366,201.83726441520085,191.04124434331285,201.98702156747331,190.60259470637499,201.44803119662018,190.6238812422952,202.01235106763824,191.06085804943405,202.07674048150909,191.18690443515638,202.01235106763824,190.49783485657287,201.4574409639346,190.74992762801753,201.78228476864439,190.41436154269101,201.56776922977431,191.08298273444964,202.19900781050328,190.83172464370867,201.6600174396502,190.66561963343199,201.75226564952604,190.83172464370867,202.02176083495266,190.87430118394082,201.80724529608247,191.16477975014078,202.37409446294072,190.72864109209732,201.57464970124855,191.39391315586613,202.40195325894575,189.93648449351076,201.04722942082316,192.01996127578431,202.9962922490821,189.43564461021955,201.51171319444498,194.7908348068423,195.92421403920602,198.08434016494508,196.32178335753756
208.56531877168533,207.42893394155644,207.45730885185111,210.24757079039864,203.48234860394092,213.80728763370783,201.66340538585311,213.55738704610144,201.80308734180878,213.47512660740867,201.81788268648657,213.197455718806,201.51551210041839,213.50445654416882,201.7389943842135,212.97271533213612,201.51881140433113,213.9246073807484,202.34558483056085,213.40917772653685,201.65125850871237,213.73648593819013,202.03589075062897,213.30331672267147,201.62922831246016,213.69986699407852,202.15957892407147,213.72346755925108,202.11542988927775,213.89527744398825,202.11542988927772,213.52805710934135,201.71752638204765,213.42219610547593,201.78370561309362,213.61760655538566,202.15957892407147,213.80572799794393,201.96095258864429,213.33264665943162,201.42995114065727,213.09159471494064,201.57171937006359,213.47512660740864,201.95700244835587,213.52805710934135,201.78370561309359,213.61760655538566,202.15957892407147,213.80572799794393,201.96095258864429,213.47512660740864,201.75226564952698,213.42219610547593,201.74896634561429,213.42219610547593,201.75226564952698,213.52805710934135,202.0806906217984,213.69986699407852,201.70811661473323,213.19745571880605,201.71752638204765,213.64693649214581,201.95154282132987,213.63391811320676,202.21313772617964,213.78941644012281,201.6859977761917,213.25038622073876,201.85938325374332,213.50445654416876,201.48737144076449,213.25038622073879,202.0580095891705,213.69986699407849,201.63854943748524,213.19745571880608,201.69484534941975,213.47512660740858,201.92612467887562,213.69986699407852,201.86268255765603,213.35624722460415,202.01442274846312,213.81874637688298,201.51824921024476,213.10217690117412,202.46523422142565,214.1623661463573,200.97913966769474,212.66900768565552,203.07456177759937,214.73072630250147,200.4493512501698,213.23649128485812,206.09428786605699,207.18853167924354,209.32122603951569,207.3673744362261
197.33138442425519,196.15398254687139,196.03588190674611,198.644844328457,192.30960169288889,202.12157088208613,190.66561963343199,201.93346276536514,190.87345956645376,201.96095258864344,190.93648796190246,201.69145740321676,190.66477801594493,202.01630120792672,190.85301464802058,201.39663271762529,190.49866953727658,202.20295795079176,191.24909121311802,201.75368649397433,190.68522987116148,202.17077850856012,191.16561789923614,201.82060520368532,190.72780294300193,202.05320079851927,191.08214458535429,202.02318167940092,191.06085804943405,202.19826833183831,191.06085804943405,201.90344364624681,190.81127625688381,201.96095258864338,190.9986712714724,202.1910188876372,191.33172637790452,202.28326709751309,190.9986712714724,201.78370561309271,190.60259470637499,201.67337734725299,190.74908947892217,201.87595382296863,190.85217649892522,201.78370561309271,190.74908947892217,201.9703623559578,191.08214458535429,201.98628208880831,190.76870318504334,201.78370561309271,190.83256279280405,201.96095258864338,190.97738473555216,201.96095258864338,190.83256279280405,201.90344364624681,191.03957151351381,202.0785302986842,190.81127625688381,201.70086717053121,190.81127625688381,201.93346276536516,190.72780294300193,201.81119543637095,191.1443313633159,202.25577727423487,190.91519795759055,201.81119543637095,190.95693634872731,201.93346276536514,190.58214285115844,201.70086717053124,191.04040966260916,201.95879226553006,190.53956977931799,201.58112913737716,190.81211440597917,201.96095258864335,190.99783312237705,202.0437910312049,190.79082787005893,201.60861896065529,190.83172464370867,201.98881138464847,190.41519969178637,201.48635163166108,191.54040792841334,202.61064019806307,190.10259297217914,201.0692596170754,191.93648796190246,203.01832244533435,189.60175308888793,201.7109903662479,194.91604304346924,195.81058646945363,197.62213725804446,195.65375518216902
208.78104121601137,207.36771655795815,207.00581878241857,209.81110839599793,203.33728107062186,213.85292912828908,201.75565359572903,213.59400599021305,201.88592578437027,213.69986699407855,202.08737787191316,213.47512660740861,201.81033678600991,213.81874637688301,201.99907980232567,213.10790627276171,201.50073134836734,213.81874637688301,202.21643703009235,213.39286616871576,201.74350671858826,213.9246073807484,202.30538593605553,213.52805710934135,201.71206675502165,213.59400599021311,201.92951262507765,213.52805710934135,201.99569185612361,213.84234694205554,202.11542988927772,213.61760655538566,201.92010285776328,213.69986699407852,202.05320079852018,213.80572799794393,202.25182713394739,213.84234694205554,201.95154282132987,213.51174555152025,201.84451385940289,213.6103175480342,202.01846153104083,213.69986699407852,201.95484212524261,213.51174555152025,201.84121455549018,213.6103175480342,201.92951262507768,213.36926560354323,201.5442295467854,213.36926560354323,201.92951262507768,213.75279749601123,202.16352906435989,213.75279749601123,201.92951262507765,213.61760655538566,202.10602012196333,213.78941644012284,201.88536359028393,213.43850766329703,201.92951262507765,213.59400599021311,201.61981854514576,213.28700516485037,202.00840092735075,213.83505793470405,201.93016346145333,213.47512660740864,201.96755119646974,213.54107548828037,201.55429015047545,213.38557716136435,202.14084803173202,213.68355543625739,201.61105961420705,213.33264665943162,201.96434053484631,213.7527974960112,202.12870115459123,213.78941644012284,201.86268255765603,213.30331672267144,201.89468471530901,213.71288537301757,201.49075938696654,213.23736784179971,202.73472940685224,214.38710653302718,201.06197811025623,212.5631466817901,202.84449547860555,214.62486529863608,200.53218969273127,213.37168222548368,206.16120657576795,206.99312122933381,208.76202304967981,206.60859753295566
197.32049272488527,195.85546669776522,195.3303035051793,198.02884411479516,192.10259297217914,202.14112989537992,190.70819270527244,201.80036482460818,190.70567825798634,201.9201028577624,190.97906103374291,201.7450162053249,190.72696479390657,202.06986001003483,190.89558771986106,201.36519275405865,190.35217476472937,201.97545147704565,191.04040966260916,201.65276799544904,190.66561616504029,202.15485877570961,191.16561789923614,201.73560643801056,190.5191213924931,201.68062679145413,190.6238812422952,201.62527817217085,190.81127625688381,202.09734983331302,191.08214458535429,201.94759268104056,190.87346303484543,201.92010285776234,190.81127625688381,201.83726441520085,190.89474957076567,201.92010285776234,190.78998972096358,201.82785464788645,190.89474957076567,202.00510162343713,190.9986712714724,202.00510162343713,190.89474957076567,201.82785464788645,190.78998972096358,201.80036482460824,190.6238812422952,201.39521187317703,190.29082613586311,201.59778834889264,190.87346303484543,202.03984089091645,191.08214458535429,202.03984089091645,190.87346303484543,201.94759268104056,191.08214458535429,202.09734983331302,190.81127625688381,201.74501620532496,190.89474957076567,201.89261303448413,190.5191213924931,201.44803119662021,190.70735455617708,201.8672835343192,190.66561616504029,201.62527817217088,190.76954133413869,201.6806267914541,190.37346130064961,201.62527817217088,191.0616961985294,201.97761180015888,190.5608563152382,201.62527817217088,190.87430118394082,202.03984089091642,191.0813064362589,202.13208910079237,190.87430118394082,201.68750726292836,190.89391142167031,202.04237018675661,190.45777276362685,201.53991043376922,191.60259470637496,202.56979046718203,189.91519795759055,200.71550514463902,191.49951115476361,202.664567972898,189.41435807429934,201.56922213684155,194.7499345648009,195.4821614971822,197.10385565850152,195.06229568578826
208.74172350806819,207.20978370250967,206.678925833085,209.53343750739535,203.24503286074597,213.81631018417747,201.67281515316753,213.3692656035432,201.61643059894371,213.47512660740867,201.91229121947578,213.30331672267141,201.66057963373746,213.64693649214581,201.82399314988828,212.88316588609183,201.23123616294075,213.5410754882804,202.01386055437675,213.21376727662712,201.54093024287263,213.64693649214581,202.03589075062897,213.30331672267147,201.53698010258427,213.36926560354323,201.66001743965109,213.25038622073876,201.79311538040804,213.75279749601123,202.11542988927772,213.58098761127405,201.83726441520176,213.42219610547593,201.57171937006359,213.19745571880605,201.66942720696548,213.47512660740864,201.85929461145398,213.52805710934135,201.88141344999551,213.47512660740864,201.73955657829987,213.47512660740864,201.88141344999551,213.52805710934135,201.85929461145398,213.42219610547593,201.54968917381137,213.00204526889632,201.34165307106977,213.27971615749891,201.83726441520176,213.52805710934135,201.90344364624769,213.61760655538566,201.94759268104147,213.72346755925108,202.23516792243186,213.80572799794393,201.79311538040801,213.39286616871578,201.98233194852079,213.69986699407849,201.71422707813491,213.16083677469445,201.62857747608447,213.31633510161049,201.44868203299677,213.16083677469445,201.80187431134672,213.3692656035432,201.39512323088863,213.25038622073879,202.0580095891705,213.61031754803417,201.52822117164553,213.19745571880608,201.80517361525946,213.61760655538561,202.0458627120297,213.80572799794393,201.98242059081011,213.49872717258117,202.12475101430283,213.81874637688298,201.40792094440505,213.01262745512983,202.46523422142565,214.10943564442459,200.76715342466474,212.1959263471432,202.46467202733928,214.25764496398915,200.23736500713977,213.0940113368811,205.89171139034138,206.71545034073122,208.55944657396418,206.51904808691134
197.54337066728519,196.13727563395148,195.69735659684116,198.35726908706661,192.30960169288889,202.22322885927645,190.68690616935223,201.76562555712886,190.66477801594493,201.88536359028305,190.9577744978227,201.73560643801051,190.72696479390657,202.06045024272044,190.87430118394082,201.32104371926491,190.28998798676773,201.9153827094014,190.99950942056779,201.53302996229493,190.43564807861125,201.88320326716973,190.95693634872731,201.74501620532493,190.74908947892217,201.97761180015891,190.87346303484546,201.73560643801054,190.81127625688381,202.08794006599859,191.06085804943405,201.91285341356124,190.83256279280405,201.76562555712889,190.5191213924931,201.49613037170235,190.62388124229523,201.88536359028299,190.9986712714724,202.00510162343713,190.8947495707657,201.70811661473232,190.5191213924931,201.70811661473235,190.8947495707657,202.0051016234371,190.9986712714724,201.88536359028302,190.62388124229523,201.49613037170232,190.5191213924931,201.76562555712891,190.83256279280405,201.7931153804071,190.78998972096358,201.99569185612273,191.08214458535429,202.23516792243095,191.33172637790452,202.2076780991527,190.81127625688381,201.84593470385028,191.12304482739569,202.26518704154927,190.957771029431,201.71027693784563,190.68606802025684,201.67121702413971,190.43564807861125,201.62527817217085,190.99950942056779,201.97761180015888,190.62304309319984,201.73560643801056,191.0616961985294,201.97761180015885,190.5608563152382,201.61586840485649,190.85301464802058,201.99569185612268,191.01911965829729,202.17293883167343,191.0616961985294,202.05067150267914,191.35217476472937,202.32053566083258,190.43648622770661,201.3185144234248,191.33172637790452,202.41531316654857,189.85301117962891,200.67135610984531,191.4782246188434,202.62041893810425,189.3521712963377,201.51566333473343,194.70736149296042,195.52301122806324,197.37255546549423,195.54342691632931
208.90049860268448,207.50290749858371,207.16498570200542,209.9462993366235,203.42011951318335,213.83661757046798,201.63591556257492,213.45152604223605,201.77559751853056,213.64693649214584,202.07796810459874,213.47512660740858,201.81974655332431,213.81874637688301,201.98967003501124,213.054975770829,201.3904030825276,213.67626642890596,202.09669899693827,213.19745571880605,201.42119220971855,213.5410754882804,202.00840092735078,213.52805710934135,202.00905176372643,213.9246073807484,202.13208910079328,213.47512660740864,201.76562555712982,213.59400599021311,201.87595382296951,213.42219610547593,201.80977459192354,213.50445654416879,201.72147652233605,213.31633510161052,201.72477582624879,213.50445654416879,201.89872349788672,213.5573870461015,201.84451385940289,213.31633510161052,201.50949027930605,213.31633510161052,201.84451385940289,213.5573870461015,201.89872349788672,213.50445654416879,201.72477582624879,213.31633510161052,201.72147652233605,213.50445654416879,201.80977459192357,213.36926560354323,201.7562157898154,213.64693649214581,202.09734983331393,213.80572799794393,202.20767809915364,213.78941644012284,201.87595382296951,213.61760655538566,202.25182713394739,213.9246073807484,201.88931373057233,213.33264665943162,201.77833462835693,213.48814498634766,201.62376868543419,213.47512660740864,202.27394597248892,213.92460738074837,201.8671948920308,213.47512660740864,202.03051976589228,213.59400599021308,201.61105961420702,213.42219610547596,202.07466880068603,213.69986699407849,201.89863485559741,213.59400599021313,201.83519273437781,213.58098761127405,202.39424619972939,213.99055626162016,201.37102135381247,212.90676645126442,202.44715416546182,214.33417603109447,201.13756710861662,212.51021617985739,202.64916844709106,214.33990540268204,200.26738412625812,213.21289071968556,206.06679804277877,206.9401907274011,208.91849120543509,206.99929545122953
197.07781017862061,195.83743434320581,195.62792857304285,198.28168008870622,192.0813064362589,201.91032411772113,190.41603784088173,201.64588752397475,190.66477801594493,201.87595382296865,190.93648796190243,201.70086717053118,190.68606455186517,202.02571097524111,190.85301464802058,201.32104371926491,190.31127452268797,201.94071220956633,191.01912312668892,201.52362019498054,190.39474783656985,201.82313449952548,190.89474957076567,201.81119543637092,190.97738473555216,202.2557772742349,191.08214458535426,201.70086717053124,190.54040792841334,201.64588752397481,190.54040792841334,201.49613037170235,190.60259470637499,201.76562555712889,190.74908947892217,201.67337734725302,190.60259470637496,201.55363931409889,190.4782211504517,201.55363931409892,190.60259470637496,201.55363931409889,190.4782211504517,201.55363931409892,190.60259470637496,201.55363931409889,190.4782211504517,201.55363931409892,190.60259470637496,201.67337734725299,190.74908947892217,201.76562555712891,190.60259470637499,201.49613037170232,190.54040792841334,201.76562555712891,190.81127625688381,201.79311538040713,190.81127625688381,201.87595382296863,190.78998972096358,201.91285341356124,191.1034311212745,201.96820203284452,190.49783485657287,201.40388216182646,190.64516777821544,201.82313449952545,190.64432962912005,201.81119543637095,191.22780467719778,202.25577727423487,190.83172464370867,201.70086717053124,190.79082787005893,201.75621578981446,190.53956977931796,201.79311538040716,191.08298273444964,201.88536359028299,190.53956977931796,201.46864054842416,190.33256452699987,201.53302996229493,191.10259297217914,202.09046936183876,190.16561789923614,201.11593794770923,191.35301291382476,202.73762767541828,190.35217476472937,200.99367061871502,191.49951115476361,202.41784246238865,189.08130296786723,201.40533506889372,194.72864802888066,195.55775049554256,197.42286547485003,195.59945271972887
208.23387514198222,206.94039969557267,206.74118268393687,209.58636800932805,203.06778588519529,213.48570879364217,201.35050064429782,213.27971615749885,201.73616863209782,213.61760655538569,202.02261948531546,213.35624722460412,201.66998940105185,213.64693649214584,201.81458338257386,212.88316588609183,201.24064593025514,213.59400599021311,202.12418882021649,213.35624722460415,201.66066827602677,213.69986699407852,202.03589075062897,213.44579667064846,201.85929461145398,213.75279749601123,201.95700244835587,213.30331672267147,201.61586840485734,213.42219610547593,201.70086717053212,213.25038622073876,201.66001743965111,213.47512660740864,201.86870437876837,213.43850766329703,201.66942720696551,213.14452521687332,201.35973312703359,213.14452521687335,201.66942720696551,213.38557716136432,201.74896634561426,213.38557716136432,201.66942720696551,213.14452521687335,201.35973312703359,213.14452521687335,201.66942720696551,213.43850766329703,201.86870437876837,213.47512660740864,201.66001743965109,213.25038622073876,201.70086717053212,213.47512660740864,201.73560643801147,213.25038622073876,201.62527817217173,213.47512660740864,201.90344364624772,213.68684861513947,202.19647851466411,213.61760655538566,201.4700613928733,213.1151952801132,201.83331427491336,213.61031754803417,201.6606682760268,213.35624722460418,202.12418882021643,213.84234694205551,201.80243650543312,213.3033167226715,201.77043434778011,213.4221961054759,201.63854943748524,213.58098761127408,202.22189665711835,213.58098761127403,201.54630122760935,213.09159471494064,201.27087286335973,213.07857633600156,202.04191257174131,213.72919693083867,201.19593470137505,212.82450601257156,202.499973488905,214.5458980388253,201.47145170791399,212.72193818758822,202.60973956065831,214.06952352143088,199.91505049827006,213.00446189083678,206.01144942349549,206.91086079064095,208.84244337489073,206.83419656997518
197.07781017862061,195.84684411052021,195.64921510896309,198.31641935618555,192.1222066783003,201.95447315251485,190.45861091272221,201.80977459192258,190.97654658645681,202.25182713394648,191.24992936221338,201.89949350595833,190.78915157186822,202.10459927751415,190.89558771986106,201.36519275405863,190.35217476472937,202.06986001003483,191.27037774903823,201.98449227163314,190.97738473555219,202.33466557650794,191.22780467719778,201.89949350595839,190.81127625688381,202.02176083495263,190.89474957076567,201.77975547280428,190.87346303484546,202.13208910079234,191.08214458535429,201.95700244835496,190.89474957076567,202.03984089091645,191.06085804943405,202.04925065823085,190.91603610668591,201.75226564952607,190.58130817045475,201.75226564952607,190.91603610668591,202.04925065823085,191.06085804943405,202.04925065823085,190.91603610668591,201.75226564952607,190.58130817045475,201.75226564952607,190.91603610668591,202.04925065823085,191.06085804943405,202.03984089091645,190.89474957076567,201.95700244835496,191.08214458535429,202.13208910079234,190.87346303484546,201.66001743965018,190.62388124229523,201.92951262507674,191.08214458535429,202.27931695722467,191.41519969178637,202.25182713394645,190.81127625688381,201.89949350595842,191.22780467719778,202.22433731066823,190.72780294300193,201.69691703024282,191.06169619852943,202.2243373106682,190.89391142167031,201.77975547280431,190.87430118394082,201.92951262507668,190.83172464370867,202.15957892407059,191.39475130496152,202.15957892407053,190.83172464370867,201.80977459192266,190.60343285547034,201.68750726292836,191.16477975014078,202.25435642978661,190.45777276362685,201.47299172405826,191.64349494841639,202.98651350904089,190.62471592299892,201.33480466221351,191.78999318935524,202.59764926318701,189.16477628174911,201.56922213684155,194.99951635735113,195.8894747717267,197.6937338033205,195.71919075288298
208.64769038886774,207.3831694654296,207.22238346591243,210.03584878266781,203.42011951318335,213.74706812442366,201.52558729673521,213.54107548828037,202.08850226008587,213.97753788268113,202.26462484746384,213.47512660740861,201.72533802033516,213.76581587495031,201.96434053484634,213.0020452688963,201.29599454953845,213.62333592697325,202.16361770664923,213.52805710934132,201.94608319430387,214.01415682679271,202.30538593605553,213.52805710934135,201.71206675502165,213.5410754882804,201.80977459192354,213.42219610547593,201.96820203284543,213.9246073807484,202.26518704155018,213.75279749601123,202.01235106763917,213.73648593819013,202.04379103120576,213.69986699407852,202.02176083495357,213.64693649214581,201.92405299805165,213.64693649214581,202.02176083495357,213.64693649214581,201.92405299805165,213.64693649214581,202.02176083495357,213.64693649214581,201.92405299805165,213.64693649214581,202.02176083495357,213.69986699407852,202.04379103120576,213.73648593819013,202.01235106763917,213.69986699407852,202.14544900839607,213.78212743277138,201.85787376700571,213.31633510161052,201.68062679145504,213.59400599021311,202.05320079852021,213.84234694205554,202.33466557650885,213.92460738074837,201.99097170776261,213.80572799794393,202.49855264445674,213.96122632485998,201.63317845274855,213.19745571880605,201.97696096378411,213.87167687881566,201.95219365770555,213.47512660740867,201.9455210002175,213.59400599021308,201.78830658975772,213.69986699407855,202.27724527640163,213.78941644012281,201.9908830654733,213.72919693083867,201.89270167677435,213.47512660740861,202.18950940090048,213.93762575968745,201.54826832936311,213.184437339867,202.64973064117746,214.4766559790715,201.34955335164662,212.84081757039269,202.93674368848144,214.42945484872635,200.18238536058334,213.21289071968556,206.24404501832944,207.2707921179364,209.2408057143048,207.14177539920655
196.9714743658653,195.85699753816661,195.80591382031704,198.52510629530286,192.26870145084749,201.9765033487671,190.39475130496152,201.71206675502074,190.85217303053352,202.00905176372561,190.87430118394082,201.44473189270744,190.39390968747446,201.86182390729329,190.79082787005893,201.15715665131708,190.01911965829726,201.57424866590287,190.70735455617708,201.47947116018679,190.62304309319984,202.10129997360147,191.1034311212745,201.65671813573749,190.43564807861122,201.59232872186666,190.54040792841334,201.53698010258339,190.72780294300193,202.00905176372555,190.9986712714724,201.85929461145309,190.78998972096358,201.83180478817488,190.72780294300193,201.73955657829899,190.78998972096358,201.91680355384966,190.93648449351076,201.91680355384966,190.78998972096358,201.61981854514488,190.45693461453146,201.61981854514488,190.78998972096358,201.91680355384966,190.93648449351076,201.91680355384966,190.78998972096358,201.73955657829899,190.72780294300193,201.83180478817488,190.78998972096358,201.73955657829899,190.72780294300193,201.68673725485584,190.4782211504517,201.41724206942928,190.5191213924931,201.71206675502077,190.72780294300193,201.73955657829899,190.78998972096358,201.79706552069555,190.66561616504029,201.94429337712791,191.33172637790449,202.09189020628705,190.37346130064961,201.26748491715685,190.68606802025684,201.98156194044731,190.76953786574703,201.65671813573752,190.76954133413869,201.71206675502074,190.47738300135634,201.6292283124593,190.79082787005893,201.73955657829896,190.72696479390657,201.88931373057147,190.72864109209729,201.56446992586157,190.81043810778843,201.94466234985475,190.35301291382473,201.34128409834204,191.29082613586311,202.30424542204389,189.85133834982983,200.82978355076716,191.64600592731082,202.5509404031456,189.06001643194699,201.25952805690969,194.64517471499877,195.69084843629952,197.62213725804446,195.65375518216902
207.98106692816549,206.91021110846285,207.00115692355951,209.96989990179605,203.37418066121447,213.6811192435519,201.48615841030247,213.42219610547588,201.83057716508702,213.52805710934138,201.72563447661068,212.97271533213612,201.34767489218214,213.5573870461015,201.93432141572799,212.93609638802451,201.14839772037925,213.31633510161052,201.74436536895018,213.07857633600156,201.56842006615088,213.75279749601123,202.15562878378307,213.35624722460418,201.53698010258424,213.36926560354323,201.66001743965109,213.16083677469445,201.59053890469241,213.47512660740864,201.84593470385116,213.44579667064849,201.86475423847997,213.58098761127405,201.8111954363718,213.39286616871578,201.77975547280519,213.58098761127405,201.98844241192248,213.58098761127405,201.77975547280519,213.19745571880605,201.36914289434799,213.19745571880605,201.77975547280519,213.58098761127405,201.98844241192248,213.58098761127405,201.77975547280519,213.39286616871578,201.8111954363718,213.58098761127405,201.86475423847997,213.30331672267147,201.52362019498142,213.14452521687335,201.41329192914176,213.10790627276174,201.62527817217173,213.38557716136432,201.70086717053212,213.30331672267147,201.6875072629293,213.28700516485034,201.4794711601877,213.40917772653688,202.24062754945783,213.7527974960112,201.4834213004761,213.02564583406888,201.80187431134672,213.69986699407849,201.80243650543312,213.3562472246042,201.89017238093422,213.47512660740861,201.54630122760935,213.25038622073876,201.72233517269797,213.30331672267144,201.66603926076345,213.47512660740864,201.67818613790422,213.13150683793427,201.75433733035092,213.5410754882804,201.30626296721476,212.92307800908551,202.27206751302444,213.88469525775471,200.70023471495378,212.33840629512022,202.66940882616817,214.22102601987757,199.94978976574939,212.81634044827851,205.79946318046549,206.91086079064095,208.96218140804481,206.88712707190788
196.61224968995603,195.66674085292863,195.85065541363525,198.6922926671634,192.43564807861125,202.23809825361681,190.77037948323408,202.06590986974632,191.01911965829729,202.00840092734984,190.83256626119572,201.53632926620759,190.5608563152382,202.1581580796223,191.22864282629314,201.74106606503648,190.64432962912008,202.14874831230787,191.12388297649105,201.74106606503651,190.74908947892217,202.26848634546198,191.28999145515942,201.94364254075211,190.83256279280405,202.06590986974638,190.95693634872731,201.71357624175832,190.64516777821544,201.8886628941957,190.93564981280707,202.03589075062803,191.18690443515638,202.30538593605456,191.14433136331593,202.03589075062803,190.97822288464755,202.12813896050389,191.14433136331593,202.12813896050392,190.97822288464755,201.80582445163418,190.62388124229523,201.80582445163421,190.97822288464755,202.12813896050389,191.14433136331593,202.12813896050392,190.97822288464755,202.035890750628,191.14433136331593,202.30538593605459,191.18690443515638,201.92556248478829,190.68606802025687,201.71141591864503,190.68606802025684,201.80582445163421,190.91603610668591,201.98307142718488,190.89474957076567,201.92556248478832,190.97822288464755,201.923402161675,190.66478148433663,201.86805354239175,191.27037774903826,202.27789611277635,190.78998972096358,201.74106606503653,191.08298273444964,202.26848634546195,190.95609819963195,201.94364254075214,191.16645604833153,202.18564790290046,190.89391142167031,201.91615271747395,190.9577744978227,201.92556248478826,190.91519795759055,202.1006491372257,190.93648796190246,201.77580533251583,190.99867127147243,202.13066825634405,190.51995954158849,201.49906070288819,191.41519969178637,202.42077279357454,189.957771029431,200.97164042246277,191.81127972527548,202.74345627517104,189.24824959563097,201.44553396339901,194.81212134276254,195.84862504084563,197.76533034859654,195.78462632359697
208.13984202278178,207.06085495655989,207.16490228361019,210.08877928460052,203.45485878066268,213.88954807240069,201.8131625381256,213.72919693083861,201.97817399424616,213.59400599021313,201.84790180560492,213.22678565556615,201.58027048701609,213.76581587495031,202.20165627804127,213.4221961054759,201.76081676647948,213.95393731750855,202.29060518400445,213.4221961054759,201.67186786051633,213.76581587495028,202.11005890454103,213.47512660740864,201.87990396325793,213.81874637688298,202.02176083495354,213.27971615749891,201.52614949082158,213.48814498634769,201.9682020328454,213.69986699407852,202.18959804318982,213.9246073807484,202.13603924108165,213.64693649214581,201.90202280179943,213.59400599021311,201.92405299805165,213.64693649214581,202.02176083495354,213.64693649214581,201.92405299805165,213.64693649214581,202.02176083495354,213.64693649214581,201.92405299805165,213.59400599021311,201.90202280179943,213.64693649214581,202.13603924108165,213.9246073807484,202.18959804318982,213.64693649214581,201.84846399969126,213.5410754882804,201.85787376700571,213.50445654416879,201.85787376700569,213.5410754882804,201.84846399969129,213.69986699407852,202.30933607634393,213.9246073807484,201.92405299805165,213.56467605345296,202.17623813558703,213.81874637688298,201.72542666262444,213.33264665943162,202.03446990618068,213.76581587495025,201.74745685887669,213.42219610547593,202.12276797576817,213.87167687881566,201.9908830654733,213.64693649214584,202.04717897740781,213.64693649214578,201.9908830654733,213.81874637688301,202.00302994261406,213.47512660740861,202.07918113506079,213.79514581171043,201.428530296209,213.02564583406888,202.41025457486924,214.13876558118474,201.00915878681309,212.59247661855025,202.80759588801294,214.37652434679362,200.19179512789776,213.21289071968556,206.23463525101505,207.21786161600369,209.07754694653238,206.87955741807545
196.72879181960062,195.60889888461341,195.58308876715989,198.26897101747915,192.01744682849821,201.92294454665898,190.5412460775087,201.72542666262356,190.56001816614284,201.54093024287187,190.5412460775087,201.33835376715618,190.31043637359258,201.71601689530925,190.76954133413869,201.39117309059932,190.39390968747446,201.90267363817432,190.91603610668591,201.39117309059932,190.24741491492725,201.60568862946951,190.58298100025382,201.40058285791375,190.6017565572796,201.92800313833922,190.74908947892217,201.28084482475964,190.16477975014075,201.51344041959359,190.66561616504029,201.66066827602594,190.70651640708169,201.74350671858741,190.64432962912008,201.54093024287181,190.45693461453146,201.4211922097177,190.37346130064961,201.54093024287181,190.72780294300193,201.86324475174152,190.89391142167031,201.86324475174152,190.72780294300193,201.54093024287181,190.37346130064961,201.4211922097177,190.45693461453146,201.54093024287181,190.64432962912008,201.74350671858741,190.70651640708169,201.65125850871152,190.64432962912008,201.71817721842248,190.66561616504029,201.54093024287181,190.43564807861122,201.44652170988263,190.43564807861122,201.77099654186566,191.18606628606099,202.21773870284287,190.85301117962891,201.67874833198977,190.76870318504334,201.7160168953092,190.31127452268797,201.28084482475967,190.60259470637496,201.60568862946948,190.22780120880608,201.2808448247597,190.68606802025684,201.83575492846327,190.66477801594493,201.66066827602597,190.70735455617708,201.65125850871149,190.64349148002469,201.80101566098401,190.64516777821544,201.47617185627411,190.72696479390657,201.74603601442757,190.01995780739264,200.9560010200498,190.97738473555216,202.10561908661671,189.74825132982679,200.63115721534001,191.33256452699987,202.28539535800746,188.99782965398535,201.38321623035222,194.81128319366715,195.61196013402648,197.18122088706409,194.99513677411488
208.44586138501222,207.15126305295382,206.97582742339458,209.78177845923778,203.22226318582872,213.6811192435519,201.54582767581232,213.27971615749885,201.44859339070746,213.19745571880608,201.70030497644578,213.16083677469442,201.45800315802188,213.42219610547596,201.76648420749171,212.93609638802454,201.22398671873964,213.36926560354323,201.78851440374393,212.93609638802454,201.20195652248742,213.2267856555662,201.5804783010023,213.07857633600159,201.73230713409876,213.75279749601123,201.8994935059593,213.02564583406888,201.29355389598763,213.33264665943162,201.82060520368623,213.30331672267147,201.56776922977519,213.19745571880605,201.48888092750212,213.10790627276174,201.45744096393548,213.05497577082903,201.36914289434802,213.19745571880605,201.77975547280519,213.58098761127405,201.98844241192251,213.58098761127405,201.77975547280519,213.19745571880605,201.36914289434802,213.05497577082903,201.45744096393548,213.10790627276174,201.48888092750212,213.19745571880605,201.56776922977519,213.25038622073876,201.70086717053212,213.38557716136432,201.62527817217176,213.10790627276174,201.41329192914174,213.14452521687335,201.52362019498145,213.44579667064849,202.18706874734968,213.85865849987664,201.86870437876837,213.35624722460418,201.82390450759894,213.3692656035432,201.28084482476052,212.88316588609186,201.58988806831672,213.22678565556618,201.19254675517303,212.88316588609186,201.67818613790422,213.47512660740861,201.66603926076345,213.3033167226715,201.72233517269797,213.30331672267144,201.66603926076345,213.47512660740867,201.67818613790422,213.13150683793427,201.75433733035095,213.39859554030338,200.98394845834505,212.53954611661752,201.97508250431966,213.74221530977769,200.67490521478885,212.1959263471432,202.37242381746339,213.97997407538659,199.94978976574939,213.05739239276949,206.09644818917027,206.91086079064095,208.52271645136301,206.18128067057017
197.60544865623518,196.30407272506253,196.032580224751,198.67893275956055,192.5191213924931,202.38390526560084,190.79166601915432,201.82248366314965,190.62304309319984,201.88471275390731,191.12472112558643,202.0044507870613,190.89391142167031,202.15420793933387,191.06253434762479,201.59929783563013,190.45693461453146,201.94006137319056,190.9986747398641,201.59929783563015,190.52079422229218,201.91473187302563,190.89391489006198,201.81995436730958,191.12471765719474,202.53403139060012,191.28999145515942,201.81995436730958,190.72864109209732,202.15420793933384,191.22780467719778,202.00445078706136,190.79082787005896,201.77438448806754,190.70735455617708,201.77438448806757,190.79082787005896,201.77438448806754,190.70735455617708,201.88471275390728,191.04040966260919,202.18169776261203,191.18690443515638,202.18169776261206,191.04040966260919,201.88471275390725,190.70735455617708,201.77438448806757,190.79082787005896,201.77438448806754,190.70735455617708,201.77438448806757,190.79082787005896,201.89412252122165,190.97822288464755,201.97696096378317,190.76954133413872,201.68213627819165,190.72864109209732,201.95163146361824,190.97822288464755,202.12418882021547,191.31127799107966,202.29927547265285,190.95693634872731,201.92161234449989,191.08298273444964,202.03446990617971,190.60259470637499,201.58988806831579,190.89558771986106,201.9147318730256,190.5191213924931,201.58988806831579,190.97906103374291,202.15420793933379,190.97738473555219,202.00445078706139,191.04124781170455,202.01386055437573,190.99867127147243,202.18894720681317,191.01996127578431,201.8641034021033,191.08214458535429,202.09922829277741,190.33256452699987,201.26504426360592,191.24909121311802,202.3893328300079,190.01995780739264,200.94020045889613,191.64517124660713,202.61976810172851,189.31043637359261,201.71107900853713,195.12556274307346,195.9275133431187,197.49663054160382,195.30349509305591
208.82035892395456,207.47271891147395,207.21297369859801,210.08877928460052,203.64151552352774,214.07766951495896,201.8037527708112,213.48814498634763,201.69059875285578,213.64693649214584,202.25521508014941,213.69986699407846,201.9025849958858,213.81874637688301,202.09132801220156,213.27971615749885,201.54883052344948,213.71288537301757,202.11335820845377,213.27971615749888,201.52680032719726,213.57040542504055,201.90532210571214,213.4221961054759,202.05715093880858,214.09641726548557,202.22433731066914,213.42219610547593,201.73813573385158,213.81874637688298,202.25577727423575,213.69986699407852,201.90202280179943,213.5410754882804,201.80431496489754,213.45152604223608,201.79169453595972,213.45152604223608,201.80431496489754,213.59400599021311,202.02176083495354,213.64693649214581,201.92405299805165,213.64693649214581,202.02176083495354,213.64693649214581,201.92405299805165,213.59400599021311,201.90202280179943,213.50445654416879,201.81372473221194,213.59400599021311,202.01235106763914,213.69986699407852,202.05320079852015,213.59400599021311,201.68062679145504,213.31633510161052,201.85787376700569,213.78212743277138,202.14544900839604,213.75279749601123,202.13208910079325,213.68355543625742,201.71206675502165,213.42219610547593,202.06590986974729,213.67626642890596,201.60568862947034,213.2267856555662,201.91473187302657,213.57040542504052,201.51739055988284,213.22678565556623,202.00302994261406,213.81874637688296,201.99088306547327,213.64693649214581,202.04717897740781,213.64693649214578,201.99088306547327,213.81874637688301,202.00302994261406,213.52805710934132,202.19891916821487,213.93762575968745,201.53885856204872,213.07857633600156,202.41966434218361,214.13876558118474,200.99974901949869,212.59247661855025,202.81700565532734,214.42945484872632,200.30212339373745,213.35537066766258,206.35437328416916,207.2707921179364,209.07754694653238,206.87955741807545
196.83444224987528,195.6023453993399,195.40126216860889,198.19008271520607,192.16394160104539,202.04663272010151,190.49867300566822,201.57961965063953,190.4978313881812,201.7843564494685,190.97822288464752,201.69210823959253,190.4978313881812,201.74745685887589,190.68606802025684,201.30287502101186,190.31043637359258,201.81437556858685,190.83256279280403,201.30287502101189,190.16394160104539,201.51739055988205,190.49950768637194,201.31228478832628,190.51828324339772,201.83970506875175,190.66561616504029,201.31228478832631,190.35217476472937,201.74745685887584,190.83172464370867,201.69210823959259,190.64432962912008,201.65520864899995,190.53956977931796,201.45263217328434,190.39474783656985,201.45263217328434,190.53956977931796,201.66461841631434,190.66561616504032,201.48737144076367,190.33088822880913,201.48737144076367,190.66561616504032,201.78435644946845,190.81043810778843,201.77494668215405,190.64432962912008,201.57237020643845,190.5608563152382,201.77494668215405,190.89391142167031,201.89468471530816,190.83172464370867,201.66461841631434,190.37346130064961,201.39512323088778,190.62304309319984,201.86719489202994,190.83172464370867,201.69210823959259,190.64432962912008,201.54488038316023,190.28998798676773,201.3951232308878,190.70651640708169,201.63712859303612,190.22780120880608,201.1925467551722,190.5191213924931,201.51739055988202,190.14432789492423,201.19254675517223,190.60259470637496,201.74745685887581,190.58130470206305,201.57237020643851,190.6238812422952,201.56296043912403,190.56001816614284,201.71271759139654,190.56169446433356,201.50761181984075,190.91435980849516,202.09979048686392,190.45693461453146,201.30975549248615,191.16477975014078,202.13705905018335,189.66477801594493,200.66259717890665,191.51995954158846,202.5288215646041,189.18522466857397,201.43998569408379,194.7687101218267,195.65280986490751,197.4499206940568,195.47626800465594
208.2338751419822,206.94039969557264,206.74118268393693,209.69222901319347,203.30726195150351,213.8235991915289,201.69089520913136,213.47512660740861,201.74557839941224,213.58098761127408,202.02261948531549,213.30331672267144,201.45800315802185,213.36926560354323,201.64674617433761,212.88316588609183,201.31623492861556,213.5573870461015,201.96576137929461,213.02564583406885,201.22728602265238,213.2267856555662,201.5551488008374,212.93609638802457,201.43532212539398,213.36926560354323,201.57717899708962,212.88316588609186,201.29355389598763,213.27971615749891,201.70086717053212,213.25038622073876,201.66001743965109,213.33264665943162,201.54638986989869,213.05497577082903,201.3724421982607,213.14452521687335,201.6567181357384,213.43850766329703,201.78916524011962,213.19745571880605,201.35973312703362,213.19745571880605,201.78916524011962,213.58098761127405,201.97903264460811,213.52805710934135,201.66942720696551,213.25038622073876,201.69145740321773,213.67053705731837,202.18706874734968,213.77639806118378,202.02318167940183,213.52805710934135,201.62527817217176,213.25038622073876,201.73560643801144,213.47512660740864,201.70086717053212,213.25038622073876,201.66001743965109,213.27971615749891,201.42665183674455,213.16083677469445,201.82390450759897,213.3692656035432,201.28084482476052,212.88316588609186,201.58988806831672,213.22678565556618,201.19254675517303,212.83023538415918,201.55844810475011,213.27971615749888,201.43597296176966,213.10790627276177,201.60259713954386,213.19745571880603,201.54630122760935,213.27971615749891,201.44811983891043,213.07857633600156,201.95691380606655,213.87167687881569,201.60324797591957,213.06555795706254,202.29739701318937,213.88469525775471,200.67490521478885,212.33840629512022,202.69473832633309,214.36350596785459,200.24677477445417,213.19987234074651,206.1217776893352,207.053340738618,208.96218140804484,206.88712707190788
197.32117810736597,196.0819330543861,195.87588151339705,198.64749279599391,192.58130817045475,202.58253160102799,191.14600766150664,202.31809500728161,191.16477975014078,202.26058606488516,191.20819443946829,201.88076261361874,190.70651640708172,202.00302994261313,190.87513933303617,201.47560966218757,190.54040792841334,202.2056064183287,191.29082960425478,201.7979241710573,190.64516777821544,202.0030299426131,190.93648796190246,201.6781861379032,190.72864109209732,202.00302994261307,190.85301464802058,201.55844810474912,190.5412460775087,201.80045346689747,190.79082787005896,201.76102458046472,190.85301464802058,201.92019150005157,190.74992762801756,201.65069631462501,190.64433309751175,201.85327279034061,190.99950942056779,202.15025779904539,191.12388297649105,201.93827155601539,190.72864109209732,201.93827155601539,191.12388297649105,202.2605860648851,191.24909121311802,202.15025779904539,190.87430118394082,201.88076261361883,191.04040966260919,202.4725723079151,191.60343285547034,202.50006213119332,191.31127799107966,202.2605860648851,191.0616961985294,202.0580095891695,191.06169619852943,202.03051976589128,190.79082787005896,201.76102458046472,190.85301464802058,201.91078173273718,190.72864109209732,201.85543311345393,191.14516951241129,202.11335820845275,190.68606802025684,201.67818613790325,190.97906103374291,202.00302994261304,190.60259470637499,201.55844810474915,190.79166601915432,201.80045346689744,190.54040792841334,201.65069631462504,190.85385279711596,201.86268255765495,190.81127625688381,201.83519273437682,190.58298446864549,201.62067719550663,191.14433136331593,202.47510160375526,190.89558771986106,201.76065560773787,191.58214631955011,202.58795916543508,190.1034311212745,201.13882679432331,191.97822635303922,202.99564141270633,189.60259123798332,201.8843758437994,195.20903605695534,196.11672991123149,197.9375469125842,195.96211350111005
208.82035892395456,207.52564941340665,207.33271173175208,210.23125923257754,203.75184378936746,214.27307996486869,202.13547704699531,213.92460738074834,202.09791202740024,213.78941644012286,202.07796810459874,213.42219610547588,201.70000852017017,213.67626642890599,201.87934176917156,213.00204526889627,201.38099331521317,213.76581587495028,202.30868523996824,213.52805710934132,201.80101566098483,213.81874637688298,202.10064913722664,213.47512660740861,201.8893137305723,213.81874637688298,202.01235106763914,213.27971615749891,201.53555925813598,213.39859554030338,201.75621578981537,213.3692656035432,201.80977459192351,213.50445654416876,201.72147652233605,213.31633510161052,201.72477582624876,213.55738704610147,202.0184615310408,213.78941644012284,202.15741860095818,213.64693649214578,201.78839523204698,213.5573870461015,202.04709033511847,213.78941644012281,202.12878979688051,213.69986699407852,201.84451385940287,213.51174555152022,202.04379103120573,214.03046838461381,202.42907410949803,213.89527744398822,202.07853029868508,213.73648593819013,201.97761180015982,213.6103175480342,201.97761180015979,213.59400599021311,201.7562157898154,213.36926560354323,201.80977459192354,213.39859554030335,201.48200045602783,213.27971615749891,202.06590986974729,213.81874637688296,201.83575492846416,213.47512660740864,202.15420793933478,213.81874637688296,201.74745685887666,213.27971615749894,201.80045346689846,213.34566503837064,201.37158354789878,213.17385515363353,201.84460250169218,213.55738704610144,201.89863485559741,213.54107548828043,201.62320649134779,213.25038622073873,202.10667095833898,213.99055626162016,201.65859659520282,213.13150683793427,202.41966434218361,214.19169608311745,201.11948705265277,212.78788706845998,203.04707195432115,214.57193479670335,200.30212339373745,213.2658212216183,206.24404501832944,207.27079211793637,209.2408057143048,207.14177539920658
197.11871279874453,195.94422310317043,195.82882920843335,198.54383718764242,192.35133661563401,202.19781071682226,190.68606802025684,201.82304585723617,190.68522640276981,201.73079764736039,190.68606802025684,201.43597296176878,190.43564461021955,201.76081676647871,190.60259470637496,201.04673974318811,190.03956804512214,201.76081676647871,190.9986712714724,201.66603926076263,190.64349148002469,201.9908830654725,190.91519795759052,201.66603926076263,190.72696479390657,201.9908830654725,190.83172464370867,201.43597296176884,190.28998798676773,201.49132158105212,190.53956977931796,201.52822117164473,190.58214285115844,201.6110596142062,190.51828324339775,201.51881140433034,190.58214285115844,201.70546814719538,190.74825132982681,201.84112591320005,190.87262488575007,201.7307976473603,190.49866953727658,201.52822117164473,190.62304309319984,201.7307976473603,190.74825132982681,201.73079764736033,190.62304309319984,201.63854943748441,190.74825132982681,201.90804462291101,190.83172464370867,201.63854943748441,190.53956977931796,201.61105961420623,190.5608563152382,201.5282211716447,190.5608563152382,201.61105961420623,190.53956977931796,201.52822117164473,190.58214285115844,201.38099331521241,189.99783312237705,201.13898795306406,190.64432962912008,201.88055479963276,190.66477801594493,201.66603926076266,190.97738473555216,201.99088306547247,190.58130470206305,201.43597296176887,190.54040792841334,201.37158354789796,190.0182815092019,201.19649689546065,190.56169446433358,201.69605837988098,190.74741318073143,201.77889682244253,190.54040792841334,201.46346278504703,190.85217303053352,201.93590341891607,190.16477975014078,200.9338821815083,190.83172464370867,202.05817074791028,189.85217303053352,200.90602338550329,191.70735455617708,202.47526276249596,188.89306980418326,201.06411238310596,194.43565501539459,195.46359329679473,197.37832414878076,195.41083243394198
208.27319284992538,207.09833255102109,207.0680756332705,209.96989990179605,203.39951016137942,213.77066868959622,201.57115717597725,213.4221961054759,201.74557839941224,213.52805710934138,201.90288145216138,213.25038622073873,201.55025136789777,213.50445654416882,201.70425511673417,212.83023538415912,201.23123616294077,213.59400599021313,202.13359858753088,213.35624722460418,201.65125850871237,213.64693649214581,201.92556248478925,213.30331672267147,201.73955657829987,213.64693649214581,201.83726441520179,213.10790627276174,201.38580210586352,213.31633510161049,201.78370561309362,213.38557716136432,201.72693614936207,213.42219610547593,201.77429584577922,213.47512660740864,201.84667418251618,213.52805710934132,201.8940338789333,213.67053705731837,202.07674048151003,213.52805710934132,201.57171937006359,213.19745571880605,201.66942720696554,213.47512660740861,201.85929461145398,213.47512660740864,201.7616754168414,213.38557716136432,201.74896634561429,213.42219610547593,201.66001743965111,213.19745571880605,201.58112913737801,213.33264665943162,201.62527817217176,213.19745571880605,201.61586840485737,213.42219610547593,201.79311538040801,213.43850766329703,201.83726441520179,213.1738551536335,201.00992879488567,212.72437438029374,201.59383820860515,213.50445654416876,201.6606682760268,213.30331672267147,202.00445078706235,213.64693649214578,201.5723702064393,213.10790627276174,201.650696314626,213.17385515363347,201.19649689546145,213.00204526889632,201.69484534941978,213.47512660740861,201.92612467887565,213.69986699407852,201.86268255765603,213.40917772653685,202.13416078161723,213.81874637688298,201.30626296721479,212.62909556266183,201.85534447116558,213.68928480784498,200.76715342466474,212.52652773767849,202.8719853018838,214.31057546592189,199.94978976574941,212.7634099463458,205.67972514731133,206.71545034073125,208.67918460711832,206.57197858884405
196.82492131546678,195.75676226347548,195.78683978347755,198.58131356494792,192.39391315586616,202.21936736127722,190.68774431844759,201.95493076753084,190.97738473555219,202.19440683383917,191.22948097538853,201.92491164841249,190.76870318504334,202.04717897740684,190.89642586895641,201.51975869698128,190.60259470637499,202.24975545312245,191.31211614017502,201.84207320585102,190.70735455617708,202.04717897740682,190.95777449782267,201.72233517269692,190.79082787005893,202.04717897740679,190.87430118394082,201.60259713954284,190.60343285547034,201.9549307675309,191.0616961985294,201.98242059080914,190.87430118394082,201.98242059080911,191.0616961985294,202.19440683383914,191.14516951241129,202.12748812412815,191.10259644057084,202.31414486699322,191.37513759884035,202.19440683383911,190.83172811210036,201.80517361525844,190.89558771986106,202.074668800685,191.04040966260919,201.98242059080911,190.89558771986106,201.8720923249694,190.79082787005893,201.77768379198022,190.66561963343199,201.69484534941873,190.81211440597917,201.96434053484529,190.87430118394082,201.80517361525844,190.85301464802058,202.074668800685,191.08298273444964,202.10215862396325,191.12388297649105,201.83519273437679,190.27037774903823,201.28028263067316,190.6869061693522,201.92744094425265,190.70735455617708,201.72233517269697,191.04124781170455,202.04717897740676,190.6238812422952,201.60259713954289,190.85385279711596,201.84460250169116,190.56169446433358,201.69484534941878,190.91603957507758,202.01715985828838,191.08214458535429,202.28665504371506,191.1247211255864,202.07213950484481,191.41519969178637,202.51925063854898,190.70819270527244,201.3974913679871,191.12388297649105,202.22479492568431,189.91603610668591,201.07264756327731,191.99951288895946,202.92946218166034,189.4151962233947,201.52121160404863,194.75077271389625,195.63382763832658,197.36895530368545,195.31462820132973
208.27319284992541,207.09833255102117,207.06807563327038,210.05944934784037,203.60208663709497,214.04833957819878,201.84065236140378,213.69986699407846,202.0404030850037,213.89527744398828,202.28270490342763,213.52805710934129,201.64249957777361,213.59400599021311,201.90683159244975,213.30331672267141,201.85053568051521,214.06708732872542,202.33617506324643,213.35624722460412,201.54093024287263,213.59400599021311,201.91615271747483,213.30331672267144,201.74896634561424,213.64693649214578,201.82785464788734,213.19745571880603,201.59778834889352,213.5573870461015,201.96095258864426,213.42219610547593,201.63252761637284,213.4221961054759,201.96095258864426,213.80572799794393,202.15957892407147,213.70715600142995,201.98628208880916,213.80572799794393,202.22649763378243,213.7527974960112,201.86654405565505,213.56467605345296,202.04925065823176,213.7527974960112,201.95154282132984,213.42219610547593,201.64193738368726,213.27971615749888,201.62922831246016,213.3692656035432,201.75226564952698,213.47512660740861,201.96095258864426,213.7527974960112,202.03984089091733,213.61760655538563,201.99569185612359,213.69986699407852,201.88536359028387,213.52805710934135,202.03984089091733,213.59400599021308,201.50949027930602,213.10790627276174,201.80582445163512,213.59400599021308,201.65125850871235,213.30331672267147,202.01386055437672,213.64693649214576,201.56296043912485,213.19745571880605,201.86268255765597,213.55738704610144,201.69605837988178,213.47512660740867,202.01715985828943,213.61760655538561,201.9261246788756,213.69986699407852,201.862682557656,213.44579667064843,202.21699922417866,214.09641726548557,201.7877443956713,213.23736784179968,202.43774439814743,214.05650514249189,200.8594016345406,212.5631466817901,202.95482374444526,214.62486529863605,200.42186142689152,213.22920227750666,206.04146854261381,206.94019072740107,208.76202304967978,206.60859753295568
197.11871279874453,195.94422310317043,195.82882920843335,198.65416545348214,192.60091840818424,202.48538595821265,190.89474957076567,202.01837288875066,190.93480819532004,202.12870115459046,191.1443313633159,201.72354820315917,190.43564461021958,201.77889682244253,190.85217649892522,201.77636752660231,191.03956804512214,202.49044454989291,191.24825306402263,201.57379105088671,190.39390968747446,201.8711450323184,190.89391142167031,201.66603926076263,190.74825132982681,201.9908830654725,190.81043810778843,201.54630122760852,190.5608563152382,201.78830658975687,190.74825132982681,201.51881140433034,190.35217476472937,201.51881140433031,190.74825132982681,202.01837288875072,191.0813064362589,201.9261246788748,190.74825132982681,201.80638664572072,190.81043810778843,201.80638664572069,190.74825132982681,201.92612467887483,191.0813064362589,202.01837288875069,190.74825132982681,201.51881140433034,190.35217476472937,201.3990733711762,190.47738300135634,201.69605837988101,190.83172464370867,201.9261246788748,190.99783312237705,202.1287011545904,191.0813064362589,202.04586271202891,191.01911965829729,201.89863485559658,190.53956977931799,201.54630122760855,190.83172464370867,201.99088306547247,190.72696479390657,201.66603926076266,190.91519795759055,201.99088306547247,190.64349148002469,201.66603926076266,190.9986712714724,201.99088306547245,190.56001816614284,201.54630122760855,190.81127625688381,201.89863485559655,190.74741318073143,201.92612467887486,191.08214458535429,201.92612467887477,190.74741318073143,201.7788968224425,190.54040792841334,201.45405301773263,190.83088649461331,202.13123045043056,190.64432962912008,201.62877069744317,191.53956977931796,202.45607425514038,189.85217303053355,200.804365408313,191.68606802025684,202.75342823657195,189.35133314724231,201.4366863901711,194.64433656590342,195.53918229515511,197.35703761286052,195.40142266662758
208.64769038886772,207.33023896349684,207.10264543275838,210.08877928460052,203.75184378936751,214.22014946293598,201.92349080396531,213.59400599021308,201.81033678600994,213.64693649214584,202.04322883711944,213.27971615749888,201.41243327877984,213.48814498634769,201.9896700350113,213.52805710934132,202.12003086594183,214.14934776741828,202.18894720681416,213.19745571880603,201.51344041959447,213.76581587495028,202.17623813558703,213.52805710934135,201.93346276536607,213.87167687881569,202.08794006599953,213.42219610547593,201.69003655876944,213.45152604223608,201.7214765223361,213.1738551536335,201.40246131737908,213.1738551536335,201.72147652233608,213.64693649214581,202.13208910079328,213.6103175480342,201.73088628965047,213.31633510161052,201.6231178490585,213.31633510161052,201.73088628965047,213.6103175480342,202.13208910079328,213.64693649214581,201.72147652233608,213.1738551536335,201.40246131737908,213.12092465170079,201.60173848918197,213.50445654416879,202.02176083495357,213.69986699407852,202.04379103120579,213.78941644012284,202.13208910079325,213.80572799794393,202.17293883167432,213.59400599021311,201.46864054842504,213.09159471494064,201.80977459192357,213.72919693083867,201.88931373057235,213.47512660740864,202.10064913722664,213.81874637688298,201.80101566098486,213.47512660740864,202.18894720681413,213.81874637688296,201.71271759139736,213.27971615749891,201.83519273437781,213.48814498634766,201.65915878928922,213.50445654416879,202.05658874472223,213.55738704610147,201.77889682244333,213.48814498634772,201.62320649134782,213.054975770829,201.66461841631519,213.51747492310784,201.37102135381247,213.1315068379343,202.61499137369813,214.19169608311745,200.83191181126244,212.36773623188037,202.72475744545144,214.42945484872635,200.20987518386158,212.93521983108297,205.744483533909,206.79771077942411,208.91849120543509,206.99929545122953
196.93057174574142,195.63988051236228,195.35543139237632,198.21485002128452,192.33172637790449,202.26746653635939,190.66645778252735,201.62320649134674,190.45693461453146,201.63261625866124,190.68774431844759,201.36312107323454,190.24825306402263,201.71545470122274,190.87513933303617,201.68759590521756,190.81127625688381,202.09527815248899,190.77037948323408,201.29836268663692,190.43648622770661,202.09527815248899,191.14516951241126,201.7979241710573,190.79082787005893,202.12276797576718,191.0616961985294,201.77043434777912,190.60343285547034,201.62320649134679,190.51995954158846,201.42063001563119,190.35385106292011,201.42063001563119,190.51995954158846,201.7429445245009,190.87430118394082,201.75235429181529,190.5412460775087,201.45536928311051,190.39475130496152,201.45536928311051,190.5412460775087,201.75235429181529,190.87430118394082,201.7429445245009,190.51995954158846,201.42063001563119,190.35385106292011,201.42063001563119,190.51995954158846,201.7429445245009,190.87430118394082,201.86268255765501,190.79082787005893,201.86268255765501,190.87430118394082,201.98242059080911,191.0616961985294,201.83519273437679,190.33256452699987,201.27087286335873,190.60343285547034,201.89270167677336,190.72864109209729,201.67818613790325,190.93648796190243,202.00302994261304,190.64516777821544,201.67818613790325,191.01996127578431,202.00302994261304,190.56169446433356,201.44811983890946,190.58298446864546,201.50346845819263,190.26953959994287,201.42063001563122,190.6042710045657,201.54036804878524,190.54040792841334,201.71545470122274,190.58298446864546,201.2802826306731,190.37429944974497,201.45789857895068,189.95777449782267,201.15801530167886,191.33256452699987,202.28230386808085,189.64516777821544,200.53834681137758,191.47906276793876,202.57965784951242,189.14432789492423,201.10448856218974,194.27122283491695,195.31151312945687,197.43838332748376,195.74145696943063
207.94174922022231,206.6097983050374,206.35194946535614,209.36162762265818,203.10468547578787,213.64450029944027,201.4883187334157,213.197455718806,201.47608321398562,213.3033167226715,201.72779479972394,213.0785763360015,201.40049421562526,213.52805710934138,201.97122100632058,213.23736784179965,201.60853031836686,213.56467605345296,201.66152692638866,212.90676645126436,201.51091112375428,213.80572799794393,202.14837933958194,213.326917287844,201.63394846082107,213.67053705731834,202.06008126999444,213.40917772653685,201.56776922977514,213.19745571880603,201.48888092750207,213.16083677469442,201.57717899708956,213.25038622073873,201.59920919334178,213.30331672267144,201.69691703024367,213.25038622073873,201.47947116018767,213.10790627276171,201.46685073124985,213.10790627276171,201.47947116018767,213.25038622073873,201.69691703024367,213.25038622073873,201.47947116018767,213.10790627276171,201.46685073124985,213.16083677469442,201.59920919334178,213.39286616871576,201.80724529608338,213.35624722460415,201.60861896065617,213.30331672267144,201.68750726292927,213.49872717258117,202.05067150268002,213.58098761127405,201.53302996229581,213.07857633600156,201.68750726292927,213.47512660740861,201.56446992586245,213.1315068379343,201.77580533251674,213.47512660740861,201.47617185627496,213.1315068379343,201.86410340210423,213.47512660740858,201.38787378668746,212.93609638802457,201.51034892966791,213.05497577082897,201.13173850886369,212.83023538415915,201.34251172143166,212.97271533213612,201.4540530177334,213.38557716136432,201.68759590521859,213.04195739188992,201.5423510873209,213.26340459967781,201.04617754910257,212.78788706845992,202.29014756898823,213.84807631364311,200.50706800655254,212.11366590845032,202.60249011645718,214.41643646978727,200.27426459773235,212.97513195407663,205.74195423806893,206.77566985001536,208.92286370010163,207.05979560699473
196.86513855310989,195.63708466681922,195.44216241065033,198.21541221537097,192.16394160104542,202.14104125309066,190.72864109209732,201.98693292518399,190.99699497328169,202.21699922417793,191.24909121311802,202.04191257174043,191.0182815092019,202.48649440960446,191.43648622770661,201.98440362934389,190.89307327257495,202.28175761077557,191.08214458535429,201.78182715362829,190.99783312237705,202.57874261948032,191.45693461453149,201.98440362934389,190.8726248857501,202.30924743405376,191.37346130064961,202.13416078161637,190.89391142167031,201.89468471530816,190.83172464370867,202.01442274846227,191.16477975014078,202.21699922417784,191.08130643625893,202.01442274846227,190.91519795759055,201.88527494799374,190.78915157186822,201.85994544782884,190.87429771554915,201.85994544782881,190.78915157186822,201.88527494799376,190.91519795759055,201.89468471530813,190.81043810778846,201.89468471530816,190.91519795759055,202.01442274846224,191.08130643625893,202.21699922417787,191.16477975014078,202.01442274846224,190.8317246437087,201.89468471530816,190.89391142167031,202.12475101430198,191.35217476472937,202.39424619972854,191.10259297217914,202.04191257174048,191.16477975014078,202.18950940089962,190.81043810778846,201.7543373303501,190.99867127147243,202.07918113505991,190.72696479390657,201.7543373303501,191.08214458535429,202.07918113505991,190.64349148002472,201.63459929719602,190.8947495707657,201.87660465934431,190.58130470206308,201.6071094739178,190.68606802025687,201.71743773975746,190.83088649461331,202.16417990073475,191.10343112127453,201.94966436186456,191.16394160104542,202.32985678585771,190.72780294300196,201.71706876703064,191.62304309319984,202.54437232472782,189.9356463444154,201.00299174374015,192.01912312668895,203.24903958070388,189.9143563401035,202.05203576745717,195.248260000806,196.17045140529169,198.06882231231137,196.17977910783583
208.51433956172411,207.29276136903562,207.1994720830981,210.01224821749528,203.36513986662698,213.81301700529542,201.75818289156916,213.84807631364311,202.33050762223428,214.18596671152991,202.52254994246272,213.87167687881566,202.14459035803418,214.26822715022277,202.55398990602936,213.7364859381901,202.055641452071,214.21529664829004,202.43095256896251,213.69986699407849,202.18808855645224,214.35777659626706,202.52857176357512,213.64693649214581,201.87848311880964,213.99055626162016,202.44027369398762,213.81874637688298,201.92263215360339,213.57040542504055,201.87848311880967,213.76581587495028,202.36468469562723,214.09641726548557,202.28579639335416,213.76581587495028,201.95737142108277,213.57040542504055,201.84374385133034,213.62333592697325,202.07710945423688,213.71288537301757,201.95407211717003,213.62333592697325,201.96678118839716,213.57040542504055,201.83433408401592,213.57040542504055,201.96678118839716,213.76581587495028,202.27638662603977,214.09641726548557,202.37409446294166,213.81874637688298,201.98881138464938,213.71288537301757,202.04237018675755,213.81874637688298,202.32053566083349,213.99055626162016,202.09046936183967,213.72919693083867,202.25435642978752,213.93762575968745,201.94466234985563,213.5410754882804,202.13066825634502,213.79514581171043,201.74603601442843,213.45152604223608,202.21896632593248,213.93762575968742,201.88780424383475,213.5410754882804,202.18752636236587,213.84807631364311,201.90116415143757,213.62333592697328,202.11193736400551,213.71288537301754,202.01149241727728,213.79514581171046,201.95746006337205,213.59400599021308,202.42210499573449,214.38710653302721,202.11258820038123,213.58098761127405,202.7625882028573,214.34719441003352,201.0645074060964,212.76428650328742,203.16933928331542,214.96848506811043,200.85703349744117,213.80485144100234,206.68862685619339,207.63072344523187,209.51943002056476,207.39642372650522
196.58155338672142,195.52167331960959,195.56017337904359,198.1399118592999,191.68522987116145,201.41406193721346,190.04124781170452,201.54826832936212,190.76953786574703,201.89807266151016,190.83256626119569,201.42600100036788,190.31127452268794,201.75084480507786,190.74909294731381,201.33375279049199,190.39474783656982,201.92809178062851,190.87430118394079,201.45349082364612,190.54040792841332,201.95342128079341,190.76954133413869,201.22342452465233,190.12471765719474,201.5482683293622,190.68606802025681,201.39851117708972,190.18690443515635,201.1684448780959,190.16561789923614,201.39851117708972,190.70735455617705,201.78774439567042,190.64516777821544,201.39851117708972,190.22780467719775,201.17785464541029,190.14600419311498,201.32292217872933,190.53957324770963,201.52549865444493,190.39558598566521,201.29759267856443,190.24909121311799,201.1684448780959,190.1034311212745,201.16844487809593,190.24909121311799,201.39851117708972,190.6238812422952,201.78774439567039,190.72864109209729,201.51824921024382,190.41519969178637,201.49075938696561,190.45777276362682,201.40792094440411,190.43648622770658,201.3710213538115,190.16561789923611,201.19593470137414,190.45777276362682,201.54826832936217,190.35301291382473,201.30626296721385,190.51995954158846,201.42853029620807,190.01995780739261,201.10368649149825,190.60343285547032,201.75084480507775,190.45693461453146,201.42600100036799,190.6869061693522,201.65859659520186,190.37346130064958,201.48350994276456,190.70819270527244,201.57575815264036,190.37346130064958,201.25128332065745,189.95777449782267,201.04617754910163,190.72780294300193,202.11258820038026,190.5412460775087,201.2208952288122,190.95693634872728,201.9284607533553,189.47822115045167,200.46340864939299,191.33340267609523,202.34555276794094,189.0182815092019,201.25020693188455,194.58382608613249,195.45072153361556,197.17545220377758,195.12773125650222
207.85937760303989,206.76142378502962,206.82635091760307,209.62628013232171,202.86268011363953,213.14937803151926,201.0784761630311,213.18443733986695,201.73579965937094,213.43277829170947,201.64026673820902,212.73495656652716,200.93058287759635,213.07857633600159,201.55196866862153,212.78788706845987,201.23086719021387,213.40917772653688,201.75124584042442,212.98329751836962,201.4736425604348,213.5516576745139,201.73853676919731,212.78788706845992,201.04429908963812,213.07857633600156,201.53050066645571,212.87014750715278,201.09785789174626,212.85383594933168,201.30910465611129,213.10217690117412,201.65964846692421,213.29029834373239,201.48635163166193,212.90676645126439,201.13259715922561,212.76428650328737,201.16403712279222,213.04924639924141,201.68497796708917,213.29029834373239,201.461022131497,212.9596969531971,201.27766469254468,212.85383594933168,201.1292978553129,212.76428650328737,201.16733642670496,212.90676645126439,201.45161236418261,213.23736784179968,201.57464970124946,213.10217690117412,201.48635163166193,213.23736784179968,201.5399104337701,213.0126274551298,201.31851442342568,212.90676645126439,201.11593794771008,212.82450601257153,201.47299172405914,213.18443733986697,201.34128409834287,212.92307800908551,201.4990607028891,213.02564583406885,200.95600102005062,212.68202606459454,201.58735877247659,213.40917772653683,201.48700246803762,213.06555795706254,201.67565684206406,213.22105628397856,201.22145742289948,212.95969695319712,201.60947761101809,213.14781839575534,201.30645618857423,212.7479749454663,200.76878208309921,212.4572856779246,201.51449229131586,213.49143816522974,201.22089522881311,212.5867472469626,201.88030499860361,213.59400599021308,200.46979944323306,212.01109808346698,202.28705607906173,213.88469525775463,199.76276405015741,212.63151218460229,205.51151896634823,206.37911957860831,208.20477443715984,206.09930087835835
197.46841654024516,196.39922491838371,196.41924702253405,199.16578517275383,192.8726248857501,202.71159075920724,191.22864282629317,202.64973064117646,191.70567825798636,202.76946867433065,191.49951115476364,201.97508250431869,190.7269647939066,202.29992630902862,191.41603784088178,202.09482053747283,191.08130643625893,202.62224081789833,191.58214631955013,202.32488683646665,191.43564807861125,202.91922582660311,191.70735455617711,202.20514880331254,191.03957151351383,202.4102545748683,191.35301291382476,202.15232947986939,191.08214458535431,202.43774439814649,191.58130817045478,202.67722046445473,191.62388124229523,202.55748243130063,191.31043984198431,202.23516792243092,191.10343112127453,202.22575815511652,191.28915330606407,202.63307142966102,191.83256279280405,202.81972817252606,191.51912139249313,202.45582445411034,191.39391315586616,202.43774439814649,191.2695395999429,202.23516792243092,191.14433136331593,202.23516792243089,191.2695395999429,202.43774439814652,191.39391315586616,202.46523422142471,191.54040792841337,202.7347294068513,191.60259470637499,202.46523422142474,191.33172637790454,202.44715416546089,191.35301291382478,202.49997348890406,191.64349494841639,202.64973064117649,191.29082613586314,202.27206751302353,191.4151996917864,202.41025457486828,190.97738473555219,202.08541077015846,191.49867300566825,202.70723958357306,191.37346130064964,202.38239577886327,191.58214631955013,202.52999260802235,191.08130643625893,202.17765898003438,191.39475130496155,202.44715416546089,191.28998798676776,202.20767809915273,190.8530146480206,201.88283429444283,191.37346130064964,202.65225993701665,190.95693634872734,201.8803049986027,191.87346303484546,203.09684177488057,190.64432962912011,201.55546119389291,192.26954306833457,203.30194754643625,189.89390795327864,202.08686367722572,195.24909814990139,195.99980303756638,197.69373380332047,195.71919075288298
209.06150563575326,207.80962767746544,207.66668465729538,210.55127843687933,203.98696868004157,214.45061922119345,202.29501293930903,214.28124552916177,202.64594165962973,214.38710653302724,202.53448900561727,213.74221530977769,201.96046291100924,214.22831502722912,202.6762572350236,213.84807631364313,202.05817074791116,214.22831502722909,202.57854939812168,213.99055626162016,202.47819309368276,214.61184691969709,202.77782656992457,213.99055626162016,202.2789159218799,214.28124552916179,202.47754225730711,213.83176475582204,202.12773792515912,214.24462658505018,202.822626441094,214.49296753689262,202.68952850033708,214.19898509046894,202.3136551893592,213.9669556964476,202.25688572562768,214.00357464055921,202.39649363192069,214.29755708698289,202.76585697736246,214.38710653302721,202.5068218977604,214.19898509046894,202.58861000181179,214.29755708698289,202.48149239759547,214.05650514249191,202.29162499310701,213.9669556964476,202.27891592187987,214.05650514249191,202.40195325894669,214.16236614635733,202.610640198064,214.38710653302721,202.56979046718297,214.10943564442462,202.41531316654951,214.3341760310945,202.73762767541922,214.54589803882533,202.98651350904186,214.47665597907152,202.3042454220448,213.88469525775477,202.42077279357554,214.13876558118477,202.10561908661762,213.79514581171046,202.50907086316303,214.28124552916177,202.24738731602395,213.93762575968748,202.5973689327505,214.24462658505018,202.16849901375087,213.83176475582206,202.34453295883947,214.10943564442459,202.45607425514123,214.19169608311751,202.28230386808193,213.84807631364311,202.54437232472873,214.34719441003355,201.92846075335626,213.59400599021311,203.09684177488157,214.98479662593158,201.79666448535073,213.33993566678311,203.5195125881902,215.22255539154045,201.04621953614634,213.95306076056696,206.70707588488409,207.50126187619389,209.31248105018261,207.24637412469573
196.47453219148539,195.19503212479543,194.92171228962957,197.5432933743534,191.37262315155419,201.1719374033683,189.72864109209726,200.90750080962192,189.95609473124023,201.02723884277614,189.99950942056773,200.67490521478797,189.76869971665164,201.32206352836764,190.43648622770658,200.7946432479421,189.60259123798326,200.9997490194979,190.08214458535423,200.7946432479421,189.95693288033561,201.32206352836761,190.24825306402261,200.91438128109624,190.06169273013771,201.33147329568197,190.16477975014072,200.70023471495296,189.64432962912005,201.03664861009048,190.33256105860818,201.2667149090843,190.16477975014075,200.96972990037952,189.85301117962888,200.85940163453981,189.91519795759049,200.85940163453981,189.85301117962888,200.8688114018542,189.93648449351073,200.88473113470474,189.87262488575004,200.97913966769391,190.1664525799398,201.15638664324459,190.08130643625887,200.96972990037952,189.93648449351073,200.85940163453981,189.83172464370864,200.85940163453981,189.93648449351073,200.97913966769391,190.10259297217911,201.06197811025541,189.91519795759052,200.76715342466392,189.85301117962888,201.1375671086158,190.35217476472934,201.47145170791319,190.62471592299886,201.3495533516458,189.8513383498298,200.70023471495298,189.95777102943097,201.00915878681226,189.74825132982676,200.68431498210245,190.04124434331283,201.03448828697717,189.70567825798631,200.70964448226738,190.12471765719471,201.12889681996634,189.85217303053349,200.76715342466395,189.91603610668588,200.96972990037949,190.10175482308372,201.23922508580614,190.12471765719471,200.91438128109621,190.18522813696561,201.17483567193528,189.47822115045167,200.46979944323229,190.64432962912005,201.79666448534985,189.41519622339467,200.25528390436219,191.04040966260914,202.00177025690553,188.66477454755324,200.7772766203806,193.99867820825571,194.80344404833923,196.58917422076735,194.69963490440711
207.70060250842357,206.43168104484391,206.25745260612123,209.04160841835639,202.44558809905379,212.7162088160006,200.55105588260565,212.36773623188029,200.79165633708661,212.56314668179007,200.99310842462947,212.39133679705284,200.92805358175625,213.11848845899524,201.52410987261649,212.44426729898555,200.60903837679925,212.73495656652725,201.223825559999,212.49719780091829,200.93681251269498,212.93036701643697,201.24585575625119,212.63967774889531,201.23709682531248,213.17141896092792,201.33480466221437,212.39133679705287,200.58635734417135,212.51021617985734,201.07866938439062,212.66900768565549,201.03781965350959,212.61607718372275,200.95893135123649,212.61607718372278,201.03781965350962,212.47359723574573,200.63661684236678,212.14299584521046,200.53825816908923,212.23254529125475,200.74694510820649,212.52652773767846,201.04722942082401,212.61607718372275,200.94952158392209,212.61607718372278,201.04722942082401,212.61607718372275,200.94952158392209,212.61607718372278,201.04722942082401,212.66900768565549,201.06925961707623,212.56314668179007,200.71550514463988,212.19592634714314,200.67135610984613,212.51021617985734,200.99367061871584,212.72193818758819,201.33480466221437,212.84081757039263,200.82978355076798,212.33840629512019,200.97164042246362,212.59247661855019,200.63115721534078,212.24885684907588,201.05993849205112,212.73495656652719,200.7729254447471,212.3913367970529,201.14823656163861,212.7878870684599,200.89661361818963,212.47359723574579,200.96231929743854,212.56314668179002,201.00694188402932,212.84081757039266,201.15764632895301,212.63967774889528,201.32530625261063,212.90676645126442,200.46340864939387,212.01109808346692,201.55546119389379,213.33993566678305,200.25528390436293,211.72040881592534,201.97162204166628,213.48814498634761,199.3087724449791,212.09248196521821,204.96601862995894,205.92963880526858,207.96967086551822,206.05394003025808
197.81812028174585,196.7533082350717,196.78136958000474,199.55371671858299,193.26870491923921,203.02393330667604,191.37514106723205,202.64916844708995,191.60259470637502,202.87923474608385,191.89559118825275,202.81447635948609,191.87346303484549,203.4363051729008,192.2916677533502,202.7222281496102,191.47738646974804,203.13932016419602,192.20819443946831,202.9342143926402,191.83172811210039,203.2590581973501,192.12472112558646,203.04454265847994,192.16478321853248,203.54663343874049,192.24992936221341,202.78914685932119,191.47822461884343,202.75008694561529,191.72780641139366,202.78698653620791,191.77037948323414,202.96423351175858,191.93648796190249,203.07456177759829,192.01996127578437,202.84449547860447,191.41603784088178,202.33552422686969,191.2695430683346,202.52218096973476,191.64600592731085,202.8444954786045,191.7899931893553,202.77757676889351,191.68690616935226,202.96423351175861,192.01996127578437,203.07456177759829,191.93648796190249,203.07456177759829,192.01996127578437,203.07456177759829,191.93648796190249,202.84449547860447,191.49951115476367,202.4646720273382,191.47822461884343,202.64916844708998,191.49951115476367,202.60973956065723,191.7899931893553,202.93674368848036,191.64600592731085,202.66940882616711,191.81127972527551,202.80759588801186,191.3325645269999,202.48275208330205,191.89475303915739,203.10458089671664,191.72864109209735,202.77973709200683,191.97822635303925,203.03766218700565,191.68606802025687,202.75224726872864,191.74993109640926,202.75224726872855,191.6860680202569,203.0470719543201,191.99951288895949,203.04454265847991,192.28999145515945,203.28907731646845,191.33340267609529,202.28705607906068,192.2695430683346,203.51951258818909,191.04040966260922,201.97162204166528,192.66729593162276,203.61429009390505,190.03873336441848,202.20603951629329,195.41855575655958,196.40365431624608,198.45005982884061,196.68616747987815
208.62213544637919,207.62881148467758,207.8328481346966,210.94053970093492,204.40406069462728,214.7779274328467,202.49070894355037,214.42945484872638,202.75012893266012,214.67779580056887,203.05249951872833,214.50598591583164,202.79427796745387,214.90253618723875,203.08393948229494,214.17538452529635,202.35552472934276,214.70712573732902,203.17288838825812,214.50598591583164,202.76613730779997,214.84960568530602,203.08459031867059,214.55891641776438,202.97417341054157,214.99208563328304,203.10662051492281,214.36350596785465,202.51009067226553,214.42945484872641,202.73074720394496,214.34719441003355,202.66456797289899,214.53531585259182,202.9079941794956,214.73072630250155,203.10662051492281,214.62486529863614,202.5762699033115,214.15178396012382,202.4692409413845,214.33990540268209,202.75351687886217,214.48238535065914,202.69930724037832,214.29426390810085,202.5762699033115,214.53531585259185,202.9962922490831,214.67779580056884,202.89858441218121,214.67779580056884,202.9962922490831,214.73072630250155,203.01832244533531,214.62486529863614,202.66456797289899,214.25764496398924,202.62041893810525,214.33990540268209,202.41784246238964,214.06952352143097,202.59764926318803,214.42945484872641,202.55094040314657,214.22102601987763,202.74345627517206,214.3765243467937,202.2853953580084,214.1224540233637,202.94208261059927,214.7600562392617,202.70606854015568,214.36350596785468,202.91064264703266,214.5190042947707,202.44052349501754,214.11516501601224,202.52214890711699,214.20471446205653,202.55085176085726,214.57193479670346,202.92005241434708,214.61184691969709,203.25844934801921,214.93186612399887,202.345552767942,213.97424470379906,203.41227581227699,215.27548589347319,202.01118002422083,213.54107548828046,203.72461835974593,215.37076471110507,201.04874883198647,213.86021813564059,206.61519664773505,207.61285225164687,209.74757351219785,207.8917203702683
194.52903687905098,193.65853327371551,193.92487178145691,196.92199622561773,190.89306980418323,200.64214898584353,189.20651467288582,200.37771239209715,189.47654138386926,200.61718845840548,189.74825132982676,200.3571030402932,189.28914636928064,200.50469986945248,189.45609646543605,199.85754155587284,188.85216956214182,200.35963233613342,189.58130470206302,200.14511679726326,189.18522466857391,200.46996060197313,189.49783138818114,200.15452656457765,189.289984518376,200.50469986945245,189.45525831634069,200.06011803158847,189.10258950378741,200.27679389357189,189.35217129633764,200.11762697398504,189.14348974582882,200.20987518386093,189.35217129633764,200.44935125016917,189.68522640276976,200.53218969273064,189.3308847604174,200.12703674129946,189.1860628176693,200.20987518386093,189.30959822449719,200.20987518386093,189.1860628176693,200.00729870814533,189.06001643194693,200.20987518386096,189.43564461021953,200.32961321701504,189.3308847604174,200.32961321701507,189.43564461021953,200.44935125016914,189.60175308888788,200.53218969273067,189.41435807429929,200.23736500713915,189.35217129633764,200.2673841262575,189.08130296786717,199.91505049826944,189.16477628174906,200.18238536058271,189.06001643194693,199.94978976574879,189.24824959563091,200.19179512789711,188.99782965398532,200.0695277989029,189.58130470206302,200.51410963676679,189.18522466857391,200.0695277989029,189.39390968747443,200.19179512789708,188.85216956214182,199.719723466755,188.93564634441535,199.92229994247052,189.10175135469206,200.30212339373688,189.39390968747441,200.27426459773176,189.66477454755321,200.65445702172491,189.01828150920184,199.96534052587245,190.14348974582882,201.16595756929979,188.68606108347345,199.42851047813264,190.28831515696862,201.25132530770136,187.91602570151085,199.83076516099698,192.99532908026589,193.87865192536262,195.83067967376951,194.09405137479888
207.51043500658608,206.42635530128285,206.5036309582008,209.55616151562623,203.11264834839119,213.52474435969413,201.37944337464313,213.26582122161813,201.66129306213961,213.51416217346062,201.94123394982103,213.19987234074637,201.38312758806364,213.3553706676625,201.67568890468289,212.77972150416679,201.03878288294172,213.15996021775277,201.577981067781,212.77972150416679,201.13649071984361,213.15996021775277,201.48027323087913,212.77972150416679,201.2341985567455,213.21289071968545,201.50230342713135,212.8163404482784,201.20275859317888,213.12334127364116,201.51566333473417,212.95153138890396,201.2469076279726,212.98815033301557,201.41400535754389,213.236491284858,201.80869820315056,213.42461272741627,201.59125233309453,213.09401133688101,201.40138492860606,212.98815033301557,201.25952805691043,212.89860088697128,201.29105666276635,212.89860088697125,201.25952805691043,212.98815033301557,201.40138492860606,212.95153138890396,201.26893782422482,213.04108083494827,201.51171319444578,213.236491284858,201.71099036624867,213.37168222548357,201.56922213684231,213.09401133688098,201.5156633347342,213.21289071968548,201.40533506889446,213.00446189083667,201.56922213684231,213.21289071968545,201.25952805691043,212.81634044827842,201.44553396339981,213.21289071968545,201.38321623035293,213.11032289470211,201.83081704169206,213.35537066766247,201.22799945105447,212.86927095021113,201.59680060240984,213.12334127364113,201.02937311562732,212.56799949643599,201.11389832950496,212.89860088697122,201.43668639017179,213.26582122161818,201.51180183673506,212.97513195407652,201.64472249291339,213.47425005046694,201.25020693188529,212.96211357513747,202.49417695177101,214.14847121047657,200.81201588786058,212.28789241512786,202.61335279083872,214.33329947415277,200.15307966986717,212.81146806286742,205.50683088060592,206.42788034471732,208.46398913149346,206.57963827089657
201.11741000133003,199.90131315428397,199.75529470006111,202.54521350509688,196.26787370692722,206.3406444038379,194.6059507711482,206.0762078100916,194.85134528661325,206.30627410908545,195.1264008921689,206.01144942349393,194.60176349406299,206.24404501832797,195.04292757828702,205.80887294777833,194.43565501539464,206.03930821949905,194.7294861779761,205.52129770638797,194.29083307264651,205.92897995365934,194.62472632817401,205.51188793907355,194.37430638652839,206.01397871933412,194.74993456480095,205.68913491462422,194.45777970041024,205.9470600096231,194.70736149296047,205.78138312450011,194.50035277225072,205.86422156706163,194.68607495704026,206.09428786605542,195.02080289327142,206.28094460892046,194.91604304346933,206.09428786605542,194.79083480684235,205.86422156706158,194.39559292244863,205.661645091346,194.54125301429212,205.86422156706158,194.64517471499886,205.86422156706161,194.54125301429212,205.66164509134597,194.39559292244863,205.86422156706166,194.79083480684235,206.0942878660554,194.91604304346933,206.16120657576639,194.74993456480095,205.89171139033982,194.70736149296047,206.06679804277721,194.72864802888071,206.01144942349393,194.99951635735118,206.24404501832791,194.64517471499886,205.79946318046393,194.81212134276259,206.23463525101346,194.81128319366721,206.09644818916865,195.12556274307352,206.23463525101346,194.49784179335629,205.79946318046393,194.95945426440517,206.1243069851738,194.4143684794744,205.55998711415572,194.50119092134611,205.94922033273636,194.8939183584537,206.24404501832788,194.75077271389634,205.74195423806734,194.76871012182676,206.29939363761122,194.58382608613258,205.90075218492734,195.72864802888071,206.9371421838764,194.03957845029723,205.19608492895122,195.89810563553888,207.234496165308,193.5157792012867,205.73689717959832,198.67232482619502,199.56949827653258,201.5218937214652,199.67171302823687
202.36966117774648,201.06327666695029,200.8039623126237,203.53682919718474,197.21514425337557,207.3252822556332,195.51013946488544,206.99312122933398,195.69036029187689,207.18853167924379,195.95219200690929,206.91086079064112,195.49503326036242,207.27079211793665,196.08528994766618,206.96379129257383,195.57392156263552,207.21786161600392,195.79441540236309,206.63318990203857,195.36523462351826,207.07538166802689,195.68078783261063,206.58025940010586,195.35912416011661,207.07538166802689,195.77914650588821,206.76838084266413,195.43801246238968,206.88726022546859,195.52301122806443,206.71545034073145,195.48216149718343,206.99312122933401,195.81058646945482,207.18853167924377,195.92421403920724,207.18853167924374,195.81058646945479,207.18853167924377,195.92421403920724,206.99312122933401,195.36853392743097,206.66251983879874,195.51690076466275,206.99312122933401,195.77584720197547,206.99312122933404,195.51690076466275,206.66251983879872,195.368533927431,206.99312122933404,195.92421403920724,207.18853167924374,195.81058646945485,206.99312122933404,195.48216149718343,206.71545034073145,195.52301122806446,206.9401907274013,195.55775049554376,206.91086079064118,195.88947477172792,207.27079211793659,195.69084843630071,206.91086079064118,195.84862504084688,207.21786161600389,195.61196013402761,206.91086079064118,195.92751334311998,207.21786161600389,195.53307183175451,206.91086079064121,196.00640164539308,207.21786161600389,195.45418352948141,206.66251983879874,195.52349937248823,206.99312122933398,195.8614968040259,207.27079211793665,195.71882640400273,206.77566985001559,195.76313813074833,207.30012205469677,195.45072153361681,206.70972096914383,196.40711631211209,207.69667232610377,194.83818331581966,206.12504925517857,196.81096759079196,208.13886409209204,194.32070446738734,206.62329079462737,199.56949827653435,200.49912836585094,202.46324173736224,200.57784601875002
204.34498953170015,203.01818052417198,202.74290672404612,205.55713587161065,199.24857860194916,209.48885730195482,197.53900334619502,209.08174997320756,197.62573741985304,209.20148800636176,197.80987167466549,208.84244337489079,197.3067276035045,209.24080571430494,198.00914345785995,209.12544017581732,197.74764397448487,209.56053263783264,198.00697493638222,208.96638443472006,197.59868220064624,209.4407946046785,197.88506838175039,208.80312566694764,197.35126892957373,209.12106768115081,197.69373380332024,208.84244337489082,197.42286547484974,208.91849120543517,197.37255546549395,208.72270534173674,197.47317548420557,209.2014880063617,197.96243361031298,209.32122603951584,197.74404381267601,209.04501985060642,197.62213725804421,209.32122603951584,198.08434016494479,209.2014880063617,197.35126892957373,208.72270534173674,197.49446202012578,209.2014880063617,197.94114707439275,209.20148800636173,197.49446202012578,208.72270534173671,197.35126892957373,209.20148800636173,198.08434016494482,209.32122603951581,197.62213725804418,208.7620230496799,197.10385565850123,208.55944657396429,197.37255546549395,208.91849120543517,197.42286547484974,208.84244337489085,197.69373380332021,209.24080571430488,197.62213725804421,208.96218140804496,197.76533034859625,209.07754694653246,197.18122088706383,208.52271645136315,197.49663054160351,209.07754694653246,197.44992069405657,208.96218140804496,197.93754691258388,209.24080571430486,197.37832414878054,208.67918460711846,197.36895530368511,208.88176108283398,197.62790594133074,209.24080571430494,197.68796512003368,208.92286370010171,197.81924051976088,209.31685354484927,197.17545220377727,208.40735091287559,197.94331559587044,209.43221908333678,196.61046075668733,208.0894088986725,198.6996416213905,210.06988802106758,196.10154800223978,208.58372716464783,201.52189372146478,202.46324173736204,204.40545000537284,202.44429691580788
202.09871400840521,200.86366113802885,200.69225504166411,203.62725668065164,197.49356924202525,207.69009257312234,195.85350857622981,207.2615134323606,195.88255389716861,207.31444393429334,195.97324660938395,206.83419656997512,195.34539686322799,207.14177539920652,196.02754907182407,207.14934505303896,196.00401527128216,207.79469129861153,196.38894226921099,207.26908308619306,196.00573861224157,207.74176079667882,196.26748089509746,207.00686510506196,195.53401714901494,207.08884489727382,195.71919075288301,206.83419656997515,195.5994527197289,206.9992954512295,195.54342691632934,206.78126606804244,195.65547852312847,207.31444393429331,196.20032198342403,207.36737443622604,195.7752165562826,206.92374601601944,195.65375518216902,207.36737443622604,196.32178335753761,207.31444393429331,195.53401714901491,206.78126606804244,195.66488829044289,207.31444393429331,196.19091221610964,207.31444393429334,195.66488829044289,206.78126606804244,195.53401714901494,207.31444393429334,196.32178335753758,207.36737443622604,195.65375518216905,206.60859753295563,195.06229568578829,206.51904808691128,195.54342691632934,206.9992954512295,195.5994527197289,206.83419656997515,195.71919075288301,207.14177539920652,195.65375518216902,206.88712707190786,195.784626323597,206.87955741807536,194.99513677411488,206.18128067057015,195.30349509305594,206.87955741807536,195.47626800465594,206.88712707190786,195.96211350111008,207.14177539920649,195.41083243394195,206.57197858884405,195.31462820132978,206.66152803488831,195.52116069978166,207.14177539920652,195.8517852352704,207.05979560699464,196.06945084199612,207.30687428046087,195.12773125650224,206.18885032440261,195.82951901872272,207.29930462662841,194.7090446717215,206.10687053219078,196.79649574571792,208.03420031824524,194.21378940795293,206.63256877282927,199.67171302823704,200.57784601874982,202.44429691580783,200.45313018100515
