199.37688900231169,198.18275689118443,198.62427603983431,200.25295590647647,193.04170897703699,204.0493499765436,193.22732655852849,205.02645667638129,193.6293692961593,203.68082057734978,192.26817909916559,204.26580009647873,193.3083774191731,203.84601670984441,192.64035162188694,204.13021733088252,192.76916185970776,203.72387448658904,193.08611315053182,205.01780370005039,193.91226908006698,204.32051550773596,192.69085252898634,203.9122629481038,192.80587754397982,204.06397109262312,193.05563490570876,204.10702500186241,192.76360415889457,203.75571979194009,192.54025889242556,203.6755801132102,192.58231421909923,203.8111628788065,192.70730192916949,203.84824864829707,192.80587754397982,203.71489782115339,192.10470932451491,203.26399680477729,192.68865003185456,204.21035700961238,192.90215338953561,203.60291283707252,192.3785554980833,203.78638452355236,192.85500768611772,204.01449614550549,192.75491495665639,203.83959567196615,192.89995089240378,204.13395353217851,192.67927544713561,203.72013828529307,193.00628670515917,204.5987479890253,193.3234560543948,204.10479306340983,192.93133257811917,204.42384751548599,193.44335338772083,204.48302680364816,193.08679853301246,203.79012072484852,192.31647750913322,203.79012072484849,193.08679853301251,204.13768973347459,192.66214066447171,204.02465338467997,193.41135802824692,204.69396168196454,193.25185148719135,204.31946414302223,193.30570759797226,204.36848619200998,192.94374139214014,204.31677930643991,193.48966735896846,204.42384751548593,192.88501860687168,203.93809266807153,192.71332695405184,203.91973535069604,193.12282883480378,204.33355059758148,192.60699114129653,203.52427742118607,193.0976902323824,204.57246537092777,192.57073713724853,204.0276619103669,194.71328640718085,205.11544234553108,190.72198499443877,203.00417055248909,196.7938293968854,198.55740161279769,200.66967870518843,198.12759259900957
198.38013857437565,197.08871858728995,197.30747649203553,199.11854577828421,192.22995320955187,203.01704754890494,191.99743274232634,203.5709878237694,192.33195694775426,202.59989466648065,191.30352808868591,203.0230742778802,192.08731529547117,202.71661630450848,191.60530415887089,202.91906979867858,191.60287614244703,202.50205833877067,191.8509210548778,203.59131365103087,192.53565614316636,203.06626500151017,191.69784187492803,202.91376029753641,191.85187036920823,202.97026675749305,191.96875950761748,202.99859881993905,191.77110102861823,202.82964333417979,191.78402732280668,202.88900419311435,191.81313744170305,202.94007817038329,191.84695237249178,202.88900419311435,191.84246060189383,202.76197715260884,191.31127847754826,202.40690030413236,191.78416447942783,203.14466883569807,191.84211200679275,202.56299507588804,191.50121816525666,202.86542206891269,191.89773830805785,202.90261901689297,191.71724737253146,202.76685007239874,191.79928681082407,203.00119101340684,191.79036936960043,202.75782752192913,191.86182257975977,203.2422429578979,192.11706681924537,202.96869087931026,191.85606649594058,203.10647401340373,192.02437140583072,203.01407016838144,191.88237123982944,202.82537072195456,191.52943724581499,202.71551388961979,191.91060054177257,202.99775861056037,191.68249788366717,202.90188334808889,192.23175334607828,203.40127822823513,192.01642463260117,203.02689186778238,192.11856879819771,203.17124891405496,191.816153023916,203.05338584653555,192.28475494869451,203.19602345944804,191.70601121891633,202.68989913484799,191.62346832225404,202.84996916144127,192.08109574701027,203.11364003920954,191.42237498553544,202.38960931296808,192.11760765966795,203.36771036263963,191.18723673745069,202.52194372195487,193.41428024652421,204.09088676974437,190.01762365593316,202.10675410332092,195.68380762745787,197.23206615979467,199.28221939669871,196.90993627389614
199.1291542364421,197.61585695163095,197.43673160959554,199.44365517992082,192.91668470333721,203.53718673956507,192.1636740855626,203.51777815187998,192.35455389453315,202.99779810267955,191.76513051917371,203.27821866717645,192.31981981489216,203.19113795082083,192.10276344502159,203.23966819799256,191.81134467504202,202.67545583371543,191.87146114409074,203.47254457741988,192.40299386222483,203.2550735784705,192.20644436926804,203.5557811479016,192.44777980687385,203.43681557608977,192.29687417492329,203.39988822540278,192.23919646892978,203.52741290737447,192.6267701632558,203.77797737968265,192.59733548495589,203.69678981571235,192.52674404878761,203.5659911366526,192.42649327095367,203.46024131127677,192.09523744512163,203.19267765092241,192.39806370176152,203.63373274342379,192.19880564431745,203.01548633367273,192.06092646759231,203.48675777337817,192.37934237969742,203.27847155356309,192.09074411252024,203.19844305332273,192.09827011242021,203.35480003058848,192.35220267367632,203.32469105201301,192.10600704993553,203.32947053042358,192.3035654941196,203.34734954844069,192.22230121092676,203.24944203018319,191.9061990658511,202.88932175337774,191.97587853647619,203.32551394907318,192.1668634555148,203.07699862138884,192.03973814423685,203.27639464884516,192.09192125064061,203.31249910247178,192.56378921380187,203.77050280918914,192.40029030032034,203.41361850083152,192.4747474838824,203.553400921079,192.13267930251425,203.29657936962118,192.50341745580704,203.45201850589891,191.87466461352105,202.84290121698126,191.886002125853,203.27019308988432,192.46532320408201,203.34624092042881,191.5648237880267,202.68401494387533,192.53830782509382,203.62767516900976,191.1178838185414,202.34196459259994,193.36352567352233,204.44014644094833,190.63621965304603,202.63587438313652,195.96468709571153,197.33348216309349,199.41814822793359,197.28067136567586
200.80162624334929,199.61438747259035,199.8077840246288,202.219256878924,195.69421339866182,205.98254973643608,194.05682308923519,205.55910572097443,194.55181271367715,205.69030083313052,194.38203739988319,205.66496672483984,194.37382625946145,205.50946839792371,194.37083781539368,205.70158566895145,194.28336786676061,205.30676894066258,194.21567914897705,205.84579916004662,194.72937054907285,205.82375823063794,194.57020362948595,205.91330767668225,194.6552023951607,205.77082772870526,194.43238554036805,205.63737033119784,194.38172654003822,205.86037717474954,194.90843787120616,206.24390906721754,194.90877784773687,206.0281912310173,194.6971911068411,205.91330767668225,194.62046312768149,205.82375823063791,194.4946146311255,205.73420878459359,194.60238307171764,205.85308816739814,194.42297577305365,205.62834778072818,194.61904228323314,206.04120960995635,194.67581174696468,205.66496672483981,194.35679654200769,205.62105877337675,194.32816773792999,205.75451617088413,194.81476881688204,205.86211071786775,194.16718047176042,205.28143483237179,194.24612829963738,205.67398927530948,194.46632580357854,205.52248677686279,194.05947155677228,205.28143483237181,194.3538372146256,205.94437115656061,194.65813119313529,205.5591057209744,194.31949744928068,205.79286865811392,194.50581421561517,205.60804039443772,194.49026498870268,205.77811673605666,194.30863925404384,205.52404641262666,194.59664311425399,205.99157228690567,194.55749455825884,205.68856729001237,194.5923224680275,205.7635387213538,194.23045990102813,205.43293733081842,194.36950561323485,205.81646922328653,194.75751120872673,205.73091560571154,193.89922376926782,205.33036950583514,195.08602482328746,206.08355792565558,193.254506109239,204.72765269093048,195.79337107620816,207.16335190754194,193.3154465180927,205.32220394154194,198.27663608965273,199.36535341773597,201.31055849649499,199.25071463993331
193.46568146309696,192.79522954948263,193.59397572587963,196.17899413103098,189.69025182895047,199.22884686361061,187.41185403218844,198.69056544201484,188.29668277435584,199.27802549388818,188.37262661994612,199.0664387529927,187.96112015742099,198.78142333685,188.07963707485175,199.19052642856965,188.29333711475775,198.93905177350305,188.0429171731121,199.28123615551166,188.66645431413585,199.42309302720727,188.31462365067796,199.08201850931266,188.18105126505563,198.96552025446749,187.92440025568146,198.68695527825707,187.80876874638122,198.89570174297822,188.31462365067796,199.30375449618757,188.330891697201,198.98650011220948,188.04710098180558,199.01617925479732,188.14015102301425,198.95867031240064,188.10928775976728,198.98433978909631,188.03873683281023,198.85155270818441,188.00118225036707,199.07544901817261,188.41854535138464,199.28163565764612,188.22613184739888,198.89530224084376,187.96195483812468,198.8678124175656,187.95526351892843,199.02155023953412,188.50201866526652,199.13079763745608,187.62555407209447,198.2250037464089,187.62304656159165,198.87796166354505,188.1084496106719,198.84214294087002,187.91018293658522,198.86056297336449,188.2157169709767,199.26315609954798,188.24407272372096,198.83159419275611,188.02497629679002,199.16223760102264,188.20651814127766,198.77451386917954,187.90060620925851,198.87481052752537,187.86844801384004,198.7872824660104,188.29584809365227,199.45536111172825,188.50034583546741,199.12866784375029,188.16645604833175,199.02879968373506,188.08214458535443,199.04070975069331,188.27539623843563,199.19879721508451,188.3905674962682,199.05807932418838,187.73198675169562,198.90252268884848,188.93899547240542,199.47517133877423,187.10008546167649,198.3617133841349,189.70986553507171,200.54078298578401,187.04207555562499,198.65179045838048,191.77456676031949,192.7236162873819,194.52575301433984,192.5408039388129
204.08001470815577,203.35409773741301,204.17806021390092,206.76263190031116,199.76379845188606,209.76215415176915,197.34510013689066,209.31111374266553,198.40290155833517,209.92667502915489,198.39704242917466,209.69464563513353,198.06250699350161,209.54314313668687,198.30263389618551,209.97231652373611,198.44449076788109,209.61238519644067,198.07728774555275,209.86472197675252,198.64632776493167,210.00493963937831,198.35909250007199,209.77517253070823,198.34644295444866,209.7109571929546,198.05775784894431,209.46088269799407,198.09286750187269,209.75486514441772,198.47448089080308,209.85343714093167,198.15978621158371,209.4079521960613,197.96334931595504,209.65802669102192,198.32111345428387,209.7914840885293,198.42132159082942,209.85343714093165,198.21294551155739,209.55043214403833,198.14025631497518,209.81681819682001,198.50342055472601,209.88103353457367,198.25709454635103,209.52283575039633,197.96985928149127,209.45359369064255,198.00820871272845,209.66531569837346,198.54105962398361,209.83712558311049,197.87181146805875,209.09366236334714,197.88091037552817,209.69464563513353,198.3018944175204,209.59607363861954,198.09073629544488,209.56847724497766,198.17564641883021,209.57976208079845,197.90334007391482,209.2451648617938,198.03603851253712,209.67833407731243,198.01761848004287,209.28178380590538,198.09684675884648,209.95600496591504,198.52113010475168,209.89005608504326,198.56496827970022,210.15141541582477,198.58730933579758,209.83712558311058,198.19455459574843,209.54314313668684,198.07833808406275,209.64171513320082,198.1692250955835,209.66531569837343,198.47229145100445,209.91036347133374,198.01400831628496,209.65229731943435,199.03087136455903,210.09519173501002,197.10016444355651,208.89754926385001,199.56421042023794,210.71648239308695,196.48935793005282,209.02683692553364,202.04963575679574,203.14669137618728,205.22237183082223,203.26053000225124
192.73305420534936,191.86526492274149,192.39374038455645,194.68402288738667,188.07796077666094,197.60330709553838,186.02664565819751,197.33418088283872,187.03538770482044,197.79866312324933,186.83590498401071,197.48535887955944,186.60091840818441,197.49146934296115,186.89892644267599,197.83334286512473,186.95693288033581,197.58272673993073,186.81043810778863,197.81137219447638,187.04040619421772,197.67457544767234,186.79165908237115,197.71576515508386,187.02329999859933,197.80767338842912,186.9339735146165,197.83266291206345,187.20651467288607,198.13288769907714,187.2941683270698,197.7917536555787,186.64349148002486,197.32113183508105,186.58130470206331,197.63727635494516,187.02329999859927,197.96826115246427,187.33005007971397,198.11116836267007,187.10510048268213,197.77839374797577,186.97821941625611,197.93722069103217,187.20651467288607,197.94012049281048,187.0011787819754,197.60839621662623,186.66477801594513,197.47924841615767,186.70902391758466,197.71221451692972,187.20818750268515,198.02005913359346,186.95526005053676,197.61996630705389,186.96195136973304,197.95058059863479,187.07712262756564,197.64273598197116,186.71571523678088,197.49806795078649,186.70065976858942,197.36931965245239,186.35886608392582,197.20003260357171,186.76786503594823,197.62940507056462,186.47905583115562,197.155454949958,186.78831342277306,198.11215917557638,187.37931100235897,197.92982307893783,187.0182815092021,197.78916471364556,186.91352165939998,197.65319608779566,186.71069674738379,197.33634120595204,186.58130470206325,197.48359805858072,186.56085631523842,197.44271933150335,187.14767355452256,198.16620612210835,186.97821941625611,197.77336415249181,187.62137026340096,197.94733940760403,185.60844440808444,196.64219370189332,187.74992762801782,198.28023166078376,185.05834360214811,197.11975693219108,190.64433656590376,191.5990879648638,193.59671778853718,191.88432290769327
204.31259020701404,203.13352755505457,203.35642314908534,205.74722716353267,198.98715094858525,209.36404424459826,197.24958161929831,209.03917222565059,197.91166897331158,209.30382473531407,197.84827178506887,209.31510957113491,197.81652096165726,209.17765634515823,197.84250129819787,209.36075106571622,197.7694721250852,209.11570329275577,197.90546986762041,209.528565121984,197.93005988912034,209.09036918446503,197.65914385924549,209.34946622989534,198.04797757569182,209.55616151562592,198.19054480936688,209.65473351213984,198.20714449527875,209.66375606260954,198.14713525323813,209.36075106571622,197.7415827996727,209.18165217362758,197.74198230180684,209.18165217362758,197.83383100954856,209.56518406609564,198.36128181938142,209.74428295818419,198.14673575110376,209.528565121984,198.05778684514064,209.50323101369327,198.06099750676398,209.4227041181185,197.81180081329626,209.145033229516,197.77342226537365,209.36075106571622,197.93079936778534,209.39337418135835,198.12396607618652,209.69135245625154,198.17206525126878,209.52856512198395,198.12470555485146,209.54887250827451,197.94125947360996,209.19796373144871,197.6714534283382,209.18894118097899,197.89242081986271,209.23458267556032,197.52638589501916,208.9732233447788,197.9184897986926,209.40639256029746,197.54841609127146,208.87465134826482,197.92178910260532,209.84285495469814,198.37640254796318,209.49923518522382,197.91783896231698,209.33142112895607,197.87610158487777,209.39337418135835,197.90191922946644,209.06277279082312,197.56103652020923,209.03917222565059,197.41571765264882,208.96420079430908,198.16481580706755,209.78263544541403,197.74883224387369,209.03344285406294,198.35733167909305,209.46505243381773,196.46889533341999,208.02862030351801,198.54194727054178,209.84529114740374,196.09432369519354,209.04158884759084,202.19433278417665,203.00820725667967,204.93258441787864,203.07386145633021
192.97094178584865,191.82628499993223,192.01899127759827,194.37860452070404,188.17482019732702,198.17218442296561,186.76201186584726,197.73482149989525,187.00954639936236,197.86902942525521,187.30709418238641,198.36393028691853,187.42105633027913,197.89080828726628,187.03873683281034,197.96312697791015,186.95860917852661,197.72322241327126,187.25327155342003,198.30090219189211,187.27121242974212,197.73013188094174,186.87430118394101,197.89910806997753,187.18690443515655,198.15410436700193,187.50034583546753,198.10378534320259,186.96278951882837,197.66790279018431,186.84966898842259,197.72797155782851,187.06587653883142,197.97793684664677,187.06336902832868,197.5695441169068,186.68606802025698,197.85785883696209,187.31462365067802,198.02785636831169,187.10343112127464,197.96488779888909,187.18857726495563,197.90481903124476,187.00034410127165,197.65593319762206,186.62555407209447,197.5155858126642,187.0838174151535,198.22497321700132,187.39558598566543,197.97355808753858,187.12471765719491,198.09147577411005,187.29417179546138,198.03106702993506,187.16394506943726,197.83863980019902,186.85886781812161,197.69323229034919,186.99449093117084,198.06580629741438,187.5258127116895,198.23398348218134,187.03957151351398,197.7836020407606,187.29249896566233,198.20649365890304,187.00201693107064,197.66901277478743,187.23031565609247,198.37052889474404,187.41436501108282,197.99542559183868,187.16729419742717,198.09702404342514,187.35803140322207,198.30932114630031,187.45526525312431,197.94211812397177,186.96111668902927,197.76990074390511,186.7303139218966,197.58432486895765,187.31043984198448,198.11643476833669,186.5224670520914,197.13357304208819,187.19025009475473,197.9858661234199,185.91352512779156,196.80042933417803,187.74909294731404,198.47774813209722,185.58799255286775,197.94021220152243,191.45945253020949,192.04134820038479,193.58567305825898,191.66152899907937
203.37256927666684,202.42265229905573,203.00555699140259,205.62834778072821,199.01214047221973,209.57576625232909,197.51904780852854,209.09939173493467,197.65775354420489,209.12299230010726,198.09749759522211,209.76961706647501,197.94276896034759,208.79239090957191,197.40516890453489,209.23458267556026,197.73689318071928,208.98051235213023,197.78829165971396,209.42270411811859,197.80776203071869,208.93660440066716,197.46202701055574,209.00081973842072,197.64785563246681,209.274494798554,198.01730762019756,209.09539590646526,197.24270268103555,208.58795790919262,197.24535114857238,208.8014134600416,197.5979361108019,209.17765634515814,197.6920933095497,208.68652990570649,197.04737564952103,208.74848295810884,197.58392536682328,208.94389340801865,197.48942819154487,208.96420079430911,197.53761600891625,208.86336651244397,197.47424793735931,208.85833979044375,197.22107198691771,208.64991096159491,197.62005494934331,209.45532723376073,198.04979792227451,209.15961124421889,197.60379523996212,209.13201485057689,197.73905350383254,209.12299230010726,197.64720479609085,208.94389340801862,197.42614876227722,209.01713129624184,197.81288168121381,209.49923518522385,198.29686340931451,209.58149562391665,197.75065259045633,209.05375024035339,197.84796092522399,209.33315467207422,197.54551628949307,208.74848295810889,197.5470257762307,209.15232223686743,197.56501718990518,208.93487085754899,197.73624234434351,209.25089423338136,197.71946396113097,209.26720579120251,198.04988656456385,209.42097057500033,197.85438224847059,209.10841428540434,197.3712577580101,208.85434396197437,197.96076037402193,209.36075106571619,197.09772379000583,208.32260274994169,197.86860080643532,209.47234144116922,196.85343893304727,208.3918448096955,198.82301254639597,210.07732054142505,196.24590119404866,209.11083090734471,202.19939290906819,202.88932787387517,204.46738297728783,202.28372371579374
192.3689572111077,191.55310827842166,192.24329232241732,194.66341353558272,188.26117545094769,198.26675564790668,186.92690429779256,197.90322090221784,186.98863429267814,197.70172529441999,187.25661374462646,198.22982552790657,186.87011390685578,197.08813673811261,186.50284987757854,197.91692078635123,187.12471418880321,197.52521779753428,186.70484357728284,197.57189612816813,186.60426406778257,197.35516074058091,186.73031045350487,197.67201562242454,186.93648102511929,197.88005172516608,187.1681254097391,197.70971421728598,186.66143235634698,197.55813671843083,186.85802966902637,197.57655675092531,186.76869971665184,197.77333362308426,187.06169273013796,197.53891768166753,186.47989051185928,197.41917964851345,186.79082440166749,197.59898644931187,186.85384586033277,197.61564566082731,186.60342938707893,197.29154133478261,186.73031045350487,197.77737240566211,186.85133834983003,197.41778933347274,186.75159698942517,197.90612070399598,187.18690096676485,197.77228328457409,186.83339747350797,197.71261401906412,187.01911965829746,197.90868052924375,187.08465209585725,197.78820301742456,186.95526005053679,197.91479099264544,187.21153316228325,198.04393879311405,187.24741491492748,197.90578072746536,186.83339747350797,197.53826684529196,186.83339747350792,197.55597639531757,186.45609646543639,197.1467846613086,186.5829775318623,197.57174796027496,186.73030698511323,197.58257857203759,187.04124087492136,197.63542689167713,186.35049846653882,197.27553295964282,187.0454246836149,198.14664710881448,187.24490393603304,197.64023568232744,186.46028027412979,197.47094863344662,187.31210920339186,198.2335243339536,186.70818923688103,197.27926229509745,187.35050193493049,198.39664139382899,186.46194963553722,197.30780257737487,188.20986380087595,198.71287443549326,185.36843934286091,197.36864276581377,190.89726401805211,191.85522324268766,193.60662324753028,191.5601359790771
204.54553684061153,203.46698334456778,203.90320016875603,206.2569274461566,199.38980360037255,210.01622447519918,198.07395791223234,209.70037500672115,198.08641564921834,209.29480218484443,198.08592750479443,209.78992445276549,198.00027790274407,209.00081973842074,197.75534220940983,209.65646705525813,198.14963555288213,209.20525273880011,197.72788291553911,209.17262962315789,197.52234711244148,208.9569117869577,197.79338078080184,209.46834561269978,198.1188464256912,209.65473351213987,198.27884287895441,209.62939940384913,198.12535639122737,209.76232805912349,198.38809027687643,209.54887250827446,197.86237117133689,209.53984995780482,198.3392516231292,209.66375606260959,198.01502812538766,209.44301150440904,197.99595725651736,209.45932306223017,198.14417592585613,209.50496455681142,197.66639330344657,208.93157767866691,197.84034097508464,209.74601650130239,198.26721326292289,209.28751317749297,197.73257253449256,209.3973700098278,198.05448754122801,209.43901567593966,197.94745857930081,209.4503005117605,198.14383594932565,209.80623601058659,198.44051009818506,209.7809019022958,198.24259412473765,209.71668656454224,198.2314236569334,209.57247307344701,198.04399831871794,209.31510957113494,197.62079442800831,208.99855745306962,197.72532309029145,209.15631806533682,197.48800734709647,208.9732233447788,197.95686834661541,209.77361289494434,198.36918209995827,209.76961706647498,198.40907013461867,209.45932306223017,197.36207020825134,208.83300568215296,197.89324894081716,209.59954072485601,198.06744794669621,209.20924856726953,197.54236515347358,209.24187168291175,198.41799175750913,209.97075688797221,197.8573996887346,209.15961124421889,198.62642736238519,210.16287415899998,197.37400927140604,208.79568408845398,199.15217699733239,210.17589253793903,195.89140724294737,208.55046240813928,201.84668877514196,203.2053512497076,205.45068479044687,203.43437078749423
193.53948288358706,192.40912190906792,192.6458301006171,194.84268725898008,188.40311545395707,198.45902018569097,187.19898867298608,198.16490444935692,187.17732770782985,197.73263218058557,187.05583956003707,198.22537271913558,187.35886955231754,197.83724948515811,186.99616376096989,197.98805697594068,187.10677678087288,197.89105962150748,187.29249896566236,198.13957494919197,187.04291717311216,197.59157431315884,186.78915504026006,197.77897053468899,187.06587653883147,198.05639653009999,187.43314056810866,198.23324400351626,187.33925237780466,198.21732427066561,187.41352686198749,198.02816722815669,187.02163063719183,198.05929633187822,187.50034583546758,198.26187280759396,187.27121242974204,197.94606826426033,186.97822288464781,197.8031610540545,187.18941194565929,198.01042714872366,186.85384932872446,197.47720726474145,186.97738473555233,198.23793362246951,187.42105286188749,197.84401078493553,186.87179020504655,197.78869116184859,187.02163063719189,197.86066999645107,187.08381741515356,197.91743946018269,187.16645257993994,198.21442446888744,187.56336729413289,198.2491637363668,187.22863935790159,198.00573752977004,187.18857726495571,198.04698676278545,187.28915330606418,197.94350843901265,186.79500821036098,197.53110604338019,186.9986712714726,198.02634688157406,187.06420370903231,197.83684998302368,187.35552389271942,198.47755785667098,187.58047348975123,198.27319156378019,187.50285681436202,198.13571345119286,186.91770893648518,197.61079334992203,186.89224206026313,197.72180156882291,186.88266186454464,197.78508099809059,187.03539117321219,197.93591901828074,187.39976632596722,198.13411532216608,186.74741664912327,197.63634518813205,187.73449426219841,198.4340291288454,186.22362086850438,197.0966748642177,188.12555580629032,198.63691505168404,185.17062945185012,197.04851769674295,190.64517471499903,191.91905034198294,194.04590771093075,192.15975642328979
203.73626366421615,202.58416111252819,202.88176009274034,205.37601100041633,198.7835241343594,209.53012475774779,197.70823525995601,209.29480218484449,197.72612221504951,208.87065551979538,197.55054729769915,209.36804007306765,197.9572388525535,208.98553907413051,197.42324896049882,208.97548563012998,197.50864722830804,209.09539590646528,198.12035591242878,209.71668656454227,197.98466902973863,208.83803240415324,197.12595309194893,208.63359940377384,197.30928141421583,208.92758185019753,197.72717255355963,209.15734895886766,197.70141443457476,209.04472768988381,197.47936758785468,208.81772501786273,197.49306747198813,209.1686337946885,197.84037150449214,209.03344285406291,197.43555852959156,208.74848295810889,197.19574248675272,208.59698045966221,197.34114999660238,208.88367389873451,197.43990817201441,208.89096290608595,197.69820377295139,209.20525273880006,197.62582543621448,208.94389340801868,197.63202454190545,209.1157032927558,197.58167640142071,208.98051235213023,197.66676380938472,209.02615384671151,197.4366088681017,208.98051235213018,197.81183134270373,209.18494535250963,197.55850722436912,208.91855929972789,197.52135629953509,209.07908434864419,197.88625083085725,209.24360522602996,197.39689811802012,208.6702183478854,197.6746640899616,209.52127611463249,197.8960601003061,208.94389340801865,197.63853450744148,209.20525273880011,197.50099828197247,208.71013047087908,197.44792762428807,209.1157032927558,197.76577331903806,209.05148795500222,197.42333760278819,208.66119579741581,197.32264132181865,209.12472584322543,197.84765006537882,209.14832640839796,197.80884289863619,209.02112712471131,196.97798575685167,208.62560774683504,198.26940411544365,209.47963044852065,196.53294477076031,208.15808187255598,198.83458263682363,210.1392735938274,196.12616316089461,208.58481906689963,201.46976512565396,202.36331603343012,204.30832723619056,202.40346174894788
192.34381860868638,191.23040609161694,191.50367195801772,193.90524559038022,187.78998972096372,198.12498741850038,187.04458653451957,198.00743870465587,187.05751238983603,197.54403733216316,186.81461844809044,198.0203991101242,187.20651467288602,197.63548653777013,186.79500474196925,197.77407310174931,186.82837898411069,197.55344709947749,187.06503838973603,198.14994641272722,187.18355530716673,197.51904780852868,186.50536085647303,197.39424965048306,186.6597595265479,197.44129848705498,186.61179353607423,197.47208761424594,186.88889293227328,197.70144343077112,186.64767528871843,197.31326067118974,186.75159698942514,197.82763190385745,186.976546586457,197.47529827586922,186.56420197483652,197.33097022121527,186.45776929523532,197.19497247868006,186.41603437249026,197.32412027914856,186.74992415962606,197.84540109997613,187.21069848157958,197.73183305582765,186.61969743360186,197.59833561293618,187.15018453341705,197.97849904073297,186.93564634441555,197.66451484398215,187.00034410127168,197.64717426668332,186.47905583115556,197.31076037154574,186.83256279280428,197.76691229983749,186.91770546809346,197.62761525338956,186.72613011320311,197.45286857748283,186.7966775717683,197.61638513949237,186.45358895493359,197.07921511522196,186.75159698942505,198.00561835807318,186.97821941625611,197.32875178522028,186.66477801594507,197.67670524137807,186.62805811420554,197.13697539185986,186.4544236356372,197.63147675138873,187.10426233358669,197.85506220153192,186.81712942698485,197.3931701952875,186.69731410899118,197.84645143848633,187.07340253873139,197.72057394573423,187.05500141094168,197.66744364195671,186.21237131137866,197.24205184465967,187.53706226881548,198.2132839548766,186.00368629247811,196.97937760510354,188.084655564249,198.72228420280771,185.51493411540807,197.31872324414906,190.46196004071231,191.12815528452123,192.99525829954214,191.42502509321304
204.21035700961235,203.00218888772105,203.31141823455411,205.68527411113033,199.04255909347236,209.97231652373623,198.16580661997386,209.78992445276538,198.19714341719239,209.27849062702339,197.93830014622782,209.83556594734671,198.27958235761943,209.36804007306762,198.15068589139221,209.93413794386069,198.13411532216602,209.01713129624184,197.65840438058044,209.53984995780479,198.08197736450612,209.25089423338136,197.8349699903479,209.50496455681144,198.16009565870667,209.36977361618582,197.59296462819952,209.07405762664396,198.05158773944967,209.70939755719084,197.97312805599643,209.0830801771136,197.81251117527574,209.54158350092308,197.98864828671259,209.23458267556023,197.89139947754882,209.44301150440907,197.93508948460448,209.29653572796269,197.83679033693059,209.29879801331373,197.97559923895477,209.68006762043069,198.32333189027884,209.41368156764895,197.68512419578607,209.46661206958157,198.44306992343289,209.80623601058656,198.04902791420196,209.41368156764892,198.0516763817389,209.33315467207422,197.61854546260585,209.11969912122524,197.88093937172437,209.47563462005127,198.20384519136593,209.70037500672112,198.04877657996067,209.09939173493473,197.58926582215238,209.12872167169485,197.49781661654538,208.78510190222056,197.67756389173988,209.42270411811856,197.8262415888168,209.09036918446503,197.9474585793009,209.69308599936971,198.13260583542848,209.36977361618585,197.98944729098136,209.58549145238609,198.15935618004164,209.70766401407255,198.35807115775805,209.60180301020719,197.91988011373343,209.28022417014159,197.72285190733308,209.31510957113491,198.31093367889673,209.55060605139266,197.26231980721107,208.82900985368354,198.62969754961247,210.14656260117886,197.24159128371022,208.62560774683504,199.02052889722,210.24010787569259,196.23214178431141,208.85346740503263,201.78701950963213,202.72324736072562,204.96931454047981,203.41162887267134
193.24698481270377,192.16580409560987,192.57274726704054,194.71206050118155,188.24825653241453,198.43764082581444,187.14600072472348,198.17101491275852,187.2933371147578,197.76117234237392,187.02079248809653,198.19748339372296,187.18774258425199,197.68780319273074,187.24658023422379,198.51072811180887,187.31880399097983,197.50108692426178,186.80793059728589,198.14392459161485,187.29584462526051,197.75216207719401,186.93230415320915,198.04732673931613,187.40311198556537,198.0350171702234,186.88805825156962,197.71122370402372,187.29667930596415,198.32327236467492,187.1681254097391,197.54989646132347,186.827544303407,197.88127934825499,186.9235621065861,197.66676380938492,187.16059940983911,198.2187741113103,187.33757954800564,198.11566629347541,187.39391315586633,198.2115246671091,187.31294735248724,198.17678539962972,187.33172637790466,197.9076301907337,186.96195136973307,198.16086566677919,187.66310865453772,198.23685416727412,187.08465209585722,197.88270019270317,187.10343112127478,197.83855115790951,187.00117878197531,197.91197983315661,187.0608580494343,197.85663121387333,187.29333364636602,198.3482618883092,187.35468574362403,197.72393277525072,186.80960342708494,197.83969013870899,187.023303466991,197.72717255355971,187.02163063719192,197.95942817186301,187.08214458535448,197.89145912364188,187.25243687271634,198.12661454372355,187.16394506943729,197.97034742591498,187.31629648047709,198.14833388013059,187.16561789923639,198.20112408688823,187.78748221046104,198.42354002682447,187.03082946689094,197.42728774307653,186.51159539259334,197.75972238124027,187.52497456259417,198.09030626390285,186.39642066636907,197.26624236402532,187.66561616504043,198.58048697720517,186.27204711044581,196.88428911905328,187.87095552434286,198.74434351574544,185.65185216062852,197.56399891401381,190.91269738387135,191.867651862988,193.98569224258188,192.42791754850637
203.88907061908378,202.85080937081997,203.39368666644205,205.75052034241472,198.92609136803461,209.61967420379213,197.67599629212057,209.29480218484446,197.75836118288501,208.72817557181838,197.28824203086981,209.04646123300205,197.49207665908187,208.63689258265589,197.56791699168335,209.48292362740276,197.85919103912101,208.89825191343738,197.72822289206965,209.59051817438632,197.99913892194473,208.88194035561628,197.27463078902571,208.87465134826482,197.5498369357197,208.9732233447788,197.52604591848856,209.02615384671148,197.85407138862556,209.34044367942568,197.6197149728128,208.75577196546033,197.46088802975643,209.00984228889038,197.3288404275097,208.61329201748339,197.52169627606571,209.25089423338133,197.74951360965693,209.15961124421887,197.99632776245562,209.50825773569349,197.8855113521922,209.19623018833042,197.7586720427301,209.11570329275577,197.63952532034787,209.26720579120249,197.94532878559517,209.10668074228616,197.49627813361155,209.07908434864419,197.726832577029,209.10668074228616,197.80702255205358,209.3128472857837,197.63276402057036,208.88194035561625,197.73325390027588,209.48292362740273,197.87835055028032,208.89096290608589,197.44425781443724,209.18165217362758,197.85481086729061,209.21427528926978,197.7948016252501,209.2255601250906,197.75966285563641,209.24689840491197,197.87150060821364,209.0081087457722,197.22644297165439,208.71915302134872,197.58682516860154,208.88367389873446,197.10198479013934,208.73946040763931,197.94171862183728,209.36577778771641,197.43330956418899,208.48209690532713,197.09201282873843,209.005846460421,198.14991741653094,209.36075106571622,197.0930631672486,208.51072419249999,198.23500482449495,209.67677444154859,196.60893327125507,207.90800737759531,198.59726689362876,210.34370659420676,196.57762547023287,209.01225891083072,201.89299813304896,202.83639737194247,204.7435891661973,202.72735213600035
192.65947084327092,191.68552208445044,192.18298931187005,194.51408500213017,188.16896355883449,198.34894325409249,187.12304135900419,198.00132824125427,186.91603610668608,197.19318266150503,186.35468227523234,197.59756560486366,186.85301117962905,197.46443866791049,186.92105112769161,198.11560664738226,187.20066150278515,197.71733416742532,187.04709751341395,198.13692648165491,187.20484184308697,197.61385584365232,186.64934811851745,197.42287845456062,186.51493758379979,197.31761031361256,186.65269377811558,197.57664539321462,186.89223859187146,197.70400325601875,186.80960342708494,197.62295475112171,187.04877034321305,197.83093120777008,186.637638309924,197.18377289419055,186.61179353607415,197.69817324354375,186.80709244819047,197.5379268687613,187.0020169310707,197.9470590771665,186.97989224605507,197.65189441504432,186.8947495707659,197.67506359209608,186.79082440166738,197.6084848589156,186.79333538056193,197.48149738156036,186.72863762370579,197.80165156731687,187.08381741515353,197.78755218104902,187.08130643625904,197.89679957897098,186.75410796831957,197.41713849709717,186.97403907595418,198.09357645113013,187.06503838973609,197.41417916971508,186.56252914503742,197.64387496277067,186.95860571013489,197.73794351922922,186.93481166371186,197.68728451889942,186.87680522605211,197.92420075996,187.31127452268811,197.80156292502758,186.58297753186233,197.39640997359638,186.81211093758765,197.27846175761744,185.91519448919902,196.84257932508837,186.69359402015698,197.68947383820904,186.65641386694978,197.28253106960261,186.59134514924935,197.75895249365689,187.4151962233949,198.07515641863557,186.51661388199059,197.23159173883516,187.40143915576633,198.29291173581464,186.077960776661,196.84593968781599,188.02748727568451,199.01349872464141,185.8463163920411,197.58568913373546,190.94318274949069,191.90918154693037,193.54690041547613,191.34031423090511
203.9736741747187,202.97743278329892,203.53361446633522,205.97925655755404,199.18145663778589,209.9356975796245,198.12856705285054,209.78992445276546,198.1421347744398,209.09036918446506,197.63156539367793,209.541583500923,198.16959406831046,209.49194617787234,198.32108292487612,210.04226123307726,198.33595231921663,209.32013629313516,197.82988086926005,209.62939940384919,198.29757377129397,209.63442612584939,198.14642489125859,209.4756346200513,197.84611146195581,209.17262962315795,197.68086319565256,209.01886483936002,197.52669675486433,209.06676861929256,197.7608018364358,209.43901567593966,198.33339249396886,209.68406344890002,197.79008147688924,208.90398128502494,197.59040480295184,209.31684311425315,197.85842103104855,209.15232223686738,197.80711119434284,209.32413212160461,197.81427199625475,209.25089423338139,197.91817893884746,209.23458267556026,197.59287598591033,208.99353073106934,197.62119393014265,209.09210272758321,197.75204290549718,209.36977361618585,198.00101738140901,209.28751317749297,197.81427199625472,209.2712016196719,197.68737316118879,209.15232223686741,198.07040727407843,209.70037500672112,197.99771807749633,209.06277279082312,197.64973409193112,209.32413212160461,197.87940088879043,209.20525273880014,197.81362115987903,209.23458267556029,197.69743376487881,209.4666120695816,198.52300856421607,209.92511539339105,198.08194683509853,209.42270411811856,198.1598443244653,209.39008100247634,197.454658394658,208.86736234091336,197.75074123274567,209.25489006185077,197.71400433410511,209.24360522602996,197.93813745427576,209.57247307344704,198.52178094112728,209.77361289494436,197.43527666594278,208.77208352328142,198.42021160622622,210.13754005070922,197.40223857334934,208.73146875070049,199.0993576738891,210.39161037413925,196.33996975050735,209.0398553044727,202.2569018514647,203.3641427555057,205.18126921355457,202.86226243014491
192.55717561667782,191.75814062314984,192.46331138525798,194.70444055104227,188.04040966260936,198.03859833778492,186.91770546809352,198.26937358603612,187.5846538300531,198.02702824735718,187.12220667830047,198.11134564724875,187.14934985271333,197.91925980676518,187.4732026610547,198.54142859671046,187.40311198556537,197.71051334204409,186.82921713320613,198.082776368775,187.52079422229235,198.36890176952082,187.54208075821262,198.29291326902606,187.39809349616814,198.11711613411981,187.07879892575639,197.53866634742639,186.52330173279509,197.49124712540547,186.87764337514747,197.91775032002764,187.38972934717282,198.1080463433361,186.92356210658605,197.45872770664326,186.72278445360496,197.84290080033236,187.15018453341702,197.85086072700219,186.99867127147263,197.76657232330686,186.89391142167054,197.80381189043013,187.14851170361791,197.83599133266173,186.79082440166752,197.51333684726148,186.77037601484261,197.61499482445186,186.8121109375877,197.67466408996157,186.93815732331007,197.65874435711106,186.79249723146654,197.6970937883483,186.97571190575331,197.87940088879043,187.25410623412375,198.06679711032046,186.9986712714726,197.67978374045697,187.08214458535451,198.16200464757864,187.27121242974218,197.8628303195643,187.06420370903243,197.82377040585837,186.7490894789224,197.74275230987953,187.45777276362705,198.34215142490751,187.1272251676977,197.83065087733263,187.31127799107986,198.24379275162988,187.21069848157958,197.90157925293573,187.09757795117383,197.77527172864174,186.86388283912717,197.90836966939875,187.22278618780084,198.14747664249094,187.70735108778555,198.34314223781388,186.6101207062751,197.33242159507131,187.61802460380281,198.72876517214758,186.67146933514132,197.25720310264907,187.99616376096986,198.63978573677687,185.48239802236202,197.690246912704,191.35134702080927,192.31655434707852,194.06522599262223,191.999365439446
203.33174730588021,202.55039656739442,203.38043793732868,205.79616183699594,198.75495485588581,209.22711976085455,197.36349105269952,209.39337418135838,198.23003334189286,209.33644785095632,197.78820301742459,209.18894118097901,197.40667839127261,208.71013047087916,197.72674393473972,209.54487667980507,197.86894078296592,208.84532141150464,197.50648690519475,209.39337418135841,198.08703748939769,209.3640442445982,197.87295044885826,209.43728213282145,198.16046616464473,209.59780718173775,197.92394942571866,209.00081973842077,197.46267784693165,209.01886483935999,197.56038568383346,208.87465134826485,197.5408266705397,209.06277279082315,197.55313623963232,208.78510190222048,197.34549963902515,209.00984228889044,197.81322165774452,209.35675523724677,197.97420892391403,209.24187168291172,197.61715514756506,209.11570329275585,197.87329042538877,209.3404436794257,197.78499235580134,209.06277279082309,197.58571518399842,208.9732233447788,197.49016767020987,208.91127029237646,197.50938670697303,208.88367389873446,197.45616788139549,209.09939173493473,197.90512989108979,209.35675523724683,197.8823006905688,209.15232223686741,197.50648690519472,209.01713129624181,197.91703995804818,209.58149562391665,198.03822783184671,209.20525273880011,197.74704242669861,209.05548378347166,197.26661133675205,208.64991096159494,197.57451559950894,209.02615384671148,197.25211244834986,208.6571999689464,197.66932363463252,209.30382473531409,197.72162428424431,209.07908434864419,197.77823105602391,209.09939173493473,197.49081850658558,208.97322334477877,197.5850643476227,209.26547224808425,198.40025309079817,209.70037500672112,197.29887942127303,208.63689258265589,198.40685169862354,210.04399477619549,197.11173453398428,208.24763131860024,198.55061755919112,210.04070159731342,196.34320952881617,209.16376140927738,202.22182260745478,203.0154962640311,204.85653658733426,202.9087625750758
192.38944719745317,191.56966771536906,192.24605474813842,194.6533820485781,188.23115033679608,198.17209578067627,186.7874787420694,197.87764006781171,187.14767702291419,197.71446348233258,186.91770546809357,197.82152144045588,186.74741664912327,197.30641072912303,186.79584289106472,197.97673821975431,186.99532561187442,197.48041792636477,186.87597054534845,198.06423728507286,187.21153316228319,197.68333437861094,186.76703035524449,197.83275155435282,187.29166081656697,198.15179587599542,187.16979823953812,197.75571271534798,186.95609819963218,197.80856103498741,186.78998972096372,197.27571024422139,186.44233939780773,197.53940582609138,186.952752540034,197.62440459176617,186.6510209483165,197.50031691618921,186.91352512779164,198.02881806453243,187.39642066636904,198.0092881679241,186.91854361718885,197.68663368252379,187.01828497759374,198.00678786828013,187.20902565178048,197.85737069253827,186.93815732331001,197.73763265938408,186.93815732331004,197.69388312672484,186.78998972096372,197.4913066510093,186.68857553075978,197.75645219401292,187.23031218770072,198.00027790274419,186.99867127147257,197.59873511507081,186.70651640708192,197.74374312278587,187.23281969820343,198.07000777194401,187.06001990033886,197.64569530935336,186.83339747350789,197.558876197096,186.47905583115559,197.1906228362574,186.62638875279811,197.49920693158609,186.51828324339792,197.36752983527748,186.93815732330998,197.79289263637824,186.72779947461044,197.50602787745663,186.96446234862745,197.7705224635954,186.7611737167519,197.44425781443718,186.61095885537048,197.74559258605399,187.54124260911721,198.18622416314025,186.43314056810877,197.17408279643863,187.54709924760979,198.54253704810228,186.28831515696891,196.83692942263596,187.73115207099195,198.65249480800392,185.72696132551502,197.7383460877862,191.02331040377439,191.68093559451927,193.43834319200025,191.72225030388029
204.13395353217851,203.03780995751856,203.43763847315003,206.06880600359835,199.58587011055207,210.17674952411548,197.92889037891325,209.32413212160461,197.78474102156017,209.03743868253235,197.6847246936517,209.46834561269981,198.04300609308962,209.19796373144865,197.8464514384863,209.58549145238604,198.02560740290895,209.25818324073285,198.06389730854235,209.84285495469817,198.2342943420262,209.20525273880011,197.64322412639504,209.32413212160461,197.97815906420243,209.39337418135835,197.98435816989362,209.37706262353731,197.84901126373393,209.14503322951597,197.55171539518415,208.9569117869577,197.67176428818334,209.41368156764887,198.15219537812979,209.34946622989531,197.64717426668346,209.13601067904628,197.88921015823937,209.51954257151434,198.17422557438204,209.49194617787239,197.85521036942498,209.18894118097896,197.80091208865184,209.37706262353734,197.94020913509982,209.25089423338136,197.79224180000242,209.41368156764892,198.1239660761866,209.49194617787236,197.90546986762038,209.22556012509062,197.74124282314207,209.30382473531407,198.01869793523841,209.48292362740267,197.96189935482147,209.33142112895607,197.9242894022492,209.54487667980507,198.22488457471192,209.4666120695816,197.71881312475529,209.06277279082312,197.74414262492039,209.27120161967187,197.75750253252301,209.19796373144871,197.94745857930101,209.39008100247639,197.75929234969811,209.29653572796261,198.19708389158859,209.58549145238609,197.76722315968263,209.20525273880017,198.11029530873859,209.56518406609561,197.80807289056366,209.04646123300196,197.61798326851925,209.40968573917951,198.47368176604525,209.58549145238609,197.1216324457223,208.5473431366116,198.38152219845861,210.11723266441874,197.30274091927217,208.5872552596052,199.00025952194667,210.4079219319604,196.47596749304253,209.04887785494236,201.98524634292485,202.88203886652374,204.81963699674165,202.89245101725473
193.18977914208622,192.01057869774101,192.18313150203787,194.67547177043409,188.68439519045796,198.69692723965773,187.02664565819742,197.74374312278584,186.91269044708793,197.57050581312731,186.72863762370582,197.81396113640952,187.12806331679303,197.75281291356961,186.97487375665793,198.0798170413928,187.27455808934025,197.96334931595516,187.35384759452865,198.41845078524753,187.37095379014704,197.7329430404308,186.87931620494658,197.88087984612059,186.93648449351096,197.62622493834886,187.03957151351406,197.98540850840354,186.97989224605513,197.49991741405489,186.64934811851748,197.76327301939421,187.28496949737072,198.28455384022172,187.44401222760675,197.89822042341927,186.82837898411074,197.85157108898164,187.2728852595412,198.03461766808891,187.0829792660582,197.83565135613105,186.99867127147263,197.78499235580125,187.00117878197537,197.82658156534737,186.91687078738985,197.5983356129363,186.85301117962908,197.99407879705313,187.39474783657005,198.15105639733039,187.27371994024489,198.06315782987724,187.16310692034193,197.91124035449155,187.10593863177746,198.07256759719155,187.35217476472963,198.19520543212394,187.39976632596722,198.22093443442344,187.32838071830662,197.87368992752323,186.77372167444076,197.63276402057048,187.04124434331308,198.03501717022331,187.24992589382197,198.05309722618711,187.29082613586331,197.93079936778534,186.81378376738681,197.75861251712624,187.33507203750281,198.17141441489292,187.03957151351403,197.91024954158516,187.4970001758694,198.33234215545872,187.13140550799955,197.70505371501818,186.91269044708801,198.06932781888287,187.6647780159451,198.14707572763453,186.40143915576624,197.22209332923157,187.57712436176146,198.70994563751879,186.66979650534222,197.43661040131303,188.43648622770687,199.12993745388277,185.74992069123437,197.49418040252459,190.83256972958768,191.85858207220411,193.77307112823149,191.87021763897752
204.05531811629217,202.81149369266589,202.9864290501985,205.5917288366166,199.21977707282676,209.79148408852933,197.52265797228651,209.00984228889041,197.72831153435911,208.98224589524841,197.39640997359629,208.94788923648807,197.59373463627207,208.89096290608595,197.54437730869373,209.28751317749303,197.90191922946639,209.18494535250963,197.929660386986,209.60909201755865,197.9673589818473,209.08637335599565,197.79730192489413,209.43901567593966,197.74340314625522,208.91855929972789,197.70545321715258,209.34946622989534,197.72492358815703,208.91127029237646,197.55137541865355,209.34044367942568,198.19915557241248,209.68735662778207,198.08783649366654,209.1962301883305,197.64859511113161,209.44630468329112,198.24916373636668,209.35675523724674,197.53826684529187,209.00081973842077,197.75611221748247,209.30382473531407,197.91158033102209,209.25089423338139,197.63637418432828,208.85833979044372,197.42793857945227,209.16134478733704,197.91743946018252,209.38435163088874,198.08848733004223,209.58149562391668,197.95902866972855,209.15232223686746,197.70650355566264,209.4666120695816,198.23719414380454,209.59780718173778,198.03171786631069,209.43728213282142,198.00169874719228,209.29480218484446,197.61715514756506,208.9732233447788,197.64322412639498,209.25089423338136,197.90473038895541,209.40066318870979,198.04584778198605,209.11570329275585,197.1678531613401,208.64991096159494,197.67327377492083,209.25089423338136,197.59793611080187,209.1229923001072,198.15731502862513,209.67104506996097,197.90828102710952,209.06277279082317,197.55467472256618,209.24187168291169,198.22118576866475,209.45203405487871,197.19290079785623,208.66622251941598,198.42311140800464,210.11723266441871,197.35339991960203,208.76635415169386,199.26250526317207,210.55942443040701,196.40037849468209,208.80782591045138,201.76385033258049,202.82910836459104,204.77611626212334,202.68316353805628
192.81341968351316,191.64658215536898,191.81858592087875,194.28370784329118,188.25410970251536,198.23000422520724,186.63763830992406,197.50722638385983,186.86054064792071,197.55421569482806,186.66645084574424,197.63742452283847,186.93397698300825,197.56979545114794,186.75494264902326,197.73547233627093,186.89140391116777,197.59148567086953,187.02246531789558,198.12430605271712,187.1681254097391,197.75497323668293,187.16477975014089,198.21331448428415,187.14516604401982,197.63813500530716,186.93983015310903,197.90620934628552,186.91687078738983,197.59188517300396,186.93230415320912,197.9872579716718,187.30002496556236,198.09468643573322,187.15892658004009,197.83821118137897,187.08799775545538,198.23068417826849,187.51912139249328,197.84506112344565,186.58381568095768,197.55097591651926,187.06253087923326,197.97494840257912,187.12555233789863,197.81362115987901,186.8734630348456,197.46597715084425,186.56420197483652,197.53579566233347,186.85552215852357,197.76262218301852,187.20400716238325,198.07660637976937,187.00536259066891,197.47754724127211,186.68355704136255,197.87113010227566,187.25327155342006,197.88921015823948,186.93313883391278,197.90473038895547,187.33757954800561,198.1141568067377,187.03873336441856,197.53536704351373,186.6051022168779,197.60518555500303,187.02079248809648,198.0819773645062,187.45860744433068,197.83639083479622,186.41603437249026,197.17476262901076,186.74741664912327,197.74553293996107,186.79500474196928,197.66050517809006,187.23031218770069,198.10224673977947,187.03706053461957,197.57340561490565,186.62722690189352,197.52203625259628,187.00285161177442,197.63600367839001,186.16059940983916,197.1024439383666,187.46529876352702,198.45028883822638,186.37011564105168,197.1498341641913,188.14851517200961,198.83915155086902,185.53956631092643,197.34911286920558,190.73115553938368,191.65344577124102,193.33989169476638,191.24880549969419
204.01449614550552,202.83337695713914,203.12183392981638,205.67398927530945,199.1930267282136,209.83712558311055,197.68108541320828,209.18894118097901,197.79054062511676,209.06277279082312,197.67241512455894,209.45932306223017,198.09872521831102,209.21427528926975,197.73538369398153,209.36075106571619,197.78434151942562,209.01713129624184,197.82368176356908,209.61082556067683,198.04186711229011,209.20525273880008,197.92789956600706,209.63842195431877,198.06389730854229,209.26720579120249,197.88994963690436,209.36075106571616,197.72202378637874,209.06277279082306,197.7409319632969,209.30382473531412,197.92676058520763,209.36804007306768,197.85777019467278,209.16134478733701,197.76435247458977,209.42270411811856,198.01619763559466,209.13601067904634,197.52018678932811,209.25089423338139,198.12001593589821,209.48292362740273,197.8605813541617,209.18894118097899,197.70329289403921,209.01886483936005,197.50426705647777,208.99353073106931,197.61755464969937,209.06277279082309,197.75315289010041,209.25089423338142,197.70255341537421,208.85833979044369,197.36175934840634,208.98224589524847,197.67071394967323,209.03743868253235,197.61425534578675,209.39337418135838,198.34826188830928,209.71668656454224,197.94125947360996,209.09939173493461,197.60453471862715,209.22556012509071,197.94992976225942,209.58149562391665,198.28208265726323,209.42270411811856,197.59071566279707,209.0830801771136,197.91817893884752,209.42270411811856,197.86237117133686,209.34044367942579,198.07265623948101,209.37706262353726,197.66846498427057,209.00984228889038,197.58250452237505,209.02615384671148,197.70536457486324,208.85105078309229,196.81739799281644,208.58396208072321,198.3996022544224,209.7663238875929,196.831408736795,208.25665386906994,198.78753380025171,210.11393948553666,196.08747375312683,208.63774956883231,201.72044077645174,202.77617786265833,204.66316884098637,202.50175309898083
192.79650295926092,191.71951769159782,192.08847737847773,194.42874625992476,188.20651814127777,198.4596114964628,187.19275413686577,198.14889607421702,187.24574555352007,197.7242436350958,186.93564634441555,198.13371582003151,187.27623091913935,197.71082420188918,186.97320092685877,198.1532457166399,187.2336578472989,197.64754477262159,186.87262488575021,197.92573924289383,186.9790575653515,197.56905597248289,186.91687078738983,197.96297881001706,187.08465209585725,197.76222268088404,187.03957151351403,197.89026049674939,186.95693288033581,197.68657415691987,186.90227557066584,197.77268278670866,187.05332858114258,197.87434076389889,186.92356210658605,197.41491864837994,186.49699670747768,197.45761772203997,186.72947577280118,197.50682688172529,186.83339747350794,197.99697859883122,187.43732090841053,198.09789709735651,187.06169273013791,197.75025308832201,186.87597054534842,197.64933458979669,186.83339747350789,197.67827425371956,186.89223859187143,197.60808535678126,186.75661547882228,197.65584455533272,186.95107971023495,197.5867655225085,186.56754763443462,197.3458396155556,186.6639433352415,197.5802555569723,186.8563568392272,197.87329042538883,187.3104398419845,197.99086813542962,186.89725708126866,197.73368251909579,187.1460041931152,198.04152713575942,187.14349321422077,197.87329042538872,187.02330346699097,197.75966285563629,186.93564634441563,197.96513913313018,187.29584462526049,197.94276896034737,186.99532561187451,197.90552939322421,187.14600419311515,197.73112269384805,186.73198328330398,197.67756389173991,187.04124434331305,197.85808105451798,187.05834707053981,197.62474456829682,186.40311198556532,197.65331525949276,187.90850663839447,198.34894172088136,185.92272395749066,196.80864059508903,187.95526351892849,198.61880587903474,185.25075710613388,197.04561789496458,190.54208769499604,191.73884403905004,193.80209460166705,191.91683367506272
204.08866768448667,202.94295101033208,203.33918870431339,205.65594417437021,198.88339217388543,209.80050663899897,198.09237794472671,209.80623601058656,198.21522347315624,209.10668074228613,197.59537628555401,209.38608517400695,197.8255907524412,208.86562879779515,197.59577578768847,209.57420661656525,198.18693464560923,209.11570329275582,197.48800734709647,209.04646123300199,197.56905597248291,209.03344285406297,197.8913704813526,209.39337418135838,197.70215391323981,208.98051235213026,197.73078271731748,209.37706262353731,197.91809029655818,209.21427528926981,197.73152219598256,209.2784906270233,198.034928527934,209.49194617787234,197.81001099612121,208.78510190222053,197.18087309241227,208.85833979044378,197.60669504174061,209.07908434864422,197.80091208865178,209.42999312546996,198.0599471682539,209.39337418135838,197.90257006584216,209.28751317749303,197.72822289206971,209.0993917349347,197.72532309029151,209.23458267556029,197.78573183446625,209.0554837834716,197.50466655861209,209.08308017711363,197.91197983315652,209.34946622989531,197.70289339190481,208.98450818059965,197.6468342901529,209.20698628191832,197.73797263591473,209.1157032927558,197.75247293703913,209.03743868253235,197.34799993866909,208.93660440066716,197.9217891026054,209.38608517400695,197.68367435514162,208.87465134826479,197.41753799923151,208.89495873455539,197.54511678735867,209.18667889562781,197.88599949661588,209.09036918446503,197.51870783199817,209.1686337946885,197.90697935435799,209.15232223686743,197.57405645128148,209.19796373144868,197.94640824079076,209.42999312546999,198.09894743586668,209.44301150440907,197.63529331641072,209.37306679506787,198.83477432497185,209.82325021799497,196.70951038052763,208.42846375380714,199.23427596122883,210.50649392847433,196.2166215535953,208.53015502184877,201.56778382240097,202.91865781063538,205.1720604841868,203.17972246019556
193.26054633327456,192.18418060836686,192.56037480675604,194.55502337530038,187.87262835414197,198.05491757276994,187.0404061942177,198.25095355354182,187.35468574362403,197.62511507423503,186.73365611310302,197.84074047721907,186.90934478748991,197.34154949873675,186.63140724219534,197.90620934628546,187.22529369830357,197.65840438058046,186.64767528871835,197.59256512606513,186.91687078738983,197.98361869122849,187.49950768637203,198.18403484383077,186.93648449351102,197.57846573979731,186.98073039515043,198.03535714675408,187.16812540973913,197.77854191586903,186.91101761728891,197.90151972733202,187.31963867168352,198.15509517990807,187.1000854616766,197.57596544015351,186.72947577280118,197.88343967136831,187.25159872362099,197.99302845854294,187.18606628606119,197.95612886795044,186.95944385923022,197.68012371698765,186.97905756535147,197.88053986958997,186.97905756535138,197.71196318268863,186.99867127147266,197.83278067103825,186.90060274086673,197.49781661654538,186.57628968105777,197.57630541668405,187.11095712117466,198.12035591242883,187.24658023422379,197.8193916467502,186.9577710294312,197.80455136909526,186.87764337514741,197.61715514756509,186.93481166371191,197.66309399953386,186.56420197483649,197.35161010242692,186.87262488575024,197.74843274173929,186.69275587106162,197.32017013886036,186.64014928881841,197.47973656058167,186.58716134055584,197.46597715084442,186.85050366912631,197.64643478801855,186.83590498401068,197.88915063263551,187.27288525954117,197.84216132166733,186.8070924481905,197.75065259045635,187.06587653883142,197.91052999251193,187.25076057452563,198.01724797410461,186.80793059728583,197.70977386337898,187.63140724219542,198.11782508337728,185.86927922615209,197.10568512939767,188.56587827302729,199.32279330243887,185.83172117531714,197.41785192549926,190.770382951626,191.97576028011071,193.92203290207007,191.86849429801813
204.55943028108206,203.44250788662669,203.81288348395256,205.96797172173316,198.87938250799306,209.46817170534547,197.72054482904881,209.57247307344707,198.09363609722303,209.09539590646528,197.62761525338959,209.30782056378351,197.77237192686351,208.89998545655561,197.50682688172532,209.22556012509062,197.86314117940935,209.1157032927558,197.62730439354451,209.12872167169485,197.73652267478099,209.38608517400692,198.23793362246965,209.65473351213987,197.9752592624242,209.27849062702333,197.88343967136831,209.31284728578368,197.74084332100747,209.12698812857667,197.7467024501681,209.26720579120249,197.93039986565083,209.37706262353731,197.81072135810081,209.08308017711363,197.69817324354375,209.43172666858814,198.13121552038771,209.41368156764889,197.87724056567723,209.25089423338136,197.67071394967317,209.10668074228616,197.86314117940941,209.39337418135838,197.82263142505892,209.06277279082309,197.64032432461676,209.10841428540436,197.58531568186396,208.91127029237646,197.50648690519481,209.06277279082309,197.77197242472906,209.3404436794257,197.97855856633697,209.30382473531407,197.78138219204342,209.18894118097901,197.69024384628159,209.29480218484443,198.20535467810353,209.62713711849796,197.78934199822419,208.96420079430916,197.69894325161633,209.21827111773914,197.49846745292118,208.83074339680178,197.71634194179691,209.19067472409719,197.44706897392632,208.84931723997408,197.75290155585895,209.43901567593969,198.06454814491809,209.67104506996091,198.37004075032016,209.53585412933543,197.82254278276963,209.33142112895607,197.87914955454926,209.23787585444231,197.97991988518135,209.37706262353731,197.39220849906673,208.72644202870023,198.05485804716599,209.34617305101335,196.56626319379131,208.38282225922583,199.2458460516566,210.64897387645132,196.52736597203736,209.01225891083072,202.12775405099623,203.30218970310329,205.10522138301019,202.69716354889053
193.28118266930949,192.2193149410771,192.50899959759496,194.75865018952621,188.29584462526054,198.36051334452017,187.24741491492742,198.30121305173716,187.29417179546147,197.72714343687409,186.91017946819349,197.9282395425376,187.02915663709186,197.66090468022441,186.9314660041137,197.9249997642288,187.12722516769773,197.8320411923734,186.97905756535138,197.58676552250861,186.53956977931821,197.43734834676667,186.89892991106768,197.93690983118711,187.26870145084771,198.00348856436744,187.00034410127162,197.58892584562176,186.74825132982699,197.80125206518241,187.12889799749669,197.77558258848694,186.84966552003098,197.67827425371945,186.87597054534834,197.5639363219874,186.6894102114635,197.57695625305968,186.87262488575021,197.64643478801833,186.81378376738678,197.68407385727593,186.95777102943123,197.94597962197079,187.37346130064978,198.17422557438198,187.10593863177749,197.56649614723523,186.62471592299909,197.57735575519419,186.87262488575024,197.77848239026522,187.12889799749672,197.88665033299151,186.89223859187143,197.63017507863728,186.91687078738974,197.8483009017543,187.06671121953519,197.85157108898159,187.03455302411678,198.0939469570682,187.63140724219542,198.42385088666967,187.20400716238328,197.76768230791012,187.10844961067198,197.91021901217766,186.65892484584418,197.34114999660235,186.94652147230545,197.96041898476915,186.88972761297694,197.64174516906488,187.17063638863357,198.17101491275844,187.26870145084769,198.17644542309907,187.51828671178961,198.25817400154665,187.35970076462957,198.22778437649021,187.2244590175998,197.85629123734279,187.2720471104459,198.18511429902648,186.81462191648211,197.36829984335003,187.20400716238333,197.97926751559447,185.98323790565323,197.04595633828393,188.2065181412778,198.8488721780285,185.51995260480524,197.54733970249825,191.23199195428322,192.35814355662453,194.01127184385453,191.64694920888667
204.20329005951544,203.03421988973656,203.3141222209687,205.7635387213538,199.10836793906918,209.98862808155721,198.32139378472138,209.87947389880972,198.05963630840873,209.07006179817455,197.76037321761601,209.60180301020714,198.05633700449599,209.22156429662118,197.95032926439382,209.69135245625148,198.1612056433097,209.26720579120251,197.70039309226109,208.9569117869577,197.24634196147863,208.68652990570652,197.49312699759199,209.20525273880014,198.01539863132564,209.36577778771644,197.6363741843283,208.9388666860184,197.76617282117249,209.64344867631905,198.26542344574779,209.29480218484443,197.63017507863725,209.18894118097901,197.84145095968776,209.03517639718112,197.31076037154591,208.67021834788545,197.39180899693218,208.97322334477883,197.59182564740019,209.20525273880014,198.10119640126925,209.76059451600531,198.35147254993285,209.58149562391665,197.8805398695898,209.04646123300202,197.45326807961735,209.03014967518092,197.75139206912132,209.34946622989531,198.14022578556774,209.56518406609561,197.87039062361052,209.00081973842072,197.51623664903977,209.19796373144868,197.91197983315664,209.287513177493,197.8110613346312,209.44630468329109,198.27119393261893,209.55616151562589,197.69058382281207,209.07908434864419,197.99376793720799,209.42270411811859,197.51003754334872,208.77607935175087,197.70875252106524,209.36977361618585,197.76756313621325,209.21427528926978,198.06654577607927,209.42999312547002,197.7020652709505,209.19623018833053,197.94211812397177,209.44630468329115,198.14013714327834,209.71668656454219,198.0571360087649,209.23284913244211,198.03887866822254,209.74601650130239,197.88417915003313,209.17592280203993,198.45205107192746,209.68077027001797,196.76991912470237,208.3479368582324,198.92788118520977,210.20348893158103,196.14970284388431,208.82413746827245,202.0514255739709,203.15970975512633,204.93517200322066,202.5634255049022
192.9170856750678,191.79683003091759,192.10896974290566,194.24862859928129,187.81378723577842,198.14676628051143,187.16394160104559,198.17206525126875,187.08549024495261,197.53937682989522,187.00117878197531,198.34971172895385,187.39224032606731,197.79227232941,187.1681254097391,198.37103156322647,187.35552042432775,197.66056470369372,186.74741664912329,197.72896237073473,186.90060274086676,197.6711134518076,186.95191785933028,197.84836042735824,187.10928429137564,197.83278067103836,186.78998972096377,197.62912474012725,187.20902565178054,198.41484062148962,187.54040792841357,197.93551951614631,186.95944385923025,197.9778482043574,187.25159872362104,197.77277142899794,186.62220841249632,197.40235774504615,186.81462191648217,197.79844090569344,186.9577710294312,197.91669998151764,187.49950768637211,198.41444111935527,187.31462018228629,197.78104221551291,186.85217649892539,197.67506359209602,186.83339747350794,197.62730439354439,186.7933353805619,197.65189441504438,187.08130643625918,198.12396607618663,187.25159872362093,197.66420398413715,186.66728899483962,197.67216379031777,186.99532561187439,197.68697365905444,186.79918855066279,197.8038118904301,187.2432345746256,197.81467149838909,186.5658748046356,197.45542840273046,187.12220667830047,198.05482751775844,186.94401049341096,197.60089543818401,186.99114527157263,197.79264130213693,186.73532894290213,197.63887448397227,187.14265853351702,197.87434076389906,186.83423215421163,197.65223439157501,186.89809523036399,197.6395848459517,186.93230068481745,197.96948877555306,187.06754936863047,197.59398597051327,186.93397351461653,198.014688148857,186.95944385923019,197.86095186009973,187.85468400942821,198.25743298967038,185.76953786574717,196.62238335435845,187.81378723577851,198.71941351771488,185.60342591868715,197.4251013697004,190.78999665774722,191.65344577124094,193.25282127445968,191.10895739143871
204.08493148319062,202.91376029753644,203.3437949048716,205.40360739405833,198.38929031649101,209.21983075350303,197.46435002562117,209.30382473531412,197.9265978932556,209.03344285406294,197.81057319020755,209.75330550865388,198.10054556489359,208.93487085754899,197.66195501873449,209.71668656454227,198.16632529380522,209.02442030359325,197.61425534578672,209.60180301020716,198.2947030862012,209.45532723376076,197.92863904467208,209.41368156764887,197.89532062164108,209.18894118097901,197.66855362655986,209.16134478733704,197.86132083282672,209.42999312547002,197.99953842407899,209.38435163088874,198.00638836614579,209.49194617787236,197.93079936778526,209.13601067904634,197.60558505713746,209.287513177493,198.11745611065038,209.47563462005121,197.78283203268816,209.2948021848444,198.20501470157279,209.63442612584936,197.77774291160023,208.86562879779521,197.45912720877752,209.16134478733707,197.88625083085731,209.16134478733699,197.45912720877755,208.72314884981816,197.45542840273052,209.28751317749297,197.99086813542957,209.12472584322543,197.54841609127138,209.08308017711366,197.68373388074542,208.97322334477875,197.48439718333864,209.15232223686743,197.99663862230082,209.25089423338142,197.45906768317374,208.96420079430914,197.93696935679091,209.56518406609555,197.98139884251142,209.32013629313514,197.99993792621339,209.22556012509065,197.37003013492134,208.89096290608592,197.86033001992033,209.4666120695816,197.99111946967102,209.36577778771641,197.84514976573482,209.00081973842072,197.44922929703958,209.0993917349347,197.727572055694,209.0587769623537,197.81859264248132,209.29879801331381,197.44030767414873,209.08237752752626,198.68430681072007,209.7663238875929,196.54670418049736,207.93733731435552,198.56977707035071,210.14829614429703,196.34755917123886,208.85346740503255,201.76385033258057,202.58805642010009,204.29733359749824,202.14998567180533
192.97025075952291,191.84513042309464,192.2743861047658,194.25655940926561,187.72446075179573,197.98361869122837,186.69191772196626,197.8646201367394,187.24658370261545,197.73655320418848,186.9790540969598,198.20714449527864,187.19025009475467,197.32449078508685,186.60259123798349,198.19523442832042,187.45777276362702,197.75102309639465,187.04207902401677,198.45674069088085,187.64265679932117,197.9064912099343,186.92272395749072,197.97559923895483,187.14014755462256,197.73109357716262,186.89725708126861,197.7162532995076,186.77121069554627,197.53826684529201,186.89558425146953,197.97815906420254,187.33256105860841,197.9593395295737,186.85301117962905,197.57911657617296,186.93899200401373,198.13618700298991,187.51995607319694,198.00959902776907,186.81211093758768,197.70215391323975,187.20902565178051,198.02955754319731,186.89391142167054,197.45582790486498,186.72947577280115,197.85481086729058,187.25243340432471,197.90257006584218,186.78831689116461,197.35490940633971,186.606775046677,197.69132330147704,186.95609819963209,197.5983356129363,186.81378376738675,197.74448260145084,186.9185436171889,197.57340561490568,186.74574381932422,197.76947212508517,187.16979823953821,197.91777943671315,186.93815732331001,197.75611221748241,187.12304482739594,198.04803710129559,187.16477975014089,198.01144849103727,187.38015261984614,198.03856780837731,186.80876527798949,197.59148567086945,187.10510395107383,198.16160514544407,187.31294735248716,197.99953842407899,187.12304482739592,197.7470424266985,186.77455635514443,197.66855362656005,186.91269044708801,197.85993051778595,187.39976632596728,198.07444605665623,186.57963534065587,197.52567694576175,187.79500821036103,198.54179756943731,186.24741491492739,196.92587832859925,187.81378723577851,198.50412797077203,185.37429251296172,197.36537257858669,190.77372861122413,191.56159706349936,193.27026340371918,191.35317068013831
204.14037457005688,202.93464568769559,203.31059533749391,205.70887467630288,199.14967669768851,209.92840857227307,197.711045006723,209.37706262353728,198.21457263678047,209.38435163088874,197.79135415344433,209.4756346200513,197.92443757014243,208.78510190222048,197.34319114801875,209.44301150440907,198.1143049746309,209.13201485057689,197.87428123829503,209.8428549546982,198.23941399252172,209.02442030359327,197.54116664707016,209.528565121984,198.20211489979468,209.25818324073288,197.70289339190481,209.25089423338133,197.75281291356976,209.1432996863978,197.86388065807435,209.4553272337607,197.99046863329522,209.18894118097904,197.57340561490571,209.15232223686743,197.99987840060967,209.58149562391665,198.04763759916108,209.15232223686746,197.52564641635422,209.15232223686741,197.95538938928524,209.42999312547005,197.90546986762058,209.30382473531407,197.94671910063579,209.51954257151431,198.11671663198553,209.42999312547002,197.83639083479605,209.19796373144868,197.77632206715205,209.14503322951597,197.53215638189019,208.94788923648807,197.73473285760602,209.29653572796263,197.76040233430135,209.04646123300196,197.66565382478171,209.34044367942573,198.08487716628431,209.57247307344701,198.09829659949105,209.40968573917951,197.90112022519756,209.27849062702336,197.68083407896717,209.25818324073285,198.22417421273229,209.75330550865385,197.96368917199663,209.20525273880014,198.00607750630058,209.61811456802829,197.93978051627994,209.1962301883305,197.88889929839414,209.49194617787239,198.04828843553696,209.32413212160455,197.6653429649364,209.29480218484446,198.41475197920047,209.7989470032351,197.53579566233341,208.94215986490047,198.58375869764373,210.17016316635141,197.40473887299294,208.73146875070049,198.91236095449369,209.90950648515732,195.84074824261739,208.67436851294397,201.86550830977086,202.82910836459104,204.81963699674168,202.89245101725473
192.90283877201631,191.79146322784788,192.11750085191335,194.57020362948603,188.52330520118676,198.50811017367951,186.72779947461044,197.78425287713628,187.47905929954723,198.17712537616035,187.02329999859924,197.78539185793574,186.91185576638432,197.38964867381895,186.54542294941902,197.72350274370868,186.91436327688706,197.40732922764826,186.85719151993089,198.21044379919132,187.27037774903846,197.50509659015401,186.76703035524446,198.2289233572896,187.54542641781077,197.89717008490913,186.91687078738985,198.01619763559455,187.33172637790472,198.07842672635209,187.24992589382194,197.96843843704292,186.93983015310909,197.60453471862726,186.81127625688404,197.90191922946647,187.35468574362403,198.00357720665679,186.83256279280425,197.47143677787042,186.79333538056193,197.87113010227554,187.14349321422071,197.92354992358423,187.16979823953815,198.11961643376367,187.39474783657002,198.20862486533062,187.28915330606424,197.95828919106359,187.0863249256563,197.98105886598074,187.16477975014104,197.70940335744095,186.64767528871837,197.57630541668405,187.03957151351403,197.84290080033225,186.83339747350789,197.57590591454965,186.91854361718887,197.98105886598083,187.33256105860835,198.26539432906227,187.49616202677404,198.15105639733036,187.17230575004089,197.81066183249686,186.72613011320311,197.61681517103449,187.22863935790164,198.24154378622745,187.14516604401982,197.73254353829634,187.16979823953818,198.15324571663999,187.03706053461954,197.64464497084333,187.04626283271028,198.19014530723251,187.45275080583815,197.95282956403756,186.73449426219841,197.66667516709541,187.43146426991788,198.33734263425728,186.84008879270417,197.57914710558055,187.72111162380588,198.64592672958608,186.58966885105855,197.36176088161764,188.12221014669225,198.46293826336063,185.08297579766642,197.20444483802098,190.81128319366749,191.8581825700698,193.94115091651253,192.23929726271953
204.16023615027618,202.98957626946944,203.31414998106305,205.75954289288435,199.14131738937351,209.64900414055231,197.37105135674594,209.23284913244208,198.35597048073785,209.57021078809581,197.69444532081121,209.07405762664396,197.6733624172102,208.93660440066716,197.50417841418832,209.14503322951597,197.61980361510209,208.73946040763923,197.51614800675046,209.47563462005127,198.01514729708447,209.03344285406297,197.72202378637877,209.70766401407255,198.33416250204141,209.31111374266555,197.69058382281219,209.46661206958163,198.25311387665502,209.59780718173778,198.01579813346015,209.27849062702336,197.65840438058055,209.00984228889035,197.5925651260651,209.16134478733707,197.84506112344567,209.0993917349347,197.42398843916382,208.91127029237643,197.76006235777083,209.34946622989534,197.85481086729055,209.24187168291175,197.92104962394035,209.48292362740264,198.05954766611941,209.44630468329112,197.93045939125489,209.29480218484443,197.87289092325429,209.39337418135835,197.90512989108993,209.09939173493476,197.54841609127132,209.21427528926972,198.00894819139344,209.33142112895601,197.69274414592536,209.06277279082315,197.67796339387436,209.25089423338133,197.96223933135195,209.51954257151425,198.10119640126942,209.4829236274027,198.06389730854224,209.43901567593966,197.75355239223478,209.15961124421887,197.99228897987786,209.53585412933538,197.83130171370829,209.17592280203999,198.04368745887274,209.56518406609555,197.78243253055359,209.13201485057689,198.02165726262055,209.69864146360294,198.17018679180438,209.26720579120243,197.5069155240146,209.01713129624184,198.00885954910424,209.49594200634178,197.47612639682367,208.97651652366079,198.59350844148867,209.98204172379312,197.0332457338456,208.43575276115854,198.89860154475639,210.08634309189469,195.94240621980782,208.52286601449728,201.66944179959125,202.91865781063535,205.21558121880511,203.38900993939401
193.33770295744628,192.17630328426827,192.41689696214067,194.52028410782106,188.04542815200656,198.09650678231583,186.78580591227035,198.03501717022334,187.5053643248647,197.87329042538886,186.66143235634706,197.67466408996157,187.08883590455071,197.78789215757968,186.93397351461655,197.86172033496115,186.98156854424585,197.54412597445244,186.80876527798958,197.96658897377489,187.16812540973908,197.77083344392963,187.10677331248115,198.28850398051017,187.45526178473258,197.8508316103167,186.85301117962908,197.92750006387269,187.29333364636602,198.00598886401136,187.06336555993698,197.79801228687359,186.93313883391281,197.64643478801841,186.75326981922419,197.53570702004421,186.74825132982699,197.54221698558035,186.75159698942508,197.71261401906426,187.10092014238029,197.83599133266173,186.83841596290509,197.66781414789494,187.0558395600371,197.9532290661721,187.06671121953508,197.78138219204357,186.95777102943126,197.84506112344562,187.14516604401973,197.98145836811523,187.04124434331308,197.65189441504444,186.83339747350786,197.98105886598083,187.41770720228936,198.13553616661426,187.16645257994,197.79480162525013,186.7899897209638,197.56689564936954,186.87597054534842,197.7980414035591,186.9611166890293,197.73729268285351,187.05751238983615,198.00678786828016,187.16979823953807,198.0367779912022,187.41603437249032,198.22778437649015,187.16812540973905,197.95794921453302,187.34966725422683,198.04186711229005,186.79751572086369,197.69820377295133,187.39056749626826,198.37069158669587,187.27539277004391,197.72427275178143,186.74658196841966,197.66460348627149,187.10761146157654,197.79338078080195,186.41185403218844,197.38350921422091,187.67398031403587,198.4567988037625,186.15976126074372,196.90961861921809,188.02414161608638,198.77652295797691,185.39557904888196,197.08646762584564,190.52247398887485,191.76417353921502,193.88142808445841,192.01947551454742
204.56808325741304,203.47511256129798,203.97785509156671,206.05578762465927,198.92393104492129,209.5960736386196,197.7454442976717,209.59051817438635,198.16641393609453,209.04472768988379,197.47560913571451,209.47563462005127,198.24018258787223,209.26720579120246,197.7136643575744,209.53984995780482,198.21121380726399,209.32013629313519,197.77012296146086,209.3973700098278,197.92468890438369,209.26720579120249,198.029158041063,209.69135245625148,198.08237686664049,209.11570329275582,197.59256512606524,209.23458267556026,197.82624158881671,209.0993917349347,197.62730439354451,209.19796373144871,197.8931602985277,209.34044367942568,197.85737069253827,209.18894118097907,197.70650355566266,209.23458267556029,197.89679957897101,209.34946622989531,197.90257006584221,209.22556012509065,197.65189441504435,209.11570329275574,197.83855115790948,209.34044367942576,197.81973162328069,209.15232223686738,197.75355239223461,209.28751317749297,197.87724056567728,209.25089423338142,197.76296215954906,209.18894118097899,197.80091208865187,209.42999312547005,198.15219537812982,209.63442612584942,198.19955507454694,209.42999312546999,197.66130418235883,208.96420079430911,197.6424846477299,209.16134478733713,197.61064518202903,208.92758185019758,197.61030520549821,209.33142112895601,198.0913871318206,209.68735662778209,198.38010135401026,209.6547335121399,197.92533974075951,209.34044367942568,198.00968767005841,209.18165217362758,197.28938101166941,208.96420079430916,198.19890423817122,209.76961706647492,197.93361052727425,209.00081973842077,197.54526495525181,209.21427528926978,198.01209932741293,209.12872167169488,196.98273490140886,208.6735115267675,198.52909003142145,209.99106427426281,196.96200637790807,208.29327281318155,198.92427102145189,210.45356342654159,196.40688846021823,208.71827646440704,201.64701210120467,202.79248942047943,204.82642760875876,202.76397108011196
193.0623396692269,192.28974279036612,193.16711874446099,195.1196846355713,188.1418238528133,198.1116275108977,186.83841249451342,198.06133748329455,187.22613184739885,197.58423622666839,186.89641893217325,198.31787226325278,187.45777276362705,197.61246552861155,186.72863762370585,198.24765424962905,187.70818923688094,198.06821795476884,186.98156507585418,197.82047110194566,186.87346303484563,197.62952424226154,187.06085804943424,198.00752734694518,186.95944385923025,197.45511754288532,186.71153489647915,197.67580307076102,186.76703035524449,197.35530890847403,186.56336729413286,197.63020419532268,187.08632492565633,198.10409620304767,187.39391315586633,198.02816722815672,187.04124434331311,197.87658972930157,187.08381741515353,197.81001099612121,186.93983015310911,197.81072135810072,187.03622585391588,197.82263142505889,187.04877034321299,197.88955013476979,186.99532561187448,197.69965361359587,186.93815732331001,197.78573183446633,186.85468400942818,197.56649614723517,186.87597054534842,197.91197983315649,187.18606628606122,197.87980039092486,186.97905756535144,197.93946965643477,187.35384759452862,198.15830584153144,187.10593863177746,197.73689318071922,186.97738473555231,197.82408126570348,186.85301117962914,197.57590591454962,186.89892991106768,197.97164909866646,187.33088822880939,198.1579658650009,187.27121242974212,197.80091208865187,186.74825132982699,197.60808535678115,186.90060274086676,197.44169798918955,186.30625603329096,197.42108863738559,187.25494438321911,198.13081601825334,186.93397351461653,197.47785810111714,186.77204884464166,197.8927607963933,187.31210920339186,197.75494270727543,186.25159872362096,197.39033003960222,187.84966552003095,198.60251717345739,186.17063292024184,196.85494995299618,188.02079595648823,199.04533819034253,185.89223512347974,197.55424917016887,190.79334231734535,191.75726407154454,193.62987803767936,191.73934649754963
203.74975165219155,203.07181613453051,204.16100903930254,206.43931951712727,199.18367648650295,209.55945469450793,197.40286041352857,209.37706262353728,198.24601260034711,209.45359369064249,198.10104823337616,209.76961706647495,197.93921832219351,208.78336835910233,197.54437730869367,209.80623601058656,198.48647947956161,209.32742530048665,197.75966285563641,209.37706262353731,197.7047137384875,208.84532141150467,197.57846573979728,209.25089423338139,197.69274414592536,208.92758185019753,197.62045445147783,209.10841428540434,197.512937345127,208.76879034439941,197.34879894293798,208.97322334477875,197.8193321211462,209.51954257151434,198.15185540159925,209.32013629313519,197.73723315724973,209.29480218484443,197.8816207375076,209.15961124421887,197.67972421485314,209.25089423338142,197.86823030049726,209.25089423338136,197.86422063460503,209.32413212160461,197.75716255599255,209.06277279082309,197.70579319368309,209.145033229516,197.5104370454832,208.85833979044375,197.64612392817321,209.40239673182802,198.08848733004228,209.29480218484443,197.62261477459097,209.15961124421884,198.03097838764566,209.671045069961,198.12686587796489,209.35675523724677,197.93730933332145,209.34443950789506,197.6377644993691,209.07179534129273,197.96627811392963,209.60180301020719,198.03492852793417,209.22156429662127,197.69499311132785,209.05375024035345,197.53462756484873,209.07908434864416,197.78073135566765,209.00984228889041,197.37798994110199,209.1686337946885,198.23219366500595,209.62540357537978,197.8862217141718,209.09939173493467,197.56732426818954,209.21427528926975,198.17453643422715,209.53256095045336,197.48553616413815,209.10268491381672,198.77726538257539,210.08061372030713,197.00865571234573,208.48868326309127,199.13517780928623,210.5504018799374,196.47886729482079,208.86977896285373,201.76169000946717,202.86572730870259,205.09584318565106,203.33607943746134
192.5073600920592,191.82620089251265,192.7562027177876,195.0473354155196,188.37513759884052,198.10591654963025,186.4773830013566,197.86428016020886,187.60343285547052,198.39383176755126,187.56503665554027,198.27588355157232,186.93564981280724,197.40988905289609,187.00117878197537,198.42894000775752,187.39558598566541,197.62443512117369,186.97738473555236,198.28964296130957,187.31294735248724,197.65365523602327,186.8563568392272,197.90942000790884,187.04040619421772,197.76583284464198,187.05918521963511,197.82658156534731,186.85886434973,197.59867558946684,186.76870318504351,197.63017507863731,187.04040619421767,198.05158773944956,187.14516604401979,197.67642491094043,186.89976459177137,198.11125700495941,187.45358895493351,198.02807858586732,187.06336555993701,197.82948136712565,186.87764337514744,197.63307488041559,186.9544253698331,197.82408126570354,186.87597054534839,197.57880571632799,186.89892991106771,197.70724303432763,186.6835570413626,197.40556840666952,186.79333538056184,197.91487963493489,187.29166081656697,198.01579813346015,187.02163063719189,197.8063717156779,187.18606628606119,198.1840348438308,187.24992589382191,197.86604098118764,187.12555233789865,197.84324077686287,186.6051022168779,197.38239922961776,187.06085804943427,198.1218057530732,187.04207902401666,197.5719557742612,186.87680869444381,197.88994963690436,187.10259297217931,197.984018193363,187.24909121311825,197.90151972733207,186.98156507585418,198.18909496872232,187.70735455617731,198.35659220042805,187.31127452268811,197.88343967136817,186.66979997373403,197.48010706651965,187.18439345626214,198.27412273059343,187.02163063719192,197.76549298860041,187.75243513852055,198.47487885972632,186.3308882288093,197.44391937111774,188.644333097512,199.15165679028979,185.60760625898891,197.27312436871074,190.54041486519696,191.65310579471031,193.92183263482113,192.39968824656319
204.02688532313243,203.0742712366947,203.68735228830366,206.11774067706162,199.248745853435,209.61238519644067,197.36528086987474,209.27849062702339,198.30892164416591,209.70366818560322,198.19946643225754,209.64571096167026,197.96488779888898,209.22156429662121,198.04177847000076,209.66375606260954,197.75901201926069,208.81998730321388,197.80742205418798,209.88849644927939,198.34570206306154,209.30382473531407,197.87547974469842,209.6384219543188,198.2085653397269,209.48292362740273,197.95652837008473,209.37706262353728,197.96908927341866,209.47563462005127,197.9311988699198,209.24187168291178,197.93690983118705,209.52856512198397,197.89861992555373,209.14329968639774,197.90257006584216,209.75330550865388,198.37754152876272,209.63442612584933,198.1587053436659,209.46661206958163,197.69274414592547,209.01713129624184,197.7307827173174,209.25089423338139,197.72492358815705,209.20525273880011,197.96809846051241,209.28751317749294,197.57044628752368,208.92029284284607,197.57019495328228,209.18894118097901,197.99367929491871,209.56518406609558,198.01693711425955,209.21427528926972,197.81717179803297,209.30782056378351,197.58281538222013,208.94389340801865,197.95177922552742,209.47563462005127,197.48726786843153,208.60426946701369,197.59117481102436,209.38608517400692,197.73754401709496,209.05375024035345,197.95331770846127,209.62713711849793,198.13362717774237,209.66202251949136,198.34437127362466,209.57247307344701,197.93105070202671,209.67104506996094,198.41128998333568,209.62540357537972,198.07611823534566,209.38608517400695,197.43709701252541,208.64088841112533,197.72418410949194,209.55789505874412,197.65263389370946,208.87794452714689,198.25783402501594,209.74098977930211,197.07193514161344,208.86492614820781,199.51864054099582,210.61235493233971,196.35622945988843,208.80782591045133,201.71575115749829,202.74684792589818,204.90005732195254,203.11805005427419
193.13058903274873,192.08484385727633,192.43016180648232,194.76121001477398,188.42021818118371,198.32361375392765,186.83088649461351,197.90217056370773,187.27455808934022,197.93005988912032,187.0370605346196,198.07296709932615,187.35635857342308,198.04328795673828,187.22780120880631,197.92533974075934,186.68857553075978,197.38850969301956,187.0404061942177,198.23247399544357,187.16979823953815,197.55279626310175,186.84883083932723,198.17462507651638,187.5658748046356,198.12251623554201,187.02163063719189,197.82229144852835,187.20567999218238,198.20936434399579,187.27121242974215,197.86894078296598,187.12722516769773,198.0606866469189,187.06253087923332,197.7557722409519,187.14098570371797,198.07660637976937,187.06838404933424,197.86243081742984,187.33172637790469,198.20646454221747,187.12220667830053,197.79045198282731,187.06587653883142,197.90836966939875,187.02079248809653,198.02196812246558,187.43314056810868,198.01579813346015,186.88015088565021,197.64282462426056,186.83088996300521,197.64899461326601,187.02079248809653,197.99481827571802,187.01995780739287,197.47424793735928,186.71069674738371,197.58494517592587,186.43564807861142,197.29956078705635,187.25159872362096,198.42604020597921,187.1222066783005,197.41929882021051,186.83590845240238,197.94489875405321,186.91603263829444,197.65766490191547,187.16394506943729,198.1047470394233,187.1910813070667,198.21723562837622,187.64349494841656,198.18940582856746,187.06252741084162,197.96874929688815,187.1443313633161,197.76182317874969,187.04458653451957,197.99876841600647,186.8292171332061,197.31218121599423,186.91937829789259,198.02517737136702,186.6460024589193,197.22249283136603,187.267866770144,198.23861345504162,186.3137820331909,197.30169211397342,188.29500994455685,198.84492203774022,185.59840742928998,197.66241711289524,191.1067837176563,191.92115113949237,193.68018804703516,191.79537230094917
204.18716468059228,203.08171790898163,203.47163826196439,205.90601866933079,199.18361696089909,209.78419508117787,197.75525356712046,209.4390156759396,198.06219613365653,209.24916069026315,197.79397350429582,209.57247307344701,198.20470384172785,209.28351734902355,197.69379448443556,209.24586751138119,197.72211242866805,209.05148795500227,197.83599133266173,209.42999312547002,197.74812329461625,208.7833683591023,197.36647949676728,209.26720579120251,198.12612639929981,209.40968573917948,197.78104221551288,209.1962301883305,197.86314117940947,209.40968573917951,197.95177922552742,209.34773268677705,197.97130912213584,209.3404436794257,197.68697365905436,209.07908434864416,197.81288168121387,209.15232223686741,197.39140949479778,208.88194035561631,197.88236021617254,209.58149562391665,198.07290757372232,209.44630468329112,198.10159590340376,209.57247307344704,198.08157786237172,209.62540357537975,198.22133393655784,209.39337418135838,197.74118329753816,209.23458267556029,197.7698716272196,209.1157032927558,197.81282215561012,209.34044367942568,197.66096420582818,208.8290098536836,197.58531568186405,209.15405577998561,197.40300858142174,208.86562879779515,198.11060616858379,209.99435745314486,198.281994014974,209.2948021848444,197.89034913903876,209.36977361618585,197.67821472811553,209.11570329275582,197.90447905471413,209.22556012509057,197.55773721629646,209.26720579120249,198.21161330939833,209.48292362740273,197.76898398066146,209.15232223686746,197.61980361510206,208.92758185019753,197.69339498230107,209.51225356416285,198.01298697397121,209.27449479855392,198.20566553794856,209.63113294696731,197.33682935037587,208.56765052290214,198.12001593589807,209.75903488024144,197.12293411847381,208.57094370178416,198.86642210252469,209.97874854491107,196.043324718333,209.00496990347929,202.25474152835153,203.15970975512636,205.02221347245725,202.98200046329902
192.86993997164993,191.84304656486833,192.26821994236539,194.47613507302731,188.01912312668912,198.06176751483653,186.74992415962612,197.91527913706929,187.2703777490384,197.92610974883192,187.20818750268515,198.29470308620108,187.33507203750281,197.57846573979734,186.58214285115861,197.76731180197194,187.10343112127472,197.70835301893081,186.89892991106771,197.99737810096573,187.30709418238635,197.83855115790951,186.79751572086371,197.68697365905433,186.99699844167355,197.87690058914666,187.14516604401976,198.0063883661457,187.14683887381889,197.88230069056871,187.10593863177743,198.05414756469727,187.24490740442471,197.78209255402297,186.73198328330392,197.65183488944052,187.06503838973606,197.77342226537365,186.68355704136258,197.50358710341658,186.9986712714726,198.02554787730514,187.19359228596113,198.01505865479513,187.32670788850751,198.27480409637673,187.52330173279515,198.28094367646386,187.23031218770072,197.76222268088412,186.89391142167051,197.86823030049732,187.01995780739279,197.7492027498119,187.10761146157651,198.03245734497568,187.01828497759377,197.67978374045708,187.06253087923329,197.95686834661529,186.87597054534842,197.66056470369369,187.22696652810259,198.33555281708217,187.44150124871231,198.01505865479504,187.07879892575636,197.71591332297712,186.73198328330389,197.74053246116253,187.16729072903544,197.63421386121504,186.39307500677094,197.36761847756688,186.9815685442459,197.88343967136828,186.99950595217629,197.6967829285031,186.75160045781683,197.45912720877763,186.83005181390973,198.07660637976934,187.37931793914237,198.16848561691839,187.66394333524141,198.25530319596459,186.49950768637214,197.12737393639711,187.23198501749985,198.20356332771703,186.27037428064673,197.11944453913478,187.9544288382248,198.37103003001519,185.10844267388848,197.3147135782568,190.95777796621456,191.9059417686214,193.78080806574681,191.90742390774832
204.08866768448678,202.92663945251101,203.3022891137208,205.5387983346838,198.68371549994814,209.31840275001701,197.3290917617509,209.18894118097904,198.05028606669816,209.40968573917951,198.13362717774226,209.80623601058662,198.08172603026478,208.91855929972789,197.45937854301891,209.4390156759396,198.08132652813043,208.96420079430911,197.31471051183428,209.36075106571622,198.48175933120066,209.77863961694456,197.97633871761977,209.17262962315792,197.64288414986447,209.2255601250906,198.00382854089798,209.59051817438632,198.09252611261996,209.36804007306765,197.96874929688806,209.58149562391668,198.07876670288269,209.18894118097904,197.57735575519411,209.18165217362755,197.90620934628549,209.33315467207424,197.85626070793515,209.32413212160461,197.94961890241422,209.34044367942568,197.80091208865184,209.24187168291172,197.88270019270317,209.4829236274027,198.19014530723251,209.49194617787236,197.74704242669864,209.00081973842074,197.63958484595167,209.25089423338136,197.81612145952289,209.18894118097904,197.84000099855396,209.33315467207422,197.83022084579071,209.28751317749294,197.98506853187297,209.41368156764895,197.8388911344401,209.26720579120249,197.93045939125471,209.42097057500033,197.97380942177972,209.37306679506793,197.85052075047162,208.98450818059965,197.31471051183436,209.03517639718115,198.02199723915112,209.23458267556026,197.30456126585491,208.68652990570655,197.6194041129676,209.28751317749297,197.8268924251926,209.16134478733704,197.70298203419406,209.04646123300202,197.63082591501313,209.287513177493,197.90771883302298,209.36404424459826,198.23676552498472,209.44301150440904,197.12848238778909,208.5034351851485,198.1192764572331,209.74098977930217,197.11824449952044,208.62387420371678,198.99084975463225,210.04972414778314,195.95181598712225,208.71827646440704,201.91758815454887,202.92594681798678,204.81301585271595,202.6994750958774
193.1871093208855,191.93150393462778,192.08847737847773,194.17881008779202,187.83340094189958,198.04328795673837,186.75075884032975,197.83309153088351,187.16561789923637,197.79656244622899,187.08548677656091,198.19739475143368,187.20484531147869,197.59364599398285,186.9389920040137,198.32688252843266,187.50118051617119,197.50318760128209,186.24574208512837,197.61459532231737,187.40143915576627,198.15830584153142,187.05834707053978,197.65550457880218,186.79166255076282,197.67756389173991,186.98156507585418,197.90546986762047,187.08214458535448,197.80998187943572,187.10092014238023,198.08561664494951,187.19443043505655,197.68953348430199,186.76535752544544,197.64723379228732,186.79166255076282,197.62005494934326,187.04375185381591,198.02554787730506,187.14851170361788,197.72498311376086,186.82587147360803,197.66855362655991,186.86137532862438,197.70579319368318,186.97571190575331,197.65624405746718,186.66728899483957,197.53215638189027,186.93648449351096,197.86422063460486,187.06671121953514,197.72242328851311,186.74239815972612,197.45326807961717,186.71571523678091,197.76651279770303,187.09924731258121,197.86709131969786,187.08632492565624,197.92428940224929,187.01995780739287,197.7532124157041,187.01828497759374,197.99376793720796,187.21237131137866,197.6338143590805,186.41268871289216,197.41167887007106,187.12722516769767,198.06133748329447,186.93731917421465,197.55634690125567,186.97905756535147,197.93184970629537,186.93564634441555,197.64859511113164,186.98073039515049,197.78243253055359,186.85384586033283,197.64643478801844,186.83256279280425,197.69925411146158,187.1656144308447,197.75568218594046,186.19108477545836,197.10565459999023,187.47487549085378,198.60217719692679,186.68773738166433,197.4214301471275,188.19192292455384,198.69334453888499,185.3913987085802,197.5104996375095,191.14601112989865,192.07346811701251,193.62430962164174,191.34074703139194
204.57181945870909,203.15010131838577,203.1719822495223,205.4768452822816,198.95611048715296,209.88276707769182,197.95743054070172,209.42270411811853,197.82311956948271,208.87465134826482,197.46258920464231,209.46661206958157,198.20436386519719,209.36404424459826,198.03236870268637,209.89578545663088,198.38556098103629,209.16863379468856,197.40911904482343,209.15232223686741,197.88742034106423,209.07006179817455,197.47134813558094,209.11570329275582,197.926849227497,209.21427528926972,197.53826684529187,208.85833979044375,197.43379770861279,208.9732233447788,197.73433335547136,209.28751317749297,197.80421139256464,209.02615384671145,197.57590591454954,209.06277279082312,197.51805699562249,208.91855929972792,197.74630294803356,209.41870828964909,197.93295969089863,209.09036918446509,197.56399584759131,209.07179534129278,197.6710539262038,209.06277279082309,197.60740540372007,209.00081973842074,197.59472544917838,209.21427528926978,197.96263883348635,209.42999312546999,197.99046863329525,209.16134478733704,197.35490940633952,208.67021834788551,197.43990817201447,209.21427528926975,197.93295969089857,209.2948021848444,197.87039062361055,209.30382473531412,197.79730192489399,209.24187168291169,197.88631035646102,209.48292362740273,198.18653514347469,209.29653572796261,197.30860004843251,208.75976779392977,197.8732904253888,209.64744450478844,197.98284868315596,209.26720579120246,198.15549468204239,209.58549145238607,197.62431594947697,208.92758185019753,197.873379067678,209.528565121984,197.96215068906275,209.24187168291169,197.72146159229226,209.27449479855395,198.22044628999978,209.54887250827448,197.29202947920629,208.67351152676747,198.40429187337585,210.21580466093266,197.53138637381767,208.77537670216353,199.04110925282768,210.29303837762529,196.23905125198195,208.95932840889802,202.20408252802167,203.25828175164028,204.90506302464513,202.41863400993833
193.38264616373237,192.08726155434886,192.15711123078367,194.39980659600207,188.25076404291727,198.5012602316126,187.14432789492443,197.85521036942501,186.77288699373699,197.21240169826822,186.47571017155744,198.02304757766123,187.6288997316926,198.18184552452129,187.26870145084769,198.27554357504172,187.37429944974517,197.92249958507412,187.12889799749678,198.14318511294968,187.1818859457594,197.56945547461737,186.64934811851745,197.92718920402757,187.47989398025098,197.97204860080078,186.68522987116168,197.25109110603606,186.45860744433071,197.45039739452429,186.81712942698491,197.6374245228383,186.78329840176747,197.59833561293621,186.98658356525135,198.00021837714016,187.16477975014095,197.82880141406457,187.06085804943419,198.02270760113078,187.18606628606122,197.77197242472914,186.81712942698488,197.65874435711112,186.91352512779167,197.75716255599249,186.9577710294312,197.82263142505894,187.1272251676977,198.0252079007746,187.20735282198146,197.99663862230085,187.20567999218235,197.80745117087352,186.65269377811561,197.43379770861273,186.88805825156959,197.97534790471354,187.23533067709798,197.93625899481137,187.05751238983609,197.83565135613111,187.02413814769466,197.93039986565094,187.14516604401979,197.98682935285194,187.31127452268817,197.95356904270264,186.66896182463861,197.40121876424681,187.03957151351401,198.07154625487794,186.9168707873898,197.65951436518384,187.37597227954421,198.21695376472758,186.74992415962606,197.38785885664387,187.10426927037008,198.32984185581495,187.43648275931508,198.0371774933366,187.08465556424892,198.05815735107873,187.70902391758463,198.58702747214869,186.99616376096989,197.4836882340812,187.52497456259422,198.53272777865342,186.35384759452865,197.02935665237229,188.10092361077196,198.98526942269814,185.70902044919293,197.4272021672098,190.8367500698894,191.91279171068817,193.64752043418787,191.45236583770418
204.22425045008288,203.06726287582424,203.42367802546616,205.72691977724216,198.92137121967363,209.55945469450796,197.57291747048194,209.18894118097904,197.71421214809126,208.78510190222053,197.36892015031816,209.42270411811847,198.3193817499903,209.46261624111224,197.89202131772836,209.45758951911193,197.91058951811581,209.22156429662118,198.00382854089804,209.75330550865385,198.18403484383083,209.24187168291172,197.77632206715188,209.61811456802829,198.35403237518042,209.42999312547002,197.59907509160126,208.95691178695765,197.62440459176619,209.19796373144865,197.80381189043021,209.04646123300199,197.43774784890107,209.04646123300205,197.98830831018199,209.70037500672112,198.26431346114455,209.33315467207422,197.59040480295187,209.17262962315795,198.02881806453235,209.58149562391665,198.01869793523844,209.18894118097904,197.63742452283842,209.23458267556026,197.96587861179526,209.52856512198397,198.14639577457322,209.42999312547005,197.80671169220847,209.18894118097899,197.75716255599249,209.14503322951597,197.64356410292567,209.14503322951592,197.84941076586838,209.32413212160461,197.86422063460506,209.30382473531409,197.89572012377536,209.4209705750003,198.10079689913502,209.54487667980513,197.95612886795027,209.2948021848444,197.93946965643477,209.32413212160458,197.58966532428693,209.04246540453261,198.0118479931717,209.37706262353731,197.36028039107634,208.7996799169234,198.06796662052753,209.62713711849796,197.55773721629657,208.73946040763923,197.76271082530772,209.56518406609555,198.06340916411867,209.3404436794257,197.77937003682331,209.2948021848444,198.30072490731357,209.925115393391,197.84298944262159,208.96749397319121,198.36230316169539,209.80294283170454,196.76704985233175,208.09612882015361,198.80089370785456,210.42596703289962,196.40401777512537,208.68165752029543,201.65929255361189,202.85670475823298,204.76949511809764,202.49018761667898
192.84144616554704,191.86054226067205,192.34914176814144,194.43238554036802,187.77121416393794,197.80853203879116,186.66645084574421,197.98540850840365,187.35301291382498,197.68623418038931,186.64850996942209,197.75750253252315,187.08047175555544,197.7528129135697,187.02246531789555,197.98830831018188,187.01995780739287,197.6229256344362,186.99783312237713,198.13692648165502,187.25410623412373,197.83741217711,187.1222066783005,198.20316523830476,187.37346130064975,197.88881065610485,186.8776433751475,197.78789215757959,187.14516604401979,198.07006729754787,187.22529369830352,197.69638342636881,186.59050700015399,197.55097591651915,187.05583956003707,197.97565876455863,187.08465209585725,197.47242759077653,186.27371994024494,197.31977063672576,187.12387950809955,198.36779178491756,187.51912139249336,197.81288168121398,186.68690270096067,197.66164415888937,187.06671121953519,198.01289833168187,187.22362086850441,197.83565135613111,186.85802966902631,197.56723562590008,186.66561616504046,197.50102727816872,186.85133834983,197.78243253055356,186.98323790565323,197.64603528588395,186.76786503594812,197.73143355369317,187.12722516769767,198.16086566677922,187.49783485657306,198.12652590143426,187.00034410127168,197.72427275178134,187.02163063719192,197.85231056764658,186.87262488575027,197.8313017137082,187.44066656800865,198.13081601825311,186.74825132982699,197.58423622666822,187.37429944974517,198.2389839609796,186.83423215421158,197.37909992570499,186.87346303484566,197.86527097311506,186.93982668471742,197.62110528785351,186.7056817263782,197.46844833380271,186.97905409695977,198.01792792716586,186.79500821036092,197.52237764184906,187.62137026340096,198.44158943289162,186.14516604401976,196.78587092017173,187.85719498832262,198.71034372693106,185.39641719797737,197.13067618624319,190.68272929744239,191.90998055119903,193.65914575596685,191.32236029724999
204.05158191499612,202.99402498760105,203.46998738337314,205.66496672483976,198.61423696498946,209.31840275001701,197.67531492633731,209.7533055086538,198.51254845839151,209.40968573917948,197.67136478604888,209.17262962315803,197.57886524193174,208.98051235213018,197.94631959850139,209.71668656454224,198.06645713379007,208.96420079430916,197.42182811605045,209.14503322951597,197.79440212311579,209.20525273880011,197.89861992555373,209.3933741813583,197.87940088879043,209.24187168291175,197.80421139256461,209.25089423338136,197.83599133266159,209.37706262353731,197.99737810096585,209.19796373144871,197.52308659110639,208.97322334477875,197.64504447297765,208.96420079430919,197.38199972748347,208.74848295810889,197.3415494987367,209.01713129624184,197.98972915463034,209.58149562391671,197.96553863526461,208.97322334477875,197.38708884857127,209.04646123300205,197.76222268088415,209.22156429662118,197.875450748502,209.33142112895601,197.82624158881688,209.03517639718115,197.41821795229262,208.89495873455536,197.63668504417348,209.10841428540439,197.58895496230721,208.97322334477877,197.67142431165277,209.36804007306768,198.11310646822758,209.61411873955888,198.19270513248017,209.42097057500033,197.71156368055424,209.1157032927558,197.7788818923996,209.145033229516,197.52959655664262,209.24187168291166,198.33851214446415,209.78992445276546,197.93218968282622,209.25089423338139,198.07700588190374,209.49594200634172,197.68472469365182,209.00984228889038,197.7507412327457,209.145033229516,197.55773721629652,209.06277279082312,197.72072211362732,209.07006179817455,197.73029457289374,209.0921027275833,197.18170121336664,208.80870246739303,198.47988087173613,210.02768321837439,197.27855039990669,208.63289675418648,198.971630717869,210.06100898360398,195.78363880235531,208.44060557580445,201.8904383078013,203.25828175164025,204.98128032318095,202.26227703267264
192.9920398021078,192.01383287910181,192.47055263109462,194.60022274860432,187.95693634872748,198.0197788031561,186.95860571013489,198.29470308620108,187.58465383005304,198.03643801467166,187.14349321422071,197.95396854483701,186.77204884464166,197.49562729723579,187.16645257994008,198.3934612616132,187.37513413044886,197.49636677590078,186.35635857342314,197.356048387139,186.76703035524449,197.76336166168352,187.08549024495261,197.75935199579132,186.85635683922729,197.79480162525013,187.10008546167657,197.76006235777095,186.79417006126559,197.67105392620377,186.98073039515054,197.73183305582751,186.8496655200309,197.70940335744092,186.96278951882843,197.6048746951578,186.64600245891924,197.71236268482315,187.26703208944036,198.19600443639297,187.35552042432764,197.86422063460506,186.64767528871843,197.26300117299428,186.60510221687792,197.76441200019363,187.05751238983609,197.80927151745612,187.17314389913633,198.14278561081539,187.20233433258423,197.67722391520945,186.7132077262782,197.64612392817335,186.95609819963215,197.62770389567893,186.60594036597331,197.5220957782002,187.10175829147568,198.23759364593894,187.43899373820955,198.05269772405279,187.16645257994006,197.96223933135192,187.04207902401674,197.7661728211726,186.91519795759072,197.54841609127149,186.56587480463557,197.66781414789509,187.32838071830656,198.13988580903731,187.02413814769466,197.59472544917855,186.77037601484261,197.61499482445188,186.8121109375877,197.68737316118873,186.91770893648518,197.53545568580307,186.64432962912025,197.8418504618221,187.41854535138475,198.16706477247013,187.18773911586024,197.53980532822587,186.14265853351711,197.3089705543706,187.5658748046356,198.42382035726212,186.50034236707583,197.43484958033412,188.31127799107986,198.62787566981856,185.05834360214806,197.13021715850505,191.00787703795496,192.26077569625335,193.78510113109934,191.11704580081417
204.01449614550549,203.13464841091431,203.80336253814846,206.18368955793341,199.1394679261054,209.52283575039638,197.54872695111638,209.32413212160463,197.88815981972937,209.21254174615157,198.06966779541327,209.6108255606768,197.70363287056998,208.83803240415318,197.77598209062123,209.74428295818424,198.27079443048456,209.13201485057692,197.34879894293789,208.80540928851099,197.50352757781269,209.16134478733707,197.84185046182216,209.09939173493478,197.61169552053906,209.19796373144865,197.81652096165732,209.00984228889038,197.43444854498838,209.00984228889038,197.72427275178143,209.15232223686741,197.75676305385807,209.42999312546999,198.19634441292362,209.52856512198392,197.91592997344492,209.45030051176053,198.17536455518146,209.59051817438629,198.01323830821238,209.17262962315795,197.42148813952002,208.82172084633214,197.65223439157498,209.28022417014148,197.7137529998638,209.09939173493473,198.01653761212512,209.71668656454224,198.08848733004223,209.23284913244211,197.82303092719334,209.4553272337607,198.03131836417629,209.18894118097904,197.44030767414884,208.96420079430914,197.95572936581587,209.73299812236331,198.18619516694417,209.28577963437479,197.84506112344553,209.58149562391668,198.20245487632533,209.39337418135838,197.76006235777066,209.09939173493473,197.60123541471469,209.22156429662127,198.03643801467152,209.2948021848444,197.49016767020987,208.71186401399734,197.33503953320059,208.94788923648804,197.65510507666781,209.14103740104656,197.73658232087399,209.09036918446503,197.66812500774003,209.42999312547002,198.28498245904163,209.74930968018444,198.26283450381459,209.19293700944837,197.03333437613497,208.78110607375112,198.40975150040182,209.70437083519053,196.929427433542,208.62387420371687,199.17966682061066,210.37130298784871,196.30596996169291,209.0488778549423,202.24749208415039,203.21264025705904,204.82222458208366,202.38201506582672
192.61788284066631,191.94154736632109,192.76956577469397,195.1091940003391,188.3989316452635,198.02267860493444,186.53956977931821,197.60342473402409,186.79166255076285,197.64464497084327,187.29166081656703,198.18832496064977,186.83507030330699,197.24600198494821,186.74741664912324,198.20680451874804,187.56420197483655,198.0309783876456,186.9757119057532,197.68077455336342,186.83757781380976,197.76651279770294,186.97738473555233,197.60194577669412,186.76786503594812,197.72566306682194,186.921889276787,197.49090714887467,186.62137026340096,197.67216379031774,187.04124434331308,197.84145095968776,187.08632492565633,198.15145589946485,187.51744856269423,198.23065506158292,187.24908774472658,197.91769079442383,186.94066483381272,197.62360558749731,186.79249723146657,197.66275402300326,186.84883083932726,197.71847314822483,187.12722516769767,197.78607181099687,186.52330173279518,197.27528162540156,186.93313883391275,198.14673575110379,187.27539277004399,197.95754971239845,187.30709418238629,198.30047357307214,187.44150124871229,198.02841856239786,186.93313883391284,197.68944484201273,187.10844614228017,198.18107551644871,187.22696652810262,197.70181393670924,186.93648449351096,198.17752487829472,187.50118051617122,198.01184799317167,186.97905756535147,197.90512989108967,187.22696652810262,198.15435570124285,187.39976632596725,197.94020913509956,186.72613011320306,197.41497817398368,186.77204884464169,197.83639083479616,187.10259297217928,197.88881065610485,187.14851170361794,198.05374806256285,187.26702862104861,198.01900879508361,187.08632492565627,198.01175935088244,187.47571017155747,198.03310818135134,186.52497456259414,197.48837785303471,187.62220841249632,198.20683351494435,185.99783312237722,197.10602510592821,188.29500994455682,199.07171814950667,186.00117531358367,198.01006112192985,191.26536619642474,191.87055166476631,193.50801546065048,191.68547683559635
203.83959567196609,202.96226052230847,203.64049559534664,206.05752116777745,199.07254921639455,209.46088269799398,197.44706897392601,209.23458267556029,197.87948953108,209.16863379468853,197.91519049477981,209.42270411811853,197.58861498577681,208.68652990570658,197.51984681279748,209.56518406609555,198.30627317662888,209.48292362740267,197.95106874305867,209.36977361618588,197.80199154384744,209.14503322951592,197.69098332494656,209.03014967518092,197.51367682379208,209.01886483936005,197.69388312672481,209.03014967518089,197.51077702201377,209.05548378347163,197.77962137106459,209.28751317749297,197.94341979672316,209.42999312547005,197.91743946018252,209.20525273880011,197.77558258848686,209.21427528926981,197.59728527442613,208.86562879779518,197.54733663607581,209.19796373144865,197.78863163624462,209.26720579120249,198.07296709932612,209.37706262353728,197.48365770467362,208.73946040763926,197.560045707303,209.23458267556026,197.76651279770306,209.26720579120249,198.09508593786768,209.64571096167029,198.16151650315484,209.58149562391665,198.07049591636769,209.34044367942568,197.86453149445009,209.46661206958163,197.98691799514125,209.16863379468853,197.7155138208426,209.42999312547002,198.05309722618722,209.31111374266553,197.87940088879046,209.60909201755859,198.29436310967057,209.68735662778209,198.26937358603615,209.60180301020719,197.8240812657036,209.18894118097899,198.01653761212512,209.6108255606768,197.94125947360999,209.17262962315795,197.86245981362612,209.57420661656522,198.19699524929925,209.34044367942573,197.55353574176675,209.24013813979352,198.4382916621901,209.8152585610562,197.54915556993637,208.84532141150473,198.28751316760381,209.6075323817947,196.76878014390306,208.46508269791869,199.07334822066326,210.37130298784876,196.50453677151629,209.20038035338899,202.05108559744028,202.72151381760744,204.64716949960149,202.94769306617425
193.03698300839386,191.92479114918234,192.21076689973765,194.40705604020306,187.99783659076888,198.12794674588253,186.93731917421465,198.09212661048551,187.35635857342302,197.78104221551291,186.8104381077886,197.77672156928642,186.89642240056494,197.4934669741225,186.81211093758773,197.98830831018202,187.23031218770078,197.76512248266241,186.91687078738985,197.79554110391518,186.83256279280428,197.44971744146326,186.72780294300213,197.60271437204457,186.65102094831653,197.38964867381907,186.80625776748681,197.713752999864,186.7745563551444,197.43373818300887,186.68857553075981,197.69709378834827,187.07963360645999,197.80165156731684,186.73282143239936,197.37011877721062,186.72947577280115,197.82416990799283,187.01912312668921,197.70551274275633,187.0378986837149,197.94995887894484,186.96696985913024,197.77413274784232,187.26619394034495,198.23179404238246,187.22863935790164,197.76842178657503,186.87680869444381,197.54881559340578,186.53956977931816,197.53505618366867,187.08716307475171,197.95612886795041,187.05834707053978,197.92684922749706,187.21320946047408,197.87658972930149,186.91185229799262,197.85487039289438,187.14767702291428,197.81612145952283,186.93899200401373,197.8678307983628,187.03957151351401,197.82840191193011,187.25076057452557,198.36088231724727,187.45860744433071,197.94813994508434,187.10259297217934,198.06099750676424,187.10426580197836,197.87215144458949,187.33423388840751,198.12140625093892,186.83339747350792,197.26917116199988,186.56002163453473,197.72896237073482,187.08799775545532,197.73152219598239,186.72529543249942,197.88781984319863,187.79333538056187,198.50782831003062,186.74908947892243,197.24131236599473,187.20735282198143,198.04868652494929,186.0266456581974,196.98338727099582,187.97236971454689,198.5356274599427,185.39725187868103,197.50137032112193,190.89893684785108,191.61796702509656,193.44608012951568,191.759456572651
204.47929060235222,203.14367096138389,203.25314205339814,205.56639472832586,198.94596124117365,209.74757613706629,197.81782263440854,209.47563462005124,198.08246550892989,209.1157032927558,197.50022827389981,209.31510957113497,198.07231626295052,209.28351734902353,197.82618206321285,209.46661206958166,197.93301921650254,208.94389340801865,197.41707897149328,208.95691178695765,197.34515966249464,208.64991096159503,197.58821548364233,209.24360522602987,197.51043704548312,208.63359940377381,197.47828671993702,209.24360522602998,197.71261401906438,208.82172084633208,197.36110851203054,209.06277279082315,197.91735081789338,209.34044367942565,197.64868375342093,208.83803240415321,197.55418657814263,209.36075106571619,197.96553863526466,209.26720579120246,197.98830831018196,209.5122535641629,197.81032185596621,209.00081973842072,197.66855362655997,209.42270411811862,198.11199648362449,209.54487667980501,198.12942570321249,209.22556012509068,197.3327905677981,208.78510190222053,197.65809352073532,209.16134478733701,197.59503630902358,208.96420079430916,197.61650431118937,209.02615384671148,197.57911657617299,209.24187168291172,198.0122474953061,209.35675523724677,197.86743129622843,209.37706262353726,197.8736899275232,209.24187168291175,197.99441877358365,209.59051817438632,197.91743946018246,209.06103924770494,197.76148320221913,209.42999312546999,197.82263142505883,209.14832640839805,198.01835795870787,209.4666120695816,197.55634690125575,208.62960357530443,197.33108939291225,209.05375024035348,197.71403486351264,209.11570329275577,197.68416249956533,209.3730667950679,198.41691230231365,209.74428295818419,197.5376160089163,208.86892197667723,198.32401325606202,209.71339338566023,196.87950791187717,208.30229536365121,198.68661530172633,209.87288754104566,195.89140724294731,208.72729901487671,202.026835552471,203.07016030908201,204.86574531670192,202.59130254502512
193.32345605439474,192.07942774998773,192.21841935043864,194.46638532918243,188.27205057883748,198.35909250007197,186.83423215421169,197.71591332297709,186.97655005484867,197.61715514756506,186.83590498401074,198.16481580706753,187.62220841249635,198.12828672241307,187.17063292024184,198.13988580903705,187.18188594575935,197.58497570533333,186.73365611310297,197.70468320907992,186.68355704136258,197.39140949479773,187.06838404933416,198.14167562621216,186.88722010247426,197.23008225209753,186.67565314383489,197.93838878851685,187.077960776661,197.54773613821018,186.68774085005612,197.76586196132735,187.25243340432465,198.13337584350091,187.10175829147565,197.64825513460102,186.95693288033584,198.06454814491798,187.1476735545225,197.69484494343487,187.00452444157352,198.0331677069552,187.07378043635907,197.42799810505608,186.42105286188746,197.45650785792606,186.91770546809346,198.10400756075836,187.64432962912028,198.19014530723257,186.85468400942815,197.45582790486483,186.76870318504353,197.66599380131206,186.75326981922419,197.46918781246762,186.72445728340398,197.59577578768852,186.88015088565018,197.92099009833657,187.267866770144,197.97130912213578,187.10426580197839,197.96553863526472,187.06253087923329,197.67071394967311,186.85468400942821,197.7354723362707,186.79166255076285,197.63853450744142,187.2286393579017,198.16885458964515,186.98073039515054,197.59984509967376,187.14433136331613,198.19128428803191,187.08297926605815,197.71051334204407,187.14934985271333,198.14639577457319,187.20149618348879,197.8511715868473,186.96446234862748,197.8442621191767,187.26786330175227,198.18468568020648,187.04291717311213,197.97457942985213,187.97905756535144,198.53855779112848,186.18272062646304,196.92226816484143,187.90311371976125,198.53309675138038,185.14181691602997,197.09593691876387,190.87514280142818,192.19104582705333,193.94548795946798,191.51651086794561
204.22425045008291,203.120193377757,203.54341605862021,206.0118796731962,199.35401399438305,209.85343714093167,197.55699773763146,208.98450818059968,197.51598531479854,208.93660440066714,197.8460519363519,209.78992445276546,198.33240168106258,209.25818324073282,197.75710303038872,209.49594200634175,197.91237933529095,209.00984228889038,197.70758301085829,209.45203405487868,197.89099997541442,209.18894118097904,198.04186711229008,209.55789505874415,197.70394373041501,208.91127029237646,197.75685169614741,209.4227041181185,197.83920199428525,209.04646123300199,197.58685416479784,209.19796373144868,198.02585873715029,209.54887250827446,197.85560987155938,209.06277279082315,197.88409050774388,209.70037500672115,198.09178663395497,209.01713129624184,197.51623664903971,209.28751317749297,197.9300598891204,208.9732233447788,197.23807117496378,208.67924089835506,197.42108863738554,209.33142112895601,198.37285190980924,209.73299812236334,197.95356904270261,209.13601067904628,197.67506359209605,209.18165217362761,197.71625329950768,209.14503322951592,197.77672156928628,209.27120161967187,197.90942000790892,209.43901567593966,198.00027790274399,209.2255601250906,197.64643478801844,209.1613447873371,197.79119146149225,209.06277279082309,197.48726786843159,208.89495873455536,197.47538691815873,209.26720579120251,198.38621181741209,209.70037500672109,197.58966532428687,208.8290098536836,197.93335919303311,209.77361289494434,198.02369841403697,209.30382473531409,198.28973160359885,209.96173433750263,198.21356581852544,209.287513177493,197.69397176901415,209.29480218484451,198.20162675537088,209.76459034447464,197.89108861770376,209.31614046466581,198.72694635877616,210.00234911008363,196.94574666852691,208.27696125536042,198.81138293036463,210.1410071369456,195.93339595462771,208.41527146751369,201.74719112106499,203.21264025705904,205.17464806952887,202.66928650876761
192.90063627488459,191.9881140981874,192.55870197695697,194.9181876150511,188.51995954158869,198.4596710220666,186.95693288033578,197.72606256895648,186.6681271439349,197.37588926408165,186.99950595217624,198.19813423009873,187.08381741515353,197.31548051990691,186.62304309320001,197.80634118627034,186.81545659718586,197.29700096180869,186.70651640708192,197.89389977719287,187.10593863177749,197.80347191389964,187.07879892575636,197.78863163624467,186.73700177270115,197.67722391520948,187.17854028616125,197.93440953154331,186.90143742157039,197.60157539124523,186.74908947892234,197.57010631099308,186.95693288033578,197.84034097508464,186.75076230872145,197.35345956569518,186.89892991106768,198.18807362640857,187.28831862536057,197.54418550005619,186.5796353406559,197.78212167070845,187.23783818760072,197.83238116890396,186.72613011320306,197.38714837417507,186.64349494841662,197.78218119631228,187.25159872362096,198.04402743540331,187.12555233789868,197.80381189043015,186.9168707873898,197.72532309029165,186.91519795759075,197.74704242669867,186.98240322494959,197.81362115987895,187.01661214779472,197.80421139256461,186.96111668902935,197.5831553587507,186.58214285115864,197.47208761424602,186.91854361718885,197.79224180000256,186.87262488575024,197.5039270799472,186.66728899483951,197.8540713886257,187.52162890299607,198.08376718168137,186.56085631523831,197.27744194851485,187.12555233789868,198.22701436841766,186.89641893217319,197.40368994720507,187.05918521963522,198.17240522779935,187.04793219411761,197.50287674143695,186.68188767995531,197.86683998545655,187.56420197483649,198.27702253237186,186.66478148433686,197.25973239848918,187.39892817687181,198.42561017443725,186.27037428064676,196.80540081678012,187.72696826229841,198.51788738050942,185.25075710613388,197.17146639152048,190.87597748213179,192.12477795371808,193.86034181578717,191.478871798688
204.05158191499615,203.08357443364534,203.67256385908868,206.04849861730784,199.12320821672429,209.79148408852924,197.98821966789248,209.52127611463249,197.67475273225097,208.73946040763929,197.64569530935333,209.47563462005127,197.7011035747297,208.65719996894643,197.49707713788038,209.29653572796263,197.62906521452328,208.64991096159497,197.3043099316136,209.06277279082315,197.78965297855845,209.16863379468845,197.63603420779768,208.82172084633211,197.3454401134214,209.21427528926975,198.11967595936744,209.33142112895607,197.67426458782728,209.07179534129278,197.56078518596783,208.91127029237637,197.62326561096677,209.16134478733707,197.5376160089163,208.68652990570652,197.38634936990618,209.16134478733704,197.77453224997686,208.96420079430919,197.52925658011191,209.34044367942565,198.22127441095409,209.58149562391665,197.9184897986926,209.18894118097904,197.73763265938422,209.26720579120254,197.84722144655882,209.28577963437476,197.90729021420307,209.3730667950679,197.91703995804815,209.29480218484446,197.79406214658508,209.16863379468847,197.72387324964697,209.16863379468856,197.70181393670921,209.1066807422861,197.73979298249745,209.12472584322546,197.52274661457591,208.94788923648804,197.7441426249203,209.4390156759396,198.07330707585672,209.23458267556032,197.52999605877696,209.11570329275574,198.05269772405271,209.36075106571619,197.37477927947856,208.80141346004163,198.02199723915109,209.57420661656519,197.48396856451885,208.61155847436515,197.67478326165843,209.40968573917948,197.67889609389889,208.79239090957194,197.39229714135598,209.27449479855389,198.45736253106023,209.62713711849793,197.07609309588796,208.23531558924861,198.00490940881568,209.96346788062084,197.2676907919477,208.30958437100264,198.56323798812895,209.99905593120158,196.11570305507001,208.89511307114446,202.21059249355775,203.3388086472149,205.10522138301013,202.69716354889059
192.93284969277022,191.99658930742623,192.51057421482938,194.64147198161987,187.95860917852647,198.09826760329483,187.16728726064383,198.21365446081481,187.00034410127162,197.39106951826724,186.89391142167059,198.16339496261929,187.1272251676977,197.60595556307541,187.06085804943427,198.15003505501642,187.10593863177743,197.54412597445236,186.68439519045796,197.75355239223458,187.21153316228325,197.99120811196011,186.85384932872446,197.28509089485027,186.55918348543935,197.97238857733126,187.46362593372797,197.95177922552736,186.9135251277917,197.72572259242577,186.85384932872452,197.61394448594157,186.91854361718887,197.87402990405374,187.04124434331308,197.57050581312731,186.60008372748072,197.52629725272982,186.88015088565015,197.7596033300326,187.00117878197537,197.96840932035761,187.3479944244277,198.21513483086682,187.33423388840748,198.08447766414997,187.23281969820346,197.98716932938257,187.08130643625913,197.9872288549864,187.31043984198445,198.20501470157294,187.39809349616817,198.17027543409341,187.24825306402283,197.95538938928522,187.10426580197836,197.9810588659808,187.14683887381889,197.91414015626978,187.14516604401976,197.95612886795033,187.00034410127165,197.70255341537421,186.95609819963215,198.02520790077443,187.37847979004701,197.91487963493475,186.70651640708192,197.5441259744523,187.08381741515356,197.89719908110538,186.68690270096079,197.47359710098354,187.16896355883449,198.10918532413544,186.87262488575027,197.66281366909624,187.37848325843871,198.38050085614472,187.24406925532929,197.75281291356967,186.85886781812169,197.98281968695954,187.68689923256903,198.27116340321126,186.41854535138472,196.9910362173313,187.30709418238638,198.59970601396836,186.60844787647605,197.18056376577852,188.06169619852966,198.83625174909071,185.60342591868715,197.5571489719471,191.10511088785722,192.19971611570276,194.07296293013746,192.03657170821683
203.93435646677554,202.96197987582744,203.52903602587133,205.7635387213538,198.65872597631386,209.28178380590543,197.6402356823273,209.4593230622302,197.85416003091501,208.98051235213026,197.85552122927004,209.77361289494431,198.19378458767588,209.26720579120246,197.94455877752262,209.62211039649767,198.01033850643418,209.10841428540431,197.58429433955018,209.25489006185072,198.06494764705243,209.48465717052096,197.79193094015733,208.93157767866697,197.5303069186221,209.38608517400695,198.16740474900084,209.39337418135838,197.79511248509522,209.22556012509062,197.75935199579129,209.1613447873371,197.77052246359531,209.36075106571619,198.02594737943963,209.29653572796261,197.65368423221946,209.15631806533682,197.92863904467222,209.4480382264093,197.93764930985199,209.27849062702333,197.8288014140646,209.33142112895607,197.96513913313021,209.54487667980504,198.18403484383086,209.50323101369318,197.93474950807379,209.49194617787239,198.18693464560914,209.64571096167023,198.16191600528938,209.52856512198397,197.95035838107916,209.32413212160455,197.94776943914607,209.60180301020719,198.23793362246957,209.52856512198397,197.96658897377486,209.41368156764889,197.94961890241416,209.25089423338139,197.69058382281216,209.18894118097901,197.87329042538877,209.10841428540436,197.35234958109191,208.85833979044375,197.80421139256458,209.24360522602993,197.4789375563127,208.92758185019756,197.9265092509664,209.48691945587211,197.78638267084202,209.36577778771641,198.41887940406738,210.0056422889657,198.33981381721566,209.56518406609558,197.94754722159018,209.53585412933543,198.52178094112733,209.89978128510029,197.62844337434393,208.8340365756838,198.30337337485054,209.85986916210661,197.04700514358288,208.5180131998514,199.09935767388927,210.37303653096694,196.1703121956883,208.60339291007199,201.6875218555551,202.97158831256806,205.17206048418683,203.17972246019559
192.4957830102085,191.66043278624792,192.31765129341443,194.45805501706346,187.71070021577543,197.64720479609088,186.53789694951905,197.83423051168285,187.10677678087282,197.67287427278637,187.04040619421764,198.16265548395438,187.18773911586021,197.60990570336401,186.83339747350789,197.89711043881627,187.01911965829743,197.49701761227661,186.58716134055584,197.52669675486433,186.82837898411074,197.68117405549788,186.92021644698792,197.6681541244256,186.8317246437089,197.72532309029157,187.00034410127159,197.82624158881688,187.06001990033886,197.9209900983366,187.08799775545529,197.73143355369331,186.80709244819047,197.73794351922936,187.0863249256563,197.83238116890405,186.87764337514744,197.68703318465819,186.99449093117082,197.8299403948638,186.95944385923028,197.70579319368306,186.8776433751475,197.6710539262038,186.89725708126863,197.88019989305931,187.20317248167964,197.8548703928943,186.8563568392272,197.76546245919289,187.148511703618,197.95933952957367,187.03706053461954,197.66525432264737,186.69192119035793,197.4814973815605,186.83005181390982,197.92789956600711,187.25159872362096,197.82914139059511,186.83172464370887,197.77558258848688,187.14683887381889,197.84540109997624,186.81378376738672,197.53866634742647,186.78831689116473,197.49525679129778,186.52330173279509,197.42793857945236,186.89391142167051,197.66269449739954,186.66979650534228,197.65510507666778,187.24490740442468,197.97269943717663,186.79500474196925,197.61996630705409,187.1222066783005,198.1014477355107,187.27455462094852,197.98105886598083,186.97655005484873,197.84077100662665,187.43564807861139,198.34030196163954,186.93648449351099,197.55705738372453,187.46446061443154,198.13439565260356,185.93062785501837,196.84409022454784,187.96195483812471,198.55512694763269,185.16561096245292,196.97974952376381,190.47822808723529,191.63462623661209,193.65116457359963,191.74875626486406
203.716402083997,202.90373987275274,203.72541094262624,206.0118796731962,198.84504274264825,209.28178380590535,197.36167070611694,209.32413212160458,198.07521606472872,209.18494535250954,197.75636355172364,209.37706262353737,197.70801304240027,208.75577196546035,197.46483817004489,209.287513177493,197.79696194836342,208.85434396197434,197.44280797379261,209.00984228889041,197.43916869334936,208.77607935175087,197.59512495131287,209.27622834167209,197.85407138862556,209.19623018833047,197.79011200629677,209.34773268677714,198.0407281314906,209.54487667980507,198.01619763559464,209.15232223686738,197.55708637992069,209.15232223686741,197.83170121584286,209.16863379468856,197.68623418038914,209.07908434864424,197.53687653025136,208.91855929972786,197.63523520352871,209.3567552372468,198.05994716825396,209.21427528926978,197.49741711441084,208.96420079430914,197.71412350580198,209.1686337946885,197.61931547067829,209.07006179817455,197.83170121584277,209.32013629313514,197.78064271337837,209.0171312962419,197.45838773011266,208.78510190222056,197.34799993866901,208.98953490259981,197.76478250613178,209.05375024035351,197.46483817004491,209.02615384671148,197.82303092719329,209.30382473531409,197.84466162131119,209.29480218484449,197.86644048332209,209.15232223686738,197.61459532231734,209.21427528926978,197.94276896034748,209.22556012509062,197.61169552053903,209.35675523724677,198.36023148087139,209.58149562391668,197.59503630902353,208.8290098536836,197.55899536879281,209.16863379468853,197.7744436076874,209.07908434864419,197.44866710295315,208.98780135948172,198.0645786743255,209.671045069961,197.72427275178134,209.10997392116823,198.52658973177756,209.7663238875929,196.79666946931567,208.20372336713723,198.61028682470106,209.83626859693408,195.88489727741117,208.69068007076504,201.95050707544561,202.97158831256806,204.78290687414045,202.55468360091353
193.02006628414162,192.21838321709063,192.97982194243713,195.11101434692188,188.33089169720097,198.19051581317072,186.79500474196934,198.06389730854238,187.43481339790773,197.88196071403829,186.96027853993402,197.9474585793009,186.95693634872754,197.47069729920517,186.87597054534842,198.10267535859927,187.16729072903544,197.65050410000364,187.03957151351401,198.0932655912849,186.98240322494956,197.44536779904024,186.80960342708491,198.05778684514053,187.35719325412677,198.10335672438251,187.33005354810567,198.18909496872234,187.3588660839259,198.1359356687486,187.16059940983916,197.74960225194613,186.90227557066589,197.92758870616191,187.16227223963816,197.87005064707984,187.12387950809961,197.9973185753619,187.00452444157341,197.71116417841989,187.10259297217937,198.26613380772741,187.51912139249325,197.88631035646102,186.64432962912031,197.5158371469054,187.00452444157347,198.03205784284134,187.18606628606122,197.87005064708003,187.10008546167654,198.0219972391512,187.19443043505655,197.94276896034737,187.09673980207845,197.69388312672481,186.63140724219534,197.55387571829729,187.03789868371496,197.86172033496112,186.87764337514741,197.60453471862724,186.87346303484568,197.91453965840421,187.35384759452862,198.35693217695857,187.52246705209143,198.07802722421755,187.12387950809958,198.12942570321246,187.39725881546448,197.98401819336294,186.95442536983307,198.04007729511491,187.5896723194503,198.25931298234602,187.01661214779472,197.62631358063811,186.8776468435392,197.78548050022496,186.97571190575331,197.70329289403927,186.77372167444071,197.76472298052784,187.43815558911425,198.37103156322644,187.08549024495258,197.95581942082725,187.97153156545158,198.57258669662824,186.30002496556233,197.08689471145436,187.93314230230459,198.52300703100477,185.37513066205716,197.62696748343635,191.3154652681651,192.19971611570281,193.76169005130433,191.53662094304693
204.31527504359627,203.33906297032269,203.99835326488105,206.19097856528484,199.09250773182268,209.64171513320085,197.61629649720308,209.51225356416288,198.27458187882095,209.34773268677716,197.83300288859411,209.54887250827446,197.95621751023967,209.02615384671148,197.79289263637816,209.68406344890005,198.05383670485216,209.10668074228616,197.94125947360996,209.782635445414,198.06463678720729,208.92029284284607,197.44499729310223,209.34443950789509,198.13007653958826,209.58149562391668,198.19418408981022,209.47563462005127,197.79835226340413,209.13601067904634,197.6457839516427,209.0993917349347,197.80776203071852,209.38608517400698,197.88994963690445,209.22556012509057,197.94125947360985,209.64744450478841,198.19162426456262,209.47563462005127,198.07765671827951,209.60180301020716,198.01579813346021,209.13601067904628,197.52058629146259,209.12872167169488,197.93548898673887,209.52127611463251,198.09647625290827,209.36075106571619,197.79224180000247,209.37706262353734,198.133375843501,209.65473351213984,198.17206525126869,209.28022417014154,197.47066676979782,208.97721917324822,197.89099997541445,209.46834561269975,197.83673081132679,208.9569117869577,197.47899708191662,209.2621790692022,198.15830584153144,209.78592862429605,198.38010135401035,209.55616151562594,197.85842103104838,209.44630468329109,198.22383423620175,209.51954257151431,197.74735328654367,209.16863379468853,197.95507852944019,209.36075106571622,197.65689489384292,209.01886483936002,197.73516147642579,209.21827111773919,197.73899385773947,209.21827111773914,197.82740968630168,209.43901567593963,198.35903285397896,209.72068239301163,197.66278313968888,209.13930385792833,198.59060863971033,209.87618071992776,196.98116588906748,208.52703575032103,199.02953916239994,210.24913042616225,196.17972196300275,208.85346740503263,202.02393575069263,203.05384875126089,204.81543397006652,202.51049500296946
192.80808004111157,191.8476467286049,192.44188265916998,194.4942151289911,187.83674660149774,197.87255094672372,186.53705880042372,197.82698106748168,187.31629648047701,197.85663121387319,187.03789521532318,198.11850644916058,187.10677678087282,197.44817895852944,186.78998625257202,198.11304682213472,187.16645257994,197.51435818957532,186.89641893217325,198.0971270892841,187.04040619421767,197.23403239238615,186.35552042432772,197.60953519742594,187.03873336441862,197.75966285563646,186.92021644698789,197.52669675486433,186.49532387767857,197.30820054629828,186.65102094831647,197.61169552053917,186.97320092685882,197.770122961461,186.81712942698488,197.49991741405489,186.81211093758765,197.85882053318284,187.08047175555544,197.72788291553908,186.9168707873898,197.73507283413642,186.79417006126562,197.46557764870988,186.70818923688094,197.57124529179237,186.72613011320308,197.5386663474263,186.87597054534839,197.64967456632715,186.6910830412626,197.62687577472457,187.15976126074375,198.08592750479457,187.15269204391979,197.57985605483807,186.43230241901327,197.25430176765954,186.75159698942511,197.77376224190417,186.85468400942815,197.34220033511249,186.5608563152384,197.7227632650438,187.10593863177743,197.9047303889555,187.16477975014101,197.88375053121345,186.83339747350792,197.7683331442858,187.35384759452867,198.17166574913429,186.96027853993391,197.47785810111714,186.74574381932422,197.53715686068884,186.50117704777946,197.30450174025108,186.75159698942514,197.59642662406429,186.72779947461041,197.58636602037416,186.8555221585236,197.68373388074548,187.05834707053972,197.74303264031718,186.39642066636912,197.2828420499369,187.40060100667085,198.10616635066032,185.93062785501834,196.8943497227433,188.1084496106719,198.80796292154372,185.41519275500315,197.07125825497471,190.43565501539487,191.4801489359786,193.23153473853944,191.09954762412431
203.67334817475765,202.67999736039695,203.32028575128936,205.59901784396803,198.67035559234532,209.33471430783806,197.37935125994633,209.29480218484443,198.14725442493514,209.27449479855389,197.79465345735696,209.52856512198392,197.94862808950791,208.98780135948169,197.74911410752256,209.76059451600526,198.24231379429995,209.15561541574948,197.77123294606409,209.51954257151428,197.83096173717769,208.70284146352768,197.2221514421133,209.07179534129276,197.82840191192997,209.12299230010726,197.65010459786936,208.96420079430916,197.37693960259173,208.88367389873443,197.68086319565268,209.25089423338139,197.86709131969775,209.24187168291172,197.72427275178137,208.98953490259993,197.48075790289533,208.92758185019756,197.4634478550042,208.84532141150464,197.54298699365293,209.16863379468853,197.79045198282728,209.13201485057692,197.73689318071914,208.9732233447788,197.15449325373726,208.55133896508096,197.52746676293688,209.26720579120246,197.78064271337851,209.12299230010726,197.88236021617254,209.35675523724683,197.72057394573429,208.87465134826476,197.28839019876293,208.74848295810892,197.52740723733308,209.20525273880017,197.79662197183279,209.07006179817452,197.74664292456413,209.36577778771647,197.81288168121392,209.06103924770491,197.77379277131178,209.35675523724677,197.73689318071914,209.21254174615154,198.22093443442344,209.82254756840766,198.03131836417623,209.21254174615154,197.92650925096635,209.3404436794257,197.54727711047195,208.92758185019753,197.76592148693118,209.30382473531409,197.80952285169744,209.11570329275582,197.49642630150456,208.75577196546038,197.49192849118865,208.99353073106934,197.16865216560893,208.78839508110252,198.44699106752498,209.7663238875929,196.78401992369245,208.28425026271188,198.96117061204444,210.3966370961395,196.33345978497124,208.67263496982579,201.58876368014305,202.60436797792113,204.41707163065243,202.20291617373812
192.75004263832383,191.7621342831757,192.27285546513448,194.54527363145553,188.16143755893455,198.36165232531965,187.11011897207928,198.25311387665522,187.51494105219152,197.90078024866708,186.92272395749075,198.08601614708382,187.30793233148174,197.9728186088733,187.41938003208844,198.70861496857088,187.76954133413895,198.1301957112851,187.3137855015826,198.42754969271672,187.4151996917866,197.72683257702897,186.77204884464163,197.9022592059969,187.25159872362102,198.0878364936664,187.35134008402585,198.05383670485213,186.98240322494965,197.74960225194619,187.08047175555541,198.02850720468714,187.21237131137869,198.00573752976996,187.20484531147866,197.88960966037371,186.91687078738985,197.73112269384805,186.9611166890293,197.83204119237342,187.14516604401979,198.15185540159922,187.39391315586633,198.15401572471256,187.37513413044886,197.96587861179535,186.64934811851748,197.42003829887551,187.10175829147568,198.39642058899537,187.54040792841349,198.03612715482652,187.17063638863362,197.97824770649183,186.9757119057532,197.70585271928687,186.93899547240554,197.83824029806425,187.14851170361791,198.19600443639303,187.47404081015011,198.20106456128448,187.40143915576633,198.20575418023796,187.10008546167657,197.77419227344615,187.21069848157958,198.27267288994881,187.24992589382191,197.9127498412291,187.37429944974517,198.449579888969,187.43732090841053,198.2032248843978,187.66812714393498,198.49011876000486,187.25159872362099,197.91644864727624,187.26619740873664,198.25576234419202,187.4423393978077,198.08857597233154,186.95359068912936,197.58136554157559,186.98658356525144,197.93227832511539,186.70400889657913,197.68706371406569,187.93732264260643,198.69306420844745,186.39809349616814,197.19037303522731,188.22864282629342,199.06961735199715,185.91519448919902,197.80677428423476,191.14935678949675,191.95628990910618,193.56241826810987,191.48231848060684
204.30662206726532,203.07442890163011,203.30849067268156,205.7472271635327,199.17204687047138,210.06186596978043,198.23889531869037,209.84285495469814,198.24379275162994,209.09939173493473,197.39424965048306,209.21827111773922,197.98765747380619,209.44630468329115,198.27909421319575,209.93240440074246,198.22167391308841,209.29480218484446,197.9506692409243,209.84285495469817,198.4397706195202,209.4829236274027,197.81757130016737,209.41368156764892,198.09863657602168,209.6547335121399,198.29905272862391,209.62713711849793,197.9723885773314,209.36804007306768,197.99663862230068,209.48292362740273,197.98395866775911,209.34044367942565,197.85882053318281,209.27120161967184,197.82732104401242,209.51225356416288,198.3403019616394,209.7899244527654,198.20714449527864,209.56518406609558,198.08021654352726,209.5927804597375,198.241144284093,209.6108255606768,197.90114922139392,209.32413212160463,198.18147501858309,209.93240440074248,198.41154131757699,209.53585412933541,197.96553863526466,209.41368156764884,197.85842103104847,209.28751317749303,197.95686834661535,209.51225356416288,198.11850644916055,209.65473351213984,198.27918285548506,209.671045069961,198.15540603975319,209.50323101369321,197.87113010227557,209.34044367942573,198.15614551841819,209.64744450478844,197.88449000987842,209.06277279082306,197.76296215954906,209.45030051176059,197.95933952957381,209.49923518522377,198.42715019058227,209.89578545663085,198.08302770301637,209.29480218484451,197.90481903124467,209.51954257151428,198.15861670137664,209.61811456802832,198.06398595083166,209.51954257151428,198.36844262129333,209.64015549743692,197.40738734053014,208.93487085754907,198.63185787272573,210.11723266441871,197.23690166475677,208.6328967541865,199.01327945301895,210.38258782366961,196.5617057373822,209.38850179594726,202.44790823675274,203.19632869923794,204.85895470468483,202.71978248216786
193.21979006284025,191.90095057249576,191.86417592065104,194.14836093713168,188.02664912658909,198.31130418483485,187.18020964756866,198.04507777391336,187.0070354204679,197.27602110406647,186.24239642553022,197.38813918708135,186.85970249882536,197.74044381887325,187.12136852920506,197.88440136758911,186.75159698942511,197.30416176372051,186.64349148002486,197.96289016772772,187.43982841891324,198.06926829327907,187.06001990033889,197.82945225044031,187.04040619421767,197.84861176159967,186.96027853993397,197.75636355172378,187.04040619421767,198.03492852793414,187.33256105860841,198.04433829524862,187.06169273013785,197.65254525142012,186.68773738166445,197.51978728719379,186.7941700612655,197.88301105254834,187.41101588309311,198.16191600528924,187.02413814769463,197.58201637795128,186.79082440166746,197.79835226340401,187.06336555993698,197.8074220541879,186.95442536983307,197.8323520522184,187.16896009044277,198.10434753728882,187.2507605745256,197.87971174863563,186.99616029257814,197.84571195982124,186.98156507585421,197.74044381887322,186.99950595217624,197.86814165820803,186.99616029257817,197.74044381887305,186.9849107354523,197.86453149445009,187.03538770482047,197.72853375191488,186.83674313310604,197.69959408799215,187.01911965829746,197.67571442847179,186.54124260911721,197.1812130689429,186.54291543891634,197.54946642978146,186.74825132982693,197.62977557650285,187.12555233789865,198.02005913359369,187.03789521532318,197.70240524748112,186.92272395749072,197.80767338842929,187.03454955572505,197.94953026012482,187.1944304350566,198.11307735154213,187.53120563032275,197.93579984658388,186.2165516516805,197.1529547708034,187.49532387767854,198.37492205742186,186.25159525522929,197.03034746527854,187.93564981280724,198.62707666554979,185.56336035734944,197.69740771461588,191.14350015100413,191.86139323169317,193.52925801896777,191.62729489075048
204.28342973824525,203.08072003466745,203.30303381496887,205.69758984048201,198.99477089872437,209.58305525968055,197.61672652874523,209.20525273880014,197.70730268042067,208.8014134600416,197.32048099870551,209.0993917349347,197.85632035402813,209.18494535250952,197.79076284267242,209.24187168291178,197.61610480905497,208.85434396197431,197.53141690322522,209.33142112895604,198.07802722421778,209.3730667950679,197.83855115790934,209.29480218484446,197.87255094672395,209.07908434864422,197.35055976391661,208.81269829586242,197.6743241134312,209.45532723376076,198.18002517793846,209.53585412933538,198.01255835515138,209.24187168291178,197.57880571632782,208.98953490259987,197.62622493834891,209.21254174615157,197.96260983729007,209.27449479855397,197.51805699562254,208.79239090957196,197.55313623963232,209.2305868470909,197.76438300399741,208.9714898016606,197.5274667629368,209.07908434864422,197.69564394770376,209.16863379468845,197.82229144852826,209.29480218484451,197.88881065610505,209.30382473531407,197.7788818923994,209.16863379468847,197.83130171370848,209.34773268677719,197.81504200432707,209.03344285406291,197.55313623963249,209.16863379468856,197.87255094672369,209.20525273880008,197.6359746821939,209.04246540453258,197.68879400563691,209.00081973842074,197.32884042750968,208.80141346004163,197.69894325161633,209.1979637314486,197.54477681082815,208.89096290608595,197.68558334401351,209.27849062702336,197.8041227502753,209.26720579120243,197.96522777541955,209.3404436794257,197.78530321564648,209.29480218484443,197.92579888898678,209.38035580241936,198.07108863986167,209.17262962315797,196.99464496836717,208.64591513312553,198.39093196577301,209.75001232977172,196.80317943485181,208.24034231124878,198.77886351160222,210.19220409576013,196.30162031927011,208.96661741624951,202.03732618770297,202.97887731991949,204.81301585271595,202.6994750958774
193.15976822133246,192.31263405272219,192.93739106076438,195.23479116265366,188.64433309751195,198.39244145251058,186.85635683922723,197.92468890438377,187.1852316053575,197.84401078493553,187.10761146157657,198.24990321503162,187.47738646974821,197.99888758770328,187.08381741515356,198.0759555433936,187.25076404291733,197.93560815843563,187.16729072903539,198.10779500909464,187.2065181412778,197.8473100888481,187.04459000291115,198.06614627394475,187.33339920770382,197.83573999842037,186.66645431413585,197.45301674537583,186.85217649892542,197.91166897331135,187.19275760525747,198.05599702796536,187.37095379014707,198.12331523981081,187.08716307475169,197.86973978723481,187.1818859457594,198.16706477247013,187.42439852148564,198.05673650663053,186.93230415320912,197.67367327705534,187.08549024495264,198.16490444935695,187.29082613586328,197.85342055224996,187.023303466991,197.85199970780167,186.85384932872446,197.59808427869504,186.9765500548487,198.01588677574944,187.25494438321911,197.91422879855921,186.95526351892843,197.86973978723475,187.31378550158266,198.33169131908301,187.43983188730493,197.90447905471424,186.89140391116777,197.93014853140966,187.33841769710102,198.05673650663053,187.01828497759374,197.80967101959052,187.14767702291431,197.98765747380622,187.01995780739279,197.93881882005914,187.43815905750589,198.1554946820425,186.9168707873898,197.60058457833887,187.00118225036707,197.93088801007468,187.02163063719192,197.88244885846186,187.22696999649432,197.94285760263679,186.98240322494954,197.94606826426019,187.26703208944036,198.06830659705827,187.34092520760373,197.96016765052809,186.55584129423289,197.49463648432948,187.6501862676129,198.29516070121738,185.97738473555233,196.79897949353332,187.93983362150084,198.85186062209604,185.72779947461044,197.68959607632834,191.23115727357953,192.23775468709479,193.87585966842082,191.62087604838979
204.03545653607301,203.31017134497907,204.23523285151566,206.6933898405573,199.61770957625293,209.97960553108751,197.85546170366635,209.69135245625154,198.34832141391303,209.53585412933541,198.12100674880443,209.8428549546982,198.26943311163996,209.24187168291178,197.69092379934273,209.51225356416282,198.19995457668134,209.42999312546999,197.93764930985202,209.43901567593969,197.87980039092491,209.17991863050935,197.81973162328063,209.49194617787234,198.11745611065047,209.37706262353734,197.80816153285289,209.145033229516,197.59256512606518,209.06277279082315,197.77814241373451,209.47390107693303,198.245864432454,209.54487667980507,197.81106133463115,209.2255601250906,198.020147775883,209.75330550865388,198.35221202859768,209.61811456802826,198.05488704336233,209.50323101369318,198.06389730854224,209.61811456802832,198.25095355354185,209.70766401407261,198.26647378425781,209.47563462005124,197.63381435908067,208.89495873455536,197.60558505713726,209.34946622989531,198.00928816792407,209.29480218484446,197.79406214658516,209.36804007306768,198.08271684317117,209.69637917825168,198.34536208653091,209.53984995780485,197.76401249805929,209.19796373144865,197.94094861376468,209.36977361618588,197.71986346326557,209.27849062702336,198.2310836804028,209.75330550865382,198.04902791420199,209.48292362740273,198.30056221536151,209.6547335121399,197.82038245965637,209.24187168291172,198.04772624145045,209.29653572796266,197.44740895045683,208.9112702923764,197.73664184647777,209.20525273880014,197.77188378243986,209.48292362740273,198.20871350762002,209.64171513320076,198.40784251152988,209.73699395083281,197.55862486285463,208.86163296932577,198.31494346527816,209.6970818278391,196.75942990219244,208.15079286520458,198.71228477842186,210.21251148205056,196.3218896945435,208.99594735300963,202.20408252802159,203.25828175164028,204.9050630246451,202.41863400993836
192.47597840634384,191.8044713347206,192.71146112446942,195.01034718263779,188.31043984198445,198.25049593852557,187.00034063287998,198.27909421319563,187.54040792841352,197.97957990865075,187.12471418880324,198.14053664541282,187.10259297217931,197.40798006402417,186.54375011961994,197.8149228326304,187.204841843087,197.74075467871836,186.79333191217017,197.70965469168235,186.95860571013492,197.75997371548164,187.01744682849838,197.87104145998629,187.00117878197537,197.81313301545538,187.1443278949244,197.85546170366641,186.71236957718281,197.45903856648837,186.95107971023498,198.15250623797502,187.46278778463252,197.93361052727437,186.74657850002794,197.50022827389998,186.89976459177132,197.92855040238283,187.0566742407407,197.7968733060741,187.21153316228322,198.16836644522155,187.14432789492443,197.7809535732236,187.10426580197836,198.20276573617028,187.4560964654363,197.95604022566087,186.77121069554627,197.36457050789531,186.5846503616614,197.69123465918776,187.06001990033889,197.88912151595,187.20818750268512,198.00703920252144,186.95860571013486,197.72739477111546,187.1852281369658,198.02039911012423,186.83590498401065,197.31357153103477,186.58047002135956,197.51182736052397,186.62555060370278,197.68003507469825,187.39474783657005,198.20020591092268,187.00034063287995,197.76503384037298,187.22863935790173,198.05769820285127,187.01995433900106,197.89853128326442,187.26953959994313,197.65649539170849,186.31294388409546,197.3016019384728,186.91687078738988,197.84241265590862,187.10258950378756,198.12677723567552,187.3350720375029,198.08700837271206,187.55667250654483,198.37529256335995,186.81712942698493,197.36420153516843,187.37262315155436,198.25518402426772,186.10342765288306,196.82777098956296,187.83423562260327,198.5807673076427,185.35133314724251,197.23869596107653,190.7516039262085,191.74850514060586,193.39597038740877,191.17223682070636
203.59917663577636,202.74552637082314,203.49904466684728,205.82375823063799,198.74628456723633,209.38764480977082,197.69990494783715,209.61811456802832,198.15370486486742,209.03344285406297,197.4912180087199,209.2345826755602,197.74309228641016,208.78510190222053,197.34004001199929,209.19796373144868,197.99592826032114,209.20525273880011,197.60484557847246,209.13601067904631,197.83929063657445,209.31284728578373,197.87724056567725,209.17262962315795,197.55748588205523,209.06277279082309,197.90546986762041,209.33315467207419,197.58025555697253,208.89495873455533,197.75139206912135,209.53758767245364,198.13297634136666,209.22556012509062,197.5137363493958,208.93660440066719,197.66380448200275,209.15232223686738,197.54048669400902,208.91855929972786,197.81612145952289,209.51728028616316,197.9300598891204,209.04472768988376,197.61971497281277,209.26720579120246,197.87289092325446,209.18894118097899,197.69098332494656,209.07179534129278,197.63631465872444,209.17262962315792,197.79841178900804,209.39337418135835,198.25635365496382,209.53758767245367,197.53576654564824,208.75074524346013,197.6895334843019,209.35848878036495,197.60518555500309,208.63359940377387,197.2912900005413,208.90398128502497,197.44345881016841,209.07908434864416,198.0563965300999,209.39337418135844,197.62937607436839,209.15961124421884,198.02421708786829,209.34044367942576,197.6340656933219,209.16134478733701,197.8958087660647,209.03014967518089,197.30885138267396,209.09210272758327,198.06438545296601,209.4227041181185,197.90066107697018,209.42270411811856,197.87988903321417,209.24916069026315,198.16077702448993,209.64744450478838,197.510865664303,208.80870246739309,198.33521284055166,209.83227276846466,196.9811658890674,208.37553325187437,198.84288241953502,210.12296203600633,196.08096378759058,208.62872701836275,201.67811208824074,202.67760586614432,204.53001905178948,202.38432661281357
192.63501762333027,191.75607312399285,192.36624796375989,194.47372341567277,187.73282490079097,197.82670073704426,186.87262488575033,198.12800485876437,187.21153663067491,197.38859833530881,186.43564807861145,197.64726290897266,186.96195483812474,197.49065581463344,186.64182211861751,197.79779006931767,187.25578253231453,197.9522673699511,186.9748772250496,197.73448152336448,186.93899547240545,197.77206106701826,186.98240322494951,197.65593319762206,186.64349494841659,197.46532631446848,186.9193817662842,197.81476014067829,186.80793059728583,197.41136801022597,186.71488055607722,197.73186217251296,186.95609819963215,197.62085395361214,186.74992762801779,197.67731255749862,187.08381741515359,197.92147824276014,186.91770893648524,197.55973484745783,186.87513586464468,197.94680774292519,187.16729072903544,197.76882128870946,186.87346303484566,197.65883299940049,186.77539450423978,197.60783402253998,186.93397698300822,197.87047926589983,187.12806331679309,197.83573999842054,186.87179020504655,197.79665108851836,187.29751745505962,197.96957741784243,186.62053558269727,197.22116062920696,186.77455982353618,197.82780918843611,186.78998972096377,197.39840760475767,186.81378723577848,197.77641070944122,186.87597054534837,197.72757205569403,187.10426927037011,197.85455953304935,186.93815732331001,197.9808075317396,187.37346476904153,197.78508099809062,186.54458826871533,197.44684675637038,186.83340094189967,197.54816475703009,186.70818923688097,197.79489026753942,187.16645604833172,197.661392824648,186.6476752887184,197.56152466463297,186.74825479821868,197.58466484548845,187.15018453341699,197.9420875945643,186.4970001758694,197.28265024129948,187.43815905750586,198.260421433738,186.1272251676977,196.9668167017696,187.97738820394406,198.64928414638047,185.44066309961693,197.38394077897416,190.81044851296375,191.66911416985008,193.36895914580501,191.36301324793959
203.7987737011793,202.91090589855852,203.61022358984164,205.95894917126347,198.93004150832311,209.46088269799401,197.58957668199741,209.4390156759396,198.04337659902768,209.07006179817458,197.59213650724524,209.48292362740278,198.20396436306279,209.27449479855389,197.64569530935341,209.38435163088874,198.17573506111955,209.51554674304489,197.97090962000138,209.29480218484443,197.64794427475596,208.92758185019756,197.57300611277128,209.16134478733707,197.68012371698762,208.98051235213021,197.66056470369375,209.24187168291175,197.74630294803362,208.95291595848829,197.46813747395754,209.05375024035339,197.76148320221913,209.16863379468853,197.66420398413709,209.25818324073282,198.14855609768645,209.81352501793802,198.33160267679375,209.40968573917948,197.66781414789486,209.23284913244208,198.05920768958887,209.65073768367049,198.14494593392857,209.29480218484446,197.65840438058052,209.11570329275582,197.73979298249739,209.34773268677711,198.09104715528989,209.3567552372468,197.60413521649286,209.08637335599565,197.9760292704967,209.47390107693303,197.77123294606417,209.05877696235373,197.77493175211109,209.33142112895607,197.83451237533183,209.24187168291172,197.84909990602318,209.27622834167212,197.87684106354283,209.5105200210447,198.13775601533135,209.40066318870987,197.90507036548601,209.65073768367046,198.39133146790738,209.38435163088874,197.43009890256553,208.83803240415324,197.5882750092461,209.06277279082312,197.59793611080178,209.04246540453258,197.63458436715308,208.77607935175092,197.12296464788145,208.69555245617619,197.48084654518462,209.1849453525096,198.16623665151596,209.37706262353737,197.20589173273208,208.63689258265586,198.13084654766087,209.48865299899032,196.7203409922902,208.34620331511425,198.91668160072021,210.18318154529047,196.20721178628082,208.92270946478644,202.06083534128524,202.97158831256809,204.619648106368,202.2924656197824
192.62657204290451,191.83802391999617,192.56200365895214,194.97560791515846,188.5174485626942,198.3239246137727,186.75075884032975,197.87394126176443,187.29082613586328,198.06241835121222,187.35300944543323,198.61007901071494,187.93648449351096,198.35900385778268,187.25159525522926,198.300384930783,187.57879719156051,198.28662552104581,187.46194963553717,198.25336521089645,187.10259297217937,197.54113753038493,186.74657850002791,197.96618947164049,187.29500647616516,197.96761031608875,187.18355530716678,198.14559677030451,187.29667930596426,197.89532062164105,186.95275254003406,197.95899955304321,187.37513413044886,198.17382607224758,187.16896009044279,198.04319931444908,187.49699670747765,198.65092874159595,187.91770546809343,198.34743376735494,187.01911965829748,197.87246230443449,187.43648275931511,198.61982875455993,187.73198328330392,198.14451731510871,187.09757448278216,197.97485976028977,187.17230575004089,198.1448572916394,187.51493758379979,198.13618700298986,186.94401049341093,197.8757616083472,187.46985700145657,198.51567047772556,187.58966885105858,198.23275585909244,187.32921539901025,198.2428759883864,187.56336382574111,198.28520467659737,187.0404061942177,197.67278563049723,187.18857379656393,198.56376965280782,187.78747874206934,198.18826684776806,187.19024662636301,198.31559430165387,187.70735108778561,198.31309400200999,187.10259297217928,197.75602357519315,187.04040619421772,198.00703920252147,187.12638701860229,197.80662304991912,187.02079248809656,197.74189365951784,186.70567825798648,197.50352757781258,186.89892991106774,198.15466656108802,187.7449056702288,198.26027467856679,186.75326981922422,197.59284698971396,187.51995607319699,198.15898567410343,186.12304135900422,197.28648274310234,188.41854535138469,198.96531090726998,185.62052864591388,197.65541900293542,191.23282663498688,192.1652281824648,193.67457565339458,191.32918112263124
203.62610516609251,202.69918389082773,203.34325770025529,205.98827910802365,199.38403311350137,209.82983657575912,197.50201809107509,209.15631806533688,197.98805697594068,209.38608517400687,197.98639932130988,209.82654339687707,198.55163736829368,209.6547335121399,198.03054835610365,209.73699395083275,198.30491185778439,209.55616151562592,198.21035515690201,209.88849644927944,198.21951358997524,209.03014967518089,197.35413939826699,209.26391261232041,198.15944482233093,209.54887250827451,198.09101662588236,209.55789505874409,198.02378705632628,209.25489006185074,197.71770314015217,209.40639256029749,198.21044379919138,209.55789505874412,197.90435988301726,209.30782056378345,197.95686834661529,209.51225356416288,198.11850644916063,209.45932306223014,197.83713031346116,209.27120161967187,198.03350768348591,209.64744450478844,198.09937605468662,209.27120161967187,197.77126194226045,209.35346205836473,197.94489875405321,209.42270411811853,198.11239598575892,209.44301150440907,197.71409297639437,209.21827111773916,198.12905519727443,209.88849644927944,198.48530996935466,209.72797140036309,198.07805622041388,209.60180301020714,198.38439147082943,209.6198481111465,197.52999605877699,208.71812212781791,197.71375299986383,209.82428111152586,198.50702930576171,209.4503005117605,197.67651343274062,209.27120161967193,198.1018763543305,209.59451400285576,197.91126935068792,209.12872167169479,197.82155055714117,209.54158350092302,198.07185711472312,209.39737000982782,198.08419580050099,209.60353655332534,197.97778855826445,209.14902905798539,197.61647378178174,209.47563462005124,198.56055899118439,209.84685078316755,197.74667192076046,209.17765634515814,198.4658395983501,209.6644587121969,196.90372742743904,208.73546457916987,199.33016345154812,210.34770242267618,196.13051280331743,208.82084428939041,201.99934572919275,203.06287130173052,204.94179314724633,202.75640142627952
192.24441126170572,191.18487278150047,191.55364297834842,194.01501166213345,187.9415064512998,198.0086373315483,186.49866953727681,197.43163738549947,186.81211440597934,197.35854868678297,186.39892817687189,197.46671662950925,186.83172811210056,197.39294797773167,186.58381568095766,197.66608244360145,186.85636030761896,197.39840760475758,186.74741664912327,197.99200711622896,187.18857726495565,197.29452977885012,186.08632492565627,197.27065011932979,186.89307674096679,197.63711366299324,186.69024836055883,197.41571765264879,186.60092187657608,197.29268031558195,186.46111495483345,197.41565812704505,186.7524351385205,197.38748835070561,186.47487549085378,197.26453965592813,186.44150471710401,197.05545321467636,186.22696652810265,197.2392101557632,186.64851343781373,197.3524382233812,186.49950768637217,197.23631035398483,186.35301291382493,197.08038321270695,186.42105286188743,197.37230809652016,186.57963534065587,197.26669997904139,186.56671295373098,197.41355732953562,186.49448919697491,197.13715267643855,186.42439852148561,197.54520542964804,187.01661214779469,197.68487286154487,186.62555407209453,197.38933781397381,186.81462191648211,197.53693464313304,186.33339920770379,196.92522595901227,186.39224032606725,197.56476444294179,186.88433469434372,197.34953842160289,186.24072706412289,197.00155443603779,186.46529876352699,197.42330707338061,186.47487549085375,197.05431423387694,186.46529876352702,197.60962383971508,186.84715800952816,197.51919597642186,186.83758128220146,197.76660143999231,186.89558425146956,197.35274908322637,186.26953959994304,197.37662874274693,187.19108477545842,197.95470802350206,186.51744856269423,197.2359413812581,187.16896355883446,197.76407061094099,185.70735108778555,196.82569930873888,187.91854708558057,198.24808133523771,184.83339400511622,196.78451113453855,190.27038468582185,191.28673089333611,193.39581409776284,191.77102248141165
203.6523877841903,202.46785548222059,202.80557699536064,205.23908651667264,198.67757604035012,209.4935058136362,197.54684849165201,209.23787585444231,197.94322810857491,208.8616329693258,197.10010633067481,208.75577196546033,197.42700741263906,208.60027363854428,197.27340316593705,209.13930385792835,197.78076188507535,208.74275358652133,197.24196320237044,209.22885330397267,198.10702653423348,209.17192697357052,197.48217874734365,209.07735080552604,197.7724024562711,208.93989757954921,197.2919118407207,208.836298861035,197.57343614431332,208.92358602172817,197.45397856208592,208.96020496583967,197.56402637699884,208.74674941499075,197.19099334219555,208.74448712963951,197.43126841277245,208.71013047087905,197.24091286386033,208.86163296932583,197.61792515563755,208.88696707761653,197.32665110820011,208.69381891305798,197.2163823679642,208.64591513312556,197.43120888716874,208.99682390995136,197.48513807472568,208.6735115267675,197.28870117909742,208.96020496583975,197.63705555011148,208.77208352328145,197.11145420354671,208.67351152676747,197.57013684040052,209.06606596970516,197.50284774524067,208.77937253063294,197.41821936501478,208.93487085754899,197.51404732973018,208.89598962808617,197.47936758785471,208.92584830707932,197.58855687289494,208.87065551979543,197.13462338059836,208.49441263467884,197.41855934154532,209.03344285406294,197.39612964315887,208.60027363854431,197.39652914529304,209.13930385792835,197.74988411559522,209.0733549770566,197.68015424639512,209.09366236334705,197.61132654781224,208.87065551979543,197.204101915557,208.86892197667723,198.10403809016583,209.46261624111222,197.18488287879387,208.47237170527015,197.99956895348643,209.42270411811856,196.67400263818712,208.22732393230976,198.66566597339167,209.75001232977178,195.7904597482258,208.57908969531212,201.6434033501688,202.52037399611004,204.65154199426809,203.00819322193942
193.28788743282769,192.27259285557437,192.77364790243107,194.98362736743226,188.53957324770977,198.76927645970932,187.47821768206023,198.70417668385878,188.02414161608633,198.33052322159816,187.16059594144747,198.25962384219119,187.46279125302425,198.04544827985166,187.35133661563418,198.77180575554937,188.06253087923332,198.27005495181956,187.08381394676184,198.46396113888574,188.08381741515359,198.94041297185825,188.07963360646002,198.90641318304401,187.8146219164822,198.25743452288165,187.27037428064679,198.46436064102019,187.83256279280428,198.47272006982445,187.48156681005008,198.43258070092287,187.6597629949396,198.29001346724772,187.25745189372185,198.28020419779892,187.70317074748374,198.63145837059142,187.79417006126556,198.63435817236964,187.72613011320306,198.42237192933962,187.52330173279515,198.41370164069031,187.49783485657306,198.30519372143326,187.64600245891936,198.6510173838852,187.6869027009607,198.24512495378897,187.35384759452865,198.52692970830824,187.93983015310909,198.53383917597873,187.28748047626519,198.05886771305822,187.45860744433074,198.58733845248307,187.79584289106464,198.45421139504069,187.49281636717586,198.41006236024691,187.71236957718278,198.62167821782799,187.66896182463867,198.42564211656693,187.69815225808659,198.48062035040118,187.28208408924024,198.10511754536142,187.69982508788567,198.77510505946208,187.67230748423677,198.29183381383049,187.61718992309915,198.73601614955993,187.92439678728979,198.74107627445144,187.8701173752475,198.53960966284995,187.56252914503744,198.38516147890175,187.37764510934335,198.39275231235555,188.14014755462259,198.90243251334789,187.1518573632161,197.8562622411464,188.03622585391591,199.03120980787833,186.92105112769161,197.68373541395678,188.45359242332526,199.15998710240879,186.16895662205107,198.52764313671031,191.99867820825602,192.61240037498408,194.2700661918542,192.45226736804392
204.31368901736229,203.29473467992645,203.87661652282122,206.27896837556528,199.47557084090857,210.09519173501002,197.94693990546963,209.71339338566014,198.4558079908563,209.61482138914624,198.06451761551048,209.8852032703974,198.47857766577349,209.61482138914624,198.22624436034499,210.2524236050443,198.89925084792088,209.71339338566014,197.87248988790861,209.73370077195077,198.57619686038615,210.03497222572585,198.64626670611656,210.14256677270942,198.41520959421655,209.5365567789228,198.0841361544081,209.91053737868813,198.54469737121562,209.70437083519056,198.08595650099076,209.74098977930214,198.44303939402536,209.77534643806254,198.12828518920182,209.67174771954831,198.4285695018194,210.14256677270947,198.81740321826564,210.17016316635139,198.46256929063367,209.83053922534646,198.4534994998499,210.05301732666518,198.49764853464356,209.77760872341375,198.29868222268587,209.90151482821847,198.46580906894249,209.89249227774886,198.4343399886906,209.98204172379312,198.57613733478212,209.9015148282185,198.18835395684627,209.59850983132515,198.2950720589279,210.02768321837439,198.66258594110164,209.99106427426278,198.39673003611824,209.83956177581612,198.38368098836065,209.83956177581612,198.30448182624238,209.85587333363722,198.60507699870499,209.92182221450901,198.02085672514056,209.47234144116922,198.45389900198418,210.16287415899995,198.46901973056609,209.75730133712327,198.46586859454629,210.06430216248603,198.48237963816888,209.95444533015115,198.58634610636534,209.92911122186047,198.30439318395321,209.6970818278391,198.06145512178011,209.63113294696728,198.680266494931,210.09363209924621,197.80926998424488,209.18165217362755,198.78127363574552,210.29477192074347,197.38989847484899,208.74848295810889,199.0863667390133,210.57643863781547,196.92017882496836,209.92423883644935,203.01765720538916,203.6475430156959,205.1835178629137,202.99473819575707
192.07448034534926,190.97239421237973,191.27842388117213,193.61445968736624,187.4348133979077,197.3617593484062,185.81629127788958,196.68384090383213,186.07712609595723,196.80607923663004,186.17481326054371,197.26874113045784,186.51410290309605,196.90665775862482,186.10844614228023,197.24671093420562,186.49783485657301,196.74896979636787,185.75159698942517,196.78549888102236,186.16310692034185,196.8060792366301,186.08883243615904,196.95583638890244,186.1009201423802,196.67369165785263,185.97821941625597,196.96524615621689,186.23281969820346,196.86645886411929,186.1393094055272,197.08168488545843,186.38433296014782,196.9898361777168,186.0746151170629,196.8006791352079,186.06671121953505,197.04629478160325,186.51995607319708,197.26189118839108,186.31294735248716,197.0177255031295,186.35217476472957,197.24597145554057,186.46111495483345,197.01516567788175,186.03873336441859,196.82199896948055,186.23281969820351,197.27130095570553,186.62137026340093,197.19207267690189,186.22947403860536,196.93917717738699,186.1476735545225,196.9485869447015,186.25076057452557,197.07884460928392,186.3275425692112,197.03688501428886,186.23783818760066,196.98662551609351,186.18104779666402,196.86725786838829,186.06169273013788,197.00794535036613,186.48741998015092,197.03833485493337,185.82336049471346,196.52467398424531,186.11095712117461,197.1330833644532,186.28747700787346,196.98258673351566,186.38015261984606,197.01300535476858,185.88972761297691,196.6671816923166,186.19108477545845,197.05965468920616,186.24992242543016,196.87370830832066,185.91352512779167,196.68850152658942,186.29751398666784,197.03361470657251,185.61802460380284,196.33582792207056,186.54793392831348,197.23221051259208,185.01493584960392,195.74833887400075,186.88182718384098,197.76904056033189,184.868437608665,196.79778239985203,190.17147800612065,190.8637492201824,192.43657214963645,190.45335286481648
203.72322857437047,202.39031029838233,202.45923898053607,204.91177830501931,198.47497056843827,209.1458902156925,197.09072709276791,208.5456095934934,197.15242310612462,208.40815636751657,197.08495660589679,208.79568408845398,197.41176904557176,208.45206431897964,196.98875825573253,208.57094370178419,197.06338555787212,208.06853242651158,196.62559401598176,208.33891430776279,197.08615523278939,208.25665386906994,196.78007131661516,208.27696125536045,196.94759766500647,208.31860692147231,196.99495736142347,208.45606014744902,197.04561636175345,208.48139425573981,197.26519202551509,208.82101819674472,197.40952008016916,208.59854009542613,197.04561636175342,208.26567641953957,196.68495242164647,208.14177031473483,196.98520761757854,208.58725525960529,197.28833220637046,208.5872552596052,197.07745582745446,208.47237170527015,197.18451390606683,208.54334730814216,196.92587832859937,208.2313197607792,197.03910639621719,208.82830720409615,197.62366664631247,208.76635415169389,197.0550261290677,208.32989175729313,196.97687730545979,208.49041680620945,197.10602510592813,208.38282225922589,196.95336815187756,208.3828222592258,197.01377689605229,208.46108686944933,197.15884442937141,208.50899064938176,197.00146732695964,208.4610868694493,197.26340220834001,208.46508269791869,196.6415137488323,207.87312197660194,196.69766149287361,208.37553325187443,197.09692619845896,208.5872552596052,197.36111004524176,208.3918448096955,196.47037723668345,207.84778786831117,196.78305976068279,208.45379786209784,197.21700420814366,208.554632143963,196.98273643462011,208.36251487293535,197.30746260084436,208.63689258265586,196.55330432153414,207.91303409959559,197.49346850733377,208.74848295810889,195.84635757074787,207.41791183167456,198.19430479471833,209.57420661656525,195.65119323118535,208.00170698869817,200.82405818593023,201.7199844459445,203.78118760224615,202.03895658931441
194.6821227798772,193.43480014311143,193.53551556052784,195.78612163200717,189.48826159763794,199.77215788069023,188.49114353737684,199.49652170245434,188.44736135559654,198.90727183340576,187.927285663812,199.16519692840464,188.40478828375612,199.06208911056976,188.16059940983919,199.1116381262965,188.06671468792683,198.69272576512813,187.87179020504658,199.04795919489439,188.27706906823477,198.90511151029244,187.86760986474479,198.80129320998898,188.02581444588546,199.02157935621938,188.27205057883759,199.10478818422985,188.09925078097291,198.92032088116358,188.11263341936547,199.16124678811622,188.38638715596642,199.21801625184784,188.25745536211355,198.86710205558597,187.70735455617731,198.56107766501569,187.85134181822173,199.04110925282777,188.44150471710401,199.19302672821343,188.01912312668921,198.76871426562289,188.04208249240844,199.03243896417831,188.02246878628733,198.80345353310227,188.10092361077196,199.32868449421807,188.65018626761287,199.33158429599641,188.12388297649125,198.75319403490678,187.85301464802083,198.88703145432856,188.0420824924085,198.82551284603989,188.00452790996519,198.95972065091078,188.05500487933338,199.03096000684829,188.42356384078192,199.32251450521255,188.18690443515661,198.91739196269975,188.16143755893455,198.98828992938459,187.81964040587934,198.47496903522688,187.64266026771296,198.69096494414921,188.00118225036704,199.13591728795137,188.45693808292341,198.94019075430234,187.60761319577239,198.43121950256759,187.70651987547365,198.78537347713836,188.16729072903541,199.17099653196115,188.21070194997128,199.07766886688961,188.51661388199057,199.31785388245541,187.7762326533352,198.63342700555631,188.62137373179272,199.33630291114613,187.08716307475166,198.29232349146545,189.51661735038232,200.22762690998741,186.79667757176833,198.57049049875272,191.70485398245799,192.61544834465545,194.74005001387314,193.22509352434352
205.31772424751637,204.19315337461492,204.58552605259138,206.92958897040242,200.06735000579744,210.87926972735445,199.02966979173306,210.80949892536762,199.19299466559474,210.06829799095544,198.31778208775214,210.21251148205067,198.93034942223485,210.28175354180442,198.84341255100247,210.52680131476481,198.95962906268812,210.17589253793906,198.66690505411688,210.43725186872049,199.02580829373403,210.37130298784874,198.85828194534298,210.39161037413928,198.79500251607519,210.28175354180445,198.97875945716203,210.54311287258591,198.86118174712121,209.95115215126918,198.22852232194387,209.9787485449111,198.89518153593559,210.55942443040698,198.98165925894031,210.22882303987174,198.67236468114288,210.24913042616225,198.75085348128152,210.31837248591603,199.01349872464141,210.40063292460891,198.59637618064809,209.93484059344809,198.54867650770029,210.21251148205062,198.79170321216262,210.31837248591606,198.88040078388431,210.46085243389305,199.11401772103241,210.59604337451864,198.84566151640496,209.95115215126913,198.33629076253607,210.00807848167125,198.60544597143178,210.13927359382743,198.84600149293584,210.45356342654159,198.88361144550777,210.43551832560235,199.2095652348209,210.71994947932333,198.90277095666721,210.24739688304405,198.92091053823492,210.45356342654162,198.71645419033274,209.9967936458504,198.50492697504106,210.06100898360393,198.64879600195678,210.37130298784879,199.05079781736845,210.30206092809493,198.5844065880859,210.09536564236436,198.61164507712294,210.05198643313435,198.67773566587951,210.38032553831835,198.88620038744111,210.46814144124451,199.37302368394884,210.71492275732311,198.42276848554076,209.8852032703974,199.31955352412993,210.71162957844103,197.85147950075907,209.64744450478847,200.2186166448073,211.47540018449502,197.38175985087838,210.10906710012551,203.03104610918828,203.92192072541644,206.00776393497532,204.26512330061166
191.02789259235828,190.07415157012414,190.57499986232492,192.82927547068257,186.44605948664181,196.46516741068731,185.34175641991575,196.41993750797587,185.78329493337574,196.02055504341584,185.04792872572597,196.05347396431247,185.47319919266295,196.03647477626637,185.37763817255993,196.38519824049661,185.68522640276993,196.07411384552393,185.2507571061339,196.24630069618311,185.6409805011304,196.39602885225932,185.88014741725846,196.63803421440758,185.57879372316881,196.07698453061681,185.53956631092635,196.52119598303176,185.67146586674971,195.86317794100404,184.80374332020065,195.84074824261751,185.65352499042754,196.53711571588224,185.57712089336977,196.11172379809611,185.60342591868707,196.55593525051114,185.66979303695067,196.14029307656986,185.43229895062157,196.11064293017844,185.16895662205107,195.79338854620025,185.16477628174925,196.09398371866286,185.62387430551198,196.4701970061713,185.64767182032674,196.17503234404927,185.51660694520706,196.41413790441933,185.56252567664583,195.93805657738486,185.14767008613074,196.02524466236935,185.30959822449739,196.04298474180246,185.5395663109264,196.46368704063522,185.73365264471133,196.38701858707933,185.70149444929299,196.39136822950221,185.50201172848315,196.32333965567713,185.85468054103646,196.52736597203736,185.4969932390859,196.07121404374573,185.41603090409856,196.24880099582688,185.56336035734938,196.34971949435223,185.64432616072855,196.20431198450265,185.39390621908291,196.27413049599198,185.6263852844065,196.19780201896654,185.41351992520407,196.27123069421367,185.58381221256599,196.50635711809903,186.18689749837313,196.63297408951613,185.01911618990573,195.69571123870594,185.89558078307786,196.63550338535623,184.70650947029847,195.62660320968536,186.71069674738374,197.18825316594652,184.09840222670238,196.12292644900813,189.62806505098891,190.43126913742492,192.27569268497291,190.54187067107375
203.13004897704045,202.01261238396765,202.38258324879033,204.90031956184413,198.35776477705767,208.96262158778009,196.92795154263442,208.60339291007202,197.42445053332472,208.65406112665346,197.19167624118984,208.8005369030999,197.38681146406711,208.44060557580445,196.96633009055702,208.72729901487668,197.44648072957693,208.49353607773716,196.93415064832547,208.62872701836275,197.41174146209752,208.91368691431677,197.76327608581678,209.26233340579134,197.54773920463271,208.61068191742342,197.25396485755147,208.96835095936765,197.54807918116333,208.6653459624743,197.15739600144889,208.85346740503263,197.72532615671406,208.96835095936768,197.16896609187646,208.61068191742342,197.6327379703076,209.26233340579137,197.58602911026597,208.58308552378148,197.0894269532279,208.52286601449734,197.01698909088694,208.44962812627409,197.20049469773255,208.80782591045136,197.64279857399768,209.11083090734468,197.48155997358671,208.63601602571421,197.31363412306132,208.94301685107689,197.40267167131353,208.59210807425112,197.32162304592745,208.95203940154661,197.44352140219462,208.61970446789303,197.22252489398477,208.8697789628537,197.60484864489482,208.93902102260751,197.37916251773149,208.70023136346774,197.3483733905405,209.1434540229869,198.03428075798092,209.19135780291936,197.33606382144779,208.67263496982579,197.44972050788579,209.05790040541197,197.64714821642039,208.95932840889802,197.47505000805074,208.66534596247433,197.04592875480967,208.71827646440704,197.68703625108068,209.11083090734468,197.52957050637957,208.84444485456294,197.39656120791199,209.02857046865188,197.97452285018167,209.02527728976978,196.67955385343561,208.09698580633011,197.76188577077605,209.17348660933439,196.36184032123006,207.86824959119079,198.4562120926245,209.73282421500903,195.79046269415912,208.39911424628173,201.43468894806659,202.42265898577259,204.52839369057236,202.73501181805284
196.75108868773106,195.54796918509464,195.71941209426407,198.18438787977689,191.99161245982367,202.23373267441309,190.49198515486395,201.62239296301925,190.73533934807716,201.73201086687951,190.78915850865181,202.03044571622874,190.96028894510906,201.54535412401438,190.33424082519088,201.71754097467348,190.91604304346956,201.71970129778671,190.56420891161991,201.78951980927604,190.89810216714744,201.91542783143555,190.97571884253674,202.17841305132612,191.10845654745535,201.86115866734798,190.70819617366442,201.87852824084302,190.87346997162908,201.88648816751297,190.98408299153203,202.17841305132603,191.10009239846002,201.77036029811669,190.46196004071226,201.82641939986863,191.29250590244584,202.35276022509842,190.97739167233576,201.67160212270466,190.58633359663557,201.68570150897239,190.62472285978251,201.74503079795173,190.89642933734837,202.07024510859966,191.16813234652253,202.15959351669733,190.87346997162908,201.75660088837938,190.8989368478511,202.08434449486751,190.81295602346648,201.64593264600913,190.85218343570881,202.24533176103699,191.19109171224184,201.85174890003356,190.60427447295763,201.77687026365277,190.95610513641557,202.10242455083127,191.00536952745227,201.93384786393008,190.97571884253671,202.38025004837669,191.56504706071533,202.34841058267565,190.93649143029435,201.94325763124439,191.06588347561492,202.16900328401172,190.99700537845689,201.90891786589953,190.87848846102636,201.72985054376613,190.41604130927362,201.68752185555508,191.16729766581886,202.33974029402623,191.10594556856086,201.88358836573457,190.72864802888094,201.90891786589944,191.14684581060229,201.89552742888912,190.10511088785719,201.23643005215499,191.29250590244578,202.19288141032078,189.60510915366132,200.66742056218351,191.70819964205609,202.77781063314291,189.29333711475775,201.28672161296927,194.48074600291321,195.59537504074208,197.8621939158536,196.2666648761018
198.28363300841352,197.15252302877616,197.44700100762611,199.75790786067364,193.21990758457483,203.51391171083415,191.8696930144045,203.03753719343982,191.77327244668439,202.55143747598839,191.54342836524626,203.09046769537255,192.12702691912085,202.7924894204794,191.48665890151463,202.90234625281425,192.09879761717761,203.10677925319359,191.88530188740978,203.07016030908201,192.10820738449192,203.06113775861238,191.74421502378678,202.96256576209842,192.13353688465679,203.2379743653498,191.99128051082667,202.9462542042773,191.75732359714837,202.89835042434487,192.00359007991941,203.15970975512627,191.82350282819431,202.52610336769774,191.40745973939659,203.04256391544004,192.36755332393901,203.27685559481256,191.88061226845642,202.88203886652374,191.84340181801872,202.96429930521657,191.81838317769891,203.00820725667967,192.09879761717741,203.26557075899171,192.15226777699633,203.09775670272401,191.78299307384384,202.88203886652369,192.03326922250719,203.20535124970763,191.83325257203936,202.68489487349581,191.75692409501389,203.24925920117062,192.27274528881543,203.08647186690311,191.75766357367894,202.8037742563003,191.76087423530234,203.15970975512633,192.34296330243907,203.45369220154998,192.26984548703712,203.38271659867809,192.3100443815425,203.30218970310332,192.02385945519271,203.12309081101469,192.0893878498631,203.0082072566797,191.64329652526141,202.78346687000976,191.92155064162682,202.92768036110499,191.56514770165342,202.73053636807705,191.97220964195668,203.15970975512633,191.94713147603301,202.88203886652374,191.6846344005663,202.78346687000973,191.88021276632205,202.85843830135116,191.26535153345966,202.57503804116101,192.53755085528854,203.30063006733945,190.49438587474071,201.65074238619067,192.73592585647441,203.93094327588611,190.35963027935307,202.35341692601881,195.51037627506716,196.70962484310667,199.03653793964196,197.41118892712112
199.861890914204,199.1299036017148,200.03954605557331,202.10486505797255,194.79100894916962,205.07528187242613,193.6436279033332,205.16106684549459,193.56241826810992,204.02791802060611,192.92026185970622,204.92838139120349,194.04393945670199,204.78290687414048,193.36891516820194,204.89585429527742,194.01491598326641,205.05491003637476,193.5200454635183,204.8290151941008,194.07296293013755,205.32852863994214,193.72059259739785,204.74358916619727,193.81200006066015,205.34452798132696,194.16944617314249,205.13274277624362,193.67441936374868,204.82642760875876,193.83688675838911,205.13516089359425,193.59508588095727,204.2144951549368,192.94928533314183,204.74180425687274,193.95322489698339,205.01559232843155,193.70147458295543,204.89585429527745,193.68235656851292,204.82222458208366,193.61076002323685,205.01559232843155,194.04393945670196,205.26168953876544,193.95879331302095,204.89585429527747,193.42503783844739,204.57612737174975,193.5200454635183,204.9050630246451,193.75178459231128,204.93016630052804,193.84249915202972,205.14195150561133,193.8893652892227,204.98548334985608,193.77307112823146,204.80622524069884,193.33215475725106,204.66575642632833,193.89153381070042,205.3772245452445,194.16387775710496,205.1353303615856,193.76169005130433,204.77870384746538,193.4329750432116,204.77870384746532,193.76169005130433,204.77611626212331,193.35127277169352,204.73679855418015,193.88142808445843,205.02221347245725,193.57956802832354,204.69327781956184,193.55468133059458,204.70248654892953,193.46756693268478,204.77611626212334,193.64539589031307,204.73679855418013,193.58730496583891,204.73921667153076,193.23350299276825,204.78048875678985,194.59124452968047,205.37688560926162,192.4769766999992,203.78118760224609,194.69964546351045,205.89061348716322,192.12693117838324,204.3216141881816,197.54318409950505,198.71681101611426,200.70335185425432,198.61929006314793
196.86279021878974,196.60272964779494,198.19137483042331,200.05485239130397,192.19435079364908,202.23091619540665,191.1803560475482,202.92624638305307,191.48231848060684,201.57787731445606,190.59959685895438,202.69190544204494,191.98995567213171,202.55468360091353,191.29542153577927,202.73609403998898,191.94333963604655,202.61635600683491,190.93230499743294,202.25353512868395,192.03657170821683,203.57042037846946,192.17558503296496,202.72735213600032,191.59264674644649,203.12448041127604,192.34021576124485,203.35239099528241,191.92796678333656,202.76397108011196,191.8308552287605,203.16341090237449,191.82532494385185,202.11336672769377,190.64621289503955,202.1564160288072,191.55371713671641,202.78902454192172,191.80478206826356,202.73609403998898,191.43397910356225,202.38201506582675,191.36854353284829,202.78902454192169,191.98995567213166,203.08786146716443,191.95231660287411,202.73609403998901,191.28644456895177,202.08317814058398,190.93230499743299,202.41863400993833,191.8608078716631,203.26284154923806,192.29704640707848,203.03493096523172,191.52548783477314,202.64423304695785,191.87021763897755,202.82795503302012,191.21159923092341,201.99131714755285,191.16409463738623,202.75883595481193,191.94161629508707,202.84195504385437,191.53662094304698,202.17272758662833,190.79245688917752,202.1727275866283,191.53662094304696,202.68316353805628,191.58240219562481,202.85583207314309,192.01947551454742,202.98200046329902,191.68332069415007,202.6465445939447,191.44511221183603,202.32908456389399,191.23767239142035,202.68316353805631,191.88135074725136,202.85583207314309,191.72052696292081,202.66685198023518,191.26934837528242,202.74366369382145,192.62803120459759,203.40174767185206,190.83356559683227,202.03895658931441,192.84488079232773,203.70175684725095,190.01240006348812,202.26350635772329,195.72950784216118,196.75827302771611,198.1893659935802,195.55766651384684
