181.95560509679498,181.48093157773386,182.6927949248736,184.64376484744014,177.96799788771241,187.50683380251775,176.99405884866158,187.76036969194342,177.49908219536624,187.38737641584461,177.49367084424242,188.40380082362566,177.87475627145858,187.26418282787537,176.97898021343997,187.91691284810727,177.70702785223386,187.39334455559319,177.01988847740881,187.75545291690858,177.78465180047471,187.89745672038322,177.48079470615249,187.36974677407795,176.70895656762218,187.01360655251131,177.1373340479457,187.81358084035725,177.77710966094139,187.85066660984779,177.36089737282634,187.5585406880879,177.41719960255148,187.38810409145376,176.53474144329113,186.58589786515526,176.78459607714291,187.46450756888746,177.17892205055028,187.2664147663281,177.23926486643759,187.45585459255653,176.86593963716652,187.1405363417766,177.28908039105627,187.96147102018998,177.95991671538772,188.18958264214311,177.66543984962937,187.72255624684385,177.64494986328384,187.88356327991258,176.98720773545401,187.00272163772792,177.43631882393538,188.31127196726868,177.72279186993637,187.13456820202794,176.69806486825226,187.58546921840417,177.84001938206163,188.10944296341307,177.60404724316007,187.37721917667025,176.92512974650401,187.53973047258256,177.53107755484018,187.30304763768882,176.55097278506261,186.92107769615444,177.08600140867611,187.55106828549583,177.35266985081225,187.73986219950569,177.6743471102792,187.69038725238801,177.10108004389781,187.30573247427128,177.1051206300601,187.12067476155738,176.68244720023941,186.9270458359029,176.68869028353342,187.16149673234415,177.49215372959145,187.79103442355563,176.93068744731738,186.98176124716022,177.46701512717007,187.64155821748906,176.15549410510553,186.63196030008146,178.33209488195399,188.36093992847523,175.61757760187956,186.66348338231876,180.30630205890319,181.34603003961709,183.4276351872638,181.91504771784875
181.85098179601189,180.9745370066731,181.57644435209471,183.47137702861386,177.1104574382741,186.66317374754723,176.14585080491338,186.77691800505164,176.66245213020605,186.54829019321221,176.49003781267785,187.04444548732491,176.5699160169633,186.20480964770229,176.13491881576812,186.95058441445263,176.77829627790251,186.46490889865956,176.17259243298972,186.70426198342227,176.586011989269,186.63186430457779,176.43042228829032,186.45402549231329,175.908736180847,186.06204905324429,176.17221951130963,186.75158389676088,176.73484159922188,186.80637092335738,176.44101873780858,186.56531897886643,176.43785659051707,186.54229641756251,175.99575971582829,186.00195252550574,176.06568048277188,186.55960584969779,176.30363763084455,186.37719753630813,176.39799072193046,186.57993167695918,176.02851489964948,186.14976041559581,176.30170115062435,186.92526874713278,176.90601719420468,186.96246569511305,176.51773035789915,186.58564480612785,176.51058068826612,186.69295870663038,176.05517846002451,186.05246693987698,176.31623751904607,186.98508462839038,176.60943168763447,186.18021120821561,175.80264756147699,186.46205016846886,176.68654734472926,186.91596555018211,176.53976055415126,186.40654591403921,176.08339754058269,186.44390052695493,176.32333344755659,186.22373397262305,175.78104572880821,186.1817870863984,176.38628187206706,186.71865956100589,176.44806989697022,186.68747309958201,176.6959324322616,186.76630113542831,176.20478663147622,186.26648205362366,176.18256383669953,186.34716661413381,176.0183163494512,186.18795523789015,176.05773828527205,186.46776329763753,176.6642692060156,186.72314729374023,175.87753358515377,186.08866601354308,176.811109384513,186.94888555472428,175.42833999206749,185.70327546375043,177.35933465332627,187.39998122084955,174.77187988596515,185.80568782235034,179.52868719606664,180.58704806857227,182.63856502988378,181.07954548374417
183.58827948310596,182.09681105472012,181.80008282670923,183.58209644067463,177.58092603500057,187.28884065918311,176.70728500001474,187.25828800719711,177.22728035157584,187.1756125915652,176.78838952516989,186.99510555922083,176.52579780349646,186.6158989211053,176.76611239262783,187.4892327234397,177.20629229546924,186.90123055909936,176.56462773662491,186.932072575278,176.55776945741621,186.67790302368269,176.74074372897053,187.06795900121142,176.57959603634592,186.60609732882025,176.58149352951079,187.1356501722646,177.05924412788997,187.24432755951318,176.95238797244946,187.05767081664808,176.8292760414609,187.20245770348603,176.96259191125623,187.02551913451072,176.8385875962106,187.19597549804428,176.87138165985903,186.99075210693701,176.95118259609279,187.15074192358415,176.51501368619671,186.51657578098255,176.59443165580242,187.27542246207838,177.15381376463574,187.0671362422633,176.62424930073036,186.80045099915787,176.64277341092946,186.85105815104777,176.45420125822045,186.50832507739798,176.45291139504943,186.95652732994265,176.77400524606136,186.67121978029417,176.30932161211891,186.77310655552546,176.84500788709394,187.07822464826339,176.74945753735739,186.81927053378666,176.56013824614294,186.65609518440962,176.27167870074186,186.43623887416692,176.33870126872156,186.97267205097322,177.23428119468002,187.54583535038083,177.09986345798751,187.21323265694784,177.17515532225323,187.38624240466726,176.7401498247271,186.70991562912374,176.67219436347895,187.0838509739676,176.75133063440529,186.90086649422324,176.82648377689492,187.27076060321929,177.21214546557013,187.01505639748535,176.04714030857431,186.55540689664747,177.53471187913217,187.75739048281324,176.1009385414238,186.13779530710602,177.58822498419067,187.67174070283158,175.05255202195823,186.22893139384124,180.09650332518359,181.29032299601286,183.43952638907712,181.85359614373178
185.40442142734295,184.01929057450306,183.82165592537797,185.87749525266699,179.96021579568068,189.58056860089491,178.6538102837732,189.25396303882903,179.19294894300887,189.44711120338746,178.96310486157066,189.16441359278471,178.58882967961989,188.82981637377995,178.73124874540173,189.4420844813873,179.10826103717915,189.18974770107545,178.8984045878548,189.35426857846113,178.79930643591226,188.9396732061148,178.76928731679385,189.27929714711973,178.79421731482435,188.90305426200322,178.59928978544431,189.0472677530984,178.71606849121636,189.03824520262876,178.7349475514489,188.98531470069605,178.59633045806231,189.13681719914271,179.01385250418983,189.27929714711973,178.8263967570561,189.12779464867305,178.73494755144887,189.09117570456144,178.92805473424636,189.36155758581265,178.84996543624209,188.98531470069602,178.75805720289679,189.30862708387988,178.90022493443752,188.98531470069605,178.61554949482544,189.13681719914271,178.90238525755075,189.16441359278468,178.74179749351569,188.95771830705411,178.55548072718108,189.02193364480763,178.85863572489151,188.99433725116572,178.336984518615,188.65471331016076,178.58698021635163,189.06757513938891,178.68206870240201,188.94140674923301,178.67055813757813,188.90878363359079,178.423773101465,188.83554574536757,178.68937767220694,189.18974770107545,179.04054332319927,189.37613560051548,178.80584693085589,189.06913477515278,179.02718341559648,189.48373014749907,178.750467782165,188.71493281944493,178.55804055242893,189.30862708387991,179.00799337502946,189.22636664518697,178.98926248269009,189.50403753378967,179.20332040654395,189.08788252567939,178.11166736417857,188.87545786836125,179.70908099665536,189.91360618413574,178.11157872188917,188.46086249601487,179.94904520738731,190.2426479389072,177.53044993825114,188.79805024431425,182.46375018439855,183.44703580694062,185.26739568117804,183.43206420549549
178.17998413074238,177.33322659166245,177.78413738203653,180.09661304035023,174.30169779536126,183.32229190403223,172.56169099594203,182.79308027322028,173.07172970893225,183.16204411652748,173.25326808502831,183.27021205925402,173.09134341505342,182.78262016739572,172.71069674738371,182.92657771611167,172.9832379056532,182.96557810421371,173.15519955442244,183.37468119593328,173.3154548629899,183.06689610487339,172.98658356525132,183.07454505120896,173.04207902401666,182.8495388771068,172.71906089637903,182.56881357778309,172.43982841891318,182.41399630061906,172.52832022219226,182.48091501032991,172.39892817687178,182.46715560059275,172.73867460250011,182.78730978634923,172.68941021146341,182.55906383393801,172.59050700015391,182.69506157647339,172.83757781380962,183.02999651428081,173.17230575004089,183.08315581425447,173.00703195207612,182.89143894649789,172.68941021146341,182.62484356284963,172.82130976728664,183.22606302446036,173.43982841891321,183.2853923134397,173.1314055079994,183.02348654874481,172.88015088565018,182.9471580717194,173.15101921412057,182.92981749442063,172.42356037239017,182.22660007908894,172.52162890299601,182.77534019378712,172.71989557708264,182.58069452805594,172.7073510877855,182.81255064422473,172.84343098391057,182.90334901345619,172.9619513697329,182.78006034214812,172.67481499473951,182.67053108057723,172.58298100025388,182.61808226307215,172.98992922484953,183.13859307582712,172.81545659718569,182.38397718150071,172.48574715035184,182.92691769264218,173.06587307043966,182.88998910585329,172.88516937504735,183.01117697965188,173.08214111696273,182.75288137871493,172.30085964626593,182.66424345308599,173.58966885105855,183.29622139199103,171.9790540969596,182.32601062408801,174.30002496556227,184.25366509627437,171.96194443294951,182.80925440673479,176.55212120539863,177.27466462995102,178.69626508401919,176.71764991460358
187.53526659567743,186.68535609947247,187.23254643881739,189.55696803572238,183.28860297506304,192.91642161447581,181.86393850782059,192.75034110132623,182.38783867949979,192.84717955472203,182.42356875988531,193.17951448837547,182.57918504131825,192.75034110132623,182.04158498550578,192.64448009746081,182.06296434538228,192.52560071465635,182.1132238435778,192.92943999341486,182.54370629517382,193.0077046036383,182.41094833094758,192.9660589375265,182.42106846024149,192.86522465566125,182.21127165701017,192.59883860287962,181.94609699732112,192.47267021272367,182.01810494860885,192.48169276319331,181.81043923131654,192.26823721234427,181.84736793859435,192.42876226126057,181.86143820817699,192.41973971079094,182.07527391447491,192.71372215721462,182.18591304015993,192.7942490527893,182.41350815619515,192.97108565952666,182.36605981748883,192.74131855085665,182.02137513583622,192.52560071465632,182.1548130531238,193.08094249186152,182.7810220383688,193.18680349572702,182.48653732930794,192.9294399934148,182.26264101931955,192.85620210519167,182.50535686393684,192.9384625438845,182.01591550881014,192.32116771427695,181.9461261140066,192.6168837038189,181.93992700831541,192.32116771427695,181.92986640462547,192.66079165528194,182.21158251685526,192.66079165528191,182.02211461450125,192.47267021272364,182.03433554130473,192.73402954350516,182.1805420554231,192.6241727111703,182.24706126299972,192.86922048413072,182.11757348600051,192.38312076667935,181.92079661384165,192.64448009746079,182.09150450717055,192.38312076667933,181.76236917291976,192.57853121658911,182.44130883931854,192.78696004543781,181.70881037081151,192.33348344362869,182.5578362108493,192.78366686655582,180.96752385468031,191.95324473004271,183.48907877375831,193.78848941710075,180.76260977127279,192.26336482693316,185.75779771892513,186.63311986519309,188.41742954995377,186.5935532184987
177.14732230642312,176.12933035283353,176.36032679366687,178.30795609191381,172.30959822449734,181.64575315909957,171.61680508868807,182.0121861733555,172.14432442653262,181.74161153273351,171.75744669113431,181.9170381617013,171.98072345836707,181.65365343967645,171.61178659929075,181.54696445428007,171.54709231082637,181.3951065044981,171.52162543460432,181.65124178232196,171.90143395317875,181.88775852124806,171.96278258204498,181.84971994985597,171.8809820979622,181.87504945002084,172.00368282408635,181.95754791605174,172.00200999428731,181.91919848481461,171.96612824164316,181.80887021897496,171.75242820173705,181.5596444088217,171.54541948102738,181.38273740980156,171.40143221898285,181.5621447084655,171.98406911796525,182.02736642754101,172.00368282408641,181.84616931170189,171.94233419522018,181.97315678905721,172.06586960204802,181.95723705620674,171.92272048909899,181.7358410458622,171.77371473765731,181.89426848678403,172.08882896776731,181.98216705423704,172.00535565388546,181.91018821963451,171.87680175766036,181.82083981153696,172.02831501960475,182.05269592770583,172.00033716448831,181.7354415437278,171.76079235073234,181.66420218779024,171.58130123367161,181.47359530463672,171.69777089206707,181.79013932663545,171.89641546378158,181.60709274752813,171.44317061011969,181.46088623340961,171.85634990244384,182.00558756553008,171.98824945826703,181.62502463559878,171.6050952800945,181.59503451267679,171.6297274756129,181.5621447084655,171.75577386133526,181.63887268762539,171.54541948102732,181.24062920386481,171.19024315797131,181.5614938720899,172.32046988399546,182.22747172029833,171.66979303695064,181.4179067088229,172.0437483854241,181.70511003155309,170.57255918704851,180.93136527596383,172.9406648338128,182.58097332528195,170.27371300346149,181.12820320693791,174.98156854424593,175.87848079889307,177.87923095385531,176.50681718621365
188.31500816856484,186.96134483925331,186.83218309623024,188.77359269296522,182.52062576041166,192.56221965876799,182.01514550073756,192.90757297136054,182.30860898797411,192.41245070343948,181.82453861758407,192.55892647988588,181.99422528908869,192.26997075546254,181.72435959772389,192.33591963633424,181.80284839786256,192.30658969957403,181.90632672163557,192.48568859166275,181.93125671966607,192.44906964755106,182.00798469882585,192.49471114213236,181.87843739622301,192.5223075357743,182.22648090739193,192.8090009748465,182.21485129136062,192.66652102686953,182.088662818274,192.60456797446719,182.13852281433523,192.66652102686953,181.98049487554749,192.18441713788758,181.54455279692564,192.47839958431132,182.39721791740646,192.95148092282355,182.27418058033973,192.5842605881767,181.90706620030062,192.46937703384165,182.07811407016024,192.77238203073489,182.28037968603073,192.63719109010941,182.02060512776373,192.57523803770704,182.01955478925353,192.50200014948376,182.03942466239249,192.531330086244,181.83758766534194,192.25365919764135,181.84409763087797,192.60456797446722,182.1985915819794,192.59328313864634,181.93924564253223,192.36351602997615,181.80645856162036,192.38885013826697,181.93273567699609,192.49471114213236,182.04593462792857,192.46937703384162,181.75474922278048,192.44906964755108,182.36898861546331,193.0500529193375,182.27708038211799,192.44906964755111,181.8466574561258,192.46937703384162,181.95402639458325,192.4947111421323,182.02464391034144,192.33591963633424,181.59481229512099,192.04193718991058,181.51567265860658,192.43275808972993,182.57116558904448,192.98983341005339,181.69035980890956,192.07282676243454,182.35562870786052,192.76179984450141,180.92880391750504,191.60303860280428,182.92006775057553,193.14203855808742,180.1744088280123,191.7960128600084,185.4094432274218,186.44170524375278,188.68005451482895,187.29414151299082
178.18150124539329,176.93833866664528,176.86121785653583,178.82111441460862,173.01456142036781,182.42877705267009,172.24490393603296,182.31156831535614,172.13976965699479,181.83804681356929,172.04124087492141,182.27071858447508,172.21822448147944,181.78818681750843,171.75159698942511,181.88799533143052,172.0266456581974,182.12957219524819,172.4456815890141,182.37083807873151,172.17146760094548,181.959234687368,172.02581097749368,181.94445393531697,171.88015088565015,181.95312422396646,172.2541062341237,182.11479144319711,171.92690429779245,181.73857815568869,171.77121069554619,181.86482615437887,172.19609979646384,182.28262865143341,172.17230575004086,181.68106921329223,171.58799602125941,182.01063316636299,172.48407432055276,182.36728744057766,172.23532720870614,181.96608462943482,171.81796410768851,181.73527885177594,171.92188580839525,182.12451207035653,172.29751398666784,182.19615092842866,172.27622745074757,182.23813964010913,172.15101921412068,181.9845641875331,172.0871596063599,181.96682410809993,171.75912298932499,181.49185264517934,171.60593689758156,181.80549686539982,172.05127785371567,181.94115463140423,171.89641893217328,181.80475738673465,171.96780453983379,181.98885430435215,171.96111322063757,181.91178634866154,172.19442696666476,182.28583931305684,172.21404067278587,182.20161055545461,172.54793392831348,182.54823322217547,172.27371994024477,182.03747215326547,172.19443043505655,182.29789754790821,172.31880052258799,182.13978096683149,172.04542468361487,181.70383888820928,171.59050353176215,181.68535933011108,171.86053717952902,181.97185511630579,172.39809002777642,182.12630188753184,171.42439505309383,181.42885507956044,172.50619553717667,182.50180469257157,171.31461671389445,181.16479040447453,172.75494264902318,182.45071566069976,170.27956617356227,181.4114579225913,175.50620247396003,176.4726585097998,178.43677783247588,176.93150857738007
187.41804114745688,186.45790053778913,186.84954253929175,189.21907763783557,183.12835518755858,192.87251366301277,181.86103870604219,192.38711659514871,181.63288139592072,191.99958887421133,181.78618918634692,192.64621364057908,182.01014502193931,192.08913832025559,181.51925382616801,192.29756714910442,181.86433800995525,192.51831170730489,182.32378924215939,192.77238203073497,181.85020809427988,192.02891881097148,181.479143573952,192.01260725315035,181.44431566418365,192.04523036879266,181.73743917488903,192.09816087072525,181.37955727758592,191.79515587383199,181.27187747928303,191.82048998212269,181.55754373180159,192.32290125739516,181.81953813878567,191.94665837227856,181.29529799057607,192.13477981483683,181.90453690446046,192.33019026474665,181.73735053259992,192.17139875894847,181.54532280499811,191.95568092274829,181.52610376823489,192.26094820499284,181.86689783520285,192.3668092088582,181.95007625429488,192.56395320188614,182.00073525462477,192.35049765103716,181.77933924428027,192.18042130941814,181.45992453718898,191.84079736841321,181.4154355258645,192.04523036879257,181.58182289345638,191.98327731639023,181.431355258715,191.99229986685992,181.63066154720357,192.12749080748543,181.48886420111162,192.05651520461339,181.87448725593464,192.55666419453468,181.90376689638782,192.22432926088121,181.77538910399198,192.20801770306014,181.40562625641573,191.99958887421133,181.92119611597604,192.49471114213233,181.68848134944506,191.95568092274831,181.47519343366383,192.00358470268071,181.49167536060057,192.09087186337382,181.63726015502897,192.15109137265804,181.8762189602279,192.22832508935062,181.07399062252102,191.71792215713933,182.32521008660771,192.91156879982992,181.08510156472121,191.4475402758882,182.56807409911798,192.95391711552912,180.16465908416728,191.91818542169497,185.69556862816759,186.61680830737197,188.26096139419846,186.2028553002248
176.74095192709615,175.95706089960316,176.50045897868412,178.81908766676187,173.058343602148,182.28387221130293,171.9106327828778,181.9203374656141,171.78580244387845,181.48877555882243,171.719892108691,181.98685667319066,172.0003371644882,181.74121203059886,171.96612824164308,182.14133397382406,172.08715613796821,181.87405863711464,172.06503492134433,181.89540746758357,171.52580577490616,181.1856205611121,171.35969729623775,181.44024635219819,171.52496762581077,181.50537524473398,171.71571176838918,181.64794247840919,171.74908254213892,181.74309049006337,171.73867113410856,181.42583610608528,171.4815598732666,181.74019068828505,171.98323443726156,181.71051154569722,171.67230054745335,181.74269098792888,171.88014741725851,181.73584104586223,171.81628780949777,181.77782975754261,171.73365264471136,181.52064414120886,171.65185216062847,181.82197879233658,171.98156160746245,181.80531958082088,171.83924717521711,181.89716828856234,172.04625589592681,181.88775852124797,171.81796063929687,181.64143251287294,171.64850650103034,181.6602520475019,171.86053371113732,181.83749902305246,171.85718805153923,181.62551278002252,171.58966538266682,181.53400404881171,171.65017933082945,181.49966428346659,171.46278431624086,181.45156510838464,171.73365264471127,181.6769112590174,171.58799255286789,181.38529723504925,171.52413294510706,181.37076781723948,171.23615842101825,181.38159842900211,171.98239628816611,181.77302096689246,171.25409929734033,181.02389381627748,171.50703021788036,181.8165191653105,171.93815038652664,181.72032081514621,171.67397684564409,181.63387220882689,171.98406911796522,181.93088621372783,171.4619496355372,181.41685637031279,172.44149778032059,182.47672652664775,171.27789681215503,181.01241390135021,172.61095538697884,182.49597455960725,170.39474089978663,181.49682707371471,175.69443216925242,176.6435873284517,178.06929018160034,175.86612975533629
187.57904818052569,186.56521443829178,186.90014969118161,189.14081302761213,182.94820841022948,192.78696004543784,181.93989647890783,192.71216252145078,182.12630188753184,192.34320864368567,181.85020809427962,192.64118691857882,182.09082314138743,192.53133008624394,182.24743023572651,192.90028396400911,182.08826331613975,192.29756714910442,181.84881777923894,192.37982758779725,181.56479317600267,191.9759883090388,181.737068668951,192.52404107889248,182.0596345120621,192.62087953228826,182.20445071113974,192.8365973684885,182.45537769617894,193.09569441391878,182.41461660758708,192.51501852842284,181.79448896905836,192.58825641664606,182.21130065320642,192.62990208275798,182.10162322374256,192.73975891509272,182.18307135126318,192.62087953228828,182.17326208181447,192.75607047291385,182.05608387390799,192.37982758779725,181.91101634058901,192.66652102686953,182.2080013492938,192.53133008624394,181.85350739819239,192.4693770338416,182.13167287226852,192.68283258469063,182.02424440820693,192.41644653190889,181.93344603897577,192.66652102686956,182.27781986078296,192.79268941702543,182.21886095725284,192.66652102686953,182.08465315238183,192.56794903035555,181.96744582778999,192.37982758779728,181.81515796695524,192.42147325390923,181.99783545284646,192.31787453539494,181.52394344512152,192.12749080748546,181.96457514269727,192.54434846518299,181.78581868040882,192.40516169608807,182.35926798830397,192.79268941702546,181.67617178035238,192.09313414872503,182.04676274888303,192.87997657771859,182.24299195101435,192.50599597795321,181.82502676200795,192.43275808973002,182.26181148564316,192.79442296014358,181.64990958016298,192.07282676243457,182.48832714648304,193.12902017914837,181.28625719598853,191.61935016062534,182.78401048243643,193.23158800413174,180.32854615211517,192.03533126138123,185.95275424450145,187.16486107722574,188.92453628382981,186.70058647252029
177.50326913121796,176.47578676877055,176.6911698140259,178.70788634699059,172.78292050413972,181.95849520870303,171.62136679500921,181.86911627119787,172.0366826369918,181.84199695385772,171.97738126716067,182.04642277235237,171.96696985913019,181.67455924775601,171.79500474196928,181.82536673853858,171.71487708768552,181.60178140888456,171.96445888023572,182.07169274691344,171.94317234431551,181.747248444338,171.9832379056532,182.17196040906308,172.2779002805467,182.29746892908832,172.45944212503437,182.45839666965406,172.53166241339872,182.48116634457119,172.33506856911109,181.95303558167706,171.88098556635379,181.988854304352,172.04793219411766,181.86442665224462,171.9840725863568,182.08076253769741,172.08715960635999,181.97475491808419,172.19442696666476,182.26701977842814,172.17146760094548,181.89296681403277,171.94149951451641,182.02029426791853,172.09133994666178,181.88719632716169,171.81629127788946,181.81126735227079,172.04625936431853,182.08366233947558,172.04793219411764,181.85501688493011,171.96278605043659,182.08977280287732,172.19442696666485,182.01344432585199,171.98239975655775,182.0322638604807,172.23700003850533,182.24135030173238,172.23030871930894,182.09844309152683,172.15519955442247,182.26918010154122,172.4406630996169,182.12161226857839,171.75577732972684,181.73422851326583,172.17397857983997,182.19512958611477,171.89809176197224,181.84100614095152,172.38349827944421,182.53916343139153,172.27455462094852,182.0533032438266,172.2950064761651,182.28873911483501,172.13642052900494,181.97870505837255,171.97821941625602,181.89947677956889,172.13307486940681,181.98083485207837,171.44233592941595,181.33765720819474,172.2983486673715,182.31258812445876,171.12722169930589,181.02839315980478,172.85886434972991,182.830539111966,170.63390781591465,181.55578597724519,175.67063812282933,176.78300342610737,178.45826463564501,176.40972439614941
187.31320487686341,186.32885930768444,186.70974248938373,188.92109936294244,182.68090266460155,192.30086032798644,181.23520010624628,191.96696575856919,181.5565820355807,192.02492298250203,181.76373037127487,192.34320864368567,181.47479393152938,191.46958120529695,180.99362336291784,191.85208220423405,181.41759584897787,191.97199248056936,181.87522673459958,192.57697158082524,181.85671805981585,192.08184931290421,181.59237164157011,192.26094820499281,181.80062996186754,192.36680920885823,181.92409591775424,192.40845487497009,181.92326779679991,192.34147510056749,181.53122341873026,191.83680153994382,181.51959380269878,192.21704025352975,181.52576379170429,191.72191798560871,181.32898691954526,192.1877103167696,181.80608958889357,192.23161826823264,181.76887913845579,192.2333518113509,181.59012267616762,192.08184931290421,181.67447060546658,192.11846825701573,181.48846469897731,191.99229986685992,181.57355210694132,192.13477981483689,181.71853099797107,192.31387870692552,181.79420863862069,192.09816087072531,181.50728423360607,192.08184931290413,181.57281262827627,191.85710892623433,181.24719881549393,191.98327731639023,181.76597933667747,192.37583175932787,181.91533698681559,192.44906964755114,181.93165622180058,192.59154959552805,182.32989970556113,192.6828325846906,181.64152115516251,191.94665837227865,181.75005960382691,192.30658969957406,181.31337804653984,191.67627649102747,181.68644019802872,192.63719109010935,182.06105535651031,192.30259387110465,181.73132871148749,192.19899515259047,181.67759262480075,192.37583175932787,181.91147548881648,192.20402187459067,181.72174165959447,192.08584514137365,180.99840162416058,191.57544220916233,182.07848457609836,192.52803690736189,180.62027934778018,191.20648833139722,182.73591130735423,193.43602100451108,180.68304010321651,192.06066536967194,185.4995021179881,186.32282586094826,187.89512615071047,185.85108787304938
177.04235725862935,176.16733402305866,176.64657078460326,178.78329806077247,172.92021297859614,182.14210398189664,171.69525991317269,181.75289975951227,171.74908601053056,181.57056366287381,171.9252279996017,182.02233541933489,171.65017933082939,181.07060267631891,171.35969729623775,181.87732741161972,171.98156160746242,181.59879296481694,171.75661201043056,181.84474846725377,171.75242820173705,181.51734483729615,171.67481152634778,181.77453045363009,171.91686385060635,181.79624979003708,171.74034396390758,181.6657116745279,171.95692941194406,181.89580696971805,171.56921699584203,181.28227805950382,171.69442523246897,181.88673717893414,171.66812020715153,181.26706868863263,171.5283167538006,181.97679606950041,172.29583768847704,182.06145485864462,171.87931273655479,181.46097487569892,171.33841076031754,181.55612288735321,171.90227210227411,181.60388208590487,171.397251878681,181.45156510838461,171.79918508227109,181.84980859214522,171.96278258204492,181.98256655637164,172.06670775114338,181.72322061692446,171.56837884674658,181.54381331826045,171.62805811420552,181.36005637717375,171.36137012603683,181.53440355094611,171.81378029899506,181.71671065138841,171.82297912869402,181.8407983269652,171.85300771123741,181.80787940606859,172.13307486940678,182.03430501189712,171.62889279490923,181.38060761609586,171.85718805153914,181.97528658276298,171.61178659929078,181.25106031349299,171.64683367123126,181.94631780215474,171.96529009254772,181.64683261429533,171.61179006768242,181.58142327083269,171.82921019642268,182.07160410462413,172.16021804381967,181.82598857871793,171.91602916990271,181.75403874031161,171.25661374462646,181.27798794268472,172.3162895436937,182.13889178706194,170.79834693317568,180.75957792743927,172.69442870086073,182.80236933562648,170.81210400080425,181.58256531805463,175.27874189803379,175.91651937028527,177.42890176017664,175.68440283338705
187.62478692634727,186.76246297189434,187.42231401372879,189.56825287154319,183.18666313422383,193.12658398644288,182.24984189308108,193.03374136151635,182.35932751390769,192.47666604119311,182.07515474277818,192.93690290812066,182.06663262202187,192.22832508935059,182.17505189898958,193.36607629516993,182.62546386981774,192.35049765103713,181.61585167846684,192.36351602997615,181.76085968618213,192.21704025352975,181.93023537735223,192.70313997098117,182.2716207550921,192.57697158082519,181.737068668951,192.31787453539494,182.2459512783966,192.95321446594181,182.02498388687201,192.19170614523901,181.94936577182611,192.83833091160676,182.12550288326295,192.48568859166267,182.26556981729411,193.21284025360507,182.7487525411259,192.97681503111437,182.10063241083617,192.21201353152941,181.45841505045132,192.35223119415539,182.19794074560374,192.47839958431129,181.65158175885247,192.32689708586454,182.10353221261451,192.77238203073495,182.34720975345246,192.93516936500248,182.28728915370129,192.44178064019962,181.75613953782118,192.49870697060177,182.04707360872811,192.38885013826695,181.8766170496402,192.6665210268695,182.24240064024264,192.62816853963974,182.10199372968057,192.63719109010935,181.92224645448613,192.26094820499287,181.83974798845517,192.38885013826695,181.62270162053363,192.19170614523898,182.16715161841276,192.88397240618798,182.03939413298502,192.38885013826695,182.16104115501105,192.82930836113707,182.04948526608268,192.39613914561835,181.95451453900696,192.51501852842287,181.97784640801075,192.62990208275798,182.15058104918648,192.6647874837513,182.36889997317405,192.74878146556239,181.50339220619941,192.14206882218832,182.79148214419337,193.30811907123697,181.2037587299576,191.40363232442516,182.56301397422641,193.16963495172936,180.47321418329975,192.0443538118509,185.58018023743631,186.45072779422242,188.32342800070865,186.62491405576469
177.28374074865462,176.56863409506121,177.36673414553528,179.2493784302097,172.9611166890293,182.3719189466492,172.2353237403145,182.67177322772463,172.6944287008607,182.03368470492893,171.96194790134129,182.21170015534096,172.00452444157347,181.6951104866782,172.254102765732,182.83094014731165,172.63474943340177,181.81228869458457,171.72947230440948,181.99320394677483,171.96780453983388,181.71250917685867,171.89641893217322,182.05833283931065,172.15687238422154,181.84344679450231,171.60259123798346,181.67157080368838,172.21822101308774,182.3751281955505,172.0896671168627,181.67734129055944,171.93648102511918,182.28037968603081,172.28375345064759,182.20152191316538,172.56001816614292,182.66853344941597,172.4890893415583,182.14219262418607,172.04458653451945,181.82132795596087,171.71403893859014,181.91573648894999,172.27455462094849,182.06114399879957,171.88349307685667,181.93455602357878,172.1476735545225,182.13969232454221,172.29834866737153,182.28293951127836,172.08715960636002,181.67447060546664,171.75661201043056,182.07490340853687,172.19108130706672,181.9178968120633,172.02748033890103,182.30786950930889,172.46362246533621,182.35093908890707,172.46027680573806,182.36793827695331,172.13391301850226,181.7696186171209,171.73281796400761,181.70488922671942,171.71320425788645,181.7635081537191,172.09050526595806,181.95451453900705,171.71153142808737,181.75014824611631,172.23783818760069,182.26420861893888,172.02329999859927,181.89592614141478,172.19024662636301,182.0741930465573,171.80503825237193,181.68783051306946,171.89307327257507,182.1400031843873,172.57005167654563,182.3027498588136,171.59050353176221,181.72541146944539,173.04374838542401,183.05557581547578,171.48574368196012,180.885485949599,172.41854188299294,182.54006406879731,170.59300757387328,181.51888638665253,175.41938350048002,176.29896217240301,178.15620431226122,176.60476352429706
186.95816346564507,186.18364361106219,186.9616114050676,189.01793781633825,182.46897594717541,192.38138722356115,181.69311285551683,192.69012159204209,182.17412073217633,192.07785348443477,181.4504261275851,192.28125559128338,181.61952148831784,191.70161059931823,181.37378679071458,192.39613914561843,181.89222733536781,192.03620781832294,181.60968168946127,192.36125374462497,181.72651992083732,191.98327731639023,181.56340286096182,192.1713987589485,181.53477405688432,191.85710892623433,181.37748559676183,192.13477981483689,181.91459750815056,192.35952020150677,181.54532280499814,191.91003942816698,181.6711713015539,192.48568859166269,181.88966751012006,192.25695237652346,181.95553588132086,192.55493065141647,181.76194055409977,192.080115769786,181.71861964026039,192.38485430979756,181.82703891722807,192.35049765103707,181.95303558167703,192.35952020150674,181.69138115122345,192.18042130941816,181.64013084012171,192.12575726436725,181.78761003079535,192.32290125739516,181.49722362991594,191.70560642778764,181.41287570061689,192.36854275197641,181.91138684652711,192.17868776629993,181.72834026741987,192.55493065141653,182.17363258775256,192.64448009746079,182.11541316288731,192.49471114213236,181.77100893216155,192.21704025352977,181.735589711621,192.13877564330627,181.47328444479174,191.98101503103902,181.59163216290511,191.81546326012247,180.92124502618094,191.59574959545279,181.64809076679151,192.26997075546245,181.5170048607657,192.03620781832299,181.89265595418755,192.22606280399938,181.20154029396264,191.58343386610107,181.33993516979348,192.28628231328358,182.2310528878599,192.51501852842287,181.24006700977833,191.9336399933396,182.73937330321894,193.34074218687917,181.14517033236547,191.19746578092753,182.43892629864951,193.29354105653405,180.65771060305164,192.00773486773926,185.40509358499889,186.26989535901558,188.0515943064658,186.24178579132325
176.57679676996474,175.74775469915892,176.30627443233442,178.4324433901144,172.54876860901715,181.97466627579479,171.81461497969872,181.93344603897575,171.79667757176827,181.31411752520486,171.506192068785,181.96522597907281,172.06670775114335,181.39044600223022,171.21654818328872,181.44980428740573,171.68522640276993,181.50512391049273,171.61597040798426,181.61974229315146,171.62554713531102,181.57741360494046,171.90477961277682,181.87007796741861,171.64516084143222,181.43780569864742,171.76163049982776,181.98950514072769,172.04207555562505,181.63828137685351,171.46194963553714,181.53915281599265,171.94902551441641,182.0184448046503,171.87094858755947,181.55143326839971,171.74368962350565,181.87917687488783,171.81043463939687,181.61511219980181,171.88265839615289,182.09332344103126,172.17230228164914,181.95658621983097,171.94149951451644,181.76776915385273,171.71236610879097,181.58145238751814,171.569216995842,181.56479317600261,171.89976112337962,181.83212803831597,171.54793045992173,181.23562872506625,171.54458480032358,181.89509660773845,172.02915316870011,181.8140785117597,171.93815385491826,182.05534439524311,172.17397511144827,181.93810666173283,171.75493918063148,181.42623560821968,171.40059753827919,181.64473181678576,172.02413467930288,181.78072955932103,171.54876514062548,181.4859048737296,171.77455288675264,181.57309295871389,171.29583768847709,181.28042859623568,171.75493918063148,181.73112089750137,171.54625416173099,181.51373467353844,171.90561776187221,181.57349246084834,171.10007852489315,180.94589316056249,171.30420530586412,181.61548129301798,172.08715613796826,181.81410750795584,171.18857379656396,181.23929853491703,172.48908934155827,182.58168380775075,171.2098568640925,180.85364648389785,172.65520128861831,182.86277807980139,170.81210400080425,181.49972687549311,175.30002843395403,176.18857438095964,177.80039010735871,175.91619247334032
187.47197997147958,186.38995370973711,186.67091137371887,188.96171413552352,182.94317740202339,192.94748509435414,182.08817467385023,192.60456797446719,181.77001811925538,192.05651520461345,181.87007796741858,193.04276391198604,182.6034336735656,192.49471114213233,181.65198126098693,192.34720447215506,181.8723269328213,192.24237436182048,181.72000995530109,192.3544934795066,181.88460738522849,192.60057214599777,182.4257871958803,192.94419191547215,182.07305394526878,192.46937703384162,182.18887095481978,192.87095402724887,182.14429330120629,192.26494403346229,181.53449219323539,192.31561225004373,182.2235215800099,192.79268941702543,181.90416639852236,192.06553775508306,181.69252013202288,192.70313997098114,182.32483958066973,192.58426058817662,181.94865540984662,192.56794903035558,182.10344357032525,192.58426058817668,181.98555500043918,192.34320864368567,181.71421035174455,192.29027814175302,181.86581696728504,192.58426058817662,182.31542981335522,192.75607047291385,181.9139161423673,192.25365919764135,181.86001736372856,192.65749847639989,182.21016167240717,192.58426058817665,181.97108510823324,192.53133008624394,182.09042363925298,192.49471114213236,181.70375024591999,191.86110475470375,181.21754866910234,192.21704025352977,182.28904997468021,192.66652102686953,181.64547129545082,192.1387756433063,182.1168921202173,192.88397240618798,182.0896536311804,192.42546908237856,182.10137188950117,192.68682841316001,181.97133644247464,192.49471114213233,182.09958207232603,192.27396658393187,181.35129744623509,191.96869930168737,181.68575883224545,192.30658969957409,182.02341628725262,192.37253858044585,181.2176373113918,191.82777898947413,182.43007872542137,193.08337868456709,181.21282852074154,191.54611227240221,182.78401048243629,193.26820694824332,180.3191363848008,191.8562323692926,185.64925927026053,186.88719018862312,188.7722711547496,186.69184456853165
177.72614707361788,176.53693917327737,176.55905932058732,178.597129462331,172.88015088565015,182.3187001210716,172.06921526164618,182.10924317388171,172.00535912227716,181.77248930221359,172.04374838542407,182.4160374520354,172.46696812493434,182.03473504343907,171.99950248378454,182.07450390640247,172.0128851221771,181.81046834800185,171.97905409695971,182.16937146712991,172.2762274507476,182.27173992678891,172.48490900125645,182.35201854410275,172.08966711686267,181.99388531255801,172.25159525522929,182.25141090542249,172.11178833348657,181.76375948796047,171.63140377380364,181.75761990787322,172.20818403429337,182.20149138375771,171.86639034962988,181.39951579301416,171.58046655296783,182.13818283780461,172.51037587747851,182.10489353145897,171.79583942267294,181.68203090951283,171.85635337083554,181.9479159311816,172.02915316870011,181.83974798845514,171.8367396647144,181.90632672163557,172.1305673589041,182.24746076513415,172.39976285757552,182.21272149765468,172.06838058094249,181.98481552177418,172.10928082298389,182.17508242839716,172.27371647185316,181.99817542937697,171.75828484022969,181.63717151273949,171.85802620063455,181.94831543331597,171.9627860504367,181.58731151667862,171.442335929416,181.76961861712084,172.42439505309392,182.24603992068583,171.66895835624692,181.44622465305551,172.02664565819737,182.35670816305608,172.17397511144824,181.80361840593517,171.96195136973299,182.06484280484668,172.0896671168627,182.09594279188266,172.20818750268509,181.87738705771278,171.74285147441029,181.90666669816622,172.08214111696279,181.90919740672845,172.06754243184704,181.98043534994386,171.57256265544009,181.57818361301307,172.51995260480524,182.4449465865506,171.23783471920891,181.11373190201016,172.81461844809041,182.54657403433342,170.19525817897679,181.23998143391151,175.58716480894748,176.95044113220914,178.87592621647639,176.88913228573097
187.89745672038319,186.72141375062202,186.88047949939821,188.8591463105401,182.52608538743772,192.42702871814245,181.67543230168727,192.58426058817665,182.13682163944941,192.249663369172,181.62807260527018,192.33418609321603,181.74610946353857,192.14206882218841,181.90302741772283,192.59328313864631,181.77356875740918,192.07282676243452,181.90342691985728,192.82531253266765,182.20581202998423,192.3831207666793,181.83255806985795,192.35049765103713,181.6707717994195,192.15109137265799,181.7504591059614,192.35049765103716,181.93736718306786,192.42147325390908,181.69112981698208,192.07282676243457,181.80136944053262,192.5476416440651,181.83579784816669,191.94665837227859,181.46353470094672,192.39613914561843,182.07922405476339,192.23335181135084,181.3720259697358,191.87741631252482,181.58617253587914,192.41245070343953,182.08573402029953,192.50200014948382,181.88099722147064,192.35952020150677,181.85566772130574,192.46538120537221,182.02822507790299,192.49297759901418,181.88966751012006,192.42876226126057,182.003635056403,192.64448009746084,182.19316248436093,192.46538120537224,181.59848210497182,191.98327731639023,181.59919246695137,192.39613914561835,182.03581449863472,192.3156122500437,181.53770285485876,192.20801770306011,182.1045535549284,192.54764164406507,181.53261373377092,191.86439793358576,181.73669969622424,192.35952020150677,181.44647598729679,191.63236853956442,181.29794645811307,192.0289188109715,181.57016416073932,192.22432926088121,181.92449541988867,192.3595202015068,181.81216952288773,192.49471114213233,181.98200436228524,192.3504976510371,181.98256655637172,192.6135905249368,181.73996847072928,192.34650182256772,182.67680423593086,192.94818774394153,180.90859406783551,191.39460977395544,182.71709177272544,193.14203855808736,180.19288838611055,191.76668292324828,185.57293079323514,186.78861819210914,188.68943271218808,186.65522562442004
177.53929943300926,176.58982337012174,176.98903565834974,178.81772646840668,172.63224192289897,181.88281756805335,171.66644737735251,182.07200360675864,172.25828657442545,181.7156603128783,171.5683788467467,181.69613029578079,171.7311451342085,181.61440183782233,172.00953946257903,182.06333331810922,171.68689923256895,181.40528627988513,171.96529356093947,182.40110853209114,172.25828310603373,181.6743819631773,171.66728552644784,181.79704879430594,171.86053371113729,181.70409022245062,171.71487708768547,181.71316001323439,172.02413467930296,182.14148214171723,172.02497282839826,181.64263113976557,171.7795713761499,182.08141337407295,172.1664491115483,181.80756854622354,171.80253074186916,181.86581696728507,171.89725361287688,181.53085291279217,171.38014915145428,181.46066401585398,171.82047161819128,182.09298346450072,172.37680349185615,182.21923146319088,172.08966711686267,181.83033822114081,171.75493918063148,181.82092845382633,172.06838058094246,182.07416392987187,172.08632145726449,182.00073525462483,172.11095365278291,182.2062115321186,172.35886261553406,182.16246199945948,171.96278605043665,181.74499947893557,171.8154531287941,181.96343616189773,172.15436140532702,181.89395762693906,171.69107957287082,181.68814137291454,172.02413467930288,182.03686483714486,171.9031067829778,181.8230887769397,172.15018106502521,181.93344603897563,171.46111148644175,181.12530045922654,171.38182198125335,181.5412534930129,171.64934118173403,181.67546141837303,171.92690429779245,181.85927788506359,171.9339700462248,181.97975539688261,171.99076390555314,181.77862888230078,171.96194790134126,182.01884430678473,171.79333191217026,181.91610699488811,172.82214444799033,182.43192665547835,170.93898853562203,180.85148616078453,172.69610153065969,182.66961137140018,170.54290850213283,181.38939860965343,175.31964214007516,176.21390388112457,177.82167664327895,175.92560224065474
187.58546921840411,186.78362900853452,187.50057401582643,189.59358697983396,183.06257545864688,192.75034110132623,181.74269098792894,192.62087953228828,182.15240139576932,192.26094820499281,181.70184125704796,192.61359052493682,182.11294197992902,192.32290125739516,181.90987735978956,192.60456797446713,181.76381901356424,192.03620781832296,181.92258643101673,192.8546424694278,182.09693360478903,192.20801770306011,181.82206743462584,192.70313997098114,182.1952922780666,192.4947111421323,181.87562623673404,192.3268970858646,181.78723952485714,192.38885013826695,181.85970650388344,192.25365919764138,181.82197879233655,192.60456797446713,182.12846221064498,192.45809219802072,181.95186607147011,192.62087953228823,182.03547452210412,192.19170614523904,181.47763408721462,192.20975124617834,181.94865540984659,192.6208795322882,182.2231816034793,192.67381003422102,181.97614523312487,192.35952020150677,181.85276791952742,192.61185698181865,182.27023044005136,192.69914414251173,182.01483464089253,192.5223075357743,182.09008366272244,192.72674053615367,182.22898120703587,192.67381003422093,182.06259383944419,192.53133008624397,181.99891490804202,192.53133008624397,181.97034562956833,192.23734763982026,181.48994365630719,192.21704025352977,182.10890319735128,192.78366686655579,182.15444254718554,192.69914414251176,182.40736716338606,192.77637785920439,181.7756694344294,192.20072869570865,181.97077424838818,192.70313997098114,182.13883367418023,192.63719109010941,182.16215113961417,192.48568859166275,181.76768051156336,192.39613914561835,181.95957466389851,192.37583175932789,181.90623807934634,192.27396658393189,181.26789680958706,192.06883093396516,182.67680423593086,192.99382923852281,180.85577474439233,191.25212982597844,182.63209300705071,193.26820694824337,180.47105386018652,191.86525491976226,185.36168402887014,186.31553685359685,188.1344327490273,186.27840473543489
176.99878481730462,176.35009436675773,177.18490754698431,179.30068826691527,173.20986033248414,182.36895961926703,171.88600058735938,182.09983340656731,172.16728726064363,181.76958950043522,171.85886088133825,182.21090115107205,172.23700003850522,181.76268003276476,171.85551522174012,182.16385231450002,172.1339130185022,181.72762990544035,171.87931273655482,181.98740434321823,171.77204537624993,181.50663339723039,171.88433122595205,182.22031091838656,172.23281622981173,181.90558724297057,171.94149951451649,181.76520932860487,171.54709231082637,181.41321567714758,171.61179006768248,181.67006131695075,171.85384239194104,181.86902762890855,171.88600405575104,181.71927047663607,171.91602916990269,182.21377183616485,172.36220827513222,181.89000748665063,171.65017933082945,181.68888085157948,171.85802620063458,181.80210891919751,171.92272048909896,181.88784716353734,171.85969903043369,181.8140785117597,172.10760799318479,182.30206990575243,172.33757607961388,181.93415652144438,171.75828484022966,181.82743841936244,172.06336209154529,182.0206051277637,171.98658009685965,181.85236841739288,171.94066136542111,181.94751642904706,172.00953946257894,181.82132795596081,171.74908601053068,181.4740834490606,171.38349481105249,181.6339608511162,172.19275413686574,182.22648090739199,172.06503492134436,181.90848704474882,172.13224018870318,182.06509413908802,171.85886088133827,181.88315754458395,172.29751398666781,182.38385800980367,172.31628954369364,182.25653055591783,172.37764164095159,182.07055376611402,171.80169259277383,181.83974798845526,172.06420024064067,181.9949356510682,172.08715613796824,181.70877984140412,171.11429931238101,181.29060837162265,172.5199526048053,182.39212726310745,170.926066148697,180.69916918326456,172.60593689758161,182.73974074273454,170.63223498611563,181.30690014362253,175.10928775976728,176.12856513891899,178.11363124042074,176.58594398966824
187.17388590997112,186.31783667737363,186.95217387765891,189.23365565253849,183.01663660667799,192.90913260712438,181.96334751960836,192.7267405361537,182.17122093039808,192.27725976281391,181.71992131301172,192.53133008624397,181.8803463850949,192.03620781832296,181.71381084961013,192.80900097484658,182.35852850963877,192.33921281521629,181.60894221079641,192.13877564330633,181.41543552586452,191.91003942816701,181.80105858068754,192.49471114213236,181.71637067485776,191.98327731639023,181.66580031681724,192.26268174811102,181.5112343738945,191.82448581059214,181.41947430844232,192.07456030555272,181.67256161659463,192.21704025352975,181.64954060743614,192.07282676243457,181.75071044020265,192.77967103808641,182.50359604295787,192.56395320188611,181.63171188571349,192.10215669919472,181.58657203801366,192.02891881097148,181.55828321046647,192.21704025352977,181.76381901356424,192.35049765103713,182.10850369521674,192.75207464444441,182.01955478925356,192.10944570654615,181.46353470094675,192.21704025352977,181.85856752308399,192.26997075546251,181.67552094397672,192.1550872011274,181.66250101290453,192.18042130941816,181.66901097844067,192.11846825701576,181.58617253587911,191.92305780710609,181.22695843641682,191.9922998668599,182.01955478925356,192.54764164406504,181.61761249944578,191.84808637576461,181.52255313008087,192.2170402535298,181.6150526741981,192.1877103167696,181.98126488362013,192.39613914561838,181.56149387209001,192.17139875894844,181.99792409513569,192.44178064019962,181.67651175688317,192.25365919764144,181.91292532946093,192.59154959552808,182.34863059790072,192.56066002300412,181.16191818617031,191.63236853956437,182.2282417283709,192.85134929054576,180.88977453320669,191.24310727550883,182.64150277436505,193.29354105653405,180.45513412733592,191.80330186735992,185.30127528469535,186.40508629964117,188.52358635907365,186.90344359471689
177.21008567785395,176.2172493630566,176.55038602141184,178.68462852764972,172.94568332320989,182.42652808726746,172.16561096245297,182.31147967306686,172.30085964626593,181.84480811334689,171.8179606392969,181.94285580629008,171.81461844809044,181.46248436243667,171.75828484022966,182.2774798842525,172.43899026981785,181.87084797549124,171.6731386965487,181.68271086257405,171.69442523246894,181.70986070932165,172.08632145726449,181.94285580629003,171.54625763012271,181.29208732895265,171.67397684564403,181.87306641148632,171.81712595859318,181.51749300518929,171.60593689758156,181.60647102783796,171.69944372186617,181.72981922474992,171.85217303053369,181.7732287808787,171.98992575645781,182.3172792766234,172.52246358369968,182.06080402226905,171.77789854635083,181.71389949189953,171.75410449992779,181.52724274903431,171.54793045992176,181.71099969012116,171.96111322063754,181.96599598714539,172.17397511144824,182.10273320834557,171.90227210227411,181.54893296875599,171.62471245460731,181.77140843429592,171.8451038137097,181.60573154917304,171.66728552644778,181.67014995924018,171.7165499174846,181.56849198204989,171.64599899052754,181.7106001879867,171.92773897849617,181.70804036273893,171.48072519256286,181.52030416467835,172.04709404502219,182.05642385043865,171.71571176838916,181.32392679465377,171.54375011961989,181.71824913432224,171.75661201043059,181.71316001323444,171.98239975655781,181.62014179528597,171.1944234982731,181.21063920143197,171.71487708768547,181.6961302957807,171.58464689326965,181.56519267813698,171.81963693748759,182.08212385654167,172.61095191858706,182.26300999204636,171.31210920339183,180.99257302440765,172.03249882829826,182.29410856636042,171.2081840342934,180.9871439267892,172.71738806657993,182.66310140586407,170.52329479601167,181.40531834250402,175.35886955231749,176.32423214696425,178.13294952211217,176.42555300582455
187.68396621450967,186.6008170671183,186.90555611317649,189.08388669721,182.93197781753386,192.89282104930325,182.01110671815985,192.76335948026528,182.20630017440809,192.32290125739519,181.72427095543452,192.46208802649016,181.81160732880139,192.04523036879257,181.73914034977494,192.71042897833257,182.17403208988705,192.31387870692552,181.79994859608428,192.61359052493682,182.10708285076853,192.54764164406501,182.1758219070621,192.55163747253445,181.56263285288938,191.88643886299448,181.62890072622463,192.4254690823785,181.91638732532567,192.30658969957403,181.79278779417248,192.25365919764141,181.70440108229567,192.3268970858646,181.86621646941961,192.31561225004367,181.89179730382574,192.62087953228828,182.09554328974846,192.29756714910445,181.65704138587847,192.40516169608804,182.02680423345475,192.3432086436857,181.67296111872906,192.29027814175294,181.90706620030053,192.45809219802075,181.98876566206278,192.52230753577433,181.93165622180041,192.35952020150677,181.89725693085188,192.44178064019968,181.77717892116704,192.10215669919467,181.62560142231192,192.31561225004376,181.85566772130576,192.28125559128333,181.76776915385261,192.44178064019962,182.091163117918,192.4874221347809,181.71494983040955,192.33418609321595,182.21272149765471,192.80900097484661,181.95186607147011,192.21704025352975,181.83147720194017,192.46208802649016,181.79664929217168,192.30658969957406,182.00477403720242,192.28298913440153,181.31044771535409,191.83350836106186,181.66909962072992,192.20072869570862,181.52385480283229,192.06553775508308,181.70383888820928,192.51831170730489,182.48428836390534,192.75607047291385,181.28381654243762,191.58672704498321,182.06691448567074,192.85134929054576,181.14334998578275,191.49318177046945,182.64150277436511,193.02715500375234,180.16465908416734,191.81232441782947,185.54834077173524,186.55658879808783,188.3370092247429,186.36795418147918
177.27147828432322,176.29613766532967,176.65347304141486,178.71356819157242,172.85886434972997,182.23981181879853,171.94484170572287,182.09042363925289,172.08715960635993,181.62452196711621,171.62721996511007,181.86976710757352,171.90561776187224,181.62702226676012,171.89641546378144,182.18918181466495,172.13391301850226,181.73413987097649,171.87763990675569,182.13207237440284,172.15018106502532,181.92730657937764,172.08966711686273,181.98009537341332,171.6927524026699,181.43820520078179,171.64934465012576,181.85671805981579,172.04625589592683,182.00718569455705,172.07172624054058,181.89071784863023,171.89306980418337,181.84079832696528,171.782917035748,181.52354394298712,171.62554713531102,181.76230952682661,171.84008532431244,181.59953244348193,171.69107957287082,181.96994612743376,172.27706213145132,182.08027439327344,171.94066136542102,181.77677941903266,171.79918508227109,181.745339455466,171.83673966471429,181.90993688539351,172.10593516338574,182.09548376414452,172.17899360084542,181.99527562759869,171.83004834551807,181.61255237455418,171.69777089206704,181.90336739425331,172.1689566220511,182.05494489310851,172.00786663277987,181.8715874541563,171.89725361287691,181.82132795596081,171.86137186023274,182.03837432388244,172.42104939349574,182.29266013843795,172.00284814338272,181.81367900962522,172.02915316870011,182.0021255696654,171.83590151561899,181.71927047663601,171.96613171003477,181.78732816714637,171.52329826440342,181.49216350502434,171.85886434972991,181.86581696728513,171.84092000501616,181.75474922278042,171.81629127788946,181.92150697582125,172.3776381725599,182.24308059330374,171.61513572728055,181.43567590494177,172.3308847604176,182.29987905323162,171.11513399308473,180.9527446358405,172.60593689758161,182.35701748969004,170.15101227733723,181.17124237761783,175.30002843395403,176.31522188178408,178.05194015413775,176.19632149033814
187.33416526743082,186.37821385159319,186.85619788447374,189.0748641467404,182.85925950426622,192.76665265914735,181.89065832302626,192.58426058817668,181.92159561811047,191.9832773163902,181.46057537356452,192.38885013826695,181.90962602554842,192.17139875894847,181.83428836142912,192.71945152880227,182.12772273198013,192.27725976281394,181.76341951142973,192.44906964755108,181.8068290675586,192.23161826823269,181.95263607954257,192.49471114213233,181.65704138587853,191.93936936492719,181.56198201651364,192.37982758779731,182.03612535847975,192.6005721459978,182.08977280287732,192.48568859166267,181.93230705817615,192.35223119415531,181.53955231812708,191.78786686648053,181.40056613152413,192.29027814175302,181.90271655787782,192.18042130941816,181.61329185321915,192.37982758779725,182.07706373165016,192.54764164406504,181.92909639655281,192.30658969957412,181.6878305130694,192.20801770306011,181.76992947696598,192.39613914561841,181.95732569849594,192.5110226999534,182.05824419702134,192.52230753577433,181.86217768684182,192.21704025352975,181.64442095694068,192.37982758779728,182.13818283780461,192.69914414251173,182.05463403326345,192.20801770306011,181.40312595677196,191.91403525663642,181.54566278152868,192.3848543097975,182.18449219571161,192.57523803770704,181.76341951142982,192.27725976281388,182.03547452210404,192.47839958431129,181.53730335272439,191.90275042081558,181.69112981698214,192.32689708586454,181.60274310510539,192.08184931290418,181.84634659628057,192.53133008624397,182.03066573145387,192.49471114213236,181.85575636359499,192.35049765103713,182.10881455506183,192.65020946904843,181.60431070472481,192.11447242854638,182.47206743710183,192.84232674007606,180.87385480035621,191.39460977395552,182.75183104020471,193.14203855808742,180.15814911863117,191.57127247333855,185.16561751869065,186.26260635166418,188.24738017016423,186.45981517451031
177.29997209042619,176.40778976999437,176.86470608002946,178.91253450353017,172.94066483381275,182.23336137886633,171.94233419522013,182.0908231413874,172.02497282839832,181.57315260480704,171.65519782022662,181.9616753409189,172.01995433900117,181.65565107083779,171.78124420594892,182.04957390837197,172.12554886950693,181.88025774280561,172.00786663277984,182.08391367371684,172.02580750910201,181.92440677759939,172.19108130706655,182.09082314138732,171.77622571655181,181.50407357198264,171.71487708768544,181.92588573492952,172.08799428706365,182.02646425692407,172.08548677656088,181.94686559267146,171.98992575645781,181.8155574690897,171.56336382574113,181.32432629678817,171.63140377380361,182.00221421195485,172.15185389482434,181.7319795478632,171.62973094400456,181.72040945743564,171.90059927247498,181.83363752505352,171.90227210227414,181.84014749058966,171.8989264426759,181.89691695432117,172.04709404502228,181.90956649994436,171.80085791207009,181.73558971162106,171.95609473124043,182.0173944661403,172.0537853642185,181.80179805935254,171.70985859828832,181.69473998074008,171.92188580839527,182.0456237680836,172.15185389482428,181.77066895563095,171.52497109420247,181.40420541196741,171.54793045992173,181.69178065335785,171.9832344372615,181.93199619833106,171.88265839615295,181.8929668140328,172.23030871930897,181.93964514466671,171.36220827513225,181.14016985356702,171.6902448921671,182.06003401419659,172.04792872572591,181.77242977660984,171.92355863819429,182.01119536044934,172.10509701429035,182.03942466239246,171.98741824595501,181.76631931320804,171.92104765929992,181.83903750598637,171.46027680573803,181.53372371837403,172.53166241339878,182.33751812248914,170.99950248378451,181.01247342695422,172.96696985913019,182.85916791604353,170.52496762581075,181.10833333379924,174.87764684353911,175.90750910510533,177.85434425612638,176.26860870389967
187.67157703688258,186.71412474327062,187.14130439617557,189.30862708387991,182.96992774663642,192.70469960674498,181.7959098135066,192.62087953228831,182.0991825701916,192.37583175932787,181.95112659280502,192.65749847639989,181.93455602357881,192.09816087072534,181.64368147827568,192.4693770338416,181.9725059526815,192.41245070343948,182.06839344300076,192.75607047291382,182.16095251272174,192.63719109010935,182.23228051094867,192.67381003422096,181.87479811577964,192.29756714910442,181.87778655984732,192.36854275197638,181.72322061692441,192.19170614523901,181.69763978251837,192.18042130941816,181.72612041870269,192.29027814175299,181.66941048057518,192.06553775508311,181.74277963021822,192.54035263671355,181.99857493151151,192.1550872011274,181.5239434451216,192.16410975159704,181.67842074575503,192.11846825701579,181.66901097844064,192.44906964755108,182.17798223017542,192.77967103808638,182.26082067273697,192.45809219802075,181.54276297975036,192.05651520461348,181.82058847729584,192.54764164406504,182.00107523115531,192.21704025352977,181.50552341262724,191.92305780710606,181.39985576954462,192.1550872011274,181.93816618733663,192.44178064019962,181.82851787455814,192.20975124617834,181.5977716225031,192.19170614523904,181.91533698681553,192.53133008624391,181.86942713104298,192.32290125739519,182.06114399879965,192.42546908237853,181.29964763299895,191.68929486996655,181.75804852669313,192.76509302338351,182.151143243273,192.306589699574,181.742528295977,192.3432086436857,181.86498884633082,192.48568859166272,181.97259459497087,192.28628231328355,181.78288988243432,192.13148663595487,181.06893049762945,191.82777898947418,182.48653732930785,193.06307129827664,181.20267927476206,191.71618861402112,183.05822581622397,193.43602100451108,180.3607255943468,191.66082191938287,185.16561751869071,186.26260635166409,188.24738017016426,186.45981517451028
177.15356538971722,176.26967078717973,176.66377519278635,178.83799584368001,172.96613171003483,182.16348334177314,171.85718805153914,182.0810138719385,172.15352672462342,182.0159155088102,172.27037081225498,182.29300011496849,172.01121229237802,181.64584180138903,171.83339400511613,182.02785457196481,172.00786663277992,181.79164881337309,171.94149951451638,181.9609358622539,171.94066136542111,181.91533698681553,172.11262648258199,182.1085036952168,172.16895662205107,182.15626289376834,172.17146760094545,181.76736965171816,171.54709231082637,181.48664435239456,171.56921699584191,181.47689460854963,171.66812020715153,181.85671805981585,172.027480338901,181.81111918437747,171.83924717521708,181.83138855965086,171.81545312879405,181.60604240901802,171.71403893859014,181.75869936306876,171.77622571655178,181.60604240901802,171.75326635083243,182.09909392790235,172.50703021788038,182.4496377387153,172.33757607961385,181.89401715254292,171.58548504236501,181.6277617454252,172.00953946257891,182.08101387193844,172.00117531358362,181.61255237455421,171.52664392400146,181.39513562118356,171.38265666195713,181.47689460854949,171.8546805410364,181.90376689638788,171.94735268461736,181.74533945546608,171.68857206236805,181.72907974608498,172.07005341074156,182.03726433927923,171.79249376307476,181.57636326643035,171.92773897849619,181.97463574638715,171.66644737735243,181.45628525674553,171.9252314679934,182.12590238539715,171.96194790134129,181.5677525033847,171.60760972738063,181.68856999173445,171.88349307685667,181.98265519866101,172.06420024064059,181.80466874444537,171.88182024705762,181.65852034320864,171.17314043074452,181.37600663943189,172.60509874848623,182.73542162971933,171.63391128430635,181.49571567638961,173.10677331248115,182.77374053154887,170.40059406988743,181.28157064345754,175.300028433954,176.31522188178408,178.05194015413775,176.19632149033811
187.31320487686347,186.32885930768441,186.70974248938367,188.99433725116572,182.84657954972448,192.66079165528191,181.75611042113576,192.4254690823785,181.7891776304146,192.22432926088121,182.07447478971704,192.84561991895811,181.98845480221746,192.13477981483686,181.85711756195036,192.70313997098111,181.97574573099035,192.09816087072534,181.60249177086422,192.24463664717175,181.66136203210499,192.18771031676957,181.84270731583732,192.48568859166272,182.08712433534021,192.64621364057902,181.98595450257363,192.19170614523901,181.61940231662092,192.29930069222266,181.7327190265282,192.01260725315038,181.55973305111104,192.47839958431123,182.19754124346923,192.51102269995343,181.81802865204816,192.33418609321603,181.83289804638844,192.41245070343953,182.02350492954204,192.58426058817668,181.97324543134647,192.3432086436857,181.81876813071327,192.63719109010935,182.38996847320533,192.77967103808641,181.95658621983114,192.24463664717175,181.67626042264169,192.45809219802072,182.21957143972153,192.67381003422102,181.88750718700678,192.15508720112737,181.63501118962631,192.24637019028992,181.68962033024468,192.05824874773165,181.55001242395147,192.16410975159704,181.74459997680108,192.24463664717169,181.70375024591988,192.32290125739516,182.04232446417092,192.44178064019968,181.53986317797202,192.01989626050184,181.92514625626444,192.61359052493682,181.79738877083656,192.03794136144114,181.67304976101838,192.18441713788758,181.39075686207531,191.84079736841326,181.57685141085406,192.30658969957412,181.94782728889228,192.4947111421323,181.84634659628063,192.20801770306014,181.88815802338252,192.4711105769598,181.51206249484872,192.19499932412103,182.71805346894632,193.22585863254409,181.33941649596215,191.7342337149604,182.83466948276632,193.11670444979671,180.17406885148168,191.81232441782953,185.53893100442087,186.50365829615512,188.17375045697051,186.10573620034808
177.3920610001301,176.37345000464944,176.67396540584278,178.63436902945426,172.69442870086061,181.97796557970759,171.62721996511013,181.64877059936356,171.54876860901715,181.38649586194191,171.90143395317867,182.23117052634547,171.98239975655787,181.46174488377162,171.79751225247199,182.17400156047944,172.00619380298087,181.5098440588537,171.69024489216713,181.94865540984659,171.9882529266587,181.77322878087864,171.85384586033271,181.82132795596078,171.90477961277688,181.82456773426969,171.73449079380669,181.56124253784873,171.83673966471434,182.04997341050631,172.00535912227718,181.53881283946194,171.54793045992173,181.90055623476448,172.21404067278604,182.01995429138802,171.96111322063757,182.00403455853757,172.19442696666482,182.25036056691241,172.35886261553409,182.23805099781978,172.15018106502524,181.90922652341391,171.84008532431247,181.92514625626438,172.1697947711464,181.98916516419706,171.77622571655178,181.64658128005394,171.86137186023268,182.08357369718624,172.31461671389465,182.11831296466565,171.92355863819429,181.72546958232712,171.85969903043369,181.92949589868721,171.91854014879706,181.48599351601897,171.32298086288989,181.48309371424051,171.8955807830778,181.97975539688264,172.02915316870013,181.9247467541299,172.04542121522314,181.82166793249132,171.5708898256411,181.61190153817853,172.08214111696273,182.02464391034144,171.71905742798737,181.36841580597815,171.48156334165827,181.39914528707604,171.33841076031757,181.49210397942059,171.96613171003477,182.0206051277637,172.08381047837011,181.90376689638782,171.71822274728359,181.56084303571407,171.91770199970176,182.1106930145263,171.90227210227403,181.9316272256041,172.79751225247205,182.42902685370007,170.94066136542099,180.74115789494499,172.44484690831047,182.35670662984487,170.29499953938168,181.29499007666433,175.3375830163973,176.20449411381006,177.7636296964078,175.8323701684844
188.13040335398065,186.85945909022553,186.98520397704516,188.84283475271903,182.5214247646804,192.45635865490254,181.49812580053293,192.1641097515971,181.61199018046776,191.89372787034591,181.65985254536753,192.57697158082524,181.79534761942014,191.75853692972035,181.51123437389447,192.66652102686956,182.05429405673297,192.1786877662999,181.95442589671765,192.94419191547209,182.26767061480373,192.26997075546248,181.63541069176071,192.23734763982023,181.64038217436308,191.97598830903877,181.38473504096288,191.97598830903877,181.73263038423897,192.44178064019965,181.84955725790394,191.97598830903877,181.36005637717383,192.11117924966436,181.72256978054867,192.15508720112743,181.7077003862085,192.49471114213236,182.17872170884036,192.63719109010933,182.03001489507824,192.48568859166267,181.89981675609934,192.32290125739516,181.75400974411542,192.35049765103716,181.93381654491373,192.30658969957409,181.59086215483265,192.07456030555267,181.68567018995611,192.39613914561838,182.04158498550581,192.48568859166269,181.79599845579583,192.18042130941814,181.72000995530107,192.34320864368573,181.79525897713086,192.02891881097145,181.34959627134916,192.10215669919472,181.96093586225393,192.64621364057905,182.11214297565999,192.5386190935954,182.02967491854756,192.43275808972999,181.68817048960005,192.23335181135081,181.947575954651,192.29027814175299,181.35570673475092,191.75124792236889,181.50157327233876,192.18441713788755,181.6544815606309,192.36854275197641,182.22327024576856,192.71042897833254,181.96664682352119,192.25365919764135,181.53054205294697,192.13477981483692,182.03828568159318,192.69411742051145,181.74573895760034,192.27326393434453,182.59760507381276,192.7690888518529,180.5826402785224,191.00205533101786,182.37490739071697,192.97925122381986,180.25906761715638,191.80330186735983,185.40509358499901,186.36846735552959,188.24738017016415,186.45981517451025
178.0778296099937,176.67418847141764,176.5592018844828,178.28234626131129,172.5003423670758,182.13383319538158,171.82214097959869,181.92258643101673,172.02246531789552,181.6086022342657,171.6723005474534,181.96201531744944,171.86053717952896,181.29134785028765,171.56670601694756,182.22176075903107,172.29584115686873,181.85313842546569,172.19358881756943,182.55018573130246,172.25242993593289,181.48411505655443,171.46780280563806,181.7312095397906,171.75159352103336,181.38504590080811,171.42104939349571,181.55612288735318,171.81963346909589,181.8089588612643,171.81712595859312,181.48630437586402,171.44149778032059,181.45881455258575,171.54625763012265,181.41031587536912,171.58966538266685,181.7901393266354,172.00452097318171,181.77387961725427,171.71236610879103,181.6917806533578,171.81879878839223,181.83684818667686,172.02413467930296,182.03942466239258,172.0683805809424,181.72000995530109,171.52664392400158,181.44545464498299,171.60677157828516,181.73592968815171,172.00786663277989,181.90376689638779,171.79416659287381,181.60604240901816,171.73532547451035,181.86251766337242,172.00619380298085,181.843358152213,171.83506683491524,181.82743841936249,171.98658009685968,182.0010752311554,172.06838058094243,182.03257472032587,172.16812194134741,182.08067389540798,171.98490726706052,181.83934848632077,171.94567985481831,181.73987982844,171.5020117284831,181.4888642011116,171.9218858083953,182.03365417552129,171.96529356093936,181.92440677759936,172.25159525522926,182.16931194152596,171.92606614869709,181.59342198008042,171.5420772898209,181.8234882790741,172.44651626971782,182.31906909379862,171.66895835624689,181.48923470704989,172.38182198125344,182.22718985664946,170.89976112337959,180.8326666261558,172.69275587106162,182.67572183480172,170.60927562039626,181.50947661933816,175.38182891803677,176.25771293938752,178.14265471385633,176.63256002575341
188.14652873290373,186.68579268082459,186.5422730177724,188.64569075969112,182.82781954069955,192.93117353653307,181.7976401050779,192.38885013826692,182.03380234341455,192.34320864368567,181.75821121864513,192.5150185284229,181.89740509874497,191.93936936492713,181.50611472339901,192.59727896711573,182.08727250323344,192.1877103167696,181.87803789408844,192.75607047291388,181.89006701225455,191.79515587383193,181.40710521374564,192.43449163284822,181.91027686192407,192.01260725315043,181.47442342559111,192.29930069222257,181.96994612743393,192.43275808973002,181.84014749058954,192.21704025352972,181.66645115319298,192.3432086436857,181.94106598911486,192.3595202015068,181.79559895366154,192.25365919764135,181.60934171293067,192.02891881097153,181.62776174542526,192.34320864368567,181.88750718700672,192.39613914561843,182.02424440820712,192.6828325846906,182.13167287226833,192.34320864368567,181.56809247991541,192.01260725315041,181.53986317797202,192.30658969957409,182.07706373165024,192.49471114213236,181.71711015352273,192.10215669919472,181.68567018995628,192.44178064019965,182.08101387193852,192.67381003422093,182.21056117454154,192.5476416440651,181.7955989536614,192.24463664717172,181.74499947893543,192.46538120537221,182.23114153014913,192.76335948026531,181.98626536241878,192.21704025352977,181.70482970111556,192.31960807851314,181.69323049400251,192.30658969957409,182.20044104524752,192.82531253266765,182.00104611446991,192.25192565452321,181.80435788460011,192.36854275197646,181.70440108229573,192.10215669919467,181.6061310513073,192.50200014948382,182.5450966102147,192.81802352531619,181.39158498302953,191.80244488118345,182.26264101931974,192.90427979247846,181.15960969516374,191.77085265907209,183.09731472612623,193.55316684419739,180.74270936872625,192.33833625827455,185.81965630374461,186.6004967495509,188.41063893793671,186.72203315564147
177.58980034010861,176.36078605597422,176.36525774086576,178.59277981990823,173.19526511576012,182.39937824051992,171.50284640918684,181.44761496809616,171.86053717952896,181.90666669816622,171.964455411844,181.97034562956827,171.9389920040137,181.46643450272506,171.46696465654261,181.74061930710494,171.77371820604901,181.37418629284906,171.6322384545073,181.95590485404773,171.8375778138097,181.3518161200663,171.62805811420549,182.04741358525871,172.0487668748213,181.53841333732757,171.56921699584205,181.88824666567177,172.14850823522619,182.00113475675917,171.98407258635694,181.92804605804261,172.04876687482127,182.24095079959801,172.48323617145741,182.32634906740722,172.19275413686574,181.79929775970865,171.48323617145738,181.46322384110175,171.88265839615295,182.1002329087018,172.10593516338571,181.79815877890914,171.84175815411152,181.93199619833103,172.0241346793029,181.88750718700663,171.90059927247503,181.75474922278042,171.75661201043059,181.88099722147058,172.16979477114651,181.98265519866092,171.7778985463508,181.6122415147091,171.73281796400764,181.81191818864633,172.00452097318171,182.17147226463933,172.40310851717365,182.08647349896452,171.79583942267288,181.63177141131737,171.70985859828835,181.94356628875875,172.40728885747544,182.32122941691176,171.93815385491834,181.39050552783408,171.42272222329478,181.65818036667801,171.7745528867527,181.85131807888288,172.34259456901108,182.44457761382378,172.24908427633477,181.7887490115948,171.67732250524224,181.61619165499746,171.66644737735245,181.71711015352275,171.90561776187224,182.05099475282006,172.43815212072244,182.07885354882524,171.34259456901103,181.33475740641632,172.37513066205716,182.39428758622074,171.30085617787424,181.39479717786443,173.21153316228327,183.10151466744466,171.00451750479002,182.008698127228,175.85803313741803,176.54488867864356,178.13294952211211,176.42555300582461
187.77799933371017,186.64314914039861,186.85008987434176,189.21508180936615,183.32627116100605,192.83989054737057,181.22033071190592,191.72591381407815,181.55121105084402,192.24237436182051,181.85662941752651,192.4693770338416,181.8518062233066,191.90275042081555,181.28437873652405,192.09486769184326,181.57685141085409,191.80417842430157,181.49241483926565,192.37253858044585,181.74863875937879,191.84981991888287,181.45230458704961,192.37253858044579,181.88099722147066,192.08184931290421,181.56809247991535,192.3432086436857,181.9471764525166,192.3595202015068,181.78948849025974,192.39613914561841,182.03001489507815,192.72674053615364,182.2890499746801,192.69012159204209,182.03942466239261,192.34320864368567,181.56809247991529,192.1550872011274,181.95442589671777,192.64621364057902,182.02640473132024,192.26094820499284,181.64334150174511,192.10215669919464,181.48269421210611,192.07456030555275,181.79383813268268,192.44178064019962,181.97284592921204,192.53861909359537,182.07672375511962,192.39613914561843,181.65053142034236,192.1274908074854,181.65349074772453,192.20801770306008,181.8042692423108,192.50200014948385,182.07021378958348,192.41245070343945,181.786189186347,192.34320864368561,181.8213279559609,192.44906964755108,182.210161672407,192.59328313864631,181.55868271260104,191.68929486996655,181.31451702733924,192.16410975159701,181.70335074378551,192.22432926088123,181.97580525659421,192.67381003422096,182.13127337013395,192.56395320188614,182.00403455853748,192.42373553926035,181.8494686156148,192.5110226999534,182.0738530700267,192.5549306514165,182.10486441477354,192.36351602997621,181.27184694987554,192.02492298250203,182.50970650635961,192.85863829789719,180.96536353156708,191.6266391679768,183.00071687382743,193.44331001186254,180.59079189334065,192.23976426176057,185.90465506941925,186.84154869404188,188.56969467903394,186.60229512248736
177.70634246975322,176.65274841980684,176.88900954388151,179.03838300008601,173.34175988830734,182.42396826201971,171.6042605993909,181.5084232144055,171.65520128861829,181.59342198008034,171.81294214989973,182.0148346408925,172.03166414759454,181.48525403735391,171.41686558480225,181.67410009952852,171.8000232313664,181.51058353751884,171.68940674307177,181.83863800385211,171.75661201043056,181.29563796710661,171.36137012603686,181.65488106276527,171.87763990675572,181.72617994430658,171.85802620063455,181.90376689638788,171.94400702501915,181.73553018601723,171.73532547451035,181.79920911741931,172.02246184950383,181.98586586028438,171.96529356093941,181.81762914991361,171.89976112337965,181.90046759247511,171.94400702501915,181.87479811577956,172.00117531358364,181.9728459292121,171.98992575645775,181.87158745415627,171.91519448919905,181.56303235502386,171.25912125512914,181.20452873803026,171.58715787216414,181.91968662923844,172.23448905961075,182.16857246286105,172.15018106502527,181.83684818667697,171.69275240266981,181.69178065335791,171.83841249451342,181.83033822114081,172.00619380298079,181.97975539688267,171.91854014879715,181.7699294769659,171.96529356093944,182.06799394086642,172.04876687482124,181.81117870998136,171.89558078307786,181.72435959772395,171.46780280563792,181.39044600223025,171.81545312879413,182.00542487357819,172.00786663277984,181.73558971162106,171.74908601053065,181.75474922278042,171.90812527237495,182.16206249732483,172.4782176820602,182.32955972903059,172.23783471920891,182.20621153211874,172.2319815491081,182.03547452210412,172.02748033890106,181.75909886520338,171.39809002777642,181.61656216093562,172.57256265544015,182.28000918009258,171.02078901970475,181.0953118695156,172.92439678728974,182.70395113674496,170.44149431192884,181.44255790962711,175.59051046854563,176.64694615796824,178.29378500917267,176.26944348740705
187.93303822703029,186.86646745109601,187.24887823988271,189.35982404269441,183.13421431671875,192.97508148799614,181.83888933809331,192.39787268873661,181.76464713451861,192.00358470268071,181.6634627091253,192.66652102686953,182.08656214125395,191.99229986685987,181.43669571404413,192.49870697060175,182.08977280287735,192.23335181135087,181.73047006112552,192.40915752455743,181.68567018995623,191.79688941695017,181.30328691344221,192.18441713788755,181.85276791952742,192.3595202015068,181.97614523312492,192.53133008624394,181.90086709460954,192.25365919764135,181.68856999173448,192.25365919764141,181.80861888473368,192.30658969957406,181.71605981501264,192.15508720112746,181.71421035174453,192.44178064019965,182.05247371015017,192.45809219802072,181.84335815221311,192.37080503732767,181.890406988785,192.51102269995337,182.1251629067323,192.44178064019971,181.54927294528656,191.82448581059208,181.3814357370502,192.20072869570865,181.90376689638794,192.45809219802078,181.99206496597532,192.37982758779725,181.69829061889402,192.2007286957087,181.77140843429598,192.49471114213239,182.2072618706288,192.62087953228826,181.78007872294538,192.20801770306008,181.95442589671765,192.73576308662339,182.13673299716007,192.31387870692558,181.65275126905939,192.13877564330627,181.55612288735333,192.26268174811102,182.08215285273792,192.61359052493682,181.91712680399084,192.25365919764135,181.67231028235332,192.10215669919472,181.54597364137388,192.39613914561841,182.27352974396405,192.78869358855601,182.12186360281945,192.52230753577433,181.89080649091952,192.3595202015068,181.93810666173266,192.28298913440153,181.28486688094782,192.05251937614403,182.53068636410157,192.85863829789724,180.944383673825,191.52980071458106,182.83105931900843,193.1949690600201,180.29090708285753,191.94578181533691,185.69556862816759,186.71538030388595,188.45674725789698,186.42088468341188
177.17740493589926,176.35813099102816,177.02426927178882,178.95560408312843,172.85468400942807,182.18014255328879,171.78124073755725,181.91061683845453,171.87680522605197,181.46569502406001,171.73616015521404,182.19643125886614,172.08548677656086,181.39226634881288,171.57005167654572,182.22136125689656,172.35718978573499,181.75617006722868,171.73699830430942,181.85424687685742,171.71153142808734,181.32432629678809,171.48323617145738,181.77791839983212,171.98490726706055,181.91823678859384,172.0913399466618,181.97324543134656,171.83506683491527,181.66941048057507,171.75577732972693,181.69797975904879,171.75661201043062,181.72330925921383,171.7966775717683,181.61264101684355,171.64934465012576,181.77396825954372,171.98574541615596,181.83653732683186,171.84008532431247,181.85316742166191,171.95776756103947,181.95948602160925,172.17899360084542,182.20365170687083,172.1255488695069,181.72617994430652,171.61011723788337,181.55001242395153,171.56754416604295,181.54276297975036,171.81879878839226,181.85350739819236,171.83673966471434,181.59342198008019,171.63140377380364,181.87158745415624,172.27371647185313,182.09983340656731,171.7795713761499,181.59558230319359,171.91854014879706,182.20766137276317,172.29667583757251,181.9783055562381,171.88265839615292,181.76125918831659,171.77288005695368,181.78658868848146,171.92355863819432,181.71711015352281,171.64850650103034,181.66935095497112,171.86471751983083,181.64803112069856,171.51827977500619,181.56519267813707,171.88600405575107,181.88133719800129,171.8980882935806,181.7142103517445,171.65101747992477,181.60894221079633,171.90143395317875,181.74061930710502,171.3392489094129,181.55325361498248,172.64767182032668,182.3942875862208,171.02831501960472,180.92741513567572,172.65185562902019,182.53972409226677,170.50200826009146,181.59197508536909,175.61012417466682,176.4439701801183,178.16197299554773,176.47216904190972
186.9952492351357,186.27504958177028,187.15312723487759,189.28658615447119,182.795640098468,192.47267021272361,181.35305826721387,192.20072869570865,181.83989615634835,192.13477981483683,181.82117978806764,192.66652102686953,181.83659685243566,191.84808637576467,181.67256161659461,192.90757297136051,182.28220003261347,192.08913832025567,181.5239434451216,192.38885013826695,181.75400974411539,191.93034681445752,181.50842321440547,192.29930069222263,181.84369812874354,192.35952020150677,181.98521502390872,192.34320864368567,181.53005390852326,191.97598830903877,181.58731151667862,192.16410975159701,181.70730088407396,192.29027814175299,181.7804782250798,192.03794136144114,181.41321567714749,192.10215669919469,181.71282003670376,192.1713987589485,181.75434972064596,192.35223119415537,181.71750965565724,192.1713987589485,181.93415652144444,192.85290892630962,182.3935786369633,192.56395320188614,181.83397750158403,192.25365919764141,181.57096316500821,192.05651520461348,181.70014008216208,192.27899330593209,181.69829061889405,192.06553775508308,181.52940307214752,192.31387870692549,182.16783298419602,192.69012159204209,181.88389702324898,192.13477981483689,181.68493071129114,192.41644653190886,181.90376689638796,192.42147325390911,182.0937229431656,192.56794903035558,181.77387961725444,192.04523036879263,181.50012343169411,192.00358470268074,181.46674536257021,192.23335181135081,182.07675287180487,192.54764164406507,181.83715904652206,192.20801770306011,181.62060094351332,192.08184931290424,181.64399233812085,192.25365919764133,181.66870011859561,192.13477981483689,181.90012761594457,192.31960807851311,181.22118794954577,191.96296993009969,182.57628523953991,192.9572102944112,180.96570350809773,191.4312287180671,182.65057256514882,193.04346656157347,180.28473709385202,192.00044586038783,185.60550973760121,186.49463574568543,188.56710709369199,187.11273107391537
176.90669590760078,176.21764726237643,176.99834721309938,179.05720253471475,172.94401049341084,181.96855581239308,171.35635163663972,181.6513304246113,171.98491073545225,181.82638808085235,172.02664218980573,182.10708285076848,171.81796410768851,181.47115465108607,171.98323443726153,182.4713860713187,172.2353272087062,181.49648415125091,171.60677157828525,182.0694437815109,172.15268857552803,181.75361024198102,171.77622571655172,181.75869936306881,171.71403893859016,181.72617994430664,172.02162716880011,181.81876813071304,171.57172450634476,181.44795494462682,171.6493446501257,181.6888808515796,171.85886088133822,181.85671805981582,171.83673966471432,181.48880467550779,171.50953772838309,181.72106029381118,171.8955807830778,181.72288064039387,171.88182024705756,181.80318837439316,171.54960328972081,181.41543552586461,171.9168673189981,182.40082808116443,172.52664392400152,182.13238335473724,172.05043970462037,182.03942466239249,172.04207555562502,181.91283668717176,171.92355863819427,181.72941972261555,171.69275240266987,181.72651992083723,171.90059927247501,182.01014502193922,172.31796237349269,182.32088944038117,172.16979477114643,181.78874901159472,171.75661201043062,181.65778086454353,171.50535738808125,181.5579432339359,172.10760799318481,182.19859158197931,171.94400702501909,181.57966257034306,171.73449079380669,181.80324789999705,171.77455288675267,181.87414727940404,172.29584115686879,182.35812900750446,172.34175641991567,182.07706373165007,171.83590498401065,181.56775250338475,171.73365264471124,181.96747494447538,171.98741824595504,181.7753891039919,172.0846486274655,181.93418551764066,171.31963520329177,181.32173747534407,172.4014356873746,182.34692788980354,171.15101574572893,181.12064136968047,172.83507030330699,182.51729439387992,170.30085270948251,181.25408082017935,175.12890146588845,176.02690716172876,178.18305926421903,177.01277275776917
187.60382653577969,186.71310842798553,187.27585861863884,189.467418589678,183.12804432771333,192.75034110132623,181.5849739089866,192.32689708586463,181.89339543285274,192.18042130941819,181.71486118812012,192.46208802649016,181.82101709611567,192.13477981483689,181.93230705817621,192.80900097484655,182.0477840911968,192.07282676243449,181.62921158606974,192.56066002300409,182.06583361775301,192.3156122500437,181.78442836536826,192.27396658393189,181.57420294331703,192.11846825701582,181.86547699075456,192.49471114213233,181.92869689441835,192.3432086436857,181.77106845776538,192.25365919764141,181.81836862857867,192.44178064019965,181.85606722344014,192.24463664717169,181.86902762890855,192.52404107889254,181.83542734222874,192.16410975159701,181.82817789802752,192.37253858044585,181.50512391049284,191.93034681445752,181.84955725790394,192.68283258469063,182.0296153929437,192.29756714910442,181.8152174925591,192.58426058817662,182.27378107820539,192.82531253266762,182.11220250126385,192.24463664717172,181.61289235108487,192.42546908237856,182.02464391034141,192.5110226999534,182.17542240492773,192.83659736848853,182.11541316288731,192.37583175932789,181.93489600010932,192.44178064019965,181.55504343215765,191.97425476592059,181.87053711564607,192.64621364057899,181.92579709264015,192.38711659514874,182.21386047845419,192.78140458120458,181.91672730185635,192.33418609321606,182.01094402620802,192.62087953228826,182.06864477724204,192.59328313864626,181.97694423739372,192.28125559128333,181.83098905751646,192.68283258469063,182.14043180320712,192.45635865490257,182.1558633916338,192.56066002300412,181.26243718256123,191.73822954342987,182.2749505884122,192.89525724200877,181.09846147232409,191.63566171844647,182.91645758681759,193.24789956195281,180.32524684820251,191.80330186735986,185.24666614407701,186.14372696885968,188.25158319683936,186.84177118879552
177.39357811478104,176.45751421224867,176.83451919422393,178.96029370208188,173.11179180187824,182.37546958480323,171.98239628816617,182.01153533697988,171.9039449320731,181.41287570061687,171.39725187868109,181.70554006309516,171.92355863819432,181.72868024395044,171.89976112337968,182.06219433730971,172.06838058094243,181.7192704766361,171.7336526447113,181.71784963218781,171.63140377380361,181.45091427200887,171.6902448921671,181.78442836536814,171.77622571655175,181.62125177988909,171.82047161819128,182.0676539643357,172.33590324981481,182.15956219768108,171.96278605043668,181.71605981501267,171.79918508227109,181.90996600207887,171.98407258635692,181.95954554721322,172.23030871930899,181.98339467732592,171.51037587747854,181.29498713073093,171.73281796400758,181.89910627363074,171.75159352103341,181.57025280302864,171.90561776187221,181.84733740918693,171.60927908878801,181.43570490113788,171.64516430982391,181.86507748862013,172.26162876563194,182.38089868242159,172.25159525522926,181.71893050010542,171.6927524026699,181.91101634058896,171.90059927247506,181.63643203407457,171.92272048909894,182.15444254718565,172.04542121522314,181.80031910202246,172.13224018870315,182.29339961710301,172.0846486274655,181.77538910399198,171.98741824595504,182.05898367568633,171.94066136542108,182.00650574149583,172.46194963553714,182.32733988031342,171.94651453552194,181.68453120915663,171.79333191217015,181.62921158606966,171.5470923108264,181.69178065335788,171.98407258635689,181.87118795202184,171.98574194776432,182.18844233599998,172.25159525522923,182.05966504146966,172.32046988399549,182.12985252568575,171.39976285757547,181.2931681968704,172.3997628575755,182.50245552894719,171.29583768847706,181.141561701819,172.88516937504741,182.84611886828594,170.7695309289638,181.64263408569889,175.42440198987731,176.1752144733567,177.94141467643306,176.40845681215515
187.3896083542972,186.4520297436851,186.94273635025019,189.18072515060578,182.95656783903371,192.85620210519167,181.9959264639744,192.68283258469057,181.97549439674921,191.87741631252479,181.16720052861763,192.14779819377594,181.90601586179054,192.23335181135084,181.7297305824606,192.55892647988597,182.18128153408813,192.43778481173027,181.7608596861821,192.10215669919472,181.27292781779323,191.65267592585491,181.42518526970957,192.40516169608807,182.07416392987182,192.35952020150677,181.75474922278039,192.48568859166272,182.17508242839722,192.54764164406507,181.73882948992986,192.065537755083,181.5811124109876,192.25365919764138,181.82382825560472,192.46538120537215,182.15231275347983,192.30658969957406,181.18786952651462,191.65267592585496,181.60249177086402,192.44178064019962,181.88744766140297,192.26997075546248,181.83113722540963,192.20072869570868,181.45406540802855,191.9759883090388,181.57105180729744,192.1713987589485,181.89611795005234,192.58426058817668,181.91613599108436,192.13477981483689,181.7449399533316,192.44178064019962,181.65275126905951,191.8847053198763,181.66250101290456,192.5566641945347,181.93125671966607,192.25192565452315,181.9663954892799,192.82531253266768,182.32733988031345,192.74305209397474,182.21312099978923,192.57523803770704,181.82703891722798,192.46538120537221,182.14910209185652,192.43275808972993,181.56874331629098,192.09087186337385,181.74468861909034,192.01260725315041,181.17877061904531,191.93034681445758,181.89916591972377,192.51102269995343,181.93190755604172,192.43275808972999,181.87818606198172,192.51831170730489,182.40218940000878,192.79268941702543,181.4487539488957,191.86439793358582,182.37404874035485,193.00285178899242,181.11512068383954,191.57370866604415,182.91571810815259,193.51654790008573,180.74921933426239,192.23247525440917,185.66591848177615,186.50365829615515,188.37373934734407,186.70572159782034
177.16362535691687,176.36078445315971,176.96305936469864,178.99753326920492,172.94066483381272,182.20803187870129,171.90143395317878,182.14438194349555,172.17063292024176,181.54532280499808,171.38098383215805,181.73666916681657,172.02664565819734,181.72256978054881,171.73365264471127,182.03331419899081,172.29584115686879,182.03837432388238,171.98658009685965,181.86942713104295,171.68857206236808,181.43169523524577,171.65519782022659,182.08391367371686,172.37847632165528,182.02316495301142,171.83673966471429,181.86217768684182,172.04709404502225,181.84659793052182,171.67481152634775,181.5116338760289,171.62471245460736,181.67947108426512,171.86220654093634,182.01659546187142,172.27706213145129,181.91027686192402,171.52329826440337,181.49537416664791,171.89892644267596,182.0520742080158,172.09552028696356,181.87158745415621,171.80959995869321,181.62236164400304,171.67481152634781,181.77390873393978,171.88265839615292,181.6943404786056,171.81378029899503,181.80034809821879,171.67230401584499,181.57315260480695,172.00786663277987,182.13241235093344,171.87763990675572,181.49432382813774,171.73449079380666,181.99280444464034,172.02748033890109,181.8205884772957,171.93815385491828,182.09258396236626,172.32381554359358,182.39607893660704,172.41603090409853,182.0734244512069,171.9456798548182,181.96963526758879,172.00535912227716,181.57500194758595,171.35551695593594,181.53665251634888,171.96780453983388,181.7554887014455,171.48239802236199,181.57065230516304,172.11011897207925,182.14438194349552,171.96194790134123,181.62165128202344,171.57005514493736,181.85171758101725,172.48239802236196,182.36682829235002,171.69191772196621,181.42265597386935,172.25744842533015,182.18594062363397,170.96362073114034,181.04431289265514,173.04207902401674,183.03277561115087,170.84258936642348,181.54381638468305,175.27539623843558,176.16000510248574,178.04203469514471,176.52050841895431
187.83827743222085,186.9562975436213,187.56291428507362,189.55696803572224,182.97032724877096,192.56221965876799,181.47319580250237,192.43275808973002,182.1524013957692,192.26997075546248,181.56618349104335,192.388850138267,181.98851432782132,192.26094820499281,181.77348011511995,192.63719109010933,182.15851185917094,192.3504976510371,181.80605905948599,192.56066002300412,181.98123435421272,192.20975124617829,181.72179977247617,192.60456797446716,182.22864123050536,192.39613914561835,181.59086215483251,192.21704025352977,181.91573648895005,192.43275808972999,181.80210891919751,192.26997075546248,181.8242277577391,192.43275808973002,181.98586586028432,192.58426058817665,182.10313271048011,192.47839958431126,181.83863800385208,192.47839958431126,182.10313271048008,192.63719109010935,182.10560389343848,192.48568859166269,181.73197954786315,192.10215669919469,181.67080079561578,192.45080319066929,182.05247371015025,192.43275808972999,181.84986811774914,192.25365919764135,181.55507254884316,192.20801770306014,182.08718386094404,192.71945152880221,181.96707544234107,192.16410975159701,181.60428158803913,192.32689708586463,181.96633596367607,192.45809219802075,181.83724768881126,192.24463664717169,181.79559895366148,192.6005721459978,182.23805099781976,192.5223075357743,181.77461909591941,192.27899330593212,181.80830802488859,192.0858451413736,181.28082809837011,192.02891881097148,182.04852356986177,192.6665210268695,181.88599770026929,192.30658969957406,182.00767383898071,192.47839958431126,181.65735224572379,191.92305780710609,181.34027514632407,192.11846825701582,182.09940478774755,192.6135905249368,181.53088202947757,191.97928148792082,182.30349075020067,192.70713579945055,180.80042612510911,191.44754027588814,182.944997748606,193.48895150644384,180.59369169511893,191.96209337315801,185.4296836064988,186.35944480505989,188.12102099298446,186.21390875120031
177.94635519481702,176.96973964534428,177.35190840970975,179.13029123343136,172.90143742157036,181.95874654294434,171.44233246102428,181.85020809427976,172.25494091482739,181.89651745218674,171.7557738613352,181.91027686192405,172.04458653451948,181.85492824264074,172.04792872572588,182.26767061480356,172.19275413686572,181.64945196514685,171.6272199651101,181.8256180727798,171.82214444799033,181.44110500256005,171.54291197052456,181.86652732926461,172.10928082298383,181.70409022245056,171.46612997583895,181.55217274706484,171.94149951451644,182.05574389737748,172.10593516338571,182.02245459103196,172.15687238422154,182.13062253375824,172.12554886950693,181.88790668914126,171.73449079380666,181.66250101290444,171.92272048909902,182.07740370818064,172.11262648258196,181.97216597615093,172.16310345195021,182.15049240689723,171.97198488013564,181.59592227972422,171.58381221256596,181.76486935207436,172.04709404502222,182.02350492954199,172.02580750910198,181.78908898812523,171.75828484022966,181.88460738522841,172.14348974582902,182.01409516222753,171.90812527237497,181.61579215286301,171.50033889868411,181.57781310707495,171.96529356093936,181.98299517519158,171.8400853243125,181.44801447023065,171.45860397593896,181.72981922474997,172.09301277646085,181.84699743265622,171.56419850644482,181.42879543346731,171.75661201043056,181.79087880530034,171.63056562470825,181.60820273213125,172.12889452910505,182.27128077856133,172.08715613796821,181.76952997483147,171.86137186023268,181.70514056096067,171.52413294510711,181.37597611002431,171.48490900125645,181.49571414317842,171.79500127357758,181.72469957425454,171.42606788289291,181.58148291692581,172.62471245460736,182.48619581956609,171.19358881756935,181.04064320329366,172.75912298932508,182.71987086959564,170.62638181601474,181.61986441078164,175.69192465874966,176.53010792659245,177.78708475380577,175.48038673841185
188.02930328468324,186.90208852089347,187.16311223544855,189.12779464867313,182.74532107466868,192.57124220923762,181.65479242047596,192.62087953228826,182.33254817309825,192.41245070343948,181.61610301270818,192.37982758779725,181.98200436228524,192.3595202015068,181.93915700024291,192.71945152880224,182.11510230304216,192.22432926088126,181.6563019072135,192.25365919764135,181.47189412975106,191.61605698174333,181.23562872506614,192.30658969957409,182.10455355492843,192.26997075546242,181.42953491213228,192.06553775508311,181.89040698878517,192.63719109010938,182.13383319538158,192.59154959552811,182.12772273198007,192.65350264793042,182.02566525265522,192.31387870692555,181.57932259381246,192.12575726436728,181.8484182771046,192.47440375584179,181.80756854622354,192.1989951525905,181.87809741969235,192.64621364057905,182.10273320834565,192.16410975159704,181.28412740228279,191.91403525663642,181.75690954589368,192.54764164406507,182.06475416255739,192.39613914561838,181.84699743265634,192.40516169608802,181.83684818667683,192.29756714910448,181.82348827907416,192.32290125739516,181.73809001126483,192.3504976510371,182.04198448764024,192.51102269995349,181.78908898812531,192.06553775508306,181.43860470291622,192.11846825701582,181.90882702127945,192.26268174811099,181.2682076694322,191.77884431601086,181.89981675609945,192.71216252145078,181.79738877083662,191.93936936492716,181.69837926118319,192.46208802649014,181.7452508131768,192.13477981483689,181.8235769213633,192.29027814175302,181.57195397791452,192.1111792496643,181.69516859955976,192.12749080748546,181.70110177838305,192.22103608199919,181.35329507739627,192.10544987807671,182.67424441068317,193.18195068108105,181.22007796494248,191.49318177046948,182.65702300508119,193.20625389584097,180.36979538513057,192.00773486773926,185.87750522267174,186.93283168320437,188.25917648487396,185.63191919303168
177.31642149060937,176.31742420124985,176.64326910260809,178.61554949482547,172.6731421649404,182.07237411269659,171.87847458745944,182.2293807091703,172.40227383646987,181.86763731386776,171.66979303695058,181.87232693282121,172.02831848799642,181.69724028038388,171.69107957287082,181.87883689835735,172.00535912227713,181.8452076154812,172.0487668748213,182.04056364319183,171.77204537624996,181.3586660621331,171.54960328972081,182.02714420998532,172.33924890941293,181.92224645448607,171.64767182032668,181.67552094397681,172.00619380298079,182.15299270654103,172.21654818328872,182.05460491657794,172.10258950378756,182.11501366075285,172.17732077104634,182.08607399683009,172.08632145726455,182.04198448764029,172.17146760094545,182.03982416452703,171.85635337083551,181.62125177988912,171.74034396390755,181.9225864310167,172.10426233358666,181.69869012102836,171.36053544533317,181.368415805978,171.84008532431247,182.0749034085369,172.10760799318481,181.84591797746083,171.89892644267596,181.79923823410485,171.69944372186615,181.73848951339937,172.08046828716365,182.22253076710362,172.34426739881016,182.29450960170612,172.29249549727064,182.03257472032573,171.94400702501918,181.87192743068681,171.81879878839223,181.70986070932167,171.96194790134129,181.79127830743494,171.36053544533314,181.37023615256089,172.21236784298691,182.36756777101516,171.75493918063151,181.05733141100561,171.31880052258805,181.63359034517813,171.63056562470825,181.61480133995684,172.04542468361484,181.96713496794493,171.81796063929681,181.79889825757411,171.92272395749063,181.71605981501267,171.83924717521705,181.88318654078017,171.62555060370278,181.61582268227059,172.5521108002236,182.42285686469447,171.04542121522317,180.80699714946033,172.64850996942204,182.70540097738962,170.4627808478491,181.21425243161224,175.34343618649808,176.55608826313318,178.08890083233769,175.74894984664897
187.25402558870098,186.38464420859501,186.98702432362785,189.13681719914271,182.75183104020482,192.56221965876796,181.69169201106848,192.58426058817668,182.12056193006819,192.17139875894853,181.53110424703345,192.38885013826686,181.93134536195535,192.04523036879263,181.43490589686917,192.2812555912833,181.91178634866154,192.37583175932784,182.04627460445923,192.75607047291385,182.09082314138738,192.39613914561838,182.00542487357814,192.80900097484655,182.25141090542257,192.3432086436857,181.54060265663713,192.20072869570862,181.92909639655284,192.63719109010935,182.1873919974899,192.5386190935954,181.86217768684182,192.48568859166275,182.15990217421168,192.86193147677923,182.40116805769492,192.77238203073492,182.04957390837194,192.46937703384162,181.93560636208889,192.40516169608802,181.74823925724431,192.15508720112743,181.68203090951289,192.14779819377594,181.48343369077114,192.07456030555275,181.88534686389349,192.531330086244,181.89941725396511,192.20801770306008,181.65059094594619,192.16410975159707,181.64402145480642,192.39613914561835,182.1754819305315,192.76335948026531,182.22642138178827,192.69914414251173,182.05864369915562,192.51328498530461,182.08968416058809,192.68283258469069,181.9739849100115,192.35952020150674,182.03942466239252,192.49870697060175,181.48704385452908,191.95568092274829,182.04562376808346,192.66652102686953,181.51990466254395,191.60703443127366,181.41552416815384,192.26268174811105,181.66926231268201,192.26094820499279,182.09273213025929,192.44178064019962,181.58170372175951,192.11117924966436,181.68541885571489,192.15508720112737,181.83709952091823,192.47111057695977,181.56312099731306,192.01590043203245,182.35409022492672,192.76908885185293,180.73390691753255,191.19746578092756,182.75794150360656,193.49797405691342,180.55284196423781,191.77397193059974,185.38553457170511,186.63711569366248,188.39981476723585,186.14710121997891
177.07373894434471,176.30880161400478,176.96218070639188,178.9946334674267,172.89976459177129,182.09440430894901,171.73448732541499,181.95186607147005,171.98407258635694,181.5072842336061,171.54709231082637,181.8668673057953,171.9627860504367,181.57676276856475,171.69275240266984,182.02134460642867,172.15018106502529,181.83610870801192,171.89976112337956,182.09653410265472,172.19526164736848,182.09184448370118,172.27371647185316,182.22969156901542,172.02413467930288,181.59302247794579,171.50870304767946,181.60968168946135,171.83673966471432,181.96349568750156,172.21069501318783,181.99496476775371,171.78124420594898,181.72256978054884,171.97905409695974,182.10600339557286,172.21487535348967,181.94751642904714,171.7353254745104,181.66861147630613,171.98490726706058,182.06259383944411,171.91854014879718,181.50768373574053,171.5479304599217,181.65127089900741,171.71571176838924,181.63137190918306,171.85468054103637,181.8943571290734,171.92606614869709,181.70409022245045,171.6493446501257,181.58762237652363,171.7728800569536,181.98876566206258,172.23783471920893,181.99487612546432,171.8359015156189,181.7138108496101,171.7778985463508,181.93125671966615,172.29500300777337,182.19174163991269,171.90059927247503,181.75005960382703,172.1305673589041,182.10418304899008,171.69107957287082,181.42444579104446,171.86137186023271,182.02819454849526,171.83757434541801,181.69360099994037,172.06587307043969,182.096933604789,171.964455411844,181.96269668323259,172.21236784298691,181.79954909394982,171.40310504878195,181.37597611002431,171.60593689758156,181.62196214186858,171.94316887592385,181.88602681695463,171.46696812493428,181.37890644121015,172.33423042001573,182.32560805553092,171.08799428706359,181.02438349391238,172.98741824595504,183.09608415710403,170.88098209796215,181.58768496854998,175.54041139680527,176.60609642708718,178.16221724039966,176.00856680552491
187.80119166273019,186.77534212686891,187.16882197954803,189.26298558929858,182.944997748606,192.75034110132626,181.76802048809395,192.47839958431121,181.89700559661043,192.08184931290418,181.64433231465142,192.51501852842296,181.91903579286267,192.17139875894844,181.91712680399064,192.8546424694278,182.194641441691,192.11846825701582,181.42953491213231,192.29027814175299,181.96599598714548,192.46538120537218,182.01014502193917,192.39613914561829,181.62486194364683,192.0289188109715,181.61224151470913,192.16410975159704,181.59012267616743,192.15508720112743,181.84014749058969,192.31561225004376,181.64112165302797,192.06553775508306,181.58657203801351,192.08184931290424,181.5857730337448,192.22432926088121,181.8166383370073,192.31387870692552,181.88059771933635,192.40516169608807,181.71099969012101,192.06553775508306,181.7011904206723,192.38885013826697,181.76125918831659,192.08184931290415,181.68783051306937,192.41644653190886,181.90086709460971,192.1365133579551,181.45199372720438,192.08584514137362,181.82163881580601,192.6005721459978,182.21201113567511,192.41245070343948,181.55214363037942,192.00358470268077,181.59922158363679,192.43778481173024,182.25067142675749,192.52230753577427,181.48525403735383,191.89372787034591,181.78658868848146,192.48742213478093,181.65053142034245,191.87741631252476,181.58441171490017,192.51501852842287,182.16345281236576,192.78869358855604,182.41643695416971,192.74704792244415,181.94856676755739,192.49471114213233,182.03010353736741,192.2007286957087,181.34734730594664,192.01260725315041,181.76060835194082,192.35952020150677,181.9760565908355,192.19343968835724,181.04434047612946,191.75853692972032,182.35448972706104,193.04675974045549,181.39007549629213,191.91333260704906,183.09691522399169,193.41068689622037,180.42079436199103,192.09728431378358,185.93683451165094,186.97673963466741,188.45254423122188,186.03892866912668
177.81267828250859,176.65200475947492,176.7535973684478,178.71646799335073,172.90143742157039,182.24962108824732,171.85886088133825,181.89765643298614,171.88015088565015,181.66506083815221,171.9423341952201,182.15774185109834,171.98407258635689,181.61366235915736,171.9636207311404,182.27492005900481,172.06838058094246,181.32682659643197,171.21404067278601,181.57574142625086,171.93982668471739,181.88429652538335,171.94484517411456,181.6820600261984,171.54793045992182,181.64408098041011,172.002013462679,181.8694271310431,171.6731386965487,181.46677447925563,171.59050353176227,181.5785525857398,171.66812020715145,181.59737212036868,171.63307660360272,181.43533451568899,171.52664392400143,181.91613599108447,172.39725534707279,182.21312099978923,172.00619380298076,181.71349998976504,171.59050353176227,181.62776174542518,172.00452097318174,182.08792333960906,171.93982668471736,181.63322137245117,171.84343098391062,181.9710851082333,171.85300771123735,181.372025969736,171.32298086288992,181.59376195661096,172.00284814338269,182.13713249929447,172.27790028054667,181.95377506034205,171.73114513420856,181.62205078415786,171.73616362360573,181.91863629072827,172.27538930165224,182.00542487357808,171.54793045992176,181.2450384923807,171.56587133624384,181.79417810921325,171.77957137614987,181.44150450469468,171.52079075390063,181.81191818864662,172.21654818328872,182.33279950733959,172.38014915145433,181.99132548731046,171.79583942267294,181.73922899206431,171.77706386564714,181.57790174936426,171.60677157828525,181.82422775773904,172.17481326054366,182.11470280090774,172.08799428706359,181.50336308951401,170.91854014879718,181.28193808297314,172.48741651175919,182.52593568633316,171.56837884674661,181.52539481897747,172.98156507585415,182.45108604614865,170.14766661773908,181.44900834955951,175.80504518915527,176.73549556179711,178.07535123393279,175.77674634810532
187.64464850656645,186.54874521553526,186.81813923015119,188.98531470069608,182.8209100730291,192.67710321310304,181.72643127854781,192.37982758779734,181.77942788656978,192.13477981483689,181.88164805784623,192.6665210268695,181.86837679253296,191.94665837227859,181.61545217633241,192.47839958431129,181.7728292787443,191.80417842430163,181.2964369713755,192.14779819377591,181.77677941903266,192.26997075546248,181.84955725790402,192.29027814175305,181.63822185124971,192.25365919764135,181.95121523509439,192.44178064019962,181.81546882680038,192.25365919764135,181.68172004966783,192.10215669919469,181.62881208393529,192.2993006922226,181.81555746908978,192.14779819377591,181.626651760822,192.46208802649016,182.18597115304158,192.50373369260197,181.74928959575439,192.17539458741794,181.63467121309574,192.26997075546248,181.99166546384095,192.47839958431121,181.67336062086349,192.17139875894853,182.07055376611399,192.73576308662334,181.83610870801192,191.86839376205521,181.34999577348361,192.22606280399935,181.92869689441844,192.48568859166272,182.0011347567592,192.34320864368567,181.69863059542459,192.26268174811099,181.75514872491487,192.33418609321603,182.08027439327353,192.68283258469063,181.89114646745014,192.02891881097148,181.5304534106576,192.37982758779731,181.97540575445998,192.2333518113509,181.56809247991521,192.15508720112737,181.76992947696598,192.37583175932792,181.91138684652708,192.20801770306011,181.45412493363233,191.90275042081558,181.49756360644653,192.24463664717169,181.9507866162744,192.49471114213236,181.93563547877446,192.36854275197643,181.84986811774911,192.01660308161973,180.99038217188698,192.02492298250209,182.69892307447233,193.05404874780692,181.21819950547811,191.72521116449082,182.72255139975147,192.81872617490353,179.95267284113729,191.90187386387382,185.77840707072912,186.60951930002054,188.17375045697048,186.10573620034805
176.88087192269862,176.08415142229961,176.65347304141488,178.79930643591223,172.86053717952896,182.1132238435778,171.81628780949782,181.97719557163498,171.94317234431551,181.62702226676021,171.85886088133827,182.05352404866028,171.88098556635387,181.40892556032847,171.58715787216403,181.85134707507913,171.83841249451342,181.55794323393587,171.77455288675259,181.86646780366092,171.80001976297476,181.64979194167728,171.87763990675569,181.89796729283134,171.87847458745938,181.76085968618202,171.84175815411152,181.80500872097571,171.96194790134129,182.0304143972125,172.04458653451948,181.7319795478632,171.73699830430945,181.84699743265637,171.9202129785962,181.63788187471908,171.6485065010304,181.61974229315149,171.59301104226492,181.35314690950318,171.46278431624086,181.67046081908512,171.93815385491828,181.90632672163562,172.02915316870011,181.7615991648471,171.4840708521611,181.64945196514685,172.33590324981472,182.48906662514801,172.19693447716759,181.72183030188364,171.77037254645083,181.86942713104284,171.90477961277682,181.79269915188306,171.85468054103643,181.65374208196585,171.65603250093025,181.73948032630565,171.85635337083551,181.73229040770835,171.9423341952201,182.15049240689726,172.19275413686574,181.80756854622354,171.77622571655178,182.08067389540781,172.37680349185621,182.10199372968046,171.90645244257593,181.7106001879865,171.66728552644781,181.62526144578115,171.84008532431247,181.74317913235271,171.56587133624382,181.39695596776633,171.71571176838918,182.14719310298446,172.46111148644175,181.96994612743387,171.50703021788033,181.39405616598808,171.75159352103341,181.70588003962561,171.42690256359657,181.76162969425468,172.85551869013179,182.49816541212815,171.14934291592988,181.12388114798944,172.71738806657996,182.34584702188587,170.25577212713938,181.42237705615383,175.37430291813692,176.02369650010533,177.74021861661282,176.25194531071716
187.00121737488428,186.35445562148522,187.2469985632504,189.467418589678,182.93848778307003,192.70469960674495,181.91959798694893,192.86193147677926,182.27247940545408,192.22432926088123,181.59117301467757,192.47839958431123,181.9816048601509,192.17139875894853,181.67006131695069,192.37253858044582,181.75548870144547,192.16410975159701,181.90811653881067,192.56066002300415,181.78692866501206,192.06553775508306,181.71750965565721,192.47839958431126,181.94751642904723,192.32290125739519,181.79855828104354,192.28125559128333,181.73263038423892,192.36854275197641,181.96062500240868,192.39613914561838,181.85887838292913,192.39613914561843,181.7761285826569,192.08184931290418,181.58071290885312,192.07456030555278,181.326826596432,191.68929486996655,181.45412493363236,192.2993006922226,181.80574819964087,192.18042130941816,181.80250842133199,192.32689708586457,181.58361271063137,192.22432926088121,182.18779149962432,192.95148092282355,182.29911057837023,192.60057214599777,182.01128400273862,192.32689708586463,181.55933354897661,192.16410975159704,181.82752706165178,192.25365919764135,181.66966181481635,192.3432086436857,181.93785532749152,192.26997075546248,181.68848134944514,192.37982758779731,181.90962602554831,192.26997075546245,181.80895886126424,192.65749847639984,182.26122017487137,192.60057214599777,182.04917440623748,192.62087953228828,181.93816618733672,192.3504976510371,182.02640473132027,192.62990208275789,181.82527809624929,192.08584514137362,181.72509907638894,192.63892463322756,182.26767061480362,192.29027814175302,181.22010849435011,191.86839376205515,181.96599598714533,192.58599413129485,181.53804283138945,192.0891383202557,182.45259706609735,192.76908885185281,180.91214470598956,191.60303860280425,182.84447875221517,193.0158701679315,180.14907932784737,191.84894336194114,185.370014340989,186.11839286056895,188.11843340764241,186.72434470262829
176.93739221083544,176.38153433032437,177.33140231953149,179.31043801076024,172.9423376636118,182.19137266718579,172.08715613796824,182.58387466027162,172.61095538697873,181.77538910399193,171.46111148644172,181.88824666567186,172.25661374462643,181.96599598714542,171.87847458745944,181.75869936306896,171.61179006768251,181.45992453718895,171.79583942267297,181.92082561003787,171.75410449992788,181.39340532961242,171.62973094400456,181.95155521162494,172.07172624054058,181.89296681403286,172.04124087492136,181.91067636405862,171.69442523246892,181.57059277955923,171.82047161819131,181.99527562759877,172.18857032817218,182.06475416255745,171.94484517411459,181.71895961679098,171.84008532431241,181.84128647138908,171.6894102114635,181.52005283043698,171.89892644267593,181.95840515369167,171.65854347982477,181.33293705983365,171.686899232569,181.99351480661997,172.02748033890103,181.84520761548114,172.0266456581974,182.09008366272238,172.1476700861308,182.1273232298457,172.17648609034273,181.70119042067242,171.37596534276079,181.5019132488695,171.88516937504744,181.84344679450228,171.87429424715762,181.96028502587808,172.13307833779859,181.80179805935242,171.63056562470825,181.632111387848,171.73281796400761,181.63427171096134,171.86053371113729,181.98950514072783,171.94317234431549,181.74715980204886,172.06503492134433,182.36898861546354,172.3392489094129,182.06256484324797,172.25577559553111,182.29300011496861,172.02580750910198,181.50768373574053,171.44066309961693,181.5688319585804,171.77957137614985,181.61008119159575,171.50117704777949,181.6998001056316,172.38349481105243,182.25939982828876,171.56419850644482,181.30652810447316,172.0896671168627,181.97355487846966,170.92522799960167,181.06452274232478,172.79082440166744,182.40042704581882,170.25660680784299,181.42151852628132,175.42523667058092,176.18493510051621,178.0071985608196,176.53889515309626
187.25252132585754,186.54415294222622,187.40338330061033,189.40546553727566,182.69216177469502,192.4726702127237,181.73328122061451,192.86193147677923,182.45879617178846,192.22432926088121,181.31260803846718,192.3268970858646,182.16576130337214,192.47440375584179,181.85921835945965,192.37982758779734,181.64664080565788,191.91003942816704,181.56985330089418,192.34320864368564,181.66867100191007,191.85710892623439,181.5203332813638,192.38885013826689,181.84986811774908,192.31387870692549,182.12411256822216,192.68283258469069,181.75506008262556,191.9140352566364,181.47047328530269,192.40516169608807,182.21337233403059,192.76335948026525,182.09628276841332,192.35952020150677,181.82487859411492,192.46208802649014,181.80324789999696,192.21704025352975,181.98009537341329,192.57697158082524,181.65960121112619,191.92132426398786,181.73848951339937,192.62990208275798,182.02094510429433,192.23335181135081,181.70704954983262,192.33418609321609,181.85162893872803,192.46538120537221,182.03226386048061,192.21704025352972,181.38208657342602,192.06553775508311,181.84560711761563,192.41245070343948,181.91854764843896,192.59154959552811,182.15851185917086,192.46538120537218,181.81762914991373,192.39613914561835,181.81737781567236,192.17139875894853,181.74204015155334,192.31561225004373,181.55473257231245,192.02718526785333,181.99058600864538,192.91486197871194,182.22898120703576,192.42876226126063,182.03331419899084,192.71042897833257,181.97210645054707,192.06154192661367,181.33879618899411,191.92132426398791,181.59805348615194,192.35952020150674,181.95411503687265,192.52733425777456,182.28285086898913,192.60456797446716,181.39084550436473,191.86439793358576,182.15521255525817,192.642920461697,181.01636250842753,191.72521116449082,182.92438839680202,193.03444401110377,180.05433081832757,191.91089641434351,185.81783595716189,186.83425968669042,188.53958570045845,186.45750362752347
176.8475057982632,176.10889495949004,176.83136007612433,178.7229779588869,172.46278778463247,181.68058106886838,171.44400529082341,181.97719557163498,172.31545486298992,181.7192704766361,171.48657836266386,181.77461909591929,172.02329999859924,181.78223904605855,171.90477961277685,182.11615264155225,172.10342765288294,181.75656956936302,171.92606614869703,182.14793258164946,172.04374838542407,181.61110253390959,171.73867113410844,181.87988723686746,171.76786156755645,181.71202103243485,172.24285320860614,182.33748912629267,171.97988877766343,181.37819595874137,171.33674139891016,181.68856999173443,172.15436140532708,182.24490093988635,172.21069501318783,181.83320890623355,171.81628780949779,181.87908823259863,171.81963346909586,181.61755297384195,171.88349307685664,182.05028427035145,171.9757084373615,181.78840903506412,172.09301277646082,182.13491265057723,171.88014741725846,181.51379419914221,171.64934465012576,181.83758766534191,171.98658009685965,181.9410659891148,172.04291370472041,181.80540822311011,171.69609806226802,181.81802865204799,172.10426233358663,182.10520439130406,172.21905569379143,182.3012709014836,172.35551695593594,182.17434294973214,172.23448905961081,182.27964020736576,172.19275413686572,181.83289804638841,171.81712595859321,181.7685086325175,171.62973094400456,181.70591056903314,172.31796237349272,182.40406785947314,172.00619380298085,181.55399309364751,171.77371820604901,182.08141337407295,172.17230228164917,181.98771532355249,172.02831848799644,182.01375518569699,172.16561096245286,182.31108017093234,172.36555393473037,182.07592475085065,172.08381047837008,181.96778580432047,171.65436313952293,181.68604069589418,172.4406630996169,182.30499870372697,171.33590324981478,181.58475322464207,173.36471925402671,182.79224920633254,170.16811847295568,181.12971269367563,175.44234286619943,176.74209416962245,178.42727290798055,176.19330760890614
187.09374623124117,186.23471758833116,186.88042384109741,188.94869575658444,182.48307533344322,192.29357132063504,181.44496650055922,192.41644653190892,182.05148289724397,192.19673286723921,181.68592152419748,192.46208802649016,181.75770855016256,191.89372787034591,181.6063823855487,192.65020946904841,182.10674287423788,192.30658969957406,181.97142508476387,192.89126141353938,182.31542981335517,192.48568859166272,181.89114646745006,192.33591963633427,181.54381331826059,192.15508720112743,182.07095326824845,192.68283258469057,181.90046759247522,192.01260725315038,181.29973627528821,191.9759883090388,181.8176291499137,192.53133008624394,181.87488675806893,192.08184931290424,181.6664511531929,192.47839958431126,181.90632672163562,192.02891881097148,181.42302494659626,192.18441713788755,181.82527809624926,192.45809219802075,182.16280197598988,192.53133008624391,181.62196214186861,191.950654200748,181.5941614587453,192.41418424655768,182.04627460445926,192.52230753577427,181.96639548927985,192.34320864368573,181.73336986290394,192.4417806401996,182.12556240886664,192.71042897833257,182.24885108017489,192.82531253266765,182.22938070917024,192.6647874837513,182.1978521033144,192.82531253266768,182.18813147615478,192.44906964755108,181.84335815221306,192.41644653190892,181.83758766534194,192.56395320188619,182.48221668308139,192.8090009748465,181.59012267616762,191.79515587383199,181.61480133995681,192.51501852842284,181.94856676755734,192.49471114213236,182.30684816699511,193.03374136151643,182.48681765974541,192.86193147677926,182.07425257216119,192.35049765103722,181.89031834649569,192.5516374725344,181.75588820357987,192.2659749269931,182.414898471236,192.83330418960645,181.15892974210263,192.05581255502605,183.55812727717509,193.64045400489047,180.16721890941494,191.41803643177369,185.18585789776782,186.66244980195324,188.6459119775698,186.44593814522165
177.18007475710007,176.27041888441525,176.7416223872772,178.70995802781451,172.69442870086067,182.06296434538223,171.8359015156189,181.98049487554766,171.8818237154492,181.55689289542573,171.92104765929983,182.13025202782021,171.73449079380666,181.12061084027317,171.48239802236196,181.96596545773795,171.88349307685664,181.39911629087973,171.62805811420552,182.04667410659377,172.25577559553108,182.04198448764029,172.00201346267903,181.64732075871905,171.42857539339568,181.53375271457057,171.87178673665485,181.81842815418261,171.86387937073539,181.72975969914617,171.61011723788337,181.42879543346746,171.71069327899195,181.81660780759984,171.65269030972388,181.33913616552476,171.67397684564409,182.06268248173348,172.14767355452253,181.52730227463809,171.2319815491081,181.29026698236993,171.61597040798429,181.83067819767143,172.08632145726455,181.83434788703306,171.66895835624692,181.51783298171989,171.61179006768245,181.71060018798667,171.96194790134132,181.97935589474829,172.02748033890106,181.80210891919776,171.75326635083246,181.76415899009493,171.92523146799343,181.90021625823385,171.97905409695971,181.90021625823391,171.92523146799343,181.88389702324889,172.02413467930293,182.01409516222759,172.02748033890103,181.92184695235181,172.0241346793029,182.00468539491331,172.00619380298076,182.06040452013471,172.35886261553412,182.03726433927932,171.50368455828215,181.37418629284912,171.90227210227417,181.94319578282068,171.58799255286772,181.43746572211683,171.96111322063766,182.22642138178821,172.21905569379143,181.88099722147069,171.70735108778561,181.61190153817856,171.94567985481822,182.04741358525879,171.73114513420856,181.56226388016253,172.34175641991564,182.28355981824666,171.14934291592988,181.28733959711744,173.29584115686873,183.14705401727906,170.67146239835793,181.27142139747824,175.21488229027304,176.41358055506174,178.17187845454086,176.14798211329355
187.89372051908711,186.94056398966882,187.4468762751344,189.40546553727569,182.84407925008074,192.71372215721456,181.97059696380941,192.6665210268695,181.77942788656969,191.93763582180901,181.84005884830026,192.76509302338349,181.79238829203803,191.65267592585496,181.36696584484432,192.34494218680388,181.65559154523393,191.75853692972038,181.37424581845301,192.26094820499287,181.92650757510881,192.37583175932781,181.75480874838422,191.97598830903877,181.36255667681766,192.07456030555272,181.63723103834332,192.00358470268077,181.60638238554876,192.361253744625,181.82206743462572,192.15508720112734,181.79269915188317,192.44178064019965,181.69724028038391,191.9832773163902,181.68493071129109,192.54764164406504,182.04448478728418,192.11846825701585,181.3029469369115,191.88643886299442,181.61184201257475,192.30658969957406,181.82058847729573,192.20801770306014,181.72941972261555,192.33192380786488,181.78874901159469,192.23561409670205,181.79525897713083,192.42147325390914,181.92548623279498,192.25365919764138,181.57170264367312,191.97598830903874,181.45341457165284,191.99229986685992,181.51635402438987,192.07282676243449,181.69940060349714,192.28628231328358,181.77933924428038,192.1550872011274,181.55868271260096,192.26997075546242,182.06765396433573,192.5842605881767,181.83684818667689,192.33019026474656,182.08178388001105,192.61185698181862,181.76446984993999,192.33921281521629,182.29524908037106,192.6828325846906,181.49167536060071,191.74951437925071,181.58157155921498,192.28628231328355,181.62042365893475,191.93034681445749,181.36526466995852,192.04523036879255,182.000986588866,192.62990208275792,181.57395160907581,191.99785533109315,182.4300787254214,192.98254440270193,181.01315184680411,191.43851772541856,182.86792979291559,193.64271629024165,180.89792614802477,192.36367036656532,185.93467418853768,186.91478658226504,188.57648529105106,186.47381518534462
177.91565889158241,177.06414817833345,177.60316303205911,179.32345794183266,172.87847805585099,182.10597439937669,172.00702848368462,182.23077102421107,171.94149951451638,181.50910458018882,171.96194790134138,182.33242900140129,172.00786663277989,181.30075761760196,171.44066309961693,181.79457761134751,171.84008532431244,181.63072107280726,171.85551869013179,181.99206496597523,172.11346116328568,181.91607646548047,171.73281796400758,181.47004466648281,171.64850650103037,181.83502784009409,171.82214444799038,181.42518526970952,171.52329826440342,181.7909383309042,171.94149951451647,181.81697831353793,172.0487668748213,182.13457267404667,172.06670775114338,181.85853840639845,172.00117531358362,182.12797406622124,172.19776915787116,181.9123776594335,171.75493918063154,181.71677017699227,171.95944039083849,181.97074513170259,171.87931273655482,181.71566031287821,171.9473526846173,182.18483217224215,172.31461671389459,182.05790422049077,171.96278605043665,181.83363752505349,171.84008532431247,181.69507995727039,171.64934465012573,181.44545464498287,171.48407085216101,181.53079338718831,171.71571176838921,181.77677941903261,172.02413467930288,181.96383566403219,171.88098556635384,181.50842321440544,171.37847632165528,181.61224151470896,172.13224018870318,182.08431317585115,171.83673966471434,181.76597933667745,172.21404067278598,182.3624786499272,172.19191598777039,182.13204337820656,172.52748207309691,182.39721791740658,171.94066136542105,181.72802940757467,172.00787010117159,181.8980559351206,171.66644737735243,181.47368394692612,171.53082773269506,181.66210151076996,172.19107783867497,182.26551029169028,171.81963693748762,181.7037807753274,172.66728552644787,182.54339390211751,171.07172624054058,180.84102605496014,172.73198328330395,183.01725538043479,171.06837711255076,181.96349875392403,175.90060620925846,176.85168295679719,178.55474787865003,176.71336844917735
187.80119166273022,186.91782207484587,187.49113648841765,189.36155758581262,182.59735373957147,192.32116771427704,181.64143251287302,192.61359052493685,181.98885430435209,192.08184931290421,181.73698002666166,192.59727896711567,181.85640719997079,191.84981991888284,181.34453614645767,192.25765502611077,181.88494736175909,192.45809219802069,182.195380920356,192.79268941702537,182.11680347792802,192.29930069222269,181.51206249484881,192.03291463944092,181.73408022488343,192.4874221347809,181.97978451356821,192.16410975159704,181.49932430693616,192.0858451413736,181.58981181632248,192.12749080748549,181.80645856162036,192.51501852842284,182.03365417552149,192.49471114213233,182.03726433927915,192.69411742051147,182.20800134929394,192.4874221347809,181.69035980890951,192.23734763982026,181.95442589671785,192.62087953228828,182.03291469685632,192.44906964755108,181.99857493151151,192.71042897833254,182.28359034765415,192.64621364057905,181.88173670013569,192.19170614523901,181.63137190918309,192.25365919764138,181.77356875740924,192.20072869570862,181.69613029578073,192.37253858044585,182.00616435224322,192.57697158082522,182.0947732816758,192.56794903035555,181.95732569849602,192.20072869570868,181.42012514481803,192.06553775508308,181.89981675609943,192.38885013826695,181.56263285288938,192.20801770306014,182.26411997664962,192.96050347329322,182.08712433534026,192.40342815296987,182.08943282634667,192.69411742051147,181.97133644247455,192.50373369260197,182.14842072607325,192.49870697060177,181.74704063035182,192.28298913440153,181.75267754195644,192.30658969957409,182.14099399729349,192.77637785920436,181.7652979708943,192.16740293047908,182.43081820408651,192.84232674007609,180.91510403337165,191.48415921999978,182.91315828290496,193.34647155846679,180.30321665195021,191.75766037277864,185.50601208352421,186.84154869404188,188.96563890109746,187.09885404462665
176.9707583352708,176.12672449414006,176.63306516380132,178.54681043853165,172.36137359442856,181.57932259381235,171.45943865664265,181.8607568423935,171.98741824595501,181.4787440718176,171.46278431624077,181.6299510647348,171.67063118604591,181.34669646957099,171.46445714603985,181.71165052649692,171.91937482950078,181.89611795005243,172.15603423512616,182.04337480268097,171.7695343973555,181.34379666779279,171.34259456901106,181.49935342362176,171.75326635083249,181.78658868848154,171.94317234431543,181.77717892116715,171.73197981491222,181.57494242198209,171.55127611951983,181.39479564465319,171.50033889868408,181.61329185321924,171.82047161819131,181.75113905902268,171.86137186023268,181.84054699272406,171.87513239625301,181.52474244939035,171.33924890941293,181.46677447925561,171.92439331889804,182.10884367174739,172.21487535348965,182.03908468586195,172.01995433900112,181.91283668717162,171.94567985481822,181.83067819767132,171.75661201043064,181.58722287438925,171.73030698511315,181.89435712907363,172.05043970462035,181.83974798845526,171.81545312879413,181.80250842133202,171.90059927247501,181.77066895563098,171.77622571655178,181.81151868651193,172.02580750910201,181.86902762890864,171.71403893859008,181.61545217633258,171.83673966471434,181.65488106276538,171.40227036807821,181.50728423360616,172.12889452910505,182.17326208181444,171.8818202470575,181.5832727341008,171.77204537624993,181.75579956129062,171.69525991317261,181.65374208196585,171.8154531287941,181.62841258180097,171.65435967113117,181.74928959575448,171.81461844809044,181.67808076922455,172.00452097318171,182.00977451600116,171.58715787216411,181.38535688114243,172.13474769920583,182.09400327360325,171.10342418449127,181.23452027367424,173.02999131779549,182.50532480131798,169.91937136110909,180.80153905564558,175.04710098180561,176.43240008969053,178.48315133337402,176.64793287846342
187.1776221112672,186.18823588437124,186.58835357763846,188.80621580860742,182.60892382999904,192.436051268612,181.54918430299716,192.39613914561838,181.99357445271295,192.15109137265793,181.51990466254387,192.1917061452391,181.62421110727121,192.00861142468096,181.75144991886771,192.62087953228828,182.0513942549546,192.29357132063504,181.87664757904776,192.44906964755111,181.60135279006465,191.79515587383196,181.41907480630792,192.18944385988777,181.68453120915675,192.10944570654615,181.70631007116771,192.30658969957406,181.81836862857864,192.26268174811102,181.6354106917608,191.92305780710603,181.36221670028695,192.11846825701579,181.80071860415694,192.18771031676965,181.6111025339095,192.09816087072534,181.50589391856545,191.79515587383193,181.23778904817937,192.13477981483692,182.05429405673297,192.65350264793048,182.09909392790226,192.50200014948379,181.86763731386785,192.22432926088121,181.62702226676015,192.26094820499281,181.85822754655342,192.41245070343945,181.99817542937694,192.5842605881767,181.99857493151151,192.26997075546251,181.62776174542512,192.22432926088115,181.77464962532693,192.12575726436731,181.46859482583832,192.13477981483689,181.91573648894993,192.49471114213236,181.87843739622295,192.35952020150683,181.95047575642931,192.29027814175294,181.44505514284853,192.0452303687926,181.92119611597596,192.48568859166269,181.73189090557389,192.1877103167696,181.86442665224442,192.26997075546248,181.48516539506457,191.98327731639026,181.62026096698278,192.13477981483692,181.67182213792955,192.26997075546245,181.67776990937941,192.08913832025567,181.85162893872794,192.44178064019965,181.45381407378721,191.9173284355185,182.21198201898972,192.82201935378561,181.27249778625125,192.01919361091447,183.26947258058905,193.32842645752748,180.12596967639951,191.78299448106935,185.67674909353883,186.89447919597458,188.69622332420519,186.5267456872773
177.40782501783252,176.34314298216435,176.55511975674577,178.74830745905186,173.12973267820036,182.48653732930794,172.00702848368456,182.14324296269618,172.33674139891016,182.12698325331507,172.12972920980877,182.15990217421165,172.0266456581974,181.84446813681606,172.23448905961084,182.55243469670495,172.35970076462951,181.84742746419826,172.002013462679,182.26485945531459,172.13391301850223,181.76887913845567,171.93982668471733,182.06549364122239,171.98658009685965,181.78874901159466,171.93982668471739,181.93199619833106,171.92606614869715,181.78658868848143,171.77037254645089,181.60283174739456,171.71905742798737,182.01088450060416,172.29249549727058,182.02967491854744,171.92104765929992,181.92218692888227,171.98825292665865,181.86467798648576,171.98323443726156,182.19430146516044,172.37764164095154,182.13679252276376,172.0454212152232,182.01989476578416,172.05211253441942,181.85856752308408,171.85635337083551,182.0235644551459,172.29416832706968,182.26918010154128,172.30169432696965,182.10239323181497,171.91686731899807,181.69434047860557,171.77957137614985,182.06114399879954,172.37847632165528,182.11831296466559,171.85969903043357,181.75730904802813,171.9627860504367,182.01739446614022,172.04709404502222,182.02896455656787,172.21404067278596,182.01739446614013,171.79583942267294,181.76671881534244,172.04793219411761,182.03331419899084,171.98156160746245,182.01304482371745,172.25995940422459,182.05503353539788,171.83506683491527,181.82067711958504,172.04877034321302,182.03266336261504,172.10593516338574,182.06154350093402,171.98741824595501,181.85131807888274,172.12972920980877,182.12590238539724,171.75745015952594,181.72694995237916,172.5404044600219,182.4974550501486,171.51204870727756,181.73923052527564,173.52162890299607,183.19632270256812,170.85969556204194,181.95698878838792,176.11096058956633,177.06366919982725,178.51434332828737,176.33315571716156
187.80342360118269,186.64645856169952,186.86214655704779,189.15712458543322,183.2333124686615,193.1102724286217,181.88954833842305,192.51501852842287,182.13506081847049,192.62087953228828,182.22127261460722,192.83833091160668,181.94584425035771,192.11846825701579,181.95507673309345,192.98081085958373,182.16536180123759,192.07282676243454,181.69613029578076,192.8383309116067,182.37873835930833,192.60057214599775,182.1161526415523,192.73073636462308,182.02745506983041,192.35223119415534,181.81339714597638,192.24637019028992,181.60348258377039,192.19170614523904,181.81737781567239,192.34320864368567,181.88238753651135,192.62990208275795,182.24603992068592,192.6045679744671,181.98114571192335,192.73975891509272,182.39579707295835,192.90757297136051,182.38919846513286,192.89855042089084,182.16246199945937,192.38711659514871,181.7926991518832,192.47839958431126,181.96457514269721,192.35223119415534,181.87627707310961,192.60456797446716,182.16641213974776,192.5476416440651,181.93199619833112,192.29027814175294,181.55578291082264,192.10215669919472,181.84699743265639,192.86193147677926,182.71407279925026,193.05005291933747,182.1164926180829,192.3432086436857,181.76776915385273,192.32689708586454,181.71060018798664,192.26997075546248,182.00798469882594,192.56794903035558,181.8596178615941,192.30658969957406,181.94180546777994,192.51501852842284,181.89830726936185,192.54764164406507,182.29234927859287,192.6941174205115,181.86066820010424,192.35223119415531,181.98018401570258,192.46208802649016,181.83243889816109,192.47839958431121,182.10933181617108,192.72674053615367,182.39422947333904,192.73975891509272,181.61372047203915,192.15109137265796,182.45324790247315,192.89525724200885,181.104660578015,191.81476061053507,183.2231632226819,193.65173884071135,180.68377958188151,192.28540575634187,186.03559268706294,187.10290802482334,188.72875042013126,186.48255708933323
177.04304264111002,176.02517651290287,176.35825727148935,178.53882151566557,172.9227239574906,182.17508242839708,171.46027333734639,181.42012514481794,171.63224192289894,181.58361271063137,171.87930926816304,181.91496648087741,171.54709577921804,181.0417225380001,171.52413294510703,182.12149309688155,171.98490726706055,181.18383074393694,171.29751051827614,181.90225740965036,172.14934291592985,181.89577797352183,172.06838058094249,182.07811407016041,171.91937482950081,181.49861394495673,171.38349481105243,181.30038711166392,171.43815212072241,181.72651992083729,172.15519955442241,182.00468539491325,171.87512892786125,181.74855011708948,171.80085791207011,181.64402145480636,171.6714658667496,181.80901838686813,172.04291370472043,181.9978354528464,172.13140203960776,182.08061436980412,171.9440070250192,181.63387220882692,171.71403893859008,181.73737952879611,171.6459989905276,181.42879543346734,171.67481152634778,181.83462833795969,171.86053371113735,181.5524836069099,171.5641985064448,181.4776340872146,171.46612997583898,181.52394344512163,171.87763990675572,182.13093339360347,172.4218840741994,182.25101140328806,172.00619380298082,181.66571167452793,171.69107957287082,181.64547129545088,171.52664392400149,181.41287570061698,171.77455288675273,181.94245630415574,171.92272048909894,181.66571167452796,171.77455288675273,181.7145503282751,171.63223845450727,181.71637067485779,172.14683540542711,182.00573573342331,171.69358708337353,181.46668583696638,171.65185216062849,181.50321492162084,171.35885914714237,181.51123437389452,172.00535912227718,182.19100216124772,172.39725187868098,181.97429576985672,171.33924890941296,181.32528811349809,172.27956964195397,182.16743194885029,170.91602916990266,180.83587728777917,172.71654991748454,182.6478325093893,170.37930753396722,181.16470329539632,175.23282316659518,176.37884128758236,178.06352149831383,175.99872423772368
186.99898543643172,186.10882984465624,186.70646849229561,189.00891526586858,182.87338941994167,192.54191227247742,181.2474501497351,191.84079736841321,181.44341349356662,191.82048998212267,181.47825592739395,192.21704025352972,181.47485345713321,191.62334598909479,181.49747496415722,192.68283258469057,182.10495305706277,191.91003942816704,181.29603746924107,192.20072869570862,181.7124205345693,192.08913832025567,181.81697831353802,192.56395320188616,181.9493367756298,192.03620781832294,181.27582761957166,191.82448581059214,181.47038464301335,192.42147325390908,182.34260877678835,192.63719109010938,181.6816314073784,191.93034681445752,181.39630513139068,191.90275042081561,181.37088698893638,191.80417842430163,181.2371382118038,191.75853692972032,181.51595452225547,192.4124507034395,182.06370382404725,192.4287622612606,181.92184695235167,192.30658969957409,181.41833532764284,191.84808637576464,181.72183030188381,192.51102269995343,181.83249854425409,191.98327731639023,181.45742423754498,192.2170402535298,181.86467798648576,192.41245070343942,181.89947677956874,192.27725976281394,181.7149208342133,192.31387870692558,181.79781880237852,192.22432926088118,181.78908898812531,192.31561225004376,181.59993194561636,191.96696575856913,181.6530912455901,192.40516169608802,181.84625795399128,192.17139875894847,181.71316001323439,192.16410975159707,181.39695596776636,192.03620781832291,182.01270484718685,192.60057214599777,181.74420047466657,192.08913832025564,181.78519837344072,192.21704025352977,181.35240743083824,191.89372787034594,181.73493887524521,192.51831170730492,182.17644374724156,192.34320864368573,181.15432876543852,191.82777898947413,182.40113906149872,192.92059135029956,180.96576303370151,191.29603777744151,182.59300409714848,193.12173117179691,180.17878899984277,191.58585048804147,185.30559593092187,186.47432835939495,188.16712931294475,185.91276027897075
177.21077106033468,176.46253525430635,177.13853710147001,179.27865807066314,173.29333364636605,182.4069981906591,171.82297912869404,181.9164759676151,171.95860571013489,181.61480133995681,171.71738459818832,182.05287321228462,172.14767355452253,181.83835767341438,172.0504397046204,182.40341702309743,172.39892817687183,181.84816694286329,171.7557773297269,181.84418627316728,171.79667757176833,181.63362087458552,171.92188580839522,182.24169027826287,172.40310851717368,182.09554328974826,171.95944039083849,181.81481799042467,171.8008579120702,181.99422528908858,172.39809002777642,182.20405120900529,171.84175815411157,181.51388284143144,171.60593689758156,181.67665992477615,171.77622571655181,181.53699249287928,171.40478134697267,181.30874654046823,171.62805811420549,182.05253323575403,172.37931447075064,182.25943035769626,172.33757607961385,182.15629201045383,171.84343098391062,181.8036184059352,172.29249549727066,182.45768618718535,172.21404067278593,181.7374391748892,171.75577732972695,182.12121276644393,172.50535738808119,182.42470774068471,172.23365437890723,181.76020884980636,171.61179006768245,181.81521749255919,172.08381394676184,182.01344432585185,172.09301277646085,182.02029426791862,171.93982668471736,181.74789928071365,171.86137186023271,181.92588573492932,171.94149951451644,181.80145808282182,171.96445888023572,181.85680670210516,171.64934465012576,181.69329014009546,172.2370000385053,182.39690705756141,172.21404067278598,182.062713011141,172.3768069602479,182.28012835178939,171.90394493207316,181.66836014206496,171.87680522605203,182.08937330074281,172.34510207951385,182.00221421195479,171.43815558911413,181.58444224430784,172.7132042578865,182.67544150436439,171.34092173921198,181.06242206530453,172.75494264902326,182.79915867400302,170.71152795969567,181.64448354896706,175.69527031834775,176.59958646155118,177.94575171938857,175.68567041738129
187.88356327991258,187.01453754669609,187.57852561134877,189.76539686457113,183.35700064210391,193.06463093404042,182.09542411805145,192.94419191547209,182.40341702309755,192.57523803770704,182.00573573342328,192.93516936500251,182.53651496385447,192.78869358855607,182.13562301255683,192.69411742051147,182.01739446614027,192.20072869570868,181.54455279692553,192.24637019028992,181.8723269328213,192.37982758779728,181.91027686192402,192.62087953228828,182.26156015140194,192.80900097484655,182.27202025722644,192.62990208275792,181.8564071999707,192.38711659514877,182.09875395137172,192.7267405361537,182.03581449863469,192.30658969957403,181.76560883073935,192.46208802649011,182.04701408312428,192.52404107889251,181.93418551764063,192.37253858044579,181.86035734025916,192.47839958431126,181.98916516419709,192.46937703384157,181.9960151062638,192.57697158082519,182.01267431777936,192.62087953228831,182.34365911529838,192.89855042089087,182.11575313941793,192.39613914561838,181.88824666567174,192.76335948026522,182.513656646648,192.914861978712,182.07490340853693,192.29027814175299,181.68962033024454,192.47839958431121,182.15990217421171,192.53133008624397,181.80935836339867,192.23734763982026,181.74317913235279,192.29930069222266,181.79343863054817,192.23734763982029,181.66685065532744,192.30658969957403,182.04232446417078,192.56794903035563,181.82527809624929,192.30658969957403,182.0683934430007,192.70313997098111,181.94896626969185,192.50200014948388,182.38675781158199,192.98809986693513,182.09073449909812,192.30658969957412,181.80293704015193,192.62087953228823,182.36889997317408,192.56066002300406,181.32614523064876,191.99958887421141,182.55416640099841,193.08337868456709,181.18098905504033,191.58273121651379,182.80644018082313,193.39437533839924,180.674369814567,192.3839777528558,186.11192116408841,186.96042807684634,188.33280619806777,185.98599816719391
177.42138653840328,176.55394672465738,176.97805127380101,178.98010404961693,172.86304469003173,182.03069626086136,171.85216956214202,182.30562054390629,172.49076217135726,182.14861394743278,172.12303789061241,182.30488106524137,172.4269025635966,182.09579462398975,171.87512892786123,181.65735224572373,171.61095191858706,181.34478748069898,171.23365091051542,181.38819703682771,171.9014339531787,181.96448650040793,171.87847458745944,181.65340210543536,171.77455288675267,181.88454785962472,172.04960155552499,181.94461662726897,171.87763990675572,181.7764394425021,172.00452097318177,182.20726187062888,172.27538930165215,181.91854764843899,171.81796063929687,181.85921835945976,171.96529356093933,181.8907178486302,171.9995024837846,181.93230705817618,171.88349307685658,181.61249284895038,171.56670601694753,181.44900528313684,171.46445714603988,181.48340457408565,171.77120722715455,181.90697755801122,172.0708880914452,181.90947785765508,171.85886088133825,181.80531958082096,171.96194790134129,182.09619412612398,172.27538930165224,181.97935589474827,171.71403893859008,181.54307383959559,171.68940674307177,181.84980859214519,172.07256092124425,181.77131979200664,171.47905236276384,181.25549859820515,171.46612997583892,181.60422206243541,171.69107957287082,181.44215534107028,171.48407085216104,181.72322061692446,172.15101574572898,182.10304406819071,171.94233419522007,181.64689213989911,171.71236610879106,181.62045265513106,171.48155987326655,181.62727360100149,172.25995593583289,182.3818603786425,172.14515910723631,181.67182213792958,171.61513572728066,181.80571908295539,172.14097876693447,181.78507920174386,171.20028013676574,181.28113907870434,172.33506510071933,182.25894068006116,171.0675424318471,180.98779476316494,172.73281796400755,182.61886372878112,170.50618860039327,181.54412724452817,175.62889973169257,176.52060951698871,178.02094842647338,175.97990470309483
187.14053634177654,186.34517086550551,186.95862832300645,189.1001982550311,182.56042515278241,192.11273888542823,181.27067885239072,192.39613914561841,182.17983169344359,192.48169276319328,181.92545711610958,192.59154959552811,182.05935418162449,192.33019026474653,181.67478146531172,192.26094820499287,181.8104683480019,192.09087186337382,181.31846716762766,192.05651520461345,182.04488428941858,192.66252519840012,181.88059771933612,192.01989626050187,181.39991529514862,191.9922998668599,181.56985330089407,192.26094820499276,181.91539651241953,192.4124507034395,181.941006463511,192.63719109010933,182.17548193053165,192.50200014948385,181.88349752111446,192.41245070343948,181.78840903506421,192.12575726436725,181.6393318358528,192.32290125739522,181.82999824461029,192.11846825701579,181.51743347958543,191.94839191539685,181.28918752717439,191.77884431601086,181.50984405885373,192.28628231328358,181.87664757904784,192.36680920885817,181.94032651044984,192.55493065141658,182.0538945545986,192.46538120537218,181.82999824461001,192.17139875894847,181.54492330286382,192.17139875894856,181.82999824461004,192.41245070343945,181.93415652144449,192.26997075546251,181.50768373574039,191.82448581059208,181.33077673672045,192.03794136144111,181.67842074575495,192.1550872011274,181.65960121112622,192.46538120537221,182.31653979795828,192.77967103808632,181.93776668520223,192.24064081870233,181.77828890577015,192.19170614523904,181.36582686404489,192.04523036879255,182.09267260465552,192.82531253266765,182.10881455506191,192.26094820499281,181.56093167800347,192.13477981483692,181.82339963678479,192.18441713788761,181.14815877643304,191.83680153994379,182.36389949437554,192.85863829789713,181.01892233367522,191.53708972193246,182.83682980587955,193.21128061784123,180.22978797670314,191.77397193059977,185.52409213948798,186.65342725148358,188.44333550185416,186.35638869917733
176.73363348981951,176.12607365776429,176.92271251768926,179.00848151945326,172.77622918494345,181.70815953443582,171.31963520329177,181.79062747105925,172.12805984840134,181.86442665224445,171.90394493207322,182.04892307199614,172.12805984840134,181.91508565257422,171.98574541615599,182.19689040709343,172.38098730054975,182.06089266455831,171.83757781380967,181.97515442021844,172.3793144707507,182.32998834785039,172.11262648258193,181.71935911892527,171.60760972738069,181.54646178579745,171.67230401584499,181.90962602554822,172.25326808502831,182.07996353342838,171.9473526846173,181.90922652341379,172.04291370472043,182.04818359333117,172.19609979646387,182.18168103622256,172.103427652883,181.8137676519145,171.84677664350878,181.9982640716664,172.10342765288294,181.82718708512121,171.77873669544624,181.72660856312655,171.73281796400758,181.68461985144612,171.92523146799343,182.03300333914575,172.08715960635993,182.09199265159444,172.37764164095159,182.46564611385512,172.4047813469727,181.97219509283653,171.71153142808734,181.67231028235332,171.90227210227414,182.10859233750608,172.29751398666781,182.09884259366117,172.02329999859927,181.94726509480591,171.98741824595507,181.76745829400761,171.6493446501257,181.68172004966775,171.98574541615602,182.08036303556287,172.15018106502521,182.25292039216018,172.56838231513831,182.42800704459751,172.12889452910503,182.06916345107334,172.3826601303488,182.16940058381533,171.71320425788645,181.55448123807116,171.92021644698792,182.09637141070266,172.15352672462336,181.99792409513577,171.93899200401373,181.76310865158482,171.92941180829521,181.83221668060531,171.43648275931508,181.49293351309694,172.50786836697577,182.50760429612814,171.35886261553406,181.29973780849943,173.04877034321302,182.84620751057506,170.52413294510708,181.44230657538586,175.5683892519217,176.6784747638242,178.32862114349783,176.25105675326515
187.18842526266027,186.4011134313516,187.06903478465838,189.3289344701704,182.96196781996659,192.55493065141644,181.4934942944613,192.33591963633427,181.94146549124929,192.20801770306011,181.70079091853785,192.531330086244,182.08397319932061,192.39613914561843,181.92002660576898,192.71945152880218,182.22648090739199,192.37982758779728,181.6483710972291,192.40516169608807,182.12772273197996,192.6647874837513,182.11501366075288,192.54764164406504,181.89114646745006,192.29027814175302,181.78112906145543,192.47839958431129,182.06839344300076,192.45809219802078,181.82743841936241,192.334186093216,181.82348827907413,192.46538120537221,182.1526527300104,192.76335948026525,182.15700237243337,192.44178064019968,181.79417810921316,192.44178064019962,182.06475416255748,192.46937703384157,181.73592968815154,192.25365919764141,181.9457556080684,192.66652102686953,182.17326208181436,192.53133008624394,181.88824666567186,192.52230753577433,182.21667163794308,192.87824303460033,182.28904997468018,192.48568859166272,181.73302988637334,192.37982758779731,182.04957390837197,192.64621364057896,182.11575313941785,192.46937703384162,181.77717892116709,192.44906964755108,182.25431070720074,192.71945152880227,181.79994859608433,192.20801770306014,182.02680423345467,192.75607047291382,182.01804530251607,192.4124507034395,182.11510230304216,192.76335948026531,182.10230458952577,192.82357898954945,182.6841423224212,192.88726558507003,181.68592152419748,192.01989626050181,181.68683970016306,192.40342815296987,182.02847641214433,192.69012159204209,182.11550180517656,192.46538120537213,182.13738383353575,192.65020946904849,181.483493216375,191.86439793358576,182.24706126299964,192.90427979247846,181.17518945148376,191.67228066255814,182.92256805021933,193.37406795210867,180.51230309320198,192.18683375982789,185.95565404627973,186.94012069055583,188.49606496584013,186.2482161483251
177.20719779824151,176.19684364408948,176.46729567415804,178.60349125997405,172.85468054103637,182.10156511086072,171.65268684133218,181.73658052452726,171.83673966471429,181.59333333779097,171.71320078949472,181.92033746561415,171.9832344372615,181.62767310313603,171.69358708337353,181.85736889619159,171.87680175766036,181.4449665005593,171.4031050487819,181.61644298923889,171.88014741725851,181.91274804488253,172.16728379225196,182.19455279940172,172.13307486940687,181.84906911348043,171.83590151561893,181.75540005915624,171.69609806226805,181.63137190918303,171.87429424715765,181.92619659477461,171.94567985481822,181.92795741575338,172.16895662205107,182.1279740662213,172.02998784940374,181.67617178035252,171.498666068885,181.58392357047654,172.02998784940377,182.0657449754637,171.83590151561896,181.58608389358986,171.92272048909891,182.15765320880899,172.08548330816919,181.65951256883685,171.63056562470823,181.73618102239291,171.92355516980265,181.94782728889223,172.04374838542412,181.86538834846519,171.88014741725848,181.92579709264007,172.00452097318174,181.77999008065601,171.77538756745636,181.70184125704793,171.65185216062847,181.80747990393417,172.39892470848011,182.3790492191535,171.90143395317872,181.59154352061577,172.04542121522317,182.14898292015965,171.73448732541496,181.32673795414257,171.62973094400462,181.97389626772221,172.17146413255372,182.3482906213701,172.66895835624695,182.20066326280335,171.69442176407719,181.72603177641355,172.04542121522323,182.0801857509843,172.25409929734022,182.33055054193684,172.19442696666485,181.93628772787204,172.29081919907983,182.34214962856075,171.71738459818829,181.3151388675187,172.08715613796821,182.11387314674209,171.00368282408641,180.95305549568565,172.73449079380663,182.71037245999196,170.711524491304,181.7969632184392,175.81964040587928,176.58027878249865,178.00739882806849,176.00770120455118
187.76784209453555,186.51771641904671,186.53064740715598,188.73697374885367,182.74202177075611,192.57124220923762,181.56584351451264,192.23734763982031,181.80219756148696,192.16410975159707,181.6769112590174,192.38885013826686,181.87778655984724,192.11846825701582,181.56189337422444,192.25365919764138,181.75079908249194,192.08184931290418,181.60604240901819,192.29027814175296,181.78948849025974,192.26997075546248,181.92909639655284,192.56794903035558,181.93850616386723,192.21704025352975,181.66034068979121,192.16410975159701,181.54202350108551,192.14606465065776,181.93165622180047,192.55666419453473,181.93884614039789,192.37982758779728,181.93600586422326,192.35223119415534,181.62810172195586,191.92305780710603,181.277277460216,191.950654200748,181.84659793052199,192.51275624307169,181.76850863251767,191.95065420074798,181.53986317797217,192.26268174811099,181.63717151273966,191.9140352566364,181.49611364531282,192.22606280399944,181.7825790225892,192.24463664717172,181.75801941000773,192.30658969957403,181.85890749961447,192.4214732539092,181.86183771031136,192.23561409670208,181.7221702784143,192.22606280399938,181.55652238948775,192.26094820499284,182.29772026332952,192.86193147677923,181.80210891919756,192.03620781832291,181.88429652538341,192.54035263671364,181.58031340671866,191.77884431601083,181.49546280893716,192.35223119415539,181.97639656736612,192.60057214599772,182.14950159399092,192.37080503732764,181.67651175688312,192.62990208275792,182.45191570031415,192.8090009748465,182.17391291819015,192.66652102686953,181.85285656181671,192.25192565452315,182.13704385700512,192.80171196749504,181.6704899357706,191.96296993009975,182.21923146319097,192.61029734605478,180.69404799955777,191.28874877009005,182.69216177469499,193.28451850606444,180.63238110288654,192.28540575634187,185.81024653643013,186.54756624761814,188.24738017016432,186.45981517451034
177.62536896167575,176.41650678401018,176.37305238173451,178.44274080398685,172.76163396821943,182.02180375465616,171.6263852844065,181.72370876134832,171.86221000932804,181.60903085308564,171.60844440808435,181.72660856312646,171.9031102513695,181.7197586210597,171.75243167012877,181.82431640002832,171.94735615300905,181.91187499095079,172.12638701860226,182.05583253966662,171.83925064360881,181.52909221230234,171.67564967544311,181.76529797089421,171.73114513420853,181.47303311055035,171.59134168085757,181.72370876134812,171.89725361287685,181.93455602357875,172.1339130185022,181.94430576742371,171.77622571655178,181.57790174936414,171.60760972738066,181.43613351995788,171.42272222329484,181.41370382157109,171.5896688510586,181.53995182026148,171.69191772196615,181.64160979745174,171.61095538697882,181.3532950773963,171.4406630996169,181.48062253128225,171.53082773269503,181.38152437933957,171.58465036166135,181.72700806526092,171.86221000932809,181.68501935358051,171.7311451342085,181.75153856115708,171.8860040557511,181.88719632716169,172.02162716880017,181.98851432782138,172.04960502391671,181.7613478306059,171.52413641349878,181.67776990937938,172.27790028054667,182.27426922262907,171.87931273655477,181.54137266470971,171.83925064360878,181.96136448107382,171.8187987883922,181.56454184176147,171.71069674738371,181.68245952833277,171.71738459818823,181.68535933011103,171.73365611310302,181.53310187819471,171.69191772196621,182.03340284128006,172.25577906392274,181.80765718851276,171.63140377380364,181.60397072819416,171.58632319146039,181.59237164157031,172.07172624054058,182.01887342347041,171.52413641349878,181.46760401293201,172.37931447075061,182.09088125426919,170.73699830430942,180.77268650080083,172.67063465443766,182.64363103485948,170.65268684133216,181.60147349497274,175.39893511365523,176.10258480237837,177.89888558219565,176.45722898968663
187.84574983481289,186.71340751543747,186.87217327562516,189.08388669720998,182.95326853512111,192.66808066263337,181.63748237258454,192.41245070343945,182.03442418359404,192.27725976281394,181.57997343018812,192.31387870692561,182.02501441627959,192.46538120537215,181.85887838292913,192.44906964755108,181.98811482568692,192.60786115334921,182.31034069226735,192.77967103808638,181.85171758101728,191.99958887421136,181.5673530012503,192.30658969957409,181.68058106886838,191.89372787034588,181.40676523721513,192.39613914561841,182.32048993824682,192.89455459242146,182.22213126496911,192.40342815296978,181.67768126709007,192.13477981483692,181.52215362794649,191.93034681445752,181.46353470094672,192.26997075546248,182.07055376611402,192.42147325390911,181.5579432339359,191.86839376205518,181.44366482780779,192.03794136144114,181.47328444479169,191.9759883090388,181.64408098041011,192.21704025352977,181.67802124362061,192.20801770306008,181.77973874641469,192.26997075546248,181.75434972064608,192.30658969957406,181.77032897910024,192.2975671491044,181.98225569652661,192.75207464444446,182.23805099781961,192.35049765103716,181.54202350108542,192.31387870692552,182.15521255525815,192.75936365179589,182.14540328580938,192.49297759901418,181.86473751208953,192.3595202015068,181.87192743068681,192.51102269995343,182.0513942549546,192.35049765103713,181.63643203407455,192.18771031676962,181.77538910399193,192.22432926088123,181.62702226676012,192.06154192661367,181.4993839530292,191.79515587383202,181.15205080383978,191.8041784243016,181.54822260677633,192.28628231328355,182.02276545087705,192.20072869570873,181.07794076280931,191.97025893745115,182.61534515324587,192.92788035765102,180.92411429855153,191.50047077782091,182.84879939844168,193.25518856930427,180.3809659734238,191.87254392711372,185.34758464260233,186.23327641490403,188.20806246222102,186.63248370959712
177.82403730594748,176.84821260794254,177.13985296136656,179.23220054486293,173.3325575902166,182.4766989431736,172.00702848368454,182.31719063433397,172.58715787216406,182.28211139032408,172.08715613796824,182.24737212284492,172.52497109420244,182.34863059790072,172.17313696235286,182.11492501846365,172.18857032817223,182.29433231712767,172.61178659929075,182.56746678299749,172.21320252369063,181.7977301600894,171.95860224174314,182.22062177823167,172.17564794124735,181.70656140540902,171.64683367123132,182.0957946239898,172.65519782022668,182.60806517963715,172.35551695593603,182.04775497451141,172.10760799318479,182.1754224049277,172.13307486940687,181.91854764843896,171.96027507154218,182.21263285536554,172.58966538266679,182.36528980941617,171.92104765929992,181.63674289391969,171.91937482950081,182.02489524458281,171.82130629889494,181.63674289391966,172.01911618990576,182.21732247431888,172.15686891582979,181.91524834452633,171.97821594786433,181.94131732335612,171.99076043716147,181.95763655834114,171.93313536552111,181.77314013858927,171.99076043716147,182.32404057640076,172.45943865664267,182.11097487817517,172.06921526164612,182.203962566716,172.25242993593292,182.30309124806624,172.69442523246894,182.65326455294098,172.20985686409247,181.77530046170259,171.94400702501918,182.35877984388003,172.56837884674664,182.28211139032408,172.10593516338568,182.09545464745912,172.33841076031757,182.3305505419369,172.11011550368752,181.64649263776471,171.60927908878804,181.67401145723932,171.68940674307171,181.64979194167734,171.98825292665876,182.16311283583485,172.20818403429334,181.63532204947131,171.19526164736851,181.85668906361954,173.19191598777036,182.92454955554268,171.52413294510711,181.52425583817802,173.29751398666781,183.07683600365542,170.75242473334538,181.54412724452814,175.38266359874046,176.30211330842272,178.12713686122262,176.49055577605165
188.29665085118913,187.1417222521371,187.30541382110252,189.42750646668435,183.20903330700662,192.95876993017504,181.91166717696467,192.79268941702549,182.49276543119524,192.75607047291376,182.01332515415493,192.79268941702546,182.48335566388076,192.70313997098114,181.81074867843938,192.37253858044585,181.9837941794604,192.71042897833257,182.48286751945702,193.03374136151646,182.12630188753178,192.23734763982026,181.79522844772325,192.78540040967397,182.34439859396346,192.37253858044588,181.54239247381224,192.33591963633421,182.16931194152608,192.65749847639984,181.90086709460954,192.37982758779734,182.0662331198875,192.8546424694278,182.41452796529776,192.7926894170254,182.08215285273798,192.56794903035558,182.15444254718568,192.79268941702543,182.15774185109834,192.56794903035555,182.17110175870124,192.60630151758536,181.65562054143027,192.03291463944089,181.86726680792975,192.74878146556236,182.1895217911956,192.53133008624394,182.05648337604248,192.60456797446719,181.98620583681497,192.33591963633421,181.63325036864745,192.05824874773168,181.69863059542465,192.49870697060175,182.01233434124865,192.38885013826689,182.00360452699559,192.71216252145081,182.06259383944416,192.58652287352785,182.43590732517433,192.97854857423252,181.92076608443401,192.02389208897125,181.64553082105471,192.66652102686956,182.38123865895221,192.75607047291388,182.03260371652215,192.5516374725344,182.25934030268476,192.88397240618795,182.03945365858888,192.20472452417809,181.80827749548092,192.7414924582109,182.26045016679882,192.49870697060177,181.91175581925398,192.57697158082519,182.09693360478906,192.24134346828967,181.28014673258687,192.42147325390911,183.08633594647031,193.25518856930427,181.15815973403022,191.82777898947418,183.22754198179027,193.64444983335986,180.69133988592779,192.14692163683424,185.62250892564737,186.54929979073634,188.45657778990557,186.74234054193198
177.74259647380109,176.45598337184728,176.35890887908613,178.26219452452352,172.48909280994988,181.81376765191456,171.46111148644181,181.6260009244464,171.83925064360872,181.48599351601894,171.40227036807829,181.60357122605961,171.88015088565018,181.3919844851641,171.06670775114335,181.12612858018076,171.48741998015092,181.61884012253441,171.93982668471733,181.85720620423947,171.60928255717971,181.10906986653077,171.19693447716753,181.64226063382739,171.98072692675873,181.4422439833595,171.11262648258196,181.15466874196906,171.52246358369968,181.46211385649835,171.42355690399845,181.36585598073034,171.61179006768245,181.75184942100211,172.02246184950386,181.93239570046555,171.77873669544618,181.37822507542683,171.37847632165531,181.67014995924009,172.00535912227707,181.86186682699673,171.86137186023274,181.52508242592094,171.2106950131878,181.05591056655717,171.42606788289291,181.65496970505453,171.73114513420853,181.59277114370451,171.86221000932809,181.91687546974941,171.8546805410364,181.38507501749359,171.15854521402062,181.09749977610323,171.39641719797734,181.38692436027253,171.29751398666789,181.07473010118596,171.38182198125335,181.58549117009596,171.6510174799248,181.45742423754504,171.66895835624686,181.51891243691554,171.2624669147273,181.05301076477886,171.35133661563415,181.575741426251,171.80253074186916,181.5782417258948,171.43899026981782,181.2740072729888,171.53166241339872,181.50700236995723,171.29082266747153,181.00201178791841,171.38349481105246,181.84122694578514,172.06838058094246,181.59993194561645,171.39809002777639,181.47658374870468,171.82214444799038,181.55726186815272,171.14683540542711,181.31056688705092,172.25828657442548,181.78118717433725,170.39892470848008,180.55524063074475,172.54960675811253,182.41026543195301,170.29499953938168,181.17204138188669,175.02665259498076,175.88803873410069,177.83502597443493,176.42899968774339
187.83121048212396,186.50396237130363,186.46989745034855,188.55943449252888,182.54237562622623,192.47596339160569,181.49309620504886,192.10544987807674,181.61196118427156,191.73822954342987,181.09519269781879,191.96296993009969,181.68755018263198,191.73822954342984,180.92735548958254,191.72191798560874,181.55840238216339,192.03221198985355,181.56547454178587,192.14206882218835,181.53017308022018,191.7016105993182,181.1863905691846,192.08913832025567,181.78951901966735,191.94266254380921,181.22402963844218,191.93763582180895,181.65747141742054,192.11447242854643,181.588672835523,192.15109137265793,181.64806165010606,192.09642732760713,181.68490171509495,192.36281338038884,181.84628848339881,192.05980838349544,181.40383643924059,192.1054498780768,181.79346915995569,192.22033343241182,181.59990294942008,191.93763582180895,181.28159810644263,191.7472520938995,181.382146219519,191.99958887421136,181.48343510349315,192.00687788156279,181.73919999586806,192.4450738190817,181.91425753161991,192.08913832025564,181.33839668685968,191.96296993009969,181.7210908232187,192.15109137265802,181.33114724265857,191.58672704498321,181.18934989656668,191.99958887421133,181.67623142644547,192.04123454032319,181.40423594137508,191.78613332336229,181.2906083716226,191.93537353645777,181.55038292988968,192.10544987807671,181.7391708791825,192.14206882218835,181.35647674282353,191.66499165520665,181.27724846401969,191.75853692972035,181.01460322066004,191.37100920878294,181.11015073444852,191.91003942816695,181.55285411284811,191.87342048405543,181.21180871163887,192.00687788156279,182.10307459759827,192.52733425777456,181.30365741938041,191.71618861402112,182.03476557284651,192.3432086436857,180.46577305095053,191.10392050641383,182.445466793593,192.76908885185287,179.99679287973481,191.66411509826497,185.23182727914408,186.0524439796971,188.04238557709809,186.55924582137393
177.97484900091999,176.95224394954042,177.27098658393371,179.40410706508456,173.66979650534219,183.05193806824369,172.50451923898595,182.4937867735089,172.42356037239014,181.95914604507871,171.85551522174015,182.28615017290184,172.57005514493736,182.14540328580941,172.00368282408638,182.37435960020002,172.67063118604597,182.33527069029799,172.17313696235286,182.34541993627735,172.48490900125648,182.25323125200524,172.25075710613385,182.44062747353539,172.5078683669758,182.30929035375723,172.42021124440038,182.64931441265273,172.65101747992483,182.33751965570056,172.34092173921204,182.51661597403009,172.54040446002179,182.31909962320606,172.34426739881013,182.61352480666315,172.8546805410364,182.70213373609579,172.52831675380057,182.35738952883938,172.31628954369361,182.26949096138631,172.29667583757248,182.27890072870082,172.33757607961385,182.25357122853583,172.25577559553108,182.22534192659268,172.27371647185311,182.27560142478808,172.40227036807826,182.47456773674585,172.54793045992173,182.42106846024151,172.37513066205713,182.51547699323061,172.77789854635083,182.68004401423971,172.44484343991869,182.18375271704656,172.1664491115483,182.29482046155118,172.48741651175919,182.36102880928266,172.17314043074461,182.09841397484121,172.37178500245903,182.52596621574062,172.45320758891407,182.35954985195261,172.62136679500927,182.62438441462206,172.34426739881013,182.09770361286172,172.24824959563111,182.26082067273691,172.13642052900502,181.95297605607311,172.002013462679,181.9287564200223,171.9832344372615,181.99496476775352,172.00870478187531,182.2995406099121,173.04040272582594,183.04869687721265,172.324653692689,182.12010431505198,172.97738126716067,183.02555669635734,171.88516590665569,181.80250995454332,173.29166081656697,182.98393695740384,170.88348960846491,182.11936636959825,176.08632839404797,176.69646617749885,178.23356954082379,176.53760461262368
188.02398105715318,187.11352941365556,187.69061071168636,189.96653668606842,183.7621825897314,193.58006058825197,182.38802895492589,193.04675974045543,182.46351478693816,192.52803690736192,181.80346870483075,192.79841878861308,182.48628446185535,192.7690888518529,182.26218045837004,193.27150012712539,182.84944870160618,192.85863829789716,182.00934448445898,192.85134929054581,182.49239492525709,192.85863829789722,182.27415005093215,193.01014079634385,182.49455524837035,192.9920956954046,182.63771379281735,193.26021529130452,182.3845669590612,192.48239541278068,181.93523585615074,192.80570779596448,182.3425782473808,192.74878146556239,182.26769961099987,193.0743561340974,182.7100921295544,193.16164329479057,182.42976633236509,192.71615834992016,182.01446413495447,192.65420529751782,182.26118964546384,192.8310419042553,182.28685912215929,192.75277729403177,182.14796157784585,192.66322784798749,182.17653085631957,192.67225039845715,182.01230381184129,192.47510640542919,182.04269343689757,192.71615834992022,182.21704061067021,192.7690888518529,182.34692788980348,192.99382923852278,182.47712602878229,192.95721029441117,182.35633765711793,192.85863829789722,182.31795910919541,192.80570779596451,182.14435141408796,192.67953940580858,182.30928882054593,192.85134929054578,182.10020237929436,192.72344735727165,182.60883365449837,193.23488118301375,182.32770885304046,192.77637785920436,182.59331342378226,193.308119071237,182.50890596887953,192.68856195627819,181.9935729195015,192.45879484760815,181.9322765287688,192.57367840194317,182.00514300992927,192.65020946904838,182.6304643486163,193.25518856930432,182.07527238126374,192.62087953228826,183.11129494069709,193.83986028326959,182.07987335792785,192.46538120537218,183.37223900917115,193.59551515989656,180.71268871639674,192.55249445871098,186.2349279717476,186.94585006214345,188.41547517263785,186.34407296982562
176.65243627948541,175.71227177134753,176.12996201485933,178.16729784711052,172.29416832706966,181.53005390852323,171.11262301419035,181.25077844984423,171.43731744001872,180.92411429855161,170.82381380939776,180.98887268514932,171.16644911154825,180.94259385664986,171.27956964195405,181.63029104126531,171.71153142808731,180.95530292787689,170.71403893859016,180.95709274505205,171.31461671389451,181.12959057604553,171.21905569379146,181.31334751713223,171.52162543460426,181.43925553929188,171.63056562470817,181.35823603059097,170.98658009685963,180.59856001137285,170.87345609806221,181.11546066037019,171.24368788930977,180.99970329691195,171.20483837469533,181.25728841538029,171.34342924971466,181.05400157768511,171.00284814338278,180.79536600021748,170.90143395317864,180.991432510397,171.254102765732,181.06992131053562,171.11178833348657,180.98202274308255,171.02246184950383,180.80767556931013,170.92606614869712,180.71400651498598,170.58548504236501,180.38120278360631,170.7336526447113,180.91618348856716,171.09217462736541,180.75701656898042,170.77455288675267,180.85253496608351,171.20985686409247,181.26598782071511,171.40728885747541,181.18024957637547,171.2081840342934,181.08655140536575,171.12972920980866,180.97150311165427,171.09552028696356,180.86879467546456,170.76618873775729,180.87351482382567,171.49076217135726,181.48192420403356,171.2303052509173,181.16285088619478,171.77957137614987,181.82666841129,171.47988704346747,180.88903505454175,170.86137186023274,180.89011450973734,171.13056389051235,181.11222088206131,171.10593516338574,180.86009539061911,171.21905569379143,181.1957988032878,170.78914810347666,180.76025776001131,171.88683873645473,181.98111518251582,170.93647755672751,180.69765969652681,172.2403456981034,181.83897644717129,169.60258430120001,180.58483266425446,174.69777782885049,175.61737403846712,177.21824890005504,175.29650367501628
187.08444734269167,185.91126598118282,186.09408242887258,188.12626527701013,181.92344661458989,191.80174223159611,180.96277612284513,191.79844905271401,181.48318388974116,191.59904277433483,180.97292536882455,191.60303860280425,181.03098210173792,191.36527983719532,181.20845129484439,192.14536200107045,181.58947337300316,191.36527983719526,180.55771181370324,191.3782982161344,181.18611023874715,191.68859222037918,181.28807907578238,191.99385950262374,181.69218168870364,192.12505461477991,181.52104517655451,191.7528075581327,180.97773415947492,191.53708972193252,181.40204662206546,192.1014540496073,181.50947508612691,191.75280755813279,181.26604887953025,191.78716421689313,181.18281093483432,191.3692756656647,180.69666888362059,191.25212982597853,181.03848288018028,191.77085265907201,181.37347734359167,191.66325811208841,181.10722193647391,191.68859222037918,181.27471916817973,191.57370866604413,180.91115542629441,191.1625803799341,180.52917165191496,191.19017677357616,181.12965163486052,191.77085265907201,181.19006037903551,191.25212982597847,180.54509138476536,191.19017677357616,181.02148369213424,191.72521116449073,181.35104764520497,191.77814166642352,181.32571814504013,191.79844905271398,181.21249007742207,191.54611227240215,181.03163293811366,191.41491716024598,180.79502755689816,191.39460977395549,181.26243871577242,191.80747160318367,181.14011174068511,191.76911911595383,181.76456002544043,192.15438455154003,181.08220329615423,191.18115422310646,180.8045259665019,191.68130321302772,181.49710599143035,191.98657049527225,181.31059741645839,191.59002022386522,181.28116960811187,191.73822954342981,180.68799859497122,191.19346995245817,181.6878320462807,192.2406408187023,180.55225218667726,191.08187957700514,182.34451929887155,192.48742213478093,179.43213303218604,190.98087138778561,184.7828957988574,186.00280665664647,188.09286639172495,186.31859750490955
178.41815876677566,177.33723217385412,177.56034918375835,179.47697354624526,173.49160378884434,182.92438839680204,172.66393986684974,183.04014576026012,173.16022151221131,182.8234698982767,172.76702688685279,182.95224719280708,172.82549357598018,182.68056268807095,173.01995433900115,183.47383887347971,173.38433296014784,182.76010182671985,172.4815633416583,182.72394171479215,172.88516937504741,182.91281830637431,173.01911965829746,183.23513281524413,173.40561949606811,183.34219089385655,173.15101921412071,182.98550750295649,172.91770546809346,183.16494391830597,173.43025169158648,183.45652882558846,173.28664232716977,183.06729560700782,172.95070181260715,182.94428738662648,172.8980917619723,182.67044243828784,172.44150124871229,182.50800533147378,172.82130976728666,183.08099549114118,173.12805984840139,182.97899753742036,172.9423376636118,183.15263434921317,173.36137359442858,183.22316322268205,172.87680522605203,182.57128476074143,172.52915490289598,182.93808828093552,173.33841422870921,183.24849272284695,172.94066483381278,182.54635476271082,172.35970076462951,182.55900430833421,172.8425963032069,182.95150771414211,172.95693288033581,182.97248757188416,173.11513746147645,183.11212459486268,172.92105112769161,182.74859126189591,172.77121069554627,182.80283001706525,172.74118211300294,182.65992280685941,172.6894102114635,182.67334224006615,172.6731421649404,182.94104760831763,173.29500647616513,183.04955552757448,172.55044143881622,182.38141735625288,172.58548851075676,182.97973701608529,173.27790028054667,183.2637020937178,173.06838404933416,182.93089836233804,173.08548677656088,182.98732643681703,172.42690603198832,182.44580677012368,173.27204711044584,183.21091176647104,172.07089155983689,182.29135999889789,174.0642037090324,183.71985248879835,171.25995593583286,182.33872122852637,176.45944906181782,177.65664840433055,179.74228508340641,178.13195656429787
188.22804199946137,187.216552260962,187.63049133170389,189.82978610967905,183.6037246194021,193.52383690743719,182.53997542650782,193.34647155846676,182.79810833549308,193.05075556892493,182.52371571712675,193.41970944669004,182.79554851024537,193.11270862132724,182.78710043915163,193.82354872544849,183.1974021577638,193.24789956195286,182.53500394390565,193.31384844282456,182.72928063691,193.14932756543885,182.65946212542079,193.42699845404147,182.92460766842444,193.44331001186256,182.88085813576515,193.51654790008575,182.99803634367157,193.59481251030925,182.99408620338312,193.52383690743721,182.96511742277499,193.3903795099298,182.5361139285088,193.11270862132727,182.86203860113639,193.50925889273432,182.65980210195136,192.91729817141751,182.38854609554593,193.17865750219903,182.72598133299735,193.28451850606447,182.72027037172998,193.47992895597415,183.26028208489709,193.83986028326962,182.85336831248685,192.99053605964073,182.45290498000929,193.51828144320396,183.21002258670146,193.51654790008575,182.66887189273532,193.13301600761775,182.59072306912697,193.29354105653408,182.81211907947167,193.23158800413171,182.51439459210161,193.13301600761778,182.7452003697606,193.25692211242247,182.48255512640063,192.98151350917109,182.59038309259654,193.29354105653408,182.72021084612615,193.05248911204311,182.29339808389182,192.74948411514973,182.25464915052009,193.12173117179694,182.82334919336867,193.16963495172936,182.33458779130328,192.83677127584286,182.37552616447374,193.08008550568508,182.67208255435852,193.30083006388548,182.71882053108558,193.29180751341588,182.89998853023911,193.22429899678028,182.06947136498513,192.85134929054578,183.26250193361412,193.70137616376198,181.89213574714509,192.66652102686956,183.88734972050395,194.0743258699965,180.99702276675609,192.79025322431986,186.5453018842515,187.60375966433199,189.56203575356918,187.75693802265724
175.48862101436913,174.52566670763218,174.87765830579926,177.10394815635087,171.53705533203191,180.82085819233438,170.4294066057077,180.36072559434677,170.49615508999051,180.19214890744553,170.44902031182886,180.61430104692283,170.66560922825701,180.13463996504896,170.341752951524,180.5734513160418,170.64766835193493,180.11260976879666,170.27705866305962,180.41863403887777,170.52162196621259,180.16971920905891,170.40561255928463,180.41172457120717,170.45943518825101,180.24931787331147,170.56586786785206,180.6794299394586,170.90477614438518,180.61322159172715,170.5591765486559,180.4732141832998,170.84593502602161,180.58897154675782,170.22779427202289,180.05541168624526,170.77622224815997,181.00643406728179,170.84091653662449,180.04964119937409,169.95776409264775,180.00407132013214,170.32046641560373,180.25329713028529,170.37847285326356,180.33721644076448,170.87847111906768,180.8610265574321,170.56921352745033,179.87529402560176,170.04374491703231,180.41863403887771,170.7549357122399,180.41644471956812,170.5053539196895,180.49928316212976,170.7336491763196,180.53763259336682,170.5429085021328,180.16104892040946,170.15603076673446,180.07315035295645,170.31126758590472,180.08617028402875,170.15268510713628,180.11038992007957,170.46445367764818,180.38605509451173,170.50200826009137,180.13972908613681,170.06670428275169,179.8452443770758,170.1101120352958,180.19973832817718,170.48406738376934,180.17116904970345,170.18856685978048,180.02249135262664,170.19693100877589,180.03841108547709,170.20818056590164,180.1899885843323,170.50702674948866,180.4739536619648,170.69107610447907,180.13716926088915,169.71236264039933,180.02647202232248,171.27538583326051,181.0212438155292,169.94149257773302,179.89044528359094,171.58966538266685,181.07227178858582,168.87512199107786,179.85320724967897,173.96696985913016,174.8470592161238,176.53908783584853,174.79356198489279
187.13469887704375,185.89064499508569,185.95682072486625,188.28661641857212,182.51596820407696,192.5134393218938,181.49056844241994,192.01901970356016,181.52514501794744,191.93449697951604,181.60453598870291,192.35864364456506,181.68283298020432,191.59487303851111,180.99069609815439,191.81232441782953,181.30911999233976,191.49630104199716,181.11299395655627,191.95480436580658,181.50913664280759,191.81961342518099,181.42447785366338,192.05337636232051,181.44906787516331,191.84720981882293,181.51854641012201,192.21216786811863,181.71421341816708,192.0353312613812,181.43064784266886,192.15021481571631,182.00252813822249,192.33104725092312,181.25084104187039,191.65908837626466,181.72402268761593,192.6250296973468,181.85382132446,191.72104142866704,181.01287446229995,191.6608219193829,181.28478130508097,191.72277497178521,181.08920293932528,191.57856148069001,181.45517833856505,192.14292580836482,181.34419923634954,191.26427164797585,180.73752014771298,191.66082191938284,181.37563919991607,191.8725439271137,181.58546511983303,192.301717314163,181.84987118417155,192.08826176331388,181.32247989994252,191.67713347720397,181.19657187778276,191.77570547371792,181.29715039977759,191.68841831302481,181.2190015761694,191.83765852612029,181.44329738829225,191.89285131340421,181.37924936367395,191.8562323692926,181.36045894573078,191.81232441782953,181.30834998426698,191.90187386387385,181.56303542144641,191.93849280798545,181.20669200707664,191.57127247333855,181.16513191421626,191.75939391589682,181.29169077275148,191.89285131340418,181.62310418909055,192.21216786811868,181.70190384907426,191.68112930567338,180.54944256039954,191.5582540943995,182.31799270502543,192.74790490862065,180.92050708072713,191.46297527676757,182.6892650393392,192.83416117578298,179.75805923802488,191.23579869739214,184.88455530925899,185.93841741153855,187.87571653878405,186.07677693828893
181.47963825842794,180.10074279765857,179.92232917733352,182.01700802342137,176.39103121612749,186.13762117019138,175.60092187657614,185.79142700180125,175.57508057111795,185.61273018560615,175.64684060801468,186.08625168739277,175.77874363222961,185.30633540958692,174.94234113200352,185.41629316948848,175.40144262415799,185.44594331587993,175.44317754690303,185.80117674564636,175.61179700446587,185.53134158368906,175.37681042863963,185.69050850327605,175.57089676242447,185.67023912800269,175.58883763874661,185.78201723448691,175.56587827302727,185.57583059501357,175.36388804171469,185.72740809386858,175.87597401374009,185.89308497899168,175.32131496987421,185.41015370989049,175.65102441670825,186.07684192007835,175.75327328761583,185.58450088366294,175.40478828375612,185.61452000278121,175.42021818118374,185.34937445977755,174.96446581701915,185.06685934327868,175.21488229027307,185.62827941251851,175.39976979435892,185.1583680744896,174.98658703364305,185.38445370378744,175.31796931027608,185.49660231620987,175.60845134486772,186.07249227765553,176.02748727568448,185.86340583640387,175.36054238211653,185.40219378322067,175.33591018659823,185.64925927026053,175.55128305630328,185.56642082769909,175.35719672251844,185.50385176041092,175.36054238211656,185.5729307932352,175.54626456690607,185.82866656892446,175.77957831293335,185.77550726895083,175.37681042863954,185.53134158368917,175.61179700446596,185.73499751460031,175.27706906823465,185.2090270748194,175.19108824385009,185.55485073727138,175.46613691262235,185.67674909353875,175.6919246587496,185.89524530210483,175.73533241129377,185.43511270411727,174.6510244167082,185.14716848999998,176.11096058956633,186.18392899488714,174.73365958149466,185.01080177473793,176.71404934376523,186.63320045170462,173.94401049341087,184.8816555074807,178.67231788941186,179.82805901472994,181.90306249338579,180.28484320900819
182.50969871501235,181.31192333540542,181.41066402251786,183.32086741678472,177.22980523317753,186.95469870525872,176.55855944609155,186.92380913273473,176.47879808988694,186.33913741876935,176.34987250697412,187.10290802482339,176.90814156068379,186.52725886132765,176.097776011728,186.71937613235536,176.81768316798301,187.02967013660012,176.82814327380726,186.97673963466744,176.60569692495292,186.6004967495509,176.28915290295416,186.63711569366251,176.59628715763847,186.81395230039993,176.56154789015898,186.67373463777409,176.40673061299512,186.51996985397625,176.24213318306761,186.51094730350653,176.45014016912381,186.58418519172983,176.22331364843885,186.446731965753,176.44436968225267,186.71035358188567,176.42225084371114,186.66244980195324,176.64117567109716,186.83425968669039,176.47035001879334,186.38877474182007,175.94554767649726,186.13643796150819,176.17626481186684,186.71937613235539,176.64694615796827,186.6990687460648,176.49931879940152,186.78132918475777,176.4924688573349,186.54756624761816,176.37489114729397,186.87816763815346,176.89978213187933,186.99305119248854,176.57095765747351,186.63711569366251,176.40673061299503,186.78861819210917,176.75761440033858,186.85057124451149,176.3908108801445,186.39606374917159,176.19764417174341,186.64613824413212,176.64438633272047,186.9401206905558,176.7988636333541,186.73568769017649,176.15349513694946,186.35944480505989,176.44436968225276,186.65516079460178,176.16975484633065,186.21696485708287,176.19804367387783,186.59320774219944,176.43200058755613,186.60951930002054,176.41943968422223,186.69004619559516,176.67798661940049,186.63884923678066,175.80699010871439,186.00853602823412,176.61436721360221,186.70479811765242,175.31023978378298,185.85130415819978,177.68487770627362,187.71864321866707,175.01489642436016,186.06458580169451,179.85338851489473,180.9940066895725,182.99354459231645,181.27108263416324
183.44037782747171,182.84254359127385,183.81907936168193,185.70007002584271,178.92239181917139,188.54395819512504,178.22386434907963,188.87842796386943,178.12353669941385,187.78217872957356,177.79265316984336,189.04168673164182,178.92406770435446,188.53716758310793,177.92229666199054,188.68943271218805,178.77530619776476,188.96822648643951,178.34429528577738,188.45933484323902,178.1931649904611,188.64332439222778,178.32428410054226,188.53037697109076,178.22218846389669,188.49606496584019,178.11383150766957,188.32359746870003,177.96486973383111,188.17375045697045,177.85070011671451,188.24738017016429,178.0555842935496,188.24738017016421,177.85070011671453,188.17375045697048,177.96486973383105,188.20385943554595,177.84296317919922,188.24996775550628,178.14502350258297,188.45254423122188,178.09254497174942,188.20385943554595,177.71528794128085,187.97117398125485,177.85070011671451,188.569694679034,178.57603441457033,188.80917074534219,178.39243677365545,188.61580299899424,178.21445152638134,188.32359746870006,177.8642497151194,188.24996775550625,178.12373696666276,188.6158029989943,178.48315133337402,188.76306242538189,178.3051660860998,188.57648529105106,178.42146024709106,188.77227115474963,178.25485607674398,188.32780049537513,178.04203469514474,188.40643591126158,178.01538001043576,188.29607607546657,178.15276044009835,188.40643591126153,177.90465426548212,188.16454172760277,178.02291668070222,188.25658889953198,177.77136663392312,188.16454172760277,178.15620431226125,188.44995664587984,177.99966189055314,188.13022972235217,177.71745646275855,188.21065004756306,178.39026825217775,188.64574250957835,177.71528794128082,187.69254967499486,177.92229666199057,188.20610808490514,176.98004818443201,187.77055188285519,179.46003567800881,189.48840604037539,176.73062268152765,188.10840199307509,181.95337250274159,182.83707643656118,184.215981472902,181.9123456173545
180.39298980314797,180.41825988348072,182.26125354184254,184.26639054397594,177.17996161051582,186.51800378328866,176.3305975926948,187.00173494474984,176.26175706105209,185.66967743397393,175.87898620456949,187.263952925881,177.30655128651759,186.64648372043141,176.03765384745375,186.65522562442004,176.77708067893195,186.58841809319867,175.79427534226153,185.91044873198388,176.15739188060795,186.95637409664963,176.97384314803901,186.77496365757412,176.20400791669306,186.24821614832507,176.05475004112327,186.30345819724462,176.05647338208266,186.10573620034805,175.97221827673982,186.45981517451034,176.49271191749799,186.45981517451031,175.97221827673982,186.10573620034805,176.05647338208269,186.25052769531192,175.93501200796908,185.94937922308233,175.73997287982144,186.03892866912668,176.04534027380882,186.25052769531189,175.94614511624292,186.01618675430373,175.97221827673991,186.60229512248736,176.72277821649175,186.70815612635275,176.21169434304809,186.30114665025778,176.16680164792228,186.30345819724459,175.94442177528353,185.94937922308233,175.73056311250701,186.30114665025778,176.64793287846339,187.0093045985823,176.60304018333764,186.47381518534459,176.25831037913326,186.69184456853168,176.54701437993808,186.6854142115298,176.52050841895431,186.34007714135623,175.58130523693717,185.64823075085278,175.77717914859218,186.3400771413562,176.32463450729929,186.4231962303987,176.14970545425294,186.14235514445966,175.86957643725515,186.42319623039873,176.60476352429703,186.5493646205546,175.97049493578044,185.89644872114965,175.58475191885597,186.12204775816915,176.57308754043501,186.76739400374169,175.94614511624295,185.76153842700506,176.03765384745384,186.38300346092407,175.51977210510719,186.17611755693252,177.67862183521314,187.40285904849495,174.81065817856216,186.31111787929709,180.34086901240775,180.88038471588936,181.48242154778677,178.54974898861533
