183.91002592893003,182.55794793164856,182.13154968408924,184.32705358451469,178.42190958580471,187.73965122708967,177.27126586975723,187.98079793888843,177.92496741142477,188.40627468779192,178.23376853280175,188.114148766032,177.56505735303483,187.9807979388884,177.63117592814717,187.60630039994612,177.45940692276019,188.19278418191846,177.91544647701636,187.77896893503294,177.56574273551558,188.19278418191846,177.80911066426097,187.60630039994609,177.2814721866464,187.9807979388884,177.91476109453561,188.114148766032,177.88406479130097,187.9807979388884,177.31216848988103,187.35349218612942,177.2065180596064,187.68493581583257,177.46009230524095,187.56547842915947,177.23721436284103,187.39280989407266,177.06948594361637,187.47294957280258,177.41850430263639,187.86134055221544,177.80842528178022,188.15346647397536,177.77841436102634,187.64561810788939,177.10018224685101,187.39280989407266,177.2065180596064,187.56547842915947,177.49078860847558,187.85760435091939,177.56642811799634,187.64561810788933,177.31216848988103,187.68867201712848,177.52415473291103,187.68867201712845,177.31216848988103,187.30028103771559,176.78521539474718,187.18082365104249,177.34286479311567,187.72798972507167,177.2814721866464,187.43363186485928,177.41850430263642,187.72798972507172,177.20583267712564,187.60630039994615,177.88475017378173,188.19278418191854,177.49010322599483,187.35349218612942,177.02858332349257,187.30028103771568,177.06880056113562,187.68867201712857,177.76752266165644,187.68867201712857,177.06880056113562,187.30028103771562,177.0285833234926,187.35349218612927,177.49010322599486,187.59463889792798,176.53164114911263,186.76700840415694,177.70277485150561,188.43393089371716,177.17513637389101,187.32583598020412,178.62437489442635,188.63575989757271,175.96858039962029,187.21804009554896,180.93046564773158,181.75374793772909,183.37233989972555,181.4694081852476
182.55794793164901,181.35268410371165,181.10169206931786,183.46230306193078,177.67157889481211,186.80944264139688,176.21300237015086,186.71891156345737,176.66921891660735,187.12360949256552,177.03625150648489,186.84593860396294,176.38164367521696,186.80846100950168,176.61090587738099,186.5765545970259,176.49852542633016,187.10887381292719,176.83304554805738,186.5765545970259,176.36863396552965,186.96639386495016,176.7328707098641,186.5236240950932,176.25682256069294,186.75553050756898,176.61598895875088,186.75638915791862,176.69157795711126,186.898010455546,176.4112998613264,186.40388606193909,176.30752508076017,186.74994035994584,176.60525374979699,186.70429886536459,176.45259261407921,186.56181891738757,176.28293924092725,186.53907700256465,176.40114643367997,186.67327006887609,176.62614238639728,186.95094095747868,176.68872167507035,186.59200750449736,176.20735024256686,186.50888841545486,176.40844357928549,186.70429886536459,176.64940278459068,186.94535080985557,176.70542858799027,186.68155695054168,176.30097159548669,186.47785961896639,176.28426468256677,186.5307901208991,176.42070962864079,186.48614650063197,176.05138980293646,186.2614061139621,176.34512063028041,186.68872297634758,176.37656059384707,186.5236240950932,176.52088446683408,186.68872297634758,176.20079675729338,186.5236240950932,176.78889651326364,186.96639386495013,176.31260816213009,186.26140611396207,176.17615048096266,186.43321599869927,176.17621091746045,186.53079012089907,176.52876339374708,186.53079012089907,176.17621091746045,186.48614650063197,176.29588851411677,186.50974706580453,176.66241249427799,186.74079482793064,175.74425136658527,185.87156684603784,176.75243390482487,187.35623313287439,176.15664772249968,186.27712342549563,177.59804208166275,187.48227854148476,174.86243351836447,186.13648375976345,179.98897709558747,180.87308173538548,182.51958887853709,180.60432594322762
182.13154968408847,181.10169206931786,181.06845452375876,183.65039930189951,177.96054722534103,186.93205891120758,176.09821587745859,186.41882634329588,176.30631378108265,186.79407135409826,176.73840403163339,186.52457616867173,176.09763223057382,186.62140281901148,176.55647922051764,186.5868330195236,176.52904062167505,187.05862403418476,176.7131779318716,186.3748467764936,176.10147358185063,186.73630952531505,176.62029485067532,186.46709498636949,176.1943566630469,186.5016647858574,176.18888645957406,186.32199969295613,176.39756801008289,186.82397929472705,176.50612523355878,186.52449275027644,176.43837003955957,186.91830440932102,176.80375030142233,186.96171396544972,176.72885207415121,186.85138569961001,176.5541685088721,186.68365966986326,176.34942652220485,186.46223589942457,176.34558517092802,186.73173108485111,176.55810807271368,186.5914114599874,176.34548695836327,186.73164766645587,176.66666529618956,186.96171396544972,176.86593707938397,187.14837070831481,176.89663338261863,186.793987935703,176.25654344100855,186.23216960043078,175.91801813110359,186.35190763358491,176.52741176947902,186.77590787973924,176.3761832615979,186.41416448443678,176.31873021897019,186.67880058291851,176.46522499151737,186.67908122939946,176.62029485067532,186.67880058291846,176.16366035981227,186.46709498636937,176.65099115390993,186.73630952531499,176.07077727861599,186.20217824140667,176.35326787348166,186.6561698465851,176.27945882912482,186.35190763358486,176.16597107145782,186.35190763358489,176.27945882912482,186.77590787973921,176.62413620195213,186.76396881658468,176.86209572810716,186.97820370897387,175.98951646381491,186.0527017356153,176.79828009794949,187.30975851716653,176.10147358185063,186.24828165351639,177.52972248112457,187.31683849337617,174.66775447910385,186.05695814394156,180.05085446159478,181.02260900965373,182.71949264200569,180.77514795317512
184.32705358451483,183.40937255999816,183.53066126874603,186.35874215547281,180.72656435189813,189.76539686457141,178.63917628689393,188.95113194929027,178.60781037298989,189.29804489764672,179.17563736190692,189.10992345508839,178.52281160731513,189.1392533918486,178.90142202811936,189.07330451097681,178.89868491829301,189.61233473036089,179.16292829067979,188.93811357035125,178.48742150346013,189.28173333982559,179.07463022109232,189.12623501290952,178.75296654859829,189.13925339184857,178.57901887696033,188.83225256648583,178.83185485087137,189.52278528431657,179.11943009226175,189.16285395702113,178.79100511999033,189.3346638417583,179.075281057468,189.44052484562371,179.12272939617444,189.38759434369101,178.9555430243139,189.24511439571398,178.80041488730473,189.05699295315571,178.77829604876322,189.24511439571398,178.88541365297954,189.10992345508842,178.81303531624255,189.38759434369101,179.17298889436989,189.49345534755642,179.14475959242665,189.53007429166803,179.1635791270555,189.29804489764669,178.71211681771726,188.86158250324598,178.42454157632687,189.05699295315571,179.15416935974108,189.57571578624928,179.00910182642204,189.16285395702113,178.90133338583004,189.42421328780262,179.075281057468,189.4039059015121,179.13213916348886,189.28173333982559,178.61440898081537,189.0203740090441,178.973711722567,189.08632288991586,178.23853566983749,188.63684211657613,178.82253372584626,189.38030533633955,178.89868491829301,189.05699295315574,178.68002601777496,189.05699295315571,178.89868491829301,189.52278528431657,179.14484823471599,189.41119490886356,179.4196257625899,189.78414461509806,178.69008662146504,188.81923418754678,179.30864666037451,189.85009349596982,178.42519241270259,188.75328530667505,179.94941418011484,189.90875336949009,177.14374601551123,188.77844550761151,182.74228463120195,183.73945861760058,185.49133614613675,183.54540483497345
178.42190958580383,177.55184086165789,177.6896788968703,180.51457810886743,175.15017759663343,183.95909469085737,173.1910813070665,183.12817790297967,173.0454177468313,183.43457267899893,173.69191772196604,183.34232446912296,173.0454177468313,183.19509661269072,173.15018106502509,182.96250101785668,173.12889106071319,183.61906909875071,173.60844440808415,183.11697831849014,173.00368282408621,183.44182212320001,173.5249710942023,183.29422529404081,173.29583768847692,183.40708285572069,173.17062945184995,183.07282928369642,173.35802446643856,183.70406786442547,173.58799255286763,183.17448726088674,172.96194790134112,183.05258890461931,173.08715613796809,183.15640720492291,173.21320252369043,183.14699743760849,173.06586960204785,183.13758767029412,173.19191598777019,183.23199620328327,173.29583768847692,183.32424441315919,173.19191598777019,183.08007872789753,173.1280563800095,183.35898368063852,173.42188407419926,183.27614523807702,173.14934291592974,183.17232693777345,173.17062945184995,183.14699743760852,173.10844267388833,183.11225817012919,173.10844267388833,183.34232446912299,173.62889279490904,183.63714915471448,173.35802446643856,183.28481552672645,173.44149778032042,183.63714915471448,173.54541948102715,183.46206250227712,173.46278431624066,183.31483464584477,173.00368282408621,183.05474922773263,173.27538930165207,182.99976958117617,172.4619461671453,182.55518774331225,173.08799428706345,183.40708285572063,173.37847285326342,183.34232446912304,173.35886261553392,183.34232446912296,173.37847285326342,183.5174111215604,173.33757607961368,183.31230535000461,173.73281449561577,183.87915451686285,173.19191598777019,182.95997172201658,173.69107957287065,183.814765102992,172.67062771765413,182.69263685970336,174.23365437890695,183.99454137438275,171.73281102722407,183.02797283285665,177.14934985271307,178.06702417260462,179.76929632500998,177.94118013706469
187.73965122708992,186.66696269341989,186.60974440233861,189.43479547403612,183.78184771530738,193.20467468931227,182.08659267066213,192.57853121658937,181.9325889218257,192.77394166649916,182.52864521268594,192.73732272238749,181.94199868914012,192.52560071465672,181.86519666031771,192.12905044324961,181.81831051569762,192.9457515512363,182.50652637414441,192.56551283765035,182.00826656247543,192.99868205316901,182.52855657039663,192.74461172973898,182.20689289790261,192.90913260712469,182.21960196912974,192.60213178176195,182.28578120017571,193.05161255510171,182.37077996585046,192.45965183378493,181.72004048470933,192.30086032798678,181.82706944663636,192.40672133185222,181.95951655101757,192.40672133185222,181.82706944663633,192.49627077789654,182.16209302673317,192.73732272238752,182.216302665217,192.68439222045481,182.04235499357907,192.49627077789654,182.03905568966633,192.73732272238752,182.24709179240796,192.54920127982925,181.86180871411565,192.35379082991952,181.80503925038411,192.35379082991952,181.9540569239916,192.6314617185221,182.18486270165039,192.79025322432022,182.40551923332981,192.86349111254344,182.07379495714568,192.60213178176195,182.33934000228382,192.96206310905737,182.20689289790263,192.54920127982925,182.08650402837281,192.57853121658937,181.84042935423915,192.45965183378493,182.25039109632067,192.52560071465666,181.46455604326127,191.98657049527262,181.89663662388432,192.66808066263368,182.14062502456733,192.73732272238752,182.33001887725874,192.73732272238749,182.14062502456733,192.66808066263371,181.89663662388435,192.37739139509208,182.3486611273089,193.08094249186186,181.94143649505378,192.25851201228761,182.55999653396324,193.09396087080088,181.23448974426748,191.71948179290357,182.91318881231322,193.33171963640979,180.55352333002179,192.33260688668742,186.03127357404841,186.92536876849863,188.73732594147367,186.9250132593838
177.27126586975618,176.10267410431061,175.84863408490801,178.35160104550212,172.98239975655767,182.00159390498601,171.69526684995586,181.62898936851332,171.54625763012254,181.67239892464204,171.98574888454749,181.68180869195646,171.56754416604278,181.53458083552417,171.44401222760655,181.08999899766022,171.38014915145416,181.90499451947605,172.06838404933396,181.58231103787949,171.69359055176511,182.10973131830499,172.23449252800233,181.81021701376005,171.81796410768837,181.94189411006869,171.92272395749046,181.70929851523468,171.90143742157025,181.96722361023356,171.88015088565001,181.46982244892644,171.40227383646979,181.41700312548335,171.56838231513814,181.55266089148793,171.69275587106142,181.56207065880233,171.58966885105838,181.68180869195643,171.96362419953186,181.88438516767206,171.83925064360861,181.67239892464207,171.69275587106139,181.64706942447714,171.79835040156721,181.84964590019271,171.94233766361165,181.66298915732764,171.56838231513814,181.41700312548332,171.40227383646979,181.35008441577236,171.60928255717954,181.76464713451796,171.92272395749049,181.80154672511057,171.90143742157025,181.76464713451796,171.63056909309978,181.58956048208057,171.92272395749046,181.83156584422898,171.56838231513814,181.29257547337579,171.50536085647281,181.53458083552414,171.5061955371765,181.58956048208051,172.04709751341375,181.82215607691452,171.42272222329464,181.26724597321081,171.6101207062749,181.64490910136388,171.65101747992463,181.68180869195646,171.90227557066561,181.68180869195649,171.65101747992463,181.53458083552414,171.36053891372467,181.20973703081424,171.73449079380651,181.88691446351223,171.4644606144314,181.2647166773707,172.17230575004072,182.00918179250652,170.69359055176511,180.53255959811634,172.29751745505934,182.23961706422725,170.25493744643552,181.2506188243141,175.19527205254334,175.99555584045075,177.73854273142962,176.12535563471553
187.72798972507192,186.54624302837067,186.35648607404931,188.9511319492903,183.13758767029478,192.57853121658943,181.6195796012002,192.14050918642482,181.4655758523638,192.14779819377631,181.88438516767337,192.20072869570899,181.58531388551791,192.23005863246917,181.61016983388581,191.83350836106209,181.55387392195129,192.59727896711607,182.03951330468252,192.02891881097182,181.5665829931784,192.70313997098148,182.35852850963951,192.50200014948413,181.88494736175974,192.56794903035592,181.98265519866163,192.35952020150711,181.93850616386786,192.56794903035589,181.92909639655349,192.20072869570899,181.63285086651371,192.28298913440187,181.86686730579592,192.4783995843116,182.07490340853752,192.56794903035589,181.97719557163563,192.53133008624431,182.08431317585192,192.47839958431157,181.76520932860561,192.23734763982063,181.78732816714714,192.38885013826726,181.9518660714707,192.56794903035592,182.10023290870245,192.47839958431157,181.84153780563099,192.28298913440187,181.65818036667864,192.14779819377628,181.78402886323443,192.47839958431157,181.97324543134721,192.39613914561872,181.93850616386788,192.47839958431157,181.81876813071378,192.30658969957443,181.98265519866163,192.42546908237887,181.56263285289,191.9230578071064,181.61949095891086,192.23005863246914,181.57599276049282,192.25365919764172,182.19794074560434,192.65020946904875,181.69968093393535,192.1111792496647,181.84418627316802,192.37253858044616,181.6736119551054,192.20072869570902,181.79608709808588,192.20072869570899,181.6736119551054,192.23005863246917,181.52187176429831,191.88643886299479,181.7619100246929,192.49141796325065,181.49975292575681,191.96296993010009,182.3899684732061,192.79841878861336,180.79280617497051,191.18288776622504,182.4461757428513,192.94662810817795,180.206248293714,191.79601286000889,185.37760376172142,186.26260635166418,188.12764213701087,186.4068846725778
177.35307111000392,176.38894082082231,176.41487100455831,178.89538561437956,173.2753858332604,182.01758768749983,171.5249710942023,181.45616608504869,171.37930753396714,181.49306567564139,171.81712595859301,181.60339394148102,171.62888932651737,181.75315109375356,171.75493918063137,181.42830728904363,171.71236264039922,182.05738554665942,171.94233419521998,181.28579958097228,171.37847285326345,181.99987660426285,172.3384107603174,181.97201780825776,171.9414960461246,182.01795666022664,172.02496936000648,181.84287000778926,171.96278258204484,181.99262716006174,171.96278258204484,181.72313197463515,171.75410103153601,181.80597041719665,171.9414960461246,182.02011698333996,172.25493744643552,182.21328369174114,172.16979130275459,182.01070721602557,172.00535565388529,181.78064091703172,171.64934118173389,181.60339394148107,171.79667410337646,181.81538018451104,171.92020951020436,181.92570845035078,172.04625589592669,181.90978871750022,171.9005958040832,181.80597041719665,171.79500127357741,181.72313197463515,171.92188234000344,181.99262716006174,172.00368282408624,181.83346024047486,171.96278258204484,181.99262716006174,171.96278258204484,181.84287000778926,172.02496936000648,181.89821862707254,171.67062771765413,181.52055549891958,171.79667410337646,181.7531510937535,171.58715440377227,181.63088376475929,172.12972920980857,182.07546560262318,171.77454941836086,181.63088376475929,171.94233419521998,181.87288912690758,171.71236264039922,181.60339394148107,171.73365264471116,181.60339394148102,171.71236264039922,181.75315109375353,171.67146586674951,181.42830728904363,171.7958359542811,181.92823774619092,171.56670601694742,181.51802620307942,172.50451923898578,182.37281958405484,171.04541774683133,180.86145812218547,172.56754416604278,182.44226758960588,170.33756914283035,181.28904230521454,175.25327155341984,176.1349269365615,177.89687335036359,176.21983652636834
187.47294957280269,186.62862644860903,186.8862361455796,189.62864628818201,183.64655892202961,192.77394166649916,181.55266089148927,192.09486769184355,181.49306567564204,192.25365919764172,182.00412320082751,192.30658969957437,181.70505191867207,192.4254690823789,181.84023613287965,192.0818493129045,181.79334998825954,192.75607047291419,182.06700312796073,191.89372787034625,181.29708780775189,192.42546908237887,182.15595203392391,192.46538120537252,182.00468539491388,192.76335948026562,182.21272149765548,192.50200014948413,181.93850616386791,192.53133008624428,181.93850616386791,192.3065896995744,181.77066895563163,192.34320864368601,181.8368481866776,192.50200014948413,182.22213126496987,192.77967103808672,182.12442342806798,192.44906964755143,181.81481799042541,192.2536591976417,181.68237088604417,192.3065896995744,181.93455602357952,192.44906964755143,181.91243718503799,192.44906964755143,181.93455602357952,192.35952020150711,181.80210891919828,192.39613914561872,181.92514625626507,192.50200014948413,182.13383319538238,192.72674053615401,182.09298346450134,192.44906964755143,181.93850616386791,192.53133008624428,181.93850616386791,192.50200014948413,182.21272149765545,192.76335948026562,182.00468539491388,192.41245070343982,182.0362140007698,192.47839958431157,181.62881208393603,192.17139875894887,182.02285409316698,192.47839958431157,181.54992378166293,192.02891881097185,181.87167609644627,192.47839958431157,181.79334998825954,192.25365919764172,181.79608709808591,192.20072869570896,181.67361195510546,192.28298913440187,181.64160979745245,192.08184931290452,181.99197632368674,192.73975891509306,181.73922899206502,192.2113108819425,182.62003477219994,193.13630918650011,181.23485871699435,191.61935016062574,182.7431607515561,193.08910805615497,180.23157779387896,191.93849280798588,185.67458877042625,186.6461382441322,188.4499566458806,186.5493646205548
177.13491913624694,176.40547311962388,176.7383058190683,179.38762360493556,173.73281796400744,182.35139823713396,171.73616709199723,181.77405690183241,171.81712595859301,182.00412320082623,172.25661721301793,181.92128475826476,171.83841249451322,181.97663337754801,171.96446234862722,181.65178957283817,171.9218858083951,182.35645682881432,172.33925237780443,181.61705030535887,171.48490900125626,181.82215607691464,171.9849107354521,181.81962678107448,172.08883243615884,182.38394665209256,172.44317407851116,182.03161302410447,171.90143742157022,181.88438516767215,171.90143742157022,181.80154672511063,171.92272395749046,181.89379493498652,171.90143742157025,181.94661425842961,172.23449252800233,182.22551921117062,172.13140550799932,181.83628599258995,171.75494264902304,181.71654795943584,171.86053717952885,182.01353296814062,172.23449252800233,182.12386123398034,172.11011897207908,182.01353296814062,171.9849107354521,181.8268762252755,171.88015088565001,182.01353296814057,172.21487882188117,182.24359926713439,172.40060100667071,182.32643770969594,172.19359228596093,181.92128475826473,171.90143742157022,181.88438516767215,171.90143742157022,182.03161302410444,172.44317407851116,182.50368468524667,172.35970076462931,182.15135105725855,172.25577906392257,182.09637141070215,171.81796410768837,181.74403778271403,172.06838404933396,181.86630511170833,171.48490900125626,181.42172327384432,171.88098903474537,181.97663337754804,171.9218858083951,181.80154672511063,171.90227557066561,181.68180869195655,171.65101747992463,181.6543188686783,171.63140724219514,181.65178957283817,172.25494091482719,182.44870503869021,172.00619727137234,181.82650725254868,172.69275587106139,182.68130063352422,171.48490900125626,181.27159714884499,172.77706733403863,182.46968336322112,170.29583768847692,181.48068512330798,175.67482193152264,176.61485535802524,178.25899285245035,176.35542193370932
187.18082365104274,186.31433661589492,186.53390251759143,189.30533390499815,183.39514379256681,192.60213178176198,181.47923221624214,192.11117924966464,181.60339394148173,192.30658969957443,181.92128475826598,192.08184931290452,181.43555673324545,192.20072869570902,181.66514948044221,191.85710892623464,181.52385480283294,192.62087953228863,182.18674116111484,192.09816087072562,181.39149634074104,192.14779819377628,181.58947183979254,191.94665837227896,181.70986070932236,192.6371910901097,182.12988305509396,192.18771031676994,181.46643450272569,192.06553775508343,181.5767627685654,192.08184931290452,181.68783051307011,192.21704025353009,181.63427171096197,192.17139875894884,181.83289804638918,192.35952020150711,181.71927047663675,192.02891881097182,181.42558477184468,191.97598830903911,181.59953244348264,192.35952020150711,182.04488428941917,192.50200014948413,181.92184695235235,192.35952020150711,181.72256978054946,192.11846825701613,181.62486194364757,192.35952020150711,182.01955478925422,192.55493065141684,182.06691448567139,192.50200014948413,181.80756854622422,192.13477981483723,181.5767627685654,192.06553775508343,181.46643450272569,192.13477981483723,182.01014502193982,192.6371910901097,181.92184695235235,192.27725976281428,181.87704708118289,192.39613914561872,181.66571167452858,192.18771031676997,181.93060588329107,192.20072869570899,181.17010033039659,191.66169847632494,181.57685141085474,192.20072869570896,181.52385480283294,191.93936936492753,181.51067217980878,191.88643886299479,181.31186855980295,191.87012730517372,181.28927616946436,191.91003942816735,182.01946614696493,192.75607047291419,181.65639054950353,191.93363999333991,182.23080155361924,192.76908885185321,180.9494437987172,191.30506032791158,182.38141735625359,192.67624622692679,179.87924416589084,191.67713347720442,185.49950211798881,186.4213978574623,188.0909120144097,186.06911725623664
176.99316105161398,176.11077534674632,176.22747598996972,178.8451261161841,173.3162860753018,182.06173672229355,171.56754416604278,181.58531388551719,171.62888932651737,181.70505191867139,171.83841249451325,181.43555673324474,171.42020777600854,181.67756209539317,171.77622571655161,181.35271829068324,171.50368108989039,181.99987660426285,172.21320252369046,181.68444256686738,171.60844093969251,181.71230136287247,171.65017933082927,181.38745755816259,171.69191425357437,182.00928637157725,172.04625589592672,181.56470453371327,171.50451923898578,181.62005315299658,171.75410103153601,181.64754297627479,171.77538756745625,181.70505191867133,171.69191425357437,181.61280370879547,171.77538756745625,181.69564215135694,171.67062771765413,181.49306567564136,171.52580577490599,181.49306567564133,171.67062771765413,181.81538018451107,172.04625589592669,181.93511821766515,171.9414960461246,181.81538018451104,171.77538756745625,181.61280370879544,171.69191425357437,181.81538018451104,172.02496936000648,181.93511821766515,171.96278258204484,181.82478995182544,171.77538756745625,181.64754297627476,171.75410103153601,181.62005315299658,171.50451923898578,181.44496650055919,171.77538756745625,181.79730012854722,171.69191425357437,181.5552947663989,171.83757434541786,181.90762839438693,171.87930926816298,181.85227977510365,172.12972920980857,181.7878903612328,171.3162860753018,181.23298025752919,171.69275240266975,181.67756209539309,171.50368108989039,181.32522846740508,171.50535738808117,181.41747667728092,171.50368108989039,181.50031511984244,171.48407085216093,181.47245632383738,172.06670428275157,182.14963375653531,171.58799255286766,181.23045096168903,172.02496936000648,181.97491607682474,170.81712249020134,180.67554085798534,172.35886261553395,182.18943161569482,170.15017412824176,181.22286307416849,175.27455808934008,176.05933793820111,177.57786353401505,175.68267949242772
187.72798972507192,186.77827242239192,186.88137705863474,189.61233473036091,183.70406786442618,192.90913260712472,181.73715731124108,192.31960807851343,181.75315109375424,192.4254690823789,181.97663337754929,192.20072869570896,181.67756209539385,192.65020946904878,182.22005958414593,192.3065896995744,181.76586016498135,192.7926894170258,182.36182781355225,192.44906964755143,181.85415823456884,192.65020946904875,182.04346344497094,192.3065896995744,181.94245630415634,192.79268941702577,182.18523167437726,192.34320864368601,181.79127830743559,192.56066002300443,182.08826331614037,192.47839958431157,181.94575560806905,192.51501852842318,181.98660533895008,192.53133008624431,182.07490340853758,192.56794903035589,181.97719557163566,192.42546908237887,181.84483710954376,192.33591963633455,181.86686730579595,192.56794903035589,182.18523167437729,192.6208795322886,181.98660533895006,192.47839958431157,181.95516537538347,192.47839958431157,181.98660533895006,192.6208795322886,182.18523167437726,192.6738100342213,182.10634337210419,192.6208795322886,182.06549364122313,192.6738100342213,182.31832961513419,192.75607047291416,181.9110163405897,192.2536591976417,181.86291716550755,192.46208802649048,181.76520932860566,192.2536591976417,182.00872417749159,192.70313997098145,182.10088374507819,192.67381003422133,182.37518772115507,192.65020946904875,181.6146821682606,192.20072869570902,182.13176151455843,192.65020946904875,181.76586016498135,192.14779819377631,181.76859727480769,192.42546908237887,182.05343540637173,192.65020946904878,181.93643448304397,192.3065896995744,182.14173347595923,192.76908885185321,181.5920011356327,191.91003942816735,182.27023044005202,192.83503773272497,180.99538265068614,191.46055865482765,182.71567092827789,193.22429899678053,180.50107297930552,192.16323319465579,185.75742721298775,186.54027724026682,188.16695984495408,186.23421613749096
177.63117592814615,176.72123414322013,176.80606101306753,179.30873530266263,173.62973094400439,182.27250993486103,171.69359402015675,181.72049809972441,171.75493918063137,181.84023613287843,171.96446234862722,181.66514948044107,171.77622571655158,182.22005958414474,172.40143915576607,181.89521577943489,171.85969903043346,182.22005958414476,172.31796584188419,181.8858060121205,171.92188580839507,182.18532031666547,172.19359228596093,181.86047651195562,172.00535912227696,182.21064981683037,172.15101921412045,181.76606797896636,171.81796410768837,181.98274384094981,172.04793219411744,181.83298668867732,171.88015088564998,181.95056439871817,172.08883243615884,182.07971219918667,172.17230575004069,182.07971219918667,172.08883243615884,181.95997416603257,171.90143742157022,181.75739769031696,171.83925064360861,181.95997416603257,172.15101921412045,181.95997416603257,171.83925064360861,181.75739769031696,171.90143742157022,181.95997416603257,172.08883243615884,182.07971219918667,172.17230575004069,182.07971219918667,172.08883243615884,182.07030243187231,172.15101921412045,182.2750392307012,172.56838231513814,182.42479638297362,172.08883243615884,181.77547774628076,171.90143742157022,181.92307457543993,171.79667757176813,181.66514948044104,171.9440104934107,182.01748310842916,171.98407258635672,181.97805422199636,172.25577906392255,182.01748310842916,171.67230401584487,181.77547774628079,172.31796584188419,182.22005958414476,171.85969903043346,181.65573971312668,171.85970249882513,182.03556316439295,172.31796237349252,182.30505834981952,172.06838404933396,181.68322953640489,171.9218858083951,181.95309369455833,171.44317407851116,181.34030567573117,172.38098730054952,182.39767553242234,171.17146760094533,181.00605210370693,172.71488055607699,182.68778006965292,170.69191425357434,181.71470156259031,175.63224885968216,176.35872008020152,177.93781451462408,176.17965809715565
187.60630039994629,186.62948509895875,186.70657105267824,189.26871496088654,183.19256731685121,192.3244608931594,181.20973703081557,191.88643886299477,181.42830728904431,192.08184931290455,181.65178957283942,191.85710892623464,181.35271829068395,192.30658969957443,181.89521577943603,191.91003942816735,181.32127832711734,192.25365919764172,181.80691770984853,191.91003942816735,181.40957639670486,192.20072869570902,181.59888160710696,191.76755948019033,181.38754620045262,192.2536591976417,181.74064983651328,191.85710892623464,181.26385802701012,191.88643886299479,181.3741862928498,191.80417842430194,181.41833532764355,192.08184931290452,181.66176153424018,192.18771031676994,181.75005960382768,192.27725976281425,181.7720898000799,192.13477981483723,181.42774509495797,191.80417842430194,181.3647765255354,192.13477981483723,181.83505836950246,192.13477981483723,181.3647765255354,191.80417842430194,181.42774509495797,192.13477981483723,181.7720898000799,192.27725976281425,181.75005960382768,192.18771031676994,181.66176153424018,192.22432926088155,181.74064983651326,192.33019026474696,181.99348581042432,192.41245070343982,181.5861725358798,191.99958887421167,181.74064983651326,192.3065896995744,181.50728423360675,191.76755948019036,181.38689536407693,191.97598830903911,181.36147722162269,191.91003942816738,181.67052046517892,192.02891881097182,181.19759015367481,191.91003942816738,181.92665574300267,192.35952020150708,181.44101636027148,191.80417842430197,181.44375347009782,192.0818493129045,181.72859160166183,192.21704025353012,181.40901420261847,191.63236853956477,181.42765645266863,192.09486769184358,181.06458085520725,191.56641965869301,182.14796311105775,192.7324699077416,180.85719558884131,191.16986938728598,182.32390841385705,192.78210723079221,180.08398096471973,191.78299448106984,185.44199317559224,186.28620691683673,188.05159430646651,186.24178579132345
177.45940692275926,176.5079351936443,176.55032715759506,178.93342418577151,173.16979130275462,181.85304978317617,171.40143568737443,181.56328368926495,171.71236264039925,181.79334998825877,171.92188580839513,181.5238548028322,171.50368108989042,181.76586016498055,171.85969903043349,181.3212783271166,171.3162860753018,181.64612213182647,171.77622571655161,181.33068809443103,171.4210459251039,181.56112336615172,171.46278431624069,181.03370308572624,171.25493744643555,181.6555318991409,171.8588608813381,181.42293630430689,171.33841076031743,181.30103794803949,171.35802446643859,181.32852777131768,171.60927908878787,181.68302172241908,171.77538756745625,181.70110177838291,171.8588608813381,181.90367825409851,172.02496936000648,181.7933499882588,171.60927908878787,181.40411676967813,171.54541948102718,181.7933499882588,172.08882896776717,181.7933499882588,171.54541948102718,181.40411676967813,171.60927908878787,181.7933499882588,172.02496936000648,181.90367825409851,171.8588608813381,181.70110177838291,171.77538756745625,181.7933499882588,171.8588608813381,181.73584104586223,171.83757434541786,181.70835122258399,171.58799255286766,181.64359283598628,172.10844267388833,182.06284517368536,171.73448732541485,181.32127832711657,171.44149778032045,181.4688751562758,171.44233246102414,181.42293630430686,171.7549391806314,181.58861318942988,171.39975938918369,181.53326457014657,172.04709404502208,181.88559819813466,171.58715440377227,181.41352653699249,171.58883070196302,181.50577474686838,171.58715440377227,181.47828492359014,171.31796237349255,181.15344111888032,171.67062771765416,181.83061855157828,171.42188407419928,181.31874903127641,172.35802446643856,182.36019915511699,171.13056389051226,180.88357696072686,172.48323617145721,182.30305918544721,170.23364744212364,181.32057091107029,175.37931793914217,176.25796427362829,178.01877990499543,176.34129790048186
188.19278418191865,187.16180431485992,187.17836206733949,189.75481467833794,183.72939736459111,192.99868205316903,181.91440428679172,192.65020946904872,182.16771381249981,192.89855042089121,182.47619486196967,192.67381003422128,181.99987660426356,192.7926894170258,182.22005958414593,192.2536591976417,181.64612213182721,192.59727896711607,182.13176151455843,192.3065896995744,181.85415823456884,192.59727896711607,181.83147720194094,191.8701273051737,181.41540499645774,192.45479901913902,182.13241235093412,192.38885013826726,181.79127830743559,192.40915752455777,181.9016065732753,192.47839958431157,182.13241235093412,192.70313997098145,182.06944378151158,192.56794903035589,182.16715161841347,192.89855042089118,182.47675705605604,192.89855042089118,182.16715161841347,192.56794903035589,182.06944378151155,192.89855042089118,182.57446489295796,192.89855042089118,182.06944378151155,192.51501852842318,182.04741358525936,192.75607047291416,182.36642879021633,192.84561991895848,182.15774185109908,192.56794903035589,182.07885354882598,192.75607047291416,182.2427406167738,192.6208795322886,182.02134460642941,192.46208802649048,181.79127830743559,192.53133008624428,182.45472685980383,192.98081085958404,182.03470451403223,192.2902781417533,181.91431564450241,192.59727896711604,181.95581621175916,192.53133008624431,182.29018895548026,192.73975891509306,181.90225740965099,192.53133008624431,182.34374775758843,192.79268941702577,181.96843664069695,192.4783995843116,182.06558228351247,192.47839958431157,181.87618843082106,192.4091575245578,181.72444824001394,192.3065896995744,182.3537197189892,193.09969024238853,181.971824586899,192.33019026474699,182.68479315879762,193.30811907123726,181.49494413510652,191.98657049527264,183.1577234703017,193.50925889273455,180.61140124514523,192.30571314263281,185.96941345601772,186.92380913273479,188.80900127735148,187.02961198487299
177.91544647701537,176.94337381389661,176.96275972442152,179.45050353206901,173.81712595859298,182.59152513981812,172.06838404933396,182.1498415705212,172.19191598777019,182.38931763682939,172.6101207062749,182.30647919426792,172.21320252369043,182.36182781355114,172.31796584188419,181.80691770984748,171.77622571655158,182.13176151455738,172.23449252800233,181.91724597568725,172.10928082298369,182.30900849010806,172.11011897207905,181.47519343366341,171.44233592941578,181.80003723837328,172.0266456581972,181.85501688492968,171.98407258635672,182.11510230304182,172.21404067278579,182.15200189363446,172.27622745074743,182.14984157052123,171.98407258635672,181.88975615240901,172.08883243615884,182.27898937098971,172.46362246533602,182.38931763682939,172.33841422870907,182.18674116111382,172.21404067278579,182.38931763682939,172.5879960212593,182.38931763682942,172.21404067278579,182.06700312795968,172.0675459002386,182.06700312795971,172.21404067278579,182.15925133783563,172.0675459002386,181.88975615240903,172.00535912227696,182.15925133783557,172.27622745074743,182.06700312795968,172.00535912227696,181.82752706165144,171.73449079380649,181.86442665224408,172.29751398666767,182.24208978039712,171.96278605043648,181.79750794253312,172.11011897207905,182.21676028023214,172.10928082298369,182.08508318392344,172.42188754259092,182.32708854607182,172.04709404502205,181.97475491808373,172.23449252800233,182.14984157052118,172.02580750910181,182.06700312795968,172.25577906392257,182.06700312795968,172.02580750910184,182.03010353736704,171.96362419953186,182.00224474136198,172.58883070196299,182.67942217405994,172.06754590023857,181.76964914652802,172.56838231513814,182.64977202766849,171.58715787216391,181.6473818175337,173.38182544964491,183.12653330776411,170.85802273224272,181.84706002468232,175.79835733835054,176.68714505247294,178.45609611416702,176.77111759353642
187.77896893503311,186.71903454500304,186.69716128536388,189.26871496088654,183.29422529404152,192.56551283765037,181.49731227220596,192.17139875894881,181.69311285551748,192.4197397107913,182.05910284738391,192.29357132063532,181.68444256686809,192.50200014948416,182.00554404527574,192.05251937614435,181.44101636027148,192.30658969957443,181.80691770984856,192.05251937614437,181.73189090557457,192.58426058817699,181.89586661581174,191.76755948019033,181.09056119174787,191.9230578071064,181.53807336079768,191.99958887421167,181.69650080171954,192.41245070343982,181.88315754458461,192.24064081870264,181.74064983651328,192.17139875894884,181.44977529121019,191.85710892623464,181.46248436243729,192.13477981483723,181.73735053260054,192.27725976281425,181.784798871307,192.18771031676994,181.62702226676083,192.27725976281425,181.89512713714672,192.33019026474696,181.74676029991494,192.13477981483723,181.4530745951229,191.80417842430194,181.33944702537048,191.9393693649275,181.41833532764358,191.80417842430194,181.37418629284983,192.08184931290452,181.70591056903393,192.13477981483723,181.58617253587983,191.9393693649275,181.26385802701012,191.85710892623464,181.64840162663739,192.11846825701613,181.33003725805608,191.82048998212304,181.68388037278172,192.3065896995744,181.5640536973383,192.0525193761444,181.88250670820889,192.35952020150711,181.48516539506522,191.85710892623467,181.51934246845815,192.02891881097182,181.44101636027148,192.13477981483726,181.85106674464231,192.27725976281425,181.76333086914116,192.35952020150714,181.69658944400885,192.15838038000979,182.08169523772247,192.6208795322886,181.35215609659761,191.61935016062574,181.9801259028215,192.68682841316033,181.07785212052073,191.69588122773101,182.95261769874594,193.21856962519291,180.28655744043536,191.87254392711415,185.44199317559224,186.28620691683673,188.05159430646651,186.24178579132345
177.56574273551462,176.48837199868339,176.37234191032087,178.69940774648921,173.00368282408624,181.8310195869239,171.48490900125628,181.68632102633171,171.85802273224274,181.9163873253255,172.00535912227699,181.62156263973404,171.60844093969251,181.9738962677221,172.19275413686557,181.73189090557375,171.67062771765413,181.85415823456802,171.85969903043349,181.52931442985818,171.75410103153601,182.05673471028365,172.02580750910184,181.41898616401846,171.3384107603174,181.56658299317766,171.73365264471116,181.65630190721336,171.94233419521998,182.01804530251579,171.94233419521998,181.65630190721336,171.73365264471116,181.68632102633177,171.60927908878787,181.39149634074022,171.48407085216093,181.47433478330169,171.58799255286763,181.59407281645579,171.7549391806314,181.59407281645579,171.58799255286763,181.59407281645579,171.7549391806314,181.7138108496099,171.8588608813381,181.68632102633168,171.48407085216093,181.09451133203544,171.12972920980857,181.24426848430795,171.42188407419928,181.27175830758611,171.40059753827904,181.47433478330169,171.67146586674951,181.59407281645579,171.67146586674951,181.48374455061608,171.42188407419928,181.41682584090515,171.71236610879092,181.56658299317766,171.35969729623764,181.30865789817872,171.7549391806314,181.76915946889318,171.56670601694742,181.45372543149767,171.85969903043349,181.77856923620757,171.48323270306554,181.21424936518946,171.40143568737443,181.36400651746197,171.4210459251039,181.59407281645579,171.92188580839513,181.82413911544964,171.9414960461246,181.98330603503646,171.88098556635373,181.68379173049152,172.06586960204788,181.95365588864499,171.25577559553093,181.00914359363378,171.98323443726139,182.16092198331407,171.21403720439415,181.18386127334426,172.83757781380956,182.51109528818878,170.31712075600549,181.29854071481802,175.21320946047379,175.92953930135687,177.50049830545248,175.7498384041011
188.19278418191865,187.01932436688293,186.85604755846978,189.28173333982562,183.22983588017073,192.61515016070103,181.70241804376172,192.61359052493711,182.29686161296831,192.89855042089121,182.25479885162528,192.34320864368601,181.72171113018757,192.8456199189585,182.61796309137603,192.72674053615401,181.97784640801135,192.65020946904878,182.0120234814043,192.2536591976417,181.85415823456884,192.73975891509306,182.15379171081065,192.2536591976417,181.71239000516252,192.65020946904875,182.27747988425315,192.72674053615401,182.31832961513419,192.84561991895848,182.02134460642941,192.34320864368604,181.95516537538344,192.70313997098145,182.15444254718633,192.4783995843116,181.87957637702308,192.37253858044616,181.8227182710022,192.42546908237887,181.99931441017719,192.42546908237887,181.8227182710022,192.42546908237887,181.99931441017719,192.6208795322886,182.26477081302602,192.75607047291416,181.96457514269787,192.14779819377628,181.56988229709117,192.31960807851345,181.92042610790412,192.33591963633455,181.79127830743559,192.37253858044616,181.9110163405897,192.42546908237887,181.9110163405897,192.37253858044616,181.79127830743559,192.4783995843116,182.24274061677383,192.65020946904875,181.74712927264184,192.20072869570902,181.99931441017719,192.59727896711604,181.77856923620848,192.30658969957443,182.20735051291879,192.79268941702577,181.92033746561481,192.20072869570902,181.73385800732834,192.23005863246914,181.64612213182724,192.4254690823789,182.17591054935215,192.6208795322886,182.08817467385106,192.70313997098148,182.02143324871872,192.44906964755143,182.28680100927824,192.76908885185321,181.44693360231366,191.85710892623464,182.38780815009284,193.16563912326026,181.46961463494159,191.89702104922836,182.98047649475103,193.32113745017628,180.51915303526934,192.2161636965885,185.76683698030212,186.45072779422247,188.04722181179997,186.18128563555825
177.80911066426,176.73287070986368,176.62029485067501,178.95489218793716,173.25410276573183,182.08650402837185,171.71404240698163,182.03621400076887,172.3384107603174,182.35852850963855,172.23449252800233,181.70920987294571,171.67146586674949,182.27352974396379,172.69275587106139,182.21818112468051,171.9636207311402,181.95121523509408,171.88015088565001,181.59888160710602,171.77622571655158,182.04346344496997,172.0675459002386,181.70920987294571,171.83841249451322,182.2387904764845,172.46362246533604,182.29377012304087,172.38014915145416,182.22938070917002,171.90059927247486,181.67447060546635,171.94317234431534,182.2387904764845,172.35886261553392,182.08903332421195,172.00535912227696,181.85896702521813,171.83841249451322,181.85896702521813,172.00535912227696,181.85896702521813,171.83841249451322,181.85896702521813,172.00535912227696,182.08903332421195,172.35886261553392,182.35852850963857,172.21404067278581,181.88645684849644,171.90059927247486,182.06154350093382,172.19275413686557,181.97870505837227,171.9218858083951,181.85896702521813,171.9218858083951,181.85896702521813,171.9218858083951,181.84955725790374,171.90059927247486,182.06370382404702,172.42272222329464,182.2387904764845,171.87931273655462,181.69980010563128,172.00535912227696,182.00872417749065,171.77622571655158,181.79420863862043,172.33841422870907,182.44136695219999,172.21320252369043,181.88645684849627,171.90143742157022,181.73922899206403,171.67146586674949,181.85896702521811,172.17230575004069,181.97870505837224,171.94233419521996,181.9418054677796,171.88015088564998,181.79420863862049,172.23448905961067,182.14907156244874,171.46362246533602,181.34962680075648,172.46362246533604,182.61898290047762,171.46278431624066,181.23676923907658,172.81880225678375,182.74125022947186,170.77454941836083,181.85101016497075,175.71488402446869,176.28594224133016,177.74431141471618,175.99276115232817
187.60630039994632,186.52362409509328,186.46709498637009,189.07330451097681,183.17448726088742,192.40672133185225,181.25783620589777,191.97598830903908,181.67503279955366,192.41245070343984,181.90462554675048,191.99958887421164,181.42219682564263,192.50200014948416,182.26778978650123,192.29357132063535,181.4757556277508,192.06553775508343,181.47519343366446,191.76755948019033,181.41898616401926,192.3065896995744,181.82894790610078,191.99958887421167,181.49787446629236,192.35952020150711,181.96204584685768,192.38312076667967,181.98407604310992,192.44906964755143,181.58617253587983,191.85710892623464,181.51058353751947,192.3065896995744,181.82959874247646,192.13477981483723,181.55473257231321,192.02891881097182,181.49787446629233,192.08184931290452,181.67447060546732,192.08184931290452,181.49787446629233,192.08184931290452,181.67447060546732,192.27725976281425,181.93992700831618,192.50200014948413,181.8423078137036,192.13477981483723,181.63427171096197,192.3065896995744,181.79815877890985,192.08184931290452,181.46643450272572,192.02891881097182,181.58617253587983,192.13477981483723,181.70591056903393,192.17139875894884,181.57676276856543,192.18771031676994,181.92730657937835,192.35952020150711,181.53261373377168,191.94665837227896,181.67447060546735,192.16410975159738,181.3433971656589,191.9995888742117,182.0756734166101,192.72674053615398,181.87439861364589,192.09816087072565,181.61159067833407,192.06553775508343,181.43160659295705,192.08184931290455,181.7407384788026,192.04523036879289,181.44101636027145,192.06553775508345,181.50993270114381,191.96296993010006,181.82629943856372,192.28298913440184,181.02768126461461,191.5134891567603,182.15737287837217,192.82201935378589,180.95811408736662,191.31234933526301,182.54530442420145,193.16563912326021,180.57413268182574,192.20314531764944,185.65397941862224,186.28620691683673,187.93185627331241,186.18885528939074
177.2814721866454,176.25682256069254,176.19435666304665,178.75296654859733,173.29583768847695,181.97682659890791,171.29751398666767,181.26564784418437,171.4619461671453,181.77461909591912,172.04793219411744,181.70986070932148,171.73281449561577,182.06219433730956,172.23532720870605,181.70986070932148,171.54541948102718,181.64547129545068,171.67230401584487,181.38754620045177,171.58799255286763,181.94245630415546,172.10928082298372,181.70986070932148,171.67146586674951,181.77461909591918,171.83841249451325,181.74459997680077,172.00452097318163,181.98660533894912,171.77622571655164,181.42228546793106,171.54625763012254,181.65488106276507,171.69275240266975,181.47979441032763,171.56754416604278,181.56263285288912,171.67146586674951,181.68237088604323,171.83841249451325,181.68237088604323,171.67146586674951,181.68237088604323,171.83841249451325,181.80210891919734,171.94233419521998,181.88494736175886,171.81712595859301,181.59012267616737,171.69275240266975,181.73987982843985,171.75493918063137,181.47038464301323,171.48407085216093,181.56263285288912,171.7549391806314,181.80210891919734,172.02580750910187,181.89435712907323,171.7549391806314,181.62486194364666,171.81712595859301,181.77461909591918,171.69275240266975,181.59953244348176,171.83841249451325,181.65488106276501,171.40059753827904,181.53261373377072,172.17146760094533,182.15444254718537,171.79667410337646,181.50728423360576,171.73449079380651,181.7652093286047,171.75410103153601,181.6823708860432,171.75577732972675,181.47979441032763,171.50451923898578,181.65488106276499,171.73449079380651,181.54202350108514,171.8588608813381,181.71963944936275,171.10928082298372,181.09744166322119,172.29667583757231,182.3414682627774,171.06754243184696,180.882926124351,172.67146933514118,182.77664033332692,170.85885741294643,181.79415205894992,175.56755110282614,176.23849390262373,177.94141467643286,176.40845681215524
187.98079793888866,186.75553050756903,186.501664785858,189.13925339184857,183.4070828557214,192.71372215721499,181.49984156804612,192.04193718991084,181.61064338568286,192.56794903035592,182.34920738461446,192.6371910901097,182.04402563905728,192.8456199189585,182.29564858250629,192.39613914561872,181.80059943246064,192.65020946904878,182.09702224707908,192.2536591976417,181.76915946889406,192.7926894170258,182.45077671951543,192.6371910901097,181.94245630415634,192.51501852842318,181.89765643298688,192.39613914561872,182.10634337210419,192.75607047291416,182.0307543737438,192.2536591976417,181.74317913235345,192.37253858044616,181.77461909592006,192.20072869570899,181.78732816714717,192.42546908237887,181.94245630415631,192.4783995843116,181.99931441017719,192.47839958431157,181.94245630415631,192.56794903035592,182.1096426760169,192.53133008624428,181.9518660714707,192.47839958431157,181.89765643298688,192.34320864368601,181.89435712907417,192.47839958431157,181.86291716550753,192.20072869570899,181.69903009755967,192.42546908237887,182.0307543737438,192.6738100342213,182.35306888261351,192.80900097484687,181.99601510626448,192.34320864368601,181.88824666567248,192.51501852842318,181.95186607147073,192.49471114213267,182.1190524433313,192.46208802649048,181.60132226065778,192.30658969957443,182.29234927859355,192.70313997098145,181.63276222422439,192.06553775508345,181.96392430632216,192.75607047291416,182.17317343952581,192.53133008624431,181.88833530796177,192.2373476398206,181.75645039766692,192.56066002300446,182.03084301603312,192.35952020150711,182.07481476624821,192.58096740929494,181.3894246599171,191.96296993010009,182.59254494892173,193.21856962519297,181.29236765939089,191.70889960667006,182.98047649475103,193.56218939466729,180.81613804397412,192.35864364456552,185.79216648046705,186.5932077421995,188.48668676848177,186.88713203689596
177.91476109453464,176.61598895875053,176.18888645957378,178.57901887695931,173.17062945184998,182.09986393597467,171.65185562902002,181.66034068979101,171.77538756745622,182.09298346450041,172.42188754259095,182.12988305509307,172.06754243184693,182.18523167437633,172.12973267820024,181.74064983651235,171.88014741725834,182.25215038408734,172.27622745074743,181.7406498365124,171.73365264471113,182.18523167437638,172.46362246533604,182.12988305509307,172.02580750910184,181.97324543134638,171.90059927247486,181.79815877890897,172.04709404502208,182.150492406897,172.08799428706348,181.79815877890897,171.85969903043346,181.86291716550662,171.81712595859301,181.71316001323413,171.9218858083951,181.98265519866072,172.02580750910184,181.89040698878483,171.9218858083951,181.89040698878483,172.02580750910184,182.09298346450043,172.17146760094533,181.89040698878483,171.77622571655161,181.78007872294512,171.9218858083951,181.92514625626413,172.08799428706345,182.01739446614002,171.9218858083951,181.7225697805485,171.83841249451322,181.98265519866072,172.10928082298372,182.12047328777865,172.35886261553395,182.27023044005111,172.04709404502208,181.79815877890897,171.90059927247486,181.97324543134638,172.02580750910184,182.01014502193897,172.19275413686557,181.9732454313463,171.73365264471113,181.80756854622325,172.23532720870602,181.95516537538248,171.44149778032042,181.44366482780751,172.08883243615884,182.37188841724137,172.3384107603174,182.01014502193891,171.88015088565001,181.70375024591976,171.83757434541786,182.04016414105726,172.04793219411744,181.8256486021871,172.17062945184995,182.20584102618025,171.67230401584487,181.59305300735312,172.62973094400439,182.65042286404432,171.40059753827904,181.26820920264328,172.9849107354521,182.86493840291439,170.71236264039922,181.58546511983263,175.40144262415777,176.20705393905712,178.01301122170892,176.47389238286922
188.11414876603229,186.75638915791868,186.32199969295672,188.83225256648583,183.07282928369713,192.54920127982928,181.58956048208188,192.21704025353006,181.73254174195023,192.44906964755145,182.0222032567913,192.18771031676991,181.57411430102837,192.39613914561875,181.87639624480727,191.99958887421164,181.54267433746176,192.44178064019999,181.85501688493073,191.80417842430194,181.21424936519037,192.20072869570899,181.88645684849735,192.18771031676994,181.70986070932236,192.39613914561872,181.83289804638918,192.13477981483723,181.64368147827639,192.2536591976417,181.66901097844132,192.08184931290452,181.68783051307014,192.3065896995744,181.74459997680168,192.22432926088155,181.8423078137036,192.35952020150711,181.70986070932236,192.02891881097182,181.43499453915911,192.02891881097182,181.70986070932236,192.41245070343982,181.96204584685771,192.17139875894884,181.41287570061758,191.97598830903911,181.61224151470978,192.26997075546279,181.92184695235235,192.44906964755143,181.83289804638918,192.22432926088155,181.7540097441161,192.35952020150711,181.79815877890985,192.27725976281425,181.90848704474953,192.44906964755143,181.7540097441161,192.13477981483723,181.72256978054946,192.2536591976417,181.59012267616825,192.13477981483723,181.88645684849732,192.39613914561872,181.65630190721421,192.18771031676997,181.94001565060549,192.20072869570899,181.16069056308223,191.80417842430197,181.90857568703885,192.6371910901097,181.93116807737746,192.22432926088158,181.65573971312782,192.0818493129045,181.60885356850775,192.25365919764172,181.61159067833407,192.05251937614437,182.01946614696493,192.75607047291416,181.65639054950353,191.98657049527262,182.35053958677338,192.85863829789753,180.94003403140283,191.35799082984425,182.60281336659801,193.05977811939479,180.27714767312096,191.81961342518144,185.33166490975253,186.14372696885974,187.93185627331241,186.18885528939072
177.88406479130001,176.69157795711087,176.39756801008264,178.83185485087034,173.35802446643856,182.28578120017471,171.90143742157025,181.93850616386698,171.96278258204484,181.93850616386695,171.90143742157025,181.46643450272475,171.50451923898578,181.91101634058873,172.08883243615884,181.58617253587886,171.58799255286763,181.79127830743465,171.73449079380651,181.14411999385507,171.15101574572878,181.46896379856494,171.65101747992463,181.46643450272478,171.75493918063137,182.03075437374287,172.10928082298372,181.67842074575478,171.56754416604278,181.53119288932248,171.56754416604278,181.5586827126007,171.83841249451325,181.93850616386695,172.02580750910184,181.96599598714516,172.10928082298372,181.93850616386695,171.7549391806314,181.43894467944659,171.38014915145419,181.43894467944659,171.7549391806314,181.94791593118137,172.13056735890396,181.7612591883163,171.52497109420233,181.42953491213217,171.58883070196302,181.70119042067202,171.9636207311402,182.01409516222731,172.08799428706348,181.95658621983077,172.02580750910184,181.93850616386695,171.83841249451325,181.67842074575475,171.83841249451325,181.85350739819214,171.81712595859301,181.67842074575475,171.85969903043349,181.70843986487316,171.4840708521609,181.46643450272475,171.9218858083951,182.03075437374284,171.94233419521996,181.78874901159443,171.98407258635675,181.69903009755873,171.3384107603174,181.44110500255982,172.02664565819722,182.02134460642844,171.81628780949762,181.66901097844035,171.83925064360861,181.74533945546571,171.79667410337646,181.733769365038,171.5879960212593,181.52866359348229,172.15101574572881,182.39249776904532,171.9218858083951,181.58364324003867,172.35886261553395,182.20837032202041,170.88014741725834,180.7064186274653,172.44317407851119,182.41347609357618,170.44149431192875,181.44039758651354,175.36054238211636,176.08731590590298,177.67271486944011,175.92732558161418
187.98079793888866,186.89801045554606,186.82397929472768,189.5227852843166,183.70406786442615,193.05161255510174,181.96722361023487,192.56794903035586,181.99262716006243,192.53133008624431,181.88438516767337,192.0655377550834,181.62005315299726,192.75607047291419,182.42479638297479,192.41245070343982,181.70835122258475,192.46208802649051,181.82752706165252,191.88643886299479,181.36400651746283,192.23005863246914,181.73922899206502,192.11846825701613,181.88494736175974,192.80900097484687,182.27964020736641,192.3065896995744,181.52178312200903,192.09486769184358,181.6161916549982,192.2536591976417,181.97324543134724,192.6208795322886,182.10634337210416,192.63719109010972,182.19464144169166,192.6208795322886,181.88494736175974,192.20072869570899,181.58475169143156,192.20072869570899,181.88494736175974,192.6738100342213,182.31437947484577,192.58426058817699,181.77461909592003,192.14779819377628,181.57534192411717,192.14779819377628,181.77461909592006,192.47839958431157,182.07490340853755,192.58426058817699,182.10634337210416,192.56794903035589,181.85350739819313,192.2536591976417,181.82817789802817,192.47839958431157,181.92909639655352,192.44906964755145,182.10239323181574,192.47839958431157,181.56263285289003,192.11846825701616,182.0615435009347,192.80900097484687,182.10304406819145,192.44906964755145,182.0206937700537,192.37253858044616,181.49710445821978,192.16410975159741,182.07425257216187,192.51501852842318,181.67361195510543,192.25365919764172,182.00807334111587,192.53133008624428,181.96118719649579,192.4254690823789,181.67634906493177,192.22432926088155,182.27955156507713,193.07036030562838,181.95121523509502,192.2113108819425,182.50029673904581,192.94089873659038,180.91254420812461,191.28874877009045,182.5659137760054,193.23158800413196,180.63889106842342,192.32202470045391,185.88657501345622,186.6461382441322,188.3302186127265,186.49643411862209
177.31216848988007,176.411299861326,176.50612523355852,179.11943009226076,173.58799255286763,182.37077996584952,171.88015088565001,181.92909639655261,171.96278258204484,181.93850616386698,171.90143742157025,181.57676276856449,171.75410103153598,182.31832961513325,172.56838231513814,181.99348581042338,171.83757434541786,182.02134460642847,172.00535912227699,181.58617253587889,171.67146586674949,181.91101634058876,171.9218858083951,181.6965008017186,172.0045209731816,182.31832961513325,172.31796237349255,181.75400974411522,171.54625763012254,181.60678188768293,171.77622571655161,181.84625795399111,172.08799428706348,182.04883442970672,172.02580750910184,181.96599598714522,172.10928082298372,182.04883442970672,172.0045209731816,181.84625795399111,171.85969903043349,181.84625795399111,172.0045209731816,182.15916269554643,172.35886261553395,182.14324296269589,171.98490726706044,181.7359296881514,171.62973094400442,181.46427417961155,171.54625763012254,181.65093092247662,171.85969903043349,181.85566772130551,172.02580750910184,181.92909639655261,171.81712595859301,181.63427171096109,171.77622571655161,181.90376689638768,172.02580750910184,182.0763242529849,172.35886261553395,182.14108263958258,171.75493918063137,181.6965008017186,172.17146760094533,182.31832961513325,172.15101574572881,181.8737477772693,171.98407258635675,181.81876813071293,171.60927908878787,181.66901097844044,172.04625936431839,181.8187681307129,171.54709231082623,181.64368147827543,172.0675459002386,182.03942466239229,172.02496936000645,181.90376689638768,171.77706386564699,181.78149956739344,172.35802446643856,182.4840065002563,171.9218858083951,181.66864200571356,172.56754416604278,182.49594556341086,171.12972920980857,180.92707515914472,172.69275587106142,182.82078936812067,170.92104419090805,181.94862935958346,175.83841943129659,176.57021817880786,178.21228300490333,176.52819484530934
187.35349218612959,186.40388606193918,186.52449275027709,189.16285395702116,183.17448726088742,192.45965183378496,181.46982244892777,192.20072869570896,181.72313197463583,192.30658969957443,181.80154672511188,192.0818493129045,181.64754297627547,192.62087953228863,182.15530119754823,192.18771031676994,181.62551278002326,192.62087953228863,182.17733139380044,192.27725976281425,181.71381084961075,192.53133008624428,181.97870505837324,192.27725976281425,181.91243718503796,192.6738100342213,182.01014502193985,192.08184931290452,181.43894467944753,192.20072869570899,181.84625795399199,192.41245070343982,182.01014502193985,192.44906964755143,181.74459997680168,192.17139875894884,181.72256978054946,192.3065896995744,181.80210891919825,192.35952020150711,181.93455602357949,192.50200014948413,182.03217521819207,192.64448009746116,182.16462232257331,192.55493065141684,181.92184695235235,192.35952020150711,181.72256978054946,192.02891881097182,181.42228546793197,191.97598830903911,181.51058353751947,192.08184931290452,181.75400974411608,192.3065896995744,181.67842074575574,192.02891881097182,181.55868271260164,192.2536591976417,181.84625795399199,192.55493065141684,182.33245953080956,192.72674053615401,181.80210891919825,192.27725976281428,182.08903332421295,192.6738100342213,181.83354888276489,192.13477981483726,181.7352788517766,192.20072869570899,181.45767557178701,192.08184931290455,181.89916591972445,192.20072869570899,181.29378850383915,191.88643886299482,181.71324865552438,192.2536591976417,181.69169201106925,192.20072869570902,181.59351062237027,192.18771031676994,182.18730335520121,192.79268941702577,181.57139178382874,191.93363999333991,182.40804852916992,192.99382923852309,181.03228224127872,191.39460977395586,182.68565180915954,193.33744900799738,180.66638089170164,192.23976426176105,185.73681786118374,186.56387780543932,188.41063893793739,186.72203315564161
177.2065180596054,176.30752508075969,176.43837003955929,178.79100511998925,172.96194790134115,181.72004048470831,171.40227383646976,181.63285086651274,171.75410103153601,181.77066895563064,171.92272395749046,181.68783051306917,171.77538756745622,181.94575560806803,171.88015088565001,181.41833532764255,171.60927908878787,182.24274061677286,172.52580924329769,182.0282250779027,171.94233419521996,182.15049240689697,172.19275413686557,181.91789681206299,172.02580750910184,182.06549364122222,171.90059927247489,181.51058353751853,171.58883070196302,181.86291716550659,172.08799428706345,182.01014502193885,172.13056735890393,181.98265519866064,171.81712595859301,181.59342198007994,171.65101747992463,181.66034068979098,171.77622571655161,181.89040698878478,172.17146760094533,182.21272149765451,172.29667583757231,182.22213126496888,172.19275413686557,182.03547452210378,172.06670775114324,182.09298346450032,172.13056735890393,181.86507748861982,171.77622571655161,181.6509309224765,171.62973094400439,181.59342198007997,171.83841249451325,181.87232693282095,171.85969903043346,181.60283174739442,171.62973094400442,181.68567018995591,171.83841249451325,182.01014502193891,172.38014915145419,182.27023044005111,172.02580750910184,181.91789681206299,172.19275413686557,182.06549364122216,171.73365264471113,181.51058353751847,171.75577732972673,181.74317913235248,171.65017933082925,181.68783051306912,172.04793219411744,181.74317913235245,171.35802446643856,181.27110747121026,171.58966885105838,181.55001242395127,171.58799255286763,181.56593215680181,171.60928255717954,181.63032157067261,172.15101574572878,182.10492252765491,171.46362246533604,181.29606799864828,172.35886261553395,182.42035656505044,171.15101574572878,180.94589469377351,172.71404240698166,182.74520036976028,170.71236264039922,181.594874887147,175.42272916007801,176.24179320653644,178.06332123106469,176.52991818626879
187.68493581583269,186.74994035994595,186.91830440932162,189.33466384175833,183.05258890462005,192.30086032798684,181.41700312548463,192.28298913440184,181.80597041719736,192.34320864368604,181.8937949349878,192.21704025353009,181.70505191867204,192.37253858044619,181.62824988984963,191.69831742043652,181.38603671371504,192.70313997098148,182.44682657922701,192.41245070343982,181.68632102633256,192.51501852842318,182.06154350093476,192.35952020150711,181.85961786159481,192.42546908237887,181.68567018995688,191.97598830903911,181.61619165499818,192.47839958431157,182.0488344297076,192.44906964755143,181.98265519866163,192.53133008624428,181.89435712907414,192.25365919764172,181.69507995727128,192.20072869570899,181.68237088604414,192.39613914561875,182.13713249929509,192.77967103808672,182.30167040361863,192.77967103808675,182.13713249929506,192.53861909359574,182.00468539491385,192.67381003422133,182.19464144169163,192.58426058817699,181.98660533895003,192.4783995843116,181.86291716550753,192.34320864368601,181.92909639655349,192.53133008624431,181.94791593118231,192.3065896995744,181.76125918831721,192.34320864368601,181.84625795399199,192.50200014948413,182.21272149765548,192.6738100342213,181.89435712907414,192.41245070343984,182.14654226660949,192.56794903035589,181.628812083936,192.02891881097185,181.79278779417317,192.42546908237887,181.7525002573785,192.35952020150714,182.16866110515105,192.47839958431157,181.49636497955476,191.92305780710643,181.5935106223703,192.11117924966467,181.58136374522954,192.14779819377631,181.58410085505588,192.13477981483723,182.0769750893615,192.65020946904875,181.45165375067464,191.8277789894745,182.28831049601581,192.79841878861336,180.8022159422849,191.19919932404616,182.56591377600543,193.23158800413196,180.54664285854753,192.04435381185132,185.50675156218992,186.36846735552962,188.29090090478329,186.6691026537089
177.46009230523998,176.60525374979662,176.80375030142207,179.07528105746704,173.08715613796809,181.82706944663545,171.56838231513814,181.8668673057951,171.9414960461246,181.83684818667666,171.90143742157025,181.63427171096109,171.69191425357437,181.75653903995536,171.56838231513814,181.04246201666481,171.29583768847692,181.95911551567102,172.21404067278581,181.55143326839968,171.40059753827904,181.68962033024448,171.90059927247486,181.63427171096117,171.69275240266973,181.66429083007949,171.56754416604278,181.42228546793109,171.75493918063137,181.98660533894918,172.02580750910184,181.74459997680077,171.81712595859301,181.8943571290732,171.9636207311402,181.81151868651173,171.83841249451325,181.71711015352255,171.73365264471116,181.83684818667669,172.10928082298372,182.13383319538147,172.21320252369046,182.12442342806705,172.08799428706348,181.92184695235144,171.9636207311402,182.01409516222731,172.08799428706348,181.94717645251635,172.0045209731816,182.01409516222731,172.04709404502208,181.92184695235144,172.0045209731816,182.004685394913,172.02580750910184,181.9218469523515,172.02580750910184,182.01409516222739,172.02580750910184,181.9565862198308,172.08799428706348,181.92909639655258,171.75493918063137,181.75400974411519,172.10928082298372,181.98660533894918,171.67146586674951,181.54202350108517,171.9218858083951,181.98660533894918,171.8588608813381,181.86433800995488,172.25494091482722,182.10634337210328,171.79667410337646,181.63427171096112,171.79667757176816,181.71711015352264,171.77538756745622,181.78402886323357,171.75577732972675,181.66176153423928,172.10844267388833,182.16169199138653,171.65101747992463,181.42916593940529,172.29667583757231,182.05389302138707,170.60927908878787,180.48502261712099,172.42188754259095,182.58131330181243,170.65017586243761,181.50657681755959,175.31796931027588,176.12816563678405,177.94141467643286,176.40845681215524
187.56547842915958,186.70429886536468,186.96171396545037,189.44052484562371,183.15640720492362,192.40672133185225,181.55266089148927,192.47839958431155,182.02011698334061,192.50200014948416,181.94661425843091,192.17139875894881,181.61280370879615,192.33591963633458,181.63765965716405,191.66169847632491,181.29378850383915,192.4254690823789,181.97475491808487,191.85710892623464,181.21424936519037,192.20072869570899,181.88645684849735,192.13477981483723,181.59012267616825,192.20072869570899,181.60283174739536,192.08184931290452,181.84625795399199,192.58426058817699,181.9659959871461,192.17139875894884,181.59342198008096,192.20072869570899,181.69178065335853,192.21704025353009,181.81481799042535,192.39613914561872,181.91243718503796,192.50200014948413,182.05429405673357,192.50200014948413,181.91243718503796,192.44906964755143,181.93455602357946,192.41245070343982,181.92184695235235,192.44906964755143,181.83289804638918,192.17139875894884,181.63427171096197,192.3065896995744,181.89040698878574,192.35952020150711,181.84625795399199,192.39613914561872,181.88099722147135,192.44906964755143,182.05824419702199,192.6371910901097,182.05824419702199,192.50200014948413,182.00073525462545,192.34320864368601,181.51453367780786,192.08184931290455,181.93455602357949,192.47839958431157,181.63822185125039,192.08184931290455,181.90311606001288,192.47839958431157,181.66966181481703,192.22432926088158,182.10174239544008,192.6738100342213,181.91308802141364,192.35952020150714,181.91582513124001,192.39613914561872,181.90367825409925,192.53133008624431,181.88108586376066,192.27725976281425,182.10230458952643,192.7926894170258,181.74863875937942,192.12176143589818,182.40804852916992,192.6632278479878,180.53272075685834,191.06400838342057,182.59340359928362,193.33744900799738,180.66638089170164,192.09728431378403,185.50675156218995,186.36846735552962,188.29090090478329,186.6691026537089
177.23721436284004,176.45259261407872,176.72885207415092,179.12272939617333,173.21320252369043,181.95951655101652,171.69275587106139,182.07490340853653,172.25493744643552,182.22213126496882,172.23449252800233,181.83289804638818,171.77538756745622,181.95516537538245,171.90143742157022,181.427745094957,171.60927908878787,182.0474135852584,172.0675459002386,181.45307459512193,171.4840708521609,181.96457514269684,172.21404067278579,181.84230781370258,171.81712595859301,181.89765643298585,171.9218858083951,181.84230781370258,172.10928082298369,182.19464144169069,172.10928082298369,181.72256978054847,171.65101747992463,181.57534192411615,171.56754416604278,181.60283174739433,171.9218858083951,182.10239323181474,172.29667583757231,182.22213126496882,172.19275413686557,181.92514625626407,171.81712595859301,181.81481799042433,171.94317234431534,181.93455602357847,172.08799428706348,182.01739446613993,171.9218858083951,181.61224151470876,171.58883070196302,181.69507995727022,171.90059927247486,181.81481799042436,171.85969903043346,181.81481799042439,171.90059927247486,181.9251462562641,172.10928082298369,182.1023932318148,172.10928082298369,182.01014502193885,172.10928082298369,181.86291716550653,171.56754416604278,181.51058353751847,171.9218858083951,181.95516537538248,171.75493918063137,181.63032157067258,172.00535912227696,181.95516537538248,171.67146586674949,181.63032157067258,172.08883243615884,182.1852316743763,172.10844267388833,182.01014502193891,172.11011897207908,182.01014502193894,172.10844267388833,182.1852316743763,172.08883243615884,181.86038786966643,172.19191598777019,182.33498882664873,171.94317234431534,181.80503925038309,172.62973094400439,182.36284762265387,170.94233419521996,180.98063396125286,172.9849107354521,183.07692464594442,170.98323096886969,181.71461292030114,175.42272916007801,176.24179320653644,178.06332123106472,176.52991818626879
187.39280989407277,186.56181891738768,186.85138569961063,189.38759434369103,183.1469974376092,192.40672133185225,181.56207065880363,192.56794903035586,182.21328369174182,192.77967103808675,182.2255192111719,192.35952020150708,181.69564215135765,192.51501852842321,181.95997416603373,192.13477981483723,181.79334998825951,192.8456199189585,182.26957960367633,192.22432926088155,181.68632102633254,192.75607047291419,182.35852850963951,192.50200014948413,181.88494736175974,192.56794903035592,181.98265519866166,192.35952020150711,181.93850616386788,192.6208795322886,182.0488344297076,192.35952020150711,181.78007872294603,192.20072869570899,181.5051239104935,192.06553775508345,181.81481799042535,192.6371910901097,182.30167040361863,192.77967103808675,182.13713249929509,192.39613914561872,181.68237088604414,192.25365919764172,181.81481799042538,192.44906964755143,182.12442342806796,192.72674053615404,182.10239323181577,192.3065896995744,181.60678188768375,192.20072869570902,181.77066895563163,192.2536591976417,181.72651992083786,192.2536591976417,181.77066895563163,192.3065896995744,181.84625795399202,192.39613914561872,181.88099722147132,192.50200014948413,182.17798223017613,192.53133008624428,181.60678188768378,192.02891881097185,181.81481799042538,192.42546908237887,181.63822185125039,192.08184931290455,181.90311606001288,192.42546908237887,181.5499237816629,192.08184931290455,181.99141412960034,192.6208795322886,181.90367825409925,192.30658969957443,181.80549686540027,192.30658969957437,181.90367825409925,192.62087953228863,181.99141412960037,192.27725976281425,181.99197632368671,192.65020946904875,181.62890072622531,192.15838038000979,182.61062500488552,193.08337868456741,181.12453045115461,191.72521116449116,183.18521329357992,193.75759984457699,180.86895736741724,192.18683375982835,185.50675156218995,186.36846735552962,188.29090090478329,186.6691026537089
177.0694859436154,176.28293924092685,176.55416850887184,178.95554302431287,173.06586960204788,181.82706944663539,171.58966885105838,181.97719557163475,172.16979130275459,182.12442342806708,172.13140550799932,181.7192704766359,171.67062771765413,181.97719557163475,172.08883243615884,181.77208980007902,172.02496936000648,182.47675705605519,172.46362246533604,181.8570885657538,171.8588608813381,182.26477081302517,172.35886261553395,181.93992700831529,171.94233419521998,182.06219433730956,172.02580750910184,181.7098607093215,171.75493918063137,181.88494736175889,172.0045209731816,181.9218469523515,172.04709404502208,181.89435712907326,171.73365264471116,181.62486194364664,171.83841249451325,182.01409516222736,172.21320252369046,182.12442342806708,172.08799428706348,181.80210891919737,171.69275240266975,181.68237088604326,171.81712595859301,181.91243718503708,172.21320252369046,182.30167040361775,172.29667583757231,181.91243718503702,171.73365264471113,181.6823708860432,171.77622571655161,181.6823708860432,171.73365264471116,181.68237088604326,171.77622571655161,181.69178065335768,171.75493918063137,181.71711015352261,171.81712595859301,181.95658621983083,172.29667583757231,182.10634337210331,171.7549391806314,181.54202350108523,171.83841249451325,181.86686730579507,171.67146586674951,181.54202350108517,171.9218858083951,181.86686730579507,171.58799255286763,181.54202350108517,172.00535912227699,181.98660533894918,171.77538756745622,181.51453367780701,171.54709577921793,181.51453367780704,171.77538756745622,181.98660533894918,172.00535912227699,181.66176153423928,171.8588608813381,181.83937748251682,171.38014915145416,181.41975617209087,172.54625763012254,182.57153456177124,171.3384107603174,181.29964916620995,173.15101921412048,183.09895484219666,170.89975765498784,181.6169050833993,175.31796931027588,176.12816563678405,177.94141467643286,176.40845681215524
187.47294957280269,186.53907700256474,186.68365966986394,189.24511439571398,183.13758767029481,192.49627077789657,181.68180869195777,192.53133008624425,182.01070721602622,192.44906964755145,181.83628599259123,192.02891881097182,181.49306567564204,192.4254690823789,181.95997416603376,192.13477981483723,181.79334998825954,192.89855042089121,182.38931763683047,192.33019026474696,181.71381084961075,192.62087953228863,182.08903332421295,192.27725976281425,181.80210891919825,192.53133008624428,181.89040698878574,192.02891881097182,181.4389446794475,192.20072869570899,181.84625795399202,192.50200014948413,182.21272149765545,192.72674053615401,182.01409516222827,192.35952020150711,181.81481799042538,192.39613914561872,181.91243718503796,192.44906964755143,181.93455602357949,192.3065896995744,181.68237088604414,192.2536591976417,181.81481799042538,192.44906964755143,182.12442342806796,192.72674053615401,182.10239323181574,192.3065896995744,181.60678188768375,192.20072869570899,181.77066895563163,192.2536591976417,181.72651992083789,192.2536591976417,181.77066895563163,192.3065896995744,181.84625795399199,192.39613914561872,181.88099722147135,192.55493065141684,182.29772026333026,192.72674053615401,181.8368481866776,192.22432926088155,181.93455602357949,192.47839958431157,181.63822185125039,192.08184931290455,181.90311606001288,192.42546908237887,181.54992378166293,192.08184931290455,181.99141412960037,192.53133008624428,181.70110177838365,191.97598830903914,181.41626364681963,191.97598830903911,181.70110177838365,192.53133008624431,181.99141412960037,192.18771031676994,181.78939984797111,192.31960807851348,181.23966750764464,191.8807094914072,182.52778656232405,193.0996902423885,181.15202027443286,191.59002022386559,182.91571810815333,193.4799289559744,180.66638089170164,192.09728431378403,185.50675156218995,186.36846735552962,188.29090090478329,186.6691026537089
177.4185043026354,176.40114643367949,176.34942652220457,178.80041488730362,173.19191598777019,182.16209302673212,171.96362419953186,182.08431317585095,172.00535565388529,181.81481799042436,171.75494264902304,181.42558477184372,171.52580577490599,181.84483710954277,171.90143742157022,181.427745094957,171.60927908878787,182.1671516184125,172.33841422870907,181.78479887130604,171.75493918063137,181.99931441017617,172.00535912227696,181.6744706054663,171.83841249451322,181.99931441017617,171.9218858083951,181.43499453915811,171.38014915145416,181.58475169143063,171.85969903043346,182.04488428941821,172.42104939349557,182.42470774068448,172.31796237349252,182.01955478925325,171.9218858083951,181.80540822310999,171.81712595859301,181.81481799042439,171.94317234431534,181.81481799042439,171.81712595859301,181.81481799042439,171.94317234431534,181.93455602357849,172.08799428706348,182.01739446613999,171.9218858083951,181.61224151470876,171.58883070196302,181.69507995727022,171.90059927247486,181.81481799042436,171.85969903043346,181.81481799042439,171.90059927247486,181.9251462562641,172.10928082298369,182.10239323181483,172.10928082298369,182.12988305509302,172.38014915145416,182.3049697075304,172.08799428706345,181.95263607954232,172.19275413686557,182.07490340853658,171.75493918063137,181.63032157067258,172.00535912227696,181.95516537538248,171.67146586674949,181.63032157067258,172.08883243615884,182.07490340853658,171.8588608813381,181.60283174739436,171.63056909309978,181.60283174739439,171.8588608813381,182.07490340853656,172.08883243615884,181.75005960382671,171.94233419521996,181.92767555210423,171.46362246533604,181.5174640089927,172.65101747992463,182.58424363299827,171.21320252369043,181.01537322873213,172.77622918494328,182.78934940455403,170.73364917631946,181.60428465446142,175.42272916007801,176.24179320653644,178.06332123106472,176.52991818626879
187.86134055221555,186.67327006887621,186.4622358994252,189.05699295315574,183.23199620328398,192.73732272238755,181.88438516767337,192.47839958431155,181.7806409170324,192.25365919764172,181.71654795943709,191.97598830903908,181.49306567564204,192.33591963633458,181.75739769031813,191.80417842430194,181.40411676967884,192.56794903035592,182.18674116111484,192.18771031676994,181.59407281645665,192.4254690823789,181.85896702521913,192.08184931290452,181.68237088604414,192.47839958431157,181.89040698878574,192.02891881097182,181.43894467944753,192.20072869570899,181.84625795399199,192.50200014948413,182.21272149765545,192.72674053615401,182.01409516222827,192.35952020150714,181.81481799042535,192.39613914561872,181.91243718503796,192.44906964755143,181.93455602357949,192.3065896995744,181.68237088604414,192.2536591976417,181.81481799042538,192.3065896995744,181.80210891919825,192.2536591976417,181.60283174739538,191.97598830903911,181.51453367780786,192.25365919764172,181.89040698878574,192.3065896995744,181.72651992083786,192.2536591976417,181.77066895563163,192.39613914561872,182.04883442970763,192.58426058817699,181.94791593118228,192.44906964755143,182.08357369718695,192.6208795322886,181.90376689638856,192.41245070343982,182.13713249929509,192.56794903035589,181.63822185125039,192.08184931290455,181.90311606001288,192.42546908237887,181.5499237816629,192.08184931290455,181.99141412960034,192.6208795322886,181.90367825409925,192.30658969957443,181.80549686540027,192.30658969957437,181.90367825409925,192.62087953228863,181.99141412960037,192.27725976281425,181.99197632368671,192.65020946904875,181.62890072622531,192.2113108819425,182.73036303803963,193.13630918650011,181.03228224127872,191.39460977395586,182.68565180915954,193.28451850606467,180.54664285854753,192.04435381185132,185.50675156218995,186.36846735552962,188.29090090478329,186.6691026537089
177.80842528177925,176.62614238639688,176.34558517092776,178.77829604876226,173.29583768847695,182.21630266521612,171.83925064360861,181.76520932860475,171.64934118173389,181.68237088604326,171.86053717952885,181.59953244348179,171.67062771765413,181.86686730579504,171.83925064360861,181.36477652553452,171.54541948102718,182.0694437815107,172.21404067278581,181.62702226675998,171.58799255286763,181.82271827100135,171.83841249451325,181.49787446629148,171.67146586674951,181.94245630415546,172.02580750910184,181.7098607093215,171.75493918063137,181.88494736175889,172.0045209731816,181.9218469523515,172.04709404502208,181.89435712907326,171.73365264471116,181.62486194364664,171.83841249451325,182.01409516222736,172.21320252369046,182.12442342806708,172.08799428706348,181.80210891919737,171.69275240266975,181.68237088604326,171.81712595859301,181.68237088604326,171.69275240266975,181.57204262020355,171.56754416604278,181.50512391049253,171.73365264471113,181.8943571290732,172.04709404502208,181.80210891919731,171.73365264471116,181.68237088604326,171.77622571655161,181.80210891919739,172.0045209731816,181.89435712907328,171.77622571655161,181.62486194364672,171.79583942267277,181.77461909591921,171.71403893858999,181.7192704766359,172.08799428706348,181.97719557163478,171.67146586674951,181.54202350108517,171.9218858083951,181.86686730579507,171.58799255286763,181.54202350108517,172.00535912227699,182.09693360478889,172.02496936000648,181.9218469523515,172.02664565819722,181.9218469523515,172.02496936000648,182.09693360478886,172.00535912227699,181.77208980007899,172.10844267388833,182.24669075706132,171.85969903043346,181.82706944663536,172.79583942267277,182.56212479445685,171.06754243184693,180.8575966241861,172.63056909309978,182.65690230017282,170.62888932651737,181.4971670502452,175.31796931027588,176.12816563678405,177.94141467643286,176.40845681215524
188.15346647397547,186.95094095747876,186.73173108485182,189.24511439571398,183.32424441315987,192.68439222045484,181.67239892464337,192.23734763982057,181.60339394148173,192.30658969957443,182.0135329681419,192.35952020150711,181.81538018451175,192.56794903035592,181.95997416603376,192.13477981483723,181.79334998825954,192.89855042089121,182.38931763683047,192.27725976281425,181.59407281645665,192.4254690823789,181.85896702521913,192.08184931290452,181.68237088604414,192.56794903035589,182.09298346450134,192.41245070343982,181.94791593118228,192.6738100342213,182.15916269554734,192.50200014948413,181.89981675610014,192.2536591976417,181.5051239104935,192.06553775508343,181.81481799042538,192.6371910901097,182.30167040361863,192.77967103808672,182.13713249929509,192.39613914561872,181.68237088604414,192.2536591976417,181.81481799042538,192.2536591976417,181.68237088604414,192.20072869570899,181.69507995727125,192.3065896995744,182.01409516222824,192.72674053615401,182.21272149765545,192.44906964755143,181.72651992083789,192.2536591976417,181.77066895563163,192.3065896995744,181.84625795399199,192.2536591976417,181.55868271260164,192.02891881097182,181.67842074575577,192.20072869570899,181.51453367780789,192.08184931290452,181.93455602357949,192.47839958431157,181.63822185125039,192.08184931290455,181.90311606001288,192.42546908237887,181.54992378166293,192.08184931290455,181.99141412960037,192.62087953228857,181.90367825409925,192.30658969957443,181.8054968654003,192.3065896995744,181.90367825409922,192.62087953228863,181.99141412960037,192.27725976281425,181.99197632368671,192.65020946904878,181.62890072622531,192.2113108819425,182.73036303803966,193.13630918650011,181.03228224127875,191.39460977395589,182.68565180915954,193.28451850606467,180.54664285854753,192.04435381185132,185.50675156218995,186.36846735552962,188.29090090478329,186.6691026537089
177.77841436102534,176.68872167506987,176.5581080727134,178.88541365297846,173.19191598777022,182.04235499357804,171.69275587106139,181.78732816714617,171.79667410337646,181.93455602357847,172.23449252800233,182.04488428941821,172.04625589592669,182.1852316743763,172.15101921412045,181.8350583695015,172.08882896776717,182.574464892957,172.5879960212593,181.89512713714575,171.75493918063137,181.99931441017617,172.00535912227696,181.6744706054663,171.83841249451322,182.10964267601588,172.17146760094533,181.96204584685671,172.13056735890393,182.31437947484483,172.35886261553392,182.04488428941821,171.9218858083951,181.69507995727028,171.56754416604275,181.60283174739436,171.9218858083951,182.10239323181477,172.29667583757231,182.22213126496888,172.19275413686557,181.9251462562641,171.81712595859301,181.81481799042439,171.94317234431534,181.81481799042439,171.81712595859301,181.80540822310999,171.9218858083951,182.01955478925325,172.31796237349255,182.42470774068443,172.42104939349557,182.04488428941818,171.85969903043346,181.81481799042439,171.90059927247486,181.81481799042439,171.85969903043346,181.69507995727034,171.62973094400439,181.61224151470881,171.8809855663537,181.7873281671462,171.60844440808415,181.54532280499782,171.94317234431534,181.96457514269687,171.75493918063137,181.63032157067258,172.00535912227696,181.95516537538248,171.67146586674949,181.63032157067258,172.08883243615884,182.07490340853658,171.8588608813381,181.60283174739436,171.63056909309978,181.60283174739439,171.8588608813381,182.07490340853656,172.08883243615884,181.75005960382671,171.94233419521996,181.92767555210423,171.46362246533604,181.5174640089927,172.65101747992463,182.58424363299827,171.21320252369043,181.01537322873213,172.77622918494328,182.78934940455403,170.73364917631946,181.60428465446142,175.42272916007801,176.24179320653644,178.06332123106472,176.52991818626879
187.6456181078895,186.59200750449747,186.59141145998802,189.10992345508842,183.08007872789824,192.49627077789657,181.64706942447845,192.38885013826723,181.81538018451172,192.44906964755145,182.12386123398159,192.5020001494841,181.93511821766586,192.62087953228863,181.95997416603373,192.13477981483723,181.79334998825951,192.89855042089121,182.38931763683044,192.33019026474696,181.71381084961075,192.62087953228863,182.08903332421295,192.27725976281425,181.80210891919825,192.53133008624428,181.89040698878574,192.22432926088155,181.88099722147135,192.72674053615401,182.25357122853649,192.50200014948413,181.80540822311096,192.20072869570899,181.57204262020443,192.16410975159741,181.81481799042535,192.39613914561872,181.91243718503796,192.44906964755143,181.93455602357949,192.3065896995744,181.68237088604414,192.2536591976417,181.81481799042538,192.3065896995744,181.80210891919825,192.34320864368601,181.80540822311096,192.35952020150711,182.02350492954264,192.77967103808675,182.32304976349516,192.59154959552845,181.84625795399197,192.3065896995744,181.77066895563163,192.3065896995744,181.84625795399202,192.34320864368601,181.76125918831721,192.35952020150711,182.06765396433642,192.53133008624428,181.71711015352349,192.17139875894884,181.93455602357949,192.47839958431157,181.63822185125039,192.08184931290455,181.90311606001288,192.42546908237887,181.5499237816629,192.08184931290455,181.99141412960034,192.53133008624428,181.70110177838365,191.97598830903914,181.4162636468196,191.97598830903908,181.70110177838365,192.53133008624431,181.99141412960037,192.18771031676994,181.78939984797111,192.31960807851345,181.23966750764464,191.8807094914072,182.52778656232402,193.0467597404558,181.03228224127872,191.39460977395586,182.68565180915954,193.28451850606467,180.54664285854753,192.04435381185132,185.50675156218995,186.36846735552962,188.29090090478329,186.6691026537089
177.10018224685004,176.20735024256646,176.34548695836301,178.81303531624152,173.12805638000953,182.03905568966539,171.79835040156721,181.95186607146982,171.92020951020436,181.91243718503708,172.11011897207908,181.9218469523515,171.9414960461246,181.98660533894915,171.83925064360861,181.36477652553452,171.54541948102718,182.0694437815107,172.21404067278581,181.74676029991409,171.8588608813381,182.26477081302517,172.35886261553395,181.93992700831529,171.94233419521998,181.95186607146985,171.77622571655161,181.53261373377083,171.79583942267277,182.09693360478889,172.23448905961067,181.92184695235144,171.81712595859301,181.6823708860432,171.69275240266973,181.6917806533576,171.83841249451325,181.71711015352258,171.73365264471116,181.71711015352258,171.83841249451325,181.69178065335765,171.69275240266975,181.68237088604326,171.81712595859301,181.80210891919731,171.9636207311402,181.8943571290732,171.81712595859301,181.62486194364664,171.75493918063137,182.01409516222731,172.29667583757231,182.12442342806702,172.00452097318163,181.80210891919737,171.77622571655161,181.80210891919739,172.0045209731816,182.004685394913,172.02580750910184,182.03217521819121,172.27538930165207,182.1819323704637,171.96362073114022,181.82959874247561,172.08799428706348,181.97719557163478,171.67146586674951,181.54202350108517,171.9218858083951,181.86686730579507,171.58799255286763,181.54202350108517,172.00535912227699,181.98660533894918,171.77538756745625,181.51453367780701,171.54709577921793,181.51453367780701,171.77538756745625,181.98660533894915,172.00535912227699,181.66176153423928,171.8588608813381,181.83937748251682,171.38014915145416,181.41975617209087,172.54625763012254,182.45179652861714,171.06754243184693,180.8575966241861,172.63056909309978,182.65690230017282,170.62888932651737,181.4971670502452,175.31796931027588,176.12816563678405,177.94141467643286,176.40845681215524
187.39280989407277,186.50888841545495,186.73164766645655,189.38759434369101,183.3589836806392,192.73732272238755,181.84964590019405,192.56794903035586,181.92570845035144,192.44906964755145,182.0135329681419,192.35952020150711,181.81538018451175,192.4783995843116,181.75739769031816,191.80417842430194,181.40411676967886,192.51501852842321,182.06700312796076,192.13477981483723,181.68632102633254,192.75607047291419,182.35852850963951,192.50200014948413,181.88494736175977,192.42546908237887,181.66034068979192,192.02891881097182,181.76125918831721,192.6208795322886,182.13383319538238,192.35952020150711,181.69507995727125,192.20072869570899,181.68237088604414,192.2536591976417,181.81481799042538,192.2536591976417,181.68237088604414,192.2536591976417,181.81481799042538,192.2536591976417,181.68237088604414,192.20072869570899,181.69507995727125,192.2536591976417,181.89435712907414,192.44178064019997,181.78007872294603,192.06553775508343,181.53986317797279,192.39613914561872,182.18739199749052,192.6901215920424,182.0488344297076,192.34320864368601,181.65093092247753,192.2536591976417,181.93850616386788,192.58426058817699,182.05824419702202,192.59154959552845,182.20331173034108,192.6738100342213,181.90376689638856,192.41245070343982,182.13713249929509,192.56794903035589,181.63822185125039,192.08184931290455,181.90311606001288,192.42546908237887,181.54992378166293,192.08184931290455,181.99141412960037,192.62087953228857,181.90367825409925,192.30658969957443,181.8054968654003,192.3065896995744,181.90367825409925,192.62087953228863,181.99141412960037,192.27725976281425,181.99197632368671,192.59727896711607,181.5091626930712,192.01590043203277,182.50029673904584,192.94089873659038,180.91254420812464,191.34167927202319,182.68565180915954,193.28451850606467,180.54664285854753,192.04435381185132,185.50675156218995,186.36846735552962,188.29090090478329,186.6691026537089
177.2065180596054,176.40844357928501,176.66666529618928,179.17298889436879,173.42188407419926,182.24709179240691,171.94233766361162,182.10023290870149,172.04625589592669,181.93455602357847,171.9849107354521,181.7225697805485,171.77538756745622,181.95516537538248,171.90143742157022,181.427745094957,171.60927908878787,182.0474135852584,172.0675459002386,181.45307459512193,171.4840708521609,181.9645751426969,172.21404067278581,181.84230781370263,171.81712595859298,181.7779183998318,171.65101747992463,181.51999330483289,171.85969903043346,182.07490340853658,172.08799428706345,181.72256978054847,171.67230401584487,181.69507995727025,171.81712595859301,181.80540822310996,171.9218858083951,181.78007872294506,171.77622571655161,181.78007872294506,171.9218858083951,181.80540822310999,171.81712595859301,181.69507995727028,171.67230401584487,181.60283174739436,171.81712595859301,181.8723269328209,171.8809855663537,181.60283174739436,171.60844440808418,181.80540822310994,172.13056735890393,182.11180299912914,172.10928082298369,181.80540822310999,171.62973094400439,181.60283174739439,171.85969903043346,181.99206496597512,172.10928082298369,182.04488428941823,172.17146760094533,182.01739446614002,171.83841249451322,181.8423078137026,172.19275413686557,182.07490340853658,171.75493918063137,181.63032157067258,172.00535912227696,181.95516537538248,171.67146586674949,181.63032157067258,172.08883243615884,182.1852316743763,172.10844267388833,182.01014502193891,172.11011897207908,182.01014502193894,172.10844267388833,182.1852316743763,172.08883243615884,181.86038786966643,172.19191598777019,182.21525079349462,171.67230401584487,181.48272474151338,172.38014915145416,182.25251935681416,170.94233419521996,180.89563519557808,172.77622918494328,182.78934940455403,170.73364917631946,181.60428465446142,175.42272916007801,176.24179320653644,178.06332123106472,176.52991818626879
187.56547842915958,186.70429886536471,186.96171396545034,189.49345534755645,183.2761452380777,192.54920127982928,181.66298915732895,192.47839958431155,181.9097887175009,192.35952020150714,181.82687622527681,192.1184682570161,181.61280370879612,192.4783995843116,181.95997416603373,192.13477981483723,181.79334998825951,192.75607047291419,182.06700312796073,191.80417842430194,181.09451133203629,192.14779819377631,181.88645684849735,192.13477981483723,181.59012267616825,192.14779819377628,181.48309371424125,191.9393693649275,181.73592968815228,192.47839958431157,181.8368481866776,192.02891881097182,181.49250348155564,192.2536591976417,181.91243718503796,192.44906964755145,181.93455602357946,192.3065896995744,181.68237088604414,192.3065896995744,181.93455602357946,192.39613914561872,181.79269915188385,192.16410975159738,181.50191324887004,191.97598830903911,181.61545217633318,192.34320864368604,181.89981675610014,192.26997075546279,181.72651992083786,192.39613914561875,182.00073525462545,192.50200014948413,181.96599598714607,192.3065896995744,181.55868271260164,191.97598830903911,181.55868271260164,192.2536591976417,181.84625795399199,192.41245070343982,182.01014502193985,192.39613914561872,181.62486194364757,192.22432926088155,182.0542940567336,192.53133008624428,181.63822185125039,192.08184931290455,181.90311606001288,192.42546908237887,181.5499237816629,192.08184931290455,181.99141412960034,192.6738100342213,182.02341628725335,192.50200014948416,182.03556316439409,192.5020001494841,182.02341628725335,192.67381003422133,181.99141412960037,192.33019026474696,182.11171435684082,192.65020946904875,181.41691448319531,191.68529904149747,182.00073525462543,192.52074790001078,180.70996773240901,191.34167927202316,182.79598007499925,193.33744900799738,180.55605262586192,192.09728431378403,185.61707982802966,186.51094730350664,188.41063893793739,186.72203315564161
177.49078860847462,176.64940278459028,176.86593707938371,179.14475959242563,173.14934291592976,181.86180871411472,171.56838231513814,181.84153780563011,171.9005958040832,181.80210891919731,171.88015088565001,181.62486194364666,171.69191425357437,181.98660533894915,172.08883243615884,181.77208980007902,172.02496936000648,182.36642879021548,172.21404067278581,181.33944702536962,171.12972920980857,181.56988229709032,171.90059927247489,181.63427171096112,171.69275240266975,181.66429083007944,171.56754416604278,181.42228546793106,171.75493918063137,181.86686730579504,171.75493918063137,181.42228546793106,171.56754416604278,181.8943571290732,172.21320252369043,182.13383319538141,172.10928082298372,181.83684818667663,171.73365264471113,181.83684818667663,172.10928082298372,182.01409516222731,171.94233419521996,181.6917806533576,171.58883070196302,181.51453367780692,171.73365264471113,181.91968662923813,172.08799428706348,181.93125671966581,171.98490726706044,182.01409516222731,172.06670775114324,181.94717645251635,172.02580750910187,181.90376689638765,171.77622571655161,181.51453367780701,171.54625763012254,181.5973721203685,171.75493918063137,181.81151868651173,172.04709404502208,181.8943571290732,171.73365264471113,181.74459997680077,172.10928082298372,181.98660533894918,171.67146586674951,181.54202350108517,171.9218858083951,181.86686730579507,171.58799255286763,181.54202350108517,172.00535912227699,182.10634337210328,172.04625589592669,181.95658621983083,172.06754590023863,181.95658621983085,172.04625589592669,182.10634337210328,172.00535912227699,181.78149956739338,172.12972920980857,182.05136372554682,171.38014915145416,181.01244289754638,171.81712595859301,181.84190677835704,170.8179606392967,180.94984483406202,172.88015088565001,182.77664033332695,170.65017586243761,181.6169050833993,175.56755110282612,176.45048014565376,178.21228300490333,176.52819484530934
187.8576043509195,186.94535080985565,187.14837070831544,189.53007429166803,183.17232693777416,192.35379082991955,181.41700312548463,192.28298913440182,181.80597041719733,192.39613914561875,182.0135329681419,192.35952020150711,181.81538018451172,192.62087953228863,182.07971219918787,192.27725976281425,181.90367825409925,192.8456199189585,182.15925133783665,191.9393693649275,181.24426848430875,192.31960807851345,182.06154350093473,192.3065896995744,181.73987982844071,192.28298913440184,181.57534192411717,191.97598830903911,181.72651992083789,192.42546908237887,181.72651992083789,191.97598830903911,181.57534192411714,192.53133008624428,182.30167040361863,192.77967103808672,182.13713249929506,192.39613914561872,181.68237088604414,192.39613914561872,182.13713249929506,192.58426058817699,181.85961786159481,192.20072869570899,181.61008119159646,192.2536591976417,181.97935589474892,192.6738100342213,182.12772273198067,192.44906964755143,181.90376689638853,192.58426058817699,182.09298346450134,192.53861909359574,182.0488344297076,192.58426058817699,181.94791593118231,192.3065896995744,181.76125918831724,192.2902781417533,181.72651992083789,192.3065896995744,181.98265519866163,192.53133008624428,181.89435712907414,192.50200014948413,182.2568705324492,192.6208795322886,181.63822185125039,192.08184931290455,181.90311606001288,192.42546908237887,181.54992378166293,192.02891881097185,181.87167609644627,192.47839958431157,181.79334998825954,192.30658969957443,181.91582513124001,192.44906964755143,182.02341628725335,192.67381003422133,181.99141412960037,192.33019026474696,182.11171435684082,192.65020946904878,181.41691448319531,191.68529904149747,182.00073525462545,192.61029734605509,180.91254420812464,191.52980071458143,182.86289878471018,193.28451850606467,180.46164409287275,192.13390325789564,185.79432680358033,186.69906874606491,188.44995664588058,186.5493646205548
177.56642811799534,176.70542858798984,176.89663338261835,179.16357912705445,173.17062945184998,181.80503925038315,171.40227383646976,181.6581803666777,171.79500127357738,181.92514625626404,172.21487882188117,182.01955478925325,172.02496936000645,182.18523167437627,172.17230575004069,181.75005960382671,171.8588608813381,182.15774185109817,172.0675459002386,181.41833532764269,171.42188407419926,181.92042610790324,172.19275413686557,181.79815877890897,171.75493918063137,181.74317913235248,171.65101747992463,181.51058353751847,171.83841249451322,181.95516537538248,171.83841249451322,181.51058353751847,171.65101747992463,181.98265519866064,172.29667583757231,182.21272149765443,172.17146760094533,181.89040698878475,171.77622571655161,181.89040698878472,172.17146760094533,181.98265519866064,171.77622571655161,181.59342198007994,171.69191772196604,181.89040698878475,172.25577559553091,182.27964020736539,172.17146760094533,181.82348827907379,171.81712595859301,181.98265519866061,172.13056735890393,182.01014502193885,172.08799428706345,182.09298346450041,172.10928082298372,182.01014502193894,172.10928082298372,181.98265519866069,171.83841249451322,181.71316001323407,171.90059927247486,181.98265519866064,172.04709404502208,182.12988305509296,172.4423359294158,182.1852316743763,171.75493918063137,181.63032157067258,172.00535912227696,181.95516537538248,171.67146586674949,181.51058353751847,171.81796410768837,181.74317913235248,171.58799255286763,181.56809247991509,171.83925064360861,181.89040698878483,172.10844267388833,182.1852316743763,172.08883243615884,181.86038786966643,172.19191598777019,182.21525079349462,171.67230401584487,181.48272474151338,172.38014915145419,182.36284762265393,171.19191598777022,181.07288217112878,172.73532894290187,182.577363161524,170.50368108989039,181.59487488714703,175.63141071058683,176.41904018208712,177.94358319791061,176.04706361476832
187.6456181078895,186.68155695054176,186.79398793570363,189.29804489764672,183.14699743760923,192.35379082991955,181.35008441577364,192.14779819377625,181.72313197463583,192.50200014948416,182.24359926713572,192.55493065141681,181.93511821766583,192.67381003422133,182.07971219918784,192.18771031676994,181.70110177838365,192.56794903035592,181.88975615241006,191.80417842430194,181.27175830758694,192.33591963633455,181.97870505837324,192.08184931290452,181.47038464301411,192.14779819377628,181.60283174739538,192.08184931290452,181.84625795399199,192.53133008624428,181.84625795399199,192.08184931290452,181.60283174739536,192.39613914561872,182.03217521819207,192.50200014948416,181.93455602357946,192.3065896995744,181.68237088604414,192.30658969957443,181.93455602357946,192.2536591976417,181.47038464301414,191.92305780710643,181.52724274903497,192.3065896995744,182.08968416058863,192.63719109010972,181.93455602357946,192.17139875894884,181.62486194364757,192.39613914561875,182.01014502193985,192.41245070343982,181.84625795399199,192.39613914561872,181.88099722147135,192.50200014948413,182.1779822301761,192.6371910901097,181.84625795399199,192.17139875894884,181.71316001323507,192.39613914561872,181.92184695235235,192.60786115334957,182.37660856560331,192.6738100342213,181.63822185125039,192.13477981483726,182.02285409316698,192.6208795322886,181.77999008065672,192.13477981483726,181.78883765388474,192.20072869570899,181.40411676967886,191.97598830903914,181.71324865552438,192.35952020150708,182.02341628725335,192.67381003422133,181.99141412960037,192.33019026474696,182.11171435684082,192.73975891509306,181.61949095891092,192.06883093396547,182.5097065063602,192.99382923852309,181.02287247396433,191.34167927202316,182.48307533344391,193.00684761746209,180.36939588299686,192.09728431378403,185.71148836101884,186.42139785746232,187.97117398125559,186.0161867543039
177.31216848988004,176.30097159548626,176.25654344100829,178.71211681771621,173.10844267388833,181.95405692399061,171.60928255717954,181.78402886323352,171.92188234000344,182.13383319538141,172.40060100667071,182.06691448567048,171.96278258204484,182.10634337210325,172.08883243615884,181.6617615342393,171.77538756745622,182.07885354882507,172.00535912227699,181.37418629284889,171.40059753827902,181.79127830743465,171.9218858083951,181.46643450272478,171.4840708521609,181.69903009755873,171.83841249451325,181.75400974411517,172.02580750910184,182.10634337210325,172.02580750910184,181.75400974411517,171.83841249451325,181.92909639655252,172.0045209731816,181.84625795399103,171.85969903043349,181.72651992083692,171.73365264471113,181.72651992083692,171.85969903043349,181.60678188768281,171.46278431624066,181.40420541196721,171.61011723788326,181.72651992083692,171.98323443726136,181.92909639655252,171.85969903043349,181.64368147827543,171.75493918063137,181.92909639655252,172.08799428706348,181.84625795399106,171.77622571655161,181.72651992083695,171.81712595859301,181.9565862198308,172.29667583757231,182.22608140525739,172.02580750910184,181.75400974411517,171.83841249451325,181.92909639655252,172.0045209731816,182.07632425298488,172.38014915145419,182.10634337210328,171.67146586674951,181.66176153423928,172.19275413686557,182.30891984781888,172.10844267388833,181.87374777726927,172.02664565819722,181.8187681307129,171.56670601694739,181.5492729452863,171.8179641076884,181.84625795399108,172.04625589592669,182.10634337210328,172.00535912227699,181.78149956739338,172.12972920980857,182.16169199138653,171.62973094400439,181.53949420524501,172.56754416604278,182.46120629593153,171.06754243184693,180.77259785851132,172.42188754259095,182.48906509193657,170.65017586243761,181.71856306058959,175.58883763874636,176.16290490426337,177.62240486008432,175.87129977821462
187.68867201712874,186.47785961896645,186.2321696004314,188.86158250324598,183.11225817012988,192.63146171852213,181.76464713451927,192.47839958431155,181.9926271600624,192.72674053615404,182.32643770969722,192.50200014948413,181.82478995182615,192.62087953228863,182.07030243187347,192.22432926088155,181.79334998825954,192.75607047291419,182.15925133783662,192.08184931290452,181.47433478330254,192.37253858044616,181.85896702521913,192.02891881097182,181.56263285289003,192.42546908237887,181.98265519866166,192.35952020150711,181.93850616386791,192.56794903035589,181.92909639655349,192.3065896995744,181.87232693282192,192.53133008624428,182.00468539491388,192.39613914561872,181.81481799042538,192.2536591976417,181.68237088604414,192.2536591976417,181.81481799042538,192.20072869570899,181.56263285289003,192.11117924966467,181.70448972458567,192.2536591976417,181.79269915188385,192.2902781417533,181.69507995727128,192.16410975159738,181.78402886323443,192.53133008624428,182.09298346450137,192.39613914561872,181.72651992083789,192.2536591976417,181.77066895563163,192.44906964755143,182.16857246286173,192.6738100342213,181.93850616386788,192.35952020150711,181.98265519866163,192.6208795322886,182.00468539491388,192.55493065141684,182.26628029976359,192.6208795322886,181.628812083936,192.17139875894887,182.11510230304287,192.80900097484687,182.04948526608331,192.44906964755145,182.07425257216187,192.42546908237887,181.56328368926572,192.1111792496647,181.79608709808591,192.34320864368601,181.90367825409925,192.4783995843116,181.76134783060655,192.13477981483723,181.99197632368671,192.59727896711607,181.41691448319531,191.8277789894745,182.32304976349513,192.85134929054607,180.88721470795969,191.28874877009045,182.59124327617036,193.28451850606467,180.7332996014126,192.37495520238662,185.81965630374526,186.45801680157393,188.12764213701087,186.40688467257777
177.52415473291006,176.28426468256637,175.91801813110334,178.42454157632588,173.10844267388833,182.18486270164942,171.92272395749046,181.97324543134627,172.00368282408624,182.09298346450038,172.19359228596096,181.80756854622331,171.77538756745625,182.06549364122225,172.15101921412048,181.74064983651238,171.8588608813381,182.24274061677289,172.27622745074746,181.70591056903302,171.67146586674949,181.91101634058876,171.9218858083951,181.58617253587889,171.75493918063137,182.03075437374289,172.10928082298372,181.79815877890891,171.83841249451325,181.85350739819219,171.81712595859301,181.67842074575481,171.85969903043349,181.9479159311814,172.02580750910184,181.88099722147041,171.90059927247486,181.7706689556307,171.77622571655161,181.77066895563067,171.90059927247486,181.7706689556307,171.77622571655161,181.77066895563067,171.90059927247486,181.7706689556307,171.77622571655161,181.65093092247656,171.62973094400439,181.5586827126007,171.77622571655161,181.9479159311814,172.10928082298372,181.88099722147041,171.81712595859301,181.7706689556307,171.85969903043346,181.8904069887848,172.08799428706348,181.9732454313463,171.83841249451325,181.79815877890891,172.10928082298372,182.150492406897,172.02580750910184,181.91789681206302,172.19275413686557,182.06549364122219,171.73365264471113,181.62091180335818,172.00535912227696,182.04016414105726,171.88014741725831,181.78874901159446,172.04625936431836,181.81876813071287,171.54709231082623,181.53335321243574,171.81796410768837,181.7612591883163,171.83757434541786,181.74317913235248,171.56838231513814,181.41833532764261,171.92104765929972,181.98518449450086,171.42272222329464,181.18573973280863,172.15018106502512,182.13278132366008,170.90143395317855,180.86089592809876,172.75494264902306,182.86493840291439,170.94233072682829,181.88245012853741,175.651024416708,176.31738220489683,178.01301122170889,176.47389238286922
187.68867201712874,186.53079012089916,186.35190763358551,189.05699295315574,183.3423244691237,192.79025322432025,181.80154672511188,192.39613914561869,181.83346024047555,192.44906964755145,181.92128475826601,192.1347798148372,181.64754297627547,192.67381003422133,182.27503923070233,192.33019026474693,181.73584104586297,192.6208795322886,182.06700312796073,192.13477981483723,181.59407281645665,192.42546908237887,181.85896702521913,192.13477981483723,181.80210891919825,192.6738100342213,182.12047328777956,192.27725976281425,181.67842074575572,192.2536591976417,181.634271710962,192.02891881097182,181.60283174739538,192.3065896995744,181.92184695235235,192.44906964755143,181.92514625626509,192.3065896995744,181.69178065335853,192.30658969957443,181.92514625626509,192.39613914561872,181.80210891919825,192.30658969957443,181.81481799042538,192.3065896995744,181.80210891919825,192.25365919764172,181.60283174739538,191.97598830903911,181.51453367780789,192.30658969957443,182.01014502193985,192.50200014948413,181.95658621983171,192.44906964755143,181.89040698878574,192.41245070343982,181.9659959871461,192.39613914561872,181.66901097844132,192.22432926088155,182.01014502193985,192.58426058817699,181.80210891919825,192.27725976281425,182.08903332421292,192.6738100342213,181.83354888276489,192.13477981483726,181.7352788517766,192.20072869570899,181.45767557178701,192.08184931290455,181.89916591972445,192.20072869570899,181.29378850383915,191.88643886299482,181.71324865552438,192.3065896995744,181.81143004422333,192.20072869570902,181.38152437934028,191.85710892623464,181.89972811381082,192.65020946904875,181.53665251634942,191.79116004536289,182.12047328777953,192.6632278479878,180.82029599824872,191.39460977395586,182.80538984231362,193.39037950993009,180.66638089170164,192.23976426176105,185.73681786118374,186.56387780543935,188.41063893793739,186.72203315564161
177.31216848988007,176.4207096286404,176.52741176947876,179.15416935974008,173.62889279490904,182.40551923332885,171.90143742157025,181.93850616386698,171.96278258204484,181.93850616386695,171.90143742157025,181.57676276856449,171.75410103153598,182.31832961513325,172.56838231513814,181.99348581042338,171.83757434541786,182.02134460642847,172.00535912227699,181.58617253587889,171.67146586674949,181.91101634058876,171.9218858083951,181.70591056903299,172.02580750910184,182.35306888261258,172.35886261553395,181.9084870447486,171.83841249451325,181.82817789802726,171.77622571655161,181.5586827126007,171.62973094400442,181.7612591883163,172.02580750910184,182.05824419702108,172.10928082298372,181.84625795399108,171.7549391806314,181.84625795399108,172.10928082298372,182.04883442970669,172.00452097318163,181.84625795399108,171.85969903043349,181.84625795399108,172.00452097318163,181.93850616386698,171.85969903043349,181.5586827126007,171.54625763012254,181.7612591883163,172.10928082298372,182.17798223017519,172.29667583757231,182.16857246286079,172.08799428706348,181.96599598714513,172.04709404502208,181.93850616386692,171.81712595859301,181.78874901159446,172.10928082298372,182.03075437374287,171.75493918063137,181.69650080171857,172.17146760094533,182.31832961513322,172.15101574572878,181.76341951142956,171.73449079380651,181.52178312200812,171.3793110023588,181.56809247991507,172.04793219411746,181.74317913235245,171.35802446643856,181.38143573704997,171.83925064360861,181.94791593118137,172.04625589592669,181.81876813071284,171.5470957792179,181.49392432600297,172.12972920980857,182.37367823441656,171.90059927247486,181.54890397255937,172.31796237349255,182.2839593203808,171.10844267388833,181.10432213469539,172.92272395749049,182.82078936812067,170.69107610447898,181.66105411819299,175.61012417466659,176.49462918044748,178.26259301425912,176.58422064870891
187.30028103771588,186.48614650063203,186.77590787973983,189.5757157862493,183.63714915471519,192.86349111254347,181.76464713451927,192.47839958431157,181.99262716006243,192.53133008624431,181.88438516767337,192.0655377550834,181.62005315299726,192.75607047291419,182.42479638297479,192.41245070343982,181.70835122258475,192.46208802649051,181.82752706165252,191.9393693649275,181.48374455061693,192.37253858044616,181.84955725790473,192.17139875894884,181.89435712907414,192.80900097484687,182.27023044005202,192.44906964755143,181.85350739819313,192.47839958431157,181.90376689638856,192.25365919764172,181.68567018995685,192.34320864368601,182.01409516222827,192.63719109010972,182.10239323181577,192.39613914561872,181.71711015352346,192.39613914561872,182.10239323181577,192.58426058817699,181.89435712907414,192.2536591976417,181.69507995727128,192.34320864368601,182.00468539491385,192.58426058817699,181.99206496597606,192.2536591976417,181.59737212036939,192.2902781417533,181.98265519866163,192.6371910901097,182.22608140525827,192.6738100342213,181.97324543134724,192.39613914561872,181.93850616386788,192.47839958431157,181.81876813071378,192.30658969957443,181.98265519866163,192.42546908237887,181.56263285289003,192.11846825701616,182.0615435009347,192.80900097484687,182.10304406819145,192.35952020150714,181.81811729433809,192.18441713788789,181.43018574850882,192.16410975159741,182.04892307199694,192.28298913440184,181.26629868056094,191.87012730517372,181.79608709808588,192.53133008624428,182.08092522964989,192.4254690823789,181.55661103177766,192.08184931290452,182.16922329923739,193.01742980369568,181.94180546778063,192.15838038000979,182.38996847320612,192.94089873659038,181.11512068384022,191.61935016062574,182.86289878471018,193.28451850606467,180.46164409287275,192.13390325789564,185.79432680358033,186.69906874606491,188.44995664588058,186.5493646205548
176.78521539474622,176.05138980293606,176.37618326159765,179.00910182642104,173.35802446643856,182.07379495714474,171.63056909309978,181.8187681307129,171.96278258204484,181.93850616386698,171.90143742157025,181.46643450272478,171.50451923898575,181.91101634058876,172.08883243615884,181.58617253587889,171.58799255286763,181.79127830743465,171.73449079380651,181.26385802700918,171.42188407419926,181.79127830743465,171.90059927247486,181.57676276856449,171.75493918063137,181.99601510626354,172.04709404502208,181.75400974411517,171.81712595859301,181.92909639655261,172.02580750910184,181.84625795399111,171.83841249451325,181.84625795399111,172.02580750910184,182.05824419702111,172.10928082298372,181.88099722147044,171.81712595859301,181.88099722147044,172.10928082298372,181.9479159311814,171.77622571655161,181.55868271260073,171.62973094400442,181.76125918831633,172.02580750910184,182.05824419702111,172.10928082298372,181.84625795399111,171.75493918063137,181.72651992083701,171.83841249451325,181.84625795399111,172.02580750910184,181.938506163867,171.83841249451325,181.66901097844038,171.81712595859301,181.81876813071287,171.77622571655161,181.64368147827548,171.83841249451325,181.69903009755876,171.4840708521609,181.46643450272478,171.9218858083951,182.03075437374289,171.94233419521998,181.78874901159458,171.98407258635675,181.81876813071298,171.60927908878787,181.63427171096114,171.98407258635675,181.66429083007947,171.27622398235576,181.31195720209132,171.79667757176813,181.92909639655261,172.04625589592669,181.8187681307129,171.5470957792179,181.49392432600303,172.12972920980857,182.38308800173098,171.9218858083951,181.58364324003873,172.35886261553395,182.32810835517452,171.15101574572881,181.02873313633501,172.69275587106142,182.53321412673029,170.46278084784899,181.55072585235331,175.58883763874636,176.37489114729337,177.89327318855479,175.99103781136873
187.18082365104277,186.26140611396215,186.41416448443738,189.16285395702116,183.28481552672713,192.60213178176198,181.58956048208188,192.30658969957437,181.84287000778994,192.50200014948416,182.0316130241057,192.1347798148372,181.44496650055987,192.25365919764172,181.77547774628195,191.99958887421167,181.64359283598708,192.53133008624431,181.86442665224513,191.85710892623464,181.41682584090597,192.47839958431157,182.06370382404802,192.18771031676994,181.62486194364757,192.34320864368601,181.79815877890985,192.13477981483723,181.67842074575574,192.44906964755143,182.07632425298581,192.55493065141684,182.01014502193985,192.50200014948413,181.95658621983171,192.50200014948413,182.01014502193985,192.50200014948413,181.95658621983168,192.55493065141684,182.12988305509398,192.44906964755143,181.62486194364757,192.02891881097182,181.61224151470978,192.35952020150711,182.03217521819207,192.59154959552845,182.0448842894192,192.41245070343982,181.81151868651264,192.3065896995744,181.71316001323507,192.17139875894884,181.75400974411608,192.35952020150711,181.79815877890982,192.22432926088155,181.78874901159546,192.3065896995744,181.64368147827639,192.13477981483726,181.83289804638918,192.39613914561872,181.70986070932236,192.18771031676997,181.88645684849735,192.39613914561872,181.65630190721421,192.27725976281428,182.14259212632109,192.58426058817699,181.669661814817,192.08184931290455,181.77942788657035,192.14779819377628,181.29378850383915,191.93936936492753,181.83298668867852,192.50200014948413,182.04149634321715,192.39613914561875,181.50126241249438,191.91003942816735,181.89972811381082,192.70313997098145,181.65639054950353,191.93363999333991,182.23080155361924,192.76908885185321,180.94944379871723,191.44754027588857,182.70373186512333,193.20225806737182,180.49854368346536,192.20314531764944,185.82181662685852,186.56387780543935,188.0909120144097,186.06911725623661
177.3428647931147,176.34512063028001,176.31873021896993,178.90133338582896,173.44149778032045,182.3393400022828,171.92272395749046,181.98265519866067,172.02496936000648,182.21272149765446,172.44317407851116,182.01014502193888,171.77538756745622,181.86291716550653,171.90143742157025,181.74064983651226,172.10844267388833,182.45472685980286,172.2975139866677,181.64840162663643,171.71236610879089,182.24274061677286,172.42272222329464,181.92730657937739,171.81712595859301,181.88824666567152,171.90059927247489,181.7225697805485,171.85969903043346,182.10239323181477,172.35886261553395,182.33245953080862,172.38014915145416,182.21272149765451,172.08799428706348,182.00073525462446,172.10928082298369,182.17798223017519,172.29667583757231,182.29772026332927,172.38014915145416,182.08357369718601,171.79583942267277,181.67842074575478,171.8809855663537,182.06765396433548,172.27538930165207,182.20331173034009,172.17146760094533,182.01014502193885,172.04709404502208,181.98265519866061,171.90059927247486,181.71316001323407,171.83841249451325,181.98265519866067,172.10928082298369,182.01014502193888,172.10928082298369,181.98265519866067,171.83841249451325,181.83289804638824,172.17146760094536,182.30496970753043,172.29667583757231,182.12988305509299,172.19275413686557,181.97324543134627,171.73365264471113,181.91789681206296,172.48490900125626,182.36247864992697,171.92104765929972,181.63032157067255,171.83925064360861,181.77791839983178,171.62889279490904,181.72256978054847,172.13140550799932,182.22213126496888,172.35802446643856,182.18523167437627,171.83925064360861,181.53807336079669,171.92104765929975,182.09551276034048,171.67230401584487,181.47331497419893,172.35886261553392,182.32810835517452,171.15101574572881,181.14847116948911,172.96362419953189,182.9752666687541,170.98323096886969,182.00218816169146,175.88099250313707,176.5293684479268,177.94358319791058,176.04706361476832
187.72798972507192,186.68872297634763,186.67880058291908,189.42421328780264,183.63714915471522,192.96206310905742,181.83156584423023,192.42546908237887,181.89821862707325,192.76335948026565,182.50368468524789,192.6371910901097,181.79730012854793,192.46208802649051,181.92307457544112,192.3065896995744,182.0628451736861,192.98081085958407,182.24208978039812,192.11846825701613,181.56658299317846,192.65020946904875,182.23879047648543,192.35952020150711,181.77461909592003,192.51501852842318,181.97324543134724,192.2536591976417,181.70843986487409,192.47839958431157,182.14108263958349,192.72674053615401,182.27023044005202,192.6738100342213,181.92909639655349,192.34320864368601,181.86291716550755,192.53133008624428,182.10634337210413,192.72674053615404,182.30496970753137,192.6208795322886,181.77461909592003,192.20072869570902,181.78732816714717,192.53133008624428,182.18193237046452,192.67381003422133,182.01739446614098,192.39613914561872,181.89435712907414,192.53133008624431,181.98265519866163,192.39613914561872,181.92909639655349,192.6208795322886,182.15049240689791,192.58426058817702,182.0307543737438,192.42546908237887,181.69903009755967,192.34320864368601,182.18523167437726,192.89855042089118,182.27418058034044,192.63719109010972,182.1190524433313,192.46208802649048,181.60132226065778,192.30658969957443,182.29234927859355,192.75607047291416,181.7525002573785,192.11846825701616,181.87167609644627,192.42546908237887,181.67361195510543,192.25365919764172,182.0080733411159,192.6738100342213,182.28350170536552,192.75607047291419,181.85359604048244,192.02891881097182,181.7525002573785,192.49141796325063,181.5091626930712,191.96296993010006,182.38055870589173,192.88796823465768,181.00479241800051,191.56641965869304,182.94573722727171,193.56218939466726,180.85087731145342,192.41157414649822,185.8771652461418,186.5932077421995,188.16695984495405,186.23421613749096
177.28147218664543,176.37656059384673,176.46522499151712,179.07528105746709,173.54541948102715,182.20689289790178,171.56838231513814,181.56263285288921,171.67062771765413,182.004685394913,172.35970076462931,181.92184695235153,171.69191425357437,181.76520932860478,171.79667757176813,181.50728423360587,171.73448732541482,182.0347045140314,171.96278605043651,181.33003725805528,171.35969729623764,181.74712927264105,171.87931273655462,181.53261373377089,171.69275240266973,181.95186607146994,172.02580750910184,181.59012267616743,171.4840708521609,181.56263285288918,171.75493918063137,181.80210891919739,172.02580750910184,181.89435712907328,171.75493918063137,181.51453367780695,171.56754416604278,181.6067818876829,171.7549391806314,181.83684818667672,172.08799428706348,181.90376689638771,171.71403893858999,181.51453367780701,171.60844440808418,181.71711015352264,171.96362073114022,181.90376689638768,171.83841249451325,181.62486194364666,171.73365264471113,181.8943571290732,172.04709404502208,181.92184695235144,172.0045209731816,182.004685394913,172.02580750910184,181.80210891919739,171.75493918063137,181.56263285288918,171.4840708521609,181.59012267616743,172.02580750910184,182.06219433730965,171.94233419521996,181.70986070932153,171.83841249451325,181.65488106276507,171.40059753827904,181.42228546793106,171.9218858083951,181.86686730579507,171.58799255286763,181.53261373377077,171.98407258635675,181.95186607146985,171.73448732541482,181.5901226761674,171.77539103584792,181.79269915188303,171.98406911796505,181.95186607146985,171.73449079380651,181.33003725805517,171.58799255286763,181.71963944936272,171.38014915145416,181.30942790625119,172.29667583757231,182.16422128722678,170.8588608813381,180.77259785851138,172.63056909309978,182.66631206748721,170.65017586243761,181.4971670502452,175.29668277435565,176.00842760362994,177.57209485072852,175.81527397481506
187.43363186485951,186.52362409509328,186.67908122940008,189.40390590151213,183.46206250227783,192.54920127982928,181.2925754733771,191.92305780710637,181.52055549892026,192.41245070343984,182.1513510572598,192.27725976281423,181.55529476639958,192.25365919764172,181.66514948044224,191.76755948019033,181.32127832711737,192.29027814175333,181.79750794253417,191.82048998212304,181.30865789817955,192.20072869570899,181.69980010563228,191.99958887421167,181.71927047663675,192.6371910901097,182.12047328777956,192.13477981483723,181.35610623688601,191.97598830903911,181.57676276856543,192.22432926088155,181.91789681206393,192.41245070343982,181.7540097441161,192.08184931290455,181.51058353751949,192.02891881097182,181.54202350108608,192.22432926088155,181.95263607954331,192.41245070343982,181.71927047663675,192.08184931290452,181.54532280499882,192.17139875894884,181.82959874247646,192.41245070343982,181.8423078137036,192.22432926088155,181.74459997680168,192.50200014948413,182.12988305509396,192.60786115334955,182.07632425298581,192.50200014948413,181.79815877890985,192.08184931290452,181.46643450272572,191.9230578071064,181.34669646957161,191.99229986686021,181.80756854622425,192.3065896995744,181.53261373377168,191.94665837227896,181.67447060546732,192.16410975159738,181.3433971656589,191.85710892623467,181.75335890774042,192.34320864368601,181.57741360494111,192.18771031676997,182.11115216275448,192.6371910901097,181.82083981153775,192.22432926088158,181.76606797896753,192.22432926088155,181.72859160166186,192.30658969957443,181.61159067833407,191.91003942816735,181.69715163809522,192.4254690823789,181.47914357395285,191.98657049527262,182.43553835244813,192.82201935378592,180.77219682316655,191.16986938728598,182.50115538940773,193.1127086213275,180.40629547358947,191.87254392711415,185.32225514243817,186.09079646692703,187.76859750553999,185.92663730825959
177.4185043026354,176.52088446683359,176.62029485067504,179.13213916348778,173.46278431624069,182.08650402837176,171.50536085647281,181.61949095890989,171.79667410337646,182.03621400076875,172.25577906392257,181.8770470811819,171.83757434541786,182.00872417749054,171.9440104934107,181.38689536407591,171.44149778032045,181.91431564450139,172.11011897207908,181.68388037278069,171.75493918063137,181.99931441017617,172.00535912227696,181.7942086386204,172.10928082298369,182.44136695219999,172.4423359294158,181.88645684849627,171.67230401584487,181.73922899206394,171.90059927247486,181.96929529105776,172.19275413686557,182.14654226660849,172.10928082298369,181.93455602357847,171.9218858083951,181.81481799042439,171.83841249451325,181.93455602357849,172.19275413686557,182.1371324992941,172.08799428706348,181.93455602357849,171.94317234431534,181.93455602357849,172.08799428706348,182.1371324992941,172.19275413686557,182.05429405673257,172.10928082298372,182.25687053244815,172.4423359294158,182.37660856560228,172.38014915145416,182.14654226660849,171.9218858083951,181.64698078218805,171.65101747992463,181.61949095890984,171.65101747992463,181.65639054950245,171.94317234431534,181.83147720193992,171.62973094400439,181.58947183979149,172.00535912227699,182.00872417749054,171.77622571655161,181.67447060546624,172.0675459002386,182.10964267601585,171.94233419521996,181.97145561417108,172.38098730054955,182.34911874232409,172.17062945184998,182.08903332421187,172.19359228596096,181.97870505837219,171.92104765929975,181.94180546777952,171.90143742157025,181.79420863862038,172.21320252369043,182.37913786144244,172.00535912227699,181.95951655101646,172.90059927247486,182.70398166615232,171.23448905961067,181.02478299604653,172.77622918494328,182.82408867203333,170.7958359542811,181.64843368925509,175.44401569599825,176.16620420817605,177.74431141471618,175.99276115232817
187.72798972507192,186.68872297634766,186.67880058291905,189.28173333982559,183.31483464584548,192.57853121658943,181.53458083552545,192.23005863246911,181.75315109375418,192.4783995843116,182.09637141070337,192.39613914561869,181.90762839438764,192.70313997098148,182.0174831084303,191.97598830903911,181.46887515627654,192.59727896711607,182.21676028023319,192.3065896995744,181.76915946889403,192.59727896711607,182.00872417749159,192.3065896995744,181.97719557163563,192.79268941702577,182.15049240689791,192.2536591976417,181.62344109919928,192.37253858044616,181.98660533895008,192.47839958431157,181.95516537538342,192.42546908237887,181.86686730579595,192.4254690823789,181.95516537538344,192.42546908237887,181.86686730579592,192.47839958431157,182.07490340853755,192.56794903035589,181.97719557163563,192.47839958431157,181.96457514269784,192.47839958431157,181.97719557163563,192.56794903035589,182.07490340853755,192.53133008624428,181.98660533895006,192.62087953228863,182.18523167437726,192.6738100342213,182.10634337210416,192.47839958431157,181.74317913235342,192.20072869570899,181.81876813071378,192.42546908237887,181.81876813071381,192.2536591976417,181.86291716550753,192.37253858044616,181.65488106276592,192.2536591976417,182.11905244333127,192.65020946904875,181.77856923620845,192.25365919764172,182.08761247976466,192.70313997098145,181.9297472329292,192.44906964755145,182.19399060531595,192.71042897833291,181.99592646397514,192.63719109010972,182.30505834982065,192.6738100342213,181.98651669666074,192.51501852842321,181.85359604048244,192.35952020150711,182.25206174179891,192.96449930176297,181.9237254118168,192.38312076667967,182.76038215715798,193.16563912326026,181.0970406278764,191.51348915676033,182.82599919411757,193.40339788886914,180.61140124514523,192.07368374861147,185.5367706813083,186.39779729228977,188.21048057957239,186.44350361668938
177.2058326771247,176.20079675729306,176.16366035981201,178.61440898081443,173.00368282408624,181.8404293542383,171.5061955371765,181.57599276049206,171.58715440377225,181.62881208393517,171.81796410768837,181.66571167452781,171.87930926816296,182.10088374507737,171.98407258635675,181.36147722162193,171.44233246102414,181.95581621175833,172.10928082298369,181.56405369733747,171.56670601694739,181.77856923620769,171.77622571655161,181.45372543149782,171.65017933082927,181.77856923620763,171.69275240266973,181.33398739834368,171.46278431624069,181.68632102633177,171.88014741725834,181.60348258377024,171.4840708521609,181.30649757506549,171.40059753827904,181.51848381809549,171.75493918063137,181.6382218512496,171.67146586674951,181.6382218512496,171.75493918063137,181.6382218512496,171.67146586674951,181.6382218512496,171.75493918063137,181.6382218512496,171.67146586674951,181.6382218512496,171.75493918063137,181.6382218512496,171.67146586674951,181.6382218512496,171.75493918063137,181.6382218512496,171.67146586674951,181.51848381809546,171.4840708521609,181.54597364137368,171.94233419521998,182.01804530251587,171.94233419521998,181.65630190721339,171.73365264471113,181.68632102633174,171.60927908878787,181.63097240704846,172.02580750910184,181.8888975020474,171.56670601694739,181.45372543149779,171.85969903043346,181.90771703667619,171.77538756745625,181.69104117469274,171.96278605043651,181.8407983269652,171.71320078949461,181.84295865007851,172.19275413686557,182.03612535847969,171.9414960461246,181.80605905948588,171.67230401584487,181.57346346465192,172.02496936000645,182.07339392179918,171.56754416604278,181.34086786981791,172.21320252369043,182.07592321763931,170.77538756745625,180.68429978892391,172.5470957792179,182.45827596474567,170.29583422008525,181.08655447178811,174.96362766792356,175.92953930135687,177.86981813115682,176.34302124144128
187.60630039994632,186.52362409509328,186.46709498637011,189.0203740090441,183.05474922773331,192.45965183378496,181.58956048208188,192.25365919764167,181.63088376475994,192.17139875894887,181.74403778271534,192.18771031676994,181.85227977510436,192.67381003422133,181.97805422199755,191.91003942816735,181.42293630430765,192.53133008624431,182.08508318392455,191.99958887421167,181.33398739834448,192.1111792496647,181.56414233962764,191.85710892623464,181.53261373377168,192.2536591976417,181.59558230319425,191.85710892623464,181.50117377020504,192.35952020150711,181.95874654294499,192.13477981483723,181.33333656196879,191.69831742043652,181.2197089922164,191.9393693649275,181.63032157067357,192.08184931290452,181.54202350108611,192.08184931290452,181.63032157067357,192.08184931290452,181.54202350108611,192.08184931290452,181.63032157067357,192.08184931290452,181.54202350108611,192.08184931290452,181.63032157067357,192.08184931290452,181.54202350108611,192.08184931290452,181.63032157067357,192.08184931290452,181.54202350108611,191.97598830903911,181.39084550436536,192.08184931290452,181.9659959871461,192.6371910901097,181.9659959871461,192.22432926088155,181.71316001323507,192.2536591976417,181.59953244348264,192.18771031676994,181.99678511433703,192.39613914561872,181.45372543149861,191.85710892623467,181.64303064190071,192.3065896995744,181.69715163809522,192.33019026474696,182.1292322187183,192.4490696475514,181.53326457014737,192.13477981483726,181.9433149545182,192.5020001494841,181.93116807737746,192.30658969957443,181.50126241249438,191.91003942816735,181.80747990393493,192.42546908237887,181.27656709823725,191.56641965869301,181.93597686802775,192.49141796325063,180.67994861329066,191.22279988921869,182.62089342256183,192.9702286733505,179.96424293156565,191.34653208666913,184.91494186789367,186.09079646692703,188.37132122999421,186.89470169072843
177.8847501737807,176.78889651326307,176.65099115390967,178.97371172256578,173.27538930165207,182.2503910963195,172.04709751341375,182.19794074560326,172.12972920980857,182.02285409316585,172.06838404933399,181.93060588328996,172.12972920980857,182.37518772115394,172.25577906392257,181.67052046517779,171.75493918063137,182.29018895547912,172.42188754259095,181.76276867505365,171.58883070196302,181.76529797089381,171.81796410768837,181.64303064189954,171.9218858083951,182.08761247976352,172.00535912227699,181.76276867505365,172.00535912227699,182.32708854607176,172.46362246533604,182.0575933606452,171.79667757176816,181.61554081862135,171.67230401584487,181.79278779417203,172.00535912227699,181.90311606001174,171.9218858083951,181.90311606001174,172.00535912227699,181.90311606001174,171.9218858083951,181.90311606001174,172.00535912227699,181.90311606001174,171.9218858083951,181.90311606001174,172.00535912227699,181.90311606001174,171.9218858083951,181.90311606001174,172.00535912227699,181.90311606001174,171.9218858083951,181.78337802685763,171.73449079380651,181.81086785013588,172.19275413686557,182.2829395112781,172.19275413686557,181.93060588328999,172.00535912227699,181.99536426988763,171.9218858083951,181.96534515076925,172.33841422870907,182.20735051291766,171.85969903043346,181.6430306418996,171.88015088565001,181.98595450257332,172.02580750910184,182.22759089199477,172.65185562901999,182.28293951127807,171.73365264471113,181.63362087458518,171.9849107354521,182.11510230304182,172.21320252369043,181.99536426988766,171.71404240698163,181.55078243202368,172.02580750910184,182.11763159888193,171.56838231513814,181.31818683718967,172.25494091482722,182.38496646119521,171.31796237349255,181.3250673086639,173.13057082729563,182.80205847578102,170.35885914714225,181.11743224126801,175.0479391309008,176.2450925104491,178.52552413796533,177.19794636163732
188.19278418191863,186.96639386495025,186.73630952531562,189.08632288991589,182.99976958117688,192.52560071465672,181.82215607691583,192.65020946904872,182.07546560262389,192.4783995843116,181.86630511170955,192.20072869570896,181.78789036123354,192.65020946904878,182.0174831084303,192.02891881097182,181.58861318943065,192.73975891509309,182.3270885460729,192.21704025353009,181.45625472733872,192.26667757658078,181.82206743462649,192.2536591976417,181.9518660714707,192.70313997098148,182.06549364122313,192.39613914561872,182.03075437374378,192.89855042089118,182.42865788097387,192.6738100342213,181.95516537538344,192.42546908237887,181.86686730579595,192.42546908237887,181.95516537538344,192.42546908237887,181.86686730579595,192.42546908237887,181.95516537538344,192.42546908237887,181.86686730579595,192.42546908237887,181.95516537538344,192.42546908237887,181.86686730579595,192.42546908237887,181.95516537538344,192.42546908237887,181.86686730579595,192.42546908237887,181.95516537538344,192.42546908237887,181.86686730579595,192.28298913440184,181.63285086651373,192.20072869570899,181.92909639655349,192.56794903035589,181.93850616386788,192.3065896995744,181.86291716550755,192.42546908237887,181.77461909592003,192.39613914561872,182.22938070917098,192.75607047291416,181.90771703667696,192.30658969957443,181.98595450257437,192.6045679744675,181.96448650040853,192.69012159204243,182.54848455641729,192.75607047291416,181.58861318943065,192.01260725315075,181.79608709808588,192.53133008624428,182.08092522964989,192.4254690823789,181.55661103177766,191.97598830903911,181.9297472329292,192.62660890387622,181.48167286979299,191.85710892623467,182.35306888261348,193.16563912326026,181.50435390242089,192.03950099720538,183.26805173614139,193.50925889273455,180.4088247694296,191.8855623060532,185.46985197159731,186.5932077421995,188.7696835694083,187.2022805199598
177.49010322599389,176.31260816212975,176.07077727861576,178.23853566983664,172.4619461671453,181.4645560432605,171.42272222329464,181.69968093393459,171.77454941836086,181.54992378166216,171.48490900125628,181.17010033039585,171.3162860753018,181.61468216825986,171.67230401584487,181.19759015367407,171.39975938918366,181.90225740965019,172.04709404502208,181.37483712922474,171.23365091051531,181.51302419106955,171.73365264471113,181.57741360494035,171.79667410337646,181.92974723292843,171.92104765929975,181.68774187078009,171.8588608813381,182.04007549876815,172.10844267388833,181.86498884633076,171.88014741725834,181.83749902305254,171.83757434541786,181.6602520475019,171.67146586674951,181.54992378166216,171.58799255286763,181.54992378166219,171.67146586674951,181.54992378166216,171.58799255286763,181.54992378166219,171.67146586674951,181.54992378166216,171.58799255286763,181.54992378166219,171.67146586674951,181.54992378166216,171.58799255286763,181.54992378166219,171.67146586674951,181.54992378166216,171.58799255286763,181.43959551582248,171.42188407419928,181.38208657342591,171.65017933082927,181.6769112590174,171.67146586674951,181.50182460658002,171.67146586674951,181.64217199153805,171.58799255286763,181.57741360494038,171.94233419521996,181.92974723292843,171.77538756745625,181.69715163809451,172.02580750910184,181.96448650040776,171.75410103153601,181.73189090557383,172.10928082298372,181.85415823456802,171.4210459251039,181.28983836354993,171.65101747992463,181.76191002469213,171.87930926816296,181.64217199153811,171.38014915145416,181.19759015367407,171.69191425357437,181.75502955321792,171.21320252369043,181.04058355720051,172.12972920980857,182.39493842259634,171.4210459251039,181.32562950275064,172.98407258635675,182.71978222730613,170.48322923467384,181.44030894422451,175.40060447506238,176.29270354110761,178.06908991435125,176.39732370388143
187.35349218612959,186.26140611396212,186.20217824140741,188.63684211657613,182.55518774331293,191.98657049527264,181.26724597321217,192.11117924966464,181.63088376475994,192.02891881097185,181.42172327384563,191.66169847632489,181.23298025752987,192.20072869570902,181.77547774628195,191.91003942816732,181.53326457014737,192.53133008624431,181.97475491808484,191.85710892623464,181.21424936519037,192.20072869570899,181.88645684849735,192.18771031676994,181.70986070932236,192.39613914561872,181.83289804638918,192.18771031676994,181.76341951143053,192.44906964755143,181.89907727743514,192.27725976281425,181.80756854622425,192.41245070343982,181.86433800995582,192.22432926088155,181.63032157067357,192.08184931290452,181.54202350108611,192.08184931290452,181.63032157067357,192.08184931290452,181.54202350108611,192.08184931290452,181.63032157067357,192.08184931290452,181.54202350108611,192.08184931290452,181.63032157067357,192.08184931290452,181.54202350108611,192.08184931290452,181.63032157067357,192.08184931290452,181.54202350108611,192.02891881097182,181.51058353751947,192.13477981483723,181.87374777727021,192.44906964755143,181.78874901159543,192.13477981483723,181.68783051307014,192.2536591976417,181.62486194364757,192.13477981483726,181.85171758101799,192.39613914561872,181.69104117469354,192.33019026474696,182.22759089199587,192.6901215920424,181.73189090557457,192.08913832025601,181.79750794253417,192.2536591976417,181.42293630430765,191.99229986686024,181.82357692136412,192.44906964755143,181.93116807737744,192.30658969957443,181.50126241249441,191.91003942816735,181.80747990393493,192.37253858044616,181.15682906508314,191.5134891567603,182.02822507790364,192.82201935378592,181.17951009771105,191.6429507257983,182.82346989827744,193.20225806737182,180.37880565031125,192.06066536967242,185.71148836101881,186.56387780543935,188.25417078218214,186.33133523736774
177.02858332349155,176.17615048096206,176.35326787348134,178.82253372584498,173.08799428706348,181.8966366238831,171.6101207062749,181.84418627316686,171.94233419521998,181.87167609644504,171.88098903474537,181.57685141085361,171.69275240266973,182.13176151455727,172.31796584188422,181.9266557430015,172.04709404502208,182.34374775758724,172.23449252800233,181.62967073429667,171.65101747992463,182.14117128187161,172.38098730054955,182.01890395287734,171.98407258635675,182.07425257216065,172.08883243615884,181.90857568703768,172.0266456581972,182.08366233947513,172.0675459002386,181.93390518720261,172.08883243615884,182.20340037262918,172.27622745074746,182.11115216275329,172.08883243615884,181.99141412959918,172.00535912227699,181.99141412959918,172.08883243615884,181.99141412959918,172.00535912227699,181.99141412959918,172.08883243615884,181.99141412959918,172.00535912227699,181.99141412959918,172.08883243615884,181.99141412959918,172.00535912227699,181.99141412959918,172.08883243615884,181.99141412959918,172.00535912227699,181.98200436228478,172.0675459002386,182.18674116111367,172.48490900125626,182.4468265792259,172.25494091482719,181.97475491808368,172.0266456581972,182.03951330468135,171.98407258635675,181.89916591972329,172.11011897207908,182.07425257216073,171.96278605043651,182.12923221871714,172.65185562901999,182.54848455641618,172.10928082298369,181.797507942533,171.96362419953186,181.91977527152727,171.77622571655161,181.86442665224394,172.25577906392257,182.26957960367517,172.27538930165207,182.15925133783551,172.00619727137234,181.92665574300153,172.35886261553392,182.31625793430905,171.65185562902002,181.40648490677714,172.33841422870907,182.47326453078267,171.4014356873744,181.29362734509718,172.94317581270701,182.78869856817809,170.69191425357437,181.79029056095064,175.81964387427081,176.61155605411255,178.13708629781848,176.2339605595958
187.30028103771588,186.43321599869938,186.6561698465857,189.38030533633955,183.40708285572137,192.66808066263374,181.64490910136516,192.37253858044613,181.87288912690829,192.4783995843116,181.97663337754929,192.20072869570899,181.67756209539382,192.65020946904878,182.2200595841459,192.35952020150711,181.88559819813543,192.7926894170258,182.14984157052223,192.17139875894884,181.68632102633254,192.75607047291419,182.35852850963951,192.50200014948413,181.88494736175974,192.56794903035589,181.98265519866163,192.3065896995744,181.81876813071378,192.47839958431157,181.93850616386788,192.39613914561872,181.97324543134724,192.6738100342213,182.22608140525824,192.72674053615401,182.18523167437723,192.6208795322886,181.98660533895003,192.53133008624428,182.07490340853752,192.6208795322886,182.09693360478974,192.6208795322886,182.07490340853752,192.53133008624428,181.98660533895003,192.6208795322886,182.18523167437723,192.6738100342213,182.10634337210413,192.6738100342213,182.18523167437723,192.6738100342213,182.10634337210413,192.6208795322886,182.06549364122313,192.6738100342213,182.31832961513416,192.80900097484687,182.03075437374378,192.39613914561872,181.97324543134724,192.56794903035589,181.89435712907414,192.35952020150714,182.02680423345538,192.56794903035589,181.840798326966,192.44906964755145,182.28293951127915,192.75607047291416,181.85415823456879,192.25365919764172,181.91977527152841,192.37253858044616,181.59802295674504,192.25365919764172,182.08366233947626,192.6208795322886,181.99592646397511,192.4783995843116,181.85359604048242,192.50200014948413,182.4821280407927,193.01742980369565,181.7211489361012,191.96296993010006,182.26082067273759,192.88796823465768,181.12453045115461,191.61935016062577,182.85348901739579,193.23158800413196,180.35131582703303,191.99142330991862,185.6745887704262,186.6461382441322,188.4499566458806,186.5493646205548
177.06880056113471,176.17621091746022,176.27945882912459,178.89868491829222,173.37847285326345,182.14062502456662,171.65101747992463,181.67361195510466,171.71236264039922,181.79334998825885,171.9218858083951,181.5238548028322,171.50368108989039,181.76586016498064,171.85969903043346,181.44101636027074,171.58715440377227,181.96843664069624,172.02580750910184,181.56075439342484,171.69191425357437,182.08817467385032,172.19191598777022,181.76333086914045,171.77538756745625,181.88559819813472,171.8588608813381,181.52385480283226,171.56670601694739,181.67361195510472,171.79667410337646,181.70110177838293,171.83757434541786,181.90367825409854,172.04625589592669,182.02341628725264,172.10844267388833,181.90367825409851,171.77538756745622,181.70110177838293,171.8588608813381,181.90367825409851,172.02496936000645,181.90367825409854,171.8588608813381,181.70110177838291,171.77538756745622,181.90367825409854,172.10844267388833,182.02341628725262,172.04625589592669,182.02341628725264,172.10844267388833,182.02341628725262,172.04625589592669,181.91308802141293,171.8588608813381,181.73584104586226,171.83757434541786,181.71776098989844,171.60927908878787,181.56800383762598,171.89976112337951,181.92033746561404,171.79667410337646,181.65300260330076,171.92104765929975,181.88559819813469,171.71320078949461,181.53326457014668,171.73365264471113,181.58861318942991,171.4210459251039,181.42293630430694,171.77622571655161,181.5980229567443,171.39975938918369,181.44826580447187,171.83841249451325,181.71776098989841,171.60844093969251,181.50577474686844,171.56754416604278,181.76333086914045,172.39975938918366,182.34826009196252,171.67146586674951,181.28400976379717,172.04625589592669,182.01906511161849,170.87930926816296,180.83942792593314,172.65101747992463,182.44556689351859,170.2123609062034,181.09917490072601,175.1084496106717,176.13822624047418,178.01877990499543,176.34129790048186
187.68867201712874,186.53079012089913,186.35190763358554,189.05699295315574,183.34232446912372,192.73732272238755,181.6818086919578,192.20072869570896,181.60339394148176,192.25365919764172,181.8015467251119,191.93936936492747,181.32522846740576,192.14779819377631,181.65573971312784,191.80417842430194,181.41352653699326,192.47839958431157,182.06700312796073,192.18771031676994,181.71381084961078,192.6208795322886,182.08903332421295,192.27725976281425,181.80210891919825,192.58426058817699,182.01014502193988,192.22432926088155,181.66901097844135,192.39613914561872,181.96599598714613,192.41245070343982,181.89040698878577,192.44906964755143,181.95658621983171,192.50200014948413,182.01014502193988,192.3065896995744,181.51453367780789,191.97598830903911,181.60283174739538,192.3065896995744,181.92184695235238,192.3065896995744,181.60283174739538,191.97598830903911,181.51453367780789,192.3065896995744,182.01014502193988,192.50200014948413,181.95658621983171,192.50200014948413,182.01014502193988,192.50200014948413,181.95658621983171,192.35952020150711,181.68783051307014,192.08184931290452,181.57676276856546,192.06553775508343,181.46643450272575,192.13477981483723,182.01014502193988,192.58426058817699,181.80210891919828,192.22432926088155,181.96929529105884,192.58426058817699,181.84295865007928,192.13477981483726,181.63362087458631,192.01260725315069,181.28983836355076,191.99229986686024,181.86442665224513,192.25365919764167,181.44826580447258,192.08184931290455,181.9085756870389,192.3065896995744,181.52385480283297,191.92305780710643,181.38152437934028,192.18771031676994,182.30704138835534,192.84561991895848,181.57139178382874,191.79116004536289,182.08573402030024,192.66322784798777,180.85503526572805,191.39460977395586,182.77065057483432,193.19496906002036,180.25906761715714,191.71375242131603,185.29476531915995,186.36846735552962,188.41063893793742,186.72203315564161
177.76752266165539,176.52876339374649,176.16597107145751,178.68002601777371,173.35886261553392,182.33001887725757,171.90227557066561,181.79608709808471,171.73365264471113,181.79608709808468,171.90227557066561,181.51067217980761,171.50535738808114,181.7685972748065,171.85970249882513,181.44375347009665,171.58883070196299,182.0655822835113,172.25577906392257,181.85106674464114,171.9218858083951,182.17591054935102,172.17230575004069,181.85106674464114,172.00535912227696,182.29564858250512,172.35970076462931,182.06305298767111,172.08883243615884,182.23813964010847,172.33841422870907,182.155301197547,172.11011897207908,182.03556316439295,172.0675459002386,182.03556316439298,172.11011897207908,181.80549686539916,171.5470957792179,181.41626364681844,171.63056909309978,181.80549686539911,172.0266456581972,181.80549686539911,171.63056909309978,181.41626364681844,171.5470957792179,181.80549686539916,172.11011897207908,182.03556316439298,172.0675459002386,182.03556316439298,172.11011897207908,182.03556316439293,172.0675459002386,181.91582513123882,171.83925064360861,181.71324865552319,171.81796410768837,181.78667733077026,171.79667757176813,181.90857568703768,172.31880052258791,182.2609093150258,171.98407258635672,181.84165697732672,172.17230575004069,182.29564858250512,172.19275413686557,181.94331495451698,171.9849107354521,181.79608709808468,171.65101747992463,181.82357692136284,172.25577906392257,182.08366233947507,171.83841249451322,181.90857568703765,172.27706559984281,182.08366233947507,171.81712595859301,181.58410085505466,171.54793392831328,181.74073847880138,172.38014915145416,182.3604069691028,171.71404240698163,181.45063394157086,172.35970076462931,182.39767553242226,171.19275413686557,181.12579013686096,172.96446234862725,182.89035654536846,170.69191425357437,181.50271531956025,175.36138053121172,176.3239808127222,178.25682433097259,176.71681513109627
187.68867201712871,186.53079012089918,186.35190763358548,189.05699295315574,183.3423244691237,192.73732272238755,181.68180869195774,192.20072869570896,181.60339394148173,192.20072869570902,181.68180869195777,191.88643886299479,181.41747667728166,192.4254690823789,182.03556316439409,192.08184931290452,181.50577474686915,192.4783995843116,182.0670031279607,192.27725976281425,181.82413911545046,192.6208795322886,181.97870505837324,192.18771031676994,181.80210891919825,192.76335948026562,182.32304976349516,192.60786115334955,182.06765396433639,192.72674053615401,182.15916269554731,192.44906964755145,181.78007872294603,192.3065896995744,181.83684818667757,192.44906964755143,182.01014502193985,192.3065896995744,181.51453367780786,191.97598830903911,181.60283174739536,192.3065896995744,181.92184695235235,192.30658969957443,181.60283174739536,191.97598830903911,181.51453367780786,192.30658969957443,182.01014502193985,192.50200014948413,181.95658621983168,192.50200014948413,182.01014502193985,192.50200014948413,181.95658621983168,192.39613914561872,181.77066895563163,192.30658969957443,181.93850616386788,192.47839958431157,181.81876813071378,192.35952020150714,182.10239323181574,192.6208795322886,181.79269915188385,192.22432926088155,181.97870505837321,192.6738100342213,182.03612535848046,192.50200014948416,182.11510230304287,192.53133008624428,181.7619100246929,192.44906964755145,182.26957960367633,192.6208795322886,181.71776098989915,192.35952020150714,182.20340037263034,192.6738100342213,181.90367825409922,192.20072869570902,181.47377258921614,192.13477981483723,182.18730335520121,192.79268941702577,181.57139178382874,191.93363999333994,182.40804852916992,193.0996902423885,181.27175830758694,191.67956966990994,182.90630834083893,193.33744900799738,180.44572436002218,191.95480436580701,185.49734179487555,186.4580168015739,188.41063893793739,186.72203315564164
177.06880056113468,176.1762109174602,176.27945882912459,178.89868491829222,173.37847285326345,182.14062502456662,171.65101747992466,181.67361195510466,171.71236264039922,181.67361195510469,171.65101747992466,181.31186855980221,171.50368108989039,182.05343540637099,172.31796237349255,181.72859160166109,171.58715440377227,181.87618843082032,172.02580750910184,181.76333086914045,171.9414960461246,182.08817467385032,171.94233419521998,181.56075439342484,171.77538756745625,182.19850293969003,172.35802446643856,182.05090611053083,172.06754243184693,182.08092522964921,172.02496936000645,181.69169201106854,171.58799255286763,181.5813637452288,171.77538756745622,181.90367825409854,172.10844267388833,181.90367825409851,171.77538756745625,181.70110177838293,171.8588608813381,181.90367825409851,172.02496936000648,181.90367825409854,171.8588608813381,181.70110177838291,171.77538756745625,181.90367825409854,172.10844267388833,182.02341628725262,172.04625589592669,182.02341628725264,172.10844267388833,182.02341628725262,172.04625589592669,181.90367825409854,171.83757434541786,181.81143004422262,172.04625589592669,181.9705969638095,171.79667410337646,181.64359283598634,171.89976112337951,181.91092769829962,171.77538756745625,181.65300260330073,171.94233419521998,181.9959264639744,171.9414960461246,181.93116807737675,172.21320252369046,182.08092522964915,171.87930926816298,181.93116807737673,172.27538930165207,181.99592646397437,171.60844093969251,181.64359283598631,172.08799428706348,182.11566449712848,172.06670428275157,181.7933499882588,171.56754416604278,181.55134462611042,172.12889106071319,182.22852205880838,171.67146586674951,181.51407606279099,172.56670601694739,182.75810266234708,171.62972747561273,181.39180873379667,172.94149951451627,182.67563319251238,170.44232899263247,181.39615990943076,175.35803140322193,176.24855450631389,178.01877990499545,176.34129790048186
187.30028103771588,186.486146500632,186.77590787973986,189.52278528431657,183.51741112156111,192.66808066263374,181.53458083552547,192.23005863246911,181.75315109375421,192.28298913440187,181.65431886867958,191.87012730517367,181.50031511984318,192.65020946904878,182.30505834982068,192.21704025353009,181.47828492359096,192.4091575245578,182.03010353736812,192.35952020150711,181.98330603503734,192.70313997098145,181.94180546778063,192.11846825701613,181.77461909592003,192.75607047291416,182.27023044005202,192.44906964755143,181.85350739819313,192.47839958431157,181.90376689638859,192.20072869570899,181.56593215680277,192.14779819377628,181.78402886323445,192.53133008624428,182.18523167437726,192.6208795322886,181.98660533895006,192.53133008624428,182.07490340853755,192.6208795322886,182.09693360478977,192.6208795322886,182.07490340853755,192.53133008624428,181.98660533895006,192.6208795322886,182.18523167437726,192.6738100342213,182.10634337210416,192.6738100342213,182.18523167437726,192.6738100342213,182.10634337210419,192.47839958431157,181.74317913235345,192.20072869570899,181.81876813071381,192.28298913440184,181.4964536218441,191.9230578071064,181.68567018995685,192.42546908237887,181.85961786159484,192.3065896995744,181.94180546778063,192.42546908237887,181.69573079364696,192.30658969957443,182.10569253572851,192.56794903035589,181.76191002469292,192.35952020150714,182.15925133783665,192.47839958431155,181.50577474686918,192.06553775508345,181.90641536392562,192.53133008624428,181.97059696381021,192.33591963633458,181.55661103177766,192.11846825701613,182.15981353192302,192.87494985571863,181.72114893610123,192.10544987807708,182.58313518160733,193.36104957316999,181.624091935575,191.94995155116104,182.94573722727171,193.17865750219926,180.23157779387893,191.93849280798591,185.67458877042623,186.6461382441322,188.44995664588058,186.5493646205548
177.02858332349157,176.29588851411623,176.62413620195181,179.14484823471477,173.33757607961368,181.89663662388318,171.36053891372467,181.52187176429723,171.67146586674949,181.64160979745131,171.63140724219514,181.28927616946322,171.4840708521609,181.93643448304277,172.06838404933396,181.40901420261733,171.31796237349252,181.7244482400128,171.96362419953186,181.69658944400771,171.8809855663537,182.02143324871759,171.88015088564998,181.50993270114265,171.73449079380649,182.03084301603198,172.04793219411744,181.61159067833293,171.5879960212593,181.67634906493063,171.77706386564697,181.59351062236917,171.60928255717954,181.58410085505477,171.75577732972673,181.88108586375955,172.08883243615884,181.99141412959926,172.00535912227696,181.99141412959926,172.08883243615884,181.99141412959926,172.00535912227696,181.99141412959926,172.08883243615884,181.99141412959926,172.00535912227696,181.99141412959926,172.08883243615884,181.99141412959926,172.00535912227696,181.99141412959926,172.08883243615884,181.99141412959926,172.00535912227696,181.76134783060544,171.56838231513814,181.38152437933914,171.5470957792179,181.43687299862239,171.27622745074743,181.16953813630914,171.56838231513814,181.81885677300198,171.94317234431531,181.77942788656918,171.88015088564998,181.64160979745131,171.42272222329464,181.50126241249322,171.96362419953186,181.87892554064629,171.65101747992463,181.62100044564738,172.00619727137234,181.85359604048134,171.56754416604275,181.4918526451788,171.79751572086349,181.76134783060539,171.77622571655161,181.64160979745125,171.52664739239302,181.51934246845704,172.10928082298369,182.20592966846942,171.65185562901999,181.40648490677719,172.33841422870907,182.46385476346831,171.38014915145416,181.14855981177823,172.65269377811538,182.34664602615436,170.19107783867483,181.37356751909175,175.57006208172055,176.50122778827287,178.13708629781848,176.2339605595958
187.35349218612956,186.50974706580462,186.76396881658528,189.41119490886356,183.31230535000532,192.3773913950921,181.20973703081557,191.88643886299477,181.42830728904434,192.08184931290455,181.65178957283942,191.91003942816732,181.47245632383809,192.30658969957443,181.68322953640603,191.63236853956477,181.15344111888106,192.30658969957443,182.00224474136303,192.15838038000979,181.68379173049237,192.44906964755143,181.79420863862143,191.96296993010006,181.54202350108608,192.35952020150711,181.82564860218804,192.05251937614437,181.52866359348326,192.22432926088155,181.78149956739429,192.18771031676994,181.63032157067357,192.13477981483723,181.66176153424018,192.27725976281425,181.86038786966739,192.27725976281425,181.66176153424018,192.18771031676994,181.75005960382768,192.27725976281425,181.7720898000799,192.27725976281425,181.75005960382768,192.18771031676994,181.66176153424018,192.27725976281425,181.86038786966739,192.33019026474696,181.78149956739429,192.33019026474696,181.86038786966739,192.33019026474696,181.78149956739429,192.13477981483723,181.41833532764355,191.85710892623464,181.49392432600391,192.02891881097182,181.3741862928498,191.85710892623464,181.63032157067357,192.35952020150711,181.82959874247643,192.18771031676994,181.67447060546732,191.97598830903911,181.1661501901082,191.91003942816738,181.95809570656928,192.50200014948413,181.63964269569865,192.10544987807711,181.92665574300267,192.50200014948413,181.76333086914119,192.24064081870267,181.8604765119567,192.22432926088155,181.54193485879674,192.02891881097185,181.41842396993289,192.01590043203277,182.03754620292875,192.6208795322886,181.39630513139133,191.67228066255842,182.05571490118183,192.68682841316033,180.91001491228448,191.27573039115143,182.41831694684623,192.83503773272491,180.10931046488466,191.92547442904686,185.73897818429703,186.66973880930473,188.37390881533622,186.38426573930047
177.49010322599392,176.6624124942777,176.86209572810694,179.41962576258896,173.7328144956158,182.34866112730805,171.73449079380651,181.7619100246921,171.7958359542811,181.99197632368589,172.25494091482722,182.01946614696413,172.06670428275157,182.14173347595838,171.92188580839513,181.42765645266786,171.67062771765416,182.35371971898837,172.58883070196302,182.08169523772162,172.06586960204788,182.28680100927741,172.23448905961069,181.8262994385629,171.85886088133813,182.07481476624739,172.17062945184998,182.01946614696411,172.15101574572881,182.27955156507633,172.35802446643856,182.18730335520041,172.15101574572881,182.0769750893607,172.10844267388833,182.10230458952563,172.19191598777022,181.99197632368592,171.8588608813381,181.78939984797032,171.94233419521998,181.99197632368592,172.10844267388833,181.99197632368592,171.94233419521998,181.78939984797032,171.8588608813381,181.99197632368592,172.19191598777022,182.11171435684003,172.12972920980857,182.11171435684003,172.19191598777022,182.11171435684003,172.12972920980857,181.99197632368589,171.92104765929975,181.89972811381,172.12972920980857,182.16922329923659,172.12972920980857,182.01946614696411,172.19191598777022,182.19455279940149,172.10844267388836,181.90913788112439,171.96362073114022,181.75250025737773,171.54541948102718,181.80747990393411,172.50535738808114,182.5490467505029,172.21236437459507,182.03754620292796,172.35886261553395,182.48212804079193,172.39975938918369,182.31645115566886,172.40143568737443,182.1023045895256,171.89892297428415,181.87223829053181,171.88098556635373,181.93662770440264,172.4619461671453,182.4271483942355,171.7549391806314,181.49204586653863,172.40059753827904,182.43908745739003,171.23365091051531,181.07279352883955,172.77539103584792,182.76393126209982,170.77538409906458,181.89177125356261,175.92105459608311,176.73475608313143,178.33995824282172,176.51706173703553
187.59463889792829,186.7407948279307,186.97820370897446,189.78414461509809,183.87915451686357,193.08094249186189,181.88691446351353,192.4914179632506,181.9282377461916,192.73975891509309,182.44870503869146,192.75607047291416,182.14963375653602,192.76908885185324,181.9530936945595,192.09486769184358,181.83061855157902,193.09969024238853,182.67942217406099,192.6208795322886,181.95365588864584,192.76908885185324,182.14907156244968,192.28298913440184,181.71963944936363,192.58096740929494,182.20584102618122,192.75607047291416,182.39249776904626,193.07036030562836,182.48400650025718,192.79268941702577,182.1049225276559,192.65020946904875,182.16169199138744,192.79268941702577,182.33498882664972,192.65020946904875,181.83937748251773,192.31960807851345,181.92767555210523,192.65020946904875,182.24669075706223,192.65020946904875,181.92767555210523,192.31960807851345,181.83937748251773,192.59727896711604,182.21525079349561,192.65020946904875,182.05136372554773,192.65020946904875,182.21525079349561,192.73975891509306,182.16169199138744,192.59727896711604,181.98518449450179,192.65020946904875,182.37367823441747,193.01742980369565,182.38308800173186,192.75607047291416,182.21525079349561,192.68682841316036,181.94970574835745,192.4254690823789,182.05682335257376,192.49141796325063,181.66608064725548,192.4254690823789,182.52494487342753,193.15262074432121,182.19708209524248,192.56794903035592,182.31625793431022,193.01742980369565,182.34826009196323,192.89855042089121,182.48014500225807,192.79268941702577,182.01653581577912,192.54434846518336,181.91835442708015,192.53133008624428,182.51214715991108,193.08337868456741,181.77649755538451,192.08184931290452,182.502826034886,193.19496906002041,181.35712604598859,191.77484848754182,183.00108584655501,193.5385888294947,180.77056816473208,192.38797358132567,185.93251386542514,186.76501762693667,188.52600447642496,186.71446350180915
176.53164114911166,175.74425136658488,175.9895164638146,178.69008662146399,173.19191598777019,181.94143649505278,171.46446061443137,181.49975292575584,171.56670601694739,181.73922899206406,172.00619727137234,181.65639054950259,171.5879925528676,181.59200113563173,171.44317407851113,181.06458085520629,171.42188407419926,181.97182458689807,172.0675459002386,181.35215609659673,171.25577559553091,181.44693360231275,171.46362246533602,181.0276812646137,171.10928082298369,181.38942465991613,171.67230401584484,181.65639054950253,171.92188580839507,181.95121523509408,171.92188580839507,181.57139178382775,171.46362246533602,181.45165375067361,171.65101747992463,181.74863875937839,171.94317234431531,181.62890072622429,171.38014915145416,181.23966750764362,171.46362246533602,181.62890072622429,171.85969903043346,181.62890072622429,171.46362246533602,181.23966750764362,171.38014915145416,181.50916269307018,171.67230401584484,181.41691448319429,171.38014915145416,181.41691448319429,171.67230401584484,181.61949095890989,171.62973094400439,181.41691448319435,171.42272222329461,181.53665251634848,171.90059927247486,181.94180546777969,171.92188580839507,181.65639054950253,171.67230401584484,181.50916269307018,171.38014915145416,181.35940554079775,171.73449079380649,181.60141090294616,171.31796237349252,181.27656709823626,171.81796410768834,181.80398737866176,171.48407085216087,181.27656709823626,171.65185562901999,181.72114893610026,171.67146586674949,181.68172004966749,171.96362419953186,181.74863875937848,171.63056562470808,181.50916269307027,171.42188754259092,181.386895364076,171.96362073114017,181.95374453093419,171.27622745074743,180.94231352621199,171.9218858083951,182.06660209261415,170.96362073114017,180.79471669705282,172.52664739239302,182.39144589732396,170.27538583326037,181.12138238155663,174.96446581701892,175.75889093363159,177.49472962216595,175.88243288648846
186.76700840415722,185.87156684603792,186.05270173561593,188.81923418754678,182.95997172201726,192.25851201228764,181.26471667737201,191.96296993010003,181.5180262030801,192.21131088194252,181.82650725254996,191.93363999333988,181.23045096168971,191.91003942816738,181.34030567573237,191.56641965869298,181.31874903127721,192.33019026474696,181.76964914652908,191.61935016062571,181.00914359363463,191.85710892623464,181.34962680075748,191.5134891567603,181.0974416632221,191.96296993010006,181.59305300735409,191.98657049527262,181.58364324003966,192.2113108819425,181.66864200571445,191.93363999333991,181.29606799864931,191.8277789894745,181.42916593940623,192.12176143589818,181.80503925038408,192.15838038000979,181.41975617209184,191.8807094914072,181.5174640089937,192.2113108819425,181.82706944663633,192.2113108819425,181.5174640089937,191.8807094914072,181.41975617209184,192.01590043203277,181.48272474151437,191.68529904149747,181.01244289754734,191.68529904149747,181.48272474151437,192.06883093396547,181.53949420524594,191.8277789894745,181.18573973280959,191.79116004536289,181.54890397256034,192.15838038000979,181.58364324003966,191.93363999333991,181.47331497419998,191.96296993010006,181.30942790625213,191.93363999333994,181.83977851786344,192.24064081870264,181.23053960397903,191.56641965869304,181.42851510303055,191.99958887421167,181.16032159035535,191.56641965869304,181.40648490677833,191.96296993010003,181.28400976379788,191.93363999333994,181.77294845044179,192.2642413838752,181.69132303834238,192.10544987807708,181.32148614110355,191.76183010860274,181.77962110792984,192.41245070343982,181.15429976924301,191.31234933526298,181.7033812731938,192.47839958431155,180.85466629300117,191.29933095632396,182.49862609356759,192.76908885185316,179.85138536988578,191.38644420966278,184.99741133772829,185.92627558954129,187.77297000020656,185.98713746402476
177.70277485150461,176.75243390482441,176.79828009794926,179.30864666037337,173.69107957287068,182.55999653396216,172.17230575004072,182.38996847320507,172.50451923898578,182.62003477219889,172.69275587106142,182.23080155361819,172.02496936000648,182.27023044005094,172.38098730054955,182.1479631110567,172.35802446643859,182.68479315879657,172.56838231513817,181.98012590282045,171.98323443726139,182.38780815009181,172.46362246533604,182.15737287837112,172.29667583757234,182.59254494892068,172.62973094400442,182.35053958677227,172.35886261553395,182.50029673904478,172.56754416604278,182.40804852916887,172.35886261553395,182.28831049601476,172.29667583757234,182.40804852916887,172.62973094400442,182.61062500488447,172.54625763012257,182.52778656232297,172.65101747992466,182.73036303803858,172.7958394226728,182.73036303803858,172.65101747992466,182.52778656232297,172.54625763012257,182.50029673904476,172.38014915145419,182.00073525462437,171.81712595859304,182.00073525462437,172.38014915145419,182.50970650635918,172.56754416604278,182.32304976349411,172.15018106502512,182.12047328777848,172.31796237349255,182.38996847320502,172.35886261553395,182.23080155361814,172.35886261553395,182.38055870589065,172.29667583757234,182.43553835244703,172.90059927247489,182.76038215715695,172.21320252369046,181.93597686802667,172.25494091482722,182.35306888261246,172.12972920980857,182.02822507790262,172.3384142287091,182.26082067273657,172.04625589592672,182.20547205345324,172.63056909309981,182.73036303803863,172.81628780949765,182.70287321476039,172.35970076462934,182.17545293433491,172.65017933082927,182.82514054375466,172.1927541368656,181.8231193063468,172.62973094400442,182.88989893035236,171.94233419521998,181.91283822038253,173.48407432055259,183.09500470190815,170.73364917631949,181.79020191866141,175.85970596721685,176.81694368931718,178.53346134272959,176.70395868186301
188.43393089371736,187.35623313287448,187.3097585171671,189.85009349596984,183.81476510299277,193.09396087080094,182.00918179250777,192.79841878861336,182.37281958405558,193.13630918650014,182.68130063352541,192.76908885185318,181.97491607682548,192.835037732725,182.39767553242345,192.7324699077416,182.36019915511775,193.30811907123731,182.64977202766948,192.68682841316036,182.16092198331486,193.16563912326029,182.61898290047856,192.82201935378592,182.34146826277825,193.218569625193,182.65042286404517,192.85863829789753,182.20837032202135,192.94089873659038,182.49594556341171,192.99382923852312,182.42035656505135,192.79841878861336,182.05389302138789,192.66322784798783,182.36284762265481,193.08337868456741,182.57153456177207,193.09969024238853,182.5842436329992,193.13630918650011,182.56212479445767,193.13630918650014,182.5842436329992,193.0467597404558,182.45179652861796,192.94089873659041,182.2525193568151,192.52074790001078,181.84190677835787,192.61029734605512,182.36284762265481,192.99382923852312,182.46120629593239,192.8513492905461,182.13278132366094,192.6632278479878,182.28395932038171,192.94089873659038,182.32810835517543,192.76908885185324,182.32810835517546,192.88796823465768,182.16422128722758,192.82201935378595,182.70398166615331,193.16563912326026,182.07592321764011,192.49141796325065,182.38496646119631,193.16563912326026,182.39493842259711,192.82201935378595,182.47326453078378,192.88796823465768,182.01906511161923,192.71615834992053,182.51741356557753,193.24217019036553,182.86843092818754,193.41398007510273,182.47326453078381,192.73975891509306,182.54941572323054,193.33744900799746,182.18634012576914,192.4254690823789,182.65042286404517,193.4563283908019,181.92144591700665,192.5549306514169,183.64099471593343,193.74701765834351,180.6305897525009,192.40099196026472,186.22261840265563,187.26013989485767,188.96368452378223,186.84937379595371
177.1751363738901,176.15664772249949,176.10147358185034,178.42519241270185,172.6706277176541,181.2344897442668,170.69359055176508,180.79280617496974,171.0454177468313,181.23485871699364,171.48490900125626,180.94944379871649,170.81712249020131,180.99538265068543,171.17146760094531,180.8571955888406,171.13056389051224,181.49494413510581,171.58715787216391,181.07785212052002,171.21403720439412,181.46961463494085,171.46278431624063,180.95811408736591,171.0675424318469,181.29236765939018,171.40059753827902,180.94003403140212,170.88014741725831,180.9125442081239,171.12972920980854,181.03228224127801,171.15101574572878,180.80221594228419,170.60927908878784,180.53272075685763,170.94233419521996,181.1245304511539,171.33841076031737,181.15202027443212,171.21320252369043,181.03228224127801,171.0675424318469,181.03228224127801,171.21320252369043,181.03228224127801,171.0675424318469,180.9125442081239,170.94233419521996,180.7099677324083,170.81796063929667,180.9125442081239,171.19191598777019,181.02287247396362,171.0675424318469,180.88721470795898,170.90143395317855,180.82029599824801,171.10844267388831,181.11512068383951,171.15101574572878,180.94944379871652,171.15101574572878,181.00479241799979,170.85886088133807,180.77219682316584,171.23448905961064,181.09704062787566,170.77538756745622,180.67994861328995,171.31796237349252,181.50435390242015,171.42104592510387,181.17951009771036,171.4014356873744,181.12453045115387,170.87930926816293,180.85503526572737,171.19275413686555,181.2717583075862,171.62972747561273,181.62409193557431,171.38014915145413,180.91001491228374,171.23365091051528,181.35712604598785,170.96362073114017,180.61519022669225,171.40059753827902,181.49747343094589,170.71320078949458,180.78990790640279,172.46362246533602,181.91456544553157,169.5667025485557,180.63509216245001,174.88015435404165,175.86731021059933,177.38076027229837,175.26698383260063
187.3258359802044,186.27712342549569,186.24828165351713,188.75328530667502,182.69263685970398,191.71948179290357,180.53255959811767,191.18288776622498,180.86145812218615,191.61935016062574,181.2715971488463,191.30506032791149,180.67554085798608,191.46055865482762,181.00605210370813,191.16986938728593,180.88357696072765,191.98657049527262,181.64738181753484,191.69588122773095,181.18386127334514,191.8970210492283,181.23676923907763,191.31234933526298,180.88292612435197,191.70889960667003,181.26820920264424,191.35799082984423,180.70641862746632,191.28874877009042,180.92707515914572,191.39460977395584,180.94589469377453,191.19919932404611,180.4850226171219,191.06400838342054,180.98063396125389,191.72521116449113,181.29964916621086,191.59002022386557,181.01537322873321,191.39460977395584,180.85759662418704,191.39460977395584,181.01537322873321,191.39460977395584,180.85759662418704,191.34167927202313,180.8956351955791,191.34167927202313,180.94984483406296,191.5298007145814,181.07288217112975,191.34167927202313,180.77259785851228,191.28874877009042,180.86089592809975,191.39460977395584,181.10432213469639,191.61935016062571,181.028733136336,191.44754027588854,181.14847116949014,191.56641965869301,180.77259785851226,191.16986938728596,181.02478299604761,191.51348915676027,180.68429978892476,191.22279988921866,181.3250673086651,192.03950099720532,181.3256295027515,191.6429507257983,181.29362734509846,191.61935016062569,180.83942792593393,191.39460977395586,181.12579013686221,191.67956966990985,181.39180873379743,191.94995155116101,181.14855981177945,191.27573039115137,181.07279352884044,191.77484848754179,180.79471669705381,191.01437106036988,181.26820920264424,191.89372787034623,180.43541395530215,191.09090212747518,182.3256997642435,192.3725385804461,179.34713426651197,191.04282444018844,184.94422304155827,186.00280665664656,187.660192047061,185.48427116642924
178.6243748944253,177.59804208166221,177.52972248112425,179.94941418011342,174.233654378907,182.91318881231177,172.29751745505939,182.4461757428499,172.56754416604281,182.74316075155465,172.77706733403869,182.3814173562522,172.35886261553395,182.71567092827644,172.71488055607705,182.32390841385563,172.48323617145724,183.15772347030025,173.38182544964494,182.95261769874452,172.83757781380956,182.98047649474958,172.81880225678378,182.5453044242,172.67146933514121,182.98047649474961,172.98491073545213,182.60281336659656,172.44317407851122,182.56591377600392,172.69275587106145,182.68565180915806,172.71404240698166,182.56591377600401,172.42188754259098,182.59340359928223,172.98491073545213,183.18521329357847,173.15101921412051,182.91571810815185,172.7762291849433,182.68565180915803,172.63056909309981,182.68565180915803,172.7762291849433,182.68565180915803,172.63056909309981,182.68565180915809,172.7762291849433,182.79598007499783,172.88015088565004,182.86289878470879,172.7353289429019,182.48307533344251,172.42188754259098,182.59124327616891,172.75494264902309,182.80538984231214,172.92272395749052,182.8628987847087,172.69275587106145,182.70373186512188,172.96362419953189,182.94573722727029,172.63056909309981,182.50115538940628,172.7762291849433,182.82599919411615,172.54709577921793,182.62089342256036,173.13057082729566,183.26805173613994,172.98407258635677,182.82346989827596,172.94317581270704,182.85348901739434,172.65101747992466,182.77065057483281,172.96446234862728,182.90630834083748,172.94149951451629,182.9457372272702,172.65269377811541,182.41831694684475,172.77539103584795,183.00108584655354,172.52664739239307,182.27796956188669,172.98491073545213,183.06584423315127,172.04625936431842,182.15570223289239,173.7983538699589,183.44819698025765,171.08715613796812,182.27254199747946,176.46614038101387,177.49896044207284,179.1700493350956,177.18808083735772
188.63575989757288,187.48227854148485,187.31683849337671,189.90875336949011,183.99454137438354,193.33171963640987,182.23961706422844,192.94662810817798,182.44226758960667,193.08910805615506,182.46968336322226,192.67624622692685,182.18943161569561,193.22429899678059,182.68778006965397,192.78210723079226,182.30305918544803,193.50925889273464,183.12653330776507,193.21856962519297,182.51109528818964,193.32113745017637,182.7412502294728,193.16563912326026,182.7766403333278,193.56218939466734,182.8649384029153,193.05977811939485,182.41347609357706,193.23158800413205,182.82078936812155,193.33744900799746,182.74520036976119,193.23158800413202,182.58131330181334,193.33744900799746,183.07692464594533,193.75759984457704,183.09895484219751,193.47992895597449,182.78934940455494,193.28451850606473,182.6569023001737,193.28451850606476,182.78934940455494,193.28451850606473,182.6569023001737,193.28451850606476,182.78934940455494,193.33744900799744,182.77664033332783,193.28451850606473,182.57736316152491,193.00684761746214,182.48906509193745,193.28451850606476,182.8649384029153,193.39037950993014,182.82078936812155,193.28451850606476,182.53321412673117,193.2022580673719,182.97526666875501,193.56218939466731,182.66631206748809,193.11270862132758,182.82408867203429,193.40339788886919,182.45827596474652,192.97022867335056,182.80205847578205,193.50925889273461,182.71978222730695,193.2022580673719,182.78869856817926,193.23158800413202,182.44556689351936,193.19496906002044,182.89035654536954,193.33744900799744,182.67563319251317,193.17865750219934,182.34664602615544,192.83503773272497,182.76393126210067,193.53858882949478,182.39144589732487,192.71615834992053,182.97526666875501,193.65746821229922,181.92397521284678,192.46208802649053,183.54911547878439,193.80567753186381,180.81977579120607,192.69168122780638,186.56338194021598,187.65669016626472,189.51851501895158,187.54765054345896
175.96858039961955,174.8624335183645,174.66775447910362,177.14374601551063,171.73281102722405,180.55352333002128,170.25493744643549,180.2062482937134,170.33756914283032,180.23157779387842,170.29583768847689,179.87924416589027,170.15017412824173,180.50107297930498,170.69191425357431,180.08398096471919,170.23364744212358,180.61140124514466,170.85802273224269,180.28655744043479,170.31712075600547,180.51915303526877,170.77454941836081,180.57413268182518,170.85885741294638,180.81613804397355,170.71236264039919,180.2771476731204,170.44149431192872,180.63889106842288,170.92104419090802,180.6663808917011,170.71236264039919,180.54664285854696,170.65017586243755,180.6663808917011,170.98323096886966,180.86895736741667,170.89975765498778,180.6663808917011,170.73364917631943,180.54664285854696,170.62888932651734,180.54664285854699,170.73364917631943,180.54664285854696,170.62888932651731,180.54664285854699,170.73364917631943,180.55605262586138,170.65017586243755,180.46164409287221,170.50368108989036,180.36939588299632,170.65017586243755,180.73329960141206,170.94233072682826,180.66638089170107,170.69107610447895,180.46164409287221,170.46278084784896,180.49854368346482,170.98323096886966,180.85087731145288,170.65017586243755,180.40629547358893,170.79583595428105,180.61140124514463,170.29583422008523,179.96424293156511,170.35885914714223,180.40882476942903,170.48322923467381,180.37880565031071,170.69191425357434,180.35131582703244,170.21236090620334,180.25906761715663,170.69191425357434,180.44572436002161,170.44232899263241,180.23157779387839,170.1910778386748,180.10931046488409,170.77538409906452,180.77056816473151,170.27538583326037,179.95230386841055,170.96194443294942,181.00316375956544,170.00535218549359,179.71970827357666,171.31545139459806,180.92069428973073,168.83924023843355,179.94471598089027,174.20986033248394,175.21673342141031,177.01287208692511,175.26399290764698
187.21804009554933,186.13648375976348,186.05695814394244,188.77844550761145,183.02797283285727,192.33260688668736,181.25061882431547,191.79601286000877,181.2890423052153,191.93849280798585,181.48068512330929,191.67713347720431,181.22286307416934,192.16323319465573,181.7147015625915,191.78299448106972,181.32057091107123,192.30571314263273,181.84706002468346,191.87254392711404,181.29854071481898,192.21616369658841,181.85101016497185,192.20314531764936,181.79415205895097,192.35864364456543,181.58546511983369,191.81961342518136,181.44039758651465,192.32202470045382,181.94862935958446,192.23976426176097,181.59487488714808,192.04435381185121,181.50657681756061,192.09728431378394,181.71461292030222,192.18683375982823,181.6169050834003,192.09728431378394,181.6042846544625,192.04435381185121,181.49716705024619,192.04435381185124,181.6042846544625,192.04435381185124,181.49716705024619,192.04435381185124,181.6042846544625,192.09728431378392,181.61690508340033,192.13390325789555,181.59487488714811,192.09728431378392,181.71856306059061,192.37495520238653,181.88245012853847,192.23976426176097,181.66105411819404,192.13390325789555,181.55072585235436,192.20314531764936,182.00218816169257,192.41157414649814,181.49716705024619,191.87254392711407,181.64843368925625,192.07368374861136,181.08655447178901,191.34653208666904,181.11743224126923,191.88556230605309,181.44030894422534,192.06066536967234,181.79029056095189,191.9914233099185,181.09917490072684,191.71375242131597,181.5027153195615,191.95480436580689,181.39615990943159,191.93849280798582,181.373567519093,191.92547442904674,181.89177125356358,192.38797358132558,181.12138238155765,191.47599365570701,181.99277839437818,192.7315933507999,181.02432538103145,191.37342583072368,182.47511847319663,192.78123067385053,179.94471598089072,191.6559495339722,185.40003652653064,186.3585682481183,188.19124043563744,186.34773682340889
180.93046564773064,179.98897709558699,180.05085446159444,182.74228463120059,177.14934985271313,186.03127357404676,175.19527205254343,185.37760376171983,175.25327155341989,185.67458877042463,175.67482193152273,185.49950211798722,175.2745580893401,185.75742721298613,175.63224885968225,185.44199317559065,175.3793179391422,185.96941345601613,175.79835733835063,185.44199317559062,175.21320946047385,185.7668369803005,175.71488402446874,185.65397941862065,175.56755110282617,185.79216648046545,175.40144262415782,185.33166490975094,175.36054238211642,185.8865750134546,175.83841943129664,185.73681786118215,175.42272916007806,185.50675156218836,175.31796931027594,185.50675156218833,175.42272916007806,185.50675156218836,175.31796931027594,185.50675156218833,175.42272916007806,185.50675156218836,175.31796931027594,185.50675156218833,175.42272916007806,185.50675156218836,175.31796931027594,185.50675156218833,175.42272916007806,185.61707982802807,175.56755110282617,185.79432680357871,175.63141071058689,185.71148836101725,175.58883763874641,185.81965630374367,175.65102441670805,185.73681786118217,175.61012417466665,185.79432680357871,175.58883763874641,185.82181662685693,175.88099250313712,185.87716524614024,175.2966827743557,185.32225514243655,175.44401569599827,185.53677068130668,174.96362766792362,184.91494186789205,175.04793913090086,185.46985197159572,175.40060447506244,185.71148836101719,175.81964387427084,185.67458877042461,175.10844961067176,185.29476531915833,175.36138053121178,185.49734179487393,175.35803140322199,185.67458877042461,175.57006208172061,185.73897818429543,175.92105459608314,185.93251386542349,174.96446581701898,185.00682110504107,175.88099250313712,186.25735767013333,174.92105459608314,184.97896230903601,176.48742691693414,186.57279170752881,174.20986033248406,185.40003652652902,179.17817279370837,179.97602634982636,181.64983656142354,179.87812451600865
181.75374793772869,180.87308173538563,181.02260900965433,183.73945861760066,178.06702417260561,186.92536876849888,175.99555584045191,186.26260635166437,176.13492693656241,186.64613824413243,176.61485535802643,186.42139785746249,176.05933793820205,186.54027724026702,176.35872008020266,186.28620691683693,176.25796427362926,186.92380913273499,176.68714505247408,186.28620691683696,175.92953930135786,186.45072779422267,176.28594224133127,186.28620691683696,176.23849390262475,186.5932077421997,176.20705393905817,186.14372696885994,176.08731590590403,186.6461382441324,176.57021817880891,186.56387780543955,176.24179320653749,186.36846735552982,176.12816563678507,186.36846735552982,176.24179320653749,186.36846735552982,176.12816563678507,186.36846735552982,176.24179320653749,186.36846735552982,176.12816563678507,186.36846735552982,176.24179320653749,186.36846735552982,176.12816563678507,186.36846735552982,176.24179320653749,186.51094730350684,176.45048014565478,186.69906874606511,176.41904018208817,186.42139785746252,176.16290490426439,186.45801680157413,176.31738220489785,186.56387780543955,176.49462918044853,186.69906874606511,176.37489114729442,186.56387780543955,176.52936844792788,186.5932077421997,176.00842760363096,186.09079646692723,176.16620420817713,186.39779729228997,175.92953930135789,186.09079646692723,176.24509251045023,186.59320774219967,176.29270354110861,186.56387780543955,176.61155605411372,186.64613824413237,176.13822624047515,186.36846735552982,176.32398081272333,186.4580168015741,176.24855450631486,186.6461382441324,176.50122778827398,186.66973880930496,176.73475608313242,186.76501762693687,175.7588909336327,185.8367261434972,176.61436721360263,186.92953850432255,175.47807699201968,185.67220526611152,177.29638396635843,187.56714072022055,175.21673342141113,186.35856824811859,179.97602634982766,180.67971685685825,182.28207647340082,180.5035638269043
183.37233989972555,182.51958887853715,182.71949264200555,185.49133614613677,179.7692963250098,188.73732594147378,177.73854273142939,188.12764213701092,177.89687335036345,188.44995664588072,178.25899285245009,188.09091201440975,177.57786353401491,188.16695984495419,177.93781451462382,188.05159430646657,178.01877990499528,188.8090012773516,178.4560961141668,188.0515943064666,177.50049830545228,188.04722181180006,177.74431141471595,187.93185627331249,177.94141467643266,188.48668676848186,178.01301122170869,187.93185627331249,177.67271486943991,188.33021861272655,178.21228300490313,188.41063893793748,178.06332123106449,188.29090090478337,177.94141467643266,188.29090090478337,178.06332123106449,188.29090090478337,177.94141467643266,188.29090090478337,178.06332123106449,188.29090090478337,177.94141467643266,188.29090090478337,178.06332123106449,188.29090090478337,177.94141467643266,188.29090090478337,178.06332123106449,188.41063893793748,178.21228300490313,188.44995664588066,177.94358319791039,187.97117398125567,177.62240486008412,188.12764213701095,178.01301122170869,188.41063893793748,178.26259301425893,188.44995664588066,177.89327318855459,188.09091201440978,177.94358319791039,188.16695984495414,177.57209485072832,187.7685975055401,177.74431141471595,188.21048057957245,177.86981813115665,188.37132122999432,178.52552413796511,188.76968356940836,178.06908991435108,188.25417078218226,178.13708629781826,188.44995664588066,178.01877990499528,188.41063893793751,178.25682433097236,188.41063893793745,178.01877990499528,188.44995664588069,178.13708629781826,188.37390881533631,178.33995824282152,188.52600447642504,177.49472962216575,187.65323196705253,178.26259301425893,188.52163198175847,176.8603101512775,187.21813950503733,178.89918100662487,189.39877698579747,177.012872086925,188.19124043563764,181.64983656142314,182.28207647340065,183.84426390740103,182.06055270652001
181.46940818524737,180.60432594322754,180.77514795317521,183.54540483497343,177.94118013706466,186.92501325938377,176.12535563471556,186.40688467257772,176.21983652636831,186.5493646205548,176.35542193370938,186.06911725623655,175.6826794924277,186.23421613749093,176.17965809715571,186.24178579132339,176.34129790048186,187.02961198487299,176.77111759353645,186.24178579132339,175.7498384041011,186.18128563555823,175.99276115232817,186.18885528939069,176.40845681215526,186.88713203689593,176.47389238286922,186.18885528939069,175.92732558161421,186.49643411862206,176.52819484530937,186.72203315564158,176.52991818626882,186.66910265370888,176.40845681215526,186.66910265370888,176.52991818626879,186.66910265370888,176.40845681215526,186.66910265370888,176.52991818626879,186.66910265370888,176.40845681215526,186.66910265370888,176.52991818626879,186.66910265370888,176.40845681215526,186.66910265370888,176.52991818626879,186.72203315564158,176.52819484530937,186.54936462055477,176.04706361476832,186.01618675430387,175.87129977821465,186.40688467257775,176.47389238286925,186.72203315564158,176.58422064870894,186.54936462055477,175.99103781136876,186.06911725623658,176.04706361476835,186.23421613749093,175.81527397481509,185.92663730825956,175.9927611523282,186.44350361668936,176.34302124144128,186.89470169072843,177.19794636163735,187.20228051995977,176.39732370388143,186.33133523736771,176.23396055959583,186.54936462055477,176.34129790048186,186.72203315564161,176.7168151310963,186.72203315564158,176.34129790048186,186.5493646205548,176.23396055959583,186.38426573930042,176.51706173703553,186.71446350180912,175.88243288648846,185.93420696209202,176.58422064870894,186.65396334604395,175.03691753360681,185.28886071651951,177.06834280420367,187.49472004152619,175.26399290764695,186.34773682340892,179.87812451600877,180.50356382690416,182.06055270651996,180.30822302064533
