175.45764707122137,175.3288975156872,176.95559239170612,178.93844322538931,172.28553814321828,181.33671772362018,171.10448517946995,181.55316784355517,171.59305912599143,181.04459180186024,171.43705413830688,182.15354506599817,172.17804962391298,181.30605299200781,171.28227356589437,181.66665709047979,171.65041114629832,181.1430887979657,171.32318182986322,181.71718340231109,171.90665521313375,181.43147851842969,171.25713496347305,181.11949101645047,171.17929295682049,181.09853062588297,171.23131097857089,181.25880998334287,171.54187283641127,181.47079622637273,171.40993109716544,181.21575607410352,171.40552610290203,181.390656547643,171.36498789087938,181.30828493046047,171.65978573101725,181.46706002507671,171.12230534461474,181.01615900870061,171.542558218892,181.92320150559252,172.13173565266544,181.86292340708181,171.72872047701995,181.49922901953249,171.58833315734833,181.51385013561207,171.3211973911431,181.00376983107358,171.31563969032976,181.51011393431594,171.4241780002169,180.92363015234369,171.03136914146057,181.04531947746926,170.95793212907162,180.84349047361371,171.31632507281051,181.6273393825366,171.82834588241218,181.64720096275559,171.6837772707338,181.71495146385865,171.98160934017372,182.1302709735877,172.18270388383385,181.77413075202085,171.63814868196695,181.8037441189195,172.06684149282509,181.84948286474105,171.7200256309367,181.8656082436641,172.2645808328036,181.85545100448959,171.25644958099227,180.67082193852698,170.62720125926535,180.777890147573,171.19772679572381,181.18463844436138,171.12833036949709,180.73857243962985,170.90858392852206,181.1130699785721,171.23398079977179,181.53147977737862,172.47855151455369,182.1126413318211,170.88275994361993,180.96969258726986,172.74103866468303,182.36349238466448,170.02720676708933,180.87802208153801,174.8938659602268,175.73323727392315,177.03158014611742,174.79232747079729
175.23636865933022,174.66616264536776,175.6170764243904,177.62774025089581,171.43562468851621,180.5255545234055,170.24100106038057,180.51127386609022,170.73763968857801,180.32112152302616,170.63259128429959,180.9824986799388,171.01886426460422,180.33098428287445,170.45471926294053,180.6932271571568,170.70019321784483,180.15462113943101,170.37265484700802,180.65776808350762,170.85634011831533,180.38279392894754,170.38090290975839,180.24959873695016,170.31969097964776,180.17993680675087,170.45865383404663,180.45603181717067,170.6675214495225,180.50410784028435,170.59583825878562,180.48063025665741,170.73084439852755,180.60008764333051,170.56514195555093,180.30796172157059,170.55543075988945,180.36905612362335,170.20671503615807,180.06690977707959,170.61687267057755,180.87877484721815,171.06123621731618,180.687799005682,170.66850691463139,180.45704813245575,170.55221566136245,180.38995995475338,170.40030840736182,180.16390589541078,170.45820502769328,180.51956074775575,170.59179529454099,180.18664781023372,170.31816432091338,180.22557830133215,170.22286474958608,180.06690977707956,170.50847474727365,180.67777424968534,170.85979711958564,180.50067543743779,170.49925304361381,180.50169175272288,170.86209620213455,180.80126434676973,170.78376056448343,180.44590685181228,170.59448365783939,180.72727234877146,170.98921669706525,180.60294204230837,170.44688127691242,180.46589457701907,170.96714298107568,180.66603652420224,170.22971469165273,179.70871199290232,169.96806353197223,180.15661688805938,170.4411479168578,180.16336304341971,170.19447775028527,180.01499559043197,170.32717458609329,180.31614406266149,170.32648183279468,180.48422465565224,171.43937370967612,180.97564798400379,169.72413638071447,179.69256029856868,171.56225334938549,181.26236199670782,169.08152690549113,179.9318624575225,174.08003708122988,175.05111310163119,176.49335202061485,174.31657694518088
176.74627596987693,175.52137003070783,175.50186743969817,177.51722862551975,171.87539198476452,181.12956431103905,170.70157439380935,180.82465738668162,171.1934249302416,181.02574601073553,171.13228682598293,181.12329327397759,171.12094972665881,180.81100534557302,171.06910945139947,181.17536789617265,171.05102601118182,180.4676276986782,170.59675646692608,180.85285248746862,171.01189681150422,180.69579023269407,170.89251227986105,180.87383220709847,170.84642658841008,180.68143796003955,171.02551515735678,181.07345336084697,171.10718919063854,180.9398447394662,171.15703174655198,181.23011874468813,171.45512426785788,181.27324765433579,171.14594914943851,180.74380598938097,170.78344563895612,180.70497487371611,170.67354230373113,180.55714924651585,171.02588439823444,181.19620237426898,171.20861710659292,180.75975362043812,170.79907542990495,180.72691289535365,170.75837545511249,180.58060287990943,170.77681202311325,180.75599793892215,170.95508202445075,180.94442317992997,171.12721410162405,180.9237239686689,170.9841054978863,180.85001464694082,170.86822254175942,180.7691354895459,171.10207248867661,181.17078945570879,171.19998778502045,180.64945311469276,170.47455143248061,180.51489889222924,170.89560265051304,180.6166402878149,170.38737895748966,180.23761705798535,170.71506591513307,181.00013586408946,171.26818096734502,180.79483272633573,170.51712834644042,180.43474020962452,170.93818676644776,180.85180446411601,170.51722655900519,180.1708158297134,170.72560962970036,181.01682283569943,170.98667071174245,180.44190637354282,170.51067742997674,180.72682947695841,171.15523246595183,180.91803690019316,170.64229223173666,180.68825647026333,171.58822535791833,181.11671612460785,169.74817151630577,179.59394759924038,171.45981365186108,181.30047811165753,169.19885036937592,180.21205157527896,174.57748563122942,175.82582398531412,177.58177924406672,175.51224578729483
178.68937121286874,177.43133192667193,177.33054412256024,179.57854545362008,174.11770337193357,183.36387924054085,172.5971512938828,182.75960278987239,173.15510948774727,183.31997128907773,173.30434937891036,183.14313468234039,172.88271450054239,182.71898801729131,172.86991678702583,183.12682312451929,173.00350287220658,182.60583800607449,172.61383962208387,182.94945777554881,173.00745301249501,182.77591434769346,172.7817073597277,182.92741684614012,172.91736512573232,182.97132479760322,173.22159957863826,183.26704078714505,173.0258730449894,182.91839429567048,173.085601836103,183.34756768271973,173.40785681936902,183.2213992925638,172.98468333757765,182.73929540358185,172.62939038220765,182.68636490164911,172.68044888467176,182.6497459575375,172.82329656927379,183.06260778676574,173.11778127833469,182.91110528831899,172.82113624616051,182.72471738887893,172.5400709703062,182.52757339585102,172.77954703661447,182.97305834072137,172.95895433527832,182.91839429567048,173.06027233593815,183.16846879063112,173.12028157797846,183.01696629218441,172.96586380294895,182.92741684614015,172.91770510226291,183.01696629218443,173.07619206878863,182.768625340342,172.44816273696094,182.53659594632069,172.82804571383102,182.74502477516944,172.48685214472872,182.53659594632066,172.88160451593916,182.97305834072139,172.85689685595366,182.55117396102355,172.30318525865323,182.37936407628641,172.80879768087155,182.93643939660973,172.57012061883205,182.36305251846531,172.87395556960371,183.33298966801684,173.08989195292196,182.54388495367206,172.54337027421903,183.04629622894464,173.36080798279684,183.02998467112346,172.50647068362639,182.6587685080072,173.41510626357004,183.03571404271111,171.59950728237212,181.71816129521579,173.62033120682267,183.65873824390624,171.46984080807229,182.58864989131166,176.79774525753714,177.92243880018117,179.51425086953597,177.32216049381614
172.09267112157221,171.22979403143984,171.60925739162795,173.97303534074888,168.59301451065656,177.3231418565384,166.75326635083243,176.59351407312414,167.34343271810638,177.26381256755897,167.69275240266987,177.1882235691987,167.1560377035178,176.52338470178972,166.94149951451644,176.96216693609716,167.29751398666781,176.60542414008239,166.90812527237495,176.92011869881279,167.39976285757544,176.8149100834685,166.98909107575406,176.81530958560296,167.33506856911103,177.16545389428157,167.63809509299989,177.17230383634825,167.19108130706661,176.74799137375766,167.23867286830429,177.11914453637439,167.42104939349568,176.82721965256124,167.01205044147332,176.67314185406227,167.02329999859919,176.72380085439201,167.09385092555618,176.65722212121179,166.92188580839516,176.79609054883974,167.42439505309386,177.09341553407504,167.25912125512909,176.60687398072696,166.69191772196615,176.45785630711953,167.11429931238101,176.98348677036986,167.25494091482736,176.78273064123704,167.23700003850519,177.11263457083842,167.42439505309386,176.94405788393712,167.25661374462635,176.82505932944807,166.94651800391361,176.67891234093332,167.29416832706968,176.92341800272561,166.97198488013561,176.59962453652594,167.18773564746846,177.0087276282454,167.30420183747236,177.01668755491536,167.4636224653361,176.88182879317961,166.884331225952,176.48688461333163,166.85635683922709,176.70393098125311,167.40812700657085,177.15752308429711,167.1297326782003,176.52264522312481,167.17481326054363,177.22475265385313,167.33924890941287,176.5385054303714,166.90729059167126,177.04676619963737,167.60509874848617,176.81596042197864,166.59384919136031,176.46251692987656,167.52998958359964,176.8825086257516,166.0011753135835,176.00454606772448,168.24034569810337,177.88410136482867,166.06753896345529,176.78733468432372,171.05379230100183,171.90894401570705,173.15492974831162,170.8962682584546
181.32432854599313,180.4963822515808,181.04299808516831,183.34756768271978,177.38642128580608,186.64680175218905,175.74721075028594,186.20305035043688,176.29032995872834,186.48801024639096,176.39183976802545,186.57929323555342,176.09244310196613,186.01492890787861,176.04459526112524,186.66884268159774,176.4577676648301,186.12078991174403,175.7342503448177,186.23966929454849,176.29388059688222,186.40748335081625,176.14230309802718,186.41876818663715,176.38322900497988,186.6485352953072,176.44218790851016,186.47169868856989,176.11083401777512,186.30891135430232,176.25843096742324,186.49703279686059,176.19583278344996,186.19402779996724,175.97736569156902,186.30162234695084,176.2193419370322,186.48072123903947,176.38251864300025,186.44410229492786,176.04425528459475,186.28357724601156,176.33151966613983,186.55898584926288,176.19907256175873,186.14109729803459,175.85438788010612,186.11350090439254,176.07282456306848,186.33824129106245,176.11447329821831,186.30891135430238,176.34703989685605,186.71275063306075,176.41071882825804,186.36184185623503,176.17053239997045,186.39117179299515,176.04425528459453,186.19402779996722,176.22119140030031,186.45312484539755,176.06992476129008,186.14109729803451,176.07578389045068,186.39117179299518,176.23125200399022,186.39117179299515,176.16803210032646,186.18673879261578,175.92485722797119,186.32192973324138,176.31778925259889,186.57929323555342,176.53548645689628,186.68915006788828,176.19731174077972,186.21936190825801,176.24612139833081,186.60688962919536,176.1799130505992,185.978309963767,175.78203866005472,186.46041385274901,176.68163485813292,186.4716986885698,175.59464243852455,185.87574213878366,176.47584772079398,186.47742806015745,175.13226087513431,185.63069436582325,177.27794248323448,187.2411986662114,174.75950958349051,186.18915541455613,180.18404100193962,181.05559235650094,182.54454670515759,180.43071900488664
171.26932571908216,170.38083894725108,170.77188107591439,172.70491973447491,166.89641546378149,175.81049017955357,165.86722156194196,175.81301947539376,166.29249202887888,175.60285357894659,165.96863575214587,175.66505214029641,165.85634990244378,175.33690903167388,166.09384398877279,176.18593345898952,166.59050006337051,175.67884207944124,165.79332844377845,175.56925329226664,166.13390955011056,175.80577003119274,166.23448559121911,175.80247072727997,166.17564447285565,175.75221122908445,166.0879908186719,175.65746271956468,166.08799081867193,175.80577003119262,166.28040432265777,175.79636026387828,166.06670428275166,175.62272345208541,166.04709057663058,175.70806219429073,166.13307140101512,175.87805972564027,166.46445367764821,176.046296436011,166.25577212713938,175.76418082164656,166.19442349827315,175.80616953332711,166.10927735459217,175.72333109076567,166.21571003419336,175.74610076568277,165.98490379866888,175.4805557205446,165.84008185592074,175.67878255383732,166.46612650744726,176.19861341353106,166.35718631734332,175.63719334429135,166.03082253010749,175.8509694044964,166.23113993162104,175.67878255383741,166.07506843174696,175.73669099836835,166.10425886519505,175.63833232509072,166.01204697308168,175.57505289582318,165.96110975224596,175.47484475927735,165.73616015521407,175.3033087449939,165.88014394886682,175.75576186723848,166.28123900336141,175.78035188873838,166.12805291161794,175.6675233232549,165.94400355662751,175.644043286358,166.30001802877894,175.93926747408403,166.12889106071333,175.42344628028263,165.69358708337359,175.78590015805375,166.82214097959866,176.29055076356204,165.98406911796525,175.51572501956593,166.60760625898894,176.1093231183153,165.38767168296266,175.20643056225754,167.21236784298694,176.55180415866977,164.81795717090517,175.66551423445708,169.94150298290819,170.6986774488492,172.3166090822275,170.67602576275027
181.76889028788139,180.68208587651327,180.89805830183423,182.85817478638631,176.72951181565938,186.29259979648123,175.87959820857412,186.30735171853848,176.01793355880145,185.81222945061742,175.68899132542063,186.09389616768939,175.76105880231259,185.72268000457319,175.83553781606977,186.48645061062709,176.37489869286105,186.232380287197,175.94191594162106,186.16313822744328,175.94151643948663,186.1794497852643,176.16331195196545,186.27802178177831,175.91618693932179,185.97501678488496,175.78999846623526,185.98403933535457,175.87277738319312,186.17216077791289,176.05949365166182,186.16313822744326,176.00843514919774,186.31464072588992,176.15390218465092,186.07358878139894,175.71145014049293,186.073588781399,176.153902184651,186.4041901719342,176.2110116249132,186.27802178177834,175.96073547624994,185.95870522706392,175.70855033871453,186.08261133186852,176.11339243030062,186.17216077791292,175.8188786045543,185.86915578101957,175.64783073469454,186.08990033921998,176.34666939091784,186.59231161449253,176.10324318432126,185.93839784077335,175.79684840830197,186.29832916806885,176.23634112507818,186.18847233573402,175.82507771024527,186.01163572899654,175.96394613787325,186.13554183380131,175.7932382445442,185.75929894868474,175.6094521867719,185.77960633497526,175.47018425700955,185.61681900070769,175.70243987531282,186.02968082993584,175.81526844079639,185.84884839472906,175.69775025635951,185.83253683690796,175.59387243045194,185.94742039124296,176.07831318629076,186.26171022395721,175.96428611440388,185.93110883342194,175.57875170187029,186.06456623092922,176.51450659915409,186.68359460365502,175.82976732919863,185.94568684812481,176.61187445952544,186.68759043212438,175.18794947094821,185.38634924245022,176.85399899337074,186.82677720121941,174.45888388162041,185.90992489018964,179.81760645447247,180.66876728515089,182.56769560372456,181.02544629551335
171.77655156291848,170.83934696998728,171.16411670274272,173.11425975686615,167.34845120750359,176.33737879530037,166.39390621908288,176.08451229198178,166.18317740953893,175.55058204602011,166.22947057021366,176.24623903681632,166.47198661433148,175.61395011757722,166.002013462679,176.02450304994133,166.54960328972084,176.17673150566137,166.71905742798731,176.31417908884112,166.44317061011961,176.02231373063171,166.57005514493736,176.18477995413136,166.36053544533311,175.86172596659674,166.25661374462643,175.82081671011179,166.15770706492518,175.84975637403457,166.27288179114939,175.90257569747766,166.46947563543705,176.35511746201152,166.73616362360571,175.88054550122555,165.92355863819427,175.71054796987593,166.31880052258808,176.04187274392567,166.52998958359959,176.13082164988882,166.36053544533311,175.67861986188555,165.92439331889798,175.72961883874589,166.30002149717058,175.90942563954445,166.29834866737147,175.89390540882835,166.21571350258506,175.94672473227149,166.61011723788334,176.25129916170803,166.34426739881008,175.70940898907648,166.1697947711464,176.08997191900792,166.59552202115935,176.01364344198234,166.18940847726765,175.86783642999836,166.49076217135723,176.11885205732682,166.21320252369054,175.64314111574114,166.21654818328867,175.9737845240077,166.17564794124721,175.59257075770068,166.09050526595809,175.76194644887087,166.02664565819728,175.64041859854154,166.21655165168045,175.80859578330839,166.0717262405405,175.751397700757,166.29584115686876,175.91883540685873,166.3238155435935,175.93509511623986,166.17314043074455,175.75386888371526,166.44149778032056,176.05372316479091,165.90645244257587,175.6344418308955,166.98658009685963,176.52073470104156,165.56670601694742,175.08280191441921,167.00703195207615,176.51379470396347,164.84342404712712,175.5667851757309,169.758291777013,170.57263714365612,172.35370583982737,170.87065085492287
180.87192326677342,180.08909212900477,180.71284126918013,182.92012783878866,176.82826999107152,186.27229241019072,175.73490118119315,185.97501678488493,175.51004317498433,185.45229812332198,175.6947909289772,186.32366327635961,175.96289579936331,185.45229812332192,175.1496900947223,185.69734589628237,175.71543081018896,186.02395145834825,176.1937015770219,186.27802178177834,175.70130089451359,185.67703850999186,175.67137041768422,185.99132834270603,175.79496994883775,185.86515995255021,175.66270012903482,185.68606106046147,175.48206520728237,185.75027639821511,175.59504194065892,185.64041956588025,175.60254271910148,186.0532813951084,175.94012612444595,185.6770385099918,175.24804876800007,185.53455856201478,175.52556340570035,185.7299690119246,175.69010131002392,185.95470939859442,175.78564882381249,185.73899156239423,175.47885454565889,185.66072695217079,175.48792433644275,185.57117750612642,175.46077448969507,185.73170255504274,175.63117152317906,185.75027639821511,175.63043204451398,185.77561050650581,175.53241334776709,185.72996901192457,175.77549957783299,186.06057040245986,175.84747841243569,185.76658795603618,175.45102474584996,185.72268000457316,175.77657903302878,185.94742039124299,175.6188619540863,185.83982584425934,176.02981450907424,186.28704433224792,175.8217784063325,185.62410800805915,175.4311548727112,185.60779645023808,175.32363776636041,185.58748906394754,175.75420886024594,185.80494044326596,175.31891761799935,185.44500911597058,175.52886270961315,185.83982584425937,175.75082091404374,185.98004350688518,175.81066746413239,185.78289951385733,175.61698349462191,185.59148489241696,174.91641313410531,185.35875284880825,176.3535498623921,186.45382749498489,174.86060536659454,184.90024952499886,176.48608560906266,186.64767830913075,174.23714789474539,185.31796416887292,179.10460888637749,180.04018761972247,181.78697026628117,179.96434866985712
170.86295533975519,170.098241228181,170.66243146838141,172.68900000162438,166.89474263398239,175.94904774733655,166.18233579205193,175.99066595307892,166.1213650608133,175.37750742831372,166.01455448358445,176.05718516065548,166.31294041570374,175.40638756663247,165.76162703143606,175.67085174385304,166.10927735459211,175.73240088154947,166.37931100235895,175.85756801232196,165.79918161387937,175.25810937169021,165.9235551698026,175.835049671646,166.31879358580468,175.78044053102769,166.00870131348356,175.5084450459573,166.02245838111213,175.87308824303804,166.24034222971176,175.4795053820346,165.77454941836098,175.64879243091534,166.17313696235288,175.58437402084817,165.90310331458608,175.61655346307984,166.07004994234984,175.63503302117812,166.0879908186719,175.80616953332699,166.21571003419339,175.77037992733764,166.21571003419331,175.79064930261111,166.00368282408635,175.31601781622106,165.59217289316962,175.3825370237976,166.0274768705093,175.59162346504937,165.84008185592077,175.37278727995255,165.90059580408331,175.87524856615136,166.59217289316959,176.17874354039216,166.37847285326359,175.65385255580691,165.82214097959863,175.45201555875639,165.92188234000358,175.5533335594159,165.9857419477643,175.82103892766753,166.52747860470518,176.06230481115082,166.13056389051249,175.56811431146707,166.06837711255073,175.73083186920798,165.98741130917168,175.6219244478165,166.25577212713932,175.63352353444057,165.5470888424347,175.18863083673148,166.05127438532404,175.91433747605353,166.27204017366242,175.90313789156403,166.4269025635966,175.95052670466663,166.23615842101819,175.49440377257116,165.29667583757251,175.17428011622229,166.7148736192938,176.35388830571137,165.38349134266082,174.78791770322354,166.86304469003181,176.51564404674221,164.66811673875984,175.0075253091149,169.19610326485562,170.32684292044914,172.10595622210593,170.28812660437956
181.71344720101501,180.66120048635415,180.93125786921195,182.84186322856522,176.62279371357749,186.2925997964812,176.07856452053193,186.58502260714104,176.19879069810995,185.95470939859445,175.92269690485773,186.51404700426909,176.22949118301153,186.0369698372873,175.92201553907452,186.35299321311976,176.10719332460974,186.17042723479469,176.13329283284705,186.21606872937591,175.68538116166295,185.84884839472906,176.01213395524471,186.50276216844816,176.4196985640306,186.4041901719342,175.94521524553375,186.01163572899657,176.02830502233667,186.54840366302943,176.35070817349558,186.07358878139891,175.69914057140019,186.09389616768942,176.02765418596081,186.17216077791295,176.08911326864589,186.43352010869435,176.27832983675853,186.35125967000153,176.1513423594034,186.29832916806882,175.97409538385267,186.1631382274432,176.18608162688273,186.50276216844819,176.24575089239258,186.0206582794662,175.49986339959722,185.77960633497523,175.94876588368788,186.32366327635955,176.07791368415624,186.04825467310818,175.88619681639977,186.4132127224039,176.52755564691174,186.7184800046484,176.39226826635627,186.26171022395721,175.83482745409023,185.93110883342189,175.70821036218399,185.86915578101954,175.75849897706485,186.11523444751086,176.13724297313553,186.13780411915249,175.66045116363233,186.00035089317572,176.31596890601634,186.71119099729694,176.33904944077852,186.31464072588994,176.19228073257386,186.1924681642034,175.60143273449816,185.86915578101951,176.14202123437838,186.36930477094086,175.9240872198985,186.13780411915249,176.24259975637301,186.55569267038089,176.40121900593223,186.14856021274028,175.22934687185685,185.61508545758954,176.62048522257101,186.92864237661541,175.38407550673156,185.30408880375734,176.81235025822082,186.92534919773337,174.29070669685356,185.38217950662647,179.44463294527284,180.86591127817883,182.92932782053751,180.9952577084035
172.19716884529694,171.12731149212706,171.26503520126801,173.00103168924812,167.0759100492341,176.10657301764152,166.35300597704148,176.28668926556293,166.538353732595,175.91374628577086,166.51995260480527,176.46399576671743,166.65770879912105,175.8226370566945,166.12889452910505,175.98936428032761,166.42522973379755,176.13909243640373,166.75828484022963,176.33009882169165,166.42355690399847,175.97816469583799,166.50619553717664,176.32003821800157,166.7795713761499,176.30772864890889,166.46194963553711,175.91158596265768,166.36638861543403,176.2291803231663,166.58715787216406,175.92460589372985,166.23783471920888,175.98575411656972,166.34092173921204,175.88665596462727,166.3818219812533,176.19740038306924,166.61011723788343,176.14890170585258,166.52998958359962,176.04252358030146,166.19358881756938,175.83630782414238,166.46445714603985,176.36443858703649,166.84426566461428,176.152851846141,166.128894529105,175.69709941998383,166.34092173921198,176.34280789291876,166.82047161819131,176.13008217122382,166.2770621314512,175.98501463790475,166.50870304767946,176.18759111362039,166.52664392400143,176.01975390538402,166.32130803309087,175.906525837766,166.25410276573191,175.82112756995701,166.17732077104637,175.89020660278112,166.44317061011964,175.91988574536896,165.98658009685957,175.76256828905022,166.69693621136341,176.55519363808327,166.67063118604591,175.98692362677673,166.40561949606811,176.06794172275553,166.27706213145126,175.90908566301374,166.46362246533619,175.87502634859558,165.93024648899885,175.71005982545216,166.45860397593898,176.23205100825916,166.67731903685049,175.9516656854662,165.71403893859008,175.56857345969473,167.02998784940377,176.75765094210203,165.89976112337956,175.37904744445888,167.36053544533311,176.89361815522972,164.94818389692927,175.4991269873548,169.90144088996206,171.17055730135408,172.96507078781551,171.00576174078694
181.52774357608266,180.54458338890092,180.89543914653706,182.89982045249812,176.72590165190144,186.120789911744,175.55836456762216,185.8854673388407,175.57625152271567,185.70966162563403,176.05471539041912,186.54667011991123,175.98677545888361,185.39537179291992,175.08928135054759,185.67201178799161,175.69010131002389,185.94342456277357,176.06529325521851,186.26171022395724,175.88505783560024,185.86515995255016,175.66486045214822,185.9090679040132,175.86370900513126,186.04425884463876,175.72236939454481,185.71868417610372,175.68069154270941,186.01892473634803,175.72740040275093,185.65673112370138,175.59933205747799,185.85787094519867,175.50128424404554,185.39936762138925,175.30706719713419,185.72996901192457,175.72410109883825,185.87244895990156,175.72162991587979,185.68606106046155,175.33088721056163,185.62410800805918,175.73754964873029,186.09718934657141,176.0605149939758,186.10621189704116,175.6941400926016,185.62410800805915,175.46654497656618,186.04425884463876,176.21178163298575,186.12252345486223,175.57977304418418,185.57846651347785,175.44923492867491,185.69335006781299,175.59134313461189,185.81951845796888,175.73464984695201,185.91809045448284,175.84275826407466,186.00035089317575,175.67242075619458,185.85613740208044,176.01315529755857,186.18847233573396,175.5870224883854,185.50522862525472,175.64530143885435,186.00763990052715,175.58119388863244,185.45958713067341,175.42720473242272,185.6697495026404,175.40391638367421,185.50696216837287,175.42794421108778,185.5092244537241,175.35217792814876,185.6860610604615,175.60809098841676,185.69335006781293,175.7092317044978,185.92208628295231,175.41597461852564,185.77890368538789,176.55612633810767,186.59630744296189,175.07259160962457,185.32040036157846,176.97623732616862,187.12075964764307,174.66112038080544,185.79104550738518,179.59476060348345,180.46033845630205,181.94602600737849,179.84461063670304
171.34565061108376,170.48713447023107,170.94956784337489,172.94078563702536,167.19358881756935,176.08544499200625,165.96696292234682,175.58591250378217,165.77288005695354,175.44047599773631,166.48908587316654,176.49997718134421,166.42271875490306,175.25341975273673,165.67397337725237,175.80474868887879,166.19275066847399,175.43180570908683,165.8409200050161,175.62025226912709,166.02580404071026,175.57175359191044,165.98908760736239,175.66977228865753,166.23113993162096,175.83183901002258,165.97114673104031,175.49147497459668,166.23030525091727,176.10139372105311,166.25828310603382,175.49437477637503,165.9661282416431,175.66835144420921,165.81712249020146,175.19844010618016,165.73783298501309,175.6640018017863,166.27705866305953,175.8503185681208,166.11011550368752,175.3789863856436,165.61178659929075,175.50887366477721,166.19526164736848,175.80261889517323,166.21069154479608,175.87854787006407,166.24034222971173,175.5558338590599,165.75493571223976,175.70451155613685,166.52747860470518,176.03046534544981,166.09133647827002,175.50523438433387,165.89976112337965,175.59097262867374,166.0930093080691,175.85972833543528,166.31545139459826,175.85537869301251,166.32465022429722,175.97079607993987,166.12638355021062,175.70312124109603,166.4882511924628,176.23378129983044,166.17313696235291,175.37750742831358,165.96278258204492,175.87052841779041,166.13474423081422,175.48271604365794,165.92020951020447,175.40891686247275,165.5504345020328,175.10727135150006,165.65519782022656,175.4585850498963,166.16477281335753,175.80369835036871,165.89185722585194,175.26976810440715,166.00033716448826,176.0037745264404,166.2182210130878,175.85003823768321,166.92104765929994,176.25479015376879,165.32130456469912,175.10156192344394,167.21738633238417,176.7732001690143,165.10509354589863,175.71256307102931,169.76079928751582,170.33881251301131,171.64572156943416,169.78989918016913
181.37453116871978,180.5051057145985,181.10844918646174,183.12682312451926,176.93683743593223,186.48974378950922,175.8983582175992,186.19246816420332,175.80310703959691,185.80320690014784,176.13172382050575,186.86269349574363,176.34095842965061,185.87644478837097,175.94404573532677,186.63968665219195,176.14483239386735,185.56215495565681,175.30851703777867,185.92208628295222,175.90893749512063,186.00035089317569,175.88298615477623,186.26171022395724,176.34410956567021,186.39690116458274,175.75599867742099,185.8235142864383,176.13252282477461,186.78945560752047,176.45122716988649,186.06456623092927,175.73427934101383,185.96043877018212,175.62679135134874,185.87817833148915,176.07325306139907,186.47013905280599,176.28478027669101,186.2707327744269,175.89890588762674,185.79991372126563,175.50341403775121,185.94013138389161,175.99621422239431,186.02065827946626,175.74940006959551,186.11020772551049,176.10654248823397,186.08261133186858,175.7154002807813,186.05727722357784,176.11305245377008,186.26171022395718,176.0217950568005,186.24539866613611,176.07615286317747,186.2087797220245,176.12345303399073,186.48645061062706,176.27147989469199,186.26899923130867,176.12817318235167,186.3512596700015,175.9325061743067,186.04425884463882,176.20706148462477,186.5923116144925,176.1506028807384,186.11749673286195,176.15464166331608,186.62164155125268,176.39004841763912,186.50276216844819,176.41077694113983,186.28201761024772,175.5855130016478,185.74298739086359,175.87252604895164,186.29832916806882,176.25291169430446,186.2178022724942,175.62654001710735,185.73396484039395,176.0594050093726,186.47916160327563,175.79397772320925,185.83583001578995,176.49139694770631,186.57270687778936,175.02011226271199,185.1340124621384,176.63550278480452,186.72820520470543,174.42596496072375,185.77473394956414,179.6085200132207,180.40011894701794,182.17175138166107,180.52888737337403
171.22712404271908,170.49053103500353,171.21146786124785,173.02488223208303,167.00452444157344,176.10401319239378,166.25911778673748,176.20780096328974,166.48658183105553,175.66412097348322,166.21571003419334,176.34169790831564,166.52580924329783,175.6478612641022,166.29918334807522,176.37637765019116,166.4269025635966,175.46805446330379,166.02413467930293,176.24293973290361,166.71905742798731,175.94342542835867,166.14850823522619,176.00383417253354,166.67983001574498,176.17602102319259,166.10426233358666,175.56681263871582,166.34510207951377,176.48235627360793,166.86220654093637,175.95314605551812,166.04374838542404,175.60047103827748,165.88851156625384,175.76361862756039,166.60509874848614,176.23279048692427,166.32381554359361,175.68763012706557,166.04709404502219,175.65434070023076,166.00702848368451,175.71400996574056,166.21487535348959,175.66625076718893,165.94818736532105,175.7928982680136,166.41937656369663,175.89711607045172,166.13474769920592,175.75494833891076,166.13056735890416,175.73538932561706,166.29918334807516,176.13147248626444,166.46612997583901,175.87064758948731,166.31879705419632,176.16621175374371,166.50870304767943,175.99078512477575,166.48239802236196,176.18213148659441,166.36471578563498,175.88295715858007,166.46445714603988,176.30837948528458,166.65185216062847,176.18975143673359,166.6134628974815,176.21292061378526,166.4627843162408,176.30337900648601,167.01037761167436,176.40287666056298,166.254102765732,175.88952664971984,166.6510174799248,176.39010806373207,166.55629114052536,175.79900873141534,165.87429424715756,175.6781912430657,166.63474596501001,176.21860104564499,165.8000197629747,175.23610970484557,166.60927908878793,176.36369757516036,165.44567812062238,174.80133713643039,166.73281796400755,176.40997640365981,164.86638341284649,175.55447560663802,169.69108650965416,170.50926907209904,172.41342867188149,171.09047260309487
180.70790770801759,179.97921685569906,180.76748461095465,182.75560696140295,176.41231695728501,185.96928741329737,175.59304430949769,186.13554183380128,175.88739544329212,185.51425117572433,175.39376713769471,186.06456623092933,175.86925727444662,185.48492123896418,175.31712780082418,185.8854673388407,175.7252400796377,185.81951845796888,176.06199395130565,186.61764572278324,176.28916044852141,185.85613740208049,175.39641560523171,185.76658795603618,175.80983934317803,185.91809045448286,175.58307234809689,185.58748906394754,175.4947742785094,185.90177889666174,175.86123782217291,185.8814715103712,175.63333184629229,185.66072695217076,175.33344703580929,185.55087011983599,175.66156114823553,185.77561050650579,175.31678782429367,185.33741456898693,175.41523513986067,185.83756355890822,175.7316905195699,185.80320690014773,175.64965108127731,185.66974950264037,175.36596645457146,185.58020005659611,175.5393228154376,185.66072695217076,175.51970427653993,185.6860610604615,175.44056464002554,185.47260550961249,175.44121547640128,185.73170255504274,175.46623411672101,185.48891706743356,175.54469380017426,185.95470939859447,175.74655991391029,185.72996901192454,175.65360122156571,185.89448988931031,175.62210173239527,185.77561050650584,175.81748828951351,186.11749673286195,175.93426699528555,186.04928556663901,175.87610721651322,185.75756540556654,175.28130907814943,185.7535695770971,176.14381258476465,186.19576134308542,175.53667434790066,185.72996901192462,176.04798320732715,186.29433333959938,175.79167064492495,185.54584339783565,175.16353814674898,185.5598926703056,175.97255690091887,186.04998821622638,175.03760100790393,185.09236679602657,176.12638336517657,186.56142204196848,175.01903280751642,184.92784591864077,176.54615437670694,186.99459125748714,174.80578841199014,185.82766445149682,179.3484345951085,180.07680656383408,181.93664781001939,180.48352652527376
170.88009012241915,170.18729317948544,170.88013981957653,172.90283570792261,167.05043970462035,175.99359628426478,166.04541774683145,175.82612804875549,166.02915316870008,175.24804876800007,165.79750878408029,176.02830502233653,166.59133821246587,175.63077202104461,165.71654644909285,175.58847232902983,166.1885703281722,175.950186728136,166.61680508868793,176.29271108667527,166.41937309530493,175.64990241551857,165.94818736532096,175.75591003513165,166.20901871499706,175.7703799273377,166.22240135338956,175.69553040764237,165.81461497969872,175.3348968764538,165.9014339531787,175.81816824257481,166.42941007409937,175.91979710307947,166.08213764857103,175.50813418611216,165.9319193187979,175.57579237448812,165.83422868581985,175.41338567659238,166.09217462736538,176.04607421845526,166.52915143450423,175.94407626473429,166.21320252369057,175.62611139828755,165.77706039725535,175.29688742174721,165.75911952093333,175.53090386102946,166.13056389051235,175.75880983691007,166.04960155552493,175.42313542043749,165.75577386133514,175.32946636611328,165.61262474838611,175.32477674715989,166.12972920980866,175.95527584922397,166.23699657011358,175.50162422057616,165.77873322705446,175.37031609699426,165.7148736192938,175.46438465345281,166.1510157457289,175.81236863901808,166.13390955011056,175.80511919481702,166.35969729623773,175.7747295697605,165.84008185592077,175.6752319156835,166.56837884674655,176.01559595110947,165.84091653662443,175.41838627588027,166.26079408492822,176.00303504777548,166.16477281335753,175.4329446898862,165.59719485095849,175.27340738485049,166.11095018439124,175.71403896193669,165.41937656369669,175.00539256947596,166.59468387206405,176.53443458517475,165.6706277176543,175.10338227002663,167.2403456981034,177.15592342205892,165.56335688895768,175.83230110418339,169.57340427292723,170.19630480494007,171.81576961194406,170.32877955506919
181.3411816005252,180.51612834490928,181.07800404121659,183.3239671175472,177.29383168667749,186.57929323555342,175.74394044256945,185.91479727560082,175.57770136336035,185.64441539434966,175.81341897752819,186.63795310907372,176.67592248414371,186.36757122782259,175.88289751248692,186.130515111801,175.92673568743558,186.02568500146643,175.95092620680109,186.17442306326416,175.83735816265249,185.9108014471314,175.93648543128049,186.3969011645828,176.2558710216866,186.34223711953189,176.21721073060417,186.23411383031521,175.69914057140019,185.66472278064023,175.55342220170539,186.13554183380128,176.3882586004639,186.62893055860408,176.23674062721264,186.07358878139888,175.81310811768316,186.24539866613611,176.19259159241895,186.26171022395715,176.03450412802758,186.35125967000153,176.30291985825858,186.40419017193423,176.06199395130574,185.93110883342189,175.48104386496846,185.69005688893097,175.76500894260093,186.20877972202445,176.15785232493951,186.26171022395721,176.0692433955069,186.11923027598016,175.74328960619391,185.67374533110984,175.37361540090711,185.78862888544487,176.03160432624927,186.39690116458274,176.1607521267178,186.03696983728733,175.71400996574056,185.77960633497526,175.45787468791673,185.81222945061745,176.06455377655354,186.31464072588992,175.91328713754342,186.11749673286198,176.29970919663512,186.58502260714107,176.1621424417585,186.45712067386694,176.69150224046348,186.66554950271569,175.83183901002275,185.81222945061742,175.87508587419936,186.25268767348754,176.11867477274808,186.13554183380131,175.63850960966946,185.57117750612647,175.67918205597184,185.99705771429367,175.30348602957275,185.52154018307576,176.51922674751498,186.95623877025736,175.51933377060192,185.5614523060695,177.10322480352372,187.2998585397317,174.84703764500557,185.86428339560842,179.48227201453042,180.31056950097363,182.0588039605241,180.34747693429856
171.63883406444771,170.77390117788829,171.15421124374967,173.28891779048359,167.65269030972382,176.30619016597493,165.92522799960173,175.58776196705026,166.02748033890106,175.68183052350884,166.29751051827611,176.27654001958351,166.77957137614987,176.19006229657867,166.50284640918682,176.03666445114087,166.09719311676264,175.46623411672107,165.98156160746245,175.77231791240598,166.04876687482127,175.5704519191591,166.21654818328872,176.15970178820771,166.61262474838611,176.14921256569761,166.54458480032366,176.03632447461021,166.19776915787119,175.64092126702408,165.92439331889801,175.75451972009094,166.56503318714846,176.42845749496925,166.67983001574495,175.89597708965226,166.14599725633175,176.15316270598615,166.84426566461428,176.26022078459857,166.27789681215498,175.83010871845133,166.39892470848014,176.14409291520226,166.42773724430026,175.73242999823489,165.90143395317878,175.6724207561945,166.40227036807823,176.20746098675926,166.48574368196014,175.91479662428091,166.3826566619571,176.11265295163557,166.34008359011662,175.60294222123585,165.83924717521708,175.61920193061687,166.21738286399241,175.96033597411537,166.40227036807823,176.00414503237857,166.44317061011967,175.98606497641489,166.15268857552803,175.87354739126562,166.65519782022665,176.34996869483061,166.37931100235895,175.85438788010617,166.52831675380057,176.31812922912951,166.46696465654261,176.16368245790366,166.96445888023572,176.50774529937667,166.36137012603683,175.73504934908638,166.21069501318783,176.08297380904784,166.70278591307255,176.32423969253128,166.355516955936,175.58304323141149,166.13056389051235,176.00661480261496,166.03333350900189,175.71034168910103,167.06419677224892,176.7956008712047,165.9678010714421,175.48971568682919,167.3997628575755,176.82379964374041,164.92689736100905,175.45281762944768,169.60928602557138,170.54144851433068,172.27240410280717,170.59820826427995
181.18240650590897,180.27593505076791,180.71168220545019,182.89079790202848,176.86081993924128,186.17372041367679,175.45093610356059,185.93839784077335,175.98791443968312,185.94342456277363,175.67523191568336,185.98230579223642,175.83451800696722,185.97830996376706,176.03518549381079,186.15185339162238,175.48215384957155,185.3374145689869,175.52661374421047,185.99306188582426,175.53926328983374,185.30981817534493,175.34325630525814,185.99132834270605,176.03083585138799,186.02395145834825,175.693800116071,185.80320690014781,175.77978969465215,186.06230394557801,175.71946959276647,185.61508545758954,175.57687324240595,186.10621189704116,175.99328542441958,185.87244895990156,175.63694201005015,186.09718934657153,176.16112263265589,186.1225234548622,175.63043204451401,185.75756540556654,175.80372887977629,186.10621189704116,175.85867799692517,185.75929894868474,175.45176422451507,185.75929894868472,175.85867799692519,186.05328139510843,175.68399084662221,185.66801595952225,175.63984181182846,186.0532813951084,175.90282703171889,185.81222945061745,175.5273532228754,185.72268000457316,175.60800234612742,185.80320690014779,175.68109104484387,185.95470939859442,175.97915550874433,186.18847233573396,175.89776690682726,186.08087778875037,176.1401427749139,186.27802178177831,175.75485969662148,185.78289951385727,175.85728768188451,186.04425884463876,175.54429429803983,185.75356957709712,176.06532378462606,186.23238028719706,175.60575338072482,185.53455856201484,175.53685163247914,186.03696983728733,176.15341404022743,186.36757122782259,175.94416490702363,185.90906790401317,176.04564559963544,186.43352010869435,175.76830824651367,185.85214157361108,176.55396601499447,186.73149838358748,175.22450908501028,185.37333086351111,176.94405788393698,186.98556870701748,174.45129446088876,185.49706306096152,179.20336706178944,180.12244805841533,181.97596551796258,180.31085799018695
171.12277266868378,170.32506356719898,170.85338308018348,172.88080551167039,167.11429931238101,176.09781408670281,166.16811847295571,176.22008141569714,166.78124420594889,175.98131583185761,166.1109501843913,175.87894737219861,166.27538930165218,175.86413762395111,166.51121055818223,176.12641236137293,166.00117531358356,175.35803705730913,166.21738286399244,176.12379301052133,166.05210906602764,175.12757125618091,165.71069327899198,175.95237604744554,166.63307313521096,175.944416241265,165.96696639073843,175.52951354598878,166.25493744643569,176.22733085989819,166.48574368196006,175.54182311508146,165.78040605685356,175.78743864098763,166.39892470848011,175.91874676456942,166.30252900767329,176.01389477622357,166.4218840741994,175.90032673207506,166.17230228164911,175.88079683546673,166.4269025635966,175.97955501087873,166.17062945185006,175.57801222320532,165.90310678297774,175.63802146524577,166.19609632807212,175.79644890616757,166.06921526164612,175.59353245392148,166.08882896776723,175.89125694129129,166.34175641991564,175.8272380333585,166.15268857552797,175.79289826801377,166.21487535348962,175.78999846623546,166.12972920980872,175.74834973108545,166.2190556937914,175.89085743915678,166.2762239823559,175.88761766084787,166.33841076031749,175.82177840633258,165.96780107144218,175.66551128852399,166.40227036807818,176.00593484955374,166.04625589592683,175.63043204451407,166.40394319787725,175.99356575485729,165.92271702070724,175.22305924436583,165.72073025778636,175.6072918636587,166.22695959131917,175.95783567447154,166.30503998656775,175.94552622586806,166.71487361929377,176.3608283027894,166.08632145726463,175.50495405389637,166.65687065002564,176.27434916706264,165.42104592510407,175.11063171422771,167.28124594014477,176.87775794798293,165.08547983977743,175.43439759695332,169.34343618649814,170.11130603926529,171.8370561478643,170.33818932238361
181.16254492568982,180.38379180326166,181.07638092271966,183.08291517305622,176.76644040244827,186.28531078912974,175.85460868493979,186.53938111255979,176.4755658571452,186.17042723479469,175.85716851018756,186.44983166651548,176.3626777660578,186.28531078912974,176.16612311145448,186.47742806015739,175.9954747437292,186.00763990052718,176.24575089239261,186.62164155125265,175.92994634905892,185.60779645023806,175.65508017889573,186.43352010869438,176.43561829688099,186.22509127984554,175.70863898100393,185.77960633497526,175.73999030228114,186.31464072588992,176.33009882169165,186.17944978526435,175.77472956976055,186.05727722357778,175.96147495491488,186.13554183380126,176.07245405713039,186.35125967000147,176.08047350940402,186.0645662309293,175.92053658174461,186.37659377829229,176.31812922912948,186.21606872937588,175.77728939500824,185.83253683690799,175.60658150167916,185.85787094519867,175.86302763934799,186.14682666962216,175.98350515116715,186.04599238775697,175.84784738516242,186.11020772551052,176.00809517266711,186.12651928333162,175.88474697575509,186.12651928333159,176.10034338254297,186.31464072588992,176.06199395130574,186.08990033922004,175.84025796443083,186.02794728681766,175.89341726440443,186.10621189704113,175.95348603204886,185.86915578101954,175.42097509732409,185.85787094519873,176.23313046345484,186.52306955473873,176.06014448803751,186.17944978526432,176.32142853304228,186.43352010869438,175.76926994273452,185.66974950264046,175.61534043261778,185.8854673388407,175.70377207747185,185.93839784077332,175.82732667564773,186.12252345486223,176.33322084102579,186.38787861411313,175.44130411869048,185.47589868849457,176.24973156208858,186.49946898956617,175.00385255333083,185.17792041360141,176.90715829334442,187.15737859175474,174.7207896463153,185.63225400158711,179.17587723851125,180.01658705454994,181.85622748480847,180.25792748825427
171.27138186652439,170.5342370479255,171.21870910708455,172.92171476815517,166.7311451342085,175.69300111180215,165.90979463378235,176.11009312638788,166.64767182032659,175.79792927621961,166.13223672031145,176.24865069417083,166.73867113410842,176.01892578442968,166.39808655938472,176.31193012343851,166.61597040798424,176.05295468992952,166.63056562470825,176.32864886055793,166.27371647185313,175.53497317301478,166.13642052900502,176.13832242833124,166.4849055328647,175.73859998724046,165.98490726706063,175.55012289779259,165.88265492776122,175.84275826407472,166.69609806226802,176.28626064674296,166.41937309530496,175.76426946393599,165.94902551441635,175.56169298822036,166.16979130275473,176.04678458043475,166.40394319787728,175.73169051956995,166.13223672031148,176.08112434577961,166.56837884674661,175.93136719350721,166.1944234982731,175.80585867348202,166.09217462736549,175.6470912560296,166.17062945185009,175.95783567447165,166.36137012603686,175.77657903302867,166.05127438532404,175.78018919678644,166.3367379305185,175.9733559051877,166.27956964195403,175.91544746065659,166.46361899694455,176.18784244786144,166.51121055818214,175.96940576489931,166.27204364205411,175.93506599955441,166.38432949175615,176.05153384548126,166.42522973379755,175.64493093291628,165.60760625898897,175.43510501299954,166.38432949175615,176.19509189206269,166.38181851286171,175.92090708768274,166.54960328972078,176.09713272091946,166.08882896776731,175.70031008160706,166.42104939349574,176.08081348593458,166.26246344633563,175.75775949839993,166.10760799318481,175.84602845130192,166.58882723357144,176.15168233593411,165.88683873645468,175.44809594787554,166.79332844377851,176.45520630637117,165.46863748634161,174.95541493492948,167.10760799318481,176.8718988188225,165.13557891151791,175.41807836196841,169.33841769710094,170.20972423814652,172.00153577433667,170.47847023112587
181.29589575283347,180.27878944974586,180.6572397635102,182.4543355076278,176.12869185618311,185.68432751734335,175.32428860273609,185.94742039124301,175.88665596462715,185.58748906394754,175.37568708173094,185.98403933535462,175.91809592819368,185.81951845796891,175.77688989287384,186.31464072588994,176.10870281134717,185.93440201230396,175.78234951989984,186.0645662309293,175.6651713119933,185.65673112370135,175.75380935811154,186.03696983728733,175.56746347509147,185.43598656550088,175.41597461852564,185.76832149915438,175.57431341715821,185.89275634619213,176.10185286928052,186.29433333959938,175.92229740272342,185.81222945061742,175.41563464199507,185.52553601154523,175.58588350758583,186.14283084115274,176.0671136018012,185.82854100843849,175.4922144532616,185.88546733884067,175.82689805682804,185.90177889666174,175.80585867348196,186.04599238775697,175.74874923321988,185.69734589628237,175.57761272107089,185.91080144713138,175.73498982348264,185.71365745410347,175.53602351152486,185.90177889666177,175.91223679903331,186.05328139510846,175.81492846426579,185.99132834270605,175.92815653188384,186.14283084115274,175.90933699725505,186.04425884463873,175.95348603204872,186.17944978526435,175.96684593965159,186.14283084115274,176.05514400923906,185.89448988931028,175.22055894472186,185.43598656550083,175.76287914889525,186.08990033922007,175.67813171746181,185.69335006781296,175.73143918532853,185.84884839472903,175.41258667232373,185.85613740208044,176.2729893814294,186.46614322433655,175.98375648540852,185.84155938737766,175.44895306502605,185.75027639821505,176.08939513229473,186.43352010869438,175.72455871385441,185.79921107167831,176.57022572437558,186.83007038010143,175.27516808534011,185.25844730917612,176.78958058330355,186.94166075555444,174.44262417223925,185.44413255902884,179.1845475271607,180.15906700252697,181.93244478334427,180.10157051098852
171.72536527333835,170.52034289730909,170.51485777027852,172.32447456351841,166.6986090411624,175.85222755699286,165.97905062856805,175.74658891010665,166.07507190013868,175.27991735038668,165.63140030541197,175.5986215750093,166.08799428706365,175.49156361688603,166.03166067920287,175.94265542028612,166.27371647185316,175.56135301168979,165.98741477756332,175.85685765034245,166.23866939991262,175.79175928721415,166.4005975382791,175.92093608387896,165.83924717521708,175.24483810637665,165.94735268461724,175.90140618727071,166.29751051827614,175.83340802236407,166.33757607961383,175.92238604501273,166.17982828154913,175.75815900053431,166.1255488695069,175.7165697909883,166.26162876563194,176.15970178820768,166.56754416604289,175.73538932561706,165.86220654093637,175.60698100381367,166.0683805809424,175.60914132692682,166.09217462736544,175.84099744309583,166.19191598777027,175.58702248838529,165.96780107144215,175.72375970958547,166.13307486940684,175.67893072173067,166.16895662205098,175.94481574339935,166.36638861543406,175.84605756798743,166.17062945185006,175.82763753549307,166.2591212551292,175.83414750102921,166.16895662205098,175.89341726440452,166.49159685206101,176.07751418202182,166.23365091051537,175.78595968365767,166.35969729623773,175.90751665067236,165.94818736532096,175.54833308061762,166.31628954369356,175.98390465330155,166.04960155552496,175.48866381510777,166.04709404502219,175.69263060586408,165.96696292234677,175.89301776227018,166.75828484022961,176.1759323809033,166.10760452479309,175.39820542240687,165.59217636156126,175.41557511639118,166.40477787858097,176.21576076947036,166.0846486274655,175.55521355209174,166.80503825237193,176.68166244160713,166.00200999428731,175.44886595594798,167.24034569810337,176.57426297374204,164.64850303263862,175.2571506214027,169.57173144312813,170.52586875801086,172.00947297910091,169.98448255135162
181.64943290120823,180.37179187226849,180.3427776921925,182.53659594632066,176.9263178045039,186.66884268159774,176.03728617083095,186.11020772551052,175.72640817712266,185.63313055852882,175.57536375566823,186.09389616768945,175.8746863720651,185.64944211634989,175.5562333611943,186.11020772551052,175.93071635713159,185.85613740208049,175.84710790649746,186.30735171853846,176.05042386087814,186.08990033921998,176.1285726844861,186.3349481121804,175.80295887170377,185.75929894868474,175.78422797936423,186.20877972202445,176.04638507830035,186.03696983728727,175.73612880428209,185.79591789279638,175.65715185971968,186.16313822744326,176.22628052138811,186.27802178177825,176.03771478965095,186.2087797220245,175.88514647788961,185.79591789279635,175.60038239598808,185.98403933535462,175.87789703368847,185.75929894868474,175.43254518775186,185.74298739086359,175.74874923321985,185.94742039124301,175.83118817364706,186.07358878139894,175.94191594162098,186.17944978526432,176.1629124498312,186.36757122782265,176.02691470729582,185.88546733884061,175.56894243242152,185.91080144713143,175.92815653188387,186.11749673286198,175.91584696279111,186.14283084115272,176.10614298609954,186.2414028376667,175.89051746262626,186.07185523828065,176.09855356536775,186.17216077791295,175.64922104973536,185.85787094519867,176.09713272091949,186.33494811218043,175.83439883527046,185.84884839472903,175.86311628163725,186.1558492200918,175.94000695274914,186.24140283766678,176.24114991572841,186.02794728681764,175.40027710323093,185.46531650226103,175.30894565659864,185.6860610604615,176.02031609947045,186.2087797220245,175.44130411869051,185.45958713067347,176.12058376162005,186.55239949149885,175.43723480670525,185.60709380065069,176.94800802422549,186.62234420084002,173.87398365499467,185.21210316500742,179.4127934795718,180.58824038957621,182.18112957902019,179.88997148480328
171.35120831189695,170.24622038747782,170.35728040061784,172.67498925764585,167.59050353176224,176.83463178871426,166.65519435183489,176.01710543784699,166.10928082298383,175.6528617429006,166.35885914714234,176.31266960210351,166.44818909951684,175.47811506699384,165.89892297428418,176.09778355729523,166.61429757818522,175.93972662231155,166.35969729623773,176.04067411703312,166.15101574572898,175.64925157914286,166.3417564199157,176.19509189206278,166.42439158470216,175.78885948543589,166.19191598777036,175.9292068703939,166.34091827082028,175.76460944046656,165.88516590665566,175.37864640911317,165.97905062856799,176.12527338057339,166.8050382523719,176.08618447067121,166.14850476683446,175.578663059581,165.8000197629747,175.47339491863289,166.15185042643262,176.05579484561471,166.50786489858405,175.70130089451334,165.73448732541493,175.43254518775188,166.09217462736547,175.9006667086056,166.35969729623773,175.95709619580668,166.37931100235895,176.14915304009384,166.70027840256978,176.24501141372747,166.35467880684058,175.56530315197818,165.73950581481211,175.66946142881224,166.46361899694455,176.19435241339758,166.50953772838307,175.94407626473441,166.23281622981176,175.91914626670385,166.40394319787734,176.20311134433643,166.71571176838918,175.93250617430664,165.77538756745639,175.46003501103004,166.32214271379448,176.13212332264007,166.31795890510102,175.7476102524204,166.23783471920891,175.92599620877047,166.25493744643569,175.91914626670379,166.38182198125335,175.74223926768377,165.90394146368146,175.58776196705031,166.04876687482127,175.72919021992621,166.3997593891838,175.98384512769775,165.88851156625375,175.36093685908756,166.35300597704151,175.98313464522906,165.45069661001958,175.27590909721638,167.27371647185316,176.36943753262389,164.21737939560069,174.89318737738304,169.4865852994472,170.77620443227789,172.43127133563883,170.27229799470442
180.91124097471652,179.92544614438762,180.31226675821287,182.67005334382807,177.01458675740582,186.68515423941886,175.98591680852161,186.02065827946623,175.57520106371641,185.71365745410344,176.06480511079465,186.69088361100646,176.17528154452773,185.56215495565678,175.37031609699423,186.25442121660578,176.31522942735137,186.10621189704113,175.80841849872962,185.88546733884064,175.4184458014841,185.57846651347793,175.79505859112686,186.18847233573396,175.89736740469291,185.86515995255016,175.74479909293146,186.02794728681769,175.89662792602786,185.91080144713143,175.50822282840161,185.60779645023803,175.70781086004948,186.33095228371099,176.30692964464006,186.00763990052718,175.47305494210224,185.55486594830541,175.34649608356705,185.72268000457314,175.97335590518765,186.45712067386688,176.32679951777894,186.08990033922001,175.57545239795763,185.79591789279638,175.81782826604407,186.08990033922001,175.89992722994066,185.93839784077338,175.72341973305487,186.00035089317566,175.97625570696601,186.12651928333165,175.82433823158021,185.75929894868472,175.48610398986,185.97501678488496,176.22008141569711,186.48245478215767,176.16581225160934,185.99132834270605,175.57727274454035,185.92937529030371,176.08948377458398,186.49876633997874,176.33330948331508,185.93839784077338,175.19778926980464,185.57846651347788,176.01571512280626,186.36757122782265,175.89736740469289,185.79192206432694,175.76361862756025,185.97501678488493,175.57357393849321,185.67703850999186,175.70684916382868,185.98403933535462,175.86367847572376,186.13554183380128,175.98575411656967,186.08087778875037,176.05215556517143,186.29832916806882,175.79653754845702,185.89778306819233,176.28842096985622,186.15984504856115,174.69350763702326,185.12498991166876,176.91326875674605,186.83579975168905,174.0794599324885,185.11353116849352,179.14039849236693,180.43673789112958,182.21123855759564,180.03476297976712
171.07631234774675,170.25735189293712,170.78817937429,172.78244683839267,167.02497282839829,175.98137535746145,165.94484170572287,175.63626064426691,165.85969903043363,175.43365517235515,166.38683700225889,176.48090631247425,166.54291197052461,175.32949689552083,165.594683872064,175.77225838680215,166.35802446643874,175.7226802543899,166.09217462736538,175.73967944243606,166.02831501960475,175.65650102334396,166.25577559553093,175.86632694326065,166.06921526164618,175.66881059243664,166.25912125512912,175.98896477819324,166.35969729623778,175.82473773371464,166.04709404502222,175.65289085958614,166.26162876563194,176.1662117537438,166.56587133624387,175.78604832594695,165.94567985481822,175.6098808055919,166.00786663277989,175.75420886024585,166.46445714603988,176.33660878722785,166.71571176838913,176.01645460147134,166.17397511144827,175.86848726637405,166.38098383215794,176.00158520713092,166.29918334807525,175.6662507671889,165.86387937073539,175.45827419005124,165.938988535622,175.64783073469459,166.1168068228838,175.74513906946214,166.19191598777036,175.94447576686886,166.48574368196012,176.09929304403292,166.38265666195701,175.79900873141534,166.04792872572591,175.83985846229629,166.50786489858399,176.21968191356262,166.50619206878494,175.78308899856478,165.90477961277685,175.8457175914568,166.77455288675264,176.33444846411453,166.17564794124732,175.54438294032923,166.25577559553102,176.05693382641431,166.13223672031145,175.45352504549399,165.96696639073843,175.82828837186869,166.33757261122216,176.07717420549125,166.52998958359962,176.03197483218736,166.44400529082336,176.1415926155583,166.29500300777335,175.98603598021842,166.99243326696057,176.19802069003725,165.10509701429029,174.8548959385385,167.17815892014175,176.83724819363246,164.92104419090816,175.19023191169174,169.34009052689998,170.43146022502165,172.00173604158559,169.94727628258084
181.20559883492905,180.37550492159605,180.95661512947134,182.92012783878869,176.56818457295907,185.91635691136466,175.40968687054539,185.84155938737763,175.56178163050961,185.55087011983593,175.80221939303874,186.38787861411313,175.97230556667759,185.51425117572438,175.3088570143093,185.77960633497523,175.58628300972029,185.67703850999186,175.78638830247752,186.26171022395718,176.16396278834119,186.18847233573396,175.89745604698228,185.88546733884064,175.60615288285925,186.02794728681766,176.1275223459761,186.15185339162232,175.7588098369099,185.81622527908684,175.58816146918483,185.76832149915438,175.77111940600258,186.16313822744326,176.02006476522928,185.93839784077338,175.69553040764222,185.9401313838915,175.7118496426273,185.79591789279633,175.77367923125038,186.17944978526432,176.05440453057406,186.04425884463876,175.80841849872971,186.08990033922001,176.00158520713092,186.12651928333162,175.89125694129126,185.8578709451987,175.48610398985997,185.55486594830538,175.4256952456852,185.70636844675201,175.67276073272507,185.94742039124301,175.90717667414177,186.00035089317569,175.70025055600325,185.78689534232669,175.64419145425131,185.94742039124299,175.93574595261558,186.24140283766673,176.15316270598609,186.25997668083903,176.01315529755857,186.12651928333159,175.87968685086355,186.2414028376667,176.39371822748993,186.3512596700015,175.57471291929266,185.70463490363383,176.10870281134723,186.60133416496217,176.11330378801139,185.84884839472898,175.67645953877221,185.93110883342192,175.68208185775018,185.93839784077338,175.94126510524541,186.10621189704111,175.99788640108378,186.11020772551055,175.58131152711809,185.97830996376703,176.74963302303948,186.70390198994556,174.99484228815089,185.06303685926636,176.72010204834493,186.97827969966605,174.50269293988356,185.54999356289423,179.45620303570055,180.54259889499491,182.0982911364587,179.85335254069165
171.27556880237626,170.53058914891167,171.09661601095411,173.02081292009782,167.03082599849921,175.90424787616715,166.08799081867187,175.98094532591935,166.1773207710464,175.46910480181381,166.08381047837005,176.03160432624921,166.26330159543099,175.58267284596249,166.12805638000958,175.8608673162347,166.00870131348358,175.55774284793202,166.27706213145123,176.21067164838269,166.65101401153314,176.03592497247581,166.15603423512613,175.6372819865808,166.15017759663357,176.15711284627452,166.67313869654865,175.80511919481694,165.82046814979958,175.42998536250417,165.84092000501605,175.42964538597363,165.96278258204498,175.80946883723985,166.29918334807513,175.74505042717269,166.09133647827005,175.70525103480182,165.98406911796513,175.45457538400404,165.9252279996017,175.76821960422436,166.2762239823559,175.8463684278324,166.27789681215495,175.94151643948663,166.29918334807522,175.79900873141534,166.13140203960776,175.71111016396227,166.06754243184704,175.63802146524577,166.03166067920282,175.63512166346737,166.04458306612776,175.74255012752889,166.25828310603373,175.75519967315205,165.94651453552197,175.42964538597349,165.85718805153914,175.6886804655756,166.32381554359361,176.06455377655351,166.48239802236196,176.03888429985801,166.42522973379758,176.01750493998145,166.2745511525568,175.8741982276413,166.40812353817915,175.91072731229565,165.93982321632564,175.67779174093113,166.63391128430635,176.44181740257193,166.46529182674357,175.69050081215826,166.08799428706359,175.71474944440556,165.92690082940081,175.54617275750434,166.10760799318473,175.81492846426593,166.34259110061942,175.80659815214713,165.73699830430937,175.60692289093188,167.04458306612779,176.653433139664,165.69860557277073,175.10733241031511,167.04542121522317,176.69175204149354,164.96612477325135,175.63222492811164,170.00870825026695,171.01568049858611,172.46029480907438,170.31891403078956
181.27493536226598,180.42484535574678,180.95283691044401,183.11553828869842,177.01131657017848,186.53365174097218,176.07927488251164,186.34397066265001,175.80884711754956,185.67703850999186,175.84056882427598,186.42449755822469,176.01679457800185,185.8814715103712,176.03126434971875,186.52306955473867,176.07751418202184,185.91809045448289,175.8688867685085,186.26899923130867,176.06952525915565,186.04425884463873,175.70104956027214,185.79591789279635,175.78447931360546,186.18118332838253,175.91988574536884,185.64441539434966,175.37898638564371,185.80494044326602,175.69414009260163,185.71365745410347,175.66912145228176,186.17944978526432,176.15896230954266,186.10621189704111,175.78018919678655,185.88546733884064,175.63117152317901,185.75929894868477,175.67927069826126,185.98403933535462,175.89125694129115,186.03696983728733,175.89125694129137,186.08990033922001,175.91874676456933,185.93839784077338,175.61235198855036,185.74298739086365,175.66119064229733,185.99306188582423,175.95817565100225,186.07358878139897,175.81492846426585,185.88546733884061,175.68868046557563,185.89448988931031,175.77151890813718,185.89448988931031,175.68868046557557,185.90177889666174,175.85182805485852,186.08087778875034,175.90933699725494,186.10621189704111,176.02981450907424,186.08990033922007,175.68794098691052,185.75027639821508,175.66591079065844,185.78862888544489,175.46256430687018,185.76832149915438,175.98896477819315,186.11020772551055,175.59023315000863,185.62410800805921,175.66270012903502,185.84155938737763,175.49326479177179,185.61681900070766,175.58711113067463,185.93839784077338,176.03623583232101,186.08261133186858,175.41671409719055,185.737258019276,176.52499723438632,186.58901843561043,175.02341156662456,185.13401246213834,176.72445169076781,186.95294559137537,174.59710147287268,185.88059495342952,179.86135598713179,180.82026978359755,182.29407700015719,180.07138192387876
171.6953543525845,170.81298848497596,171.24783079308489,173.22449938041657,167.46696812493428,176.44835789751579,166.3997593891838,175.99942488401766,166.05043970462035,175.53457367088041,166.42439158470211,176.47149654515985,166.48407085216107,175.63515219287504,166.36137012603683,176.52465584513354,166.7165464490929,175.83516884334287,166.21320252369057,176.09673321878509,166.4899240222619,175.91914626670385,166.14683540542708,175.57150225766918,165.92857365919986,175.54725221269987,165.75661201043059,175.21700830656795,165.90143395317872,176.01213395524471,166.52831675380062,175.93361615890976,166.38265666195704,176.2953595542123,166.73699830430948,176.10185286928052,166.29667583757242,175.89060610491558,166.2591212551292,175.85586683743617,166.23448905961081,175.80230803532808,166.15436140532705,175.7516490349982,166.152688575528,175.86848726637399,166.40227036807821,175.91658644145613,166.06921526164615,175.47018425700944,165.84259283481518,175.70460019842614,166.35802446643879,176.04573424192472,166.40561602767633,175.76105880231262,165.92272048909899,175.61275149068464,166.21320252369051,175.93830577786335,166.32381554359355,175.94407626473432,166.41853841460124,175.9733559051877,166.19776915787122,175.80801899659525,166.31879705419635,175.88474697575504,166.11346116328571,175.57190175980364,165.89725361287688,175.30999599510878,165.55378363002268,175.31249629475272,165.98490726706055,175.50637336513347,165.73448732541499,175.47018425700952,166.17732077104634,175.71796010602895,165.87763643836402,175.44195495506622,165.97031205033656,175.80841849872957,166.4815598732666,176.01534461686813,165.98825292665865,175.68905097151361,166.81963346909595,176.09420238973368,165.02664218980561,174.70331843968339,166.94651800391367,176.75150994929268,165.15101227733723,175.68979339611215,169.8392541120005,170.62678725653609,171.95142603222976,169.89125047918131
181.88014759635317,180.74458178090671,180.99365365864782,182.87448634420741,176.77116055080918,186.34553029841391,175.68094287695075,185.9383978407734,175.66565945641707,185.72996901192457,176.01124630868659,186.60133416496217,176.02626387092013,185.53282501889666,175.6090526846375,186.50276216844821,176.26929057538243,185.87244895990153,175.72992969859098,186.3512596700015,176.23850144819156,186.10621189704113,175.7928982680136,185.7959178927963,175.41588597623641,185.37576705621672,175.09076030787756,185.42869755814942,175.7201204291423,186.31464072588992,176.2577204849546,186.23238028719703,176.05909414952754,186.36757122782262,176.13073300759933,186.02794728681769,175.69519043111183,186.00035089317572,176.00448500890914,186.1794497852643,175.91584696279128,185.90177889666171,175.62466155764281,185.86515995255013,175.83300852022967,186.22335773672742,176.25047104075347,186.2943333395994,175.86592744112636,185.70636844675195,175.32477674715983,185.60779645023806,175.70676052153942,186.08990033922001,176.01099497444528,185.91080144713138,175.48610398986,185.69734589628243,175.74800975455486,186.14283084115269,176.08948377458393,186.26899923130867,176.12567288270793,186.13554183380131,175.72375970958549,185.83253683690793,175.75235939697774,185.98403933535459,175.81816824257473,185.91080144713135,175.67893072173061,185.55486594830538,175.14062030393865,185.44500911597052,175.61491181379793,185.83253683690793,175.58446266313766,185.82125200108706,175.89455624520392,185.96772777753347,175.54682359388002,185.70636844675201,175.73612880428203,186.14283084115274,176.19361293473278,186.19975717155481,175.58816146918463,185.95071357012506,176.61653508228275,186.36427804894058,174.57954009074012,184.7853659706638,176.57108437473764,186.90504181144283,174.5782819382438,185.63954300893849,179.39869409330407,180.26492800639241,181.77597662758888,179.71087259271459
172.02121290405816,170.70641367719966,170.65351739274561,172.3548350718894,166.77371820604901,176.09599374011998,166.1364170606133,175.90066670860566,166.3154548629899,175.68109104484381,166.21654471489708,176.21175110357822,166.36220827513216,175.35442689355136,165.88098209796217,176.18392130376947,166.56921699584194,175.61056217137519,166.02831501960475,176.14844255762512,166.56670601694751,175.8355088198735,166.22072852359057,175.91402661620842,166.08548330816913,175.32838691091771,165.63223845450727,175.59387243045197,166.38349134266073,176.150203378604,166.50619206878491,175.9219574261929,166.2353237403145,175.89446760291463,166.23532374031444,175.63182235955472,165.88265492776122,175.7168211252295,166.44400529082327,176.15671334414,166.4440052908233,175.8304486949819,166.09050179756636,175.89051746262618,166.5470923108264,176.39948871436107,166.84092000501607,176.19981204042369,166.32046988399549,175.7205199312767,165.89976112337953,175.51143349002504,166.07256092124427,175.85651767381179,166.29583768847701,175.73604016199283,166.00870131348356,175.71361046360613,166.27789681215498,176.08368417102739,166.58799255286775,176.08658397280567,166.30085617787429,175.69158026735394,165.90310678297774,175.4836036902162,165.94066136542108,175.68578066379735,166.21738286399233,175.92519720450173,166.40477787858103,175.8785478700641,166.04625589592678,175.71978045261159,166.38098383215802,176.06199395130568,166.25995593583281,175.73209002170432,166.21152969389152,175.81566794293079,166.03166067920287,175.65650102334413,166.25242993593292,176.12132324028505,166.69860557277079,176.04317441667712,165.89976112337962,175.77765990094645,167.09217462736547,176.48559593142767,165.46361899694443,175.06358287765579,167.13224018870318,176.70406161058611,164.92355170141087,175.42748812928284,169.5717314431281,170.44053001580534,171.99015469740951,170.1448735351953
181.72360444018943,180.28595547555173,180.11807992466564,182.15133051073448,176.56858407509355,186.52636273362074,175.98045718149572,186.27802178177828,176.19128991966744,185.99132834270605,175.64404328635817,186.11020772551058,175.93515464184375,185.68606106046147,175.57860353397712,186.1924681642034,175.93836530346715,185.58748906394754,175.50847416264273,186.20877972202453,176.04539426539415,185.90906790401317,175.9444162412648,186.50276216844821,176.21067164838271,185.8854673388407,175.56968191108646,186.13554183380123,176.27975068120696,186.35854867735299,175.95348603204872,185.81222945061739,175.47669422254563,185.79591789279635,175.82433823158021,185.89448988931031,175.54361293225665,185.74298739086362,175.82217790846684,186.22509127984563,176.13758294966621,186.16313822744323,175.83809764131743,186.12651928333167,176.23924092685658,186.60862317231357,176.33981944885107,186.22335773672739,175.9281565318839,186.12651928333165,175.8724374066623,185.94742039124301,175.79974821008042,185.98403933535462,175.77077942947204,185.92208628295228,175.81566794293096,185.99306188582426,175.80369835036871,186.02065827946618,175.94191594162115,186.00035089317575,175.6655112885239,185.75027639821508,175.59609227916914,185.72268000457314,175.53926328983371,185.74298739086365,175.642031131138,185.98403933535462,176.11299292816622,186.39690116458277,176.0793635248009,186.21606872937596,176.29279972896461,186.50276216844819,175.95453637055888,185.75027639821511,175.58381182676189,185.89448988931034,175.69189112719906,185.7959178927963,175.70138953680265,186.08990033922004,176.20086237893392,186.17216077791289,175.45466402629324,185.91635691136469,176.79995204683891,186.88300088203414,175.34967621578267,185.50123279678533,176.98058696859158,187.00587609330805,174.5529524380789,185.82766445149682,179.69351877889557,180.54259889499497,182.1350212590599,180.19111995703287
171.50248733093844,170.24794372843721,170.16909121453693,172.33354435430223,167.21738633238402,176.45304751646924,166.27538583326051,175.99433576292972,166.61346289748147,175.96974574142993,166.0274768705093,175.7364396641272,166.21236784298691,175.60584202301413,165.98992228806605,175.79428858305425,166.04542121522314,175.28278803547934,165.84342751551887,175.95891512966719,166.3392489094129,175.69306063740601,166.37931100235892,176.51780590306691,166.84259283481521,175.89847738929606,166.07088809144525,176.07106374208959,166.73365264471127,176.17528154452756,166.25744842533015,175.50822282840144,165.67481152634775,175.49881306108713,166.23616188940991,175.82837701415798,165.98658009685965,175.37222508586638,165.79751225247199,175.71079930411724,166.38432949175615,175.96073547624991,166.17062945185009,175.72558005616821,166.30252900767331,176.08732345147064,166.37931100235892,175.88366752055938,166.40227036807823,176.17232221714548,166.48825119246285,175.88400749709004,166.15101574572901,175.71400996574053,166.07088809144517,175.75815900053431,166.23448905961084,175.62901120006569,165.77873322705446,175.38518549133474,165.92439331889801,175.61309146721524,166.06921526164609,175.84676792996683,166.42021124440038,175.92849650841438,166.16021457542794,175.58776196705031,165.79249376307482,175.4608340152989,166.17564794124729,176.03706395327529,166.35969729623778,175.9143971221466,166.57339733614381,176.27759035809368,166.31377856479915,175.52951354598881,165.90812527237497,175.73677964065774,166.18940500887589,175.64453143078183,165.90812527237497,175.59643225569957,166.27287832275775,175.88909661817789,165.92773897849611,175.83121870305442,167.16895662205107,176.58651442995296,165.61513225888885,175.23721968944872,167.21404067278601,176.76669020347828,165.1101120352958,175.86704037166282,170.08883590455076,170.82211428805056,172.27043584857827,170.42840751312195
181.35507504099587,180.24331193512575,180.425896781235,182.75734050452112,177.14987413796155,186.57027068508381,175.56231470791059,185.83982584425939,175.99411354537401,186.06230394557807,175.6896421617964,185.86915578101954,175.68481896757649,185.63313055852879,175.52470475533843,185.96772777753353,175.73217866399369,185.53455856201481,175.50267455908622,186.06629977404748,175.8211275699569,185.67703850999189,175.73604016199275,186.40419017193418,176.25988080806795,185.91809045448286,175.50202372271056,185.88546733884067,175.909336997255,186.05328139510843,175.81782826604413,185.79591789279635,175.48320418808177,185.70636844675198,175.70750000020439,185.8578709451987,175.57761272107101,185.57117750612645,175.37108610506684,185.66072695217076,175.68794098691066,185.82125200108709,175.51433329180318,185.62410800805918,175.64635177736457,185.93839784077329,175.70025055600325,185.91809045448286,176.06165397477528,186.4205017297553,176.15566300562986,186.04425884463873,175.70716002367391,185.84884839472909,175.71361046360607,185.91080144713135,175.69124029082332,185.57117750612642,175.25745853531441,185.5182470041938,175.47925404779338,185.75929894868469,175.83118817364689,186.36757122782254,176.45088719335595,186.45712067386691,176.0337646493625,185.80494044326599,175.22385824863466,185.33012556163547,175.42785556879841,185.81222945061739,175.63333184629226,185.7828995138573,175.88656732233778,186.12651928333162,175.72953019645661,185.77561050650581,175.80230803532805,186.11020772551052,175.86913810274976,185.82125200108703,175.51763259571592,185.80320690014779,175.95595721500726,186.11020772551055,175.53099250331871,185.86116412408069,176.56337578230892,186.50675799691757,174.95501389958369,185.22182836506448,176.84239990674675,186.9489497629059,174.56236220539344,185.88059495342949,179.80384704473514,180.68507884297199,182.25475929221395,180.24405045896557
171.64972576381768,170.68497362558887,170.98332505214432,173.10146204334973,167.59384919136031,176.35138953927878,165.87763643836411,175.56209249035481,166.17648609034265,175.71400996574062,166.04541774683153,175.73026967512158,166.05378536421844,175.41918528014912,165.91853668040545,175.9238358856573,166.34426739881008,175.58307234809695,165.98239628816614,175.82612804875544,166.09217462736541,175.40286604516405,165.9252279996017,175.93935611637338,166.4218840741994,175.67893072173058,165.88014741725846,175.52479339762777,165.94651453552189,175.64413192864751,166.21571003419331,175.88505783560026,166.23365091051539,175.69189112719906,165.98741477756332,175.64123212686911,166.15185042643262,175.85321836989911,166.25828310603376,175.71722062736384,166.00368282408638,175.51828343209161,165.82465195849306,175.52735322287549,166.16728379225202,175.81276814115265,166.05294721512306,175.69374059046726,166.38098383215805,176.22949118301148,166.58966538266677,175.9788155322137,166.21487535348965,175.79900873141537,166.21571003419325,175.83118817364698,166.11178833348663,175.59643225569974,166.06921526164609,175.81276814115256,166.15101574572896,175.69735075422497,166.25828310603382,176.25081101728424,166.84259283481515,176.27941070467628,166.41686558480222,175.66986093094684,165.72156493848996,175.37537622188589,166.02496936000662,175.76210914082273,166.11346116328562,175.69775025635946,166.23114340001268,175.79974821008031,165.99243326696049,175.72558005616816,166.48072519256294,176.11916291717174,166.24034222971164,175.64999105780797,166.04542121522317,175.96940576489934,166.73783298501309,176.15134235940351,165.88014741725846,175.43291569369001,166.57339733614381,176.22335019020218,165.56503318714843,175.36096738849491,167.4456815890141,176.85202894568346,164.94483823733111,175.54722616243686,169.82131323567836,170.7628445246751,172.26102302587995,170.26461156834941
181.76292214813273,180.72884822695428,181.08960189173865,183.10651573822875,177.05222582666343,186.42779073710679,175.52214493009075,185.75200994133331,175.61573993475233,185.55486594830532,175.48055572054466,185.97675032800316,175.73291814265878,185.48162806008213,175.47444525714292,186.24539866613608,176.16226161345546,185.82854100843855,175.58156286135923,186.00434672164511,175.75815900053433,185.68606106046153,175.6633509654107,186.11020772551052,175.91584696279114,185.86515995255016,175.72631953483332,185.98403933535459,175.75195989484325,185.93839784077335,175.96363527802819,186.22509127984563,175.99612558010492,185.98403933535459,175.66665026932336,185.92208628295231,176.01204531295548,186.44983166651548,176.30004917316566,186.13554183380126,175.73387983887957,185.95870522706389,175.843157766209,186.08990033921995,176.05909414952751,186.27802178177836,176.02040474175973,186.13380829068305,176.04499476325961,186.26899923130864,175.98566547428044,186.05328139510846,175.92599620877053,186.1631382274432,175.9574361723372,185.93110883342194,175.58560164393708,185.93110883342194,176.14193259208898,186.44983166651545,176.07791368415633,185.93839784077332,175.72992969859098,186.08990033922009,175.98782579739378,185.99132834270611,175.66301098887996,185.74298739086359,175.61053164196761,186.02968082993587,176.09167309389352,186.1558492200918,175.80369835036885,185.98403933535459,175.95132570893549,186.02065827946623,175.60979216330256,185.90177889666177,176.11521277688337,186.27802178177828,175.77978969465195,185.83982584425942,175.86888676850845,186.47343223168804,176.6526646648025,186.36028222047116,175.27235692585114,185.44327557285234,176.25263136386678,186.64194893754319,175.41551547029817,185.6437127447623,177.14481401306992,187.06782914571036,174.46505387062592,185.67616195305015,179.59476060348348,180.55891045281606,182.14181187107698,180.0626400198901
171.66198822814903,170.74622329095544,171.21870910708458,173.00276339354161,167.10677331248104,176.03848479772361,165.8655487321428,175.57579237448815,165.90059927247495,175.19778926980459,165.77956790775818,175.85219702758536,166.128894529105,175.23468886039717,165.84342751551893,176.17411203432056,166.65017933082936,175.69951107733829,165.98908760736239,175.88258665264181,166.21320252369054,175.64965108127726,166.21487535348965,176.00883465133211,166.25661027623468,175.77873935614195,166.38600232155525,176.13798245180055,166.37763817255987,175.88696682447221,166.36220827513225,175.9824548126569,166.25828310603382,175.78638830247755,166.11095365278291,175.76071882578205,166.35969729623778,176.18213148659439,166.48741651175916,175.76321912542596,166.0708880914452,176.05875417299697,166.68940674307174,176.19040227310924,166.45069661001955,176.17448254025865,166.66979303695058,176.27941070467622,166.58966538266679,175.98566547428041,166.07088809144523,175.65610152120954,166.27789681215498,176.08442364969235,166.38098383215802,175.5273532228754,165.61095191858706,175.57761272107092,166.52747860470518,176.31482992521677,166.50953772838309,175.7414997890188,165.98323443726144,175.65144089845239,166.04792872572594,175.55592250134924,165.86555220053449,175.51143349002498,166.10676984408946,175.9578356744716,166.42522973379752,175.76426946393599,165.94316887592379,175.68828096344112,166.30252900767331,175.85361787203362,166.04291023632871,175.72268025438996,166.40728885747544,176.05258418399143,166.21236437459521,175.81418898560082,166.44484343991869,176.36764924865989,166.90394146368149,175.95817565100216,165.48574368196009,175.35408691702074,166.89976112337965,176.64402337234958,165.82214097959863,175.26214968747928,167.11262648258199,176.60280313553048,164.85718458314747,175.56064559564362,169.84092694179955,170.7211957895253,172.29945932201389,170.47502354920707
181.25284184359418,180.28707633141144,180.77700555675867,182.68636490164914,176.48358530941886,186.00763990052712,175.38864748719936,185.84155938737757,175.76731743360742,185.6241080080591,175.57786405531218,186.06629977404748,175.65368986385502,185.34643711945657,175.49616459355011,186.39690116458277,176.23495081003747,185.87244895990162,175.76426946393599,186.31464072588992,176.0290750304091,185.96199840594591,175.98822529952807,186.31464072588992,175.89736740469286,185.95470939859445,176.03962377852301,186.36757122782259,176.05795516872803,186.09718934657147,175.92460589372988,185.95470939859442,175.64339244998246,185.79591789279635,175.56539179426753,185.64944211634992,175.68103151924009,186.08087778875037,175.80338890324569,185.63139701541061,175.52985352251929,186.18847233573402,176.2548206831764,186.14283084115272,175.76716926571433,186.11749673286201,176.16908243883663,186.38388278564369,176.1498925187588,186.03696983728736,175.54037315394771,185.6973458962824,175.78598880034303,186.15185339162235,175.91584696279119,185.60779645023806,175.11569030590809,185.4816280600821,175.72268025438993,186.08990033922004,175.90282703171897,185.86515995255013,175.64709125602954,185.83253683690791,175.64453143078197,185.76832149915435,175.62250123452961,185.74298739086365,175.55879318644216,185.82854100843858,175.81603844886888,185.8927563461921,175.58338320794203,185.82854100843849,175.88369663724487,186.03696983728733,175.71432082558567,185.90177889666174,175.91843590472428,186.17944978526438,176.00189606697606,186.232380287197,176.13042214775439,186.30162234695084,176.15853369072278,185.95870522706386,175.14175928473813,185.65673112370132,176.64621422487033,186.65097148801283,174.97852305316599,184.97348741322207,176.44159659773828,186.54910631261683,174.21471819635877,185.5427045555428,179.47937221275217,180.4367378911295,182.29148941481517,180.58181787530677
171.37703229679909,170.37971622755458,170.70215457230236,172.49157229308958,166.67564967544311,175.74149978901872,165.81712249020151,175.85691717594636,166.48658183105545,175.87064758948728,166.29834519897986,176.02509436071315,166.05043970462032,175.26942812787664,165.98406911796519,176.20274083839831,166.5087030476794,175.74621993737969,166.37931100235892,176.46424710095872,166.73783298501311,176.09090461903227,166.61095191858703,176.24575089239252,166.2369965701136,175.69701077769446,166.31461671389448,176.14409291520221,166.51204523888586,176.09559423798569,166.46278431624077,175.86228816068302,166.11095018439119,175.69914057140011,165.9014339531787,175.39345627784962,166.09468213786818,176.1325228247745,166.48072519256289,175.66227151021502,166.00870131348358,175.91041645245059,166.32214271379448,175.64709125602957,165.94066136542108,175.76176916429216,166.34008359011659,175.94731604304332,166.28291530155218,175.70460019842611,165.91770199970173,175.57801222320538,166.15603423512607,175.89415674306954,166.29751051827611,175.68868046557563,165.88349307685658,175.44525425897902,165.92272048909894,175.67967020039561,166.17230228164917,175.80841849872968,166.27956964195405,175.82467820811081,166.04960155552493,175.61886195408633,166.14934291592988,175.76210914082264,165.98908760736231,175.6937405904672,166.44484343991871,176.18864145213047,166.40059753827916,175.87104709162176,166.31963520329177,175.9288960105489,166.19609632807214,175.81782826604407,166.27706213145129,175.95999599758488,166.48490553286467,176.22588101925359,166.51037587747848,175.92130658981711,166.35635163663963,175.89560658371408,165.84259283481521,175.60365270370448,166.821306298895,176.08769242419754,165.02664218980564,174.68199860541051,166.81629127788949,176.35971690546421,164.63641532641736,175.18150209743843,169.31880399097977,170.20972423814658,172.0305592477722,170.52508626721107
181.60637899196894,180.48593975779949,180.70201955174917,182.64245695018607,176.57182385340255,186.09718934657147,175.50298541893127,185.96772777753355,175.93839442015263,185.91080144713143,175.8354491737804,186.1924681642034,175.77376787353967,185.58748906394754,175.67307159257021,186.29832916806882,175.99112510130641,185.81951845796883,175.88835713951292,186.48645061062706,176.22983115954204,186.19576134308542,176.18864145213047,186.35125967000153,175.7797896946521,185.7136574541035,175.67572006010721,186.17944978526432,176.24461191159313,186.51005117579965,176.26752975440348,186.17944978526438,175.92954684692455,186.11923027598019,175.69848973502442,185.83982584425937,176.13468314788787,186.7804330570508,176.49247640290201,186.19576134308539,175.92599620877056,186.11020772551055,175.65320171943134,185.57117750612645,175.47999352645823,185.8578709451987,175.80511919481702,185.93839784077335,175.72597955830267,185.70636844675198,175.46472462998355,185.80494044326596,175.7928982680136,185.97501678488496,175.91328713754351,186.11923027598019,175.80699765428145,185.71539099722162,175.52479339762777,185.85284422319847,175.72051993127667,185.9108014471314,175.96107545278042,186.17216077791289,175.78669916232261,185.83982584425939,175.86197730083785,186.08261133186855,175.68322083854966,185.97501678488496,176.29970919663515,186.60133416496214,176.10679382247528,186.02794728681769,175.90362603598777,186.07358878139891,175.77722986940441,186.00035089317566,175.92244557061662,186.02794728681766,175.90347786809457,186.18847233573399,175.88119633760112,185.89275634619213,175.9794663685893,186.25442121660575,175.6138309458803,185.65673112370138,176.17414256372808,186.10691454662845,174.59579980012143,184.98250996369171,176.78091029465415,186.88873025362173,174.42380463761052,185.44413255902879,179.11111885191357,179.93432661585709,181.61692088649167,179.83061062586873
171.74181467352153,170.697682696816,170.89901705755881,172.83961580425878,167.19609979646378,176.14881306356327,166.02580404071031,175.67671087301349,165.96863922053748,175.34970674519033,165.87930926816313,175.86086731623476,166.2574484253301,175.62392207897787,166.19442349827312,176.1071933246096,166.34008359011656,175.57977304418421,166.02831501960475,175.83843761784809,166.09050179756633,175.58958231363297,166.23448905961078,175.9994248840176,166.21571003419331,175.57400255731309,165.9473526846173,175.86848726637396,166.60760625898894,176.32429921813508,166.5283167538006,175.87354739126556,166.27956964195405,176.02114422042476,166.23616188940989,175.88622734580733,166.71069327899195,176.58688493589108,166.70027840256986,176.0182154224502,166.48407085216101,176.03777431525484,166.00368282408638,175.39385577998414,165.92773897849611,175.70783997673504,166.15352325623169,175.76827912982816,166.12554886950687,175.48610398986003,165.80587293307562,175.67961067479177,166.21152969389152,175.71978045261159,166.21571003419334,175.93935611637335,166.13140203960779,175.42529574355075,165.90394146368143,175.75013954826062,166.04792872572588,175.50418404582385,166.13307486940681,176.01534461686822,166.33673793051847,175.8453180893224,166.40728885747544,175.96758541831662,166.00368282408638,175.64345197558626,166.44317061011964,176.12561335710399,166.19860383857491,175.6781317174617,166.2328162298117,175.84420810471912,166.09133647827008,175.78959896410092,166.31796237349266,175.77367923125038,166.07172277214895,175.74328960619388,166.0241346793029,175.57036327686984,166.32297739449822,176.06668357025922,165.94400702501915,175.35408691702082,166.44149778032056,176.06597308779052,165.34091827082028,175.12649192147464,167.30336715676873,176.87445864407033,165.10509354589865,175.58597509580849,169.6339182210898,170.35803154977452,171.75989118655068,169.87415428551188
181.43147851842963,180.41941287305914,180.77862867525559,182.87448634420741,176.89123856049389,186.39117179299518,175.69254196357468,185.84155938737754,175.46342295723215,185.29350661752383,175.28994883739119,186.0206582794662,175.99442440521918,185.88147151037123,175.86913810274967,186.38787861411316,176.08988327671841,185.79192206432697,175.57110275553475,185.88546733884067,175.56351333480308,185.48891706743356,175.44741458209222,185.94742039124304,175.94802640502277,186.0532813951084,175.87138706815222,186.13380829068311,176.10176422699132,186.19576134308545,175.76321912542579,185.76658795603609,175.7197804526117,186.03696983728733,175.78598880034312,185.97102095641552,176.09565376358944,186.32192973324135,175.87024808735282,186.01492890787864,176.17454206586251,186.4205017297553,175.95052670466669,185.90177889666177,175.77447823551924,185.98403933535462,175.79604940403323,185.98403933535462,175.77447823551921,185.75929894868472,175.62821219579692,186.07358878139894,175.96039549971928,185.86515995255013,175.68177099790506,185.89448988931028,175.50168374617994,185.50922445372413,175.64743123256019,186.05501493822661,175.67927069826118,185.50922445372407,175.46984428047898,185.98403933535465,175.9161869393217,186.10621189704108,176.11521277688337,186.12651928333165,175.59313295178691,185.67703850999189,175.68729015053492,185.79591789279627,175.42924588383909,185.72268000457314,175.89060610491555,186.03696983728733,175.70741135791505,186.04425884463882,176.15541167138869,186.14283084115272,175.68208185775012,185.79591789279633,175.61895059637573,185.91809045448284,176.14295393440278,186.20877972202447,175.3186662837582,185.40665662874079,176.21573177327417,186.54511048414739,175.16952943845382,185.31311135422703,176.89123856049383,187.00587609330799,174.55005263630065,185.72180344763143,179.5491907242415,180.49869094353193,182.26138043623968,180.43702638034287
171.42197550308518,170.53015056394338,170.98410549788633,172.92421506779903,167.17314043074452,176.15822283087761,166.07004994234987,175.75599867742105,166.00535912227707,175.31141683955701,165.88265492776125,176.06924339550685,166.54960328972078,175.77839937961141,166.23532374031447,176.22082089436205,166.50703021788036,175.71222014856542,166.1117883334866,176.03416415149695,166.40059753827919,175.60584202301416,165.80169259277378,175.67276073272512,166.35969729623778,176.15316270598609,166.6305656247082,176.19691223864538,166.50786489858405,175.90967697378554,166.02998784940377,175.60945218677193,166.1476700861308,175.85361787203351,166.19776915787119,175.81091879837354,166.34175641991567,175.93250617430667,166.14934291592985,175.93432652088944,166.71403893859011,176.45628729477801,166.65937816052841,176.05440453057403,166.33255759021665,175.86268766281742,166.17648262195101,175.80224850972417,166.13474769920589,175.73209002170438,166.33673793051847,176.18574165035221,166.48574368196006,175.73788962526095,166.03166067920284,175.70533967709116,165.96194790134126,175.53932281543763,166.21654818328869,175.94555522206434,166.11178833348663,175.46043451316439,165.92104765929986,175.73967944243606,166.1994419876703,175.90933699725491,166.48072519256291,176.01750493998148,166.2190556937914,175.72921933661158,166.07005341074154,175.45216372664956,165.66979303695055,175.54947206141713,166.32298086288989,175.93830577786332,166.21403720439426,176.07322406520288,166.82047161819128,176.24831071764029,166.19275066847396,175.64999105780782,166.0930127764608,176.00704483415686,166.77538756745633,176.13292232690895,165.73532547451035,175.35007725112843,166.73950581481219,176.42626664244835,165.50619206878494,174.99706367007914,167.06587307043972,176.68854137987009,164.90561082508879,175.37682912895295,169.50787183536738,170.55696874504685,172.57786432075076,171.163161799677
181.33521346077663,180.43672230519434,180.98413271284386,183.01696629218435,176.86556908379839,186.29259979648123,175.55904452068333,185.93110883342192,175.799496875839,185.70636844675204,175.66795194207484,186.25442121660581,176.01759358227068,185.71365745410347,175.62241259224038,186.20877972202445,175.93145583579658,185.71365745410344,175.70855033871453,186.48645061062709,176.50188617021638,186.18847233573396,175.65178087498293,185.86915578101954,175.81492846426593,186.12651928333159,176.07791368415621,186.33095228371101,176.213571450161,186.25268767348754,175.87243740666233,186.00035089317572,175.91948624323445,186.16313822744326,175.96394613787325,186.0369698372873,175.81856774470918,185.93110883342192,175.72447007156512,186.07358878139894,176.14088225357887,186.4205017297553,176.26093114657809,186.32192973324135,175.98171533399193,185.93839784077335,175.6416316290036,185.80494044326599,175.61599126899358,185.88546733884064,175.97986587072381,186.33095228371099,176.12712284384165,186.0808777887504,175.81853862802365,185.98403933535459,175.75198901152879,185.85787094519864,175.7176201294983,185.92208628295231,175.77657903302872,186.05328139510843,176.04283444014632,186.12651928333159,175.75775949839988,185.9547093985945,175.99473526506429,186.19975717155484,175.87928734872915,185.91982399760104,175.7588984791993,185.81622527908684,175.49582461701957,185.86515995255013,176.05409367072892,186.16313822744323,175.737090500503,186.00035089317569,176.14708135926978,186.26171022395721,175.80326973154899,185.93839784077338,175.91232544132257,186.28531078912977,176.33973080656193,186.24539866613608,175.38922427391239,185.70966162563406,176.61073547872601,186.58901843561046,174.75317690253311,184.69581652461943,176.37936750698083,186.74625030564476,174.41078470653829,185.40751361491721,179.13354855030019,180.20297495399001,182.28907129746457,180.77079796821465
171.36278539374763,170.54113629421104,171.08798668938169,173.06968210325252,167.29751398666778,176.1741425637282,165.96529009254772,175.78703913885323,166.27873496125036,175.60254271910142,165.96529009254769,175.80079854859051,166.06838058094246,175.30811753564436,165.86136839184095,175.88653679293017,166.17397511144821,175.37429676669032,165.92188234000355,176.1762723574339,166.80169259277375,175.99433576292975,166.08715613796824,175.70170039664779,166.09050179756633,175.64743123256017,166.0299878494038,175.81782826604416,166.44317061011964,176.08408367316187,166.35802446643868,175.90572683349731,166.34677490931287,176.02981450907413,166.39725187868106,175.78709866445715,165.92439331889798,175.42603522221569,165.90394146368152,175.65428117462682,166.07256092124422,175.76102968562711,166.41519275500318,176.18824194999601,166.49494251165908,175.76065930017822,165.89808829358057,175.4553743882729,165.88182024705753,175.67927069826121,166.27789681215495,176.01349527408908,166.51121055818217,176.1155236367284,166.39390621908291,175.86518796246125,166.20278764726842,175.74578990583768,165.98072345836707,175.64089215033866,166.30085617787421,176.26673075013471,166.81963346909592,176.15316270598609,166.17062945185006,175.75090955633326,166.34342924971475,175.94876588368771,166.02496936000662,175.44772544193731,166.02831501960469,175.89480757944511,166.30001802877888,176.00044622633138,166.65185216062849,176.03737481312027,165.90059580408328,175.3497067451903,165.9473526846173,175.70204037317839,166.08799081867195,175.88110769531184,166.5283167538006,176.15276320385169,166.52664045560985,175.87277738319304,165.71905742798728,175.63515219287513,167.12638355021056,176.50586530670105,165.21738286399233,174.47501296166848,166.52998958359967,176.4078160805465,164.83924370682539,175.3078096217325,169.46279125302425,170.43402005026931,172.16404714658015,170.44895038871013
181.17867030461289,180.29967483990501,180.83602643916254,183.01696629218449,177.010976593648,186.39117179299518,175.57280393042063,185.98403933535459,175.99772370913186,185.86515995255013,175.55219457861668,185.88546733884061,175.67466972159707,185.58748906394757,175.58767332476103,186.06629977404748,175.73612880428206,185.44500911597058,175.38839615295808,186.07358878139891,176.01571512280637,185.81951845796888,175.5870224883852,186.00035089317572,175.92815653188393,185.81222945061739,175.4097755128345,185.60779645023808,175.62176175586478,185.8578709451987,175.66335096541056,185.84884839472903,175.84966773174528,186.08990033921998,175.8680877642395,185.86515995255016,175.58958231363303,185.80320690014781,175.79175928721421,185.87418250301974,175.43800481477783,185.50922445372413,175.61886195408636,186.18847233573402,176.16581225160937,185.94742039124299,175.41412515525747,185.55486594830535,175.58992229016357,185.94742039124301,175.8055186969514,185.99132834270605,176.02981450907416,186.33095228371099,176.07717420549122,186.13380829068313,175.98822529952815,186.14283084115272,175.84926822961071,186.08087778875034,176.09639324225452,186.38388278564375,176.22258171534091,186.21606872937591,175.78058869892089,185.95470939859447,176.06415427441905,186.08261133186855,175.29654744521659,185.23155356512152,175.56499229213307,186.25442121660575,176.02830502233661,186.10621189704111,176.27983932349608,186.29832916806879,175.4766055802564,185.34643711945657,175.39650424752102,185.84884839472909,175.83976982000712,186.28531078912971,176.3200382180014,186.24869184501816,175.94142779719743,185.91479727560082,175.19571758898056,185.55815912718737,176.52533721091689,186.67127887430331,174.96084249933648,184.80341107160311,176.37970748351137,186.70460463953287,174.28780689507525,185.30165261105179,179.20154671520686,180.35621099555487,182.10491228048437,180.046328462069
171.2291084814392,170.41582863807787,170.92497962545949,173.01646327767503,167.34259456901103,176.13289333071262,165.85969556204194,175.78348850069924,166.48658183105542,175.94737556864698,166.21403720439426,175.97955501087864,166.38349481105243,175.76972909096199,166.17313696235286,175.89850638549231,166.04876687482127,175.28898714117042,165.82130629889497,175.87357638746172,166.2950030077734,175.60840184826188,166.07256092124425,176.09022325324904,166.6322384545073,175.87499723191007,165.92104765929989,175.39820542240699,165.77873322705446,175.38552546786522,165.78207888665264,175.51504365378267,166.16561096245286,175.87243740666236,166.22240135338956,175.85506783316728,166.40059753827916,176.23205100825922,166.73532547451029,176.03672397674475,165.94233419522013,175.29583708323713,165.78375171645169,175.78092867545152,166.39725187868103,175.72702989681275,165.82130629889497,175.54867305714814,166.30085617787427,175.99291491848157,166.15101574572896,175.63734151218469,166.23281622981173,176.08371328771295,166.47365597573889,176.10796333268226,166.62303962480826,176.27620004305294,166.59635670186313,176.2125211116508,166.54458480032361,175.9599959975848,166.21738286399238,175.85000770827574,166.152688575528,175.81708878737911,166.52747860470521,175.96542509520333,165.65352499042751,175.0448214559089,166.0487668748213,176.0674825745281,166.08882896776728,175.47746423061835,166.38349481105243,176.1803111400117,166.09133647827005,175.43115487271123,166.06754590023874,175.99547474372932,166.54959982132908,176.3709485525726,166.75745015952594,175.92420639159542,166.13223672031143,175.72560905236446,165.64934465012576,175.25566871813928,166.59551855276774,176.27178934181489,165.3171242243973,174.7438281940338,166.92355863819432,176.65815175481362,164.7540975631444,174.95285664289295,169.11764844037083,170.34316215543419,172.10428033692304,170.16153692837784
181.25880998334273,180.41941287305909,180.99061491828564,183.06260778676568,176.85649929301456,186.06057040245986,175.2277197466336,185.83253683690796,176.0639029401778,186.08990033922004,175.8383489755588,186.26171022395712,176.20425032513577,186.14283084115277,175.90998783363079,186.11020772551049,175.66921009457104,185.53455856201481,175.56564312850884,186.1558492200918,175.96073547624988,185.81222945061742,175.74618940797214,186.35125967000153,176.31448994868629,186.17944978526435,175.79033844276591,185.84155938737754,175.55012289779273,185.6534379448193,175.52084325733941,185.79591789279633,175.78018919678649,186.03696983728736,175.91007647592008,186.21606872937593,176.27759035809356,186.55569267038086,176.27398019433579,186.16313822744326,175.79394860652371,185.89448988931028,175.66625076718898,185.79591789279635,175.63478168693689,185.69005688893091,175.42677470088074,185.80494044326599,176.01534461686816,186.22509127984563,175.85216803138911,185.89275634619207,175.82399825504962,186.14283084115274,176.01349527408931,186.28531078912971,176.23856097379522,186.35854867735299,176.08692394933638,186.15185339162238,175.79940823354963,185.78689534232663,175.63728198658089,185.94742039124307,175.75815900053425,186.00763990052712,176.20632200595981,186.29832916806879,175.55012289779279,185.49793961790326,175.78638830247746,186.02968082993587,175.27007896425235,185.29177307440565,175.79150795297286,186.37659377829229,175.98591680852175,185.99132834270603,176.03391281725561,186.26171022395718,176.00868648343896,186.27802178177831,176.07081240784831,185.89275634619207,175.69760208846634,185.92381982607043,175.30388553170707,185.46860968114311,176.30684100235072,186.49946898956617,174.85449490319283,184.83829647259648,176.60036401519085,186.98730225013568,174.48677320703302,185.25601111647055,178.96315151681625,180.10613650059423,181.88892404872595,179.89228303179013
171.54407533354302,170.71975641280554,171.22901125845604,173.01686277980934,166.96445888023567,175.67458107930784,165.5692135274503,175.69263060586405,166.44484343991874,175.77037992733773,165.98657662846793,175.87854787006418,166.4644571460399,175.97551622830102,166.38181851286163,176.04968438221306,166.21487535348967,175.57687324240592,166.13056389051229,176.0217950568005,166.25995593583286,175.5450337767048,166.04625589592683,176.06270431328531,166.54709231082632,175.95308652991429,166.28124247175313,175.85000770827574,166.08882896776728,175.68544068726678,166.21152969389149,175.87823701021907,166.22240135338961,175.81782826604419,166.25075710613388,175.96360616134271,166.48657836266381,176.04277491454249,166.17648262195104,175.66221198461119,166.23532374031447,176.0721140805997,166.37931100235897,175.61235198855027,165.82130629889491,175.42677470088074,165.80001976297478,175.52445342109721,166.16895662205098,175.96684593965151,166.44902378022053,176.03882477425401,166.38098383215797,175.93827666117772,166.3154513945982,176.05184470532629,166.51121055818214,175.95703667020271,166.15017759663351,175.58156286135932,165.82130629889494,175.47669422254566,166.08882896776728,175.82217790846698,166.152688575528,175.87064758948731,166.6322384545073,176.25226085792858,166.21403720439426,175.64595227523006,166.32046988399543,175.91146679096062,165.82046814979958,175.39962626685505,166.31628954369359,176.24285109061421,166.50869957928768,176.0351854938107,166.50535738808128,175.86262813721353,165.92606268030539,175.6163021288387,166.10760799318476,175.65971168496736,166.21654471489705,175.82936782706423,165.73867113410842,175.43257571715947,166.85718805153917,176.55001434149477,165.57005167654563,174.95831473670759,167.02915316870011,176.82743892418364,165.11345769489395,175.45287715505151,169.50034583546753,170.36494101744501,171.80827691928067,169.8279710499136
181.5509359051027,180.62384587343848,181.09443321858919,182.96403579025167,176.59351407312411,186.01492890787864,175.54352428996728,186.22509127984554,176.23174014841399,185.86515995255013,175.41042634921035,185.88546733884075,175.90868616087928,185.95470939859439,175.84380860258474,186.11923027598019,175.78422797936423,185.81222945061745,175.92269690485776,186.35125967000153,175.9534860320488,185.67703850999186,175.51143349002496,185.98403933535451,175.87459772977562,185.95470939859447,175.87789703368844,186.08990033922001,175.83985846229621,186.02794728681769,175.98606497641489,186.0989228896897,175.78052917331703,185.93839784077332,175.84281778967843,185.9547093985945,175.72518055403387,185.86515995255013,175.6402413139628,185.80320690014779,175.83334849676035,186.18847233573402,175.9513257089354,185.848848394729,175.65394119809631,185.89448988931034,175.6217617558647,185.62410800805912,175.53892331330309,186.06456623092924,176.18534214821781,186.35628639200175,176.09963302056326,186.15411567697362,175.91945712654905,186.14283084115277,176.01028461246568,186.0532813951084,175.71688065083342,185.6810343384613,175.38808529311297,185.73170255504277,175.88835713951289,186.11020772551049,175.78308899856478,185.95470939859445,176.06165397477517,186.31464072588994,175.91618693932176,185.93839784077329,175.89165644342552,186.10291871815909,175.79172875780677,186.04599238775697,176.13187198839879,186.34223711953183,176.06446513426425,186.19576134308542,175.9850146379047,185.75929894868477,175.23317937365968,185.55486594830538,175.67861986188549,186.10621189704111,176.2605316444436,186.20877972202453,175.38558499346917,185.63139701541058,176.40889848167532,186.59804098608009,175.1883489730827,185.34973029833861,176.86300925855062,186.91632664726373,174.46795367240421,185.7381150054525,179.66818927873055,180.54259889499494,181.97855310330459,179.800422038759
171.58901853982914,170.7222234140971,171.17623424780879,173.0417927778399,167.13224018870312,176.18571265415582,166.38181851286168,176.35937846214492,166.67397684564406,175.68729015053486,165.83924717521705,175.8095574795291,166.34092173921198,175.68473032528715,166.00702848368454,175.67060040961186,165.92439331889801,175.57656238256075,166.40394319787734,176.31562892948563,166.50368455828223,175.64314111574117,165.92606614869706,175.69231974601897,166.07088809144525,175.70716002367382,166.29500300777337,176.05224420746092,166.46696465654261,176.04823454156852,166.38432949175618,175.79610892963694,166.02329653020746,175.80551869695142,166.40561602767639,175.88113681199724,166.05127438532395,175.6916397929578,166.23030871930902,175.90362603598777,166.32214271379445,175.89705654484783,166.15436140532711,175.71617028885382,166.29751051827611,176.12567288270785,166.4218840741994,175.72847985794652,166.07423375104335,175.94191594162112,166.43815212072244,175.96940576489942,166.34510207951382,175.98856527605878,166.33841076031754,175.87789703368847,166.23783471920893,175.86237680297234,166.254102765732,175.70789950233882,165.90477961277682,175.61525179032856,166.31879705419638,176.03376464936247,166.25828310603379,175.69735075422508,166.15101574572893,175.91007647592011,166.32214271379448,175.79289826801374,166.04542121522314,175.58742199051994,166.04960155552496,175.8782370102191,166.38432949175615,175.95348603204886,166.37931100235895,176.01429427835802,166.28040779104941,175.54006229410265,165.69107957287079,175.47999352645826,166.1773207710464,176.18719161148584,166.92272048909891,176.18574165035221,165.89976112337968,175.53167386910192,166.55211080022357,175.96971521202238,165.31963173490004,175.24807929740766,167.2762274507476,176.53298462404115,164.71152449130392,175.63907487017843,170.11932127016988,170.98995149628686,172.38288560290886,170.31848123030269
181.25880998334284,180.41941287305912,180.99061491828556,183.09922673087732,176.93933773557609,186.44410229492789,175.94867724139837,186.35125967000155,176.01975390538416,185.76658795603618,175.64774209240517,186.31464072588989,176.23785061181584,185.97102095641552,175.6437919521168,185.83253683690799,175.46333431494284,185.64041956588028,175.91874676456945,186.40419017193418,176.0771742054913,185.81222945061745,175.53750246885488,185.78862888544495,175.59097262867371,185.74298739086362,175.682570002174,186.0369698372873,176.09994388040849,186.27802178177828,175.88730680100289,185.69734589628237,175.43905515328794,186.0369698372873,176.25121051941866,186.27802178177825,175.82828837186861,185.86915578101957,175.73066917725612,186.00937344364533,175.92559670663607,186.0645662309293,175.79866875488477,185.95470939859447,175.95382600857934,186.26171022395715,175.99652508223937,186.03696983728733,175.97048522009484,186.18847233573399,175.81418898560085,185.83080329378978,175.78564882381249,186.11523444751072,175.92559670663616,185.93839784077338,175.69775025635948,185.93839784077335,175.92559670663613,186.09892288968965,175.74874923321994,185.78689534232669,175.78018919678647,186.18847233573399,176.00448500890931,185.95470939859445,175.74800975455474,186.0808777887504,176.01315529755877,185.98004350688524,175.54833308061743,185.50922445372407,175.32403726849492,185.68606106046155,175.72847985794644,185.99132834270605,175.92235692832725,186.10621189704113,175.92454636812599,186.02794728681764,175.80912886070922,185.8415593873776,175.53133247984942,185.96373194906411,176.27000093736186,186.3259255617107,175.61269196508093,185.77161467803643,176.18685163495527,186.02465410793562,174.73756802952772,185.36604185615974,176.98169695319464,186.70789781841489,174.2183283601166,185.81135289367569,179.8989950563894,180.74703189537433,182.38111846939378,180.48995688227558
171.18416527515302,170.41336163678642,170.97775663610676,172.98212351233005,167.15352672462333,176.05656485368741,166.06837711255079,175.88579731426526,166.17397511144824,175.61121300775088,166.29834519897983,176.44502806419544,166.84092000501613,176.01241581889363,166.29751051827606,175.99001511670323,166.13140203960779,175.62102227719959,166.29751051827603,176.14153308995463,166.3638776365396,175.60254271910128,165.88014741725843,175.52840356138563,165.92188234000352,175.4741343972978,165.82297912869402,175.54577325536971,166.2762239823559,176.03126434971867,166.21320252369057,175.43800481477788,165.80169259277383,175.88474697575515,166.63056562470823,176.106113869414,166.25326461663664,175.59057312653931,165.80420010327649,175.56814342815264,166.23532374031453,176.01170533642482,166.41853841460124,175.94407626473441,166.32381554359355,175.82467820811081,166.00535565388546,175.68504118513235,166.3596972962377,176.02725468382641,166.21905569379149,175.72268025438981,166.23114340001263,175.90717667414162,166.21905569379143,175.74544992930706,166.1067698440894,175.76097016002328,166.30336368837698,176.05869464739308,166.37931100235895,175.72919021992607,166.06921526164612,175.93540597608498,166.44484343991871,175.96289579936314,166.34008359011662,176.12783320582099,166.60927908878801,176.04533473979006,166.21905569379146,175.65394119809611,165.89976112337962,175.54327295572583,166.1117883334866,175.88184717397681,166.29751051827608,175.9248572279711,166.46696465654261,176.28586114460856,166.71320078949472,175.76821960422444,165.48825119246283,175.24514896622179,166.31545139459826,176.15819230147,166.15854174562884,175.71438047167868,166.6902448921671,176.06168297097148,165.40143221898285,175.45645537667971,167.48992749065363,176.60425309666408,164.75744322274258,175.6185540401745,169.81378723577848,170.48683937371243,172.22573823286308,170.83857288804029
181.25880998334276,180.32986342701477,180.78803844256998,182.7849368981631,176.58700410758814,186.01492890787858,175.45778604562733,185.93110883342192,175.80850714101919,185.81222945061745,175.89841774320291,186.53938111255977,176.3395085890061,186.13380829068311,176.00263554564097,186.39690116458274,176.00522448757425,185.848848394729,175.78453883920932,186.15584922009182,175.83408797542523,185.66974950264037,175.45827419005121,185.77960633497526,175.71361046360616,185.82125200108709,175.58091202498358,185.69734589628237,175.65320171943128,185.94742039124299,175.74223926768374,185.75929894868472,175.66045116363236,186.03696983728736,175.93756629919824,185.99132834270605,175.80551869695137,185.91080144713143,175.59933205747802,185.8927563461921,176.07683422896071,186.31464072588989,175.90100668513622,185.8741825030198,175.78999846623532,185.97501678488496,175.63944230969398,185.76658795603618,175.75130905846765,186.0369698372873,175.93895661423892,186.2414028376667,176.14995204436272,186.11749673286204,175.78629966018815,186.14283084115272,176.14344207882655,186.17944978526432,175.86913810274967,186.12651928333165,176.02370404567247,185.94742039124301,175.55623336119436,185.77960633497526,175.70789950233888,186.00035089317569,176.08402414755795,186.44080911604578,176.17923168481605,186.17944978526435,176.11009312638791,186.39690116458277,175.99001511670332,185.88546733884061,175.79033844276591,186.17216077791286,175.95743617233725,186.11749673286201,176.16331195196551,186.51907372626928,176.3054201579024,185.84155938737763,174.9427929727803,185.3211030111658,176.02907503040905,186.45885421698512,175.68612064032794,185.68432751734338,176.32034907784657,186.55239949149876,175.32971770035462,185.71695063298549,177.11954403850888,186.7535393129962,174.21215837111109,185.57932349965438,179.28802585093368,179.92530406538745,181.84701875544073,180.57538751830492
171.58901853982911,170.61189514825739,170.92665245525859,172.76362730376385,166.94484517411453,175.89597708965215,165.88098209796215,175.74948871188485,166.19609979646381,175.54222261721583,166.0053556538854,175.97739468776547,166.36220827513222,175.68399084662218,166.19275066847405,176.11009312638802,166.36471578563501,175.52300358045267,165.85886088133827,175.66159014443187,165.98658009685968,175.41307481674738,165.92272048909894,175.82797751202358,166.36471578563496,175.91263630116782,166.27371647185316,175.78058869892112,166.04960155552493,175.64092126702405,166.07256092124427,175.78018919678649,166.3154513945982,175.89776690682734,166.11346116328568,175.63697112673566,166.17564794124726,175.99877404764197,166.39976285757552,176.10802285828601,166.77455288675264,176.15063199742389,165.89101907675658,175.28568783725765,166.02078901970478,176.06600361719808,166.53082426430331,175.89020660278103,166.0896671168627,175.6630109888801,166.19275066847402,176.18173198445999,166.71905742798734,176.02907503040927,166.23197808071635,176.1842918097077,166.8451038137097,176.15936181167706,166.12638355021059,175.74189929115315,166.30169432696968,175.75849897706487,165.86136839184098,175.32872688744828,165.71403893859011,175.55228322090602,166.38349134266073,176.13542262655304,166.21487535348962,175.59825260228257,166.33841076031754,176.35391883511917,166.52915143450423,175.68359134448787,166.09050179756642,175.95817565100222,166.29918334807519,175.82689805682796,166.33757607961388,175.99837454550755,166.30252900767329,175.57224173633415,165.56587133624387,175.44997440733999,166.6355841141054,176.29498904827426,165.8571880515392,175.27735893786098,166.61262474838614,176.51086590598882,165.90644897418417,175.42458679429328,167.10510048268205,176.29566888084625,164.5708828888576,175.39092851522082,169.4899309590453,170.03207776046148,171.72485478497666,170.42373496819891
181.37826737001595,180.37550492159599,180.74462888644112,182.85817478638631,176.88833875871569,186.3382412910625,175.5757037321988,185.89448988931028,175.79224743163797,185.62410800805915,175.36843763752978,185.74298739086365,175.53611215381426,185.40839017185888,175.41332615098858,186.02065827946626,175.87104709162173,185.55087011983596,175.3084575121749,185.69005688893088,175.47635424601503,185.58748906394763,175.78598880034312,186.31464072588986,176.09960390387786,186.04425884463873,175.94771554517766,186.27802178177836,176.03953513623367,186.02794728681764,175.78638830247746,186.05328139510846,176.03302517069764,186.21606872937591,175.87789703368838,185.81222945061742,175.64453143078197,186.0206582794662,175.91658644145613,186.19576134308542,176.31738975046454,186.27802178177834,175.48536451119497,185.46358295914283,175.7165697909883,186.46614322433663,176.44792786597378,186.29433333959935,175.85296703565783,185.87644478837106,175.69405145031232,186.19576134308545,176.2631801119806,186.28531078912971,175.98887613590384,186.37486023517408,176.3735083778204,186.19576134308542,175.58372318447257,185.75027639821508,175.77012859309636,185.85787094519867,175.51498412817898,185.56388849877496,175.35340555123747,185.66072695217079,175.89011796049184,186.09892288968967,175.50748334973645,185.44327557285237,175.74076031035378,186.31464072588989,175.86808776423948,185.55087011983599,175.49591325930885,186.0206582794662,175.88070819317736,185.93440201230393,175.82584771831782,185.89275634619213,175.57357393849318,185.70636844675198,175.52488203991709,185.9271130049525,176.28586114460859,186.3349481121804,175.36892578195366,185.51251763260615,176.40494834138696,186.75683249187824,175.36701679308163,185.32040036157849,176.58956393283563,186.54008376214713,174.20240862726607,185.64127655205675,179.55860049155589,180.31056950097363,181.94585653938705,180.16606649522308
171.15346897191839,170.26829410346741,170.68727460151513,172.8710557678254,167.40143568737449,176.29132077163464,165.96696292234685,175.71071066182787,166.29667583757242,175.71071066182787,165.96696292234682,175.57289257270986,165.77622571655175,175.08095103842874,165.65603250093028,175.82001758535364,166.35551695593591,175.56425281346799,165.92857365919977,175.76895908288935,166.06586960204797,175.66477180985891,166.51121055818211,176.42660803170102,166.52078728550896,175.76569030838417,166.2845881313512,176.29891019236609,166.73281449561594,176.09275396181121,166.29667583757242,175.94697606651263,166.46863748634169,176.19765171731035,166.4627843162408,175.70096091798277,165.92188234000358,175.65459203447196,166.07172277214883,175.75696049413102,166.42773724430032,176.11336331361517,166.24741144653564,175.73175004517373,166.36638861543403,176.28299045951573,166.63140030541189,176.04169545934698,166.38098383215802,175.97625570696601,166.25828310603379,175.9599959975848,166.5036845582822,176.13073300759928,166.46863748634169,176.17809270401648,166.62721996511007,175.98236617036767,166.07506843174698,175.70420069629176,166.19024315797125,175.71111016396222,166.00870131348356,175.63191100184406,166.02748033890103,175.69124029082323,166.31879705419641,175.90791615280656,165.92439331889801,175.46549463805593,166.36137012603686,176.17741133823318,166.09050179756639,175.21916862968112,165.79751225247199,175.87968685086352,166.38181851286166,175.97190606454316,166.48908934155824,175.95453637055891,166.08464515907372,175.71071066182785,166.17899360084544,175.89952772780615,166.54458133193188,176.09778355729514,165.96863922053754,175.6662812965964,166.96362073114034,176.55257416674246,165.62889279490915,175.1482707834854,167.15854521402062,176.71026071627722,164.87847111906771,175.41813788757219,169.67314563333215,170.70567555880916,172.39234240321011,170.54986888723545
180.87415520522595,179.92358961972391,180.32332740411849,182.73200639623039,177.07715582469399,186.5336517409722,175.64444278849254,185.92208628295228,175.94200458391043,186.09892288968962,176.00908598557336,186.1924681642034,175.69237927162274,185.53455856201484,175.63472216133309,186.3349481121804,176.11231297510503,185.81222945061742,175.68686011899294,186.20149071467301,175.97119558207439,186.0808777887504,176.25121051941855,186.55569267038092,176.02361540338319,185.89275634619213,175.83704730280738,186.33095228371096,176.26994141175811,186.26899923130864,175.85296703565791,185.95470939859447,175.99177593768209,186.4041901719342,176.09639324225452,185.81222945061748,175.51828343209158,185.93110883342192,175.84025796443083,185.90177889666174,175.79249876587915,186.16313822744323,176.09093361522858,186.2943333395994,176.20996128640306,186.26899923130861,175.82069895113696,185.92937529030368,175.93830577786326,186.25042538813634,176.01494511473379,186.06456623092924,175.89381676653892,186.08990033922007,175.91618693932176,186.1794497852643,176.09639324225446,186.16313822744323,175.87928734872918,186.04599238775697,175.85981697772453,185.86915578101951,175.6068923615243,185.89448988931034,175.8533070121884,186.08990033922001,176.04894490354812,186.14682666962216,175.70533967709116,185.96373194906414,176.28049015987196,186.48645061062703,175.74544992930723,185.57846651347793,175.74479909293149,186.24539866613608,175.89190777766694,186.00035089317572,176.17676050185761,186.43352010869438,176.00618618379502,185.98403933535462,175.7488378755092,186.04425884463885,176.20623336367046,186.42449755822466,175.7433782484832,185.82454517996916,176.45264801433478,186.56368432731969,175.01002254233634,185.26746985964573,177.1035647800546,187.2812846965594,174.58479190378,185.37315695615681,179.10170908459921,180.36350000290633,182.41122744796928,180.63474837723945
171.05048836284459,170.08621698360267,170.35815905892454,172.66270880523851,167.4047813469727,176.43027784155183,166.21236437459515,175.78348850069921,166.13391301850217,175.7791388582763,166.44400529082327,176.22082089436213,166.2983486673715,175.69266113527166,166.4849055328647,176.48050681033988,166.50953772838312,175.49693460162277,165.88014741725848,175.88909661817806,166.32046988399546,175.9118968225028,166.52497109420247,176.12496252072836,166.24201505951075,175.72597955830278,166.1664491115483,175.90032673207511,166.42773724430023,176.03015448560481,166.17397511144821,175.62102227719967,166.25493744643563,176.16726209225394,166.38265666195707,175.54472291685983,165.9064524425759,175.88844578180226,166.41937656369666,175.78354802630301,166.00452097318177,175.77006906749253,166.4097963679782,176.20015201695432,166.60927908878799,175.9321661977761,166.02413467930293,175.62506105977732,166.15603423512613,175.88474697575506,166.27622398235593,175.76426946393602,166.09217462736544,175.67927069826138,166.06754243184707,175.74223926768386,166.2182210130878,175.80881800086414,166.16895662205104,175.75815900053433,166.13642052900499,175.66335096541067,166.00368282408635,175.7360401619928,166.30085617787424,176.02651520516156,166.4849055328647,175.93861663770852,166.06921526164606,175.78234951989992,166.54876514062545,176.21752159044945,166.23532374031441,175.809839343178,166.6535249904276,176.21826106911439,165.92355516980257,175.26652832609827,166.08799428706368,176.04391389534197,166.30336368837698,175.67532055797281,166.0232999985993,175.87104709162173,166.69693274297165,176.31306910423811,166.04542121522317,175.42276644771064,166.59384572296861,176.29381953806723,165.40143221898285,175.02810413151144,167.33924890941287,177.09980479470306,165.19442002988137,175.31642038477813,169.25829004281718,170.33631221336739,172.20854449504645,170.56997896233682
181.38200357131197,180.29883463052627,180.50054661957481,182.76862534034203,177.0330067899003,186.63951274483753,176.02031609947028,186.14283084115272,175.72492921979259,185.72094646145496,175.81088968168808,186.27802178177831,175.89961637009546,185.96199840594593,176.30218037959358,186.74381411293916,176.05764430888286,185.48891706743362,175.23002823764014,185.74298739086368,175.67452155370393,185.88147151037117,175.91229632463711,186.08087778875037,175.8488687274764,185.96373194906408,175.67572006010707,185.75027639821511,175.77037992733779,186.13554183380131,175.80230803532794,185.76658795603612,175.86518796246128,186.36757122782262,176.04789456503801,185.71365745410344,175.40761518972127,185.85787094519867,175.87749753155407,185.99132834270611,175.7733392547197,185.95470939859442,175.88690729886846,186.19576134308542,176.07032426342451,186.13380829068311,175.90282703171897,186.06959295292958,175.8612378221728,185.98230579223639,175.83300852022961,186.01666245099682,175.81131830050802,185.84884839472906,175.6094521867719,185.81222945061739,175.72847985794655,185.86515995255019,175.63694201005015,185.80320690014773,175.74439959079703,185.96373194906411,175.78018919678655,185.88546733884064,175.72341973305495,186.05328139510837,176.09599374012012,186.17944978526438,175.73209002170432,185.87244895990153,175.99038562264133,186.25268767348754,175.81887860455427,186.12252345486223,176.52616533187106,186.50276216844816,175.44442613802471,185.20222362836137,175.41458430348487,185.96373194906408,175.74101164459503,185.71365745410344,175.53000169041252,185.91809045448281,176.23190284036599,186.41321272240387,175.5361121538142,185.54011402624812,176.36400996821661,186.71292454041517,175.15255936709318,185.13227891902019,176.8112708030252,187.23790548732933,174.87816674872698,185.81637961567597,179.46345247990169,180.39109639654825,182.10249416313377,180.23530855497694
171.86171200684765,170.81623404776633,170.97952767847062,172.95389421038695,167.31796237349255,176.43854862806697,166.5921728931697,176.33074965806739,166.46445714603982,175.75668004320431,166.25493744643575,176.13542262655284,166.34342924971475,175.86339814528606,166.65017933082942,176.43280713739199,166.36304295583588,175.42174510539672,165.77455288675264,175.6611906422973,166.13558237990958,175.76716926571419,166.25577559553102,175.9129471610128,166.3997593891838,175.98310564903258,166.09552028696359,175.4535250454939,166.00368282408638,175.91152631656448,166.21487535348967,175.67748088108604,166.34175641991567,176.29930969450066,166.61095191858706,175.72629041814767,165.81461497969869,175.58116335922486,166.22156320429414,176.05178517972257,166.52747860470521,175.98242569597159,166.25242993593287,175.94157596509041,166.40227036807826,176.13323330724327,166.65770533072933,176.32350021386625,166.60760625898897,176.08624399627516,166.42355690399845,176.06455377655348,166.38265666195707,175.83374799889449,166.11011550368752,175.78018919678644,166.27789681215492,175.92559670663613,166.27956964195405,175.89992722994057,166.37931100235889,176.04573424192469,166.38432949175612,175.76756876784862,165.94233419522013,175.7006500581376,166.42522973379755,176.16621175374365,166.40227036807826,175.94012612444584,166.50703021788036,176.05298368612574,166.04792872572594,175.79721891424018,166.77957137614987,176.39806786991275,166.17146413255378,175.50023390553534,166.17648609034268,176.03416415149701,166.33589978142305,175.78018919678649,166.05211253441942,175.70636101940488,166.44316714172794,176.19293156894935,166.09301277646082,175.64712178543701,166.938988535622,176.60647294538123,165.61597040798426,175.09076184108892,167.23365437890715,177.0803344236985,165.38265319356537,175.79651149819392,169.88182718384095,170.83192355749941,172.47167588600152,170.65251072672015
181.50146095798507,180.48695607308451,180.77945157231574,182.85088577903488,176.78412095627775,186.38214924252557,176.02756554367141,186.59231161449253,176.42234703156768,186.17944978526435,175.86697777963633,186.10291871815903,175.72415921172001,185.72268000457311,175.78018919678655,186.09389616768942,175.66986093094681,185.58020005659606,175.6044211785659,186.0499882162263,175.86697777963641,185.94742039124307,175.89745604698223,186.19975717155486,176.06881477668699,186.08261133186858,175.66087978245235,185.75929894868472,175.83405885873972,186.25268767348754,175.9752053684559,185.86515995255019,175.75920933904436,186.20877972202447,176.07140371862027,185.94742039124299,175.60078189812248,185.95870522706386,176.06850391684205,186.42952428022497,176.28989992718621,186.21606872937593,175.80551869695157,185.97501678488499,175.90066670860554,186.27802178177828,176.27108039255754,186.44080911604578,176.1766718595683,186.22509127984563,175.96758541831665,186.11020772551052,175.88835713951298,185.98403933535462,175.77441870991541,186.02065827946618,175.97119558207444,186.2087797220245,176.043913895342,186.17216077791289,175.98060534938884,186.16313822744323,175.9950752415948,185.94742039124301,175.49261395539614,185.75027639821508,175.95348603204874,186.36757122782262,176.14409291520226,186.28531078912977,176.29245975243401,186.17216077791289,175.36306665279321,185.52553601154523,175.91519612641545,186.38787861411311,176.04382525305266,186.09892288968965,176.09176173618286,186.28201761024772,175.9967764164806,186.11923027598019,175.81575658522016,185.84884839472906,175.8817585316875,186.28201761024772,175.8377867814724,185.95071357012503,176.45915797987089,186.43751593716377,174.90259407827497,185.21453935771302,176.99900700108591,187.12978219811274,174.50269293988353,185.5775899565362,179.58245103439077,180.87320028553026,182.69002122222065,180.56794084601805
171.0197920596099,170.17121574927739,170.58812714535361,172.60047971448097,166.84175815411152,175.81964861262674,166.00368282408633,176.11916291717171,166.7173845981882,175.88690729886827,165.94484170572281,175.45571436480358,165.69275240266981,175.17970921384088,165.73783298501306,175.47848403972083,165.77538756745633,175.29904774486059,165.99076043716147,175.81020831590487,166.06419677224895,175.536023511525,166.15603423512613,175.96107545278053,166.25661027623477,175.56209249035487,165.7975122524719,175.67242075619458,166.50619206878497,176.35897896001057,166.61429757818513,175.68794098691072,165.77371473765729,175.53130336316391,166.05127438532404,175.66915056896735,166.13474769920589,175.90362603598777,166.41770373389761,176.02987403467787,166.40394319787731,175.92849650841438,166.17648262195101,175.67236123059072,166.04960155552496,175.76176916429213,166.23114340001268,175.75525919875591,166.05127438532401,175.59677223223025,165.98741477756337,175.60689236152422,166.02496936000659,175.64453143078202,166.07256092124425,175.68868046557569,166.1084426738885,175.7205199312767,166.11178833348657,175.66335096541073,166.02831501960475,175.74544992930714,166.29751051827614,175.81236863901825,165.98741477756329,175.65320171943137,166.33841076031754,176.11586361325919,166.42439158470211,176.03518549381093,166.58966538266685,175.87928734872912,165.65435967113117,175.2042992353407,166.0241346793029,175.92994634905901,166.30169085857793,175.805119194817,166.19191598777036,175.68538116166295,166.03082253010743,175.75559917528659,166.10928082298389,175.52991304812323,166.04792872572585,175.8956065837142,166.15101574572896,175.7273408771471,166.61680508868787,175.95450584115136,165.18773217907682,175.05812325062973,167.21989384288682,176.54307434441677,164.50451577059417,175.15219334029968,169.7361670919974,171.02253044065284,172.55120963604188,170.22395861765986
181.00750603236963,180.10354716216222,180.5488152626485,182.69538745211878,176.63726360578343,186.03124046569968,175.4444261380246,186.04425884463876,176.14165226165144,185.98733251423658,175.59239347312197,185.75027639821516,175.48471367481932,185.55087011983593,175.60254271910142,185.93110883342192,175.57150225766918,185.49793961790326,175.58051252284915,185.98403933535462,175.62102227719961,185.57846651347791,175.68473032528723,186.06230394557804,175.72228075225553,185.56215495565681,175.36207583988693,185.90177889666174,176.17843268054713,186.57200422820199,176.317789252599,185.90177889666171,175.31496747771095,185.55486594830535,175.50458354795833,185.77561050650587,175.84275826407446,186.10621189704116,175.81964861262693,185.81049590749922,175.73425034481747,186.24869184501816,176.25047104075364,186.10621189704113,175.5964322556996,185.62410800805915,175.47200460359224,185.67703850999186,175.53167386910198,185.67703850999186,175.5642528134681,185.77561050650579,175.69084078868877,185.9017788966618,175.75741952186934,185.72268000457316,175.37793604713352,185.48162806008207,175.36818630328861,185.5711775061265,175.48826431297329,185.81222945061742,175.84966773174514,185.98403933535462,175.72085990780724,186.05328139510846,176.1908017752437,186.35854867735293,175.95018672813606,186.06057040245989,176.04178410163624,186.07358878139891,175.54682359387996,185.72268000457311,175.86527660475059,186.08990033922004,175.76023068135828,185.87244895990162,175.77774854323567,185.87244895990162,175.6679824714823,185.86515995255013,175.60519118663848,185.64041956588028,175.68464168299784,186.07358878139894,175.71946959276653,185.88876051772272,176.31665027179946,186.27472860289626,174.9535930551354,185.36604185615971,176.9501683473388,186.78113570663814,174.13878922146776,185.51337461878259,179.73726831155486,180.83658134141865,182.14439945641899,179.55220406846212
171.78675787980765,170.83870726589043,171.15968144722251,173.12719104564914,167.40310851717356,176.26204113118126,166.09133647827011,176.02040474175979,166.63140377380361,176.12388306553279,166.48490553286479,176.26713025226908,166.57088982564107,175.99979538995566,166.50619206878497,176.24905019630523,166.3000214971706,175.57622240603018,166.17062945185009,176.12931216315116,166.36471578563496,175.67748088108596,166.1919159877703,175.9994248840176,166.25828310603379,175.70676052153934,166.17230228164919,175.96033597411545,166.44735095042151,176.13724297313553,166.52329826440339,175.85256753352334,166.01204697308174,175.65724050200899,166.06503492134425,175.77043945294145,166.44400529082336,176.22002189009322,166.4277372443002,175.80076955239426,166.29751051827617,176.42521771666043,167.06670775114333,176.26679027573843,166.13140203960782,175.58341232462749,166.05294721512308,175.89415674306957,166.40059753827919,175.96039549971937,166.29667583757242,175.9249458702605,166.3860023215552,176.0804735094039,166.43982495052151,175.72341973305493,165.80336542257282,175.39459525864905,165.92104765929989,175.6543407002307,166.13307486940678,175.7769785351631,166.21487535348967,175.75815900053422,166.09050179756636,175.98171533399187,166.7369983043094,176.30186951974824,166.38098383215802,175.86453712608548,166.34092173921198,175.98606497641484,166.25493744643566,175.93105633366213,166.49076217135732,176.06455377655348,166.31545139459823,176.10185286928049,166.71822274728365,176.31383911231049,166.5863197230687,176.07106374208962,166.21822101308774,175.75991982151302,166.38181851286174,176.15424216118163,166.25912125512914,175.84753793803944,166.79249376307487,176.23821958454261,165.5554564598217,175.46191500370583,167.52413641349881,176.85208847128735,164.94400355662748,175.6796732668181,170.07256785802767,170.93358153468975,172.09097498337007,169.72573119344935
182.01796230040193,180.9151131448487,181.16758124735523,183.1358456749889,177.06632521293139,186.56298167773235,175.84229911584706,186.29832916806882,176.28313862740899,186.30561817542028,176.19935289219615,186.67457205318533,176.37282701203716,186.17944978526432,176.10099421891866,186.47013905280599,175.88804627966778,185.57117750612645,175.61414180572544,186.38058960676167,176.26457042702137,186.0532813951084,175.83158767578138,186.18344561373374,176.00553534741934,186.13554183380128,176.02839366462584,186.08261133186858,175.70130089451342,185.87644478837103,175.84571759145678,186.08990033922001,175.96428611440385,186.13554183380131,175.88514647788963,186.06456623092922,176.11586361325899,186.53938111255977,176.30655913870191,186.2250912798456,176.02219455893484,186.44080911604581,176.33330948331511,186.26899923130861,175.88184717397681,186.11020772551055,176.0663435937287,186.41321272240387,176.34740886958278,186.38787861411311,175.98060534938887,186.12651928333167,176.09673321878512,186.40419017193418,176.1759323809033,186.02065827946623,175.56968191108658,185.73569838351219,175.71579978291567,186.06629977404742,175.97699518563101,186.03696983728733,175.80551869695151,185.83253683690791,175.48610398985997,185.81222945061745,176.03632447461032,186.31464072588992,175.94151643948661,185.95470939859445,175.90322653385337,186.11020772551052,175.76821960422436,185.96373194906411,176.03311381298687,186.23637611566647,175.92374724336796,186.27802178177828,176.43249627754696,186.62893055860411,176.28475116000547,186.35125967000147,176.05267282628068,186.26899923130864,176.34698025076304,186.48645061062706,175.77120804829204,185.83583001578995,176.3296702028718,186.34796649111951,174.92175358943436,185.31311135422698,177.0467661996374,187.05151758788929,174.43395388358991,185.5427045555428,179.44463294527284,180.52628733717384,182.25475929221398,180.24405045896555
171.66130284566827,170.62067543285983,170.90142635549682,172.7028190574546,166.9448451741145,176.00084572846586,165.94233072682843,175.82828837186861,166.36220827513213,175.71287098494108,166.13139857121601,176.02830502233658,166.25744842533007,175.45929553236516,166.04709057663047,176.01673493190899,166.09050179756633,175.09573179047987,165.63307313521099,175.9338964893474,166.5258057749061,175.77293975258544,166.07088809144523,175.8376981391832,166.25493744643566,175.77367923125044,166.13474769920586,175.58486216527203,165.7950012735775,175.50202372271062,166.15603423512607,175.95743617233725,166.44065963122517,176.00769567053266,166.30252900767331,175.86157779870351,166.31879705419632,176.01790444211585,166.31628954369364,175.69775025635934,166.02831501960472,175.74578990583774,166.15519608603077,175.76386996180159,166.27789681215492,175.99578560357432,166.35635163663963,175.96610646098651,166.46863748634169,175.99862587974872,166.11095018439124,175.691151648534,166.3171242243973,176.09994388040855,166.42606441450124,175.74544992930723,165.89976112337962,175.42964538597366,165.90394146368143,175.76170963868825,166.29918334807519,175.82103892766753,166.21403720439426,175.71796010602898,165.8409200050161,175.35621671072659,166.00535565388546,175.86046781410042,166.19609632807214,175.70346121762674,166.27622398235593,175.8698775814147,165.94651453552189,175.50128424404551,166.21152969389149,175.89230727980132,166.02914970030838,175.60865318250313,166.27789681215498,175.94216727586237,166.17397164305652,175.80511919481702,166.3196352032918,176.08624399627516,166.71152795969559,176.14844255762512,165.88349307685664,175.42310642424113,166.61345942908974,176.12018272627429,165.14850476683446,174.75388879772385,166.98825292665867,176.56584401933398,164.61178313089903,174.87797800651211,169.02497629679002,170.29216317857362,172.44048389108821,170.96728788802196
181.29366381438089,180.2651930669382,180.64160067714073,182.60410446295626,176.5103356540321,186.03124046569968,175.38685767002417,185.86515995255013,175.88631598809661,185.69335006781293,175.43100670481795,185.81222945061739,175.53793250039692,185.35372612680803,175.4154864741019,186.04599238775691,175.77012859309639,185.45229812332201,175.43470551086517,186.1794497852643,176.11663362133152,185.92537946183432,175.7255800561683,186.10621189704113,175.93682682053313,185.81951845796888,175.48141437090672,185.66072695217079,175.57761272107078,185.96373194906406,176.03922427638864,186.17944978526435,175.88110769531173,186.04425884463876,175.98171533399201,186.15914239897387,175.89267778573941,185.81951845796891,175.43331519582446,185.54184756936627,175.51285433447319,185.86515995255016,175.76031932364754,185.91809045448286,175.909336997255,186.05328139510843,175.63333184629229,185.77387696338761,175.92997687846656,186.24869184501813,175.87024808735288,185.81951845796888,175.73248952383869,186.05328139510846,175.90242752958454,185.90177889666168,175.54583278097357,185.53455856201487,175.41227581247855,185.9017788966618,175.94373628820372,186.04425884463873,175.91908674109999,186.0989228896897,175.75525919875597,185.69734589628237,175.57110275553478,185.94742039124299,175.82433823158021,186.09718934657144,176.25047104075355,186.33095228371101,175.67202125406007,185.7209464614549,175.95604585729646,186.2943333395994,175.79135978507975,185.68432751734332,175.66162067383937,185.86515995255016,175.51930477440553,185.7299690119246,175.78860815119452,186.11350090439259,176.13860429197996,186.12651928333167,175.38524501693851,185.7535695770971,176.68561411510683,186.75683249187821,174.9941028094859,184.9278459186408,176.57108437473741,186.81549236539854,174.28345725265251,185.15743911995659,178.91505234173408,180.12244805841533,182.20865097225362,180.54519893119513
171.77099386210517,170.79632509179348,171.11409144745016,173.03824213968593,167.31545486298995,176.26534043509392,166.13725520970866,175.9983745455076,166.50284987757857,175.78894812772521,166.03166067920293,175.86311628163728,166.25326808502831,175.58637165200949,166.0316606792029,175.9991140241724,166.40143568737457,175.83235768385396,166.42355690399845,176.44767653173244,166.79918508227107,176.0692739249144,166.40227036807818,176.28594978689779,166.69609806226805,176.01355479969294,166.17062945185006,175.84315776620906,166.3434292497148,176.11481327474885,166.60927908878799,176.055144009239,166.17564794124735,175.85512735877114,166.52497109420241,176.2895599506557,166.54876514062548,175.86157779870348,166.07256092124422,175.80190853319368,166.38098383215799,176.08087301153842,166.3801491514543,175.90578635910109,166.40227036807823,176.00812428935251,166.11680682288383,175.78169868352413,166.62638528440644,176.53958476507785,166.73867113410844,175.9115859626576,166.08966711686273,175.81171780264248,166.32046988399534,175.97955501087861,166.27706213145137,175.71295962723036,166.13474769920589,176.05554351137357,166.58548504236504,176.04178410163624,166.34510207951382,176.048634043703,166.44149778032056,175.87789703368833,166.13474769920592,175.81171780264236,166.27538930165221,176.18685163495525,166.96696639073846,176.51385576277843,166.42188407419943,175.94228644755927,166.71738459818826,176.59308404158207,166.67481152634778,175.93657548629196,166.33674139891016,175.97674385138967,166.15603423512613,175.77953836041084,166.35718978573499,176.1177130765272,166.61847791848706,176.02114422042479,165.89725361287685,175.90976702879701,167.48741651175925,177.03550555633288,165.86220654093634,175.15083060873317,167.09050526595811,176.87164748458113,165.21319905529887,175.64533350147323,169.67649129293025,170.45283958489819,171.91082121461812,170.0422316957106
182.1819778591578,180.98836947404288,181.03009946301927,183.12855666763747,177.24027288456926,186.70546162570935,175.99066595307889,186.29832916806879,176.13477179017715,186.07358878139894,175.82282874484264,186.24539866613614,176.1828709652593,186.08261133186861,175.7313200136318,186.00434672164511,175.88514647788949,186.02065827946623,175.95271602397619,186.36028222047116,176.24905019630529,186.30561817542025,176.14119311342401,186.54667011991125,176.45378699513415,186.40419017193423,176.00337502430605,186.17216077791289,176.0211442204247,186.21606872937596,176.07427440371296,186.12651928333165,175.72631953483324,185.848848394729,175.87894737219852,186.29832916806876,176.15424216118171,186.26171022395721,176.16510176914062,186.53938111255974,176.44181740257204,186.40419017193423,175.9230964069923,185.92208628295222,175.75559917528659,185.97675032800313,175.73461931754457,186.02065827946626,176.19549139419706,186.5923116144925,176.34666939091792,186.17944978526432,175.75815900053425,185.9750167848849,175.94802640502283,186.17216077791292,175.89199641995629,185.93110883342192,175.83553781606975,186.20877972202445,176.08732345147078,186.03696983728733,175.69519043111171,185.97501678488496,176.0109949744454,186.18847233573402,175.86592744112627,185.88546733884067,175.72992969859115,186.232380287197,176.40238851613927,186.54667011991131,176.100343382543,186.232380287197,176.30871946181509,186.57600005667138,176.10429352283145,186.08990033922009,176.07470302253284,186.38787861411308,176.06881477668705,186.12651928333167,176.00852379148699,186.31464072588986,176.24606175223769,186.10291871815903,175.34507523911876,185.92537946183438,176.95837948776062,187.06209977412277,175.41190530654032,185.36604185615974,176.76860072556153,186.93663403355421,174.60830105736221,185.82939799461499,179.60669966663806,180.29425794315253,181.62612961585941,179.51315059581808
172.20935960090623,170.93223135795034,170.70324338148899,172.71145881669653,167.28291530155212,176.227612723547,166.16644564315664,175.85031856812083,166.22072852359045,175.70741135791513,166.08464515907374,175.86583879883702,166.38683700225886,175.77433006762621,165.87763643836396,175.43285604759706,165.96612824164308,175.54426376863231,165.7778950779591,175.38509684904542,166.00702848368448,175.85972833543536,166.40143221898288,176.12453390190853,166.58966538266682,175.98236617036775,166.11262301419029,175.7201204291423,166.17230228164917,175.79610892963706,166.2353237403145,175.83769813918317,166.0905017975663,175.47339491863289,165.86136839184101,175.65138137284859,166.09217462736535,175.71978045261164,166.33506510071945,176.25152137926361,166.71821927889189,176.0072961683982,166.08966364847097,175.49616459355002,165.73783298501309,175.29759778372676,165.75075537193797,175.50267455908619,166.07506843174701,175.81807960028536,166.33757261122213,175.91649779916685,166.21571003419334,175.80221939303865,166.25493744643566,175.76821960422444,165.94651453552189,175.46108534954027,165.9611097522459,175.68282133641509,166.09635496766722,175.55623336119436,165.83422868581985,175.56530315197818,166.25995593583283,175.99902538188323,166.25493744643566,175.59964291732317,165.96612824164308,175.85321836989914,166.44400529082336,175.98887613590375,166.25661027623468,175.8210389276675,166.25661027623474,175.72768073318849,165.83673619632256,175.5044353800651,166.28374998225587,176.16677394783022,166.50033543029232,175.83655915838358,166.0971931167627,175.76787962769379,166.24657329744025,175.56999277093158,165.47365597573895,175.47120559932327,166.93982321632558,176.44175775647898,165.54959982132914,175.09246301597469,166.98490726706052,176.35021849586073,164.52830981701717,175.15648345711864,169.40311198556532,170.24801414377987,171.76762812406599,169.91136055428265
181.94679928710772,180.64131730172201,180.46768335697919,182.55290750414176,176.73127263663815,186.22665091560947,175.70022143931786,185.99132834270608,175.76611892720416,185.6860610604615,175.47089461898909,185.84884839472903,175.85762765841505,185.86515995255004,175.50779420958162,185.76658795603623,175.88295715858001,185.92711300495247,175.37429676669026,185.37403351309854,175.44056464002563,185.9271130049525,175.90893749512051,186.0971893465715,175.9813753574615,185.91809045448286,175.50378454368928,185.71365745410341,175.67498058144233,185.86515995255016,175.78268949643032,186.08990033921998,175.93506599955444,185.81222945061748,175.49511425503997,185.72268000457311,175.547993104087,185.63139701541061,175.60075290192623,186.06057040245992,176.02222508834251,186.00763990052715,175.75775949839982,185.87418250301982,175.5642528134681,185.5092244537241,175.3081175356443,185.59651161441721,175.54182311508146,185.85613740208044,175.95925651891983,186.28531078912982,176.10830330921289,186.10621189704111,175.83084819711618,185.90177889666171,175.61741211344193,185.76658795603623,175.68109104484375,185.81222945061739,175.56459278999878,185.72268000457316,175.66301098887999,185.93839784077332,175.86808776423962,186.10621189704111,175.97881553221359,186.13380829068308,175.99433576292978,186.24869184501816,176.08263383251722,185.991328342706,175.56820295375653,185.73899156239423,175.69630041571483,185.64441539434969,175.14133066591822,185.44500911597049,175.7986978715702,186.27802178177831,176.09630459996524,185.95470939859445,175.56394195362293,185.67703850999189,175.62423293882304,185.69005688893097,175.16057881936689,185.67304268152245,176.57204607095829,186.59630744296183,175.056671876774,185.23085091553409,176.78958058330355,186.66398986695188,173.97055251109714,185.0678896739123,179.02538060757377,180.26492800639235,182.32838900540776,180.59812943312784
172.00209932651921,170.88806540639624,170.91965161215441,172.87839385431576,167.25661374462641,176.29612956228485,166.42522973379755,176.16951105765654,166.36053544533314,175.52960218827806,165.77957137614993,175.73942810819469,166.40143568737454,175.96008463987411,166.27873496125036,176.14239174031633,166.86304469003178,176.35872762576926,166.31796237349263,175.70650918729805,166.17314043074461,175.95101484909028,166.34342924971466,175.95027537042526,166.38014915145436,175.87178657028662,166.13307486940678,175.8276375354929,166.29667583757245,175.84605756798732,166.24034222971167,176.0645537765534,166.56587133624387,175.95678533596146,166.15603423512613,175.85296703565791,166.31461671389457,175.89020660278106,166.3058746672715,176.01719408013639,166.37680349185615,175.86493662821999,166.28040779104944,176.10259234794557,166.54625763012265,175.94376540488929,166.17899360084547,175.80850714101908,166.19108130706664,175.95974466334366,166.63140377380364,176.42780665859351,166.73867113410847,176.04468390341464,166.21487535348962,175.95678533596143,166.50703021788038,176.20641064824912,166.57088982564102,175.93185533793107,166.04542121522317,175.76361862756031,166.44818909951687,176.15029202089335,166.35969729623773,175.94012612444595,166.54960328972086,176.46575658769629,166.92272048909888,176.40824764529978,166.61179006768245,175.8464570701218,165.86053371113729,175.62796086155569,166.34259456901106,175.7556878175759,165.71571176838918,175.34334494754734,166.12973267820041,176.00497315333294,166.42690256359657,175.91593560508045,166.16979477114646,175.69703989438003,166.22240135338959,175.8605564563897,165.89725361287688,175.7079300317464,167.03082599849921,176.57068333939185,165.65185216062844,175.27781808608836,167.36304642422763,176.80836805531345,164.79750878408029,175.25649978502696,169.54793739670512,170.81930312856159,172.85454531011084,171.21789706260401
181.77896576366541,180.66892780512208,180.82700341234806,182.97705416919078,177.09122609427629,186.71275063306075,176.22002189009322,186.46614322433661,176.03672397674464,185.75027639821508,175.5016242205761,186.12651928333167,176.20672150809418,186.17944978526438,175.89810688335791,186.36757122782257,176.47621669352077,186.58328906402284,176.2016018575988,186.27802178177834,176.06239345344014,186.1631382274432,175.91328713754345,186.17944978526432,176.09929304403281,186.2689992313087,176.11586361325899,186.31464072588994,176.04647372058969,186.08990033922007,175.94802640502269,186.30561817542022,176.1654722750788,186.14283084115274,175.85651767381179,186.19975717155481,176.20200135973326,186.4132127224039,176.21175110357822,186.31464072588989,176.04283444014641,186.06456623092924,175.77367923125033,186.17944978526438,176.33114916020182,186.50276216844819,176.10068335907343,186.12651928333162,175.9766552091005,186.30561817542028,176.22909168087693,186.38388278564369,176.08988327671844,186.02794728681769,175.7360401619928,186.16313822744326,176.2396404289909,186.48245478215762,176.3307496580673,186.28930661759918,175.74584943144163,185.90177889666174,176.0714037186201,186.4132127224039,175.97335590518776,186.03523629416915,176.20962130987249,186.69817261835789,176.38751912179896,186.28531078912977,176.04903354583737,186.02065827946623,175.51208432640064,185.88546733884064,176.17602102319259,186.18118332838256,175.52834403578177,185.60779645023803,175.68768965266923,185.99132834270608,175.87089892372862,186.17944978526435,176.04943304797177,186.19576134308537,176.27679135382482,186.43352010869444,175.6294107022002,185.79018852120873,176.61653508228252,186.93593138396685,175.46833479374129,185.49949925366715,176.98564709348304,187.12075964764301,174.65171061349105,185.86428339560842,179.76984725592084,180.78365083948594,182.50085650254783,180.54288738420831
171.64683788420518,170.56364940809652,170.67193944826056,172.77689856907747,167.35635163663957,176.46162916282921,166.44651280132609,176.08723480918135,166.31712422439725,175.73200137941507,166.23615842101816,176.24566225010332,166.69358708337353,175.86799912195042,166.00786316438814,175.86293899705873,166.4406596312252,176.04234629572272,166.44651280132604,176.09624507436149,166.40310504878195,175.84016932214161,166.1697913027547,175.97005660127505,166.48825119246288,176.15887366725346,166.62972747561284,176.15020337860406,166.25995593583289,175.77944971812153,166.33506510071945,176.14119311342407,166.46863748634166,175.88070819317738,166.21236437459521,175.92880736825956,166.38516417245975,175.97005660127502,166.27287832275775,175.86839862408465,166.36387763653954,175.95157704317674,166.10927735459217,175.72549141387893,166.44567812062235,176.21132248475831,166.35718631734332,175.80759037777534,166.38349134266073,176.15375401675797,166.40393972948561,175.79892008912594,166.1084426738885,175.68899132542069,166.08966364847097,175.83439883527035,166.27789681215495,175.90273838942957,166.48574021356839,176.14474375157792,166.21571003419331,175.59239347312189,166.21403720439426,176.07896402266644,166.25661027623474,175.7816100412347,166.56837884674661,176.31588026372694,166.27873149285864,175.56706397295696,166.11011550368758,175.8069090119921,165.98657662846787,175.691151648534,166.44149778032062,175.94867724139846,166.0086978450918,175.68819232115194,166.31879705419644,175.92260826256859,166.29750704988436,176.09664457649578,166.48741651175922,176.07569524816111,166.79416312448211,176.41463843913886,166.05127438532406,175.52328544410145,166.88098209796212,176.80566147489469,166.04709057663055,175.42344781349385,167.23616188940983,176.85845026893045,165.23448212282744,175.93637073872827,170.09301624485249,170.74032618399923,172.02494685413157,170.05889508889311
181.34491780182125,180.26035916175087,180.42876882291893,182.71569483840935,176.9823477895705,186.40748335081628,175.63833232509074,185.92208628295231,175.85586683743628,186.08990033922004,176.13863328817618,186.55569267038081,176.32068905437723,186.04425884463879,175.63438218480255,185.99132834270608,175.92420639159536,186.00763990052715,175.85577819514697,186.0369698372873,175.74223926768374,185.75929894868474,175.66045116363244,186.07358878139894,176.02040474175973,186.14283084115272,176.00158520713092,186.03696983728727,175.5964322556998,185.69734589628237,175.72992969859104,186.045992387757,175.82467820811092,185.88546733884064,175.77117893160644,185.9108014471314,175.633671822823,185.71365745410344,175.5450933023086,185.83982584425937,175.9190867411001,186.16087594209208,175.83158767578138,185.78689534232663,175.69735075422506,185.94742039124299,175.60584202301419,185.75027639821505,175.93250617430667,186.28704433224797,175.91908674110002,185.78689534232669,175.60985168890642,185.89448988931025,175.75809947493036,185.76832149915444,175.41668498050527,185.68832334581273,175.95308652991429,186.33997483418062,175.92599620877064,185.7136574541035,175.62176175586464,186.0206582794662,175.75485969662157,185.91809045448281,176.09929304403286,186.27802178177834,175.70346121762663,185.7046349036338,175.7954580932614,186.04599238775702,175.66690160356467,185.75929894868469,175.73578882775149,185.86915578101954,175.63867230162151,186.13554183380128,176.30300850054786,186.29832916806876,175.91467745258416,186.02968082993587,175.695279073401,185.89275634619207,176.16538363278951,186.39690116458272,175.56573177079804,185.64770857323174,176.45014771469096,186.77713987816873,175.36775627174654,185.40266080027129,176.80333999304088,186.91632664726373,174.61987114778987,185.9791669499435,179.81325681204959,180.49695740041366,181.93923539536146,179.97309057384581
171.04179916060636,170.19915019724198,170.58700771058668,172.81221462326974,167.28459159974287,175.97455453208016,165.66979303695064,175.49921256322165,166.17648609034265,175.89350590669375,166.40227036807826,176.12141188257428,166.46696812493434,175.90257569747752,166.27538930165221,176.06464241884271,166.44902724861225,175.82988650089547,166.128894529105,175.68626880822092,165.88265839615295,175.37802468942277,165.94735268461724,175.80304751399299,166.23448905961081,175.67861986188541,166.05043970462029,175.6323105039784,165.92104765929983,175.45466402629333,165.90645244257587,175.50566300315376,165.86053371113732,175.53065252678815,166.0896671168627,175.66053980592173,165.94567985481828,175.57770136336012,166.11095365278297,175.78027783907586,166.19526164736843,175.79909737370463,166.15352672462342,175.61895059637561,165.96362073114034,175.55311134186036,165.84510381370964,175.45401318991767,166.10760799318479,175.88233531840052,166.15519955442247,175.54552192112862,166.00452097318171,175.77120804829204,166.13809335880407,175.4326338300412,165.60677157828525,175.46703312098992,166.34259456901108,176.10333182661057,166.27706213145129,175.58637165200966,166.00786663277987,175.75889847919936,166.09050179756633,175.70354985991602,166.30002149717058,175.94811504731217,166.19358881756938,175.83960712805518,166.42272222329481,175.93219531446155,166.05127438532401,175.52704236303035,165.92355863819435,175.51803209785035,165.96529356093941,175.88449564151378,166.52748207309688,175.83383664118386,165.88349307685661,175.32881552973762,165.61011723788337,175.41597461852581,166.32214271379448,175.96221443358002,165.81879878839223,175.38561552287669,166.5888307019631,176.11922103005358,165.2812424717531,174.9026842537755,166.90143742157039,176.40972506941841,164.75828137183794,175.54481450508234,169.83841943129678,170.66738565317576,172.28595370121204,170.57041176282368
180.74230864092581,179.9912558012949,180.60248524324615,182.92012783878863,176.89660954523072,186.01492890787861,175.14818060798473,185.66974950264037,175.86743692786393,185.91809045448286,175.6177229732869,185.85613740208058,175.79110845083852,186.06057040245983,176.10861416905792,186.47343223168801,176.22844084450131,186.00763990052715,175.64379195211686,185.90177889666174,175.71222014856539,185.87244895990162,175.91800728590439,186.19576134308545,175.85472785663677,185.72996901192454,175.54543327883923,185.93839784077338,175.89341726440455,185.9271130049525,175.6405812904934,185.75027639821502,175.62102227719967,185.86515995255016,175.74439959079706,185.95470939859445,175.91584696279111,186.37486023517408,176.44653755093304,186.34726384153208,175.69735075422497,185.70463490363383,175.70932034678711,186.05328139510843,175.83334849676018,185.81222945061745,175.59683175783411,185.72268000457314,175.53852381116872,185.80320690014776,175.75056957980252,185.91809045448286,175.82683853122418,186.0532813951084,175.80807852219903,185.75027639821505,175.54577325536994,186.01666245099685,176.09855356536772,186.18673879261581,175.90208755305392,186.04425884463876,175.86848726637393,186.01666245099682,175.86808776423956,186.0808777887504,175.89307728787392,186.0971893465715,176.08948377458395,186.4368132875764,176.25698100628966,186.08087778875037,175.59643225569965,185.77561050650584,175.75090955633317,185.90177889666177,175.60510254434905,185.74628056974566,175.73970997184358,185.76658795603623,175.28204855681446,185.25688767341225,175.20398837549556,185.82854100843852,176.17084325981554,186.17944978526441,175.47274408225712,185.71695063298549,176.33078018747494,186.1924681642034,174.6326993907139,184.90024952499886,176.52949516519143,186.52879892632629,174.08088077693674,185.4514215663803,179.5343518593086,180.64845989886041,182.5309654811233,180.68767887917213
171.16482799535737,170.46450195193506,171.07353019443386,173.17554155497254,167.3546788068405,175.97798741125939,165.7386676657168,175.79314960225483,166.56837884674655,175.96064683396054,166.06837711255073,175.74866059093071,166.29751051827611,176.08939513229473,166.6960945938763,176.45690901446832,166.71152795969567,175.95009808584689,166.17564447285559,176.13098434184081,166.73616015521407,176.43669916479885,166.96110975224587,176.5231768878036,166.53082426430336,175.81378948346645,166.191077838675,176.17553287876902,166.73950581481222,176.17158273848048,166.35802446643876,176.03268519416704,166.56837884674658,176.20376218071209,166.42606441450124,176.09195495754238,166.73281449561586,176.78468315036403,167.3834913426607,176.54810688583399,166.21403720439429,175.6998219371834,166.44233246102425,176.3849592965513,166.59384572296861,175.87706891273405,166.27120549295873,175.95808700871288,166.20027666837393,175.86799912195033,166.50117357938777,176.21638260964983,166.55461831072631,176.14045363475896,166.45609299704455,176.01346615740366,166.49243153276467,176.36179011949955,166.73281449561588,176.17405392143888,166.61178659929072,176.36869958717,166.54709231082637,175.97767655141425,166.52915143450426,176.33435982182513,166.50284640918684,176.03444601514576,166.71821927889192,176.59910586269442,166.81879532000053,176.01346615740368,166.12972920980866,175.91254765887848,166.59050006337054,176.29922105221144,166.4440052908233,175.82930971418253,166.36220480674055,176.11040398623317,166.21236437459515,175.52621424207598,166.05127438532406,176.23560164641296,166.98239628816609,176.32711037762391,166.25828310603382,176.14116411722765,167.23699657011358,176.41247811602562,165.37847285326359,175.15253178361903,167.25912125512914,176.69135253935917,164.81711902180976,175.48746825463775,169.86304815842342,170.92698292686435,172.58580152551505,170.66917411990266
181.44824980957128,180.47966706573311,180.82829022606305,182.96976516183932,176.94038807408623,186.21606872937596,175.43177517967925,186.0133692721148,176.23352996558924,186.24539866613603,175.86441795438864,186.10291871815909,176.00346366659534,186.06629977404748,175.87382772170309,186.24539866613611,176.1318719883989,186.11020772551052,175.90856698918242,186.48645061062712,176.57861414937616,186.68186106053679,176.44286774108213,186.52306955473867,176.03490363016201,185.96772777753355,175.86771725830141,186.39690116458274,176.32463919466568,186.25268767348751,175.94586608190943,186.29832916806885,176.27181987122256,186.25442121660575,175.7827184926266,186.00434672164508,176.11049262852237,186.5923116144925,176.52391636646857,186.38787861411311,175.80409785250316,185.9677277775335,176.09852303596031,186.44254265916402,176.04101409356369,185.90577472513115,175.78527831787443,186.14856021274031,175.93753576979071,186.20877972202447,176.35431833725343,186.5760000566714,176.15094285726897,186.11020772551052,175.88949612031237,186.26171022395724,176.3375996001341,186.57600005667138,176.16766159438825,186.1631382274432,176.17701183609901,186.54840366302946,176.10975314985734,186.0026131785269,175.99942488401766,186.42223527287354,176.09417339353743,186.15411567697359,176.20166138320266,186.50276216844821,176.13792292619675,185.96772777753355,175.58020154251494,185.91479727560073,176.11043310291848,186.53209210520833,176.2316805023211,186.23637611566647,176.27866981328913,186.72021354776658,176.33293897737693,186.04096566575674,175.73535879620948,186.30735171853843,176.43891760079373,186.35525549847091,175.72304922711686,186.24140283766667,176.91934869074021,186.70789781841492,175.11091051145422,185.45229812332201,177.01640569126644,187.0076096364262,174.5779114323058,185.93023227648018,179.83676596563186,180.58824038957619,181.94165351271198,179.7841104809379
171.29537340624097,170.1658940687596,170.20364259479871,172.21494530194752,166.74118211300285,175.65619016349885,165.52580577490619,175.41091449363412,166.15352672462333,175.67606003663786,165.96612824164313,175.56573177079801,165.90394493207316,175.1421587868725,165.35969729623773,175.27204606600597,165.98909107575412,175.53685163247908,165.94233419522007,175.80270753746237,166.38182198125338,175.75454883677637,165.94818736532096,175.49335343406111,165.77455288675264,175.25859751611389,165.80169259277375,175.7400789445704,166.25410276573194,175.63768148871506,165.98741477756329,175.72375970958555,166.11346116328565,175.29728692388161,165.35802446643871,175.06327048459946,165.75995767002868,175.48073300512328,165.90143395317875,175.4109144936341,165.77789854635074,175.37256506239692,165.86387937073548,175.47783320334494,165.77455288675264,175.21123781969678,165.67815718594588,175.39573423944853,165.77455288675267,175.50137288633479,166.30169432696965,176.01213395524476,166.12805638000961,175.34649608356702,165.67983001574498,175.66014030378733,166.42021124440032,175.86672644539513,165.8400853243125,175.24813741028939,165.90477961277679,175.82581718891035,166.152688575528,175.48576401332943,165.92104765929983,175.66699024585404,166.03500633880097,175.61565129246296,166.12387603970782,175.64823023682911,165.86722503033354,175.24341726192841,165.48239802236196,175.13234951742362,165.82465195849309,175.67389971352452,166.06503492134428,175.5740620829169,166.17564794124729,176.03996375505349,166.38265666195707,175.52735322287552,165.60927908878796,175.38518549133497,166.09384745716451,175.465863610783,165.35802446643868,175.20975886236681,166.50870304767938,175.89452571579642,165.11095018439119,174.8530755919557,166.80002323136642,176.19443952247576,164.63056215631653,175.51402537789136,169.73700524109279,170.19059384367262,171.31320613228377,169.3481303598451
181.11616026764975,179.95262266758411,180.06162409009232,182.25319568613051,176.53671561319626,186.0109330794092,175.22229064901518,185.594778071299,175.75136870456063,185.85214157361111,175.64842345818849,185.88876051772266,175.64971072737038,185.33341874051752,174.98102476553186,185.594778071299,175.80813816829217,185.72597318345518,175.39848728605577,185.79018852120873,175.83272818979211,185.76988113491819,175.4447966439628,185.59477807129903,175.34436628986126,185.39537179291986,175.45494588994217,185.99861735005749,175.90720720354932,185.81552262949953,175.68649114626604,186.02395145834819,175.76140019156523,185.40665662874076,174.94276397658408,185.28951078905448,175.43257571715938,185.64770857323165,175.4763252498187,185.55815912718745,175.41449566119559,185.53056273354545,175.35007725112848,185.58575552082934,175.57474344870016,185.67304268152247,175.41989576261778,185.4156791792104,175.14861063952677,185.45958713067344,175.67529156177656,186.04026301616938,175.80949936664734,185.64770857323171,175.37614622995847,185.79921107167834,175.90390789963652,185.88876051772272,175.39422628592229,185.42296818656186,175.43908568269546,185.87244895990159,175.82214891227068,185.91409462601345,175.74621993737975,186.00590635740895,175.9729869324608,186.09319351810208,175.7237902389931,185.64770857323168,175.46185535761268,185.64041956588025,175.3667364626441,185.4319907370315,175.4231659498449,185.68432751734332,175.47632524981881,185.53785174089688,175.46080501910262,185.79018852120868,175.77041045674525,185.76259212756679,175.33455702041243,185.51251763260615,175.70133142392092,185.64944211634992,174.80710621057949,185.06303685926636,175.89310781728133,186.03696983728733,174.78242754679027,185.02242208668534,176.37939803638821,186.21277555049389,173.98428292463814,185.63554718046919,179.61466100602982,180.13702607311819,181.49056170931189,179.58470420255875
171.91823229498445,170.97505938800805,171.34401555627628,173.44185660818334,167.902272102274,176.84080177771986,166.48406738376937,176.3007305389489,166.90561776187218,176.46171780511855,166.81544966040241,176.74713272339565,167.1339130185022,176.31881059491283,166.50535391968958,176.6240953863288,167.21487535348965,176.4077595008761,166.46612650744723,176.44323824702039,167.07005341074156,176.53770630561334,166.77371473765729,176.40278801827378,166.57256265544018,176.09420392294496,166.73448732541499,176.72905266743194,166.96529356093944,176.232761490728,166.65519782022665,176.64661372700476,167.00117531358359,176.23711113315073,166.38767515135427,176.23455130790305,166.8359015156189,176.53514648036568,166.84259283481518,176.31014030626338,166.56837884674658,176.22224173881031,166.61095191858709,176.46171780511864,167.11011550368752,176.70588349038022,166.77873322705452,176.09525426145518,166.33841076031749,176.15276320385169,166.71654644909287,176.48738728181411,166.90310678297774,176.3926387722943,166.62889279490918,176.3578995048149,166.84092000501613,176.44613804879864,166.71821927889189,176.32316023733563,166.68940674307174,176.3578995048149,166.78040605685356,176.54384588570048,166.96696639073852,176.79020230299381,167.41519275500318,176.91135976787405,166.74619713400844,176.09090461903222,166.60258776959176,176.50765665708741,166.80503825237193,176.30329036419678,166.74992069123431,176.42481821452594,166.67899186664962,176.1933020748875,166.48407085216104,176.20598202942929,166.81796063929681,176.59234456291694,166.78124420594898,176.29644042212982,166.91770199970173,176.42629717185588,166.09719311676267,175.76719979512177,167.06336209154529,176.81047026554506,166.17815545175006,175.84750894184322,167.56503665554018,176.84443952495195,165.17647915355928,176.23995435525853,170.54709924760976,171.08402005274556,172.40007934072551,170.58707515600619
182.06585122128561,181.0972241008507,181.56340262728438,183.66758688702151,177.64801465744443,187.06938878147423,176.09405422184057,186.46285004545447,176.46041459915588,186.5067579969176,176.34945002099934,187.00916927219009,176.91582704878249,186.65826049536426,176.35743894386539,187.00188026483863,176.82752897919511,186.45382749498484,176.04709402755776,186.77713987816878,176.87778847739051,186.78442888552019,176.40414780390682,186.59804098608006,176.20782995948613,186.30232499653823,176.38788809452575,186.80247398645949,176.34598802513463,186.13051511180106,176.01713443404324,186.58901843561043,176.45375646572668,186.47916160327563,176.32210836561416,186.71518682576632,176.61869387218468,186.84638193792256,176.64732267626223,186.64194893754313,176.22005088628953,186.43751593716377,176.34092790024306,186.75683249187827,176.81476038236406,186.95623877025733,176.42302686413956,186.31134754700787,176.12928163374357,186.49217998221471,176.24322006334128,186.31134754700784,176.21684022466596,186.55239949149887,176.35570865229431,186.45382749498489,176.24216972483092,186.49946898956614,176.39513753872697,186.6509714880128,176.42882646769604,186.45382749498489,176.16905190942913,186.45382749498489,176.33657825782018,186.71119099729697,176.77968113835414,186.83007038010146,176.17269118987247,186.17615660638231,176.22986015573827,186.581729428259,176.16072159731036,186.27472860289626,176.40099666788723,186.81375882228036,176.51447606974668,186.4628500454545,176.1322409611256,186.34796649111951,176.31840955956719,186.68759043212441,176.40389646966554,186.47013905280593,176.50762612767991,186.70789781841498,175.98387412389403,186.26171022395718,176.9812072755596,187.10444808982197,175.63398114945679,185.86515995255013,177.29966028643022,187.25265740938659,174.78517752697485,186.13137209797756,179.95687297151281,180.69983076502925,182.25700794157314,180.3765262245777
171.31563969032976,170.22813872869941,170.43463190343004,172.29260598113177,166.66895835624683,175.60979216330244,165.36638514704239,175.05451155366075,165.60509874848614,175.05667187677398,165.59635323347143,175.59566224762713,166.0224618495038,175.10949120021715,165.49075870296562,175.45389401822081,165.77455288675262,174.8063957281106,165.1960963280722,175.37466573941711,166.06586960204794,175.26825861766963,165.47114499684443,175.1022112266084,165.48155987326652,175.02554277305245,165.63307313521091,175.26683777322125,165.46696465654259,174.83888603018724,165.41770026550589,175.1785397036339,165.5153908984839,175.06278234017566,165.74908254213901,175.50702420150907,165.84510034531786,175.34714691994265,165.83757434541809,175.35800652790158,165.61178659929067,175.1395103193355,165.56837884674661,175.21799911947411,165.8221409795986,175.42492523761254,165.58631972306867,174.88883466853767,165.42773724430032,175.11275997472225,165.2745511525568,174.58894985805466,165.23699657011358,175.25742800590686,165.84175468571976,175.13300035379945,165.34008359011659,174.89969427649669,165.4406596312252,175.20932883082472,165.72156493849002,175.13300035379947,165.46027333734636,175.03930218278975,165.44400529082327,175.03458215491798,165.59719138256676,175.11853046159334,165.31043290520097,174.83567536856407,165.5341699239014,175.052691207078,165.06503145295261,174.59796012323457,165.53249709410238,175.47592421447308,165.81544966040232,175.06969180784628,165.3826566619571,174.95319355300106,165.4252262654058,175.11523115768077,165.52413294510706,175.04686260732538,165.72072678939463,175.41946561058668,165.49950074958869,175.16842098706198,166.38850983205793,175.71246994959543,164.70901698080118,174.31868619776671,166.49243500115637,175.97838396746036,164.14682846864369,174.44317490868929,168.48993095904532,169.42036766361866,171.22589146712508,169.67188448797438
181.218846363181,180.0601825311779,180.24492864005703,182.20182481996159,176.23325116836293,185.73655536968872,175.03270510817555,185.34070774786898,175.30934669194434,185.33671191939953,175.39265868630289,185.8228116368509,175.45111492135067,184.96046903428299,174.80414829591936,185.40266080027138,175.24523914172238,184.96046903428294,174.91777586567173,185.54514074824834,175.54617429071564,185.28378141746686,174.9438448445016,185.19822779989195,175.1681406566245,185.32942291204813,175.26905915514962,185.37732669198053,175.15583108753177,185.36604185615971,175.45645537667974,185.59078224282956,175.23142008589213,185.29506625328776,175.34794745742275,185.51754435460637,175.1742511200261,185.20551680724336,175.20253994757309,185.50852180413679,175.45531639588037,185.50852180413671,175.20253994757311,185.16889786313178,175.09141267746458,185.36604185615971,175.15188094724334,185.07934841708749,175.03174341195469,185.17063140624992,174.76949767072935,184.78536597066383,174.99740364660974,185.59078224282956,175.59822360608618,185.41897235809242,175.04155268140346,185.11596736119913,175.04041370060423,185.35701930569002,175.3385376901083,185.47190286002515,175.42097663053548,185.52882919042722,175.190570355011,185.08837096755713,174.94964444805834,185.19822779989192,175.07009284319187,185.23085091553415,175.3001882588712,185.26018085229433,174.70362929952844,184.78536597066378,175.06327201781062,185.51754435460637,175.36667834976234,185.34799675522041,175.24017901683078,185.3294229120481,175.10477258506739,185.19822779989192,175.00721291605868,185.23085091553415,175.45531639588026,185.66402013105278,175.12149132218681,185.34400092675102,176.02981604228538,185.88147151037123,174.26552689779305,184.5182772682947,176.28786030898115,186.27073277442688,173.68186881831483,184.56877157752183,178.28418426694319,179.37325546706427,181.49913723065356,180.02716037260916
172.57085848266934,171.7338083015907,172.2623855005975,174.17743216304729,168.26581604271709,177.22438368112628,167.08213764857106,177.04025623410132,167.43192452138544,176.93680843973587,167.45776582684366,177.36982018717214,167.36806491362478,176.43724695531549,166.79249376307482,176.99394687619429,167.40812700657082,176.83259063729795,167.29500300777337,177.21099324411585,167.42941354249109,176.69773187556203,166.85384586033277,176.67024205228392,167.15854521402062,176.88762839673606,167.23532720870625,176.81852024722639,167.12889452910503,176.97262716241093,167.47365944413062,177.07755532682836,167.26786330175227,176.90030835127772,167.26497789362176,176.76789036358198,166.85802620063455,176.50561550567102,167.0070319520762,176.96031759331817,167.55127611951986,177.17881380188422,167.27622745074765,176.64417307345397,166.90227210227405,176.75558079448925,167.17648609034273,176.77076104867484,167.128894529105,176.71794172523161,166.86471751983083,176.5616746074231,167.19275413686569,177.09091523443124,167.40310851717365,176.89049908182878,167.17314043074458,176.93498809315324,167.3442673988101,177.01458675740582,167.27120896135042,177.01023711498294,167.57590831503825,177.23271258052296,167.21404067278598,176.48935579628991,166.77371820604901,176.74617102717485,167.28375345064754,177.01057709151351,167.42104939349576,176.88833875871561,166.92523146799337,176.55266434224313,167.04625936431856,176.8912385604938,167.32298086288989,177.10538512663712,167.5470957792181,177.0522258266634,167.15352672462339,176.65722212121156,166.86221000932807,176.70714164287634,167.44233592941598,177.09455451487446,166.96947736963293,176.72087205641739,167.81629127788952,177.25807107688422,166.32298086288986,176.23470100900749,168.35719325412677,177.77352176474767,165.76162703143606,176.32365144818201,170.42105633027916,171.42490276200277,173.41736823572299,171.99797684477173
181.85459265386473,181.32811419804142,182.36848537832552,184.49331054547787,178.01734747347871,187.26150605250189,176.46449690198864,187.07685169618,176.94692562309655,186.88699671050358,176.77996146879167,187.34550003431301,176.96244585381265,186.70789781841492,176.54378470639617,187.27625797455914,177.13423320233727,187.13707120546422,177.03072576187878,187.38211897842456,176.8867682131629,186.70789781841492,176.43496592729412,186.82677720121941,176.63063293533912,186.8064698149289,176.66577170495287,186.82677720121939,176.49207536755625,186.6110593650192,176.36227673071195,186.69158626059382,176.73806139940064,187.08414070353143,176.75367027240594,186.60203681454954,176.23633959186697,186.59474780719808,176.4888647059328,186.84308875904048,176.89037837692081,187.21030909368741,176.8867682131629,186.84308875904054,176.49247486969065,186.82677720121939,176.75762041269442,186.97827969966607,176.67913161255564,186.82677720121939,176.66321187970533,187.03121020159878,176.89327817869889,186.9326382050848,176.50404496011851,186.78113570663814,176.79886964570971,187.27226214608976,177.14685363127523,187.12075964764307,176.61221290284465,186.87068515268248,176.89327817869909,187.09316325400113,176.55504393697873,186.48715326021446,176.33114762699054,186.88873025362176,176.90302792254397,187.1207596476431,176.85603861157591,186.91632664726367,176.59663314652477,186.85211130951018,176.64695217032417,186.85437359486136,176.7293911107511,187.19902425786654,177.14290349098673,187.20128654321778,176.76990086510156,186.75353931299614,176.31451753216055,186.65496731648221,176.79523036526655,186.92534919773337,176.24503899720185,186.64194893754319,177.26807203448126,187.25994641673805,175.81955702440416,186.36028222047119,177.95042876376766,187.8119950150612,175.17983984317391,186.5735638639658,180.46331339419618,181.41067086915049,183.29062110136749,181.60798083833387
169.44358139028427,169.07346435182689,170.20184368792638,172.24719879384168,166.1630999835584,174.67451081781579,164.51371460029324,174.43395388358985,165.04207208723327,174.29937698550296,164.8025238050858,174.71211935766587,165.19023968957953,174.39378551849214,164.8843242891686,174.74685862514522,165.17062598345836,174.47267382076515,165.04959808713329,174.76928832353187,165.02329306181579,174.31779701799741,164.92857019080807,174.64264082270716,164.93981974793397,174.28706741641025,164.86053024274551,174.40211441788878,164.65602903253861,173.85226431858749,164.14432095814098,173.99332218601438,165.05712408703317,174.8387073328866,165.0625204740582,174.10041067354516,164.50786143019224,174.28237638473473,164.73782951662145,174.2049684525137,164.87679828926861,174.66112038080541,165.17647915355928,174.52111297237789,164.81795717090512,174.37280566074998,164.98406564957347,174.54428214942953,164.8213028305033,174.31819652013175,165.06586613365621,174.87310662383538,165.25827963764218,174.36919549699212,164.5683753783548,174.29070669685362,165.04792525733421,174.79677814681,165.29583422008531,174.53052273969234,164.7198886402993,174.2812969295392,164.87512545946956,174.37064533763686,164.69692927457996,174.18287873065768,164.75744322274255,174.45854390508984,165.04625242753505,174.53453240558463,164.88014394886676,174.35037596236333,164.90393799528971,174.56921214746006,165.00702501529278,174.36339589343567,164.77371126926556,174.5529524380791,165.2599524674412,174.83111791215501,165.21068807640438,174.48998386865654,164.69692927457999,174.2808974274048,164.9627791136532,174.37749527970354,164.46528835835184,174.30153730861619,165.60927562039629,174.90707588324224,164.21486841670622,174.02985280388,166.11262301419029,175.26449863231804,163.46026640056294,174.15360203613761,168.50954119677476,169.38909039200394,171.06718052393927,169.39900909684471
180.7080383830334,179.95829898070204,180.66081498267351,182.79134934857282,176.6043767475056,185.8675765744905,175.12100471097423,185.57030094918477,175.56289456104622,185.47675567467101,175.37063002326184,185.90090233972003,175.812830733179,185.56630512071533,175.32327032684466,185.63225400158709,175.34470921232526,185.2266811797104,175.24299170953094,185.72180344763143,175.53531609547869,185.49706306096152,175.53639555067423,185.91894744065931,175.65249430338508,185.61420890064778,175.5635453974219,185.74713755592214,175.39274886180354,185.18676905671671,174.85634731239426,185.30165261105182,175.68106358185895,186.06142738863636,175.7378925711941,185.52465945460347,175.36781886377307,185.64127655205675,175.34899932914405,185.34556056251486,175.35155915439196,185.77473394956414,175.73098310352361,185.7381150054525,175.45321713158222,185.58661250700584,175.54432636065866,185.68518450351979,175.33563942154132,185.50435206831301,175.72413316145708,186.15826584203208,175.88546040415702,185.69247351087125,175.44380736426785,185.73811500545256,175.64814466096212,185.6761619530501,175.36747888724241,185.40751361491721,175.31715986344304,185.59563505747548,175.4524776529172,185.47172895267076,175.34899932914408,185.65758810987785,175.58921487411746,185.67616195305015,175.51865688396302,185.63954300893855,175.4141282216801,185.44413255902882,175.26110076169098,185.59563505747548,175.69303317442109,185.7218034476314,175.26977105034035,185.39849106444757,175.55052546634968,186.01578589405509,175.92125001014654,185.81135289367569,175.42862711008223,185.59563505747553,175.61775503590565,185.74211083392191,175.2987398309487,185.81464607255776,176.58364822400475,186.37971304981994,174.75351982499703,185.05087546650378,176.69952475915977,186.61747181542893,174.03312452431859,185.19820822912672,179.11547156075898,180.21840995486937,182.20282258436146,180.51392812214917
175.2110353094624,174.14967491636051,174.35516999550129,176.35825254076107,170.62183398326022,179.81831693694113,169.56252914503747,179.57088094396303,169.8042105084516,179.40159389508233,169.62973441239626,179.79227695430745,170.0291601054835,179.41751362793281,169.42439852148556,179.33430467943316,169.4235638407819,179.06696981711983,169.44568505740577,179.51445145676215,169.63391822108977,179.15236808492895,169.37931793914237,179.49819174738101,169.82298606547744,179.6041703707979,169.86054064792074,179.6906189771172,169.77706733403883,179.34877457163921,169.34510901629719,179.21928679463997,169.62722690189352,179.62443974607129,169.84427260139765,179.58825063794734,169.81964040587934,179.57088094396303,169.54709924760974,179.2630363272994,169.57340427292721,179.55786101289081,169.79668104016,179.52278176888098,169.65353192721093,179.48443233764374,169.75912645771675,179.56437097842701,169.60928602557141,179.5090223591437,170.05128132210743,180.05742249731125,170.04793566250927,179.63527035783397,169.88182718384093,179.84543625428117,169.94652147230534,179.35528453717527,169.17398204823161,179.01381051714617,169.52581271168955,179.62477972260177,169.80337235935625,179.38277436045348,169.58799948965117,179.61502997875681,169.86221347771976,179.60127056901959,169.79835386995904,179.62694004571503,169.76079928751585,179.27679573703662,169.14934985271321,179.15236808492907,169.86388630751892,179.73584746710648,169.50787183536738,179.03479037488819,169.4644640828233,179.68484849024605,169.96780800822555,179.53509133797357,169.52665086078491,179.34843459510844,169.73783992179651,179.67543872293166,169.6731456333321,179.79480778335886,170.8425997715986,180.21226877067153,168.75578079811856,178.62241850866343,170.69527031834772,180.54180219433491,168.44568158901407,179.08724225881576,173.13308874297365,174.32594115581637,176.43889211899184,174.92749658973088
176.13998557071176,175.11478558739375,175.37968481768777,177.35980801562457,171.50703084258453,180.86018190659118,170.75078628982376,180.85688872770916,170.88227169798418,180.42371951219044,170.63650788369551,180.9098192296419,171.02403992739065,180.37078901025777,170.28275341125911,180.38380738919685,170.62067679313455,180.45304944895062,170.71613566463358,180.58824038957621,170.49368931577925,179.88139611392438,169.76983201923599,179.91801505803599,170.4842795484648,180.56793300328573,170.77185478985501,180.57019528863691,170.70928572256705,180.51500250135302,170.51935879247461,180.21199750445962,170.24372402696096,180.15004445205736,170.44303031544928,180.47838355724139,170.70277575703088,180.37478483872715,170.33631221336736,180.22102005492931,170.47560925981537,180.40011894701792,170.55696874504682,180.39109639654831,170.51901881594407,180.41643050483901,170.6427069893866,180.5792178391066,170.70277575703088,180.64845989886032,170.9838410328851,180.87320028553032,170.77836475539132,180.49695740041369,170.72159529165961,180.73072033755321,170.8105441976229,180.31056950097363,170.1117055413996,180.00756450408031,170.43723071189271,180.58824038957621,170.77259426852012,180.41643050483901,170.48137974668643,180.48064584259268,170.70493608014422,180.59552939692765,170.76969446674173,180.6941013934416,170.8641029997311,180.34718844508527,169.956488762101,179.92530406538742,170.65467658194879,180.73974288802287,170.55730872157736,180.07680656383408,170.33276157521348,180.40011894701794,170.51532000989695,180.17537856034807,170.1649243669772,180.07680656383405,170.54064951006188,180.58824038957619,170.48467905059917,180.48393902147467,171.4186441307078,180.89524121493892,169.43554791780423,179.3642329165946,171.45313206394584,181.47262392155287,169.43718956708619,180.2020983970483,174.24094239014144,175.3871492441202,177.40786157512193,175.80535291790025
177.04287137202675,176.46554212458815,177.38358254430858,179.38513463902271,173.05987814563755,182.43159928402065,172.44068415833715,182.84648937797596,172.65162938750458,182.10928477515097,172.32848279544942,182.89001011259424,172.86228224762618,182.10249416313383,171.81793813342179,182.13502125905984,172.44265241256602,182.37449732536811,172.35967479036273,182.22465031363851,172.1795210216109,181.76659843022986,171.38046563460426,181.37744482018346,171.8682481427777,182.21785970162136,172.37105586728984,182.17192084965245,172.18168954308862,182.22465031363848,172.357506268885,182.25217170687199,172.09225033405519,181.77338904224692,171.76762812406602,181.94165351271198,172.13137953373277,181.88892404872595,171.78117772247094,181.69555630237807,171.76979664554375,181.85881507015048,172.15049754817525,182.20865097225365,172.20080755753111,182.02207383792287,172.08880646189226,182.254759292214,172.44265241256602,182.37449732536808,172.35967479036273,182.18112957902014,172.08106952437703,182.00866208188006,172.10235606029715,182.01787081124775,171.96906842873821,181.85881507015048,171.95122576498085,182.00607449653808,172.15049754817525,182.06139154586603,172.01937843809401,181.97855310330465,172.17178408409546,182.37190974002601,172.54884084731523,182.254759292214,171.98261802714305,182.02466142326489,172.38869826379837,182.29148941481512,171.94132030598772,181.8538093674579,172.30916451375805,182.46395691195528,172.27817278609362,182.01286510855519,172.12344232896854,182.05880396052405,171.9647313857827,181.85622748480847,171.87386053641825,181.93664781001937,172.3553377474073,182.37432785737667,171.95339428645858,181.863187564817,172.6786846067113,182.53321413048255,171.28758255340807,181.2965607549379,173.10609535688982,183.05373262040129,170.91841901734961,181.9960430819707,176.1198823026433,177.08813465159423,178.62910265636214,176.55058143320719
174.17734568851563,174.17280176550202,175.88834263778836,177.90814588045416,171.18281611781316,180.24930856581119,170.43609393947688,180.95863876429189,170.86720417300401,180.10682861783417,170.52163958529218,181.16792624349034,171.25510333137478,180.23530855497691,169.96738635768216,180.19111995703284,170.60589469063504,180.29698096089828,170.2068624239904,180.09925896400168,170.52336292625165,180.3497884812854,170.13635232533298,179.72474962200332,170.02341216108175,180.22773890114445,170.54045911992108,180.20743151485397,170.16196972886473,180.09925896400171,170.56825562137735,180.75448641039355,170.91470876654125,180.22130854414263,169.91136055428262,179.78411048093787,170.1059439254652,179.89228303179013,169.88356405282627,179.48527355569513,169.54996735689573,179.74749153682629,170.47674689016648,180.5451989311951,170.53277269356605,180.00970951795739,170.08712439083638,180.24405045896557,170.60589469063498,180.29698096089825,170.20686242399046,179.88997148480328,170.04991812206552,179.94521353372281,170.05932788938,179.62775350367215,169.60426981933585,179.74749153682626,170.42244442772633,180.45564948515079,170.47674689016648,179.83704098287058,169.66029562273545,179.800422038759,170.48615665748088,180.8074169123262,171.11654576359183,180.24405045896557,169.57647331787953,179.49927356652941,170.2534784600756,180.58181787530671,170.74663135634256,180.44690758116215,170.68203056913592,180.52657582638719,170.46561378189267,180.32716954800807,170.59993160523939,180.34747693429853,170.32705621410975,180.25792748825427,170.48960333939971,180.48352652527376,170.92964881876432,180.61843681941832,170.06105123033942,179.80799169259143,170.74401945793107,180.82015464478431,170.06150698730457,179.93761092656484,171.49802607960183,180.99168388304045,168.86953848925907,180.04242266181961,174.39033955579026,175.15243701849525,176.12065736363945,173.53636365061422
