180.18486020377696,180.13600607502499,181.96811534156865,183.58082510660304,176.1635752774302,185.33566847315183,175.06905352257255,186.01914498838605,175.7860631123072,184.92631710317127,174.68180236462959,185.55435053153946,175.4227978502357,185.09524943696195,175.26596113038093,185.9637019015199,175.60340240755025,185.01242492164977,174.77991629921593,185.58651952599516,175.85964647438567,185.72852332946979,175.24082252795961,185.16149567522135,174.99593748456314,185.52519006277066,175.7842250232766,185.89745566326056,175.53713748274851,185.46974697590437,175.25727192814273,185.68546942023045,175.8854704592878,185.76784103741304,175.00301230002745,185.13830334620135,175.64347329550381,186.05623075787673,175.43520666425661,185.13830334620141,175.21127893127471,186.00826007360263,176.22107364742664,186.24010789685184,175.7573512477926,185.36856514321656,174.96942811718031,185.38318625929614,175.34982816191575,185.55362285593043,175.79558404671553,186.05996695917278,175.45280877098955,185.2184430249313,175.37496676433707,185.88729842408603,175.48281969174349,185.18135725544056,175.12139251870249,185.5397294154599,175.39073078203953,185.34386855135284,175.14051174008651,185.5041479088128,175.75331066163028,186.21159334030176,175.99934841157651,185.89627508952165,175.80312618624887,186.31651137428565,176.18687579082092,185.71881898842511,175.00971706354551,185.43908224429219,175.8549922144648,185.85663369247374,175.07309410873492,184.88549513238468,175.00149518537648,185.71239795054666,175.90123447699025,185.69143755997899,174.97567120047438,184.95324563348754,175.25218155139856,185.87490924645894,175.57757842264829,185.32067622233276,175.36338968248646,185.22132087560246,174.12750816994264,184.79820674016719,176.51273998613959,186.15268882961863,173.48394123644204,184.92002674030888,179.23746358310331,180.32240800672318,181.58271669135971,178.95183287831338
179.67342700038989,179.12635038470066,180.19334144021821,181.9910548534431,175.30179543861769,184.65796058779117,174.36079496446249,184.95125875970726,174.75036111099553,184.09990363557262,173.93775863929253,184.6043458113509,174.54468815127657,184.22950442857501,174.33315606239731,184.82451236568275,174.54389074982228,184.08332987224136,174.00150985391457,184.58647681631797,174.70003765029278,184.51407913747349,174.25933970921517,184.26785691580483,174.11638319479059,184.40905834298673,174.65803199932921,184.80646726474339,174.58257855477552,184.5306529008046,174.42726974140777,184.70146491122767,174.82412372305524,184.70863093703355,174.14255078205824,184.16828704497678,174.54419582518594,184.8838732246173,174.46713560999441,184.16828704497675,174.21961099724979,184.74626619643021,174.83220103297415,184.79634229938503,174.56823025000841,184.43868736719881,174.24478289802354,184.46114863554075,174.41036000857855,184.52079014095625,174.68063215268947,184.91306393741283,174.59243712844332,184.43050502610791,174.50299589638934,184.8235144913686,174.56749690902782,184.39202955733248,174.38828468977434,184.65112660276282,174.50091817584749,184.33983472420383,174.12810805052035,184.45314240035614,174.75723991451125,184.99376693889397,174.70960058009476,184.54728411970945,174.53180254273664,184.93982012167615,174.90524904604226,184.53165077511872,174.00340146681941,184.3360826602736,174.8034046080119,184.82835052921669,174.14614493994966,183.92238062166672,174.16881484029872,184.81391393703035,174.90414496640975,184.61808361667508,174.14564726606153,184.28159472112907,174.61292466009456,184.92051060969976,174.49249387364185,184.34612585724119,174.68703212227248,184.60478412276734,173.48002656638064,183.90780480551584,175.58654486223068,185.2667431462738,172.70097214508328,184.00305113830987,178.25545888939143,179.3175892507827,180.66106292119036,178.18215489646974
180.86331436150712,179.57726834391016,179.54473514923291,181.55621897181777,175.77930543413788,185.51457554787476,175.11346729135417,185.31971624287604,175.04535554046009,184.74233842976861,174.58507996556915,185.10556967673267,175.07290645134549,184.89417248675909,174.83376937406231,185.11343974394535,174.77478569180326,184.50280684327166,174.48105621017828,184.88803163206208,174.73565649212566,184.63386208046677,174.6571722025239,184.89960158437754,174.66853955370064,184.72986583374629,174.8578320614541,185.15394949829579,175.01824567328381,185.08537990999369,175.02004495388394,185.15878082514644,175.05924412788997,185.04359347236178,174.65082334074435,184.65466866035646,174.7976873541692,185.15201797322359,174.8981383992521,184.65466866035641,174.55037229566145,184.7798914494299,174.56315517407478,184.53009943846411,174.55353141376102,184.88183007310121,174.88284722360052,184.9380965333726,174.78084979951956,184.87614808909606,174.85135674887354,185.14741177266538,175.10996534211012,185.13157164834917,175.00002004289846,185.1568215399798,174.98258858400544,185.05979385169334,175.0486572224552,185.20594084020792,174.94503400156214,184.69404202660061,174.35885117573281,184.71780406656941,174.99878788308084,185.00620220502014,174.50164678717093,184.3351364718259,174.34988207839979,184.80903215129933,174.91320106941851,184.83001187092918,174.48016766824057,184.76682094452752,175.17121575841168,185.28935437791387,174.61020785276622,184.42665150598629,174.73985134491343,185.36220795801663,175.18998027134319,184.88439879268077,174.64455896577917,185.1024031863854,175.39944226759397,185.35567023238625,174.61563370490833,184.6885851688879,175.35278706801643,185.47412635967578,174.22057836201316,184.36322178922234,175.85515374881959,185.62312131915181,173.06186357670788,184.35755898571213,178.57211364032133,179.71107650964368,181.28627513498196,179.02578678301688
182.73137587163961,181.36004065948228,181.1537370241237,183.4648874297603,177.99667859607092,187.73961411301448,176.97784832555382,187.11902610452492,176.81268870154022,186.92864237661536,176.76009159565268,187.27052860297158,177.12485396443051,187.07841133194384,176.75830177847757,187.06609560259221,176.7280007957105,186.82278137275,176.789799854926,187.21933164415702,176.85168896915303,186.8047362718107,176.66068258386505,187.10774126870402,176.85600961537952,186.91059727567614,176.71134158419494,186.965261320727,176.66753252593182,186.95623877025736,176.93924756007542,187.23390965885994,176.95510776732226,187.05481076677131,176.71859102839596,186.86668932421304,176.68561258189567,186.99285771436894,176.72726131704539,186.72420937623599,176.44687599425239,186.75353931299622,176.54529419313383,186.7445167625265,176.67478197013293,187.13707120546417,177.02893594470365,187.18097915692724,176.93017776929167,187.19729071474833,176.97358732542031,187.27781761032301,177.17616380113603,187.34879321319502,176.91425803644103,187.08240716041325,176.97793696784325,187.33248165537393,177.07558527914122,187.23390965885994,177.00326646800815,187.07511815306182,176.62412296980307,186.94894976290593,176.99459617935875,187.10444808982197,176.54307434441674,186.66398986695185,176.61551220675747,186.94894976290593,176.72646231277662,186.76811732769906,176.33407795817632,186.70216844682733,177.01008741387861,187.43834265923928,176.82166985003457,186.73878739093894,176.88207859420956,187.5572220420438,177.15478444125941,186.9562387702573,176.72874027437555,187.42203110141827,177.52735844832458,187.33647748384328,176.35070664028441,186.74052093405714,177.50606773073739,187.77866924983164,176.35061799799502,186.65652695224605,178.15334521601383,188.2135720084685,175.6016520061207,186.85852375991988,180.68613024898889,181.56043982447895,183.01458438044955,180.84289655960723
176.12130189234486,175.12951736681686,175.36371337548402,177.72576256619598,172.25912472352078,181.35659438130918,170.75075884032969,180.6088865419311,170.75996113842038,180.67145560921912,170.94149951451644,181.10193806081537,171.30002496556224,180.91133117766185,170.87847805585113,180.8433024833478,170.92105112769156,180.77197460561013,171.07339907033963,181.20640719749463,171.29416832706966,180.89862210643474,170.90478308116852,181.00067958575949,171.25076057452549,180.97824988737293,170.88684220484646,180.51086784518415,170.41854188299294,180.44104933369491,170.90478308116852,180.98220002766121,171.06587307043966,180.78178387505898,170.8851693750473,180.81436281942507,170.89809176197224,180.67836507688975,170.73700177270109,180.49204831055542,170.52580924329774,180.61499700533284,171.04793219411761,181.04797975657277,171.1535267246233,181.00349074524851,171.10677331248107,181.04112981450615,171.23867286830429,181.28785532501553,171.43982841891321,181.24626611546955,171.32047335238707,181.07660856065056,170.88015088565018,180.70255559625539,171.06754590023868,181.10878800288222,171.02999131779549,180.80347409478063,171.14600072472342,181.19088696677866,171.1372586781003,180.89532280252217,171.10342765288291,180.99803111822246,170.96863922053751,180.9712517774131,171.31712769278892,181.11745829153159,171.00870478187528,180.65343507885936,170.52079422229224,180.52539726299389,171.13642399739672,181.36822258461856,171.27371994024475,180.82775325643544,171.13307833779857,181.34320394429869,171.25326808502825,180.73979516337846,170.84426913300595,181.13988798991801,171.49950421798039,180.87218262166667,170.23867286830429,180.36898197729212,171.4865818310555,181.38078336746344,170.37513066205702,180.53031063271453,172.4678062740297,182.29012789666461,170.17062598345834,180.96329491716585,174.76080275590746,175.34586669782058,176.57642883830033,174.52458484068057
185.87418157084997,184.88988544123788,185.24598667790372,187.47496160335098,181.32506577545328,190.87103412621602,179.88158177358204,190.4729242190451,180.0839069150565,190.33773327841956,180.00856925093734,190.75059510764768,180.42899109884343,190.66833466895483,180.25529476144669,190.75059510764768,180.18226558833402,190.33773327841953,179.91021057765983,190.59909260920102,180.34069302925585,190.67735721942447,180.2079350650296,190.83112200322239,180.66010773634733,191.06088911189244,180.41557166563669,190.46390166857552,179.77782299888247,190.28480277648686,180.10266692408126,190.62442671749179,180.14172671729827,190.46390166857546,180.14391615709675,190.76690666546878,180.42279199315254,190.70495361306644,180.15983588994732,190.38337477300078,179.78757274272746,190.41097116664275,180.37833209851345,190.91840916391541,180.37503279460086,190.60638161655254,180.14067637878796,190.6683346689548,180.35911306175032,190.94600555755741,180.61274803993015,190.9623171153786,180.48826086221885,190.7945030591107,180.11244707684472,190.39066378035227,180.09976712230326,190.62442671749176,180.05237830920038,190.41826017399418,180.28608388863776,190.86547866198279,180.25529476144661,190.42728272446382,180.03975788026281,190.50954316315674,180.00856925093728,190.4729242190451,180.23366406732887,190.75059510764768,180.3883927022037,190.68135304789391,179.98477823370624,190.38337477300078,180.33162323847213,191.10150388447352,180.55918923782195,190.73757672870866,180.46623066596666,191.12510444964602,180.54179054764143,190.58607423026197,180.02022798365439,190.7905072306414,180.75593711378477,190.74157255717802,179.44828816249697,189.920875620722,180.47456097808544,190.88978187674269,179.29156189646093,189.96078774371563,181.43113304115937,191.70648298472935,178.97631954721371,190.45902928316434,183.98742722771658,184.69359338079872,186.36460713959886,184.60437097008273
175.74927007546793,174.70418457077258,174.89645105696718,176.74232239953415,170.72863415531407,179.85005316772609,169.76162703143618,179.91009140596285,170.06252394244981,179.51326876665061,169.63307313521102,179.70461512846893,169.91853668040542,179.68070647275229,170.02914970030841,179.96325070593659,169.96445541184403,179.41274977025955,169.43815212072244,179.41348924892466,169.75744669113431,179.65000598785076,169.8793092681631,179.86736321561742,170.29834519897986,180.28192593436296,170.39975938918377,179.95927144896265,169.9202095102045,179.71618521889664,169.88265492776128,179.63118645322191,169.71152795969564,179.59610720921194,169.96278258204504,180.0290899604519,170.33924544102121,180.08875922596172,170.13056389051243,179.73210495174715,169.69191425357454,179.64315604578391,170.08882896776737,179.98212976616924,170.02496936000662,179.6967148478922,169.86053371113735,179.73540425565983,169.9202095102045,179.77625398654084,169.98574194776427,179.85474278667945,170.13056389051241,179.98534042779252,170.02329653020755,179.60190681276845,169.69693274297171,179.59684668787679,169.77036907805925,179.62723631293341,169.99076043716141,179.81173273268516,169.77036907805928,179.39972983918724,169.63558411410543,179.51153706235709,169.60593342918995,179.2709815408532,169.44317061011969,179.50459847800096,170.02413121091126,179.8119840669265,169.67648088775516,179.32976315980491,169.75159005264169,179.8915827311792,170.04709057663055,179.82867380784955,170.23532374031456,180.31055473844066,170.46194616714544,180.00671978766925,169.89976112337968,180.00526994702463,170.71654644909287,180.34677296325006,169.62889279490923,179.27712253366246,170.25242993593292,180.04580728484922,169.01120882398641,178.993157576519,170.91937829789256,180.60802635835779,168.65017586243775,179.5097501911151,173.37764510934335,174.1008608634834,176.05711798856476,174.84149937891686
186.31874331273823,185.07558906617035,185.10104689456963,187.02218765112912,180.75099474786808,190.56247366508944,179.97055967574147,190.61384453125831,180.03000672369575,190.08210331922564,179.78936255990237,190.50624998427463,180.00319826620071,190.13503382115843,179.84366084067562,190.47865359063272,180.00714840648908,190.11872226333722,179.61831469004281,190.01286125947189,179.58317592042906,190.06579176140451,179.83030093307281,190.35977420782825,180.09214717216392,190.71797199200549,180.45611041618338,190.7269945424751,180.14098582591114,190.44203464652111,179.90372960831985,190.13902964962779,179.67542413030509,190.25391320396284,180.00754790862334,190.48594259798418,180.20031511489037,190.6740640405425,180.1847948841741,190.29053214807442,179.67326380719166,190.16436375791855,179.89937996589714,190.28150959760484,179.8175918618457,190.21729425985117,179.87478994439715,190.30684370589557,179.92792012768547,190.2448906534932,179.70621325749585,190.17165276526993,180.03898787219012,190.67406404054248,180.25387391699846,190.35977420782822,179.7608223981141,190.28150959760484,180.04839763950457,190.56420720820765,180.18044524175136,190.33444009953746,179.65626461914553,189.97624231536028,179.64688396851662,190.12774481380691,179.75067315213471,189.91428926295791,179.29165053875033,189.84105137473466,179.86174089663945,190.29955469854406,179.58391539909402,189.8939818766674,179.87371048920164,190.57549204402849,180.07548796064827,190.36706321517966,180.11176571106154,190.72699454247515,180.39308232115707,190.67406404054248,179.99202767790734,190.52985054944716,180.65572756451689,190.99008741637485,179.69933278602159,189.93788982813044,180.47492995081225,190.9574643007326,179.25284195928566,189.6635121184099,180.9818600511307,191.20251207369304,178.49844686979293,189.99167731623959,183.52874447037354,184.35969881138138,186.50749407131994,185.25202876264214
175.80518233369114,174.73907030536429,174.91857268659879,176.85757721499886,170.99327488444757,180.22576378675211,170.10091667398851,179.99822678359845,169.86890132852432,179.56811483794036,170.1877356474686,180.45693853713777,170.38600578994686,179.61266337486867,169.68941021146347,179.88755854122815,170.17314043074458,179.93596869664461,170.15519955442247,179.88024957142315,169.83841249451336,179.67122265577524,169.98491073545227,179.8705884698675,170.04793219411758,180.08183523423259,170.46278778463252,180.17658374375227,170.13558584830128,179.86728916595482,169.93899200401361,179.6712226557753,169.88433122595197,179.90236840996477,170.11011897207922,179.80978022355836,170.02664565819731,180.01960614347502,170.15101921412065,179.6647126902393,169.67397684564403,179.65274309767713,169.9644588802357,179.73484206157357,169.8596990304336,179.71892232872295,169.94484517411456,179.88280939667098,170.21404067278593,179.95012760851637,169.83925064360881,179.61371371337884,170.0462593643185,180.21527315152017,170.44735441881312,180.04379666284049,170.04291370472038,180.02787692999016,170.42774071269193,180.4171101485706,170.52246358369976,180.0249771282117,169.92523146799331,179.71892232872321,169.87931273655477,179.88602005829424,170.31963520329171,180.04808677965954,169.86137186023259,179.55654474751282,169.9440104934109,179.8181686485589,169.71236957718267,179.66662167911122,170.40311198556537,180.51885676805023,170.48658183105542,179.98958702435667,170.02413814769463,179.91754866415019,170.19693447716747,180.1016455817676,170.08883243615901,179.81225140651657,170.29500300777337,180.10053559716454,169.57088982564102,179.42116884515696,170.65269030972385,180.69669493388369,169.71069327899187,179.48882844625516,171.19359228596107,180.80949296995971,168.73782951662133,179.56549843302236,173.46530223191863,174.22154606879965,176.04607325828655,174.61870547030296
185.16673613936103,184.24339989883464,184.7181124731448,186.85940031686158,180.60558723801859,190.26449539019634,179.50570846260408,189.96721976489056,179.2873604219314,189.53405054937193,179.66817468610373,190.50398769892351,179.80713175602133,189.48112004743916,179.02866531885965,189.91428926295788,179.73691374239766,190.09841487704674,179.84261050216543,190.16436375791855,179.54553685117162,189.89398187666737,179.63534440749635,190.03646182464436,179.5911067304136,190.05277338246557,179.76449220796488,189.96322393642114,179.38853025469794,189.79540988015344,179.44868766463134,189.76781348651144,179.4467786757595,189.99255387318132,179.6165248728677,189.75879093604175,179.32235102365192,189.804432430623,179.37920912967277,189.52676154202049,179.12702399213745,189.78812087280193,179.62988478047052,189.95593492906974,179.53507674534691,189.98353132271171,179.66388456928487,190.17894177262139,179.97712928737073,190.28653631960501,179.59514551299119,189.74247937822074,179.39907900281162,190.04548437511403,179.78396257896961,190.17894177262141,179.85705127768594,190.38337477300078,180.09035735498878,190.50954316315671,180.05021798608712,190.27751376913542,179.74996279015531,190.08210331922564,179.60816544406336,190.19924915891187,180.17103547443705,190.60984870278884,179.91273987349985,189.98353132271168,179.56296607075961,189.82473981691359,179.09228472465804,189.7221719919302,180.04049735892778,190.63744509643081,179.89278135807157,189.87367449037691,179.42665746837929,189.92157827030931,179.60372715935119,190.00886543100242,179.49647597986853,189.73848354975135,179.58095748443404,189.95090820706949,178.99071538975716,189.4934357767909,180.24193485384384,190.86618131157013,179.31473107351266,189.69613523405209,180.99377011808889,191.20251207369301,178.39428859295873,189.73031798545816,183.28997888653402,184.06172053648825,185.60961828606446,183.62756468362522
175.20655296263169,174.27366303634255,174.65705947747333,176.55856545844733,170.55918001704754,179.79328370399458,169.78625922695451,179.80957240957201,169.74490220183705,179.20292385034296,169.61680508868795,179.75635358399447,169.66728205805609,179.0386372802605,169.40477787858097,179.70825440891227,169.96278258204492,179.55130733804256,169.75326635083246,179.6001459917897,169.67230054745335,179.60190681276862,170.04792872572588,179.90935192729785,169.98323096886983,179.73500475352543,169.86220654093637,179.529927978166,169.64599552213588,179.61566622250578,169.8638793707355,179.5009883142433,169.62805464581379,179.62217618804186,169.88014741725851,179.49808851246485,169.58882723357146,179.4199396888568,169.52747860470524,179.21051327107455,169.48323270306565,179.56540672431024,169.88014741725854,179.61461588399567,169.81963346909589,179.84903182541242,170.16895662205104,180.03494908961233,170.25661027623477,179.99114003134915,169.94316887592376,179.4727590123,169.48490553286476,179.42900947964057,169.79500127357753,179.87396182344281,170.29918334807522,180.19627633231241,170.31545139459828,180.000209822133,170.04792872572588,179.86745185790673,170.04792872572594,179.82370232524721,169.89976112337968,179.8009326503302,170.17230228164917,180.03568856827735,170.04625589592695,179.7346647769948,169.94149604612471,179.575067825866,169.38265319356543,179.37391219459863,170.1288910607133,179.96791120820458,169.65017586243775,179.23760359221839,169.69609806226802,179.75857343271156,169.89557731468616,179.55204681670756,169.61346289748153,179.4496784775377,169.92188234000358,179.76261221528918,169.42104939349579,179.25799213918853,170.40059753827919,180.42819056136321,169.48657836266386,179.25145317745606,171.0283184879965,180.70027456823377,168.54123567233381,179.25907454031741,173.32047682077891,174.22858781950373,175.65729907149077,173.54391688094478
186.47528646890186,185.26556703339241,185.36889120140503,187.20128654321775,180.79875394641962,190.65202311113373,180.12537695290555,190.85489647574926,180.26442266511236,190.17165276526995,179.75752309420136,190.4003889804093,179.79556166559357,189.97624231536022,179.87657976157226,190.62286708172797,180.08057708173627,190.10969971286761,179.68054378080029,190.24489065349314,179.86134139450508,190.50225415580528,180.47566942947722,191.00466543107771,180.50125026388355,190.76361348658673,180.17868442077244,190.41670053823034,179.96478918887058,190.52429508521396,180.10994536447882,190.23760164614171,179.72062350360889,190.36377003629764,180.11861565312816,190.44203464652117,180.0183479909787,190.40941153087888,179.8603200521911,190.14805220009742,179.85992055005678,190.47865359063272,180.08313690698384,190.33444009953746,179.93806937366486,190.63744509643084,180.45645039271403,190.86947449045215,180.37071214837422,190.61211098814007,180.03031758354084,190.31586625636518,179.82123114228895,190.31812854171639,180.07082733789133,190.63744509643087,180.32369242848759,190.67406404054242,180.1536657804528,190.48594259798418,180.05419724306111,190.53887309991686,180.1811556037309,190.48594259798415,179.93445920990698,190.28653631960512,179.91456022008259,190.32541754906785,179.87331098706707,190.51856571362637,180.50059942750789,190.79294342334688,179.90511992336056,190.21729425985126,180.156254722386,190.60482198078864,179.79547302330411,190.14631865697919,180.14073449166983,190.69210914148178,180.0653081852613,190.26519803978368,179.79926047164065,190.39639315193986,180.39052249590929,190.74903547188379,179.66755284592443,189.93788982813047,180.41446168103357,190.95746430073265,179.31331022906437,189.62689317429826,180.93080154866638,191.14958157176034,178.2452709193513,189.70498387716739,183.63000294542937,184.88744419494461,186.7519758403208,184.65847372217161
176.54076646817344,175.40365179881394,175.48795846698991,177.26199068776504,171.22157014107762,180.39286151632336,170.26702515265686,180.3957307886941,170.47533227392969,179.98878802008767,170.16477628174925,180.16572401530411,170.13475116759761,179.71102204814625,170.00368629247811,180.06440601464442,170.13224018870318,179.8408206849904,170.17314043074455,180.21848381314339,170.36053544533317,180.27386296183423,170.65018279922108,180.60632671668341,170.69526338156436,180.39144067187513,170.35635510503133,179.9678081623457,170.01121229237802,179.90557907158805,170.02329999859921,179.68384308471309,169.86137186023262,179.94031833906746,170.23532720870625,179.99313766251075,170.17314043074447,179.99748730493354,170.00368629247811,179.77174165216621,170.11262648258196,180.19315431297866,170.3801491514543,180.03759755714944,170.128894529105,180.17649510146288,170.55127611951991,180.42322061197231,170.46194963553711,180.04089686106224,170.00535912227713,179.91754866415022,170.21571350258506,180.18630437091184,170.42104939349565,180.15156510343249,170.15352672462345,179.81984082724841,169.87931273655471,179.83866036187712,170.19609979646393,180.18340456913344,170.41770373389753,180.10741606863886,170.07339907033966,179.86359035990765,170.10760799318479,180.02892726850013,170.1731404307445,180.27025279807646,170.86221000932809,180.55390689537472,170.10677331248107,179.67273214251287,170.07172970893234,180.16831295723728,170.23365437890712,180.05286645362423,170.42021471279205,180.17072461459182,170.05462004492213,179.85128079081497,170.08214111696273,180.09436702088101,170.57172450634471,180.2954631265446,169.81712595859312,179.53254744950686,170.46612997583892,180.31431165736967,169.27371647185308,179.14769440275651,171.06754590023874,180.78200314668146,168.59300757387325,179.38751197880654,173.60845134486769,174.81946622649761,176.65743820627469,174.75381635616702
185.56974823485353,184.61577206968829,185.04094655697023,187.22262482303904,181.02159991789767,190.58607423026194,179.63266682327401,190.10969971286767,179.57496478000712,189.83705554626522,179.75388381375811,190.43301209605144,179.78075191734618,189.61231515959543,179.19576304843108,189.94188565659982,179.60381580164056,190.02517698882352,179.99452797755131,190.58451459449816,180.0035091260458,190.14232282850983,179.73916270780006,190.23187227455412,179.83709276225778,190.0893923265771,179.50909640880627,189.74750610022096,179.43267928949155,189.92157827030934,179.41320891848707,189.64893410370701,179.46164807009984,190.08210331922564,179.6197355344911,189.72217199193017,179.32855012934289,189.80443243062305,179.37301002398178,189.70586043410907,179.44612783938371,190.04548437511409,179.82916195227347,190.2775137691354,179.8787706140931,190.17894177262136,179.76224324256248,190.24089482502382,179.86285088124262,189.94691237860008,179.25327199082764,189.84834038208612,179.88818038140749,190.48194676951476,180.0338987511023,190.08939232657704,179.40453862983762,189.66924148999752,179.33176079096634,190.03646182464439,179.89469034694361,190.24089482502376,179.82265198673733,190.1187222633373,179.526066480167,189.98353132271163,179.94963946409248,190.54789565038649,179.96555919694313,190.24818383237525,180.10883691308686,190.36706321517968,179.34043107961568,189.39885960874633,179.28085045639514,190.08210331922564,179.80053314819577,190.11472643486783,179.72364247708401,189.97450877224205,179.5187283936765,190.04548437511403,179.66431318810479,190.01615443835385,179.88519193733993,190.28150959760484,179.37053884102338,189.71817616346081,180.12219682068971,190.44603047499049,178.8245793564067,189.49170223367273,181.08527884929978,191.35401457213968,178.48943660461293,189.78324848739081,183.40681711790984,184.38329937655388,186.12530054128209,184.17705410769724
174.80238508043647,174.00566121129791,174.58428579407686,176.81976086116271,171.12889452910497,180.26140522484837,169.84175468571988,179.5498864935943,169.43731744001869,179.15556415392584,169.80085444367842,180.10689739480731,170.06754243184704,179.26549291763104,169.4849055328647,179.74990314406213,169.87847458745938,179.48077846457375,169.90310678297774,179.9640497102055,169.96110975224587,179.46880887201161,169.63391128430638,179.61566622250584,169.87596360856494,179.50823775844432,169.40728885747546,179.25071216557993,169.85384239194101,179.95503944502553,169.92439331889804,179.46775853350155,169.86053371113732,179.87905094453066,169.79500127357755,179.23189263095094,169.42355690399847,179.44205852739833,169.69358708337353,179.41638905070283,169.52497109420244,179.35888010830627,169.7557738613352,179.9470796388448,170.27873496125036,179.74126338482043,169.625547135311,179.57086635133635,169.92606614869712,179.53646706038754,169.42104592510398,179.5006483377127,170.21320252369057,180.19701581097755,170.19442349827307,179.65586511701107,169.56587133624387,179.3776996429352,169.75744669113425,179.94128003528823,170.23114340001271,179.71843418429933,169.71989210869097,179.51804702789312,169.5199526048053,179.42761916459995,170.09217462736538,180.16301602216325,170.04625589592689,179.6196468922017,170.06586960204797,180.00233961583882,169.75828137183797,179.22529402312568,169.54374665122822,179.65105632636087,169.90310331458608,179.65580559140736,169.77957137614985,179.53288730554814,169.82921019642268,179.79300184034577,169.80754923126639,179.45513810456367,169.91602916990271,179.88274975057774,169.63307660360272,179.40669895295085,170.3162895436937,180.10843587774121,169.21571003419334,179.37844065481139,171.36137359442861,180.91442113437711,168.70901698080121,179.46455081781144,173.42523667058097,174.26588691223083,175.92796713271235,174.19484886264394
185.41653582749066,184.48674494934156,185.05138012117931,187.20857555056921,181.0458789590634,190.90209760609446,180.039579182962,190.42572308869993,179.69149203104865,189.72616782039967,179.63482573366528,190.65948602583953,180.12842492257704,190.05676921093487,179.97419895618489,190.90053797033053,180.17828491863813,189.93788982813044,179.62698497869215,190.52256154209573,180.11022722812768,190.22458326720266,179.84696014458837,190.47865359063275,180.18834552232823,190.33617364265567,179.52464563571863,189.9875271511811,180.14459598966891,190.95346847226327,180.31212233806002,190.28150959760478,179.95833874893813,190.56091402932563,179.92248961734498,190.10241070551612,179.85057030834614,190.40941153087891,179.93584952494783,190.12045580645551,179.56589486873409,189.88166614731557,179.58712606071745,190.40541570240956,180.28250272107616,190.34346265000718,179.60304579356793,190.19196015156044,180.09584597821103,190.44203464652111,179.8566212461441,190.38008159411876,180.20401392093743,190.5845145944981,180.07076781228741,190.41670053823037,179.88820937760386,190.25391320396284,180.07150729095233,190.80925498116798,180.37111165050877,190.35075165735861,179.77924243060849,190.2009827020301,179.59949515541405,189.93060082077903,179.8487209655672,190.44203464652111,179.82700162916015,190.1992491589119,180.22894391896793,190.89151541986089,180.24369414161154,190.49496514845382,180.28975216527718,190.78392087287727,180.15937674172002,190.44932365387251,180.05789604910817,190.43301209605147,180.03022894125152,190.44203464652117,179.82999007322769,190.16263021480029,180.14311703233884,190.61384453125828,179.58070473747071,189.86465193990719,180.33563290436433,190.94844175026299,179.52779677173822,190.07237811916866,181.31969479071645,191.23010846733499,178.19461191902138,189.76693692956977,183.66474221290872,184.84180270036333,186.87591690014997,185.09336023838958
175.57072166559558,174.65654307585069,175.18480933441953,176.98885622189516,170.92021644698789,180.27056365792151,170.13223672031145,180.18118472041627,170.17397857984,179.43276793178086,169.60927908878801,179.9330978910626,170.00452444157347,179.54565602286834,170.19358881756943,180.58707715051261,170.4047813469727,179.58650575374935,169.91854014879715,180.41889996574574,170.63474943340177,180.0271374513249,170.04291370472041,180.05064660490717,170.30336715676873,179.92800876997472,169.74908601053065,179.58829557092452,170.17732077104634,180.31718246295156,170.27706213145129,179.69572403498586,169.87596707695661,179.90952921187656,169.99159858625688,179.80318161573291,170.22863588950989,180.0676166762679,169.94735268461736,179.5318660837236,169.69191772196618,179.51739619151758,169.67313869654873,179.73805272319694,170.19108130706661,179.86754050019599,169.8229791286941,179.85128079081491,170.31378203319085,180.13925553433984,170.21654818328872,180.00649757011328,170.04625936431862,179.70877308274359,169.94400702501915,180.02636744325233,170.17146760094556,179.84403134661383,170.17397511144821,180.31684248642091,170.42272222329481,179.97067884743842,170.12722169930595,180.04518697788123,170.03082599849921,179.65160411687771,169.87931273655479,179.78945120219183,169.85969903043363,179.79056118679495,170.29918681646689,180.19355381511289,170.12889452910503,180.10892555537626,170.71738806657999,180.61357616088443,170.41937656369669,180.10022615004129,170.35802793483043,180.18624484530793,170.20111481746935,179.97496896425747,170.03956804512225,179.96447974174754,170.52915143450423,180.30231306861123,169.71571176838916,179.40266017037331,170.48239802236191,180.67747589712042,169.90310678297777,179.71633492000112,171.3563551050313,180.72159440250658,168.34342578132305,179.25836417833798,173.56587827302721,174.83498645721363,176.87582800391161,175.17892178330848
185.46974697590443,184.53065290080463,185.08537990999363,187.02548083001116,180.59768695744154,190.3816412298826,179.65793679783513,190.35977420782825,179.89551846789797,189.69457559828822,179.20326382687341,189.95090820706955,179.46065725719359,189.56667366501412,179.5686770320267,190.59180360184962,180.14067637878804,190.09668133392856,179.83931119825272,190.69939814883318,180.26254420564794,190.17894177262141,179.56296607075944,189.98353132271168,179.54374703399634,189.85736293255579,179.46204757223424,189.85736293255576,179.54374703399631,189.89398187666737,179.36038959504398,189.63262254588585,179.38531959307443,189.87767031884627,179.38966923549731,189.73119454239989,179.60745508208385,190.0291728172929,179.3541904893529,189.55435793566244,179.37053884102338,189.96495747953941,179.56651670891353,189.92157827030928,179.64836433856877,189.99255387318129,179.50718741993427,189.99255387318135,179.74061254844466,190.073080768756,179.66092524190273,189.95593492906971,179.31953986416289,189.55435793566244,179.40518946621341,190.14405637162798,179.75252261540285,189.95420138595151,179.72065403301639,190.41999371711242,180.03284841259213,190.23187227455409,179.82015168709344,190.21729425985123,179.68773369939768,189.99255387318135,179.65231447885714,189.95090820706946,179.38059944471348,189.84607809673491,179.72034317317124,189.92157827030934,179.12554503480746,189.74577255710273,180.03219757621639,190.51856571362634,179.69597536922728,189.90127088401888,179.74971145591383,190.2336058176723,179.70282531129394,190.05676921093485,179.66181288846082,190.20427588091218,180.24943563228632,190.65775248272135,179.54528551693016,189.74577255710278,180.25819456322498,190.92813436397248,179.37479984115691,189.72373162769401,181.05994934913491,191.26446512609536,178.31218962906232,189.63174598894417,183.39740735059542,184.57142081911218,186.44082443813471,184.44801399281701
175.22368774529565,174.3533052203326,174.8534812927482,176.86680969773474,170.9661317100348,180.16955651710691,169.93982321632566,179.92575980457227,169.9644588802357,179.38926973336288,169.6101137694917,179.83780171151523,169.98490726706055,179.48367826635206,169.81963346909589,180.22925477881302,170.56252567664572,180.02448898378785,170.03166067920284,179.95970006778262,170.06419677224892,179.70612461520659,169.84259283481518,179.60955575910407,169.60426059939081,179.44677867575945,169.90812527237495,179.78649187480971,169.73030698511317,179.23269163521994,169.35886261553409,179.41897799263617,169.86555220053452,179.60344529570233,169.51827977500619,179.1939427018483,169.59802953166212,179.63201457417614,169.70734761939383,179.37735966640452,169.75828484022961,179.88090040779889,170.1101155036875,179.75357295391299,169.83841249451339,179.56475588793475,169.65017933082933,179.48876738743988,169.71571176838918,179.53902688563531,169.79667410337657,179.52745679520771,169.46445714603985,179.20045266738455,169.65017933082936,179.77708210749526,169.96696639073846,179.72139351168144,170.08464862746544,180.17464563819485,170.3826566619571,179.97456946212307,169.92272048909891,179.55494661848581,169.60927908878801,179.59619585150122,169.98323443726147,179.61245556088238,169.48657836266383,179.40262964096573,169.94233419522007,179.66706470150069,169.44233246102428,179.41780989515124,170.21320252369054,180.03707888331817,169.67313522815701,179.2532124652239,169.67564967544314,179.63528476140351,169.74740971233987,179.574165655249,169.76246864892317,179.67002414937204,170.25493744643569,180.23039375961235,169.85551869013185,179.47833781102287,170.44818909951687,180.43148986527592,169.39725187868109,179.15019470240026,171.03166414759457,180.8645016127123,168.74991722284261,179.40704187541485,173.44652320650121,174.42761365706548,175.93013565419008,173.83345566525702
185.5558547943829,184.58731702569665,185.01152520861976,187.26323959562012,181.18221667812924,190.84916710416164,179.87575164061786,190.32715109218606,179.7884008636818,190.0567692109349,179.9452301755766,190.85489647574923,180.44456944244135,190.50225415580525,180.16918601116876,191.01595026689856,180.62033746066191,190.54389982191708,179.83931119825283,190.30910599124681,179.91166041830434,190.32315526371664,180.02019745424673,190.38910414458843,179.81253173695424,190.28150959760481,180.1811847204163,190.59353714496774,179.86569103692793,189.98752715118115,179.61905416870781,190.4054157024095,180.34282282296164,190.5152725347443,179.59082486676468,189.68225986893651,179.48009709879051,190.3727925867673,180.13123608206615,190.25391320396278,179.73623237661425,190.32715109218606,180.11241654743728,190.49496514845382,179.95978871007188,190.15534120744886,179.65626461914562,190.15534120744891,179.86754050019596,190.30684370589549,179.93516957188658,190.23760164614174,179.71090287644932,190.11143325598579,179.83425107336126,190.32715109218606,179.92214964081441,190.34346265000713,180.05564708370565,190.62113353860971,180.3019730920806,190.54789565038652,179.88997019858269,190.00383870900222,179.44717817789379,190.17165276526998,180.20577474191634,190.44203464652111,179.56219606268695,190.0038387090022,180.14394515329315,190.74903547188387,180.00637839841653,190.39639315193986,180.46014919876112,190.93542337132391,180.08338824122526,190.22458326720266,179.87379913149081,190.19196015156047,179.64059622053639,190.07481431187423,179.63722286696091,189.98353132271171,179.93073128717435,190.51527253474433,179.63392356304831,189.933893999661,180.43905170253339,190.94844175026299,179.23988155381738,189.44779428220971,180.69132548235802,191.04372056789489,178.33751912922722,189.90941687754676,183.84414951157265,184.89473320229604,186.399721820867,184.04974642071068
175.48617489542499,174.49500439467073,174.7676426585314,176.84557850575123,171.08883243615898,180.15042612263295,169.75744669113431,179.73839269972746,169.96445888023575,179.79087204664,170.21152969389149,180.36750148675085,170.46696812493434,180.11534687862303,170.45943865664267,180.56026869301763,170.51204870727756,179.88167041587141,169.91854014879715,179.97576796852633,170.19275413686572,179.94898862771683,170.13224018870318,179.94642880246917,170.02748033890103,179.99344852235564,170.39809002777648,180.16813567265862,170.07088809144517,179.79081252103632,170.02748033890106,180.17390615952974,170.64683367123126,180.23795418414795,169.80420357166824,179.23124179457551,169.53956631092643,179.97931860668035,170.46947563543711,179.93661953302032,169.7336526447113,179.59875567674897,170.02413467930296,180.0418876739684,170.17564794124729,179.86680102153099,170.04542121522323,180.0350377319017,170.29834866737153,180.0791867666955,170.12889452910505,179.84187102350043,169.98658009685968,179.88346023304649,170.04709404502225,179.79482218692851,169.96194790134129,179.795162163459,169.90477961277688,179.7217334882119,170.00452097318174,179.94062919891249,170.10928082298389,179.78220175799075,169.83841249451342,179.96450885843296,170.5708898256411,180.24776345359675,169.83673966471434,179.56552589600724,170.21404067278596,180.29876243045715,170.13307486940684,179.8494909736398,170.40060100667088,180.50645855666812,170.52664392400152,180.24273385811262,170.39725534707276,179.97135880049959,169.86805971103723,179.70365343224825,169.79165908237115,179.5289371652598,169.98406911796516,179.97999855974149,169.74034396390752,179.57990714592398,170.66644737735243,180.53891832933741,169.40561602767633,178.93604813625711,170.5224635836997,180.28605182601888,168.38432602336445,179.54593941972831,173.98324137404489,174.97749416528498,176.36548360913295,174.09347460715338
185.51653708643977,184.44569572806924,184.72153184987872,186.7771398781687,180.55313842051356,190.14961183586132,179.26984256005369,190.02917281729293,179.87629943113487,190.11472643486789,179.7401244040208,190.25217966084463,179.69757349825403,190.0234434457054,180.02448898378785,190.65375665425194,179.85344111392817,189.80269888750485,179.61757521137781,190.45834620434221,180.00279876406626,189.99984288053275,179.50980677078587,190.02015026682329,179.67974477653152,190.15134537897944,179.83502108143381,190.16263021480034,179.76909318462921,190.28653631960498,179.8954298256086,190.26849121866576,180.04040871663847,190.46563521169369,179.75252261540282,189.75879093604178,179.37084970086846,190.1187222633373,179.88562055615981,189.95593492906971,179.27934096965754,189.689548876288,179.50289730311528,190.1350338211584,179.88272075438155,190.31413271324701,180.00029846442237,190.35977420782822,179.82990143093843,190.08210331922567,179.62047501315612,190.02015026682332,179.66132474403716,190.04548437511403,179.61396504761996,189.98353132271171,179.67724447688764,190.04548437511409,179.50579710489356,189.7058604341091,179.3133407584719,189.93060082077895,179.76588252300579,190.18067531573959,179.75141263079968,190.26120221131427,180.10411676472603,190.35977420782825,179.54158671088294,189.86465193990722,179.82126167169665,190.17165276526995,179.27820198885814,189.49743160526032,179.50224646673959,190.2612022113143,179.89204187940666,190.33044427106807,180.12012513986576,190.30684370589555,179.59033672234096,189.92331181342752,179.50082562229127,189.98353132271166,179.97488032196824,190.42572308869998,179.47944626241474,189.88096349772832,180.47379097001289,190.91182280615138,179.12230384377642,189.25967283965133,180.4471597970965,190.81898018122499,178.22935118650079,189.87279793343515,183.77723080186166,184.70661175973774,186.19714534515137,183.96019697466636
175.43567398832565,174.46574610788122,174.80711084723399,176.72504146832841,170.77873669544616,179.85705127768605,169.56336035734947,179.77674213096478,170.19609979646381,179.82555178851564,169.96445541184411,179.90043030440731,169.89892644267593,179.60671560341885,170.13474769920597,180.14789529358163,169.85468054103637,179.31260127980687,169.88182024705759,180.19809526617317,170.17648262195092,179.47136869725932,169.58381221256596,179.70436379422767,170.02831501960472,179.79806196523742,169.86137186023265,179.62047501315612,169.96194790134132,180.05820690895337,170.19275413686569,179.7619323827173,169.96696639073849,180.1084664071488,170.33423042001573,179.89213052169595,169.92773897849611,179.73839269972748,169.79416659287384,179.41283841254898,169.52664392400146,179.46022722565161,169.75828484022963,179.71272322303207,170.06503492134428,180.01621819727291,170.23616188940986,179.79516216345911,169.6305656247082,179.37118967739903,169.69442523246894,179.71667336332047,169.9619479013412,179.66857418823835,169.7778985463508,179.68088375733092,170.00619380298079,179.84912046770179,169.90059927247501,179.46639721465721,169.52497109420247,179.5075869220687,169.88349307685655,179.7350933958148,169.88014741725848,179.70652411734096,169.96194790134123,179.76693286151593,169.84092000501616,179.7973224865724,170.25577559553099,179.81543153873244,169.39892470848011,179.02320569183388,169.5070302178803,179.62581546848531,169.81712249020146,179.67718495128395,170.07339907033963,179.73910306170711,169.60091493979269,179.38750891238396,169.67899533504126,179.76227235924787,170.33841076031752,180.02781728389675,169.52246358369979,179.35859977786879,170.51037587747845,180.44089963259037,169.35635163663969,179.06519593672544,170.86388283912711,180.69666440447602,168.73030351672142,179.50869985260516,173.48742344854259,174.25036668151481,175.68055386163985,173.72312739941734
185.45958973672992,184.60462645783193,185.21702924620797,187.35278904166444,181.03680916827958,190.55518465773795,179.51218789873275,190.23760164614174,180.04163633972723,190.35075165735859,180.10871774139008,190.80925498116801,180.24165299019515,190.22458326720266,179.90003080227279,190.60482198078859,179.95944873354134,190.03646182464442,179.91273987349996,190.61384453125828,179.90333010618545,189.93060082077898,179.72938243454757,190.56820303667703,180.23175507845684,190.3597742078282,179.78294123665577,190.10241070551618,179.71337405940767,190.30684370589555,179.997087802799,190.2612022113143,179.85844159272679,190.52256154209573,180.24776345359672,190.45834620434218,179.92609978110281,190.29053214807439,179.74746249051137,190.00383870900222,179.68193409584114,190.2629357544325,179.86538017708273,190.1553412074488,179.84292136201066,190.4493236538726,180.09760679918989,190.22458326720266,179.58283594389849,190.05676921093493,179.87405046573218,190.36879675829789,179.91273987349987,190.13902964962776,179.66641386512504,190.16436375791849,179.90622990796379,190.43301209605141,180.08964687252004,190.39639315193986,179.91563967527816,190.30684370589555,179.88707039680446,190.10241070551615,179.51699668938303,189.93962337124864,179.7033134557177,190.22857909567207,179.893920338871,190.51127670627494,180.39968092898258,190.55189147885596,179.61680520330515,189.92331181342752,179.8433499808306,190.3727925867673,179.76798320002598,190.08210331922569,179.8668896638203,190.15534120744891,179.47241903576949,189.87767031884624,179.67156263230575,190.28653631960503,180.17745679768382,190.27422059025335,179.09021304383401,189.55036210719305,180.27121449429728,190.80596180228599,179.08540425318378,189.44779428220963,180.93805099286752,191.37432195843024,178.59035510313825,189.76693692956977,183.26899902879188,184.23353042122545,186.08161033867239,184.28922248701892
174.89515937262101,174.22601710451721,175.00298273586856,177.0976750009973,171.1067733124811,180.04620832019495,169.55294548092726,179.68483389761934,170.06420024064059,179.86356124322202,170.2762239823559,180.44994042717789,170.44568158901404,179.70473430016582,169.79332844377848,180.08057708173615,170.30169432696962,179.82160164822716,170.02580750910201,179.89471934313997,169.70985859828829,179.42335816446652,170.05211253441948,180.34902192865269,170.44149778032056,179.84764151037163,169.87931273655485,179.6913438631554,169.73616015521404,179.65225495325342,170.0487668748213,179.90910059305659,170.04291023632871,179.90549042929879,170.07339907033963,179.72824345374809,169.83422868581988,179.8429213620106,170.09133994666175,179.83206175405169,170.0675424318471,179.99483883739629,170.02580750910201,179.62658547655775,169.86053371113732,180.01655817380347,170.29834866737158,179.97752878950516,170.10760799318479,180.08569673223161,170.31796237349272,179.97786876603573,169.94567985481825,179.63383492075886,169.73197981491225,179.61501538613012,169.90310678297777,179.96225989303022,170.35802446643876,180.26214470351329,170.40561602767636,180.11062673026211,170.12554886950693,179.66897369037272,169.54960328972084,179.42153781788383,169.84008532431247,179.83030093307281,170.02413467930296,179.94278952202578,170.31963520329177,180.01655817380347,169.83924717521711,179.69896381329477,170.19442696666476,179.98551771237121,169.79583942267294,179.5886950730588,170.06587307043972,179.96919847738633,169.96947390124126,179.75647275569139,170.00201346267903,179.90225065098994,170.23365091051542,179.79334181687653,169.26079408492819,179.17259387137946,170.41686558480225,180.29944226302919,169.11346116328559,178.92879869205601,171.02329999859927,180.95345051867545,168.80001629458306,179.21421514354427,173.0258144458854,174.15561817199483,176.31280481105043,174.93003594968584
184.7929662760277,184.04211865482085,184.79322622813942,187.06209977412277,180.84111316403823,190.39066378035227,179.37110103510972,189.97624231536025,179.65530292292479,189.91029343448847,179.74697434608757,190.53887309991688,180.02713745132485,189.81172143797454,179.30822110797655,190.20098270203016,179.97826826817013,190.06179593293515,179.61066574370733,190.00383870900222,179.35748979326559,189.82803299579561,180.01476835662845,190.74330610029625,180.06573821680331,189.99082033006314,179.58252508405337,190.12774481380691,179.63053561684623,190.02015026682332,179.83576056009883,190.27022476178391,179.79186285954637,190.08210331922564,179.56626537467227,189.74247937822074,179.33571093125468,190.11872226333728,180.01300753564951,190.28653631960498,179.83601189434,190.2448906534932,179.70587328096539,189.89398187666737,179.56725618757849,190.35977420782825,180.17069549790637,190.49323160533561,180.11747667232876,190.6171377101403,180.1388560322053,190.25217966084463,179.66783470957327,189.93962337124864,179.36797901577563,189.7515019286904,179.58283594389846,190.35075165735859,180.19852529771515,190.51856571362637,179.99088869710801,190.31413271324695,179.89213052169592,190.06579176140457,179.33684991205416,189.75150192869037,179.70621325749588,190.27022476178391,179.73691374239752,189.99082033006309,179.72685313870738,190.08210331922569,179.44677867575945,189.91029343448847,179.86325038337694,190.11872226333725,179.30097166377547,189.79540988015336,179.90523909505742,190.54789565038649,180.10220777585408,190.35977420782831,179.82024032938267,190.21556071673299,180.08810838958618,190.42572308870001,179.36621819479683,189.73848354975124,180.35695273863703,190.76934285817435,178.91682756628254,189.25065028918175,180.788293840595,191.26446512609536,178.49159692772616,189.66836493305581,183.20859028461709,184.32307986726977,186.47076394871874,184.91426134630092
174.97011349966107,174.17531458444995,174.75896935935592,176.93307757106996,171.15436487371872,180.25825408882881,169.8538423919411,179.71056289991878,169.73950928320383,179.35421960603853,169.75577386133526,180.06215704924182,170.2319815491081,179.44612783938376,169.40561602767639,179.57490513391414,169.89725361287691,179.58283594389849,169.84092000501613,179.81142187284019,169.90310678297777,179.8566517755516,170.50368455828215,180.46947032378625,170.2132025236906,179.61612537073327,169.84175815411146,179.89070967724777,169.98323443726153,179.72179301381581,170.00368629247805,179.81077103646447,169.86555220053452,179.63713422467166,169.77037254645089,179.45047748180662,169.63558411410546,179.78254173452132,170.1697947711464,179.83246125618615,169.92439331889801,179.82379096753687,169.94149951451638,179.55429578211016,169.71571176838918,179.90588993143328,170.33590324981472,180.12614696097819,170.27956964195403,180.17063597230248,170.27706213145129,179.92107018561879,170.00117531358356,179.67872343421766,169.55294894931899,179.33579957354411,169.83506683491521,180.09584597821109,170.40478134697273,179.92726929130984,169.85468054103637,179.77239248854187,170.13642052900499,179.83675137300506,169.64850650103028,179.43702893191448,169.98490726706055,180.0740671162001,170.11178833348657,179.70547377883096,169.92021297859614,179.71056289991876,169.6731386965487,179.61106524584179,170.128894529105,179.82444180391249,169.61178659929075,179.5252674758982,170.11095365278288,180.13049660340104,170.27287832275778,179.9814789297935,169.96613171003477,179.82160164822713,170.36137012603683,180.21447402676182,169.72947230440948,179.44359854354349,170.51204870727756,180.45030939990477,169.37596534276082,179.11585493705533,170.92606961708876,180.72489370641924,168.7319763465205,179.53402935277015,173.52665086078491,174.36069494735449,175.99182674047307,174.22307816458715
185.51503282359624,184.62551184799102,185.18382967883028,187.42203110141821,181.2632653035156,190.94600555755741,179.98534042779255,190.38008159411874,179.70630189978533,189.80443243062308,179.64099572267065,190.65775248272135,180.33822184629761,190.09841487704674,179.42579881801726,190.04948020358344,179.67403381526429,190.073080768756,180.0042486047108,190.66677503319099,180.11605582788056,190.4127047097609,180.29512315001384,190.88978187674266,180.20898540353971,190.3304442710681,179.98767803548458,190.48594259798412,179.94344035840152,190.17165276526993,179.70951256140862,190.02917281729299,179.62112584953181,190.19196015156049,179.89326950249546,190.12774481380686,179.68878403790777,190.20098270203013,179.78220175799078,189.96721976489061,179.56435638580021,190.21729425985123,179.94352900069089,190.17165276526998,179.7094239191193,190.29782115542585,180.04444749921609,190.32315526371664,179.7951621634592,190.29782115542591,180.05095746475214,190.50225415580525,180.1015569394784,190.30684370589557,179.60890492272839,189.96721976489056,179.82990143093843,190.56420720820765,180.21444503056571,190.25217966084463,179.59224571121285,190.17165276526995,180.06070720859728,190.4054157024095,179.71667336332047,190.10969971286752,180.04444749921606,190.6740640405425,180.15616608009663,190.41270470976093,180.07051647804602,190.38008159411876,179.71337405940781,190.26120221131427,180.23440354599387,190.62113353860974,179.9387202100406,190.32315526371673,180.08538587238644,190.44030110340287,179.89855184494277,190.26120221131427,179.77248113083115,190.24089482502376,180.22160583247751,190.56820303667703,179.46278705089921,189.78239150121439,180.33128326194151,190.91182280615138,179.35705976172366,189.68884622670063,180.87113228315656,191.03469801742526,178.29337009443347,189.91843942801634,183.75264078036176,184.61706231369345,186.12771865863272,183.98807401478933
175.34647295823419,174.51108182487877,175.05965533275429,177.13852473187836,171.27622745074763,180.52911059309983,170.30001802877888,180.16557584741091,170.00368629247805,179.43958875716206,169.7950012735775,180.28605335923004,170.57256265544012,179.85665177555157,169.8342286858198,179.89392033887108,170.03082599849921,179.8187018464489,170.27371647185311,180.21663434987525,170.04709404502228,179.63204510358378,170.02748033890109,180.21913464951916,170.38098383215802,180.11929701891145,170.37847632165528,180.22490513639013,170.2353237403145,179.8389116961184,169.77957137614987,179.51986737447598,169.8325558560208,179.96950933723141,170.21989384288682,179.76258321909296,169.81461497969869,179.68844406137714,169.7778985463508,179.42184867772889,169.62889279490918,179.77634262883018,170.19526164736851,180.00640892782397,170.14934291592985,179.94022969677812,170.02915316870016,179.62121449182106,169.58715787216406,179.58323544603297,170.08632145726457,180.13919600873587,170.366388615434,180.03173842798893,170.01911618990573,179.8262621504951,170.09384745716446,180.13299690304476,170.37763817255993,179.97166966034465,169.90477961277682,179.78831222139243,170.10593516338574,179.94062919891255,170.00786663277992,179.95509909111857,170.38014915145433,180.21879467298848,170.17062945185015,179.96771952005628,170.27873496125034,180.07332763753496,170.02496936000665,179.96771952005625,170.42439505309383,180.25643374224603,170.21152969389155,180.03759755714935,170.29751398666781,180.03793753368001,170.06921526164615,179.87405046573215,169.94317234431549,179.80349247557805,170.29416485867802,180.11565632574616,169.72073025778633,179.52023788041419,170.51827977500619,180.43726035214718,169.53249709410238,179.35962112018262,171.00201346267903,180.46906928844066,168.31879358580466,179.37554238624435,173.69610499905144,174.66458942372964,176.18168570096913,174.11358468225484
185.33790041160421,184.45583913439862,185.04222324025164,187.13533766234602,180.81072353898168,190.63171572484325,179.97522029849867,190.58451459449813,179.9305685952225,189.84834038208609,179.57987661651626,190.53158409256542,180.11392603417494,189.98353132271166,179.54627632983636,190.38910414458843,180.10195644161283,190.2775137691354,179.88272075438147,190.11872226333725,179.28150129277091,189.57066949348356,179.57237583807392,190.35977420782822,179.98107942765915,190.3304442710681,180.12333580148919,190.68135304789391,180.24983513442066,190.46563521169369,179.81984082724838,190.16263021480029,179.96876985856639,190.6008261523192,180.06616683562331,190.03646182464442,179.52927714179026,190.20827170938162,179.92976959095367,190.18796432309108,179.7600829194491,190.29782115542585,179.99378849888629,190.41270470976093,180.04839763950454,190.35977420782828,179.78180225585621,189.93060082077898,179.38966923549734,189.93060082077901,179.78180225585618,190.32315526371659,179.96555919694308,190.29782115542591,179.88056043126824,190.32315526371661,179.95904923140691,190.47692004751451,180.19997513835978,190.56420720820762,180.02886774289615,190.31413271324698,179.8541514759078,190.19924915891193,179.7405530228408,190.2499173754934,180.02562796458736,190.35075165735861,179.75573327702634,190.23187227455409,180.09726682265921,190.4493236538726,179.75101312866531,190.15134537897947,180.04049735892769,190.38737060147017,179.63920590549563,190.05277338246549,179.99313766251052,190.59180360184959,180.17745679768382,190.41270470976096,179.77248113083112,190.12601127068871,180.02553932229796,190.51527253474433,179.63136373780065,189.97953549424227,180.38879220433796,190.76032030770466,179.11289407646206,189.59027423018671,180.95613104883122,191.06003212571602,178.10961315334663,189.57881548701147,183.48024579315688,184.7066117597378,186.63661030183314,184.66604337600407
175.45060627385789,174.57784123441772,175.07328941797354,176.87340830556002,170.69108304126252,179.88784040487701,169.88014741725848,180.10920588581382,170.21404067278598,179.60961540519727,169.84259283481521,179.96123855071653,169.91686731899813,179.25006132920421,169.46947563543705,179.84656064245399,170.27204364205411,179.88923071991763,169.96696639073843,179.59332516640848,169.44317061011967,179.31408023713692,169.87931273655468,179.88780987546934,169.92272048909899,179.70837358060916,170.13224018870309,180.24051400939575,170.48407085216107,180.23076426555059,170.25326808502831,180.08424689158701,170.42690256359663,180.34217198658592,170.21069501318786,179.6483643385688,169.8187987883922,180.13959551087041,170.569216995842,180.26800383267383,170.31796237349269,180.06977699938119,170.08799428706357,179.85128079081497,170.04876687482133,179.88997019858274,169.98323443726144,179.73475341928426,169.92272048909899,179.77273246507238,169.92606614869703,179.70041365393936,169.85300771123738,179.72213299034644,169.99159858625686,179.92109930230427,170.12722169930598,179.93377925684592,170.1305673589041,180.07267680115945,170.29834866737147,180.09470699741158,170.2132025236906,179.93081992946364,169.94400702501915,179.7188336864337,169.9423341952201,179.8393111982528,170.00786663277989,179.97752878950521,170.39809002777639,180.05169694341734,169.75828484022966,179.54704633790914,170.10760799318476,179.97675878143272,169.73616015521404,179.5024978009809,170.11095365278288,180.31715334626614,170.50284640918684,180.0758874627827,169.96613171003477,179.7177833479235,170.11011550368758,180.00248778373182,169.70985859828826,179.48518775308949,170.44986192931597,180.26365265703967,169.20818403429334,179.14118443722035,171.13475116759761,180.81063195075899,168.52496762581075,179.17012563435441,173.29500994455677,174.56327142307006,176.57396794777677,174.8427669629111
185.75545185978589,184.76900811125313,185.15960372220675,187.08414070353149,180.58966750516777,190.18623077997287,179.50064833771273,190.34346265000718,180.01590733742773,190.15134537897944,179.86785136004116,190.32715109218606,179.51955651463084,189.49014259790891,179.27283100412143,190.24489065349317,180.08455775143213,190.33044427106807,179.92760926784032,190.29053214807442,179.74595300377376,190.2172942598512,180.03867701234509,190.39639315193983,179.78211311570138,190.16263021480032,179.91424936023756,190.37608576564929,179.95285012571586,190.3873706014702,180.00359776833517,190.42901626758206,180.16773617052414,190.6284225459612,179.99344852235581,190.07308076875603,179.68483389761928,190.49496514845376,180.29512315001392,190.59180360184956,180.15221593980812,190.50225415580525,179.90805025454648,190.073080768756,179.58573574567677,190.06579176140454,179.73549289794923,190.25391320396281,180.03972735085517,190.4054157024095,179.82990143093838,190.00383870900222,179.50724694553816,189.93962337124862,179.62081498968666,190.11872226333728,179.82015168709347,190.08210331922564,179.53797654712514,190.073080768756,179.95580945309808,190.59180360184956,180.3070332169722,190.51127670627494,179.80207163112962,190.05676921093493,179.74706298837688,190.3434626500071,179.95398910651539,190.37608576564935,180.18985500906578,190.48594259798415,179.64901517494451,190.08036977610746,180.20182460162786,190.68308659101211,179.77088300180435,189.93060082077892,179.86182953892873,190.63744509643084,180.2559455978224,190.49323160533564,179.93997836253686,190.29382532695647,180.08159842405001,190.38008159411876,179.33329927390022,189.69284205517008,180.25819456322495,190.78565441599551,179.14473354216312,189.58125167971701,181.05994934913488,191.35401457213968,178.42251789490197,189.72129543498849,183.48965556047133,184.75954226167042,186.79986906960559,184.92826135713517
175.40985000342354,174.4331687663296,174.69053193217943,176.71057157612242,170.84175815411155,179.92573080837585,169.75410103153609,179.86859083870613,170.07005341074154,179.81290224289222,170.18857032817218,179.97965858321081,169.67815718594591,179.26558155992038,169.79249376307473,180.15656558223094,170.42522973379758,180.03068808947893,170.15018106502521,179.98798889532975,170.08715613796829,180.00930872960234,170.28040779104941,180.02522846245293,170.10676984408943,179.98798889532969,170.13056735890405,179.71883368643361,169.7557738613352,179.72568362850041,169.98658009685957,179.81034241764465,170.10676984408943,180.09575733592169,170.21487535348959,179.75317345177854,169.79834693317568,179.74811332688699,169.96194790134123,179.81034241764453,170.13140203960779,180.08273740484938,170.19358881756943,179.73475341928415,169.71236610879103,179.5235066549192,169.71571176838921,179.67147399001655,170.04709404502222,179.91239989696933,170.00284814338266,179.63673472253723,169.69777089206704,179.49817715475419,169.68940674307174,179.61211558435184,169.92272048909888,179.60884539712447,169.57172450634479,179.51335740893973,170.04207555562499,180.16813567265865,170.42690256359666,179.99378849888632,169.85635337083548,179.64580451332111,170.00786663277992,179.95398910651537,169.96027507154218,179.70507427669648,170.13642052900502,180.15616608009643,170.14599725633173,180.02704880903548,170.61346289748153,180.364941661503,169.89976112337965,179.39222906074494,169.77539103584806,179.98511821023686,170.27956964195408,180.12003649757656,170.27288179114942,180.1192970189116,170.48657836266386,180.15039559322554,169.59050353176218,179.36832040502841,170.48072519256294,180.52299859648696,169.57172450634471,179.40303067631135,171.25326808502834,180.97804054017539,168.81795717090509,179.60560868523817,173.71739153497165,174.78432745688374,176.55100552667346,174.70676751959499
185.35999393027609,184.34526720689155,184.65626401875903,186.94894976290593,180.94055129251129,190.62442671749176,179.76508339824778,190.23760164614168,179.69649263033634,190.03646182464439,179.99119955695318,190.51527253474427,179.66570350314538,189.80443243062302,179.86609053906238,190.79294342334688,180.26288418217837,190.18796432309111,179.70371295785213,190.2448906534932,179.83817221745329,190.27751376913534,179.96200855878905,190.35075165735861,180.00384910257634,190.51127670627491,180.01300753564948,190.10969971286761,179.65586511701116,190.21729425985126,179.75977205960405,189.98353132271168,179.71593388465539,190.48594259798415,180.21518450923068,190.28653631960501,179.63383492075897,189.96721976489059,179.52822680328018,189.98353132271174,179.7629827212275,190.35977420782825,180.06721717413328,190.30684370589555,179.7354928979494,189.97624231536022,179.47540747983697,189.84105137473469,179.49348753580099,190.02015026682332,179.78831222139232,190.18067531573959,179.72898293241317,190.0657917614046,179.6844939210888,190.15534120744883,179.83931119825283,190.16436375791852,179.64108436496014,190.06579176140457,179.8646406984177,190.41270470976093,179.99304902022132,190.10969971286758,179.49132721268751,189.99255387318132,179.84872096556734,190.21729425985126,179.56691621104787,189.97450877224205,179.95219928934029,190.58451459449813,180.0458378142568,190.42901626758206,180.30999254435432,190.52256154209579,179.51946787234144,189.61631098806484,179.37383814493609,190.0657917614046,179.85514228881402,190.3597742078282,179.97505760654676,190.40368215929132,180.29503450772464,190.61384453125828,179.52103547196074,189.86465193990719,180.39530216987424,190.89551124833025,179.25614126319829,189.6888462267006,181.06429899155776,191.36529940796061,178.59976487045259,190.06091937599342,183.76856051321232,184.70661175973777,186.40392484754213,184.43170243499594
175.31913185868112,174.40385004304235,174.8038091652389,176.90814757303943,171.13307833779851,180.22641462312782,169.83590151561896,179.6852333997538,169.71654991748457,179.50579710489365,170.08882896776726,180.1384855262672,169.87931273655482,179.34373038352842,169.94400702501918,180.24915376863746,170.13140203960782,179.38241979129612,169.58715787216408,179.8306409096034,170.13474769920589,179.88312025651598,170.0412408749213,179.84838098903663,170.0725609212443,180.02886774289621,170.1305673589041,179.76554254647525,170.00452097318177,179.96669817774244,169.94317234431554,179.480867106863,169.75661201043056,180.01985747771622,170.36053544533323,179.91134955845922,169.87931273655477,179.69069302677988,169.86137186023271,179.66536352661487,169.83841249451339,179.74746249051142,170.04709404502219,179.88346023304661,169.98658009685965,179.68739372286709,169.79583942267288,179.57416565524909,169.71403893859014,179.64614448985157,170.00786663277987,179.88056043126826,170.00284814338278,179.82305148887178,170.07005341074148,179.91168953498982,170.02748033890111,179.77930195621238,169.89725361287682,179.71562302481041,169.94902551441638,179.8740504657321,170.06336209154523,179.67508415377438,169.67481152634778,179.60199545505782,169.96362073114034,179.73839269972746,169.75828484022969,179.72179301381587,170.22863588950992,180.02636744325235,169.88683873645479,179.68304408044438,170.12722169930592,179.92575980457227,169.77706039725547,179.40882874665672,169.63307660360266,179.52060685314095,169.77204190785824,179.71016339778424,169.88600405575102,179.6895540459802,170.12638355021059,179.94241901608765,169.59050353176215,179.44103871829574,170.48574368196017,180.23542335509649,169.10844267388842,178.98019717105083,170.90311025136953,180.71548393910481,168.73364917631957,179.53402935277018,173.52497803098589,174.35128518004001,175.96280326703749,174.17646212850201
185.4966755062205,184.60648298249566,185.20596860030238,187.28684016079265,180.96520083961514,190.51683217050817,179.44018006793399,190.02917281729299,179.70596192325456,189.94691237860008,179.77915378831926,190.38910414458843,179.59233435350217,189.48112004743922,179.4279591411306,190.38910414458843,179.75903258093911,189.57066949348348,179.3715891795334,190.38910414458837,180.09214717216398,190.13503382115837,179.66246372483656,190.15534120744883,179.76909318462921,190.22458326720266,179.91134955845911,190.31413271324698,179.97166966034482,190.30684370589555,179.64654399198596,189.84105137473466,179.59909565327968,190.30684370589555,179.92686978917519,190.02015026682332,179.53942638776985,190.21729425985123,180.06070720859717,190.3597742078282,179.7694926867637,190.02015026682326,179.60455528030548,190.08210331922564,179.75357295391305,190.20827170938159,179.8899701985826,190.30684370589555,179.91273987349999,190.30684370589546,179.88997019858263,190.20827170938156,179.75357295391305,190.20827170938156,179.88997019858263,190.18067531573959,179.6273249552228,189.96721976489064,179.62698497869221,190.08210331922561,179.73114325552635,190.15534120744888,179.79266186381528,190.07481431187423,179.57740543355791,190.01286125947183,179.71633338678987,190.15534120744886,179.80747173255179,190.37608576564929,180.15187596327752,190.20827170938159,179.30717076946638,189.75879093604181,179.81620154680499,190.43301209605144,179.90293060405114,190.14405637162798,179.80827073682059,190.19196015156044,179.70612461520665,190.02917281729293,179.53226558585789,189.91029343448849,179.77776347327864,190.08609914769502,179.12816297293676,189.6123151595954,180.21734483234411,190.49167196957177,178.67661202130921,189.10817034120473,180.61394666682281,190.98679423749277,178.28612065023222,189.66836493305573,183.32181835223514,184.33939142509089,186.35781652758166,184.73285090722541
175.23526482714624,174.43697436270091,175.10631053233183,177.1059457875123,171.16728726064369,180.27121449429714,169.75995420163704,179.82990143093846,170.16896009044271,179.70257397705251,169.84008185592083,179.87874008468557,169.79835040156732,179.123073851849,169.52580577490616,179.9525682620671,170.0053591222771,179.28696091979694,169.67313869654873,180.09433649147343,170.21152969389149,179.50249780098085,169.63558411410548,179.76767234018084,169.96027507154218,179.74382321006806,170.10928082298383,180.11747667232873,170.27789681215495,179.83601189434015,169.71403893859008,179.48802790877494,169.85886088133825,179.87510080424227,169.96362073114031,179.4626984086099,169.56837884674661,179.81719235971124,170.38098383215797,180.16483636874585,170.12972920980869,179.71883368643364,169.75661201043059,179.65916442092382,169.96194790134132,179.95614942962871,170.23616188940983,180.04404799708172,170.19358881756946,179.97206916247922,170.02413467930282,179.76298272122756,169.94567985481825,179.82049166362393,169.96194790134123,179.60560561881579,169.65185216062847,179.56725618757855,169.92439331889804,179.82700162916009,169.98156160746242,179.64975465360945,169.71571176838921,179.51048672384704,169.71571176838916,179.59949515541408,169.8350668349153,179.78541241961412,170.15268857552795,180.14530647213758,170.36304295583597,179.80167212899516,169.5020117284831,179.44032823582705,170.08966711686273,180.16236518578742,170.17397511144819,179.84113154483549,170.14850823522622,180.08603670876209,170.13474769920592,179.71272322303216,169.68857206236808,179.62047501315612,170.13474769920595,179.79374131901093,169.29500300777337,179.16648340797781,170.3196352032918,180.1345048565712,169.04625589592678,178.9266383689426,170.86053717952905,180.58303683472346,168.52580230651438,179.30646335342018,173.30002843395397,174.29417573977776,176.37085175792157,175.02326802185618
185.12440990573072,184.24569300485058,184.86472337831424,187.22488710839031,181.269435292521,190.93871655020598,179.71436487231404,190.25391320396281,180.06085537649039,190.20827170938156,179.67493598588126,190.29053214807448,179.8141298659811,189.80443243062302,179.53316775647485,190.46234203281162,180.00399727046957,189.91029343448847,179.67502462817046,190.56820303667706,180.00936825520628,189.84834038208609,179.50107695653244,190.29955469854411,179.85233112932514,190.02015026682335,179.79846146737174,190.54789565038647,180.20898540353977,190.29782115542591,179.63713422467157,190.0291728172929,179.78575239614472,190.39639315193986,180.03503773190167,190.17165276526998,179.61791518790849,190.20827170938156,180.02562796458719,190.55518465773801,180.24662447279738,190.53887309991686,179.89648016411874,190.1187222633373,179.72898293241326,190.30684370589552,179.9814789297935,190.31413271324698,179.90154028901043,190.2612022113143,179.76949268676347,190.22458326720269,180.00319826620077,190.41270470976096,179.85449145243828,190.05676921093493,179.60239495719242,190.12774481380691,179.88741037333494,190.3434626500071,179.90588993143328,190.02917281729299,179.42474847950714,189.82473981691356,179.50724694553813,189.99255387318135,179.74055302284077,190.35075165735861,180.13305642864873,190.55518465773798,180.13919600873589,190.29053214807445,179.53436626287825,190.02917281729296,180.07301677768993,190.58451459449813,179.83277211603126,189.97450877224207,179.77859159423281,190.51127670627494,180.14601683411718,190.24489065349314,179.58036476094,190.17165276526998,180.25708457862194,190.57722558714667,179.47614695850194,189.85562938943761,180.39135202958587,190.76934285817435,179.06692469508548,189.58298522283528,181.01403949336236,191.27574996191626,178.53969610280828,190.00798887406071,183.61664303782663,184.5184903171795,186.52107529535422,184.99506888835663
174.77793186049578,173.92824491574299,174.43281650973549,176.83181909601407,171.40394666626895,180.43584104091016,169.67062771765427,179.57632597836229,170.06921873003779,179.84872096556728,169.90226863388236,179.8870703968044,170.10677331248112,179.67073451135158,169.86304122164003,180.04583781425677,170.16979477114643,179.65407529983597,169.98741477756332,180.23579386103464,170.23365437890712,179.54670636137843,169.77455288675267,179.95472858518045,169.98658009685965,179.44572833724931,169.71571176838924,179.98221840845858,170.31628954369361,179.9178595239953,169.9218858083953,179.75036229228957,169.98658009685963,180.03793753368004,170.38014915145436,180.09800630132432,170.0896671168627,179.8263507927845,169.94149951451644,180.01516785876291,170.54960328972084,180.42427095048242,170.27371647185313,179.68955404598034,169.73867113410847,179.75431243257799,170.00284814338266,179.83897122172209,170.0896671168627,179.88346023304655,169.94400702501918,179.91746002186082,170.35886261553418,180.22169447476676,170.21487535348962,179.85128079081494,169.9218858083953,179.73805272319686,169.94233419522007,179.87405046573218,170.07005341074154,179.68088375733095,169.71403893859008,179.60600512095007,169.8350668349153,179.74055302284077,170.1168068228838,180.18044524175133,170.3964171979774,180.03469775537113,170.08966711686267,179.77964193274303,169.6927524026699,179.61356554548559,170.19693447716756,180.11241654743731,169.9373157058229,179.49348753580094,169.82381727778943,180.02306813933959,170.33339227092034,179.92141016214927,169.80253074186919,179.7557332770262,170.37596534276079,180.30848305761668,170.00953946257891,179.87078169122694,170.81378029899506,180.43075038661098,169.2386693999126,179.21711341211139,171.14934638432163,180.90791116884108,168.92271702070721,179.80568486131003,173.77455982353615,174.5719417117194,176.3321230927418,174.76964496584222
185.14427148595001,184.05228263478199,184.30648744670546,186.69661298259405,180.9460109195374,190.56247366508944,179.31430245469272,189.83202882426502,179.79025032694986,190.19698687356072,179.76394441744824,190.33444009953749,179.98051723357273,190.09841487704674,179.69125522086617,190.38008159411876,179.90813889683582,189.99984288053275,179.78896305776806,190.56820303667703,179.98767803548463,189.85736293255579,179.47935762012546,190.29053214807439,179.9174600218609,189.99984288053281,179.59514551299119,190.20827170938159,179.86390121975273,190.13503382115837,179.70621325749588,190.11872226333728,179.73475341928429,190.20827170938153,179.90878973321145,190.27022476178394,179.8110818963097,190.11872226333725,179.62988478047046,190.16263021480032,180.06647769546839,190.51127670627491,179.85813073288159,189.98353132271171,179.61757521137781,190.1553412074488,179.72173348821195,190.08210331922567,179.82089116575852,190.30684370589552,179.88957069644817,190.40368215929126,180.19602499807135,190.59180360184962,180.06681767199888,190.37608576564929,179.89253002383037,190.21556071673299,179.83132227538664,190.31413271324703,179.8672005236655,190.13503382115832,179.79516216345903,190.34346265000707,179.90588993143331,190.20827170938156,179.92214964081424,190.51127670627491,180.09470699741166,190.35804066471005,179.95145981067517,190.22458326720263,179.54448651266125,189.9469123786001,179.84838098903663,190.29053214807442,179.64068486282559,189.95593492906971,179.80102129261951,190.47692004751451,180.17350665739542,190.37608576564929,179.69359282855805,190.0893923265771,180.02158918200968,190.5591804862074,179.79846146737177,190.27351794066593,180.63841751662574,190.77663186552579,178.99241656464292,189.58125167971701,181.02776990690327,191.21882363151411,178.39718839473707,189.90941687754673,183.69223203618688,184.70661175973777,186.51687226867904,184.61311287407139
175.60271702506961,174.2986048585725,174.18663461174506,176.21607021659355,170.75912298932499,180.10121696294763,169.75075537193808,179.71272322303201,170.07256438963594,179.79772198870685,169.95943692244691,180.04188767396835,170.24034569810337,179.72429331345975,169.83422868581991,179.92254914294875,170.02999131779546,179.5817856053884,169.8980882935806,180.00208828159757,169.98658009685963,179.36684003497618,169.57005167654569,179.90333010618551,170.31628954369361,179.97462898772682,170.06670775114338,179.84582116378894,169.8818202470575,179.65225495325336,169.90310678297777,179.7828525943664,169.91937482950078,179.60560561881573,169.69442523246894,179.52961711832086,169.7966741033766,179.70686409387153,169.90310678297774,179.68119461717598,169.8980882935806,179.68483389761934,169.71905742798728,179.60165547852733,170.06168926174624,179.95398910651545,169.90645244257587,179.51915701249649,169.75326635083249,179.82700162916018,170.15268857552795,180.07588746278279,170.31628954369361,180.04114819530349,170.0905017975663,180.01581869513853,170.27538930165224,180.17029599577197,170.42355690399845,180.19346517282358,170.08632145726457,179.79698251004174,170.15268857552803,180.18729518381815,170.21654818328867,179.7184937099031,169.81210746919598,179.83641139647457,170.11513399308464,180.10371726259154,170.48239802236202,180.17754543997307,170.00786663277984,179.68705374633652,169.91686731899807,179.65339393405273,169.59635670186307,179.57922578014058,170.16644911154833,180.2282044403029,170.40561602767633,180.03793753368009,169.96111322063763,179.77495231378958,170.19526164736848,180.06505685102019,169.81545312879408,179.64361519401146,170.51037587747851,180.30706221316842,169.43815212072241,179.51159812117211,171.34175988830739,180.73100416982081,168.37930753396719,179.23954464370914,173.48742344854259,174.56367092520438,176.15266222753357,174.06696864616964
185.80715874535611,184.5449849524164,184.64301896139455,186.69887526794528,180.72862457508518,190.6447341037823,179.74620433801505,190.2100052524998,179.77362011163063,189.91428926295785,179.637696418758,190.53158409256542,180.14835444180912,189.99984288053278,179.54874751279476,190.32715109218603,179.8386603618772,189.82074398844418,179.54553685117136,190.27422059025332,179.72213299034647,189.76781348651147,179.54232618954805,190.52256154209576,180.37938243702365,190.60811515967069,180.10485624339105,190.39639315193983,179.80818209453128,190.20827170938156,179.92760926784032,190.30684370589557,179.78285259436637,190.08210331922564,179.6675238497281,190.10969971286767,179.81685238318076,190.30684370589555,179.89360947902591,190.09112586969528,179.60560561881582,190.04045765311383,179.62988478047046,190.13503382115829,180.03247790665404,190.54789565038658,179.97496896425747,190.02015026682326,179.49132721268754,190.01286125947183,179.71016339778436,190.18067531573965,179.89937996589705,190.24489065349314,179.73475341928426,190.20827170938162,180.00103794308743,190.69037559836357,180.5132198564456,190.67406404054242,179.779641932743,190.02015026682326,179.87115066395378,190.54789565038658,180.0440479970818,189.98353132271174,179.33940973730171,189.91428926295785,179.79516216345917,190.60082615231923,180.51651916035826,190.67406404054245,179.8685908387063,190.11872226333725,179.75687225782573,190.01286125947186,179.3523701427703,189.93060082077901,180.00359776833511,190.65375665425191,180.24332516888447,190.44030110340293,179.83286075832058,190.2775137691354,180.15181643767357,190.44203464652111,179.43165794717777,189.81901044532597,180.26075438847263,190.77663186552584,179.37007969279591,189.96651711530322,181.23793580335055,191.14958157176031,178.12263308441888,189.66836493305578,183.5775541279244,184.63337387151455,186.24745669178679,184.04100451672204
175.07377949121565,174.23405372878764,174.84234446067308,176.87232885036457,171.0224653178955,180.18911553040081,169.71905395959561,179.53035659698588,169.5650366555401,179.15235349230232,169.63307313521099,180.11315602610227,170.29416832706968,179.51156759176462,169.7165464490929,180.01834799097858,170.04542121522312,179.34117055828071,169.61262474838614,179.81907081917572,169.85802620063453,179.43637809553871,169.90059927247503,180.29512315001395,170.6305656247082,180.23286506306007,170.25912125512923,179.97496896425747,169.98156160746245,179.89903998936651,170.21404067278598,179.92760926784024,169.9031067829778,179.84477082527886,170.2353272087062,180.13925553433978,170.2950030077734,180.00359776833517,169.94484517411456,179.54127585103799,169.71571176838918,179.82740113129461,170.1255488695069,179.87621078884538,170.11680682288377,180.14570597427189,170.33423042001573,179.85489095457265,169.7778985463508,179.46673719118766,169.50535738808131,179.34915948114678,169.73699830430945,179.68523339975371,169.8154531287941,179.53547624748126,169.79918508227107,179.97496896425744,170.44149778032056,180.00714840648905,169.69609806226802,179.39256903727562,169.83673966471426,180.0046481068452,170.21320252369063,179.66496402448041,169.55127611951988,179.39040871416233,169.75159352103344,179.93121943159812,170.34092173921198,179.93081992946372,169.81628780949777,179.66166472056764,169.98992575645778,179.73259309617097,169.68606108347362,179.59224571121291,170.07339907033966,180.11096670679274,170.31545139459826,180.03824839352512,170.06838058094243,179.93298025257695,170.31879705419641,179.97965858321086,169.54793045992173,179.49530788238354,170.58548504236504,180.43075038661104,169.46696465654261,179.34370138733223,171.04793219411761,180.56677712534261,168.46110801805006,179.50869985260522,173.75661894721401,174.68300945622414,176.2917185423791,174.38943223382643
184.61432960119228,184.0359505033291,185.07701802791959,187.39270116465806,181.1015980842848,190.52585472097778,179.26037326713561,189.68225986893654,179.2570594391641,189.4738310400877,179.40618027911967,190.3891041445884,179.96530786270179,189.84834038208612,179.63738555891291,190.52429508521396,179.88385973518101,189.75879093604183,179.60850542059401,190.47865359063272,179.87331098706713,189.90127088401883,179.75687225782571,190.63744509643084,180.26865466904948,190.36706321517968,179.82635079278447,190.11872226333725,179.61461588399567,190.17165276526995,179.94608882593857,190.17165276526993,179.6146158839957,190.29782115542591,180.23150374421564,190.67006821207303,180.2368152033485,190.4403011034029,179.65487430410482,189.79540988015341,179.55133645472799,190.40541570240953,180.13379590731375,190.27751376913537,179.85088128868057,190.52985054944725,180.24338469448847,190.42901626758203,179.83570103449495,190.02917281729299,179.40268916656956,189.77909832233235,179.58212558191889,190.14405637162798,179.76008291944922,189.98353132271168,179.53112660505843,190.08939232657707,179.90731077588148,190.17165276526998,179.46889751430101,189.76781348651144,179.61106524584167,190.28150959760475,179.92141016214941,190.14405637162798,179.69754296884642,190.01286125947186,179.5039476416255,189.94691237860013,179.70442344032062,189.96721976489059,179.36539007384252,189.90300442713698,179.8643298385725,190.39639315193986,179.9564602894738,190.31413271324698,179.92655892933013,190.36706321517974,180.0761983226279,190.53887309991683,179.97465810441241,190.24089482502376,180.0194288588963,190.36377003629764,179.45081745833721,190.01615443835385,180.55992871648701,190.73272391406277,178.90775777549879,189.33291072787461,180.64288633074534,190.81898018122504,178.12587286272776,189.81257842415101,183.68066194575923,184.69030020191661,186.67334042443437,185.00381079234529
174.66672372940789,174.16630271645539,175.18564401512322,177.38124057649537,171.3613735944285,180.1728558210196,169.5028464091869,179.44831715869333,169.67314216494037,179.3263898062296,169.69358708337361,179.9040695848505,169.98574541615594,179.44538836071877,169.85886088133825,180.05638656237073,169.92355863819432,179.41320891848704,170.0241346793029,180.40073126749263,170.36137012603686,179.7325640999747,170.00619380298079,180.09939661636494,170.13140203960782,179.67764397902209,169.77204537624988,179.5582459223985,169.71821927889195,179.75391293044362,170.08799428706359,179.72534365196984,169.79667410337657,179.90910059305659,170.29500300777337,180.14456699347252,170.42773724430029,180.2570845786218,170.08297579766639,179.57268669791904,169.84092000501616,180.042227650499,170.21654818328869,179.83172177752112,170.08464862746553,180.22530463852468,170.46445714603988,180.13194656453487,170.19693447716756,179.95614942962862,170.00117531358362,179.8201516870935,170.04876687482121,179.93371973124206,170.13140203960776,179.94022969677815,170.04709404502219,179.83246125618618,170.04709404502222,179.83030093307281,169.81712595859315,179.59514551299114,169.96529356093944,179.89682014064937,169.92272048909891,179.67724447688764,170.04542121522317,179.90333010618545,169.84092000501605,179.55389627997576,169.88098556635387,179.60023463407907,169.4627843162408,179.38355877209568,169.98407258635692,180.18044524175141,170.52915143450426,180.29077350759098,170.23365437890715,179.89179054516538,170.17062945185006,180.19710445326683,170.15519955442247,179.69211387122803,170.02246184950386,179.95182878340211,169.71571176838918,179.59295619368154,170.52831675380062,180.05166641400967,168.85886088133822,178.82321957077332,170.73198328330395,180.32369089527634,168.25995246744111,179.16139582010109,173.25410970251539,174.23120717035528,176.2624948016946,174.87401014628631
185.687701358683,184.76799179596804,185.29415794467002,187.3854121573066,181.07009859511439,190.65202311113373,179.66953588445901,190.23760164614177,179.79204014412505,189.85007392520436,179.50243815488776,190.27422059025335,179.85747989650591,189.85736293255576,179.51730754922824,190.14805220009742,179.55719558388844,189.84834038208606,179.95324962785037,190.75632447923527,180.09288665082886,190.04548437511403,179.73589240008371,190.38008159411876,179.86350171761833,189.98353132271171,179.51995601676524,189.97624231536022,179.69094436102105,190.25391320396284,179.89977946803151,190.1187222633373,179.72568362850041,190.30684370589555,179.89253002383037,190.30511016277731,180.21839517085411,190.77263603705643,180.04913711816965,190.08210331922561,179.77023216542858,190.38008159411876,179.82916195227347,190.17894177262141,180.08859653400978,190.74330610029625,180.26865466904954,190.49323160533561,180.01951750118562,190.44932365387251,180.10550707976674,190.63744509643081,180.19676447673626,190.3873706014702,179.9441798370666,190.47865359063272,179.99887761997411,190.27022476178388,179.99773863917468,190.50624998427469,179.8870703968044,190.18796432309108,180.07952674322598,190.58451459449813,179.82626215049513,189.92157827030934,179.66536352661481,190.26293575443245,179.78970253643314,190.24489065349317,180.12117547837593,190.26293575443248,179.3338905846721,189.77909832233235,179.83542058356826,190.53887309991686,180.21543584347199,190.56420720820756,180.01340703778396,190.25217966084463,179.97778012374641,190.54789565038652,179.84517032741326,189.84834038208615,179.66527488432544,190.28324314072299,179.46673719118775,189.79141405168403,180.19167535564833,190.42971891716937,178.71820123085544,189.25238383229993,180.67870505342029,190.82800273169465,178.04664458392415,189.47295448314603,183.11924187651942,184.00879003455557,185.87903386295676,184.19967304097455
176.04046909011194,174.84240820174293,174.88256246953725,176.69977149376734,170.84092347340777,180.19778581905018,170.12889106071336,180.10550707976668,170.07172624054053,179.41459923352778,169.54374665122828,179.82484130604689,170.13224018870315,179.56040624551179,169.5879925528678,179.57160583000135,169.75661201043056,179.63599524387223,170.15101574572896,180.01439785069022,169.7778985463508,179.26598106205472,169.62805811420546,179.86899034084055,170.13140203960776,179.7058137553615,169.75828484022963,179.65265445538773,169.96194790134129,179.836810898609,169.90059927247503,179.62337481493441,169.94567985481828,179.89360947902597,169.90227210227411,179.68961357158429,170.18773564746851,180.10269592027765,169.90812527237503,179.50869690667184,169.92021297859617,179.92615930670658,169.91937482950084,179.80929207913448,170.36388110493127,180.3164429842866,170.29751051827614,179.9717291859485,170.06252741084157,179.89213052169598,170.1994419876703,180.29762344965772,170.41937656369669,179.83823174305715,169.88014741725848,179.8183313405107,169.79751225247202,179.51841753383138,170.06921526164612,180.23900452265806,170.19191598777033,179.81796236778391,170.31963520329174,180.37796159257542,170.19024315797128,179.53763657059469,169.65436313952293,179.64398416673836,169.83757434541803,179.89574068545375,170.3997628575755,179.94707963884477,169.63474596501007,179.60125597639276,170.2106950131878,180.05490760504057,169.9857419477643,179.75357295391305,169.96278605043665,179.8226519867373,170.17480979215199,180.08708704727229,169.91854014879712,179.3570902911313,169.75911952093338,179.82592076124246,169.56754416604289,179.32747067414735,170.37847632165526,180.24193332063265,169.21403720439426,179.00546714561199,170.76079581912413,180.43111935933797,168.45776235845193,179.3292925539412,173.32131496987427,174.00694047491805,175.48128207844542,173.66882493697713
185.72852332946974,184.51407913747349,184.6338620804668,186.66225632383367,180.57630759756506,190.52585472097783,179.87791196373121,190.40541570240944,179.80722039831056,189.79540988015339,179.49123857039825,190.48594259798415,180.25538340373609,190.09841487704674,179.41638905070292,190.08609914769511,179.85853023501605,190.24991737549345,179.99989896228794,190.29782115542591,179.47722782641975,189.5177389915508,179.25691127127092,190.21729425985126,180.15872590534423,190.41270470976093,179.88346023304652,190.20827170938159,179.76008291944925,190.02917281729296,179.47830728161532,189.93060082077889,179.78541241961412,190.21729425985123,179.63022475700114,189.94691237860005,179.76264274469679,190.11872226333725,179.40157930245553,189.75879093604183,179.72179301381576,190.30684370589552,179.80417242863911,190.2775137691354,180.18050476735519,190.59180360184959,179.99008969283918,190.22458326720269,179.69035305024917,190.03646182464439,179.81284271728848,190.50225415580528,180.06292705731431,190.05277338246549,179.56941651069184,189.97624231536022,179.27249102759086,189.60728843759517,179.75647275569136,190.60984870278887,180.0505579626178,190.16991922215175,180.00285828967014,190.63744509643087,180.02266863720519,189.99255387318129,179.40962775092555,189.82473981691359,179.52236767411972,190.22458326720269,180.06582685909265,190.1553412074488,179.45797826024889,190.23360581767233,180.36355134646246,190.53887309991688,179.59505687070182,189.93788982813049,179.84122018712483,190.51856571362634,180.25594559782235,190.48594259798415,179.67517279606375,189.85736293255576,179.79186285954631,190.31986208483457,179.33073944865251,189.67653049734901,180.31610300775591,190.86791485468831,179.20909242662634,189.48441322632129,180.71270484223461,190.94514857138091,178.24922105963964,189.75964792221831,183.43757571569324,184.27917191580673,186.04471074807978,184.27291092919779
175.05999991223325,174.11696915776508,174.51026622511242,176.58253376025695,170.83757781380967,180.07193732249428,169.79834693317574,179.7641217020269,169.89976459177129,179.60711510555325,170.06921526164618,180.47526992734279,170.69359055176523,179.83462157929944,169.63056562470823,179.79556166559351,170.1714676009455,179.94568932380412,170.19526164736848,180.1084664071488,170.10593516338574,179.5604062455119,169.61429757818519,179.82339146540232,170.31628954369364,180.15187596327755,170.27538930165218,179.99088869710795,169.98490726706061,179.58607572220728,169.63391128430635,179.64034488629503,170.04207555562502,179.79877232721685,169.8000197629747,179.61100572023784,169.92439331889801,179.70726359600604,169.71069327899195,179.61467540959964,170.06670775114338,179.96879897525193,170.03333350900192,179.89864048723206,170.22696305971087,180.03864789565955,170.09217462736547,179.80096176701562,169.82047161819128,179.61106524584173,169.98156160746245,180.03938737432463,170.13056735890405,179.70186361507308,169.92606614869706,179.76156187677918,169.60677157828525,179.32604982969909,169.90227210227408,180.12151545490647,170.23616188940991,179.86646104500034,170.12722169930595,180.0165581738035,170.03166067920287,179.6179151879083,169.62638528440644,179.47250767805883,169.86220654093631,179.96919847738641,170.17314043074458,179.57672548049686,169.50201172848313,179.85128079081511,170.63474943340177,180.27269345162733,169.87847458745941,179.68270410391366,170.27790028054667,180.45901021796175,170.60760625898888,180.02852776636556,169.73783645340478,179.55645610522339,170.14934291592985,180.03466722596355,169.56754416604292,179.30464147362616,170.42522973379758,180.39024063226049,169.35969729623775,179.16361413560688,171.00117878197534,180.65251536968222,168.50953425999137,179.22106508561097,173.17230921843253,174.16172863539666,176.21992172985415,174.85519061165752
184.9925633414307,184.19118662473511,184.86750556054113,187.13707120546408,180.95397072571805,190.41999371711242,179.26077276927001,189.8613587610252,179.66181288846084,190.13503382115837,180.09279800853957,190.91511598503348,180.40480057947784,190.12601127068871,179.48546808352719,190.25391320396278,179.92075932577364,190.07308076875597,179.75752309420145,190.62113353860974,180.41560066183305,190.45834620434218,179.75826257286641,190.19196015156047,179.84838098903671,190.26120221131424,179.91490019661313,190.41270470976096,180.03503773190178,190.24489065349317,179.69134386315542,190.12774481380691,179.79846146737179,190.19196015156049,179.80818209453128,190.25391320396281,179.87478994439721,190.20098270203013,179.78069227125314,190.29053214807445,179.98511821023689,190.30684370589552,179.81759186184573,190.26120221131427,179.94568932380406,190.35075165735859,179.92792012768544,190.27022476178394,179.79195150183571,190.15534120744886,179.82410182738184,190.30684370589552,179.88636003482489,190.35075165735861,180.17174583641645,190.5845145944981,179.91853947705653,190.0291728172929,179.59659535363565,190.19196015156052,179.91779999839153,190.42901626758206,180.16128573059189,190.38737060147017,179.70291395358322,189.99255387318138,179.63713422467168,190.13902964962776,179.84977130407742,190.27924731225357,179.82669076931501,189.86135876102517,179.18814309829185,190.03646182464439,180.31505266924583,190.67406404054242,179.79331270019102,190.08210331922564,180.02605658340713,190.67406404054245,180.17455699590562,190.20827170938159,179.4689861565902,189.8939818766674,179.89639152182957,190.31986208483457,179.3184589962452,189.64893410370698,180.20213546147298,190.61784035972769,178.88498810058152,189.34922228569565,180.88705201600706,191.21153462416271,178.36534892903603,189.57881548701147,183.13226180759165,184.22450787075579,186.38792550615725,184.87764240218934
174.95586659660961,174.18876731600903,174.81007354020406,176.93668773482779,171.06921873003779,179.95830975274197,169.3588591471424,179.43520858533179,169.90227210227411,179.77850295194355,170.15185042643262,180.20682508042646,170.21236784298691,179.5944060343262,169.77706039725541,179.97965858321081,170.08966711686267,179.45584846654327,169.5863197230687,179.97240913900976,170.48908934155821,180.05996772993217,169.96027507154221,179.69100388662486,169.79751225247196,179.6114052223723,169.86220654093637,179.95904923140696,170.35886261553409,180.048057662974,169.98156160746242,179.66496402448055,169.78291703574803,179.71562302481027,170.06336209154529,179.88746989893889,169.88098556635384,179.57922578014058,169.88182024705762,179.87439044226267,169.98825292665867,179.64941467707885,169.85133488143833,179.86464069841776,170.13976618860306,179.92720976570595,170.04207555562502,179.82666165262953,170.00619380298082,179.82049166362401,169.9014339531787,179.67107448788204,169.92606614869709,180.07949762654053,170.51827977500619,180.32872343669376,170.34677490931287,179.82009216148953,169.62554713531105,179.48512810699668,169.92439331889796,180.12037647410713,170.48574368196014,180.03213793012344,169.83506683491521,179.6298847804706,170.00953946257897,179.92214964081424,169.91937482950084,179.52276717625412,169.71571176838916,179.5303565969858,169.56837884674661,179.65191497672259,170.35886261553412,180.11241654743708,169.77538756745633,179.39867950067722,169.82047161819128,179.8338515712268,169.94149604612477,179.61501538613015,169.69359055176528,179.53217694356866,169.96278258204501,179.73367255136657,169.36388110493127,179.20122267545716,170.31294388409549,180.17285428780841,169.0905017975663,178.94795820321539,170.94651800391367,180.81384261238244,168.75326288244077,179.41685114486367,173.39976979435895,174.37991398411762,176.10599635758956,174.30733326992993
185.30304658056619,184.28848010045394,184.66377002109553,186.850377766392,180.76296434043013,190.47292421904513,179.57151718771209,190.25391320396281,180.01920664134056,190.18796432309105,179.76289407893813,190.38737060147017,179.91680918548519,189.99984288053281,179.68804455924277,190.44203464652111,179.98767803548458,189.89398187666743,179.37769964293514,190.11872226333725,179.87877061409318,190.03646182464439,179.53217694356854,190.02917281729296,179.70621325749596,190.08210331922561,179.74416318659851,190.35075165735861,180.12944626489102,190.32315526371664,179.6179151879083,189.87767031884627,179.52606648016703,190.13503382115832,179.95179978720574,190.2775137691354,179.66388456928487,189.93788982813047,179.68014427866595,190.14405637162795,179.56981601282624,189.72616782039964,179.38750891238399,190.18067531573965,180.1297862414215,190.50225415580525,179.93047995293313,190.21556071673302,179.88562055615981,190.27022476178394,179.64975465360942,189.87767031884627,179.5864752243418,190.27022476178391,180.04114819530335,190.49323160533567,180.15477576505589,190.32315526371661,179.59258568774342,189.96721976489056,179.75397245604748,190.46563521169369,180.31570350562154,190.53887309991683,179.73515292141863,189.98353132271171,179.83280123271669,190.26293575443245,179.43776841057939,189.59097687977405,179.55429578211013,190.24662419661138,179.67937427059343,190.09841487704674,180.17689460359725,190.52256154209576,179.56031760322264,189.7221719919302,179.57246448036315,190.1187222633373,179.68400577666515,190.11872226333722,179.75696090011493,190.09841487704676,179.91481155432396,190.32715109218606,179.38034811047211,189.63991155323731,180.09140769349892,190.57393240826462,178.92481648914861,189.35824483616537,180.89606228118703,191.31236890602784,178.46376712791738,189.73031798545813,183.4972449812031,184.6627038082747,186.33029513434829,184.07762346083365
175.18209974269112,174.1680174388444,174.44173058537118,176.52286449474721,170.83925064360875,180.19167535564833,170.0675424318471,180.15551524372083,170.34008705850823,179.81910134858322,169.89976112337965,180.02636744325227,170.215713502585,179.73370308077412,169.88014741725848,179.97280864114416,170.13056735890407,179.63278458224883,169.73699830430942,179.74530216739797,169.91854014879715,179.5354762474814,169.69609806226799,179.73188273419146,170.02748033890106,179.8389712217222,170.06503492134433,180.00680842995854,170.21487535348962,179.79155199970117,169.67648435614686,179.4790176435948,169.81043463939685,179.9467396623142,170.366388615434,180.1894555069313,170.23281622981173,179.94929948756203,170.10928082298381,179.83681089860906,169.75326635083246,179.30791024813144,169.42857539339568,179.65265445538776,170.29165734817525,180.22530463852459,170.25744842533013,179.98943885646341,170.25744842533013,179.99162817577303,169.79583942267294,179.3806589703174,169.62805811420549,179.64037400298059,169.88851156625381,179.8672005236655,170.26786330175224,180.01951750118565,169.99159858625688,179.76918182691844,169.95944039083852,179.94929948756186,170.38265666195707,180.20321491666854,170.00619380298082,179.56907653416124,169.94233419522013,179.80966105186135,169.50703021788033,179.19255238680785,169.94149951451644,180.0723062952213,169.86053371113729,179.5586164283369,170.25661374462641,180.27053312851407,170.02664218980567,179.64185437303269,170.00452444157344,179.88385973518106,169.964455411844,179.91819950052584,170.13140550799946,179.86285088124262,170.25661027623471,180.29947279243669,170.04291370472043,179.53254744950672,170.24034222971173,180.04259662322582,168.98323443726153,178.93570815972646,171.08715960635993,180.94444025349546,168.65017586243769,179.13097719884837,173.26163570241528,174.59255106352342,176.31709787640293,174.13965784275175
184.95547757193998,184.06316170991539,184.59315128816968,186.89601926097319,180.83639301567723,190.61540416702212,179.82040302133461,190.39639315193986,179.90813889683582,190.03646182464442,179.77955329045369,190.67406404054236,180.32881207898308,190.24089482502382,179.66527488432558,190.33444009953746,179.98693855681955,190.13503382115832,179.67542413030498,190.20098270203013,179.79556166559351,190.06579176140454,179.71016339778427,190.25391320396284,179.88056043126832,190.2612022113143,179.97496896425747,190.44932365387251,179.96555919694308,190.17165276526995,179.68739372286714,190.20827170938156,179.95614942962862,190.59180360184962,180.39894145031752,190.81654398851944,180.30848305761666,190.49496514845379,179.85597040976836,190.13902964962779,179.72318332885652,190.07481431187418,179.55463575864073,190.02015026682332,179.91166041830434,190.48594259798415,180.01945797558176,190.32315526371664,180.00464810684522,190.34346265000718,179.69640398804714,189.93060082077895,179.56731571318232,190.02917281729296,179.67107448788227,190.17165276526993,179.88963022205203,190.15534120744888,179.63417489728963,190.0381953677626,179.65305395752205,190.19924915891187,180.12614696097833,190.54789565038658,179.78905170005734,189.94691237860005,179.78831222139237,190.27422059025332,179.4793576201256,189.76781348651147,179.87734976964481,190.3891041445884,179.49413837217665,189.83931783161646,180.05971639569088,190.73601709294482,180.03272924089538,190.26120221131424,180.00729657438214,190.34346265000713,179.78600373038603,190.25391320396284,179.80472009866662,190.02015026682326,179.84607249803025,190.61384453125825,179.96999748165518,190.15863438633093,180.36306320203875,190.58122141561611,178.73347012733018,189.25065028918172,180.97165127954747,191.45258656865363,178.48548646432448,189.58610449436293,183.3691780486522,184.79616120578206,186.71282760036897,184.50968639873838
174.61020344127115,173.88773934305948,174.55028780884706,176.79162020150872,171.02664565819731,180.18837605173582,169.92188234000358,179.84977130407739,169.85969903043366,179.49959799920262,169.96445541184403,180.3587425558122,170.56754416604295,179.89139104303098,169.90143395317867,180.04839763950451,170.29667583757248,179.84508168512394,169.85886088133816,179.72568362850046,169.88349307685661,179.69350418626871,169.96194790134129,179.85884109486116,169.98323443726147,179.83206175405164,170.17564794124735,180.02596794111787,170.00452097318174,179.76915271023302,170.10593516338571,180.16452550890091,170.3876751513543,180.22385479788014,170.41603090409856,180.14897616149923,170.15268857552803,179.75391293044356,169.6535249904276,179.46559821038815,169.9014339531787,179.96990883936584,170.0863214572646,179.72139351168144,169.96529356093936,179.89031017511326,169.92439331889807,179.57342617658412,169.79249376307473,179.80167212899514,170.07256092124427,179.88306073091204,170.02580750910195,179.78251261783575,169.93898853562195,179.7857523961446,169.9064524425759,179.50428761815596,169.54374665122819,179.42579881801734,169.69609806226799,179.73765322106257,170.23281622981173,179.98872837399472,169.79751225247199,179.54704633790905,170.06838058094246,180.01149804891182,169.83757434541801,179.51841753383127,170.02915316870013,179.9449193157314,169.77538756745636,179.62624550002704,170.25326808502828,180.19090534757581,170.09133647827002,179.8446821829894,170.12889452910503,179.81719235971127,169.82046814979961,179.67252432852672,169.75243167012874,179.32670066607471,169.63140030541197,179.79334181687636,169.8630446900317,179.78578292555227,170.75159352103339,180.43765985428155,169.23448905961078,179.10894546938479,171.13391301850223,181.00339915702577,168.8187953200005,179.49499996847172,173.68690616935245,174.93013446886781,176.61097260357957,174.46298703138223
184.95547757194004,184.11609221184813,184.71288932132376,187.03849920895016,180.94672128151691,190.66833466895486,179.82981278864912,190.3434626500071,179.77899109636724,189.99984288053278,179.91811085823659,190.76361348658685,180.20833456716397,190.08939232657704,179.69134386315542,190.53158409256542,180.18695520728753,190.17165276526998,179.55824592239844,190.01286125947186,179.64324468807339,190.02917281729293,179.68739372286709,190.11872226333716,179.75357295391296,190.36706321517971,180.24918429804507,190.50225415580525,179.71883368643356,190.02015026682332,179.83971070038731,190.51127670627494,180.17714593783859,190.45661266122397,179.93593957995907,190.08939232657715,179.50249780098093,189.99984288053278,179.73336310424344,190.12601127068871,179.78791271925809,190.27022476178396,179.83971070038714,190.22458326720263,180.02522846245293,190.39639315193989,179.61106524584176,189.61631098806475,179.2822407714358,190.13902964962773,180.02016833756144,190.38510831611899,179.988018012015,190.42398954558183,180.05126832459746,190.41270470976099,179.89866960391743,190.08210331922564,179.55170684017705,189.95090820706952,179.57345529326949,190.1074374275164,179.96265939516474,190.28150959760475,179.56981601282624,189.94691237860008,179.91529969874759,190.44203464652114,179.76042289597979,189.93060082077892,179.68779322500137,190.29053214807445,179.89352083673683,190.32315526371664,180.03833703581435,190.19196015156044,179.47605831621286,189.93962337124862,179.74425182888794,190.1187222633373,179.6967148478922,190.11872226333728,179.65200361901202,189.80443243062305,179.41854937381618,189.81745080956216,179.15639227488009,189.86465193990719,180.48320073732717,190.82227336010706,179.18706223037415,189.67253466887954,181.00423022391342,191.13327001393924,178.22719086338745,189.81986743150244,183.84414951157268,185.03721315027303,186.6827186217935,184.36489490377454
175.18209974269112,174.28775547199857,174.71259891384165,176.84517900361686,171.08883243615898,180.31141338880249,170.08882896776731,180.03577721056666,170.04793219411758,179.73626290602178,170.21320252369057,180.32119212884379,170.15185389482431,179.4547981280331,169.71403893859016,180.01439785069027,170.21487535348965,179.62337481493438,169.63140377380367,179.56805519184738,169.8154531287941,179.63713422467166,169.82047161819128,179.67437379179492,169.96529356093947,180.17069549790634,170.66895835624689,180.21879467298865,169.88182024705753,179.51264704696027,169.77957137614993,179.85233112932497,170.16728379225191,179.98147892979355,170.07172624054061,179.6584540589443,169.69442523246886,179.94318902416032,170.58465036166137,180.33242224274096,170.17397511144819,179.74996279015528,169.79918508227109,179.86680102153102,170.4218840741994,180.2072245825608,169.87763990675572,179.2276316308176,169.49076217135735,179.77748160962972,170.06168926174618,179.75613277916088,170.05211253441945,180.16452550890091,170.44149778032059,180.16418553237031,170.19442696666479,179.94608882593857,170.10760799318481,179.88385973518095,169.86137186023268,179.61396504762001,169.96362073114037,179.91273987349982,169.94400702501918,179.66132474403722,170.00452097318174,179.9409691754432,169.96696639073846,179.56080574764641,169.68857206236805,179.72864295588275,170.15436140532708,180.0288677428963,170.0487668748213,179.41573821432732,169.2950030077734,179.28337975223528,169.71654991748457,179.71602252694478,170.06503492134431,179.95293876800517,170.09301277646085,179.74385232675348,169.81712595859312,179.33508909107536,169.0863214572646,179.30032082739956,170.44651626971779,180.1550852121789,169.25661027623474,179.23738278738472,170.91937829789251,180.25748254754507,168.06586613365627,179.25540485095593,173.74285841119362,174.79728786235228,176.32483481391827,174.17686411152249
185.38318625929614,184.46114863554075,184.93809653337266,187.18097915692726,181.04112981450615,190.72126517088756,179.85514228881394,190.34346265000718,179.75366159620248,189.99984288053278,179.9434403584014,190.62113353860971,179.86069055812948,189.72217199193017,179.45658794520816,190.34346265000718,179.96771952005642,189.99984288053281,179.54488601479574,190.06579176140451,179.6840944189544,190.02917281729296,179.64654399198605,190.06579176140463,179.76693286151584,190.44932365387254,180.26584350956063,190.44932365387254,179.76693286151584,190.08210331922564,179.68344358257875,190.16263021480032,179.92067068348427,190.50225415580525,180.13959551087041,190.30684370589549,179.75536277108813,190.46963104016308,180.41560066183303,190.69939814883315,179.9629993716953,190.09338815504654,179.5767254804968,190.2775137691354,180.31570350562157,190.67406404054239,179.79266186381523,189.84105137473469,179.6374742012022,190.26293575443248,179.63309544209395,189.82300627379541,179.69936331542917,190.47465776216325,180.14240667035935,190.35075165735861,179.82345099100615,190.20827170938156,179.9123403713655,190.31586625636515,179.66246372483661,189.86864776837663,179.70942391911927,190.54789565038652,180.20577474191637,190.22458326720266,179.65916442092373,190.15534120744888,179.77239248854201,190.04548437511409,179.59514551299105,190.10969971286758,179.88923071991772,190.28653631960506,179.77529229032007,189.82473981691356,179.15670313472518,189.66195248264606,179.59153534923334,190.35075165735856,180.18982589238024,190.44932365387257,179.8429504786962,190.23360581767233,179.97857912801524,190.1227180918066,179.1946821805135,189.88998604819798,180.43840086615779,190.58851042296752,178.92293802968425,189.44779428220968,180.6392761669876,190.5413092926224,177.74965957521931,189.57152647965998,183.57539380481114,184.52751286764914,186.28418681438799,184.37877193306321
175.13715653640494,174.36738743460359,174.95109810927843,177.11393471037846,171.25661374462638,180.30811408488992,169.96278258204501,179.84977130407739,169.81879878839223,179.49959799920262,170.00535565388546,180.1286762568183,170.00619380298082,179.40123932592499,169.75493918063145,180.05564708370565,170.23448905961084,179.79698251004172,170.00452097318166,179.93766987153049,170.00870131348358,179.69350418626863,169.83673966471429,179.64685485183119,169.83757434541798,179.76983266329404,169.9882529266587,179.72173348821184,169.92104765929989,179.93772939713423,170.16979477114643,179.93627955648972,170.17564794124735,180.17103547443699,170.31628954369361,179.86751138351053,169.85718805153923,179.76653335938144,170.01037414328258,179.7694331611597,169.88014741725851,179.69751385216097,169.87596707695664,179.93337975471147,170.44651626971776,180.17788541650361,169.90143395317875,179.55676696506859,170.00284814338261,179.95432908304593,169.82297912869407,179.48407776848634,169.91686731899802,179.95398910651525,170.05127438532401,179.70942391911919,169.81378029899503,179.6052061166813,169.86471405143908,179.783192570897,169.8154531287941,179.4811779667082,169.9014339531787,180.27920341716339,170.6101172378834,179.92686978917527,169.71403893859014,179.67508415377424,170.02413467930293,179.89898046376248,170.09384745716451,179.94022969677795,170.08464862746547,179.82015168709327,169.96529356093941,179.7007536304699,169.6714658667496,179.55710694159913,170.09050179756636,180.34208334429658,170.62889279490918,179.98758939319532,169.67313869654868,179.70868444045431,170.39892470848014,180.20716505695691,169.82297912869399,179.77927296001613,170.79333191217015,180.40548041204988,169.29583768847706,179.21785289077624,170.88516937504738,180.25316202180761,168.1722988132575,179.20995402292147,173.27121589813387,174.02542003301625,175.91810565132226,174.58662750342037
185.12814610702682,184.34812160586944,185.02579406287904,187.3324816553739,181.14278779169655,190.75788411499911,179.83632275418506,190.34346265000715,179.77248113083132,189.9469123786001,179.80488279061848,190.62113353860971,180.09149633578824,190.03646182464442,179.68844406137711,190.42572308869998,179.9503789427576,190.11872226333722,179.85958057352613,190.47865359063275,179.99122867363857,190.11872226333722,179.63423442289334,190.01286125947186,179.56725618757858,189.99255387318135,179.68054378080035,190.0567692109349,179.68409441895437,190.32315526371661,180.1555152437208,190.59180360184956,180.19957563622526,190.5022541558053,179.86069055812931,189.98353132271168,179.52276717625418,189.99255387318138,179.54053637237291,189.93788982813044,179.80349247557791,190.35977420782822,179.84221100003111,190.24089482502379,180.15187596327755,190.57549204402846,179.79732248657228,189.94691237860008,179.68779322500157,190.23760164614171,179.77378280358255,190.23360581767233,180.04774680312886,190.33444009953755,179.69671484789217,190.08210331922564,179.75366159620231,190.02917281729293,179.57697681473809,190.15534120744888,179.85458009472765,190.13503382115837,179.80778259239688,190.48594259798418,180.12333580148922,190.13503382115834,179.53902688563531,190.13902964962773,179.85563043323779,190.32315526371664,180.16847564918922,190.67406404054245,180.03213793012353,190.10969971286758,179.72898293241312,190.29955469854406,179.80892157319639,190.19196015156049,180.0744666183345,190.7889475948775,180.41446168103357,190.35075165735864,179.45914777045596,190.11698872021904,180.38228223880185,190.72872808559333,179.53760604118708,189.90127088401888,180.46157004320938,190.85889230421859,179.19928315717758,189.65622311105841,180.86286149664159,190.88093323362739,178.16672259360882,189.75062537174864,183.28673910822513,183.94683698215323,185.9458729641334,184.68223195227961
175.04575300918182,174.24075015516394,174.81095219851079,176.93958753660598,171.11011897207922,180.3020036214881,170.04625589592683,180.03577721056669,170.09050526595803,179.61652487286767,169.89976112337962,180.22894391896799,170.46529529513526,179.82521181198499,169.83757434541803,179.76767234018098,169.75828484022969,179.36723953711069,169.73365264471133,179.91313937563439,170.10928082298389,179.65521428063551,169.77622571655175,179.64688396851668,169.73867113410847,179.57021551496078,169.93815385491831,179.82740113129475,169.90310678297774,179.80963205566508,170.23783471920896,180.23431490370461,170.397251878681,179.98147892979358,169.84175815411155,179.51594635087301,169.77789854635077,179.75801123862522,169.85719151993092,179.75909210654282,170.35718978573499,180.31718246295162,170.09719311676267,179.6917143690936,170.14516257562806,180.23255408272581,170.19526164736845,179.65160411687756,169.71487708768552,179.59949515541402,169.83590151561893,179.96845899872145,170.4064541767718,179.97496896425758,169.83422868581985,179.74095252497534,170.05295068351487,179.72543229425909,169.74992069123434,179.83286075832049,170.27957311034578,179.99668830066454,170.02664218980567,179.83641139647452,169.90059927247503,179.55099647819748,169.79834693317565,179.81182137497478,169.88098556635384,179.66388456928499,170.23281622981176,180.35263209241063,170.23616188940986,179.57197633593961,169.7353254745104,179.83715087513957,169.98490726706058,179.68054378080038,169.94149951451647,179.96234853531968,170.23783471920891,179.9782682681701,169.96111322063763,179.94824914905183,170.57088982564102,180.08171606253572,169.25242993593295,179.02067639599369,170.25744842533013,180.27010309697206,169.32130456469909,179.09157577540063,170.74992415962603,180.43688984620906,168.67396990886064,179.75280601226305,173.63391822108974,174.04415092535578,175.61649398663027,174.22609204601915
185.3401323500569,184.37988607116196,184.8552858509054,186.99285771436897,180.80421357344565,190.52585472097786,179.65000598785065,190.25391320396281,179.848469631326,189.94691237860008,179.6366460802478,190.52256154209579,180.19281433644798,190.00886543100239,179.36862985215129,189.95993075753918,179.52862630541469,189.72217199193022,179.51190756829524,190.20827170938153,179.76264274469688,189.91029343448855,179.63963452431554,190.25391320396278,179.76659288498522,190.07308076875597,179.91168953498979,190.40541570240956,179.77344282705198,190.02015026682326,179.78510155976892,190.41270470976099,180.07258815887016,190.35075165735856,179.80102129261945,190.13503382115834,179.86134139450516,190.38008159411874,179.83030093307281,190.22458326720266,180.21913464951913,190.82556653898914,180.0758874627827,190.16991922215175,179.97752878950521,190.63744509643089,180.04799813737017,190.09841487704671,179.62377431706875,190.00383870900225,179.52887763965595,190.13503382115837,180.04123683759263,190.3597742078282,179.78896305776814,190.20827170938159,179.85458009472765,190.08210331922564,179.59579634936688,190.35075165735859,180.27781310212259,190.51856571362634,179.91160089270053,190.20827170938153,179.63969404991931,189.98353132271171,179.83601189434015,190.31586625636518,179.55429578211007,189.69683788363949,179.67724447688769,190.44203464652108,179.81398169808779,189.7678134865115,179.45047748180659,190.10241070551615,179.67684497475321,189.92660499230956,179.57783546509995,190.1169887202191,179.89460170465435,190.46563521169361,180.08282604713878,190.39239732347045,180.09791765903498,190.08609914769505,178.80800878718048,189.36224066463475,180.19167535564841,190.69610496995116,179.00867627402405,189.20674233771871,180.34880112381887,190.75702712882264,178.43587780250476,190.29468231313297,184.05687523326773,184.56413181176075,185.88824259232445,183.88221301092389
175.31577665499952,174.3754240588741,174.79045983408292,176.75003099196275,170.85886434972988,179.96771952005639,169.5905000633706,179.64719482836179,169.94149951451641,179.59184620907851,169.88265492776128,180.06175754710731,170.16979477114643,179.36723953711058,169.32214271379451,179.59082486676456,170.0003406328799,179.76554254647505,170.13474769920586,180.09939661636491,170.00284814338266,179.56256656862504,169.94735268461727,180.1283362802877,170.20651120449435,179.83132227538658,170.15937989472425,180.0422276504988,169.89808829358063,179.47216770152818,169.73281796400758,179.80787123468616,170.11346116328568,179.98437873157181,170.14850823522619,179.96191991649968,170.25493744643569,180.11812750870448,170.00702848368445,179.6446060069178,170.05127438532406,180.25458427897797,170.37178500245892,179.99270904369064,170.26079408492825,180.16196568365308,170.06754243184704,179.74342370793366,170.06670775114341,179.92214964081433,169.86220654093637,179.60165547852722,169.91854014879712,179.85523093110319,170.05127438532404,179.9025906275204,170.04207555562499,179.72494414983541,169.90728712327956,180.13299690304495,170.56419850644477,180.19272569415855,170.152688575528,179.89937996589711,169.90059927247501,179.74021304631015,170.19358881756946,180.03972735085497,169.77622571655175,179.29091106008516,169.73532547451038,179.78433155169628,169.67313869654873,179.23124179457542,169.67063118604597,179.84366084067565,170.04792872572588,179.85088128868051,170.15352672462339,180.06357789369008,170.27120549295864,180.18365590337476,170.28208062084849,179.86350171761828,169.98072345836704,179.65444427256278,169.34259456901106,179.42551848757964,170.64934465012573,180.40621989071488,169.23281622981173,178.88217847430371,170.57340080453554,180.37724969738457,168.5232947960117,179.60350788772871,173.85970596721708,174.6768989928224,176.01528179787098,173.87109473451463
185.51280088514363,184.50605446131797,184.92871452615262,186.9489497629059,180.65988551879153,190.3304442710681,179.44452971035685,190.08609914769508,179.73814136548629,190.00886543100239,179.91555103298893,190.65775248272135,179.97141832610347,189.66924148999749,179.22612214408005,190.27422059025332,180.13379590731373,190.41270470976093,180.18513486070478,190.66677503319096,179.93516957188652,190.10969971286764,179.9181995005259,190.63744509643087,180.19957563622532,190.40368215929132,179.97826826817018,190.21729425985117,179.52961711832097,189.87767031884627,179.61436454975444,190.17165276526998,179.94634016017983,190.39639315193983,179.87444996786655,190.22458326720272,180.08273740484941,190.67406404054245,180.02562796458736,189.94691237860008,179.4594877469865,190.24489065349317,180.08239742831893,190.51856571362637,180.19926477638012,190.44932365387251,179.74126338482034,190.14631865697919,180.01044771040182,190.46736875481184,179.84326133854128,190.00383870900217,179.5861352478112,190.0657917614046,179.73509339581486,190.16436375791847,179.74530216739799,190.10241070551615,179.84326133854131,190.54789565038652,180.25643374224609,190.38737060147017,179.79226236168083,190.21729425985126,179.80787123468613,190.26120221131427,180.04765816083957,190.38008159411876,179.64398416673836,189.90300442713706,179.77023216542864,190.18467114420898,179.38710941024965,189.70586043410913,179.80102129261951,190.5152725347443,179.94812997735497,190.30684370589555,180.22357293423124,190.7563244792353,180.19155618395155,190.34346265000715,179.69399233069254,190.02015026682338,179.86455205612839,190.40941153087883,179.64512314753779,190.13103799268899,180.65393774734184,190.92310764197222,179.03150547454504,189.30531433423261,180.66963526263663,190.97950523014134,178.15012290769707,189.50783988413946,183.31456890803395,184.49089392353753,186.35361350090668,184.35089489294026
175.4363593708064,174.43391686356512,174.76837912667028,176.59194352757132,170.59134168085762,179.85995107946425,169.77371473765726,179.81222087710901,169.8409234734078,179.50835693014119,170.12972920980866,180.37870107124044,170.17314043074455,179.36905988369341,169.69107957287079,180.13808602413283,170.3417564199157,179.81540254253625,170.00452097318177,179.92865960635058,169.92272048909896,179.73731324453203,170.14850823522622,180.17393527621527,170.36638861543403,180.06977699938119,170.03956804512228,179.55790594586807,169.59301104226492,179.67181396654723,170.02748033890103,179.84508168512397,170.12805638000961,179.92865960635046,169.79918508227107,179.53402640683689,170.07005341074151,180.26698249035999,170.31545486298995,179.56376507502833,169.44066309961693,179.56404552595509,170.09552028696359,180.1044567412566,170.29500300777337,179.8708106874233,169.83673966471434,179.7315427576608,170.02915316870011,179.8393111982528,169.92104765929992,179.64324468807337,169.77789854635083,179.55824592239873,169.71236610879106,179.48555672581656,169.61346289748155,179.49462651660028,169.87596707695667,179.87444996786661,170.07172624054061,179.67147399001652,169.69107957287082,179.60850542059401,169.94567985481822,179.93081992946384,170.21152969389149,179.83641139647466,169.71571176838913,179.56981601282635,170.02580750910201,179.83425107336134,169.67146586674957,179.58789606879003,170.31963520329182,180.18223505892652,169.79667410337655,179.39833952414668,169.94149951451649,179.98255838498918,169.94818736532096,179.42514798164166,169.41686905319398,179.41829803957498,170.09217462736541,180.13197556073121,169.87763990675575,179.67431567891316,170.7591195209333,180.57069826943467,169.27455115255682,178.88174985548386,170.75577732972687,180.6564655099707,168.58798908447605,179.18598584160108,173.17398204823164,174.24746687973638,176.10018369670007,174.37233604015705
185.51280088514369,184.52236601913901,184.9656141167452,186.79744726445927,180.25183276558209,190.10570388439814,179.68474525532994,190.44203464652108,179.80648091964554,189.85562938943761,179.8765216486905,190.82556653898911,180.14175583398358,190.04375083199588,179.90299012965494,190.73601709294479,180.09720729705538,189.90127088401886,179.3484795280857,189.93060082077903,179.63849554351606,190.2408948250237,180.07884679016485,190.50954316315671,180.15397676078703,190.51856571362634,179.85094081428423,189.92157827030937,179.54843665294982,190.36879675829792,180.14610547640635,190.40368215929124,180.03173842798901,190.35977420782825,179.61396504762004,189.79540988015339,179.59224571121283,190.27022476178391,179.8508812886806,189.98353132271174,179.53257644570294,190.22458326720263,180.14786629738538,190.55518465773795,179.93988972024746,190.02015026682332,179.52640645669757,190.05450692558375,179.70547377883082,190.10067716239794,179.82231201020667,190.33946682153774,179.96194903318522,190.17165276526998,179.59875567674897,189.84105137473463,179.37013933888898,189.85736293255582,179.6356552673416,190.12601127068865,179.79337234628395,190.09841487704676,179.60165547852733,190.02015026682329,179.77239248854187,190.37608576564929,180.09470699741158,190.20827170938162,179.45658794520824,189.99984288053273,180.05601758964374,190.52256154209576,179.77344282705201,190.15134537897947,180.2025640802928,190.49496514845379,179.40840012783684,189.52502799890229,179.49829632645111,190.15134537897944,179.6474766920106,189.79540988015339,179.28198943719465,189.76781348651141,179.79797332294802,190.29955469854409,179.37093834315783,189.86291839678904,180.66911800152724,191.12527835700041,179.09771382227652,189.16110084313743,180.58932752863723,191.36529940796052,178.89023991362129,190.12287242839579,183.55441394706904,184.35969881138132,186.08161033867233,184.28922248701892
175.31577665499958,174.5045718593426,175.08261469847366,176.74787066884952,170.33674139891005,179.61538589206833,169.92522799960182,180.32474276699787,170.3375760796138,179.71340458881534,170.1297292098088,180.46981030031685,170.44484343991871,179.9377004009379,170.33757607961388,180.41560066183291,170.2574484253301,179.538036072729,169.52246358369968,179.61180472450658,170.07256092124427,180.16452550890071,170.42104939349571,180.15113648461246,170.3776381725599,180.30413341519375,170.23950754900804,179.74922331149014,169.94066136542108,180.11497637268482,170.35886261553412,180.05601758964377,170.25744842533013,180.08603670876212,170.02580750910198,179.57993614212009,169.68940674307174,179.63738555891288,169.88600058735929,179.81969265935524,170.15101574572896,180.20864542700917,170.58548504236498,180.26004390600389,170.02580750910201,179.50323727964584,169.61429757818519,179.6848338976194,170.00284814338272,179.96521922041251,170.35886261553406,180.32551277507039,170.46612997583895,180.09470699741141,170.04542121522314,179.7600829194491,169.90143395317867,179.88016092913387,170.17397511144827,180.01581869513845,170.1919159877703,180.00029846442243,170.08966711686267,179.85779075635099,170.04542121522317,180.02852776636547,170.3000214971706,179.899379965897,169.75326635083246,179.85054131214986,170.59050353176224,180.456450392714,170.12972920980874,179.74237336942352,170.19442696666479,180.0744666183345,169.83757434541801,179.60060514001708,170.13307833779854,180.1779449421075,170.29249202887891,179.96555919694302,169.92690429779248,179.5694165106917,169.8793092681631,179.77492178438192,169.50786836697574,179.53550677688875,170.8759670769567,180.67210491238365,169.23950754900801,178.86807908803598,170.91937829789254,181.22155538906131,169.44483997152702,179.93773246355673,173.56755110282634,174.25943647229855,175.89317497599023,174.28082730894613
185.16746381497006,184.46943551720628,185.26984856965106,187.1736901495758,180.3943404736535,189.9908203300632,179.53066745683094,190.5609140293256,180.16566448970039,190.08210331922567,179.74595300377368,190.55189147885588,180.08603670876224,190.18796432309105,179.88056043126829,190.41670053823034,179.80167212899522,189.93962337124859,179.60313443585736,190.32715109218597,180.15326627831826,190.60082615231929,180.15841504549914,190.47692004751454,180.09285753414338,190.63744509643084,180.20941402235965,190.46563521169364,180.04475835906118,190.52985054944722,180.04950762410775,190.27751376913542,179.8429213620106,190.34346265000713,179.95037894275762,190.2172942598512,179.74200286348528,190.22857909567207,179.9474791409794,190.4054157024095,180.01439785069013,190.48594259798415,180.19346517282369,190.48594259798418,179.82990143093835,189.97624231536022,179.47324715672383,189.99654970165071,179.7835920730314,190.40541570240953,180.1782849186381,190.57549204402846,180.13990637071549,190.53887309991688,180.09544647607657,190.48594259798412,180.11241654743725,190.67406404054245,180.36494166150317,190.72699454247515,180.23215458059136,190.62842254596117,180.20577474191626,190.44932365387257,179.82700162916015,190.26120221131427,180.02852776636556,190.39639315193986,179.79226236168083,190.40368215929132,180.47782975259054,190.73601709294479,179.70686409387162,189.88495932619776,179.7941713505528,190.41670053823034,179.88806120971068,190.31586625636515,180.14798393587088,190.64144092490025,180.25557509188423,190.66677503319099,180.04922576045885,190.11872226333728,179.76073375582484,190.25790903243225,179.47003649510043,189.94291655013066,180.46728100447675,190.70738980577198,178.82241903329339,189.29629178376297,180.92213126001698,191.39965606672095,178.59976487045262,189.70498387716739,183.18326078445213,184.18059991929275,186.03129899203694,184.20841494496324
174.65514664755719,174.12968241065917,175.03924745514075,177.03868568854855,170.73783645340481,179.57163635940887,169.37596534276076,179.64833380916113,169.88433122595197,179.27573080589963,169.40059753827913,179.54667583197093,169.83841249451334,179.47540747983712,169.67313869654868,179.54337652805827,169.60760625898891,179.40552944274407,169.84426566461428,179.96009956991711,170.18689749837316,179.87041118528902,170.00953946257894,179.82339146540238,169.92104765929992,179.81364172155739,170.13056735890402,180.1359562304271,170.44149778032059,180.25603424011175,170.25912125512912,179.74416318659874,169.6681202071515,179.61501538613015,169.96696639073849,179.83570103449509,170.00786663277987,179.8676000257999,170.08381394676184,179.77319149281058,169.77789854635083,179.63022475700106,169.92439331889804,179.76332269775807,169.90310678297777,179.61541488826455,169.66728552644784,179.38750891238394,169.61262474838611,179.62766493175334,169.92439331889807,179.71593388465539,169.93898853562197,179.95614942962879,170.25912125512917,180.0787872645611,170.23281622981179,180.13595623042704,170.3392489094129,180.12003649757654,170.2132025236906,180.16088622845749,170.4644571460399,180.08273740484955,169.86053371113726,179.64250520940843,170.04542121522317,180.01365837202533,170.09050179756633,179.958309752742,170.33757607961388,179.9127398734999,169.57005167654563,179.38966923549722,169.93982668471736,179.88451057155675,169.90394146368143,179.6052061166813,169.7745528867527,179.57987661651643,169.86304122164,179.87800060602061,169.98239975655787,179.59480553646068,169.94233419522007,179.9170895159229,169.7336526447113,179.47932862392923,170.30252900767326,180.00131827352499,169.01995087060939,179.03150700775626,170.94819083371269,180.42204956855412,168.10676637569767,178.80110226544321,172.94401396180257,174.02681034805696,175.70184039756012,173.73253716673173
184.83602018526696,184.21293066524396,185.07861338632225,187.3854121573066,181.02521008165556,190.3540448362406,179.28866209468262,189.87767031884627,179.48632673388909,189.54307309984151,179.14905418838961,189.87767031884636,179.62593464018212,189.87367449037686,179.60125597639288,190.15534120744888,179.64580451332102,189.9632239364212,179.87621078884538,190.50225415580528,179.90731077588146,189.99082033006314,179.64870431509937,190.19698687356069,179.72099400954698,190.02743927417475,179.73336310424355,190.36706321517968,180.17714593783859,190.70668715618464,180.28176324241113,190.26120221131424,179.48151794323869,189.93060082077898,179.68995354811486,190.1350338211584,179.7879127192578,190.18796432309111,179.71744337139307,189.84834038208609,179.33176079096617,189.9469123786001,179.78436208110404,190.13503382115837,179.69350418626868,190.08210331922564,179.66462404794987,189.94691237860008,179.54374703399628,190.03646182464439,179.68270410391366,190.05277338246546,179.76514304434062,190.36706321517974,180.05311778786557,190.24089482502382,179.66422454581536,190.14232282850975,179.89395086827867,190.32142172059849,179.88488107749484,190.38337477300078,180.15477576505577,190.35977420782825,179.58317592042908,189.98353132271174,179.89253002383037,190.44932365387251,179.95574992749422,190.24089482502379,179.85384061606263,190.0567692109349,179.41854937381621,190.09841487704674,180.16097487074683,190.46563521169367,179.72420467117041,189.90127088401886,179.44473752434303,189.77510249386293,179.43878975289323,189.94691237860008,179.49283669942525,189.86465193990725,179.87001168315436,190.49496514845382,179.74095252497523,190.06006238981698,180.34069302925585,190.63415191754879,179.06007475301888,189.54636627872361,180.75355457311576,190.72040818471106,177.85603770077057,189.54219654289983,183.55873459329564,184.52751286764914,185.92093915624196,183.51656855445978
175.16785283963964,174.42094623671181,175.03457142316032,177.3190710113418,171.58799602125941,180.5577393971775,169.9874147775634,179.86464069841782,170.00368629247805,179.63639474600672,169.83924717521714,179.96629867560807,170.17314043074458,179.84403134661369,170.17230228164919,180.25717322091108,170.25661374462646,179.93198943967067,170.39809002777642,180.46915946394111,170.30169432696965,179.68560390569181,169.87763990675569,180.00754790862345,170.19526164736848,179.91746002186079,170.10760799318481,179.95904923140691,170.11346116328573,180.11062673026206,170.41770373389761,180.01911799905108,169.90645244257595,179.74095252497523,169.98072692675871,179.82666165262947,170.0675424318471,180.00674890435468,170.13474769920583,179.73725371892817,169.85886088133827,179.94713916444874,170.25326808502825,179.89903998936646,169.94233419522016,179.9272097657059,170.23950754900801,180.09760679918992,170.2950030077734,180.15227546541203,170.23198154910804,180.00865789322674,170.26079408492825,180.2311042420811,170.33423042001573,179.8230514888717,169.73867113410844,179.7912120231706,170.2950030077734,180.2122847074524,170.25744842533007,179.97101882396905,170.15018106502529,179.83971070038717,169.73532547451035,179.64870431509922,170.15185389482431,180.11136620892694,170.17230228164919,179.85128079081485,169.96445888023572,179.72864295588258,169.87847458745941,180.09760679918986,170.65603596932201,180.36966180986411,170.25242993593292,180.02497712821156,170.19526511576021,179.94938812985117,170.06503492134433,179.88385973518098,169.90394493207313,179.76804284611887,170.31879705419644,180.33961216133815,170.15352672462336,179.95657946117061,170.74908601053073,180.41417981738473,169.40896168727451,179.30615096036385,170.93899200401373,180.49374795222977,168.54792699153006,179.84622373234583,174.25745536211352,174.98039396706338,176.00390072094393,173.53749803858398
185.675312181056,184.54340907423355,184.76553917677541,187.02218765112912,181.13121770126884,190.97533549431759,180.02766911600358,190.56820303667703,180.21021302662851,190.43301209605147,180.06240838348296,190.70339397730257,180.14073449166983,190.20827170938156,179.96404971020547,190.7033939773026,180.05459674519551,190.073080768756,179.90043030440728,190.7033939773026,180.11821615099379,190.08210331922564,179.70115313260433,190.45331948234195,180.15616608009654,190.45834620434221,180.0176971546029,190.20098270203013,179.54553685117145,190.10969971286764,180.0310875916133,190.44932365387254,179.90944056958719,190.16436375791855,179.66320320350167,190.04948020358339,179.80562226928359,190.56820303667701,180.34001166347269,190.58451459449813,180.11926648950393,190.62113353860971,180.14610547640646,190.29782115542585,179.79226236168083,190.38008159411876,180.08387638564895,190.54789565038652,180.29256332476612,190.80023243069834,180.2857133826995,190.59180360184962,180.25387391699846,190.67406404054239,180.03898787219012,190.15534120744888,179.66931366690335,190.43301209605147,180.4188113234564,190.77263603705634,180.03321738531903,190.11872226333728,179.68449392108886,190.19196015156044,179.73765322106249,190.13503382115837,179.92470946606207,190.34346265000715,179.77634262883024,190.11872226333725,179.84912046770168,190.23760164614171,179.70470377075827,190.27022476178394,180.1996642785146,190.64872993225171,180.09970747621009,190.54789565038649,180.27673223420499,190.65775248272135,180.16372638414282,190.62113353860968,180.19389379164349,190.59180360184956,180.3456935080545,190.65775248272132,179.72577227078978,190.15863438633087,180.51504020302832,190.72370136359314,178.9960558450862,189.48441322632124,180.83349321389886,191.13327001393924,178.49017608327793,190.19611031661901,184.12015466253536,184.96797109051923,186.23646305309455,183.78752843957955
175.51131349784634,174.17196757913283,174.04648870097748,176.0040839735635,170.52748207309685,180.04765816083949,169.87763643836405,179.91200039483485,170.23700003850519,179.8982409850976,170.08799081867187,180.05234777979297,169.94317234431546,179.33827075650251,169.69191425357445,179.94596965424179,169.92272048909891,179.19280372104896,169.46529182674357,179.73398341121171,169.87847458745938,179.39577969889908,169.69442523246897,179.84977130407751,170.08715613796824,179.70291395358325,169.77957137614985,179.41968835461566,169.397251878681,179.46599771252275,170.09301277646077,180.01365837202528,170.04291023632868,179.5549466184859,169.48908934155824,179.27317098065211,169.6305656247082,179.86214039877387,170.2728817911495,179.98403875504118,170.13140203960776,180.04148817183398,170.13307486940687,179.76258321909305,169.90143395317867,179.76443256187196,169.81378029899503,179.63309544209386,170.0708880914452,180.14925661242592,170.27789681215501,179.97744014721584,170.20985686409244,179.9695093372315,169.84259283481524,179.51625721071815,169.79416659287384,179.9279201276855,170.34008359011659,179.9629993716953,169.71403893859011,179.28545143305928,169.60927908878801,179.85918107139179,170.19358881756938,179.82916195227349,169.94233419522016,179.6819340958412,169.65185216062847,179.49743767608931,169.94233419522016,179.73293307270151,169.59133821246587,179.34552020070353,169.83506683491524,179.83746173498466,169.90226863388236,179.70572511307222,170.06921526164615,179.93758122924118,170.02580404071026,180.01251939122582,170.38182198125344,180.21805519432357,170.37596534276074,179.91635003725779,169.50703021788038,179.45399912376422,170.4882511924628,180.20389474924053,169.08381047837008,178.9551785307309,170.90394493207313,180.67488554246515,168.54708884243465,179.25867503818313,173.37931793914237,174.40589432065821,175.92239871667473,173.79624939648627
185.63376253466024,184.28233038993315,184.22043066535679,186.29503598918674,180.42365064351438,190.3540448362406,179.52122869332027,190.0893923265771,179.82496047774382,190.01615443835385,179.632296437825,190.22458326720263,179.67915346575973,189.67653049734895,179.41419973139335,190.27022476178388,179.84443084874823,189.72217199193022,179.28835123483759,189.9762423153602,179.55355630344505,189.75879093604183,179.56981601282632,190.23360581767233,179.79047254450555,189.90127088401883,179.47071786088378,189.93060082077901,179.51625721071798,190.09841487704671,180.06326703384502,190.44932365387257,179.78501291747961,189.89398187666737,179.3958683411883,189.80443243062311,179.49018823188811,189.99984288053281,179.65342446346031,189.95420138595151,179.63525576520721,190.2775137691354,179.98042859128338,190.29382532695649,179.94889998542752,190.17165276526998,179.33506009487897,189.57066949348351,179.51881703596584,190.37608576564932,180.07153782035994,190.23187227455412,179.78146227932561,190.08210331922569,179.48441774501711,189.89398187666731,179.69646351365077,190.24089482502379,179.92863061015422,190.17894177262147,179.52788682674958,189.79540988015339,179.58607572220734,190.42172726023063,180.22820444030287,190.40368215929129,179.85739125421662,190.11872226333725,179.49132721268757,189.89398187666734,179.78180225585626,190.12774481380691,179.33901023516742,189.66021893952782,179.71744337139299,190.32315526371664,179.6609252419027,189.81172143797451,179.58218510752275,190.13503382115837,179.71118474009819,190.23187227455415,180.04956714971144,190.43630527493352,180.01757951611731,190.20827170938162,179.34921900675064,189.9705129437726,180.52985007176486,190.78565441599545,178.96532624349913,189.38584122980728,180.88955231565089,191.17491568005107,178.18776197695479,189.34505254987195,183.0931728976895,184.33939142509084,186.11430690258985,183.92357803055478
175.81538865058027,174.65633163737093,174.72841524628902,176.78806956335478,171.19024662636301,180.45071043525044,170.09384745716451,179.98767803548466,170.12638701860232,179.74351235022294,169.92606614869715,180.08933601267486,170.31545486298995,179.8473306505264,169.98825292665876,180.14289481478289,170.35802793483043,179.84773015266092,169.88098556635384,179.8459098060782,169.98574541615599,179.72759261737232,170.04709404502216,180.06400651250982,170.15352672462345,179.83502108143372,170.10593516338568,180.12077597624148,170.2395075490081,180.02127832216442,170.31461671389454,180.11136620892702,170.009539462579,179.71818285005796,170.00201346267897,179.98187843192798,170.17230228164922,179.9272097657059,170.00953946257891,179.76588252300581,169.9832344372615,180.03543723403615,170.29584115686876,180.166745357618,170.50535738808128,180.16526498756585,169.78124420594898,179.31302989862684,169.73114513420856,180.08683571303109,170.42272222329476,179.96780816234562,169.94484517411462,179.6653635266149,169.75493918063142,179.75687225782568,170.15185389482443,180.06616683562316,170.27873496125034,180.13925553433981,170.25159525522926,179.92075932577359,170.00953946257897,180.04734730099446,170.37847632165526,180.16418553237017,170.25744842533013,179.94352900069077,169.87931273655479,179.68344358257863,170.07005341074151,179.94136867757757,169.83673966471434,179.71093340585691,170.38349481105249,180.37114076719411,170.11095365278294,179.53738523635332,169.79417006126556,179.90927787763513,170.13391301850223,180.02497712821162,170.31378203319085,180.12583610113305,170.28458813135128,180.00393774486571,169.81294561829131,179.87158069549585,170.88098556635393,180.49050829441023,169.2574484253301,179.14698404077694,171.13140550799952,180.89313041678983,168.64934118173403,179.25481354018402,173.36221521191564,174.51631122878732,176.14492529001825,174.0297623773989
185.87864544775505,184.77459825887621,184.95495034177301,187.29256953238027,181.3974135827826,191.06488494036188,180.05629792008131,190.47865359063269,179.97900774683518,190.2448906534932,179.93187026797381,190.65775248272138,180.3240919306221,190.40541570240953,179.82228148079915,190.41670053823034,180.13669570909201,190.29053214807445,179.62911477239794,190.11143325598582,179.91603917741264,190.43301209605144,180.07983760307121,190.48594259798418,180.03577721056672,190.43301209605147,180.14459598966886,190.68308659101208,180.19710445326683,190.49323160533564,180.18331592684413,190.6284225459612,179.97786876603575,190.17165276526993,179.85958057352616,190.51527253474427,180.16631532607602,190.53158409256542,180.17322479374647,190.62113353860968,180.18439538203978,190.48594259798418,179.93121943159815,190.38737060147017,180.20972488220471,190.63015608907935,179.91998931770109,189.95993075753918,179.53075609912031,190.23760164614174,180.02306813933967,190.30684370589552,179.77964193274295,190.10241070551609,179.71667336332047,190.20098270203016,179.84656064245402,190.29053214807445,180.01149804891188,190.67406404054239,180.46586016002851,190.63744509643084,179.83641139647452,190.0567692109349,179.71272322303207,190.35977420782828,180.11747667232879,190.34346265000715,179.67582363243946,189.9762423153602,179.71957316509869,190.32715109218611,179.94457933920103,190.50225415580522,180.48467969465722,190.75632447923527,179.74595300377388,189.78812087280204,179.56444502808952,190.38008159411871,180.12719729948836,190.5022541558053,180.11756531461816,190.53887309991683,180.21003574204983,190.47865359063266,179.64077350511499,190.1952533304426,180.59062920138865,190.6707708616604,178.80072881357168,189.30531433423266,180.80816371373405,191.16988895805082,178.41384760625246,189.9184394280164,183.81665968829455,184.93135214640765,186.56298058863939,184.31196440184178
175.18408418141118,174.22246284238719,174.44739721397355,176.74235151621963,171.17564794124726,180.17276717873034,169.77036907805922,179.67863479192832,169.86555220053444,179.70612461520659,170.0412374065296,179.98212976616929,170.07256092124425,179.56105708188767,169.52246011530795,179.53933774548054,170.00702848368448,179.64133569920139,169.40143221898285,179.23800309435288,169.88014741725846,180.08378774335966,170.25493744643569,179.86711188137627,169.9832344372615,179.79186285954646,169.9252279996017,179.85193162719071,170.08632145726455,179.99014921844301,170.38098383215802,180.32656311358062,170.25410276573191,179.65802544012445,169.73616015521407,179.76727283804647,169.92439331889793,179.67434467510938,170.02078901970484,180.13049660340096,170.36304295583588,179.89568115984994,169.7966741033766,179.60520611668119,169.88182024705753,179.77995279258806,169.91770199970173,179.49197804906325,169.48825119246285,179.374740315553,169.73448732541496,179.65040548998516,169.83757434541801,179.64645534969668,169.90143395317872,179.62186532819686,169.58966538266679,179.33065080636322,169.62721996511013,179.87686162522104,170.4899240222619,180.19701581097755,169.91770199970173,179.31729089876032,169.44484343991869,179.66601436299058,170.12972920980872,179.75752309420147,169.65185216062847,179.34296037545582,169.60927908878804,179.72278382672206,170.1101155036875,180.07258815887002,170.40059753827919,179.8594919312369,169.41937309530491,179.12727532637874,169.67731903685055,179.96686086969453,170.2916538797835,179.94304085626706,169.99159858625691,179.83277211603124,170.11969223101423,179.84687150229902,169.63892977370364,179.62183633200047,170.54374665122816,180.00782823906101,168.77706039725547,178.70919249888658,170.67063118604591,180.45058973034247,168.46528835835187,179.4702617790787,173.79668104016,174.87938682624866,176.52001379900909,174.49035073235171
185.30828704470582,184.30064202759536,184.56511935242452,186.82278137274997,180.72057612661521,190.11299289174968,179.11181462126646,189.73519037086928,179.5253561181874,189.95593492906971,179.731853617506,190.11872226333725,179.52461663952241,189.6163109880647,179.18419295800336,189.98353132271174,180.01476835662842,190.14405637162798,179.23519193486379,189.64390738170675,179.78436208110404,190.56420720820762,180.07548796064825,190.17894177262144,179.75002231575914,190.04548437511406,179.43301926602209,189.83202882426497,179.57928530574461,190.18796432309108,180.1105672046582,190.69037559836349,180.1269459652471,190.03646182464445,179.46849801216649,189.99255387318132,179.50255732658474,189.71314944146056,179.48913789337797,190.33044427106813,180.15403628639092,190.27751376913537,179.64614448985157,189.95593492906977,179.51881703596584,189.92157827030934,179.60381580164054,190.00886543100245,179.58863554745508,190.03646182464433,179.82231201020664,190.31413271324706,179.87621078884555,190.18796432309105,179.8136417215571,190.08210331922561,179.45223830278556,189.65292993217645,179.24716152742579,189.94691237860005,179.96120955452034,190.46563521169369,179.9239699873969,189.93060082077895,179.33974971383248,189.99255387318132,179.9080502545464,190.20827170938156,179.55099647819742,189.80443243062308,179.51955651463075,190.06579176140448,179.70942391911933,190.20427588091218,180.017328181876,190.14631865697925,179.27314186396663,189.71488298457871,179.77933107289783,190.49496514845382,180.10837776485954,190.26120221131427,179.65490342079028,189.99984288053281,179.76545390418585,190.19196015156052,179.47219681821366,190.08539649810768,180.60293877048139,190.77663186552573,178.93564710091135,189.34922228569565,180.74414480580128,191.02341318160441,178.23876095381516,189.77422593692123,183.70090232483628,184.84909170771476,186.59308956721486,184.45675589680567
175.72885744168968,174.76192258285269,175.03304078352897,176.95994555416871,170.94401049341087,179.75187177902717,169.31963520329177,179.419776996905,169.77539103584806,179.55108512048676,169.84175815411157,179.73558154023846,169.77539103584806,179.42449714526586,169.71487708768552,180.02861640865478,170.54876860901717,180.06986564167033,169.77539103584803,179.68930271173897,170.29751398666789,180.32955155764802,170.27873496125028,179.86615018515522,170.06754590023883,179.85241977161425,169.79751225247193,179.52936578407957,169.75410449992785,179.69970329195974,170.07256092124425,180.09544647607649,170.2319815491081,179.75292211753731,169.84175815411152,179.84951996983608,170.00034063287995,179.68634338435692,169.97198488013572,180.1584150454992,170.45860397593896,179.9967478262684,169.92523146799343,179.744251828888,169.92021297859617,179.80392109439785,170.09301277646085,180.06946613953599,170.29584115686876,180.22070366186057,170.54542294941902,180.41711014857057,170.4047813469727,180.04339716070609,170.15018106502524,180.01300753564945,170.11095365278297,179.73774186335183,169.73616362360571,179.60825408635282,169.96111322063763,180.05715657044325,170.38349481105249,179.9464288024692,169.77622571655172,179.67403381526427,170.15185389482437,180.0705164780461,170.04709404502216,179.72759261737249,169.98574541615596,179.78294123665572,169.75493918063151,179.74641215200126,170.32047335238715,180.07671558373707,169.85969903043363,179.64845298085797,170.08799775545535,180.01309617793879,170.09133994666172,179.82024032938273,169.87680522605208,179.67983341882095,170.09719311676264,180.03651668923183,169.8325593244125,179.80756178756317,170.92523146799343,180.82223257059437,169.75493918063148,179.49462804981155,171.19526511576021,180.83852127617158,168.67062771765427,179.51745878354387,173.69359748854865,174.67078852942072,176.13718835250293,173.99255610862818
186.28799681773552,185.15355631900624,185.32203450844816,187.33647748384331,181.06460985140282,190.50954316315665,179.44495832917676,190.02188380994153,179.71312272516639,190.02015026682329,179.75317345177862,190.34346265000718,179.85563043323771,190.02917281729299,179.75175260733033,190.58451459449807,180.33853270614262,190.33444009953749,179.59042536463016,190.18067531573965,180.11136620892705,190.52256154209573,179.90259062752051,190.17165276526995,179.84261050216551,190.34346265000718,179.95068980260262,190.25391320396287,179.73228223632583,190.08210331922569,179.81034241764453,190.38737060147017,179.96160905665465,190.18796432309108,179.82049166362393,190.46963104016302,180.16597534954539,190.49496514845384,180.09072632771557,190.5845145944981,180.18405540550921,190.33444009953746,179.65265445538768,190.1187222633373,179.97280864114424,190.53158409256542,180.08998684905049,190.44932365387254,180.1272859417777,190.71797199200552,180.4209716465696,190.74330610029622,180.12077597624153,190.35075165735861,179.93732989499986,190.52256154209579,180.1688751513237,190.36879675829783,179.80241160766016,190.13902964962779,179.68449392108883,190.26120221131427,180.17103547443688,190.49496514845384,179.71667336332047,190.07308076875603,180.05385726653051,190.62113353860971,179.9347700697522,190.13503382115837,179.91208903712419,190.29053214807445,179.57697681473809,190.16263021480032,180.30388208095255,190.69939814883321,179.890221532824,190.12601127068868,179.81555071042919,190.17894177262144,179.73321493635046,190.2612022113143,179.84556982954763,190.2408948250237,180.24076534363695,190.70339397730265,179.59338469201234,189.81901044532597,180.37577227326577,191.15287475064235,179.70180396897999,190.01042506676635,181.16160732632517,191.29206151973727,178.42902786043811,189.90941687754676,183.66039257048587,184.52751286764914,185.96445989086024,183.72585603365823
176.03537871336778,174.87068601801803,174.90594531109593,176.91811953444028,171.22947057021355,180.29645535217284,169.82046814979961,179.73830405743817,169.98323443726147,179.82296284658241,170.17146413255378,180.1499669744056,170.12972920980869,179.62939663604695,169.86136839184095,180.06166890481811,170.27287832275778,179.67459600935075,169.61178659929072,179.64349602231474,170.0266421898057,179.77665348867552,169.81461497969869,179.60230631490307,169.84092000501616,179.84863232327805,170.21236437459518,179.96910983509716,169.90477961277688,179.65842494225888,170.02078901970484,180.04549783772634,170.15436140532705,179.84468218298952,170.06586960204802,180.04469883345743,170.23866939991257,179.92462082377276,169.9373157058229,179.747373848222,170.02998784940377,179.83996203462848,169.79500127357755,179.60446663801628,170.09050179756633,180.07437797604513,170.02329653020755,179.68656560191269,170.04792872572588,180.14305750673503,170.31963173490007,179.94014105448875,169.94066136542108,179.7379640809076,170.00535565388543,180.00094930079808,170.15101574572893,179.77230384625253,169.92188234000355,179.78640323252034,169.79834693317565,179.61387640533059,170.10844267388848,180.03352824516418,169.88014741725848,179.63525576520712,170.23448905961084,180.19485548786429,169.94316887592379,179.56577723024841,170.04709404502228,179.98286924483423,169.85969556204185,179.76545390418585,170.35718978573507,180.20963623991537,170.11178486509485,179.96507105251939,170.25410276573206,179.99691051822043,170.15101227733717,180.12753727601887,170.13224018870321,179.85301249510817,170.45860050754726,180.35112260567277,169.65519782022665,179.05461665920416,170.04625589592681,180.36232219016233,169.69191425357454,179.52381904797559,171.21404067278593,180.78157452786152,168.6706242492626,179.52777072147524,173.52915837128765,174.24416757582372,175.66700426323496,173.75092390087363
185.63973067440887,184.50421637762506,184.6366165025992,186.98556870701756,181.14889825509823,190.76690666546881,179.69455452477877,190.19196015156052,179.9120890371243,190.35977420782825,180.10260727798831,190.53158409256534,179.86794000233047,189.93060082077901,179.58027611865086,190.39639315193986,180.14826579951966,190.22458326720266,179.62442515344461,190.01286125947183,179.57706545702737,189.88669286931594,179.52350665491926,190.01286125947186,179.67798395555269,190.11872226333725,179.85523093110334,190.21729425985117,179.65265445538782,190.0567692109349,179.89648016411877,190.45834620434223,180.00063844095305,190.29782115542588,179.93772939713418,190.27022476178394,179.68989402251103,189.84105137473463,179.27900099312691,189.72616782039958,179.58607572220745,190.18969786620931,179.79556166559351,190.05676921093485,179.75357295391308,190.12774481380688,179.45948774698661,189.77909832233229,179.70982342125373,190.42172726023063,180.01220853138065,190.10969971286761,179.56441591140415,190.0291728172929,179.76622249953621,190.18067531573968,179.65882444439339,189.95819721442095,179.73114325552632,190.27924731225355,179.76082239811427,190.07308076875603,179.91746002186088,190.34346265000713,179.59909565327959,189.94691237860005,179.97826826817021,190.54789565038655,179.84468218298943,190.11698872021904,179.99674782626846,190.40541570240956,179.68838453577337,190.08210331922561,179.94648832807295,190.4239895455818,180.00054979866374,190.69037559836354,180.51370800086931,190.76361348658671,180.25847489366257,190.63015608907938,179.87123930624313,190.11698872021904,180.15468712276657,190.61384453125822,179.38463822729113,189.40788215921603,179.83897122172232,190.52829091368338,179.1378240744925,189.67982367623097,181.04152931664055,191.20251207369304,178.43877760428296,189.95505837212804,183.59782350319776,184.41262931331403,186.19455775980941,184.47063292609437
175.02548672509292,174.07758699669876,174.35166763324952,176.69118984740709,171.20028360515732,180.2702527980764,169.83506683491532,179.77609129458909,170.04960502391663,179.82274062902655,170.00619380298085,179.82058030591327,169.81963693748762,179.44982664543076,169.71153142808737,179.94361764298006,170.34343271810647,180.0058467337376,170.04458653451945,179.65024279803305,169.50619553717669,179.23167041339519,169.61346289748147,179.69143250544474,169.9202129785962,179.59233435350208,169.75745015952592,179.63102376126986,169.81545312879405,179.70621325749585,170.00953946257891,179.85162076734545,169.98490726706061,179.81694102546999,170.02497282839832,179.67517279606372,169.63140377380367,179.32101882149283,169.46529529513532,179.30219928686418,169.5888307019631,179.63392356304826,170.00703195207623,179.76017156173842,169.85802620063455,179.5076755643581,169.46864095473339,179.2982491465757,169.75243167012877,179.85571907552705,170.07089155983692,179.63648338829597,169.6902448921671,179.59267433003282,169.8451038137097,179.60859406288333,169.70985859828829,179.61766385366712,170.00870478187531,179.89005884087203,169.94149951451644,179.78766138501672,170.19442696666479,179.94426847935588,169.73532547451032,179.48086710686309,169.96445888023572,180.08933601267498,170.27706213145126,180.0911563592577,170.33674139891019,179.88675953695929,169.65519782022659,179.50042612015687,169.88015088565021,179.82965009669712,170.10928082298386,180.18019390751002,170.46446061443157,180.03728669730421,170.02748033890106,179.81768050413507,169.77539103584806,179.61942467464615,170.23783471920893,180.01843663326804,169.44233592941598,179.06201427129844,170.0462593643185,179.99819625419093,169.15436140532708,179.17956298514295,171.06671121953508,180.635944800456,168.54959982132911,179.46463946010076,173.50285681436193,174.38247380936528,176.29733093601976,174.85562341214438
185.03935345196592,184.12254100982085,184.54055709101885,186.94894976290587,180.98032156819696,190.53314372832926,179.55420713982068,190.13503382115832,179.83141091767607,189.99984288053281,179.49669819742425,190.03646182464448,179.72975294048572,190.05277338246546,179.7180942077687,190.36706321517968,180.10016662443755,190.38337477300078,179.93949021811309,190.17165276526995,179.43671807206931,189.75879093604183,179.68665424420203,190.46563521169367,180.10627708783929,190.14232282850978,179.54414653613068,190.07308076875603,179.85739125421668,190.33946682153774,179.92686978917524,190.21556071673297,179.7969825100418,190.18796432309108,179.70837358060919,189.98353132271168,179.58283594389846,190.17165276526998,179.97786876603575,190.2336058176723,179.56691621104792,189.97450877224205,179.85995107946431,190.37608576564935,179.82265198673724,189.98353132271171,179.56080574764624,189.99255387318135,179.59474601085674,190.07308076875597,179.80679177949054,190.18796432309108,179.79081252103632,190.27751376913537,179.91712004533019,190.16263021480029,179.68699422073274,190.24991737549345,179.98693855681947,190.35804066471007,179.96698004139137,190.456612661224,180.05385726653046,190.24991737549342,179.71232372089759,190.19924915891195,179.88238077785098,190.41999371711242,180.24011450726115,190.75961765811732,180.24628449626672,190.16263021480032,179.35782976979618,189.9632239364212,179.97968911261844,190.50954316315674,179.97638980870568,190.174945944152,179.74783299644943,190.04375083199591,179.46667907830602,189.81172143797451,179.49968664149179,190.20427588091215,180.22706545950356,190.34346265000721,179.19724200576104,189.69284205517002,180.30200362148818,190.74001292141421,179.15374380734298,189.64320473211939,180.94277114122849,190.97777168702314,178.09295394183104,189.6317459889442,183.43214661807474,184.48187137306792,186.47755456073583,184.78578140915818
175.11781925660929,174.30819948391252,174.7972898750553,177.01977751163056,171.24908427633471,180.26427590994123,169.90394146368149,179.97851960241135,170.23448905961078,179.78211311570132,169.79500127357753,179.95936009125217,170.44317061011964,180.27476513245125,170.38181851286168,180.24363602872978,170.35635163663966,180.12605831868902,170.34091827082028,180.18720654152884,170.11011550368758,179.89170190287621,170.37596534276079,180.65498808585201,170.84259283481524,180.24258569021964,170.08548330816922,180.04725865870526,170.3843294917562,180.26254420564783,170.31461671389462,180.05672795162343,170.25410276573197,180.05740790468451,170.02998784940382,179.80053314819577,170.10676984408937,180.33193409831728,170.79834693317562,180.42708210997134,170.12972920980874,179.88519193733993,170.35802446643871,180.38367255384276,170.279569641954,179.8757821700255,170.18689749837318,180.13404724155501,170.09468213786815,179.82256334444807,170.12471072041151,180.14561733198263,170.40812353817913,180.39200286596147,170.600080259089,180.18001662293139,170.13725520970866,180.148517133761,170.41853841460127,180.34060438696662,170.71487361929377,180.5099205525328,170.19191598777036,179.72966429819638,170.152688575528,180.39058202151315,170.4185384146013,180.03315927243722,170.40394319787731,180.48749085414616,170.48490553286476,179.90185114885543,169.81545312879405,180.02158918200965,170.75577386133523,180.77216629375835,170.56837884674658,179.91302173714877,170.04792872572594,180.09970747621023,170.10676984408937,179.70217447491811,169.96696639073852,180.19957563622509,170.60593342918983,180.05160830112783,169.63223845450733,179.88374209669539,171.11011550368755,180.84127432277882,169.7115279596957,179.53322881529004,171.215713502585,180.70598552950116,168.48155640487491,179.38526301340389,173.57173144312813,174.58530161932228,176.30719241740979,174.46384477136792
185.49025446834216,184.55085574652048,184.97379763649622,187.29256953238024,181.23608634008247,190.82383299587093,179.8283919442008,190.42572308870004,180.08717568956166,190.23760164614166,179.74339317852599,190.60482198078864,180.57732740666756,190.80925498116801,180.14203616442111,190.51527253474433,180.06835615493281,190.52256154209576,180.31459352101837,190.84587392527965,180.21086386300419,190.29053214807442,179.92393945798938,190.79294342334688,180.57402810275491,190.71068298465408,180.07841675862286,190.5315840925654,180.1688751513237,190.46963104016302,179.90984007172156,190.29053214807448,179.94821861964431,190.33617364265569,179.85702074827844,190.27422059025329,179.96413835249479,190.53158409256542,180.28315355745181,190.65775248272132,180.06505685102007,190.38008159411874,180.08782652593737,190.52429508521396,179.89465981753611,190.22857909567207,180.07156681655627,190.61384453125825,180.02124779275695,190.29053214807442,180.02130731836078,190.60482198078864,180.207165056957,190.62113353860971,180.24270332870518,190.47865359063275,179.88485054808734,190.36377003629764,180.0466368185256,190.7269945424751,180.73495584332071,190.9607574796147,179.80207163112962,189.79038315815316,179.73333257483597,190.64820119001868,180.12506609306052,190.18293760109083,179.89397986447494,190.53158409256545,180.07656741584395,190.29053214807448,179.781491275522,190.5225615420957,180.6937066103051,191.27504731232887,180.39823096784883,190.31812854171642,180.04731677158676,190.99008741637479,180.58448820857944,190.50624998427469,179.85381008665505,190.49496514845379,180.31064338072997,190.43700792452086,179.50977624137832,190.28653631960501,180.89273244786673,191.03070218895584,179.18521276710607,189.69284205517008,181.05201853915051,191.23184201045316,178.43081767761325,189.92243525648581,183.62423245855828,184.52022386029765,186.24728722379538,184.36246037524214
175.14271423721826,174.11706358453586,174.33752413060114,176.51064356794376,170.92774244688778,180.0622166953348,169.66979303695064,179.56805519184746,169.77706386564708,179.40271828325507,169.57005167654572,179.80787123468613,170.2762274507476,179.70661275963033,169.48407085216101,179.32101882149288,169.61262821677786,179.61115388813093,170.10760799318476,180.06150621286599,170.00535912227713,179.22837110948251,169.15603423512613,179.38173842551285,169.91854014879709,179.67187349215095,169.77957137614985,179.64654399198596,169.87763990675569,179.53942638776965,169.57005167654563,179.34008969036304,169.5087030476794,179.28659041385868,169.54291197052456,179.46713669332212,169.67564967544314,179.36186855237392,169.54625763012274,179.5521354589969,169.88098556635379,179.52970576061026,169.52831675380062,179.22982095012708,169.37847632165523,179.35245878505958,169.82214444799033,179.68202273813037,169.69024489216713,179.38975787778654,169.73783645340481,179.71386220383144,169.813780298995,179.41212805056944,169.55462177911804,179.39404799460564,169.56419850644477,179.32172918347248,169.48490900125648,179.61075438599659,170.30002149717055,180.02710692191741,169.60844440808432,178.97550601888611,169.31628954369359,179.46781664638331,169.61764323778331,179.24790100609098,169.53873163022274,179.48305642617274,169.69944372186612,179.49496649313093,169.64767182032665,179.62337481493435,170.19860730696661,180.04302665476786,169.72947230440943,179.14880285414836,169.57088982564105,180.07085645457659,170.48574368196012,179.81364172155736,169.56587133624382,179.50363678178053,170.00953946257897,179.67656311110446,169.31461671389454,179.22729165428706,170.19609979646384,179.69791194157338,168.56670601694751,178.67454187369648,170.73700177270112,180.43731846502885,168.4627808478491,179.2566033573591,173.15186083160771,173.88035249969721,175.64359318344003,174.17049904310642
185.37015116945062,184.28760520768537,184.56151427313728,186.80802945069277,180.85774337935743,190.58207840179256,179.6029876806862,190.09668133392856,179.7312624272233,189.84434455361674,179.40115068363559,190.15863438633087,179.91717969142343,189.74577255710275,178.96381828997278,189.63991155323734,179.58545541523924,190.09268550545917,179.92425185104582,190.44359428228495,179.85421112200081,189.6196041669468,178.92586836087006,189.62359999541627,179.49425754387349,189.8077256095051,179.46306891454802,190.04375083199582,179.75144316020734,189.97953549424233,179.53072710292406,189.96322393642112,179.53004714986287,189.819010445326,179.5166277166563,190.03246599617501,179.60853595000151,189.7294609992816,179.23556244080194,189.82803299579567,179.6754546597125,189.88998604819798,179.21964270795144,189.52502799890226,179.31806090683287,189.94291655013069,179.69677449398523,189.97051294377266,179.444308905523,189.83532200314707,179.63926555158869,190.17494594415203,179.71596441406291,189.78239150121436,179.24787200989471,189.73848354975127,179.46056861490416,189.73848354975132,179.24787200989471,189.8353220031471,179.83570244721702,190.28480277648683,179.6757946362431,189.76381765804206,179.30288065264739,189.78638732968375,179.48549861293472,189.88998604819798,179.50184696460514,189.9175824418399,179.7039948215008,190.19525333044251,179.69717399611966,190.00313605941486,179.79445321420152,190.09668133392856,179.26305226408027,189.34193327834424,179.13720376752437,190.06006238981689,180.02195968794777,190.17494594415203,179.42551848757978,189.92487144919139,180.04512886499933,190.33946682153774,179.18564291913722,189.38584122980728,179.74675354125375,190.06579176140457,178.55974479373734,189.33620390675662,180.87767277810005,190.96475330808406,178.1924225997119,189.66436910458643,183.22198072162732,184.00705649143731,185.98956316674318,184.57006357295796
176.04984367483095,175.16718810908952,175.67716887527314,177.71873533955079,171.83757781380962,181.04425183384021,170.6297274756129,180.68867701482102,170.8409234734078,180.28318408685934,170.2728783227578,180.52518944900768,170.77873669544618,180.09686732052486,169.96278258204498,180.33523340222987,170.90059927247503,180.72878726703726,170.90226863388239,180.9161834885673,170.92355863819438,180.28969405239548,170.1885703281722,180.23761420761741,170.40478134697275,180.11568685515365,170.37931100235897,180.49045018152847,170.61011723788343,180.20398492474123,170.34092173921204,180.45867024143115,170.68689923256898,180.49807013166765,170.72073025778639,180.67275728197063,170.73030698511312,180.31246372731275,170.2574484253301,180.18911553040073,170.48407085216104,180.28787370581273,170.25577559553108,180.13811655354039,170.54625763012268,180.58485871451757,170.67313869654873,180.38154276013702,170.50368455828217,180.52405046820832,170.81963346909592,180.74834628033102,170.8187987883922,180.38194226227137,170.29333017797433,180.23687472895224,170.50703021788036,180.30919354008546,170.36304295583588,180.30305395999829,170.60342591868712,180.4991204701777,170.61429757818522,180.37216210950797,170.38182198125344,180.24304471795787,170.55918001704762,180.47743025045608,170.43359388279291,180.27627461918874,170.74657503163621,180.82868442324857,170.78291703574803,180.42174165464235,170.64432616072853,180.49045018152836,170.34510207951385,179.98943885646335,170.16979477114643,180.28753372928225,170.71236610879103,180.55631855272907,170.42606788289297,180.33600341030234,170.99950248378454,180.84568361129467,170.20028013676571,179.79735301597989,170.66561269664879,180.73029522056348,170.03166067920287,180.20938643888545,171.95860571013486,181.30797499918447,169.05127091693234,180.03609113683439,174.02414161608633,174.75825847805402,176.48305312080927,174.93772237604085
186.06703390926975,185.25953810586515,186.00095254108223,188.02701020167405,181.53639964889618,191.25700221138959,180.38034272052241,191.1528747506423,180.7119638303584,190.49896097692323,179.83052173790659,190.75303130035329,180.51333749493119,190.54460247150448,180.06857695976646,191.08363269088858,180.95934017724352,191.10723325606105,180.554778536584,191.18949369475402,180.71261466673414,190.81325080963742,180.29253279535857,190.92084535662099,180.45937919068865,190.66174831119076,180.2668633186631,190.74174646453241,180.07989571595294,190.20497853049955,179.86137039070127,190.67077086166037,180.45246972301814,190.94444592179357,180.69339562997078,191.18047114428427,180.61740712947613,190.83858491792819,180.28898215720466,190.72370136359308,180.3290924094207,190.76032030770469,180.27957238989026,190.7490354718839,180.51648863095073,190.98506069437457,180.35226158647237,190.63415191754879,180.33998113406503,191.09994424870968,180.81708380341351,191.19678270210539,180.7151149663778,190.96475330808411,180.29219281882823,190.6707708616604,180.29839192451894,190.76934285817435,180.3591115285391,190.76934285817435,180.298391924519,190.58122141561608,180.08961634311251,190.58122141561608,180.20614371464313,190.63415191754879,180.30160258614245,190.62686291019736,179.9413381481701,190.44603047499052,180.48140938694078,191.04701374677694,180.27917288775592,190.49896097692323,180.35556089038496,191.03070218895587,180.46037000359499,190.69610496995111,180.30820119396773,190.90280025568177,180.62277811421285,190.96475330808408,180.20003325124139,190.51527253474427,180.47160011749205,190.97777168702319,179.94784811370616,190.29053214807442,180.74044446654284,191.37432195843019,179.98718835784959,190.57149621555905,181.70568681826617,191.56643922945787,178.56249477392191,190.1765055799159,183.93966649595373,184.77429418372773,186.36265276228295,184.35489072140965
174.59108421988711,173.78870188285109,174.42748887015813,176.23849991498008,170.08548677656083,179.30427096768801,169.28040432265777,179.48114743730065,169.66728552644778,178.78333012339118,168.76162703143612,178.98843589494695,169.31294388409543,178.82457935640667,169.17648262195101,179.49345700639333,169.81545312879402,179.12486366902408,169.11178833348666,179.15198298636417,169.45943865664262,179.14723384180698,169.40812353817913,179.40731925991903,169.64683367123121,179.22683250605951,169.3187970541963,178.93382675432861,168.8409200050161,178.53805445352623,169.00033716448823,179.1171841932811,169.43108290389836,179.26407207318272,169.68438825367463,179.53106695896545,169.55211080022349,179.21020241122946,169.44149778032067,179.32198051771371,169.54709231082629,179.30606078486323,169.42188407419943,179.18197310928625,169.50786489858399,179.26916119427057,169.16895662205101,178.74248039251009,169.13474769920595,179.34153953100753,169.68940674307171,179.40012934132181,169.65185216062849,179.42613879454788,169.44567812062235,179.06223507613225,169.21320252369057,179.05683497471003,169.33506510071942,179.06297455479714,169.11680682288377,178.68966106906711,168.87512892786128,178.90886763961271,169.33841076031749,179.06547485444108,169.20111481746935,178.75078017522137,168.70400195979565,178.6705015579077,169.38767515135422,179.1939121724408,168.95943692244683,178.55252434573231,169.15603423512613,179.31075040381671,169.43898680142607,179.1186645633332,169.50703021788038,179.53646706038768,169.84008185592072,179.43625892384193,169.23114340001268,178.76741039054085,169.17815545175003,179.11252357052393,168.93564287602385,178.76923073712334,169.84593849441333,179.72059297420128,168.87429077876587,178.71604244095323,170.42941354249106,179.79044048188675,167.58129776527977,178.40714889850142,172.59469080884745,173.50876930553832,175.02681610906015,173.03800303037931
184.5803341207791,183.66657675511854,184.22262660234824,186.18673879261576,179.78991188363057,189.57725585124768,179.02200859815261,189.79870305903546,179.42523815714222,189.27598439747246,178.88965013606068,189.6032926091257,179.11554407721033,189.08786295491419,178.92984903056603,189.81501461685662,179.46204910544557,189.23034290289115,178.6289138815728,189.24336128183029,179.05868597118956,189.46410584003075,179.24895287781223,189.80599206638692,179.55534765383166,189.74177672863337,179.13211464643643,189.27998022594184,178.82282006863912,189.43148272438856,179.41101959917748,189.82403716732617,179.30646182020894,189.56494012189597,179.29310191260609,189.74177672863334,179.30211217778606,189.6708011257613,179.44467941146121,189.97380612265474,179.67542566351622,189.92087562072194,179.32494137830713,189.58125167971701,179.31152194510042,189.68884622670063,179.07170590226175,189.16110084313743,178.86261946100987,189.50072478414231,179.25111320092569,189.63418218164978,179.41283994576008,189.77839567274492,179.26521258719353,189.44779428220966,179.00552667121559,189.43877173174005,179.21637393344636,189.53734372825392,178.98019717105072,189.1701233936071,178.91071863609216,189.61058161647716,179.45152935352792,189.65222728258902,179.12560468090047,189.27998022594187,178.73708182429922,189.25967283965139,179.26416224868333,189.58298522283525,178.87958953237057,189.1081703412047,179.02724600762275,189.54636627872361,179.03366733086969,189.42974918127035,179.41613924967291,190.12530862110134,179.89062256816962,189.99411350894516,179.18317314890081,189.31260334158409,179.12230537698761,189.550362107193,178.76315080312924,189.19372395877963,179.70621479070712,190.01615443835388,178.459567186599,188.98356158681264,180.37157233194739,190.40541570240953,177.56084404245217,189.03405589603977,182.86745777432981,183.86786972234236,185.60057902468824,183.62356885515587
175.99689664878741,175.21759577517821,175.85620320925807,177.79160182071149,171.65938509731177,180.89137266223364,170.74824786143529,180.99555993526403,171.07674819832943,180.63853668832255,170.93480819532022,181.13846714546978,170.97198834852736,180.42004047975641,170.77037254645091,181.20464637651574,171.30253247606504,180.62656709576052,170.5224635836997,180.56507748366789,170.7624686489232,180.72862457508512,171.01911965829746,181.05744904949108,171.28124594014483,181.02884936209887,170.86053717952908,180.58932752863731,170.81461844809041,181.07950836242881,171.40896515566624,181.07626858411982,170.9339735146165,180.71921480777081,170.82632825668387,180.8168631190689,171.04458653451948,181.10480874590817,171.37931447075064,181.36634412515411,171.50954119677479,181.26252582485046,171.12805984840139,180.93046157213581,171.11011897207922,181.05127906048548,171.04960502391671,180.7600645386519,170.83590498401063,180.80165374819785,170.96780453983388,180.9242915831303,171.12973267820038,180.91238151617202,170.85886434972997,180.68447554029134,170.83925064360881,180.91778161759416,171.25995940422456,181.07080895709385,170.89474610237417,180.67722609609029,171.01205044147341,181.20609633764948,171.33841422870927,180.98763053800175,170.9798922460551,180.86462231762042,170.94986366351176,180.89896208296526,171.10677331248115,180.88705201600706,170.84092347340783,180.73803434239966,170.96195136973301,180.77962355194555,170.75912298932505,180.80711337522379,171.23281969820349,181.33851432534524,171.52748207309691,181.20575636111886,170.96529702933111,180.73729486373446,171.04458653451948,180.89464143673877,170.55211426861527,180.53036874559609,171.43982841891327,181.21263529938196,170.21738633238408,180.39184170722083,172.23031218770075,181.83190428754898,169.65770533072936,180.72967798001795,174.85552562691524,175.70903093757133,177.28215248541878,175.39232468911985
185.97896892981802,185.26398895665764,186.0764909271044,188.22086101581996,181.74184539698263,191.29935052708876,180.32755239327545,191.05274311836453,180.59509506957511,190.7733386866438,180.53268869423877,191.33041400696717,180.67753401000218,190.73671974253216,180.55190773100202,191.54613184316736,181.05405815735568,191.02341318160444,180.51179747878604,191.12598100658775,180.57652686918749,190.92484118509043,180.64566542761557,191.29206151973736,180.88218216654164,191.11296262764873,180.42500889593612,190.81898018122502,180.55770733455867,191.21153462416271,180.72415422775418,190.91581863462079,180.44919941530171,190.97048267967165,180.44342892843054,190.92484118509046,180.77876336837252,191.48018296229563,181.01857941121131,191.30837307755843,180.82291240316627,191.29206151973736,180.79718340086691,191.25544257562578,180.83232217048061,191.34499202167004,180.99975987658254,191.48018296229563,180.88983111287709,191.14958157176031,180.68469481191403,191.24815356827429,180.77225340283624,190.96146012920204,180.34828091677653,190.90852962726933,180.65251536968213,191.3540145721397,181.1361571212523,191.42725246036289,180.63369583505335,191.05100957524638,180.87391138002673,191.50551707058636,180.91692143402096,191.13153647082103,180.65217539315171,191.21153462416268,180.81418258891296,191.24815356827429,180.73501383571326,191.08762851935793,180.67093540217661,191.26446512609542,180.8229124031663,191.08762851935796,180.58303683472352,191.22784618198378,180.92022073793379,191.28303896926772,180.74328462222809,191.07634368353706,180.48106799768829,191.01439063113475,180.85145256495457,191.14229256440888,180.18152316373576,190.80596180228599,181.20455620101518,191.47688978341355,179.87577922409218,190.66677503319102,181.99724119614129,192.08186888366942,179.24547181017633,191.03884818248375,184.85993015871773,185.66423317993761,187.18948641968657,185.11483987483626
173.56361568828009,172.86975866764979,173.5759954615294,175.67471170864081,169.76702341846098,178.59507525149917,168.15853827723723,178.08212333006841,168.4143546059077,177.99854540884195,168.38683353386722,178.41128778100486,168.56252220825397,178.0419549649707,168.52914796611259,178.64860352419981,168.73197634652047,178.07959403422825,168.44483997152705,178.49378624703579,168.6255436669193,178.18736247482036,168.6355806457137,178.62543434714809,168.81461151130702,178.2488810831091,168.29499953938159,178.08718345495996,168.53082079591167,178.35738900236603,168.45608952865285,178.06762444166623,168.53416645550973,178.42069754831917,168.43647582253172,178.09912393083661,168.73532200611857,178.75532162628164,168.80001629458309,178.16894244232583,168.35384065774517,178.32810936191277,168.75911605254163,178.57733517206592,168.77454941836098,178.56684594955593,169.08715266957651,179.00781762366205,168.98657662846799,178.28217050994388,168.43982148212973,178.41094780447423,168.65184869223685,178.17869218617082,168.38098036376621,178.28686012889739,168.67146239835796,178.56468562644267,168.96027160315046,178.57733517206597,168.57339386775212,178.3396794523405,168.79081746488401,178.64752406900431,168.81963000070417,178.45975746202512,168.67313522815701,178.38777862742265,168.60760279059716,178.34402909476333,168.52496762581075,178.30494018486107,168.77705692886369,178.7263528456734,168.901430484787,178.41236864892258,168.62721649671838,178.5744353702878,168.88348960846494,178.38777862742265,168.39724841028931,178.0813838514035,168.38265319356537,178.38126866188654,168.89975765498789,178.38561830430939,168.15101227733723,178.18051253275354,169.25409929734028,178.76072160721466,167.85969209365021,177.88349852785242,169.75744669113428,179.13406408914099,167.12470378362809,178.11757602594975,172.38433296014782,173.18050702521882,174.61852337332411,172.65479937340993
184.96576548613032,184.02120077982383,184.47457035682825,186.67769132471304,180.5430212371528,190.0479009970544,178.99997993511158,189.59912287330201,179.40713051770425,189.6041495953022,179.22427574723426,189.78724431586025,179.36008168113224,189.50557759878825,179.29665408397119,189.84919736826259,179.17953540166889,189.16595365778332,179.02104843514297,189.90212787019533,179.57487908365121,189.72129543498849,179.47759986556912,190.15949137250738,179.8212050920261,189.884082769256,179.23053437852926,189.5512190933695,179.28113385325528,189.78724431586022,179.39547178498717,189.81986743150247,179.72392587394413,190.19611031661901,179.56546931633662,189.80182233056314,179.64074745485206,190.06994192646309,179.36323281715164,189.48024349049751,179.20776470361207,189.90941687754679,179.7452165915312,190.11384987792613,179.60640768950711,190.00625533094254,179.90620385770089,190.39152076652871,179.64074745485195,189.49655504831864,179.05939786638032,189.80355587368132,179.56185915257876,189.87279793343515,179.58502832963066,190.00798887406077,179.52711988509947,189.81084488103275,179.45119091020865,189.81986743150244,179.39146211909488,189.83617898932354,179.58033871067715,190.07949321916573,179.82120509202602,190.1758029303285,179.60674766603771,189.66836493305578,179.14149683027665,189.66836493305578,179.42225124628595,189.87279793343515,179.63238802604761,190.15046882203774,179.80207469755226,189.99896632359108,179.44573128318248,189.90941687754676,179.69174643171249,190.00798887406071,179.42040178301761,189.70498387716736,179.41068115585819,190.02430043188187,179.83061485934039,189.98265476576998,179.19579511104988,189.89639849860771,180.34504573810128,190.28236658378125,178.42991857341877,189.04307844650941,180.57125053909601,190.69922424147887,177.81985153858005,189.24334171106506,183.0888553178855,184.23994287163515,186.14520863729885,184.23007463784998
179.23966608023505,178.16913628489164,178.38049430782783,180.42388450776349,174.51623945275443,183.80762042691819,173.24825306402286,183.55367446840395,173.7002888077449,183.49255536224967,173.33507203750281,183.49400520289413,173.44568852579749,183.28997888653402,173.34009052690001,183.42526614660051,173.10928775976728,182.88843609886061,173.1526955123114,183.69982145691867,173.75829177701306,183.44806635092519,173.33591018659823,183.71756153635189,173.96697332752188,183.84704931335099,173.48575061874357,183.28417928297745,173.25410970251539,183.45565577165709,173.48909627834163,183.63472309379031,173.83507377169869,184.00513677774231,173.92607308548045,183.87453913662918,173.79751918925544,183.56959420125449,173.17063638863348,183.26174958459086,173.5512830563033,183.85355927888705,173.89976806016304,183.81848003487721,173.63141071058703,183.71321189392901,173.90311371976119,183.95231745429913,173.5462645669061,183.18542110756545,173.19526858415188,183.62349297989329,173.73533241129374,183.73564159231572,173.81713289537655,183.86947901173755,173.65353192721096,183.45781609477029,173.31964214007513,183.4017569930183,173.46111842322517,183.67631230333637,173.78125114273234,183.89045886947972,173.96195483812468,183.92013801206744,173.59051046854563,183.31240858492066,173.21320946047396,183.5406545373317,173.73867807089195,183.70164180350136,173.54459173710697,183.6600525939553,173.82047855497478,183.78738004784108,173.46446408282324,183.42273685076032,173.58883763874658,183.76856051321229,173.65353192721093,183.60939359362541,173.62973788078796,183.81197006934096,173.90311371976119,183.86947901173761,173.56755110282631,183.85102998304689,174.48742344854259,183.88866751909327,172.19192292455372,182.50139373280078,174.58967578784194,184.60743416133732,172.1117918018783,182.88337904039162,176.81881266195904,178.1774265566755,180.4021278659215,178.79528923826507
180.30144761615574,179.3740957107394,179.8040971808619,181.71194232292564,175.43410524180405,184.7302123249103,174.27995718181319,184.78887219843062,174.79342636435317,184.53480187500054,174.38633530736436,184.6903002019167,174.52788131921514,184.30277248097923,174.21923757779302,184.49488975200694,174.34517471663847,184.28646092315813,174.36504458977711,184.75225325431902,174.71774872370355,184.42894087113518,174.03804046195401,184.36698781873284,174.73366845655403,184.8671368086541,174.45294315723018,184.17157736882308,174.0612096390058,184.33210241773943,174.31944571433891,184.42894087113513,174.43634347131859,184.69758920926816,174.83492693160986,184.97299781251948,174.68340895835851,184.29774575897898,173.93166233640278,184.38503291967211,174.75322746984779,184.94766370422872,174.77161838565672,184.69758920926813,174.4996520172717,184.63337387151452,174.6547801542809,184.6903002019167,174.35168468217441,184.2864609231581,174.35853462424109,184.75225325431907,174.72425868923963,184.66097026515649,174.55642148100324,184.65368125780503,174.45945312276643,184.43796342160482,174.3451747166383,184.5021787593584,174.48404314426634,184.75954226167048,174.86355573568747,184.96397526204981,174.79043792028551,184.69758920926819,174.38858427276708,184.42894087113515,174.45945312276632,184.8581142581844,174.95506446689845,184.7595422616705,174.30028620317941,184.47284882259822,174.71089878163681,184.76856481214011,174.3165459125606,184.18788892664418,174.23450647426807,184.56413181176075,174.57879165378608,184.66999281562616,174.56623075045218,184.66097026515646,174.71444941979072,184.89473320229601,174.59841019268376,184.78314282684303,175.23539026408761,184.67572218721372,172.96471880979365,183.4753152794047,175.67719147187015,185.82475822885394,173.2633454677804,184.03550987125581,177.88044154797058,179.24989065508785,181.5067157838146,179.91219735187494
181.55469020932586,181.08484645430153,182.19840670106353,183.96956212435751,177.00182735664697,186.17140886124244,175.763731751092,186.66913739775924,176.57229206259376,186.37139775161606,176.36114656617738,186.94954661334373,176.53336313016513,186.08840095068953,175.75988734443121,186.39713423552493,176.45402964737374,186.4340338261176,176.05204220882192,186.33029513434832,176.37105202517054,186.47076394871877,175.93357952635293,185.99877189611087,176.08106568225759,186.36282223027436,175.92239871667468,185.79199239372014,175.62447516899758,186.00119001346144,175.97827714206815,186.19455775980938,175.98605805718654,186.15782763720813,176.17971744674034,186.48256026342847,176.09461528066242,185.79199239372016,175.45225860500989,186.07740731199726,176.32291053729242,186.56298058863939,176.3420285517349,186.43403382611757,176.16404330446076,186.24066607976965,175.98044566354588,186.07740731199729,175.79472347875642,185.99456886943577,176.00173219946612,186.44324255548523,176.39233856109078,186.43403382611757,176.11373329510488,186.07740731199723,175.6614358471974,185.9644598908603,176.14275676854049,186.59050198187288,176.43274311145345,186.52366288069615,176.351934010728,186.56298058863945,176.31300507829931,186.47755456073583,176.29151827513022,186.47755456073591,176.31300507829931,186.72623935641178,176.72125383643237,186.68013103645146,176.13285130954736,186.4382368527927,176.59141007703624,186.64323144585887,175.9705402045528,185.83551312833848,175.67478517835337,186.12092804661555,176.19883546118282,186.51687226867907,176.28594985909257,186.32108640498058,176.24914547053865,186.55618997662228,176.11590181658266,186.28435628237938,176.62063381772072,186.43628247547676,174.97994997186726,185.6784117645571,177.63792271271825,187.63816010573609,174.86036822835902,185.89911142696491,179.81224972110249,181.0672508271328,182.93560516455238,180.91642794593369
178.9394437006863,178.93963656803831,180.71876906916671,182.419688243537,175.04119899903296,183.87590563546769,173.59096571751678,184.62185477806,174.71617728690941,184.47589103293998,174.81626100192727,185.44743921255184,174.99374817944047,184.16074254987615,173.82576923890196,184.56018237213866,174.89110633995574,184.57649392995978,173.95491703937049,184.07762346083362,174.49207407331116,184.91426134630095,174.66104004096189,184.25260354290725,174.00153307545565,184.03343486288958,173.7962493964863,183.78109808257776,173.79969607840511,184.06362344999937,174.25087466604347,184.47063292609437,174.35567264697454,184.13286550975317,173.94378393109668,184.08636536482229,173.97373657399939,183.78109808257776,173.62220890089196,183.90726647273365,174.07465507252465,184.31196440184183,174.44545803722599,184.57649392995975,174.40056534210024,184.16948445386478,173.88948146865661,183.90726647273368,173.80738250476006,183.87064752862204,173.89889123597098,184.2590338999091,174.5014838406255,184.57649392995975,174.3445395387007,183.90726647273365,173.35232443471594,183.7258560336582,174.39115557478584,184.96719184823363,174.88169657264129,184.48463293692862,174.12127110860982,184.31196440184183,174.39884200114082,184.78578140915815,174.92062618237148,184.7857814091582,174.39884200114085,184.57418238297294,174.71445394594997,184.87533085520249,174.71534250340207,184.95844994424499,175.08698025161073,184.85901929738139,174.21366839727276,183.99038556177618,173.85572188180461,184.11655395193205,174.31458689579804,184.61311287407139,174.52202671621376,184.3950834908843,174.37061269919761,184.44044433898455,173.98314634131376,184.05731607454314,174.60240233915087,184.70896969557194,173.80956160268465,184.35960384360337,176.01330402791635,185.50322624612329,172.72792137047887,183.93123771260724,178.13839417117035,179.20635095053723,180.48650387636596,177.91945202248766
