206.31678606205202,205.64193405941711,206.86134872946033,208.88413129804738,201.24689433394224,212.25281668075846,200.59210908284703,212.72804315425873,200.86047490816935,211.71535494777387,200.38614786469944,212.94002939728887,201.24505624491158,211.75735749229935,199.9137306189823,212.25354435636746,200.88446080404083,212.1947705207001,200.70515530296566,212.38047414563263,200.4017655327124,211.6831859533182,200.30989468142019,212.46329866094479,201.10246642810824,212.65582877625084,201.06795324096797,212.52621415040332,200.66958668139841,212.174908940481,200.55257722768476,212.26743779683792,200.87890310322766,212.52247794910733,200.68892396119406,212.2281200888948,200.9545426127483,212.64193533578026,200.5825881484387,211.93599416713494,200.70096836711377,212.54940647942337,200.6268459722441,211.72623986255746,200.04254085680324,212.25504861921092,201.36091299207536,212.95018663646329,200.73386716748018,211.62774286645194,199.99203994970378,212.17714087893353,200.79457439146867,212.27117399813406,200.80661879738838,212.68275730656705,201.12378814662401,212.65582877625081,201.04663152245223,212.46703486224101,200.53544244502083,212.09850546304713,200.67514438221167,212.34115643768951,200.64376269649628,212.30183872974629,200.88713062524172,212.34115643768945,200.43177645346628,212.19103431940414,200.98812679559546,212.4756878385719,200.45226079596677,212.10119029962959,200.8824763653208,212.70753566182097,201.10398354275929,212.65209257495485,200.89672326837231,212.1318550312418,200.36771402579626,212.36593479294336,201.00724601697948,212.17490894048106,200.21491789210378,211.82957187030735,200.22603329373038,212.28729937705705,201.57289923510541,212.78832125276961,199.69352249778316,211.39033235594914,201.69903965172549,212.98596115719928,198.55301338990262,211.6885570924737,205.4810246426384,207.05522617722497,208.42029418530248,204.94138199763228
205.72207373814695,204.83745533345717,205.67273222098112,207.79410100610986,200.4628298350847,211.22137796288203,199.33837047945039,211.30038037457041,199.68614459652807,210.7112432315669,199.32402057186883,211.51124373195162,199.92918766005951,210.82237472197161,199.27032744722848,211.37817152149992,199.9035079619791,211.13354795019782,199.69723428303075,211.41295238191867,199.60612345113987,210.83497323046527,199.42441706992688,211.32709754423092,199.87098970934724,211.34540918189319,199.85724790829099,211.37374124433919,199.69797215888136,211.20478575857993,199.67251572348019,211.26414661751448,199.83225678184206,211.36086208936467,199.59037323984626,211.0532832601333,199.77795431940197,211.45943408587868,199.61934620212156,210.95471126361932,199.68206264741573,211.45300372887681,199.700691284301,210.91623579484397,199.36881792932985,211.27159328980133,200.060552038472,211.57975012290137,199.74080757623508,210.88732572852928,199.27628021327268,211.14514425316435,199.75060662429897,211.22409527055635,199.7670178933532,211.52710026744967,200.03167190015319,211.54081963180289,200.04637004963294,211.48245664718257,199.61169307411905,210.95544693242334,199.48269843613804,211.09622802067204,199.44473828565043,211.00753722497743,199.71487735684067,211.29163847058177,199.56236369709566,211.10435723740221,199.77664070196184,211.16085936614593,199.23495451537033,210.82309194980479,199.65404638676688,211.37372280336828,199.79767681453478,211.38546052885133,199.91770879077356,211.24969158435718,199.51472889754905,211.27674512600802,199.91331723142781,211.15185525664725,199.33743261777946,210.81396485876047,199.14895018053429,211.10335936308809,200.47574842159659,211.65414355037416,198.58864114153891,210.23772144897725,200.69018031225423,211.98649905765944,197.61716367217238,210.50463844254398,204.1355697423063,205.67473334324933,207.21692910998314,204.03403230984495
207.04263866925572,205.78901207032854,206.0143893679288,208.23878216557708,201.26495839585385,211.82169159489527,199.53235565569278,211.31378216869547,199.87366980105207,211.21330734358074,199.66544302000281,211.54842690815306,200.07910774664691,211.61130057215567,200.35091281050529,212.21679006765478,200.42960803772243,211.60345840314952,200.10852791246097,212.00753048666306,200.34948038343867,211.67032145455957,200.1726428091678,211.87400514556515,200.16616749658721,211.58273510354275,200.06557187399244,211.75779399588575,200.2284524871136,211.88531867785744,200.39546786232495,211.92389690713563,200.31572317466924,211.79929978703657,200.00495971326512,211.4772659246479,200.09683768535371,211.87562826406199,200.20423149645956,211.61292369065248,200.18804793675091,211.95678806793788,200.29661888597715,211.75313213702674,200.28778929715577,211.9201691238263,200.20628729288666,211.73909208080843,200.28691063884906,211.86919790706011,200.18410837290932,211.7352808791039,200.20043412278579,211.76265308283067,200.21323005890963,211.94279986015962,200.43207503901394,212.02478764556656,200.59098278105694,212.15481386328392,200.24161911889044,211.36690989871391,199.69416801362479,211.32142343786703,199.61270998695861,211.15116811228032,199.91866589658096,211.76347597989096,200.17953055349355,211.60806460370765,200.09310905912756,211.51851882941202,199.65021070816786,211.24447296361589,199.98278079328784,211.63698017928488,199.97070681281696,211.74397892784756,200.55855941306152,212.0879229136674,200.23137120248063,211.77093154650967,200.30105414149742,211.76558064470331,200.05199787947066,211.42518607986992,199.53102222792646,211.43946015671216,200.84480261726236,212.11848428336489,198.99504052852168,210.6374744355349,201.12818559618518,212.47082295731582,198.0143109904906,210.73753369730622,204.18223837052534,205.78338325706568,207.67575801059749,204.88897600745906
209.00732488601665,207.92186371541945,208.31050444204413,210.84126505483329,203.90106633102704,214.37079497520585,201.7959540028811,213.89442045781149,202.63892761288827,214.2756900649282,202.37474376610513,213.9473509597442,202.17987588281832,214.08583507925175,202.78026722347451,214.7673452466129,202.94819307400019,214.31057546592169,202.54878008003251,214.52802684524008,202.85122471576329,214.31057546592166,202.4612520185176,214.159072967475,202.38782334327047,214.06952352143071,202.44317196255381,214.21373701252588,202.49417093941426,214.25764496398895,202.6985677617125,214.43674385607758,202.62257926121785,214.07854607190032,202.16500648847773,213.87411307152095,202.31618448519865,214.20471446205622,202.57231976302222,214.16809551794461,202.4178424623889,214.24133340616791,202.64574843826941,214.4986969084799,202.93622348143808,214.39283590461451,202.22177595220938,213.91802102298402,202.60705903050166,214.54433840306118,202.64534893613492,214.10614246554229,202.45298123200263,214.30328645857023,202.59468993580506,214.29426390810053,202.58863899800724,214.31057546592169,202.72383773627362,214.53531585259154,202.6642279963676,214.01659301949798,202.2315256960544,214.00201500479508,202.13461686342134,213.71532156572283,202.26410464042044,214.38554689726305,202.81358564650571,214.22102601987737,202.29631461205955,213.73892213089536,201.75837457971664,213.56711224615822,202.24821543697743,213.98899662585598,202.06004920737479,213.8447831347608,202.60310889021326,214.53531585259157,202.6927086325521,214.22102601987729,202.50943983588911,214.2047144620563,202.47131262220771,213.94006195239268,201.81850146024266,213.87011724305157,203.20713951131293,214.61428311240238,201.30944156621848,213.12492048016989,203.54876169923517,215.12415730238064,200.63134442434358,213.43277829170913,206.5268985781467,207.82857008784714,209.63059253237645,207.00689805838741
201.2046209488569,200.53002782959209,201.39110299414094,204.05412278721209,197.24909468150983,207.30837234209005,195.24156521321828,207.2284031718992,196.52414335028217,207.75579445612829,196.09925078097291,207.06056596366295,195.47906276793896,206.90253802487547,195.86844801384018,207.56052695021774,196.37430291813689,207.41071027234142,195.85301464802077,207.27866267009458,196.05918868802686,207.19045324279637,195.60427100456593,206.93437749057654,195.78246718945547,207.21578274296147,195.92189274517872,207.10505497498733,195.59757968536965,206.90864848827727,195.81295255507476,207.31454091837332,195.88973454976036,206.81062979153018,195.31546179977332,206.78964993378816,195.61719339149082,207.01971623278186,195.83591192079408,207.07071520964246,195.55667944332819,206.88982895364839,195.81127972527574,207.42736948385686,196.22864282629331,207.16873390638932,195.36928442873966,206.7248915471904,195.834239090995,207.35613012791947,195.78664752975735,206.81640027840143,195.62388471068707,207.21322291771378,195.91520142598245,207.07648569651354,195.68272582905055,206.97846699976657,195.70986553507174,207.20347317386867,195.95024849792296,207.18030399681712,195.89893337945935,207.2605826141309,195.763688164038,206.87060991688506,195.62639222118986,207.34558137980565,196.24491087281632,207.28486177578569,195.64851690620554,206.66636126248002,195.11552229588753,206.6182620873978,195.73199022008743,207.03350475920459,195.35134355241749,206.50679484075872,195.51829018018137,207.22013238538415,195.95442883822474,207.06636556721941,195.66980344212573,207.00089669815293,195.74072879831874,206.83484930709187,195.08549371334431,206.77370120474114,196.51912486088503,207.56484606323303,194.72278792199657,206.13848336703839,196.79083133845086,207.98582869250339,194.12304135900413,206.62388747279846,199.85553256369863,200.80857086347973,202.3111999391248,199.78412489706642
212.16402402569753,211.31737620689913,212.06392208333605,214.73072630250132,207.53982895612458,218.30919089633704,205.78201936824971,218.34025437621537,206.86515028985914,218.5632612197671,206.35031990896385,218.1521329336571,206.11960277359438,218.00063043521044,206.16366316609881,218.38416232767844,206.64665408129289,218.31092443945522,206.0902344908518,217.93867738280809,206.02445476194009,217.88348459552415,205.92998670334723,218.12679882536639,206.54644594474718,218.49904588201346,206.45993781282402,218.19604088512023,206.08088424914121,218.06084994449463,206.40242887042734,218.44611538008081,206.29972043423797,217.81250899265217,205.80629852990452,218.00965298568008,206.24906143390814,218.19604088512017,206.38400883793301,218.20506343558981,206.02115545802755,217.81250899265217,205.99261529623905,218.16844449147817,206.42195876703587,218.17972932729913,205.9897154944608,217.83784310094288,206.10979350414553,218.135821375836,206.04648495819242,217.82882055047335,206.09643359654271,218.29461288163407,206.41905896525751,218.15942194100859,206.13117286402215,217.96401149109883,205.9770064232336,218.00063043521041,206.21401130658364,218.25799393752257,206.49538744228283,218.36785076985731,206.18578200464043,217.89077360287564,206.03346502712003,218.26927877334339,206.48853750021627,218.25799393752251,206.22086124865021,218.02996037197062,205.9726857770072,217.99334142785898,206.32251922584052,218.12853236848457,205.8456982996519,217.67002904467518,206.0302543654968,218.18875187776868,206.24576212999523,217.91108098916612,205.83492733398231,217.92739254698728,206.37490993046379,218.17244031994758,205.67971055468377,217.86873267346695,207.0785573773374,218.79373097802457,205.26758848948899,217.16691511981531,207.13766444876086,218.82705674325413,204.29756787652298,217.63582672250388,210.5307040229485,211.47471710567288,213.27040270446943,210.955041014784
200.59477890404784,199.49954420646003,199.81273196404243,202.14498832695659,195.42979490851056,205.73673135265651,194.02581097749385,205.69551111583738,194.67770387126168,205.64417216244649,194.22863935790173,205.59385313864703,194.45358895493356,205.56522433456942,194.22947403860536,205.61878313667765,194.55834880473566,205.69517113930678,194.28748047626519,205.29726763207682,193.8505036691264,205.04073285211868,193.99783312237724,205.72655157726962,194.8742977155494,206.06734564423749,194.70317074748377,205.89700813635733,194.59924904677709,205.94365747079499,194.8742977155494,206.03334585542325,194.43397524881237,205.38763738248821,194.18272062646315,205.72695107940396,194.62471592299912,205.89009866868679,194.74407098952523,205.88793834557356,194.3947478365701,205.40068643024583,194.05918521963525,205.44844562879754,194.45358895493356,205.79642961436281,194.47822115045196,205.46686566129185,194.14182038442169,205.44588580354971,194.20567999218238,205.51101469608548,194.49783485657312,205.94800711321773,194.7440709895252,205.84273897226964,194.50118051617125,205.59095333686867,194.15808843094479,205.35653739545214,194.2123713113786,205.71359117180114,194.74072532992716,205.88182788217182,194.33507203750284,205.44088532475129,194.36928096034808,205.82215861666202,194.53873509861452,205.60903339283254,194.37011564105174,205.6194339730533,194.29249549727069,205.49244649569803,194.30792886309007,205.41145739591562,193.99448746277912,205.36915782438993,194.43732090841058,205.70162157923914,194.32921539901028,205.29106852638591,193.82754430340708,205.39343698604486,194.83507030330702,206.14225327681478,194.28580764646617,205.61557388777632,195.39056749626823,206.44176758135964,193.6059368975817,204.79079821319701,195.33005701649742,206.40134634880923,192.7849677631749,205.34468992052012,198.47572057673267,199.26007005490163,201.20974788208554,199.48135063697876
213.28910266875857,211.80908278288021,211.7275776486816,214.04592295625812,207.05149617287913,218.06258348761281,205.58484287346707,217.67575841626279,205.8074375107042,217.46732958741396,205.54615346569932,217.71237736037432,205.92896536103331,217.61154307850924,205.62322142138981,217.65944685844167,205.82440758206468,217.69206997408381,205.88151702232685,217.73771146866514,205.58709183886972,217.33613447525778,205.62578124663753,217.88921396711177,206.12173256730009,217.96071831221678,206.09967325436236,218.09590925284232,206.17924150969674,218.12124336113311,206.277659708578,217.99004824897696,205.76177898917285,217.58620897021845,205.79691775878632,217.86387985882104,206.04935423056321,218.05929030873082,206.23897030081022,218.00635980679803,205.92961619740899,217.73771146866514,205.72348908353945,217.66673586579316,205.98894548638825,218.06831285920035,206.07147306910463,217.63913947215119,205.60696171200874,217.65944685844167,205.84066729144578,217.79064197059776,206.02442423253257,218.0429787509097,206.13475249837236,217.96974086268642,206.04324376716133,217.81094935688836,205.68329018903412,217.44372902224146,205.55309205005545,217.67575841626271,206.02368475386754,217.77433041277675,205.52776254989053,217.50394853152559,206.09316328882619,218.24741175128904,206.09566358847022,217.6993589814353,205.87506658239451,217.91681036075371,205.90644702035735,217.65545102997226,205.71663914147274,217.57718641974881,205.70097074286343,217.93312191857478,206.30193887023287,217.96974086268645,205.78380918542499,217.53327846828577,205.4706531096283,217.73597792554685,206.58291550379781,218.46486313060748,205.69343943501346,217.58047959863083,206.81017064330263,218.65698040163511,205.09898127318024,216.9591889405539,207.02085521358126,218.80518972119978,204.35794609129036,217.48276458829332,209.99643226724507,210.81022114572025,213.13449586193912,211.66950633856482
201.98735078675696,200.53088308869172,200.40432386087951,202.56879824155376,195.9849176722357,206.43836664431012,194.57043651095685,205.88126568808565,194.54877554580057,205.61717060408111,194.47236798035109,205.97351389796154,194.64684407640638,205.52572139847422,194.24491087281643,205.73659765690098,194.49783832496482,205.73400883545702,194.771214163938,206.26358943899569,194.89391489006221,205.89539560376093,194.64182558700921,205.92871402679208,194.519124860885,205.78506733792142,194.76703382363618,206.10516199807395,194.73198675169564,205.86750627834843,194.59757968536962,205.72934821269988,194.35385106292031,205.70981831609157,194.60259817476688,205.84257628031801,194.6213737317926,206.02923302318302,194.83256626119598,205.91165531314223,194.5804734897512,205.97567422107485,194.76870665343523,205.98724431150245,194.83172811210056,206.17174073125415,194.76870665343526,205.75032807044204,194.45526525312428,205.90949499002892,194.72780641139389,205.89283577851342,194.64266026771287,205.93442498805953,194.64600592731099,205.87401624388454,194.68188767995522,205.85883598969917,194.41938350048005,205.51085200413374,194.26285174913858,205.67868921237005,194.60677851506864,205.66961942158633,194.09925078097288,205.62655125471008,195.10259644057101,206.64341289026208,195.02079595648814,205.90045572865262,194.7678719727316,206.25432783957459,194.87179367343822,205.94614324638019,194.66395027202489,206.00615248842061,194.89726054966027,206.44925536895457,195.26536272803298,206.10738184679096,194.54124607750887,205.8711455587916,194.60427100456599,206.10664236812588,195.40934652168571,206.41084629162438,194.10594210016916,205.31981662264945,195.2695430683348,206.66661106351,193.97320439525046,205.20732944641873,195.85134528661342,207.00691557333215,193.31461671389454,205.59650467260684,198.37263702512121,199.09244054016253,201.35884573532419,200.12162403188105
212.46853912508448,211.28632896943964,211.6556164437398,214.11516501601193,207.06707592919921,218.10649143907588,205.64016249655401,217.78161942012812,205.89934574404944,217.57319059127937,205.78596950853816,217.73771146866517,205.4058947230308,216.81341581369477,205.12113064112916,217.54959002610681,205.70899019513726,217.33213864678839,205.58709183886972,217.82726091470946,205.99184528816667,217.67176258779332,205.668140464256,217.35244603307888,205.21263937234031,217.24258920074416,205.69636976619921,217.52928263981627,205.36455684772599,217.14401720423015,205.38528537122664,217.33213864678839,205.4495556134008,217.39409169919074,205.55386205812798,217.33213864678834,205.46547534625128,217.52026008934661,205.63886082380276,217.34845020460952,205.50962438104503,217.73597792554688,205.99045497312582,217.74100464754716,205.82616840304357,217.78890842747964,205.79364898428139,217.47461859476539,205.54800292896758,217.5292826398163,205.6051718948336,217.36875759090003,205.49700395210706,217.48364114523505,205.61674198526134,217.47461859476542,205.63266171811168,217.48364114523505,205.4810842192567,217.22627764292298,205.29877711881426,217.28823069532538,205.55741269628211,217.36146858354854,205.27995758418552,217.42168809283265,206.12645271566115,218.17417386306579,205.89669727651236,217.47461859476542,205.72169926636428,217.79793097794928,205.762460354956,217.56416804080973,205.78176803400859,217.65545102997223,205.65682170806963,217.72469308972609,206.03065386763126,217.72695537507724,205.60508325254418,217.5292826398163,205.64033978113287,217.73198209707755,206.31194136104122,217.85485730835137,204.83975450542999,216.69054060242095,206.1188632949293,218.24411857240699,204.89171517851125,216.76707166952622,206.94958686144739,218.81247872855121,204.3250271703937,217.18478631340028,209.51134067503062,210.27119092633615,212.51023868025101,210.99910663118246
200.19998560657154,199.27238632781498,199.89225198833236,202.30162595070331,195.59172304687706,206.08437536169123,194.42523320218936,206.02723539202157,194.82001830350706,205.79140001887879,194.62806158259724,205.86408780273871,194.05583956003704,204.90905575580982,194.10426580197839,206.01600527812442,194.74741664912329,205.37757677879816,193.97320439525058,205.4998441077924,194.41436154269124,205.67234193878585,194.4782211504519,205.50555506905962,194.0370605346196,205.40068643024586,194.41687252158567,205.50925387510671,193.99197995227635,205.34357698998375,194.45944559342621,205.84347845093478,194.57879719156051,205.75484040481663,194.43481339790782,205.54575396356483,194.33088822880936,205.72084061600225,194.41352686198758,205.51357452133328,194.45526178473261,206.07789439235128,194.87179020504666,205.82937906466697,194.5191213924933,206.00156591532618,194.82754430340705,205.86806847243463,194.4586074443308,205.61267267327585,194.26619394034492,205.48608469805507,194.33172637790477,205.73281020856427,194.59924904677706,205.83662850886802,194.58298100025405,205.80839920692472,194.5353894390164,205.63800217344081,194.23031218770075,205.45424523235411,194.32838071830662,205.62899190826073,194.35134008402594,205.68761083526061,194.68606802025707,205.84097815129087,194.26452111054599,205.44119618459629,194.45693461453169,205.87556925087705,194.56001816614307,205.78258156233611,194.66394333524144,205.61693367340951,193.91101414889727,205.3304684166223,194.6255540720945,205.98959632276396,194.53455128992101,205.55877389463731,194.22780467719798,205.75339056417224,195.04040619421772,206.03232451310936,193.76619567454085,204.90081549870254,194.87011737524753,206.37342802720039,193.73031045350496,204.88125660589779,195.60259817476697,206.85064833503424,193.0950635038877,205.19567224691272,198.02080289327174,198.9063155824654,201.06852304576228,199.52028024670895
212.25728055766345,211.21195178438583,211.77013132507281,214.22502184834676,207.03958610592082,218.09920243172439,205.77183959286279,218.05200130137931,206.15943116216164,217.7359779255469,205.89413745126458,218.05200130137933,205.94488509388384,217.63011692168149,206.05370387298598,218.33869474045159,206.213980777176,217.50394853152557,205.40694506154077,217.52425591781605,205.70643036988946,217.69206997408386,205.99949423450209,217.90952135340225,205.8862066412803,217.8272609147094,206.06172332525963,217.83854575053027,205.69881041975029,217.82726091470943,206.34136775666562,218.38260269191457,206.36620911240689,218.18545869888666,206.20753033724361,218.11222081066353,206.29278043715985,218.28403069540062,206.16338130244984,217.8711688661725,206.13219267312465,218.34598374780299,206.3080493336345,217.80921581377009,205.81894795503877,218.10493180331201,206.41655725289155,218.2107928071774,206.15067223122281,217.89147625246298,205.82184775681711,217.79064197059782,206.04324376716136,218.13252819695396,206.31850943945923,218.21079280717746,206.24872004465522,218.13252819695396,206.20528137184124,218.0153823572677,205.91989557024945,217.87116886617247,206.19118198557331,218.18545869888666,206.10581283444952,217.8232650862401,205.92532608058997,217.73997375401632,205.58379253495701,217.56590158392794,206.02121357090928,218.1781696915352,206.28772031226814,218.21079280717746,206.37175738172226,217.91681036075374,205.5020044309056,217.65771331532343,206.34608790502674,218.28176841004947,205.97731587035665,217.50794435999498,205.46815280998456,217.78161942012818,206.53259647999846,218.32238318263038,205.51369215981902,217.37604659825149,206.68352314247795,218.75555239814912,205.29254748371591,217.01211944248658,207.03927524607559,218.80518972119978,204.15502963904419,217.19607114922113,209.95518303422955,211.20277558865791,213.65938684652448,211.9015357325861
200.76791867439633,199.81338259519706,200.36244674796663,202.63281714948641,195.71404934376528,205.98906465808514,194.25866794044498,205.90403536300283,194.73617056038921,205.708679335292,194.49198168647223,206.15943116216158,195.06420717742409,206.16705111230092,194.91018293658527,206.15943116216161,194.64600592731108,205.68985980066324,194.53957324770985,205.98252416314145,194.66561963343224,205.75683803597803,194.55667944332825,205.91890475734326,194.64767875711016,205.99375427703865,194.95108317862662,206.15903166002724,194.66979997373403,205.95861550742481,194.93146947250546,206.3106091588823,194.99950942056793,206.26540978557847,195.03790215210671,206.40106755158325,195.28999145515954,206.55082470385565,194.97571537414507,205.95176556535819,194.76954133413889,206.27009940453203,194.89391489006221,205.74412896475093,194.34883257352311,205.86494645310054,194.81546006557758,206.14567175242433,194.95108317862662,206.08310268513628,194.62471939139081,205.91776577654383,194.85134181822175,206.25995015855256,194.99783659076886,206.17711171599103,194.87262835414202,206.09211295031628,194.78915504026003,206.0259337192702,194.70651987547367,206.19559127408914,195.34883257352308,206.66800291176207,195.02246878628731,205.88228703039948,194.59841436607337,205.94488509388393,194.52163237138771,205.70256887189041,194.64349841680831,206.06437179279675,194.80793406567756,206.13891045264691,195.02079942487998,206.16457992934244,194.70651987547362,206.14863107980639,195.16060287823086,206.14931103286756,194.42189101098285,205.42545373632447,194.11635697659133,205.69386946655544,194.97989571444683,206.19846054645996,194.32921886740195,205.72818023570414,195.58549197914849,206.80186932738019,194.01243180749282,205.14436087699607,195.68607148864876,206.74211000685898,192.89725361287691,205.40910845107663,198.76704076041958,200.02208497404459,202.27010248521836,200.4230889869844
211.89890839764428,211.00578524088829,211.74372236971232,214.14049912430264,206.71872155818477,217.49821915993795,205.10913193188168,217.48763697370453,205.73690863723527,217.26792330903479,205.35008695551988,217.71966636772581,206.1130928080583,217.75731620536828,205.64818194882787,217.43297292865356,205.38633570973684,217.39409169919074,205.89382659141961,217.97876341315612,205.87176727848183,217.33213864678842,205.33206654564918,217.3158270889673,205.37362663850971,217.33213864678839,205.73795897574539,217.87619558817272,206.04392513294462,217.74326693289836,205.62871157782334,217.40138070654223,205.54726345030264,217.66274003732369,205.87938722862108,217.76860104118907,205.97123593636263,217.85086147988196,205.72490992798765,217.33213864678837,205.38667568626747,217.46732958741401,205.69017066050839,217.48364114523508,205.51582348673594,217.33213864678834,205.4112657077674,217.52754909669818,205.95787602875981,217.76131203383764,205.53569335987487,217.3850691487211,205.78787849741019,217.85086147988198,205.81601915706418,217.52754909669807,205.64537078933881,217.53657164716779,205.58811318118367,217.45830703694432,205.53214272172085,217.62612109321208,206.18066235414494,218.17417386306585,205.84248763802859,217.35973504043031,205.67209060454451,217.83628346517904,205.67894054661133,217.15303975469979,205.30423674584029,217.3687575909,205.42894626159674,217.30280871002822,205.58786184694233,217.60980953539098,205.81129900870314,217.78664614212838,205.86025683414724,217.39635398454197,205.27591880160784,217.1457507473483,205.16570829474298,217.16935131252083,205.76212037842538,217.70335480990477,205.2951669550566,217.41369643589391,206.64665408129284,218.39388752773544,204.95104446749056,216.89324005968214,206.8989278611175,218.49089988848556,203.92496334005037,217.22140525751183,210.08649115781137,211.07487365538373,213.11134696337214,211.07477904793811
200.29207451627553,199.45870309414946,200.20067489924608,202.41559349698636,195.34883257352308,205.65429241222958,194.06336555993707,205.77223909499727,194.55584129423283,205.28606804758732,193.95777102943123,205.76498965079605,194.8701173752475,205.87096827421294,194.43899373820958,205.61307217541034,194.2211133580017,205.49805429061726,194.56336729413283,205.96756612651177,194.5141029030961,205.44699578815295,194.25327155342006,205.61702231569882,194.23988891502751,205.30232775696828,194.15102268251243,205.89959707829058,195.15725375024101,206.26751046259866,194.50034583546758,205.32660691862318,194.12137199759684,205.71473015260065,194.56002163453476,205.63405203315227,194.37262661994612,205.60656220987417,194.28915330606424,205.34431646864871,193.95526351892846,205.26798799162336,194.30876701218543,205.83085802199696,194.66812714393498,205.6156320006582,194.15725375024098,205.68471103348233,194.85719498832268,205.9639559627538,194.24490740442468,205.40580608074134,194.53957324770988,205.98968496505319,194.53873509861447,205.56102286003971,194.37179193924248,205.69486027946175,194.45693461453166,205.64781144288972,194.26535925964131,205.42496559190081,194.41938003208838,205.81638812979088,194.28330013596343,205.26329837266994,194.35468574362397,205.86738710665145,194.28748047626524,205.09611200080937,194.03789868371493,205.68354152327538,194.47905583115562,205.52363512502345,194.28580764646611,205.60357376580671,194.43480992951606,205.7074211827958,194.37764510934329,205.44810565226697,194.27744349747078,205.5696626192817,194.09218156414889,205.32620741648878,194.59423055737989,205.96580530553285,194.18857726495568,205.56790333151403,195.34715974372415,206.54854520904536,194.00117878197537,205.3218883034734,195.68607148864885,206.38798644120652,192.57461338286697,205.28141049125264,198.54292584409146,199.29810862629384,201.09971504067565,199.20550308540717
212.50635257018411,211.46129061054239,212.07655386118634,214.31457129439107,206.88550830742184,217.99334142785909,205.77868953492953,218.09764279596047,206.09976189665173,217.44199547912328,205.53708367491566,218.10493180331201,206.42167690338698,218.01364881414946,206.10396337118141,218.09764279596058,205.86673627027579,217.41439908548125,205.64386130260127,217.89147625246295,205.95966584593492,217.79793097794925,206.17023124451666,218.2401227439376,206.12278290581025,217.58620897021842,205.43591384214901,217.75628531183742,206.47909720349432,218.49748624624971,206.14780154613001,217.57718641974878,205.73104938758561,217.94614029751395,205.96074530113057,217.60252052803949,205.72709924729719,217.74899630448598,205.8308580219971,217.61154307850924,205.62908055055021,217.56087486192757,205.84387795306918,218.06831285920046,206.30878881229967,218.00635980679809,205.95204589579555,218.14883975477503,206.53885511129343,218.15786230524472,205.72413991991516,217.57718641974881,205.97021459404877,218.06831285920038,206.09020396144422,217.90778781028411,206.01146382706423,217.91681036075374,206.04679440531541,217.96245185533496,205.86639629374523,217.50394853152559,205.66228133509568,217.81823836423976,205.86781713819346,217.57319059127943,205.81749811439414,217.77433041277672,205.54945276961217,217.38906497719049,205.96765476880105,218.37531368456317,206.47511653379834,218.15786230524472,206.24911954678973,218.07959769502128,205.90064741680084,217.72868891819542,205.88811563015221,217.86387985882104,206.05040456907329,217.90952135340234,205.74304809683323,217.71966636772578,206.36586913587621,218.23283373658612,205.47784302822572,217.37604659825143,206.62712406419539,218.74652984767945,205.57685253787898,217.41369643589391,207.1029541774777,218.35068222585977,203.62362868892268,217.07892530953487,210.06551130006929,211.10420359214393,213.30034221505355,211.42128836826794
201.07801320816762,199.99541041084291,200.47128872550581,202.53692965916721,195.55919042222274,206.08742333136271,194.47654832065285,206.10621233658389,194.83256626119601,205.70504005484872,194.5796353406559,206.37826734725829,195.10343458966645,205.91668632134824,194.72194977290127,206.17313104629503,194.54626456690616,205.36680581312851,194.32587320780385,206.09720207140404,194.89726054966036,206.03716383316731,194.99198342066805,206.39924720500039,194.96362766792382,205.79512794161138,194.21860584749899,205.6464211278491,194.83590845240235,206.26714007714972,194.72696826229847,205.62976191633348,194.51494105219146,205.97706453611553,194.50201866526663,205.50030325602,194.43063305760592,205.95139505942007,194.68774085005617,205.83887747427079,194.6426602677129,205.92822588236834,194.66478148433686,206.04506411374413,194.89056923046402,206.09171344818168,194.83590845240246,206.34494892422717,195.22195150709709,206.11454264870292,194.45777276362708,205.73505917396704,194.62137373179274,205.97848538056377,194.83256279280423,206.17165208896498,194.84966898842274,205.90215690353841,194.6238812422954,205.98863462654307,194.644333097512,205.73471919743648,194.57712783015313,206.17495139287774,195.06336902832874,206.14527225028996,194.76786850433987,205.86855661685848,194.37179193924246,205.77525806847243,194.9577744978229,206.39023693982037,194.91185576638432,206.09362243705374,195.10510741946553,206.36169677803196,194.68356050975436,205.71234902465361,194.59757968536971,206.02917349757902,194.77874016383797,205.94704541699707,194.57127466005224,205.95247592733767,195.12639048699401,206.15465148819672,193.95693634872751,205.15334061276852,195.05835053893145,206.57791349178808,194.08214458535448,205.23620958473754,195.68105299925153,206.5525534622156,192.64934465012578,205.17904215208276,198.49449960215003,199.65562143038105,201.9199006739565,200.20070911434553
212.40078862398158,211.24869371004303,211.70733222364174,213.99628563320746,206.74371108181916,217.79220160636166,205.40861724023034,217.63011692168152,205.75973783775638,217.41040325701184,205.74182047374435,218.05929030873079,205.99301479837362,217.30280871002824,205.39278614966901,217.54959002610687,205.43733468659735,217.09108670229742,205.56176233870474,217.94214446904448,206.02874487875928,217.61709854274244,205.72746975323528,217.64642847950259,205.57003312521985,217.28823069532535,205.37840489975244,217.37778014136964,205.68036139105953,217.59349797756988,205.49740345424161,217.25890075856515,205.63300169464233,217.63913947215113,205.39969561733972,217.05446775818587,205.51656296540094,217.84357247253047,205.91477733247612,217.60078698492134,205.80453770892578,217.77033458430734,205.73787033345607,217.54785648298858,205.67721025503997,217.62612109321205,205.85109840107407,217.9567224837474,206.08452352958446,217.65371748685405,205.57003312521982,217.58221314174901,205.70287973173544,217.54785648298864,205.80444906663649,217.85988403035159,205.84828724158501,217.36875759089997,205.34613681523155,217.41439908548128,205.61097149839009,217.55687903345824,205.85294774385309,217.96974086268645,206.14055210192888,217.94943347639594,205.99150531163596,217.70335480990468,205.5270230712255,217.4194258074815,205.74662926439476,217.49492598105593,205.17972045144359,217.16761776940265,205.87182692457483,217.85988403035159,205.50416475401906,217.09108670229747,205.4026840614072,217.47635213788359,205.53850451936393,217.40537653501156,205.5542615602624,217.55288320498889,205.99286663048042,217.71237736037438,205.02101114687287,216.86235048715815,206.07795403844443,218.02840073620675,204.62912946075522,216.59023506278876,206.93977759199862,218.8834543314232,204.27550715086332,217.17576376293061,209.88101488031748,211.11149259949536,213.34403241766327,211.30911998894626
200.95605972739935,199.81496969042917,200.15095879413363,202.40513339116183,195.68690616935245,206.15715320056265,194.41268871289216,205.80012842041003,194.4126921812838,205.42752541714847,194.43732090841056,206.09455360386696,194.70233606678005,205.37686641681861,194.06587653883147,205.57947188873044,194.26034077024406,205.35554658254591,194.37764510934332,205.95454619543946,194.70317074748377,205.71905079882725,194.43815905750589,205.54399314258609,194.03288019431776,205.24555829323683,194.21320946047402,205.59684158271477,194.41018120238942,205.55636223728263,194.18272409485479,205.50064323255052,194.60761319577242,205.88586666474956,194.21944052820268,205.23145890696892,194.37931793914234,206.1256827075884,194.84715800952821,205.78818935725528,194.56085978363006,205.8909267896413,194.51912139249328,205.64676110437955,194.3930784751627,205.71333983756006,194.62053558269722,206.05191405581078,194.79082787005919,205.81675863572912,194.53873509861447,205.9068465224918,194.56085978363009,205.62109162768411,194.45275427422982,205.85007705876018,194.5020186652666,205.38451536315418,193.99281810137168,205.42971473645812,194.39558598566546,205.72920004480673,194.56002163453468,205.72630024302836,194.37262661994615,205.7100405336472,194.68272236065889,205.83446818575479,194.26953959994313,205.406146057272,194.37262661994609,205.55084308465285,193.9544253698331,205.32691777846833,194.68439519045796,205.93677699932087,194.16394160104559,205.10225158089673,194.06504185812776,205.46550434244756,194.19564301338798,205.51471350213276,194.40144262415802,205.68690047328116,194.68355704136263,205.87395659779133,194.03455649250856,205.2076388935416,194.87848152424289,206.06638241480547,193.34632159462873,204.76447790012585,195.81629821467294,207.24568115717156,193.40683207439955,205.47204790381369,198.54292584409146,199.74741061251888,201.69176170697239,199.50100495511498
212.6048495662896,211.56343856508025,212.12616497627587,214.55562323888208,207.31198109312575,218.34025437621537,205.98092603411442,218.08862024549092,205.94093495359556,217.45830703694432,205.73281020856442,218.14155074742359,206.21654060242386,217.70838153190493,205.80302822218812,217.9371177470442,205.93217602265679,217.61883208586062,205.79256811636364,217.89147625246304,205.99545545192441,217.84357247253052,205.98937410520807,217.77433041277675,205.65432140842597,217.52425591781611,205.73579865263204,217.70109252455347,205.83446818575487,217.7123773603744,205.73289885085379,217.74500047601657,206.18501199656777,218.08862024549089,205.7368489911423,217.36146858354851,205.74625875845663,218.14155074742362,206.29534026240759,217.88748042399354,205.85263688400792,217.76530786230708,205.8344681857549,217.73771146866511,205.81863709519351,217.72868891819545,205.97012595175951,218.14883975477511,206.33627863557768,218.07560186655181,206.08119369626419,218.00635980679806,205.99514459207927,217.69206997408384,205.71078001231231,217.72868891819547,205.89348661488904,217.58620897021842,205.48071371331849,217.49665952417411,205.87540655892514,217.93312191857484,206.03525484429534,217.59349797756991,205.3270064207575,217.42168809283274,206.07940387908914,218.0683128592004,205.70427004677612,217.35244603307891,205.82224725895145,218.08133123813948,206.01930458203719,217.88019141664213,206.32510804728449,218.21478863564681,205.88216785870264,217.60252052803952,205.80567668972515,217.65944685844164,205.64195231372938,217.68478096673243,205.89141493406495,217.83454992206089,206.22907238907212,218.12523918960252,205.59113062144758,217.40138070654217,206.41507829556144,218.31006745327875,204.95761254590843,216.98452304884469,207.24796218519279,219.0738380593327,204.3695757073219,217.40779315695195,210.31183730844418,211.58630748112589,213.50550627611116,211.00040186288425
200.35750770890704,199.67274570405766,200.59182093015232,202.93662298357242,195.85050713751804,206.12102361804261,194.51912139249336,206.21398077717589,194.87430118394107,205.69273048575599,194.49365451627125,206.13154183674891,194.85636030761896,205.90471672878601,194.78246372106383,206.24798056599033,194.88015435404193,205.90795650709492,194.6393146081148,205.92572558272448,194.58047348975126,205.80453770892581,194.62304656159176,205.91520595129612,194.68774085005612,205.96006534806929,194.65892831423599,205.78892883592036,194.54208075821259,205.91875658945011,194.6664543141359,205.95602656549161,194.92895849361102,206.12824253283625,194.46279125302425,205.42141495374685,194.3242003780048,206.00816452315155,194.93899547240545,205.99079494965645,194.55918695383107,205.70393007024552,194.43314056810874,205.7295995469411,194.45777276362705,205.70643036988943,194.62220841249643,206.16224232165052,195.03873683281034,206.13947264673337,194.74658196841966,205.98499534609979,194.70568172637826,205.80808834707972,194.39558598566546,205.75418956844106,194.74323630882151,205.8974367551773,194.3350720375029,205.55741269628189,194.60008719587245,206.18146135841369,195.03873683281037,205.91270565165223,194.1843969246539,205.60412155632349,194.99950942056805,206.41044678948987,194.58047348975131,205.38238556944845,194.45359242332523,206.19846054645984,194.85552215852357,205.91051633234264,194.82922060159783,206.17825069679029,194.76954133413895,206.0321037082756,194.8667751840411,205.88987645113107,194.40311198556537,205.74190911603384,194.53204724780997,205.88009759060071,195.01828497759377,206.31523925223186,194.46111842322517,205.59934329508079,195.17854028616125,206.41328694517517,193.81462191648211,205.13489158407788,195.7849746999583,206.86255840199263,193.02162716880022,205.51943671691623,198.89224899704655,199.98478588131746,201.65913807172808,199.22559020403014
211.58842515850878,210.88818437887889,211.90151905718884,214.38884007614507,206.90429884585447,217.72122600348973,205.3996069750502,217.79064197059779,205.91199528967277,217.4470222011235,205.67240146438954,217.90778781028408,205.87577706486329,217.49093015258657,205.77951906860591,218.02267136461916,206.05697418070235,217.71567053925637,205.85840737087901,217.74500047601657,205.59826242716306,217.27920814485566,205.39358515393803,217.50394853152557,205.85834784527518,217.80695352841889,205.76689863966814,217.49492598105596,205.71294033542563,217.84357247253047,205.90289638220332,217.60980953539101,205.77300910306985,217.7450004760166,205.68366069497219,217.33213864678837,205.42792491928284,217.55687903345833,205.8514979032085,217.76131203383764,205.82656790517791,217.55687903345827,205.54510312718932,217.46732958741401,205.62399142946236,217.60980953539101,205.86741763605903,217.79793097794925,205.80123840501307,217.5731905912794,205.69958042782278,217.73597792554693,205.89274713622396,217.56590158392791,205.43551434001458,217.45101802959289,205.88117704579622,217.73771146866514,205.49518360552446,217.22627764292298,205.5614223621742,217.92409936810515,206.30040038729911,217.98605242050752,205.72999904907542,217.64642847950259,206.12099308863515,218.0683128592004,205.66268083723003,217.19694770616283,205.57589225438031,217.74500047601654,205.60403291403412,217.21325926398393,205.48694334841707,217.5568790334583,205.60798305432255,217.57319059127937,205.89283577851324,217.60252052803955,205.42601593041095,217.27191913750423,205.39327429409286,217.511237538877,206.12346427159355,218.01538235726767,205.44822341124168,217.26618976591664,206.31598014361902,218.10163862442997,204.64902845057955,216.60828016372804,206.83305948991674,218.70661772468577,204.20207847561619,217.29064731726567,210.05826185586812,211.05856209756266,212.90456746098147,210.60327358760856
200.58038565130695,199.68684927199249,200.35327775711252,202.67357823807825,195.79166601915452,206.09063399298614,194.28413481666712,205.74335895667843,194.39642413476076,205.43042521892684,194.47654832065294,206.15462237151135,194.76619567454077,205.5660829849314,194.39725881546457,206.04975373269761,194.78413655086285,205.82292862473463,194.68606802025712,205.99218526469713,194.47989398025092,205.37180629192699,194.03539117321222,205.52122346766888,194.56002163453471,205.84967755662586,194.4594455934261,205.59866192929746,194.53622758811179,205.9738247578066,194.60008719587239,205.53538250002975,194.2524368727164,205.78966831458536,194.74156347902243,205.87466708026014,194.46111842322517,205.64025113884347,194.45275427422985,205.87176727848191,194.72696826229841,205.85223738187358,194.45777276362705,205.71623963933834,194.57880065995218,205.96947511538372,194.78915504026008,205.78315834904924,194.20651814127774,205.45359439597834,194.47738646974824,205.97632505745045,194.74658196841958,205.61242133903477,194.03873683281032,205.37800539761801,194.45777276362705,205.7556685257712,194.26703208944031,205.31469685166508,194.24574555352012,205.95710602068723,195.00034410127162,206.11769378472238,194.64182211861754,205.78562953200762,194.60092187657608,205.8344681857549,194.35134008402591,205.57944289253427,194.66645431413585,205.99619493058938,194.4101812023894,205.36495634986039,194.24909121311819,205.65466138495651,194.32921539901028,205.56096333443611,194.50369149506565,205.61347167754488,194.09172131268127,205.26187752822173,194.10928775976728,205.63664097508564,194.8292171332061,205.90218589973452,193.95275600842581,205.24237816102095,195.02246878628728,206.11994121691365,193.30709418238641,204.59448036877626,195.43816252589758,206.75552944006557,193.07712262756556,205.32771984915965,198.35385799970376,199.29850812842835,201.24290813122772,199.33637422683515
213.14978370186623,211.78174859474836,211.93310944636426,214.3145712943911,207.35323032614116,218.43882637272932,205.82209909105819,217.71237736037438,205.65301973567458,217.35244603307891,205.68900115030132,218.06102385184894,206.10661183871852,217.50394853152557,205.60656220987428,217.9534293048653,206.07329341568732,217.69935898143532,205.89743675517744,218.05200130137931,206.03383399984693,217.60252052803952,205.6540105485808,217.71237736037438,205.82110827815191,217.6554510299722,205.80197788367818,217.78161942012818,205.92202677667723,217.74500047601657,205.71913944111662,217.60980953539101,205.86451783428075,218.10319826019378,206.40245786662376,218.13755491895418,205.99909473236772,217.81823836423973,205.89999658042512,217.81823836423979,205.9068465224918,217.79064197059785,205.86599679161074,217.8182383642397,206.03309452118199,218.02267136461919,206.08014335775408,217.69206997408384,205.53353303676161,217.57718641974881,205.97632505745048,217.99507497097719,206.01066482279532,217.63011692168149,205.52668309469499,217.41439908548125,205.61492163867857,217.54959002610678,205.58419203709153,217.45101802959289,205.73249934871936,217.88019141664213,206.05842402134701,217.83454992206086,205.87756688203834,217.79793097794928,205.88333736890968,217.6667358657931,205.64460078126621,217.75402302648624,206.22990051002662,218.07230868766985,205.74730909696663,217.54959002610681,206.00529383805875,218.17816969153523,206.11914362536689,217.79793097794931,205.91850525520874,217.62282791433009,205.35403709580837,217.2556075796831,205.61284995785448,217.80695352841892,206.19689294684062,217.74899630448598,205.08431969282589,217.22957082180505,206.59704541947326,218.37930951303258,204.74778662599155,216.55534966179536,206.79905970110244,218.7522592192671,204.18325894098737,217.12283326099794,209.85352505703926,211.10420359214393,213.42008024820763,211.47421887020064
201.66498814480923,200.13865316067583,199.9691761731857,202.18669670819946,195.80626123587851,206.43895795508189,194.54626109851446,205.82400807993025,194.57462031965034,205.54260282754529,194.2286393579017,205.73323882738435,194.47822461884357,205.40910538465403,194.2645211105459,205.99909473236764,194.83507377169869,205.68656049675053,194.39224032606731,205.9390854903273,194.68188767995525,205.76254899724535,194.66812714393501,206.04614356893978,194.53790041791081,205.58891218545244,194.57880065995226,206.1253427310578,194.7899897209638,205.75958966986326,194.45944559342615,206.0482747753675,195.1359672143208,206.56955559619502,195.25410970251542,206.15789267922764,194.63847645901942,205.98209554432151,194.79082787005916,205.84282761455907,194.37262661994617,205.64386130260121,194.51661388199059,205.90610704382672,194.7899897209638,206.05151455367641,194.68606802025712,205.73826983559056,194.43314056810868,205.87176727848194,194.74658196841966,205.91841661291949,194.60426753617426,205.92492657845551,194.74490913862061,205.85584754563132,194.4151996917866,205.62794156975065,194.45442710402901,205.817498114394,194.66812714393495,205.8338173493791,194.40934652168576,205.63380069891122,194.58381914934944,206.06752292881623,194.83005528230152,205.7857181742969,194.33089169720111,205.74156913950316,194.74658196841963,205.79651825665206,194.10343112127478,205.46516448640611,194.83172811210054,206.46977607846907,195.05835053893153,206.0154444967601,194.76536099383713,205.8435670932241,194.19108477545845,205.42826489581356,194.45191959352621,205.98860550985771,194.97571190575331,205.93251599918744,194.02246878628725,205.60875306239515,195.63847645901944,206.79311039644145,193.81294908668301,204.83065713117199,195.51577920128693,206.8097390785494,192.97905409695977,205.20363217358272,198.41269911806728,199.74747013812248,202.0475759118749,200.18957600607169
212.52398221195074,211.07518496557751,211.09752589177691,213.55982323880676,206.80989031286518,218.05356093714317,205.59311365998212,217.74500047601657,206.04805255781173,217.5292826398163,205.28961868574123,217.24658502921352,205.35168508454677,217.10010925276708,205.41950596487484,217.77433041277675,205.94744491913147,217.39409169919077,205.42496559190084,217.63011692168152,205.74338948608582,217.58047959863083,206.02223491322317,218.03169391508879,205.67860057008059,217.27018559438605,205.72564940665274,218.17417386306582,206.29750058552071,217.87845787352396,205.89388611702341,218.07560186655184,206.43133800494263,218.36958431297552,206.21836094900641,217.69033643096569,205.6112823582352,217.79793097794928,206.05737368283684,217.56590158392788,205.27088779340164,217.26289658703462,205.68406019710673,217.79793097794925,205.98459584396539,217.79793097794928,205.77630840698254,217.59349797756988,205.77044927782214,217.75402302648618,205.73505917396707,217.49492598105593,205.74477980112664,218.07560186655186,206.3959479010876,218.03898292244028,205.8464377783169,217.71966636772581,205.89348661488896,217.80695352841892,205.82400807993031,217.50394853152554,205.42792491928287,217.40537653501164,205.75708937021932,217.89650297446323,206.07073359043963,217.65545102997223,205.46010436151451,217.42168809283265,205.76180951858032,217.41439908548131,205.01080237528959,216.96491831214149,205.70287973173538,217.93312191857481,205.83878883198145,217.56416804080968,205.8899359767349,217.79064197059779,205.60616270773997,217.36146858354863,205.50795220235537,217.59349797756985,206.03880548244931,217.85659085146958,205.35816452067542,217.49093015258646,206.85062087204929,218.70991090356785,205.0860208677118,216.78737905581673,206.89346823409156,218.80518972119975,204.20858844115224,217.22869426486335,210.06767162318258,211.35254454398637,213.54660889337887,211.39866943499058
200.50810134546774,199.31885488792767,199.56589887146291,202.01632879140095,195.60594383436498,206.14854243751711,194.34297593503061,205.90940634773955,194.9218927451787,205.79506841600764,194.18272062646312,205.46155420215916,194.24491087281646,205.36208566476756,194.23198501749982,205.7368489911423,194.45024676372714,205.40910538465408,194.29249896566239,205.9672552666666,194.76786850433987,205.91082719218772,194.93397698300817,206.20818117361938,194.41352686198755,205.35409674190143,194.47905929954723,206.3590483104951,195.22613184739896,206.15505240305325,194.72111509219755,206.00020471697084,194.79835386995916,206.08014335775405,194.67686919055805,205.67175062801405,194.41854535138475,205.96330512637826,194.80876874638125,205.57768207155542,193.91436327688706,205.40333489778314,194.62304656159171,206.03929362687299,194.72696826229847,205.80163790714752,194.4535924233252,205.71623963933823,194.58298100025402,205.81823759305908,194.33256452700013,205.46917415229839,194.51326822239238,206.30804933363456,195.2524368727164,206.20204171402153,194.72362260270029,206.01973461357935,194.79082787005919,205.89999658042524,194.45275427422982,205.60261206958592,194.37597227954427,205.73571001034279,194.57796251085676,205.85254824171867,194.6238812422954,205.74511977765729,194.35134008402585,205.7570893702194,194.8104415761803,205.80632752610092,193.99616376096986,205.15626941074314,194.35050540332219,205.80987816425494,194.35384759452865,205.52878389220447,194.5821463195503,205.92927622087842,194.53538943901637,205.59360180440581,194.20735629037313,205.46590396507108,194.52079422229238,205.74119863356495,193.92979664270644,205.30855739206686,195.21153663067497,206.52725449145814,193.84715800952824,205.02712314348571,195.66813061232665,206.87526747321971,193.11802286960696,205.56719591546792,198.8546944146033,199.95254691348214,201.81366826160422,199.6224663292285
212.23035202734735,211.20935959091798,211.81521951988711,214.40914746243561,207.38651975297597,218.33123182574573,205.67305230076525,217.87116886617247,206.16128062542981,217.79793097794928,205.78412004527001,217.90049880293265,205.96049396688929,217.5292826398163,205.6539219062914,217.74899630448596,205.6272907333751,217.27920814485569,205.73354968722953,218.24012274393758,206.37496804334558,217.94041092592624,206.07724355597571,217.99004824897693,205.68545051214738,217.32484963943696,205.62257058501413,217.91681036075369,206.15894301773778,217.88748042399354,205.80453770892581,217.52026008934672,205.57654309075591,217.63011692168152,205.77630840698265,217.56590158392788,205.73644948900775,217.82726091470943,205.93473584790453,217.4876369737045,205.37254577059198,217.60252052803955,206.13080235808397,218.07560186655186,206.00992534413035,217.68304742361417,205.64716060651401,217.51297108199523,205.65361104644643,217.58620897021845,205.62834107188513,217.55687903345827,205.92782638023399,218.07560186655189,206.12065311210446,217.68304742361417,205.62868104841581,217.71740408237463,205.97848538056377,217.80921581377012,205.77951906860594,217.74500047601654,206.04614356893973,217.92583291122338,205.78420868755944,217.54056747563709,205.73505917396702,217.76530786230714,205.85979768591986,217.98605242050752,206.44734638008242,218.19448124935633,205.80623888381172,217.54056747563718,205.80527718759072,217.77433041277672,205.74617011616741,217.69206997408395,205.95975448822421,217.78161942012812,205.76425017213111,217.69206997408384,205.75717801250863,217.57319059127937,205.83588903020311,217.53327846828574,204.9573322154707,216.98851887731408,206.24255146837189,218.15456912636267,204.84219515898076,216.84933210821907,207.02912600009626,218.74323666879741,204.08885040799819,217.27433575944451,210.22683854276943,211.48773548461193,213.62944733594037,211.43528837910219
200.69981566056398,199.91711839089569,200.77439772259262,203.17857023283912,196.30877048057715,206.54203677672049,194.50201519687491,206.01717478833143,194.84716147791991,205.87358762506446,194.70484357728282,206.28305981000017,194.8776468435392,205.6988409491577,194.55333031533837,206.09785290777967,194.54459173710711,205.39824577669518,194.43146773830958,206.23351067378437,194.9569363487276,205.80339872812633,194.51828671178967,205.83125752413147,194.39391315586639,205.40043509600463,194.12053731689318,205.51471350213274,194.47654832065285,205.80842832361031,194.48240495914544,205.47312429258679,194.19648116248337,205.64170097948798,194.46279125302425,205.56426263834859,194.32838071830659,205.70788021053394,194.49700017586937,205.63735133706516,194.39391315586639,205.91551681114109,194.93397698300825,206.19368228521705,194.83088996300518,205.85544804349695,194.39391315586639,205.49228380374618,194.1852316053575,205.55596273514837,194.47236798035104,205.90249688006895,194.85886781812167,206.01717478833137,194.49030885667315,205.36279602674702,193.9389954724054,205.49518360552426,194.66310865453784,206.04250428849627,194.72696826229844,205.94630593833213,194.83005528230154,205.91014582640446,194.22780467719804,205.38997499018021,194.45526525312434,205.94198529210547,194.64182211861757,205.99656543652748,195.06169619852963,206.35500952791722,194.89223859187149,205.99400561127976,194.64600592731102,205.74156913950313,194.43146773830966,205.90039608255944,194.74742011751499,205.79472843947696,194.49950768637217,206.02007459010977,194.87262835414197,206.03491486776485,194.86844454544848,205.8822565009919,193.98324137404492,205.33783703252035,195.03204551361409,206.12571170378484,193.50285334597027,204.99923381807315,195.80626123587857,206.73341060152407,192.70818576848927,205.05856464026363,198.37179887602588,199.71273087064318,202.02628937595466,200.18016623875732
212.4239809530016,211.5070550866692,212.31147924712508,214.66877325009895,207.27005190704901,218.20506343558984,205.68860164816687,217.91681036075374,206.00066374470916,217.511237538877,205.70057124072895,217.97876341315609,205.88052620942068,217.35973504043034,205.72630024302833,218.16688485571439,206.12429239254789,217.47461859476545,205.5863523602047,217.78161942012815,205.76865946064703,217.43799965065384,205.67465042979222,217.69206997408384,205.66228133509571,217.28823069532535,205.28615668987658,217.29951553114623,205.65938153331737,217.80695352841894,205.965864951626,217.68304742361417,205.7834692088943,217.8435724725305,205.92461571861054,217.66274003732372,205.77877958994088,217.82552737159128,205.92387623994554,217.67176258779335,205.73610951247716,217.72868891819542,205.86815711472406,217.83454992206086,206.06783378866135,217.88019141664216,205.72308958140493,217.36146858354854,205.39102532869032,217.4876369737045,205.82400807993022,217.94943347639588,206.21580112375867,217.9240993681052,205.7382698355905,217.32484963943693,205.20075842206734,217.2995155311462,205.83702801100262,217.94214446904448,205.93797562621324,217.60980953539098,205.73792985905996,217.48763697370447,205.20035891993297,217.15303975469976,205.7828183725187,217.93312191857484,205.8510984010741,217.67002904467512,206.02485426407452,217.96071831221684,205.82755871808428,217.59123569221867,205.6786892123699,217.4256839213021,205.46001571922528,217.61883208586062,205.89573558029147,217.64642847950262,205.77076013766734,217.96974086268645,206.13049149823874,217.94041092592627,206.22947189120654,218.07230868766982,205.56324129603499,217.49995270305615,206.50988633068505,218.17487651265313,204.71304735851228,216.833020550398,207.12137420997203,218.71564027515547,203.87035419943203,216.79223187046262,209.57462010429828,210.91608214958569,213.3372418056461,211.43759992608901
200.9245316919945,199.94145210660034,200.53765584376927,202.57521956480053,195.45275774262157,205.86312751924009,194.26786677014402,205.94883523417226,194.68523333955341,205.45865452087011,194.25159872362099,205.85152689940483,194.44857393392812,205.3544962440358,194.37931793914237,206.213980777176,195.01410463729201,205.85115792667787,194.51995954158866,205.8594868260746,194.45609993382803,205.6399111623129,194.60008719587233,205.966915290136,194.60259470637524,205.6402511388435,194.31127799107981,205.61532114081314,194.49700017586943,206.00131458108478,194.91018293658524,206.09171344818174,194.81629474628124,206.15863215789273,194.86928269454387,206.1391326702028,195.05835053893148,206.45601666873199,195.0420824924085,205.9303862054816,194.49532734607033,205.68874981606021,194.27037774903843,205.55781219841646,194.60008719587248,205.93547532656945,194.49867300566842,205.52958289647319,194.30793233148179,205.75131888334812,194.64851343781376,206.04506411374413,194.90683727698715,206.02914438089363,194.62889973169263,205.76072865066271,194.34883257352317,205.54260282754558,194.45442710402892,205.82474755859542,194.4594455934261,205.54510312718935,194.43146773830964,205.67388042171962,194.12471765719494,205.40870588251968,194.68272236065891,206.24542074074259,194.81462191648217,205.8793872286212,194.78330187015919,205.86639629374525,194.12639048699404,205.2354976895468,194.22362433689617,205.58163221184392,194.33256105860841,205.73209984658499,194.64600592731102,205.77951906860599,194.53371660921729,205.97342525567211,194.66729246323126,205.77155926242523,194.76870318504359,206.09495310600133,194.30625950168263,205.53606386581296,195.19025009475479,206.29644871379932,193.55500314513748,204.89797534301729,195.66813061232668,206.74901947452946,192.84882737093557,205.06547410793425,198.1647901553161,199.24824863023284,201.2854812030682,199.35519376146391
212.39063138480708,211.28604832295869,211.7561431172947,214.02561556996764,206.65541301223158,217.67731805202661,205.48534521939021,217.82726091470946,205.90909548789429,217.34116119725803,205.43582519985975,217.60651635650896,205.61532114081299,217.25161175121377,205.52702307122547,217.85485730835137,206.08591384462511,217.90379198181466,206.09896289238287,218.00635980679803,205.88512718608467,217.69206997408384,205.91304562818286,217.91681036075371,205.96071618444503,217.76530786230705,205.81863709519368,217.61154307850913,205.64130147735352,217.75628531183742,206.08921314853797,217.89650297446323,205.83085802199687,217.72868891819547,205.86565681508029,217.96071831221681,206.35574900658222,218.36229530562403,206.21364080064541,217.63011692168149,205.50820353659671,217.4600405800625,205.48833366345772,217.3687575909,205.70609039335889,217.69206997408384,205.63084137152907,217.41439908548125,205.69525978159623,217.79064197059782,205.8930871127545,217.73597792554693,205.88373687104399,217.78161942012815,205.84026778931138,217.79064197059782,205.93257552479113,217.69206997408384,205.6811008697245,217.48763697370447,205.44168432902015,217.41439908548125,205.88441682410519,217.96245185533502,205.84427745520367,217.64642847950262,206.09896289238276,218.23110019346788,206.05296439432104,217.76131203383767,206.08634246344499,217.77433041277669,205.18836021068552,216.97620314796237,205.61467030443723,217.83628346517909,205.82860905659453,217.63913947215107,205.84982572451887,217.74500047601657,205.88358870315085,217.8711688661725,205.76624780329246,217.4013807065422,205.77872006433711,217.75801885495562,205.18233838957306,216.98851887731408,206.20204171402136,218.25314112287668,204.94962362304224,216.7873790558167,206.84536905900941,218.56413777670878,203.95970260752969,217.07892530953484,209.91393380121411,211.01465414609956,213.03092663816128,210.84918001091856
200.64596519362803,199.56025267820115,199.87768116772514,202.27712457149269,195.62639222118992,206.09313429262994,194.53706226881539,205.99909473236761,194.5625326134292,205.42502511750453,194.19982682208146,205.66086049064737,194.35970423302123,205.4188551284991,194.26201360004308,205.76794897817828,194.66645431413593,206.05697418070244,194.99783659076888,206.12460325239297,194.57796251085688,205.69702060257504,194.48073212934636,205.81459831261591,194.61886275289825,205.86235751116746,194.53957324770982,205.56787280210645,194.22696652810262,205.72920004480667,194.72864109209746,205.73610951247724,194.16059940983919,205.35338625943265,194.24741838331911,205.71328031195605,194.68857553075983,205.92887671874394,194.49365451627122,205.42246529225685,194.10343112127475,205.58453201362198,194.47571363994919,205.72886006827602,194.62220841249635,205.86269748769803,194.39391315586639,205.51977362702442,194.456099933828,205.92927622087845,194.66143582473867,205.73175987005442,194.4594455934261,205.69486027946166,194.36928096034799,205.73537003381222,194.72696826229841,205.97882535709417,194.58465383005316,205.57478226977696,194.11551882749592,205.50425339630826,194.65018626761292,206.14706206746504,194.78413655086288,205.88879699593559,194.83507377169877,206.09100296571299,194.40683554279121,205.52193395013768,194.67314563333224,205.96179563964051,194.19898867298608,205.38303640582407,194.70986553507177,206.13839177881545,194.49616202677402,205.48509388514884,194.36928442873969,205.86164714918792,194.83674313310613,206.13765230015065,194.57629314944941,205.49666397557667,194.54040792841363,205.88083565654364,193.87430118394101,204.92583413902241,194.78580938066202,206.42343619115462,194.02163063719189,205.14430135139216,195.59925251516881,206.54675385865895,192.68522640276993,205.21048211564937,198.56253955021259,199.68740137047826,201.6937299612012,199.67080570627306
212.11686278042288,211.06402524396307,211.54734745295747,214.25035595663752,207.34271069471262,218.44611538008078,206.0974242889599,217.9900482489769,205.66526977916328,217.18965869881137,205.49299416572578,217.81094935688827,205.86454695096614,217.43071064330232,205.59070200262769,217.71237736037435,205.79216861422918,217.61883208586067,205.84032731491536,217.72868891819547,205.67169110240999,217.46732958741393,205.5896516641175,217.5568790334583,205.78201936824976,217.70838153190496,205.68406019710667,217.40537653501161,205.59320230227144,217.80695352841894,206.03204418267191,217.50394853152557,205.21988881654127,217.17334714099027,205.5324826982515,217.5292826398163,205.62069212554974,217.45830703694432,205.5918119872307,217.46732958741401,205.57728256942102,217.69206997408386,206.03639382509462,217.96974086268645,206.0493542305633,217.8272609147094,205.71407931622488,217.45101802959289,205.602612069586,217.72868891819547,205.90940634773941,217.70838153190493,205.83341784724476,217.69206997408389,205.59576212751918,217.45830703694429,205.80123840501307,217.93312191857484,206.01717478833157,217.54959002610684,205.3664353071903,217.41439908548125,205.86741763605909,217.87116886617244,205.78241887038416,217.53657164716776,205.82005793964197,217.58620897021848,205.18514954906192,217.09108670229742,205.81394747624017,218.05200130137931,205.93282685903245,217.76131203383767,206.20647999873353,217.91681036075374,205.39053718426655,217.12770564640908,205.50690186384526,217.7450004760166,206.13426435394859,218.06831285920035,205.83390599166839,217.45830703694435,205.93208738036748,217.99178179209514,205.33789514540194,216.97220731949292,206.10183357747573,218.27344850916711,205.09577061155673,217.03745355077731,207.13729394282268,218.74323666879746,203.98068246527171,217.03328381495359,209.85352505703932,211.10420359214393,213.42008024820765,211.47421887020064
200.32681140567243,199.49003910148102,200.21619275187976,202.7430567730369,196.06253434762499,206.51676680215951,194.7849712315666,206.04034396538316,194.37513759884058,205.27199777800499,194.33172637790469,206.15792167542401,194.86928269454387,205.66740098559112,194.45777276362708,205.89166626830624,194.41519969178665,205.29877711881431,194.07796424505267,205.57191158468422,194.43983188730496,205.65657037382843,194.42896022780684,205.74156913950318,194.64851343781385,205.97271489369263,194.60008719587245,205.70938969727166,194.58047348975131,206.08054285988842,194.83005528230154,205.70031990648772,194.18690443515658,205.58348167511195,194.58214631955042,205.80888735134863,194.38973281556451,205.65262023354012,194.64600592731108,206.02337389402248,194.68439519045799,205.93689617101779,194.85134181822173,206.08014335775408,194.62388124229543,205.71623963933828,194.41269218128383,205.61242133903468,194.37262661994615,205.76723861619865,194.60343285547057,205.82656790517797,194.68272236065903,206.01106432492983,194.60343285547054,205.66163049872006,194.5182867117897,206.02408425600203,194.76452284474166,205.6243314059931,194.12973614659217,205.63735133706518,194.76117718514357,205.96401548835775,194.41854535138475,205.52918339433873,194.45275427422985,205.55994199212208,193.87848152424291,205.20041844553683,194.55166095393108,206.15397153513558,194.81629474628127,206.01828477293475,194.95275600842569,205.91986645356414,194.14349321422077,205.41234516296299,194.47989744864267,205.87176727848185,194.69982508788564,205.92276625534225,194.41938350048008,205.53134371745193,194.68188421156356,206.12713254823305,194.28999145515957,205.31466785546854,194.91436327688712,206.15789114601642,193.5174485626942,204.9670543758416,195.89475303915765,207.06192421608475,193.12136852920511,205.21054164125331,198.20401756755848,199.35857689607249,201.59675408190139,199.85514452663378
211.82360373055874,210.91365771113416,211.73646770292822,214.22102601987734,207.01937625625126,218.18701833465053,205.84159999147036,217.93312191857487,205.79231678212233,217.24258920074408,205.57793340579664,218.19448124935636,206.30665901859385,217.61709854274244,205.72630024302836,217.97876341315612,205.85479720712127,217.18063614834168,205.2546280840206,217.58620897021842,205.84282761455918,217.56590158392794,205.66993028143128,217.81823836423973,206.13691282148562,218.07560186655184,206.0960630906045,217.88748042399357,205.95966584593495,217.9240993681052,205.99440511341422,217.78161942012815,205.82184775681705,217.79064197059782,205.95099555728541,217.76530786230708,205.73610951247733,217.78161942012818,206.17239156762986,218.06831285920035,205.8880269878631,217.64642847950256,205.8707169399716,217.79793097794925,205.70569089122449,217.45830703694435,205.59906143143178,217.56590158392794,205.72920004480679,217.74500047601649,205.91196617298712,217.78890842747961,205.98459584396545,218.02267136461913,206.03639382509465,217.70838153190493,205.79867857976535,217.81823836423982,205.82366810339968,217.46732958741393,205.52992287300373,217.78161942012818,206.19408178735165,217.93312191857487,205.71657961586882,217.59349797756988,205.92242627881174,217.77433041277669,205.53677281507052,217.43071064330232,205.91847613852326,217.96071831221681,205.8416886337597,217.67905159514478,205.99085447526019,217.85485730835137,205.71433065046639,217.71740408237457,206.07733219826497,217.87116886617244,205.75700072793012,217.54056747563718,205.4855225039687,217.44702220112347,206.00662604021775,217.97373669115581,205.44242380768506,217.23859337227469,206.28777995836134,218.04870812249726,204.55749060268312,216.63587655737007,207.05084533650347,218.97300377746751,204.36701588207404,217.21238270704217,209.78009638179228,210.87946320547408,213.10455635135494,211.20325898508079
200.37997649012755,199.32709272929304,199.90373206455968,202.18234706577658,195.53288539690533,206.34420944556206,194.731983283304,206.14706206746501,194.70233953517177,205.45251494078275,194.33088822880941,206.37240821809783,195.22864282629334,205.81206901677575,194.4748754908538,206.24292044109879,194.93481513210358,205.62615175257577,194.33172637790474,205.98678516327502,194.72362260270032,205.57944289253422,194.29417179546149,205.97302575353774,194.97153156545147,206.16801280852167,194.89474957076587,206.16184281951607,194.83088996300518,205.96577630933666,194.64349494841656,205.93143654399174,194.70400889657918,205.91261700936289,194.60092187657608,205.78596950853819,194.49950768637217,205.8868880070635,194.82921713320607,205.94479645159444,194.37262661994612,205.54510312718924,194.51828671178964,205.95750552282158,194.66310865453781,205.77300910306991,194.51828671178959,205.80808834707977,194.58298100025408,205.96617581147109,194.82670962270328,206.06999411177475,194.83423562260333,206.10217355400619,194.72362260270029,205.80444906663655,194.56169446433378,205.87500705679071,194.49867300566851,205.63701136053459,194.53455475831265,206.08665332329011,194.93899547240548,205.94664591486273,194.47571363994913,205.83307787071416,194.80876874638133,206.08375352151188,194.64182211861745,205.88583766855342,194.87680869444387,206.15968249640278,194.61886275289817,205.72201012620931,194.62304656159179,205.96981509191423,194.60259470637513,205.91807663638886,194.89056923046411,206.05481385758904,194.5437535880117,205.59650160618432,194.22195150709715,205.68406019710665,194.91770893648524,206.05990297867706,194.07796424505267,205.30855739206697,195.06336902832876,206.25559898291829,193.55667597493652,204.88856557570284,195.64517124660742,206.8466386691419,193.14181691602991,205.52338685720477,198.60511262205304,199.51956416224198,201.47317164208656,199.60709347651851
212.13408696969424,210.86847123887597,211.21041765461297,213.85606797058168,207.22195273196684,218.52837581877367,205.87920853132044,217.79064197059779,205.89363478278213,217.58447542710024,205.78878066802724,218.26372330911016,206.43694579986186,217.71567053925637,205.66293217147137,218.13252819695398,206.32982819564555,217.76131203383764,205.8094786621204,218.05200130137933,206.02954388302805,217.45830703694429,205.55195306925592,217.88019141664216,206.05447388105856,217.69935898143535,205.82400807993028,218.07560186655181,206.31671962228401,217.97702987003791,205.84933758009518,217.60252052803949,205.56176233870485,217.45101802959289,205.66268083723011,217.74500047601657,205.9784853805638,217.74500047601654,205.66268083723003,217.41439908548131,205.47892389614341,217.59349797756988,205.9755855787854,218.02267136461919,206.13765230015073,217.98605242050752,206.07724355597566,217.96071831221678,205.95966584593501,217.83454992206089,205.97632505745031,217.93312191857484,206.02658455564602,217.83454992206089,205.81715813786349,217.73597792554693,205.95966584593506,217.84357247253052,205.74841908156986,217.59349797756985,205.89058681311076,217.98605242050758,206.0475644133879,217.7359779255469,205.72925957041053,217.70838153190496,205.92131641469771,217.81823836423979,205.79327847834321,217.79793097794928,206.24437040223245,218.19448124935633,205.91696665178583,217.5568790334583,205.82369722008514,217.88019141664213,205.78272973022942,217.54785648298866,205.8168472780184,217.89650297446326,206.01097568264055,217.72868891819542,205.59329094456066,217.60980953539101,206.17486275058846,217.96245185533499,205.27708689909261,217.20423671351432,206.41078817874268,218.34269056892094,205.03570184391242,217.0374535507774,207.1051145005911,218.84007512219321,204.38799573981615,217.71079815384527,210.48223434192826,211.29961404205366,213.14387405929827,211.03059044999407
200.44891123613021,199.31102108356652,199.62720699111787,202.3856630201573,196.31211614017519,206.57245539797339,194.10092014238029,205.34903661700977,194.53873856700613,206.04540409027476,194.87429771554932,206.22231108929478,194.88973454976042,205.7343196953021,194.3964206663691,206.11883276552169,194.97404254434596,205.77516942618306,194.4373209084105,206.0367338016253,194.74742011751502,205.63306122024619,194.45275427422985,206.00239403628044,194.60510568526968,205.43372452283944,194.22613184739899,206.07113309257403,195.16311038873363,206.10803268316664,194.51828671178967,205.4796633748083,193.99950942056799,205.3118261665721,194.33089169720108,205.94744491913156,194.9544288382248,205.84652642060627,194.10259644057106,205.28905649165497,194.35217823312129,206.00165455761541,194.91269044708798,206.06348414623849,194.74992762801776,206.07289391355286,194.93397698300822,206.22882105483077,194.82838245250244,205.78531867216253,194.39725881546451,205.74841908156984,194.53622758811181,205.74156913950318,194.54124607750893,205.97237491716203,194.84966898842271,205.92532608058994,194.43481339790773,205.72524990451831,194.68774085005614,206.03599432296031,194.70400889657913,205.83017806893577,194.55751412403202,205.81749811439414,194.56504012393191,205.72308958140499,194.32754603760296,205.69057016264276,194.81044157618032,206.09390276749133,194.45442710402895,205.46516448640611,194.48073212934639,206.00560469790386,194.61718992309915,205.5892521619831,194.35719672251849,205.86525731294572,194.82419864380893,206.00776502101704,194.50369149506568,205.71510065853874,194.80458493768774,206.03778414013541,194.1902500947547,205.54908379688524,195.30291384208456,206.48236597799942,193.87931620494652,205.31503836140683,195.95192132772209,207.0449250280387,193.39390968747463,206.02590766900727,199.18273103163827,199.87621843645667,201.47701604874726,199.37228995513334
211.94196230688354,210.87532579753616,211.34758091956303,214.29200162274932,207.7207443288039,218.33123182574576,205.06208309530967,217.155302040051,205.96160395149241,218.21581952917765,206.27643208548929,218.00462626367985,205.92362490570417,217.62612109321208,205.78918017016161,218.07560186655186,206.16705111230084,217.5275490966981,205.47883525385404,217.78161942012818,205.96842477687366,217.5731905912794,205.716890475714,217.82726091470937,205.7697984414464,217.27920814485572,205.40654555940645,217.78161942012818,206.13296268119711,217.76131203383767,205.63735133706524,217.45101802959289,205.49484362899389,217.41439908548122,205.64676110437961,217.79793097794928,206.11414314656844,217.74500047601654,205.43477486134958,217.40537653501161,205.93473584790442,218.0846244170215,206.0703340883052,217.64642847950262,205.59616162965355,217.64642847950253,205.97808587842928,218.03898292244025,206.07980338122354,217.60980953539098,205.50385389417377,217.45101802959283,205.53609286200941,217.41439908548131,205.69776008123998,217.89650297446317,206.13006287941892,217.82552737159119,205.75708937021923,217.70838153190499,205.89348661488901,217.83454992206083,205.95025607862047,217.8345499220608,205.89348661488904,217.74500047601654,205.83992781278076,217.54959002610684,205.35918586298934,217.27920814485569,205.72490992798762,217.74500047601651,205.63951166017844,217.52754909669815,206.00637470597633,218.11222081066344,206.03269501904757,217.72469308972603,205.8392769764051,217.86214631570283,206.03846550591879,217.94943347639588,205.90909548789432,217.752289483368,206.08912450624865,217.93711774704425,205.4615833188445,217.51626426087722,206.64844389846814,218.42321746449559,205.04403215603136,217.11798044635199,207.25052201044065,218.96398122699787,204.3952451840174,217.6488451014429,210.49090463057755,211.44209399003068,213.22009135783401,210.87423347272835
200.56880856945634,199.52108116572768,199.91472633273935,202.57265973955285,196.23198848589149,206.39486844589197,194.11468067840065,205.67465042979225,195.0036932292615,206.37712836645886,194.95107971023504,206.06999411177458,194.70986553507171,205.88623717068791,194.74407098952523,206.29863956632019,195.00034756966335,205.77846873009588,194.36928096034802,205.9640154883578,194.81044157618032,205.77550940271365,194.45860744433077,205.85328772038366,194.53622758811173,205.55812305826154,194.35134008402588,205.83736798753313,194.6238812422954,205.66228133509577,194.37262661994612,205.83702801100253,194.74490913862056,205.92202677667731,194.58130817045495,205.90570754169229,194.7899897209638,205.97913621693939,194.53873509861444,205.89595779784727,194.95359068912944,206.18791179834599,194.60594036597328,205.51076336184443,194.15809189933648,205.59360180440598,194.58465383005304,206.01356462457372,194.78915504026017,205.79833860323481,194.43314056810863,205.66052051411688,194.26870491923941,205.40003559387034,194.31043984198442,205.94769625337287,194.91436327688709,206.05407437892413,194.72696826229844,205.92532608059,194.557514124032,205.80774837054912,194.6860680202571,206.01356462457375,194.68774085005609,205.82366810339965,194.57545500035411,205.66052051411688,194.12639048699393,205.39352562833415,194.45442710402898,205.9162562898062,194.66645431413585,206.08847366987288,195.17937843525667,206.40245786662373,194.81629474628119,206.00597520384187,194.90851010678622,206.19698158912985,194.81462191648211,206.03204418267197,194.74407445791692,206.00637470597638,194.91603610668614,205.97416473433728,194.07796424505267,205.45396490191652,195.23282316659524,206.50158501476261,193.92728566381192,205.22679981742303,195.81462538487389,206.81479920344088,192.93313536552108,205.44705838017933,198.83340787868306,199.93412688098763,201.64558847332313,199.25338670548655
212.3498094140204,211.18176319727607,211.60613307863548,214.10614246554229,207.13004449862154,218.22537082188035,205.69005148881146,217.94214446904451,206.26944856815618,217.91507681763551,205.91252836707355,218.11222081066347,206.21878956782635,217.76131203383764,205.82826908006373,218.13252819695396,206.25673949692907,217.76131203383767,205.79031915096101,218.04297875090964,206.18436116019205,217.70838153190496,205.65071124466809,217.71237736037435,205.82440758206465,217.65545102997226,205.89092678964138,217.91681036075371,205.89058681311059,217.54056747563718,205.62868104841587,217.82726091470946,206.13475249837225,218.02267136461913,206.07073359043963,217.96071831221684,206.05842402134692,217.91681036075374,205.90758600115677,217.8965029744632,206.1969815891299,217.99733725632842,205.7382698355905,217.32484963943688,205.38525484181915,217.5495900261069,205.90610704382684,217.92409936810515,206.0479639155223,217.88748042399357,206.00776502101715,217.82726091470946,205.66342031589511,217.36146858354851,205.54294280407603,217.81823836423982,206.171652088965,217.98605242050758,205.95099555728549,217.63913947215113,205.54294280407609,217.59349797756985,206.00381488072856,217.9860524205076,205.93433634577011,217.64642847950265,205.73215937218865,217.58620897021839,205.54979274614283,217.54959002610684,205.92606555925497,217.95342930486535,206.03053469593445,218.12853236848454,206.50667566906171,218.20177025670779,205.82721874155376,217.73597792554693,206.1341016619966,218.03169391508877,205.8434784509347,217.63011692168152,205.78611767643139,217.85086147988198,206.18677281754651,217.77433041277672,205.0879298565838,217.16761776940268,206.51710677868996,218.5381010188307,205.18693936623711,216.93888155426339,206.88695826855547,218.61706827864148,204.03785143113771,217.31824371090764,210.34873689903685,211.50404704243303,213.30972041241264,210.78237247969719
200.60841213334081,199.58864411440533,200.17766129856506,202.34117400883301,195.4706986189436,206.05623470203747,194.40060100667094,206.0081049975476,194.78497469995821,205.62035214901908,194.43564807861145,206.24582024287704,194.99700191006525,205.60733221794678,194.22696652810265,205.97086543042442,194.80876874638125,205.71510065853886,194.49950768637214,206.10291303267127,194.85134181822173,205.69057016264276,194.2866457955615,205.71407931622505,194.51995954158869,205.78821847394079,194.72864109209758,206.03639382509471,194.5984143660734,205.58024189680307,194.28999145515965,205.74190911603375,194.64516777821569,206.00671468250701,194.87262835414197,206.03895365034248,194.61970090199364,205.71012917593666,194.35385106292034,205.74736874305987,194.76954133413895,206.02408425600208,194.51326822239244,205.42826489581344,194.12973614659214,205.69776008123995,194.72194977290127,206.03275454465134,194.78915504026008,206.07289391355292,194.89474957076592,206.01066482279532,194.45609993382803,205.52958289647313,194.35050540332225,205.85914684954395,194.76786850433987,205.88407684757453,194.456099933828,205.47636407089561,194.10343112127472,205.64676110437966,194.80876874638122,206.10908302167678,194.68272236065897,205.75057940468321,194.48073212934636,205.71367981409063,194.39056749626829,205.71333983756,194.62304656159174,205.85584754563135,194.53706226881542,205.98749564574362,195.00285508016614,206.02368475386763,194.34464876482963,205.58635236020478,194.60677851506873,205.78059852380161,194.2236208685045,205.41305552494251,194.35217823312126,205.87426757812568,194.91519795759078,205.85402719904863,193.87262835414197,205.41308605435006,195.47236798035104,206.77068069805483,193.96111668902935,204.90988540997566,195.37095725853877,206.60071216290163,192.95358722073772,205.52634618458686,198.89392182684566,199.95254691348208,201.75562131473311,199.52923425705816
211.99627226564564,211.01951871499958,211.76395752620638,214.159072967475,206.91555795594775,217.91108098916609,205.34962792778163,217.60252052803952,205.8769755712666,217.51123753887697,205.73201120429565,218.03169391508879,205.96882427900806,217.23356665027444,205.35258725516383,217.82726091470943,205.94960524224481,217.43799965065384,205.67820106794628,218.02267136461916,206.06604397148615,217.47461859476542,205.46010436151454,217.60252052803955,205.76649913753363,217.60980953539098,205.81715813786369,217.69206997408384,205.6120218369002,217.32484963943693,205.41925463063359,217.41439908548122,205.63010189286405,217.69935898143532,205.97163543849709,217.77762359165877,205.74332996048207,217.45830703694432,205.37692594242245,217.3850691487211,205.85439770498672,217.88019141664216,205.7520292453278,217.32484963943693,205.46374364195785,217.72868891819547,206.04827477536759,217.88748042399357,205.915205951296,217.85086147988201,206.05768454268195,217.8711688661725,205.68440017363719,217.37778014136964,205.5588625369266,217.69206997408384,205.87031743783726,217.60980953539095,205.62109162768408,217.45101802959289,205.51110333837505,217.56590158392791,205.90940634773943,217.76530786230703,205.68545051214747,217.56590158392791,205.82730738384294,217.67575841626277,205.56497300032834,217.48364114523511,205.82551756666771,217.6830474236142,205.55482375434889,217.48364114523503,205.83566681264713,217.69206997408386,205.59351316211664,217.52026008934666,205.78756763756505,217.55687903345833,205.49185518492635,217.45101802959283,205.64033978113284,217.72469308972603,206.23163221431992,218.02666719308854,205.42940387661295,217.45431120847488,206.69654307355023,218.53081201147924,205.01944213453149,216.82399799992834,206.85838899008161,218.61706827864151,204.06642070961152,217.2743357594446,210.15702003128018,211.28330248423251,213.37655951358934,211.26493139100225
200.48898212408378,199.56021199255272,200.21313184634488,202.60014956283101,195.87346650323732,206.11670297181601,194.03622585391597,205.58749134100424,194.64349841680826,205.80413820679132,194.62471592299917,206.00850449968209,194.49616549516568,205.34508647672146,194.3104398419845,206.0693127459914,194.70651987547362,205.54371281214853,194.51661388199057,206.28706947589248,194.97655005484873,205.74332996048207,194.39558598566541,205.88151702232682,194.66310865453781,205.79543880145653,194.53622758811167,205.66953077929679,194.25159872362102,205.45103457073071,194.26703208944031,205.58419203709147,194.45442710402892,205.8717672784818,194.72529543249939,205.9527563782643,194.75243513852053,205.96361598622329,194.49198168647217,205.6684513241012,194.64516777821569,205.95133553381609,194.39558598566541,205.41851515196851,194.36844627964436,205.99875475583713,194.87346303484566,205.93072618201225,194.5216323713878,205.80774837054915,194.72194977290127,206.00816452315155,194.54124607750887,205.52918339433887,194.33005354810564,205.84677775484755,194.66645431413588,205.79182863769873,194.55751412403197,205.84032731491521,194.51828671178964,205.6815003718589,194.45609993382803,205.57802204808593,194.12471765719494,205.48543386167941,194.5984143660734,205.8630969898324,194.35301291382487,205.67715072943614,194.85301464802083,206.07798303464079,194.39224032606728,205.40299492125249,194.28748394465691,205.68223985052401,194.47989398025098,205.88697664935276,194.76703382363621,205.86781713819343,194.57963534065584,205.90363586086832,194.4798974486427,205.72095978769923,194.95191785933034,206.36049815113958,194.49867300566848,205.51363416742632,194.97989571444688,206.14453123841358,193.59757621697796,205.1229815171194,195.89308020935857,206.81479920344091,192.8546805410364,205.19166258102061,198.35051234010564,199.40633609462404,201.43641123113562,199.5232711716626
212.44607447167334,211.29062215529672,211.68604395932431,214.26666751445859,207.33586075264611,218.24168237970142,205.52113482537953,217.61380536386045,205.88706529164224,217.62785463633031,205.70202108137349,217.80192680641869,205.88342601119885,217.60980953539098,205.88472768395025,218.0683128592004,205.99119445179085,217.49492598105587,205.6731409430547,217.96245185533496,206.05555333625406,217.74500047601654,205.95460572104346,218.09590925284238,206.13981262326382,217.74500047601657,205.68585001428184,217.58620897021842,205.68835031392558,217.58620897021845,205.68585001428184,217.63913947215119,205.90033655695561,217.96974086268645,206.0931632888263,218.05026775826107,206.33081900855177,218.203503799826,205.97160490908959,217.78161942012812,206.12139259076949,218.00635980679806,205.6782010679463,217.3687575909,205.70071940862209,217.88019141664213,205.99795575156827,217.74500047601654,205.7354586761015,217.64642847950256,205.93103704185737,218.02267136461913,205.99770441732693,217.55687903345827,205.65071124466809,217.81094935688833,205.8913262917757,217.6554510299722,205.91625628980617,218.00635980679806,205.97558557878546,217.66274003732372,205.82005793964183,217.63913947215116,205.39713579209197,217.27920814485569,205.77920820876079,217.8272609147094,205.70748070839966,217.78890842747961,206.4658259381807,218.41522580755679,206.03880548244939,217.63740592903298,205.76334800151415,217.69206997408384,205.75808018312566,217.93312191857478,206.24482942997076,218.01364881414949,206.09631442484581,217.97876341315609,205.66927944505557,217.35973504043039,205.93754700739331,218.09764279596055,205.5719115846843,217.08709087382803,205.87938722862103,217.79863362753659,204.71230787984732,216.98452304884464,207.21652222162626,218.71564027515544,203.95970260752969,217.06990275906517,209.86509514746695,210.87946320547405,212.78482942782733,210.55034308567582
201.06726785848721,199.80697818871056,199.9185814097666,202.36468316241525,195.95944732762192,206.46354797658191,194.64098396952218,205.91295698589349,194.52163237138771,205.41595532672076,194.07712609595734,205.7614390126422,194.8530146480208,206.05407437892404,194.78831689116475,206.08335401937742,194.72696826229844,205.65938153331749,194.24658023422379,205.53387301329224,194.2507640429173,205.62109162768408,194.76285001494261,206.30514953185624,194.97989571444685,205.75347920646149,194.20651814127774,205.61242133903468,194.57880065995224,205.83091754760088,194.47571363994916,205.72524990451831,194.64684060801477,206.02948435742422,194.74658196841963,206.00998486973432,194.888896400665,205.96981509191431,194.33674486730197,205.68656049675053,194.89056923046405,206.21725096440323,194.62053558269733,205.68366069497225,194.58381914934938,205.88441682410519,194.49783485657309,205.71044003578163,194.49281983556759,205.76649913753374,194.69024836055888,206.19732156566042,194.89056923046411,205.7502394281525,194.41519969178663,205.78750799147204,194.34883257352317,205.4622646846278,194.56336729413286,206.23601097342819,194.91269044708798,205.9296467268166,194.83172811210056,206.10041273302744,194.43146773830964,205.50641371942163,194.56420544322825,205.99258476683158,194.53706226881545,205.94266665788876,195.20401063077503,206.61114480574099,195.10426580197841,206.21466214295913,194.93314230230453,205.93143654399162,194.41436154269124,205.93143654399174,194.93314230230453,206.10433387711956,194.85468400942824,206.04645442878484,194.3684462796443,205.33237740549438,194.4586074443308,205.88694611994529,194.01912312668915,205.01518254712005,194.61802807219453,206.0153834379451,193.66728899483959,205.05313259671198,195.60427100456599,206.48313445286081,192.67937323266912,205.31219961844351,198.66729940001474,199.56405317356638,201.19476664334965,198.91895522604858
212.52621415040326,211.19464235225064,211.35264104445466,213.87411307152095,207.05405599812678,218.33123182574576,206.00551605561444,217.88921396711171,205.64974954844726,217.07477514447629,205.22019967638641,217.81823836423976,206.30989879690279,217.87619558817269,205.74872994141504,217.84583475788179,206.09211295031614,217.68078513826302,205.43221503610189,217.31582708896732,205.55022277768467,217.65371748685402,206.01208566724367,218.00236397832867,205.96296514984755,217.46732958741396,205.39062582655589,217.5405674756372,205.85189740534295,217.61883208586065,205.59610210404975,217.5934979775698,205.85840737087904,217.70838153190496,205.69992040435341,217.57319059127934,205.70865021860649,217.42168809283271,205.32876724173644,217.52754909669815,206.13262270466652,218.07560186655184,205.9158567876718,217.70838153190496,205.91921561718831,217.72868891819547,205.59280280013709,217.45101802959289,205.6316403757979,217.65545102997223,205.99144578603213,218.05929030873077,206.02013411571357,217.62612109321208,205.7849191700281,217.83454992206086,205.68983068397776,217.32311609631878,205.64966090615792,217.94214446904448,206.03309452118199,217.8784578735239,206.25054039123805,218.21079280717746,205.94769625337281,217.64642847950256,205.90329588433781,217.82726091470943,205.67564124269845,217.60980953539101,206.00026424257467,218.05026775826104,206.14697342517564,218.19048542088692,206.37431720696983,217.9240993681052,205.67200196225519,217.78890842747967,206.13231184482149,217.90379198181466,205.86806847243466,217.78161942012815,205.7636879780448,217.57319059127937,205.92162727454283,217.66846940891128,205.02135112340346,217.00882626360462,206.31671962228393,218.29878261745787,204.96662281108826,216.74347110435369,206.66522228168046,218.31406328174813,203.79402572240659,217.18478631340028,210.22683854276951,211.34525553663494,213.34645053501384,211.12013989603835
200.67027206387914,199.52758534678233,199.87627936623903,202.20875602113708,195.62053905108897,206.22703123765572,194.53873509861455,205.83455682804413,194.33172984629638,205.26949747836102,194.28748047626522,206.22990051002645,195.12555580629032,205.72780972976599,194.16227223963821,205.84973708222964,194.93481513210364,205.86494645310057,194.22947750699709,205.72530943012208,194.97069688474784,206.40245786662376,195.02497629679004,205.9466459148627,194.38973281556457,205.50786356006614,194.35134008402585,205.90684652249175,194.74825479821874,205.70933017166766,194.354685743624,205.82150778028637,194.67854202035713,205.71333983755989,194.33507203750284,205.67533038285333,194.49867300566848,205.71333983756,194.51494105219149,206.0515740792803,195.03873683281034,206.10797315756284,194.56504012393191,205.78241887038422,194.63764177831573,205.812098012972,194.37429944974522,205.51400314015325,194.27037774903846,205.67209060454456,194.68272236065894,205.99875475583718,194.55918695383099,205.77806922796148,194.8751358646447,206.42522754154101,194.99616376096986,205.78497869563202,194.37179193924243,205.72348908353942,194.45609993382803,205.89274713622385,194.99616376096986,206.28232033133523,194.79333538056193,205.88333736890945,194.63764177831573,205.77084877995659,194.31378550158257,205.54874240763269,194.3930784751627,205.6283410718853,194.41185403218844,205.93763564968287,194.91687425578152,206.02263441535757,194.6205355826973,206.05737368283678,194.97906103374316,205.98829465001256,194.43146773830958,205.76979844144637,194.70986553507174,206.07619321746554,194.93230415320915,205.79401795700818,193.83005528230152,205.40040609980832,195.3759722795443,206.46718572381386,193.57963534065587,204.73374829853876,195.43147120670136,206.65131163762751,192.89725361287691,205.29548088132421,198.55919389061441,199.77891010168923,202.00500284003442,200.17075647144293
211.95918649615498,210.96473168840311,211.65528013895801,214.16809551794455,207.07037523311172,218.05356093714317,205.42487694961144,217.4876369737045,205.60566003925726,217.43071064330238,205.94183712421241,218.39891424973575,206.34139828607314,217.41266554236307,205.292917989654,217.84357247253047,206.23067051809909,217.59349797756985,205.31608716670564,217.76530786230708,206.55551432280893,218.46086730213801,206.17304240400563,217.6667358657931,205.53939216592207,217.54056747563715,205.88762748572853,218.03169391508879,206.08995262720288,217.63011692168149,205.63189171003918,217.79064197059782,205.95645518431149,217.68304742361423,205.79287897620875,217.86387985882101,205.96114480326497,217.88019141664213,206.19877140630501,218.38989169926606,206.49686639961297,218.02996037197059,205.78892883592036,217.6993589814353,205.90505670531661,217.83454992206086,205.84643777831693,217.51297108199523,205.45433387464348,217.45101802959286,205.77010930129154,217.63913947215113,205.53933264031826,217.5405674756372,206.07218343108411,218.34598374780296,206.46030678555096,217.93312191857478,205.63485103742124,217.38906497719057,205.51326366148834,217.76131203383767,206.16480214689815,217.97702987003785,205.90900684560509,217.7613120338377,205.86130717265738,217.63011692168149,205.58379253495713,217.52928263981633,205.75387870859592,217.45101802959286,205.28606804758729,217.27920814485569,205.70577953351375,217.78161942012815,205.92597691696579,217.94943347639591,206.2060804965991,217.81823836423979,205.50851439644194,217.50394853152559,205.92791502252314,217.98605242050755,206.10248441385144,217.60651635650893,205.13315834657311,217.51626426087725,206.88462066086359,218.42321746449562,204.62335897388408,216.5463271113257,206.96689690933869,219.05526421616042,204.48098342835718,217.31824371090764,209.99785311169327,211.290591491584,213.57671787195434,211.54346092995445
200.20355886866477,199.35247153367683,200.14361933573221,202.59690978452227,195.91436674527873,206.26822094506741,194.22780120880631,205.6572212102042,194.5157792012869,205.72451042585325,194.81378376738678,206.51457594963861,195.03455649250853,205.53751370645764,194.20735282198143,206.13509247490282,195.04040966260939,205.58956302182824,193.95107971023492,205.68505101001298,194.92105459608331,205.95710602068718,194.32503505870844,205.48904402543727,194.3734647690415,205.82690788170856,194.77037601484261,206.07073359043966,194.68356050975433,205.64352132607081,194.34799442442772,205.85908732394034,194.69275933945335,205.85149790320853,194.69899040718198,205.98644518674453,194.49867300566845,205.70859069300269,194.8112762568841,206.45956730688584,195.18690443515655,206.08557386809454,194.63596894851671,206.00381488072867,194.85886781812164,206.12389289041343,194.76452284474175,205.69452030293115,194.20651814127777,205.55235257139043,194.47571363994916,205.58743181540024,194.12639048699404,205.37220579406139,194.3242003780048,205.83051804546636,194.79500821036098,205.94118628783662,194.43146773830966,205.51687382524614,194.39558598566538,205.96981509191437,194.83005528230154,205.88373687104396,194.5362275881117,205.8869766493529,194.71070021577546,205.85874734740955,194.47236798035107,205.78892883592025,194.72864109209752,205.78059852380139,194.10175829147568,205.23870835116998,194.2883186253606,205.79361845487364,194.53873509861447,205.7979391011003,194.74825479821868,205.81854845290428,194.1843934562622,205.48213455776681,194.58047348975128,205.95420621890898,194.64265679932126,205.53387301329226,193.85468747781985,205.69489080886942,195.74323630882151,206.70126168869999,193.64349494841653,204.82704696741413,195.7098655350718,207.1950221568417,193.43146426991794,205.58567547356608,198.72614051837826,199.93702668276595,201.84850439592935,199.60407959508655
212.01462958302125,210.94899813445065,211.53924212901876,214.21200346940776,207.38617977644529,218.46642276637132,205.73090121969256,217.68478096673238,205.8024660281018,217.55687903345827,205.84594963389324,218.23838920081934,206.294038589656,217.62612109321211,205.69551111583749,218.14155074742362,206.2538396951507,217.46732958741401,205.28424770100455,217.5129710819952,205.7397793223281,217.21725509245334,205.08349157187163,217.37778014136967,205.97527471894034,217.94943347639588,205.97228627487266,217.68304742361423,205.59255146589584,217.37778014136967,205.55846303479206,217.72868891819545,205.9535553825333,217.76131203383761,205.90900684560501,217.74500047601657,205.54766295243704,217.32311609631878,205.69958042782275,218.00236397832859,206.1832221793926,217.87845787352396,205.91591631327557,217.98605242050758,206.20673133297487,218.07560186655184,206.02624457911529,217.6830474236142,205.63084137152907,217.60252052803955,205.7802585472709,217.54959002610681,205.51110333837502,217.23530019339262,205.22534844356721,217.2172550924534,205.59792245063255,217.76131203383764,205.98789514787805,217.88748042399354,206.06783378866137,217.98605242050758,205.96256564771318,217.73597792554688,205.81425833608529,217.83454992206089,206.02948435742417,217.8435724725305,205.77084877995648,217.82552737159122,206.30079988943345,218.10493180331201,205.65796068886917,217.37778014136964,205.86204665132226,217.90049880293262,205.60582273120934,217.3850691487211,205.90224554582758,217.91681036075377,205.69477163717252,217.41439908548122,205.6313295159527,217.65545102997226,205.89950843600144,217.62282791433006,205.18853749526389,217.40866971389363,206.8057323585906,218.70991090356785,205.13090938117048,216.8656436660402,207.05405599812673,219.06481550886306,204.42239503076496,217.33455526872874,210.18558930975405,211.49675803508157,213.39255885497414,210.8189914238088
200.65602516082774,199.53162831102702,199.90609701116691,202.46415182029594,196.14266200190875,206.57211542144262,194.41268871289216,205.59940140796246,194.37597574793591,205.55491239663809,194.47152983125562,206.17890153316603,195.00202039946245,205.80629852990464,194.49616202677402,206.09100296571299,194.74574728771594,205.48728332494761,194.19025009475476,205.80021706269906,194.55333378373018,205.32740592289207,193.93899547240542,205.75421868512652,195.04040966260942,206.21290132198035,194.70233606678011,205.6786005700807,194.24909121311822,205.50749317461705,194.39725881546451,205.83742751313682,194.65558265463778,205.82656790517791,194.63057256149168,205.93146566067708,194.55751412403197,205.63090089713299,194.4126921812838,205.88447634970905,194.74658196841966,205.9213164146978,194.62722690189355,205.93433634577002,194.74323630882151,206.01683481180086,194.74825479821871,205.96256564771321,194.68606802025707,205.85874734740969,194.49700017586943,205.70393007024569,194.49532734607033,205.64099061750861,194.21153663067497,205.45399389811288,194.40767369188663,206.01362415017752,195.04375532220757,206.35435869154162,195.03539117321219,206.06058434446015,194.60426753617426,205.89308711275453,194.70568172637823,205.95676604415664,194.68272236065894,205.84933758009527,194.47905929954729,206.00597520384213,195.24574555352009,206.36265847425298,194.43481339790776,205.54331331001438,194.85301464802077,206.22774018691334,194.33005354810567,205.34113633643307,194.64349841680828,206.23970977947539,194.72613011320306,205.56722196573077,194.16562136762806,205.57663173304522,194.74741664912329,206.10766217722846,194.3070976507781,205.46914515610203,195.23031218770078,206.61910319919957,193.89307674096685,205.05171316498573,195.87012084363923,207.23337158807882,193.3087635437937,205.33238047191682,198.43983882408833,199.68484154523068,201.5314188562067,199.16913160014377
212.13782317099032,211.00751878400644,211.45432678173933,214.11516501601193,207.29137174132171,218.09920243172439,205.15106111795828,217.12041663905759,205.48157236368036,217.41439908548128,205.6600323696932,217.88019141664205,206.03864279049722,217.62612109321213,205.76641049524451,217.96071831221676,205.90150606716259,217.29551970267676,205.40398573415874,217.81094935688833,206.0458035924091,217.60252052803952,205.6420409560186,217.91681036075374,206.23172085660923,217.97702987003791,205.93433634577002,217.78161942012812,205.78966831458538,217.60252052803952,205.71367981409065,217.63913947215113,205.68801033739504,217.59349797756994,205.85874734740969,217.96974086268642,206.13475249837225,217.79064197059779,205.63809081573024,217.63011692168152,205.99150531163593,218.03898292244023,206.06638394801681,217.64642847950262,205.50786356006611,217.45101802959286,205.71657961586885,217.79064197059782,205.96401548835777,217.69206997408389,205.64966090615795,217.63011692168146,205.88768701133236,217.88019141664213,205.99548456860992,217.88019141664208,205.97993522120825,217.90778781028411,206.02948435742425,217.89650297446323,205.89058681311059,217.71966636772575,205.84933758009532,217.89650297446329,206.0707335904396,217.83454992206083,205.77300910306985,217.48763697370447,205.4420243055508,217.67176258779335,206.31020965674784,218.00635980679806,205.397135792092,217.33942765413983,206.25600001826396,218.34598374780302,205.72300093911576,217.28649715220712,205.90264504796198,218.10493180331198,205.87161911058882,217.27191913750426,205.1321675336668,217.26289658703456,206.00727687659344,218.18719224200484,205.70475819119986,217.31912026784937,206.36367981656676,218.37930951303258,204.88890401902219,216.79466806316816,207.26314243937853,219.42977355815873,204.75519876214466,217.33455526872874,209.85278557837427,211.09518104167427,213.13725291527254,210.83761452861674
200.34257542337485,199.33999404584165,199.82647877431225,202.31402416208527,195.74909294731404,205.87031743783734,193.68522987116171,205.21772849342807,194.43230588740505,205.67894054661124,194.37680696024796,205.7042700467762,194.47320612944645,205.72201012620943,194.76870318504351,206.31489927570121,194.85301464802086,205.54146384674607,194.22194803870531,205.92631689349639,194.795008210361,205.80694936628029,194.57796251085682,206.02729491762545,194.74490913862053,205.86090767052283,194.66812714393501,206.04540409027467,194.74490913862056,205.81135853430706,194.47404081015009,205.65651084822471,194.31713116118078,205.6279415697509,194.55249563463479,205.96978597522889,194.83256279280428,205.86519778734186,194.27121242974221,205.56062335790534,194.70400889657915,206.32106926470675,195.05835053893156,205.73215937218882,193.99783659076888,205.20760836413407,194.14600419311526,205.62578124663753,194.49365451627122,205.66268083723006,194.43815905750591,205.83341784724459,194.70400889657913,206.05768454268187,194.91269044708798,206.15243305220164,194.79166255076282,205.81129900870314,194.3496672542268,205.47346426911733,194.18690443515658,205.58709183886981,194.55751412403197,205.93473584790442,194.74825479821871,205.88697664935285,194.49867300566848,205.45794403840114,193.95359068912941,205.46951412882879,194.74992762801779,205.89817623384221,194.12137199759684,205.55633324108621,195.1631103887336,206.58149465934946,194.64432962912025,205.54652397163747,194.68356050975433,206.08804363833082,194.45776929523538,205.25206825877299,193.78664752975735,205.28606804758726,194.7269647939068,206.25011035969601,194.39642413476076,205.30781791340198,194.95191785933034,206.38619662403138,193.7056817263782,204.97862446626914,195.95777449782292,207.46016769984541,193.6238777739037,205.58567547356606,198.53372701439247,199.68129090707657,201.61247220178399,199.46595482779048
212.0059766066903,210.93270501760048,211.41117011199722,214.06223451407917,207.13615496202328,218.00063043521047,205.33160739742172,217.58620897021839,206.04259293078567,217.80695352841889,205.76714997390943,217.71966636772592,205.78827799954465,217.75228948336795,206.20994199459821,218.3989142497357,206.25778983543916,217.59349797756991,205.56571247899316,217.77433041277672,205.89348661488899,217.55687903345827,205.66268083723017,217.69206997408375,205.76649913753363,217.69935898143532,206.01973461357926,217.98605242050752,205.91841661291929,217.5405674756372,205.50860303873122,217.40711007812985,205.55269254792094,217.60252052803949,205.85840737087901,217.73597792554696,205.82616840304362,217.76131203383764,205.85189740534284,217.78890842747961,206.04466461160982,218.02267136461919,205.97632505745037,217.51297108199518,205.41669480538582,217.39808752766021,205.59576212751924,217.46732958741393,205.57333242913245,217.59349797756985,205.88117704579636,217.80695352841892,205.83631764902287,217.68304742361423,205.82076830162146,217.79793097794931,205.9401359493265,217.70838153190493,205.61819182590582,217.29951553114623,205.32734639728818,217.38680269183931,205.68801033739501,217.63011692168146,205.75708937021932,217.65545102997223,205.77374858173482,217.40711007812985,205.19529879504142,217.26289658703453,205.85189740534281,217.82726091470943,205.63479151181764,217.66274003732372,206.34534842636154,218.28403069540059,205.83406868362047,217.52026008934666,205.91600495556489,217.86387985882106,205.65352240415706,217.36146858354857,205.46059250593819,217.60980953539098,206.21531297933495,218.10493180331204,205.46670296933993,217.16761776940265,206.23058187580972,218.28976006698824,205.00392190381535,216.9918120561961,207.28196197400723,219.12676856126544,204.3630657417857,217.28162476679603,210.12518056557914,211.4877354846119,213.58592660132206,211.2260008999038
200.65869498202852,199.61070307414025,200.00075113472701,202.52891020689356,196.01661561618639,206.41294850185582,194.5796353406559,206.06422362490346,194.87597401374009,205.9463059383321,194.68104953085984,206.12790255630563,194.8530146480208,205.99946523830579,194.87346303484571,206.2450807642121,194.7661956745408,205.63630099855504,194.31462365067807,205.71737862013765,194.45024676372714,205.56472166608697,194.35385106292034,205.67862968676616,194.43815905750597,205.83307787071411,194.84632332882452,206.07724355597588,194.60594036597334,205.52341290746764,194.06002336873061,205.31253652855153,194.22278618780075,205.78315834904919,194.7728869937371,205.8992862184455,194.51828671178956,205.99736444079645,195.0558430284288,206.33593865904723,194.91603610668608,205.79216861422933,194.16561789923639,205.38411586101975,194.39391315586636,205.98934498852267,194.82670962270336,205.82005793964188,194.46111842322523,205.88407684757459,194.76285001494267,205.88407684757468,194.46111842322523,205.59940140796255,194.32754603760293,205.70071940862223,194.62471939139081,205.93152518628102,194.64098743791388,205.65657037382843,194.22780467719798,205.52051310568942,194.41519969178663,205.69486027946169,194.41352686198752,205.64386130260141,194.47571363994916,205.60335154825097,194.14600419311517,205.48543386167964,194.57712783015313,205.95750552282186,194.60426753617426,205.87031743783746,194.83005528230152,205.96691529013614,194.37262661994615,205.55781219841643,194.49783832496479,205.75822835101883,194.39224032606728,205.76979844144637,194.74909294731413,206.2053410179341,195.1852316053575,206.16989126798612,194.20233780097601,205.46698483298869,195.1051039510738,206.32427851360816,193.76870318504356,205.18555058440771,195.91269391547971,206.86005810234872,192.80625429909509,205.21264243876274,198.67147974031644,200.07623508692461,202.12903393854106,199.86323293600924
212.51382497277632,211.34456897251451,211.67122777001501,214.28697490074913,207.37091087997058,218.38416232767847,205.90064741680064,217.88019141664216,205.79802774338981,217.54785648298864,205.89379747473396,218.15786230524469,206.18470113672274,217.724693089726,205.77951906860588,217.80921581377018,205.79398896081202,217.44702220112347,205.51366316362268,217.45101802959283,205.52628359256053,217.46732958741399,205.7350591739671,217.74500047601663,205.90610704382675,217.83454992206086,205.93763564968279,217.74500047601654,205.79577877798704,217.60252052803952,205.52307293093719,217.26289658703459,205.43187505957127,217.69206997408384,206.08955312506856,217.84357247253047,205.71078001231223,217.66673586579313,206.00165455761544,217.99507497097716,205.98533532263036,217.4876369737045,205.22969808599018,217.26289658703462,205.81749811439417,218.06831285920035,206.15067223122284,217.83454992206089,205.96981509191431,218.02267136461916,206.05117457714582,217.68304742361423,205.60591137349857,217.47635213788357,205.61202183690031,217.63011692168152,205.83307787071416,217.74500047601654,205.90033655695564,217.79064197059779,205.78025854727105,217.63011692168149,205.84933758009515,217.84357247253052,205.85874734740975,217.54056747563718,205.56827230424082,217.49665952417413,205.60335154825103,217.65545102997228,206.01973461357906,217.96071831221676,205.92492657845563,217.7776235916588,205.97453524027523,217.77259686965851,205.608382556457,217.44702220112347,205.69926956797758,217.73597792554688,205.89305799606907,217.83454992206089,205.95068469744044,217.91281453228433,206.19078248343885,217.92809519657453,205.49558310765894,217.71167471078701,206.8720002319258,218.4761479664283,204.94021385572776,216.93888155426342,207.04143556918893,218.66999878057416,204.00311216365839,217.2653132089749,210.2637381333621,211.50404704243303,213.62944733594037,211.43528837910219
201.05081845830401,199.87852422282623,200.0974453153475,202.48186137032158,195.89558771986123,206.30512053566005,194.53873509861455,205.81894795503874,194.32921886740198,205.46877465016397,194.581308170455,206.13509247490282,194.6664543141359,205.50351391764329,194.3062595016826,205.88191652446125,194.68774085005617,205.76359933575537,194.47236798035092,205.69156097554918,194.3980934961682,205.78886931031639,194.72529543249937,206.0547847409037,194.86844454544843,206.01066482279523,194.48240495914544,205.56392266181797,194.4510814444308,205.97993522120828,194.74825479821871,205.7346596718327,194.39558598566546,205.8305180454665,194.72362260270032,205.80879870905926,194.33005354810572,205.43832549950361,194.20902565178045,205.55880301132268,194.39391315586641,205.51511300426714,194.13847819321524,205.57083212948871,194.72864109209752,206.07107356697017,194.58298100025408,205.74694012423993,194.76452284474166,206.22916103136149,194.8555221585236,205.77300910306971,194.3258732078038,205.61853180243631,194.52246705209143,205.92887671874391,194.65976299493963,205.70964103151289,194.46028027412979,205.93177652052231,194.74490913862059,205.924586601925,194.74658196841963,206.10547285791898,194.76954133413895,205.69091013917333,194.22613184739896,205.56827230424079,194.47571363994919,205.95315588039861,194.93732264260638,206.17165208896475,194.74490913862056,205.93689617101751,194.79082787005919,206.07724355597574,194.66143582473865,205.84208813589404,194.70902738597638,206.2030920525315,195.07712609595728,206.07394425206309,194.41687252158565,205.56713332344154,194.55667597493661,205.88546716261521,194.33507203750281,206.07036461771278,195.95275600842569,206.77941051230803,193.78664406136565,205.04338285286687,195.60594383436504,206.67519129714793,193.0182815092021,205.64102409284934,198.84716841470342,199.71819049766921,201.71092369901785,199.93939963197656
212.93930172167978,211.570168009534,211.64131982938625,214.06223451407922,207.10141569454413,218.10649143907582,205.60582273120906,217.63913947215116,205.70361921040069,217.46732958741399,205.74221997587875,217.73771146866508,205.54189246556601,217.16432459052066,205.53063323498324,217.92583291122335,206.115222601764,217.78161942012812,205.88552668821907,217.90049880293267,205.95133553381609,217.84357247253047,206.03349402331642,217.99733725632842,206.08625382115576,217.80695352841892,205.63124087366347,217.38906497719051,205.609122035122,217.8272609147094,206.0620633017902,217.79064197059779,205.80302822218815,217.67575841626279,205.68150037185896,217.45101802959286,205.54294280407595,217.42342163595094,205.46300416329285,217.35244603307891,205.60227209305529,217.54959002610681,205.59684158271477,217.61883208586065,206.03565434642971,217.87116886617247,205.61418216001348,217.42168809283271,205.79222813983316,217.88019141664211,205.90644702035732,217.54959002610684,205.47716307516455,217.43470647177182,205.80262872005369,217.97876341315606,206.05521335972355,217.59349797756988,205.58379253495701,217.83454992206089,206.16770194867658,217.9404109259263,205.91551681114112,217.83454992206089,205.92822588236834,217.65545102997223,205.60261206958583,217.43470647177173,205.49268330588063,217.56590158392794,206.02007459010974,218.00635980679806,205.87176727848197,217.64642847950256,205.97922485922871,218.10493180331198,206.07178392894986,217.81823836423979,206.01180380359477,218.21079280717743,206.46317747064376,218.02267136461919,205.55781219841637,217.30680453849763,205.74477980112658,217.73042246131365,205.36677528372093,217.63341010056359,206.9798281981216,218.6276504648749,205.01904263239703,216.92256999644226,206.92570720192714,218.66999878057422,204.30333695067205,217.65786765191257,210.35490688804236,211.10247004902575,213.1346653299305,211.34805048004472
201.62119764507301,200.21329567879482,200.14177570380139,202.36107299865722,195.80793406567756,206.21762147034133,194.33005354810567,205.76723861619871,194.64600592731099,205.70031990648775,194.37095379014704,205.61026101592151,194.18439692465384,205.29226715327826,194.31043984198453,205.94843573203792,194.70735455617734,205.68366069497227,194.49700017586946,205.96080482673437,194.64266026771296,205.73471919743656,194.57880065995221,205.97271489369265,194.66979997373403,205.706829872024,194.34548691392501,205.5841920370917,194.37597227954424,205.69125011570395,194.47738646974824,205.66919080276625,194.45275427422985,205.65401054858071,194.25076404291733,205.4156444668757,194.330891697201,205.75211788761709,194.49616549516577,205.69096966477716,194.5771278301531,205.86849709125471,194.48491246964821,205.78491917002808,194.80542308678315,206.04000398885262,194.49700017586937,205.56722196573079,194.39475130496177,205.65401054858071,194.30876701218543,205.42610457270032,194.10426927037014,205.38451536315429,194.39056749626823,205.92896536103339,194.7098655350718,205.65262023354001,194.32587320780388,206.00421438286304,195.10426927037014,206.1586321578927,194.58130817045497,205.7382698355905,194.53790041791081,205.83992781278084,194.60259470637519,205.61927128110159,194.03873683281032,205.28285738596401,194.43481339790779,205.90468619937869,194.43481339790773,205.45285491731352,194.45609993382806,205.97376523220279,194.60259470637519,205.59576212751921,194.37011910944341,205.90289638220344,194.89642240056492,206.03929362687293,194.45359242332529,205.55096225634975,194.56085978363006,205.68732897161189,193.76786850433993,205.26150855549488,195.26703208944033,206.51093525647326,193.83674313310607,205.05640278393912,195.55249910302649,206.67556168259696,193.1664491115483,205.8807806100844,199.02080289327162,199.63600289148343,201.35126508745475,199.48563210240499
212.97861942962305,211.58562091700543,211.64589826984999,214.09885345819083,207.21899340458486,218.18875187776877,205.51826414028668,217.63913947215113,205.97567422107483,217.65545102997223,205.55516373087929,217.52425591781611,205.65045991042686,217.43973319377196,205.66913127716234,217.76530786230711,205.7412291629727,217.34845020460952,205.59175246162687,217.74500047601651,205.68042091666339,217.39235815607265,205.81570829721906,218.0389829224402,205.96543633280598,217.511237538877,205.64355044275621,217.75402302648627,205.86195800903303,217.55687903345824,205.50971302333423,217.36875759090006,205.59246282360658,217.60252052803949,205.63414067544176,217.37778014136964,205.60912203512211,217.76530786230705,205.89348661488893,217.70838153190493,205.94158578997116,217.96974086268648,205.95966584593486,217.78890842747958,206.02914438089365,217.9168103607538,205.75236922185837,217.47635213788357,205.65006040829226,217.57718641974884,205.58305305629207,217.37778014136967,205.47571323451987,217.37778014136961,205.5830530562921,217.59349797756991,205.68695999888499,217.37778014136964,205.46405450180291,217.78161942012815,206.25995015855239,217.98605242050752,205.77044927782217,217.54056747563715,205.65657037382843,217.69206997408386,205.95710602068723,217.7010925245535,205.42866439794784,217.27018559438608,205.79108915903367,217.88019141664211,205.63084137152899,217.25890075856523,205.68406019710667,217.81823836423976,205.66154185643069,217.22228181445357,205.38602484989173,217.54785648298866,205.8445593188525,217.79793097794922,205.82409672221959,217.58221314174904,205.81780897423931,217.56989741239732,205.05825071399607,217.22054827133539,206.57427574455599,218.44855157278639,205.01944213453143,216.90226261015181,206.97161705769963,218.84007512219316,204.42924497283167,217.7107981538453,210.53323331878869,211.39818603856762,213.0702443461044,210.67651147583175
200.83883221527401,199.66516483675235,199.91552050423175,202.38020339313132,195.93648796190263,206.24289144490251,194.16477975014107,205.63445153528696,194.70317421587546,205.83051804546642,194.41603437249034,205.77985904513648,194.62137373179269,205.75057940468312,194.54208075821262,205.92316575747668,194.51243354168872,205.55707271975132,194.56504012393188,206.14160244043896,194.68104953085984,205.76141001644581,194.94066830220447,206.54641541533957,194.94689936993316,205.71766048378643,194.52665086078497,206.10581283444932,194.84715800952827,205.86491733641512,194.47655178904455,205.70972967380214,194.56169446433378,205.94158578997107,194.60008719587245,205.64312182393624,194.49616202677404,206.02723539202157,194.74908947892234,205.77510990057928,194.58465383005313,206.12500275452729,194.92645098310823,206.01939463704855,194.7303139218966,205.83375782377524,194.26953959994307,205.46621482491625,194.47571363994919,205.94809575550727,194.68439519045799,205.81715813786349,194.58047348975128,205.85874734740946,194.60259470637519,205.80228874352309,194.45275427422985,205.49839426714786,194.18941194565932,205.71979027749234,194.74490913862056,205.87176727848183,194.43481339790776,205.59650160618421,194.33089169720103,205.68150037185887,194.64349494841665,205.95099555728535,194.53957324770988,205.84464796114167,194.99616376096989,206.2552300101913,194.4577727636271,205.4930538118187,194.68356050975433,206.20207071021767,194.60092187657611,205.54405278867915,194.4798974486427,205.97342525567214,194.72111162380583,205.90610704382678,194.58549197914849,205.72195060060551,194.57879719156048,205.92671639563065,194.3734647690415,205.81752864380161,195.51828671178964,206.55875398062864,193.72194977290124,205.0896922107739,195.98407952314039,207.30825022445967,193.42979144011886,205.57626570625166,198.7065268122571,199.82669841692623,201.50820804366055,199.05751279383153
212.17864514177708,211.02225446364483,211.4017603446828,214.06223451407922,207.2378129392136,218.20506343558984,205.53634419625055,217.63011692168152,205.90875551136386,217.70838153190491,205.83406868362042,217.86387985882104,205.82770688597742,217.52026008934666,205.83011854333202,218.04297875090964,205.96006534806932,217.60980953539098,205.99258476683158,218.27674168804916,206.19877140630496,217.9240993681052,206.30878881229955,218.38260269191463,206.12204342714526,217.73597792554693,205.93152518628099,217.96974086268639,205.96972644962511,217.87116886617247,206.04910289632181,217.93312191857484,206.04605492665044,217.90049880293262,205.69855908550886,217.3614685835486,205.69230045421403,218.10493180331201,206.26646012408855,217.752289483368,205.73175987005436,217.92409936810517,206.13006287941892,217.85086147988198,205.8428276145591,217.60252052803949,205.47602409436502,217.44199547912319,205.88407684757462,218.03169391508879,206.09350326535687,217.87116886617244,206.01757429046592,218.00635980679809,206.05876399787755,217.88019141664208,205.91665579194054,217.62282791433003,205.5403829788284,217.46004058006253,205.64065064097787,217.48763697370444,205.5743827676427,217.56590158392797,205.75387870859583,217.64642847950259,205.82036879948706,217.81823836423979,205.89422609355395,217.94943347639597,206.42232773976278,218.17816969153517,205.60986151378702,217.47461859476545,206.28527965871737,218.40291007820508,205.82249859319273,217.27191913750426,205.73477731031824,218.08133123813946,206.10677453067038,217.67575841626277,205.56225048312857,217.50394853152565,205.96642714571229,218.16185813371405,205.93661430736884,217.75731620536828,206.65489433840042,218.35397540474179,204.78869588247639,216.87692850186102,207.39336969504271,219.34924666258408,204.47123368451207,217.01523871401429,209.63428936980819,211.01465414609962,213.05683259006165,210.61201549159722
200.55304455175386,199.4881087589452,199.8904228688873,202.37048276597159,195.85050713751806,206.3467692708098,194.57963534065587,205.99514459207924,194.6869061693524,205.72780972976591,194.60092187657608,205.97416473433725,194.39307847516267,205.44600497524678,194.64182211861751,206.32825918330417,194.83423562260336,205.65759171614238,194.53622758811176,206.04975373269767,194.64516777821569,205.73141989352391,194.61802807219456,205.88441682410522,194.46362593372794,205.78241887038442,194.73905596851969,205.8876870113325,194.46028027412976,205.87716737990414,194.83005528230149,206.01643530966652,194.72613011320306,205.80302822218823,194.12221014669223,205.10200024665548,194.16729072903541,206.11602160603283,195.09841610026925,205.9463654639359,194.53622758811176,206.01356462457363,194.83758128220148,205.86124764705355,194.43314056810868,205.66959030490068,194.43230588740505,205.80163790714747,194.74825479821868,206.02948435742414,194.64516777821572,205.83267836857974,194.70400889657915,206.03309452118219,194.66478148433686,205.80413820679144,194.6034328554706,205.77414808386925,194.30625950168269,205.3689951324381,194.10426927037014,205.43551434001458,194.33005354810567,205.82400807993028,194.79082787005916,205.98499534609996,194.66143582473867,205.85584754563146,194.49867300566842,205.82616840304368,194.85217649892545,205.96145566311017,194.16227223963816,205.57185347180254,195.20651814127783,206.45919680094781,194.16477975014092,204.72174817656924,193.89056923046414,205.77587837544061,194.54458826871533,205.3939251304686,193.97153503384328,205.43773418873178,194.77037601484258,206.25306968707829,194.45359242332529,205.39025685382904,194.93815732331001,206.26855938838673,193.60092187657614,204.87841632972342,195.78664752975732,207.04705482174435,193.01995433900115,204.93157716290847,197.99784352755233,199.29344800353664,201.24507665270554,198.97498102944817
212.47077106353706,211.31623691006845,211.70815512070195,214.15178396012357,207.04174642903416,218.19604088512011,205.96031668231046,218.06831285920038,205.91560545343054,217.47461859476545,205.79503929932199,217.96974086268645,205.73721949708039,217.37604659825149,205.90650654596121,218.21981535764706,206.06382412276903,217.47461859476545,205.55457242010758,217.55687903345833,205.54035398263204,217.29551970267673,205.39614497918566,217.27920814485569,205.50345439203949,217.76131203383764,206.08236320647103,217.69935898143532,205.61162233476594,217.7613120338377,206.06644347362055,217.84183892941226,205.85760836661021,217.67176258779335,205.52563275618482,217.1806361483417,205.39929611520523,217.76131203383764,206.09427327342948,217.84183892941238,205.92202677667723,217.98605242050749,206.1083726596973,217.69206997408384,205.50530373481837,217.4876369737045,205.80197788367809,217.91281453228439,206.15499287744936,217.8621463157028,205.63050139499845,217.39409169919077,205.64966090615792,217.74500047601657,205.80700889188412,217.61709854274241,205.85695753023452,217.7613120338377,205.63661185840019,217.36875759089995,205.5578121984164,217.65545102997226,205.88077754366191,217.92409936810517,206.16554162556321,218.0389829224402,206.07684405384137,217.7286889181955,205.43517436348398,217.34845020460943,205.89780726111547,217.90778781028408,205.55812305826157,217.50724171040764,206.41081729542796,218.30936480369135,205.39309700951432,216.63258337848802,205.12923873569221,217.61883208586062,205.76527151444503,217.27920814485566,205.13432785678015,217.15303975469973,205.8488494356715,217.97876341315609,205.45550338485043,217.1129537243518,206.24576212999526,218.36802467721171,205.00972150737186,216.76707166952622,206.92382874246263,218.82376356437206,204.16338906784839,217.07492948106545,209.88570449927096,211.14082253625548,213.10714393669701,210.6928230336529
201.19874227366401,200.08188787861124,200.41635691913132,202.58277986884698,195.68523333955326,206.19405279115537,194.70651640708203,206.15752217328961,194.55918695383099,205.52159397360711,194.66310865453787,206.38832795094834,194.91603610668614,205.73648001841528,194.60008719587248,206.10331253480561,194.68606802025704,205.68406019710662,194.45359242332523,205.78315834904913,194.54208075821262,205.66632011767331,194.20568346057408,205.38417538662347,194.43146773830966,206.17239156762977,195.04375532220757,205.89854673978041,194.45442710402898,205.98539484823414,194.93314230230459,206.09211295031608,194.72864109209755,206.04145394998622,194.85134181822175,206.00742504448635,194.61886275289822,205.93103704185722,194.79333538056187,206.06993458617083,194.7899897209638,206.01683481180095,194.70150138607639,205.6601805375862,194.14265853351708,205.54544310371989,194.60594036597331,206.15533285398001,195.12137199759687,206.12500275452737,194.38973281556451,205.35523572270083,194.23115033679616,205.88481632623936,194.78580938066196,206.04432463507905,194.97655005484867,206.2729105640208,194.79166255076288,205.91767713425443,194.76619567454077,206.18757182181551,194.93564981280727,206.13006287941886,194.82838245250247,206.0728939135528,194.85552215852357,205.84066729144573,194.0779642450527,205.41456501168,194.85301464802083,206.41695675502592,194.72529543249945,205.75134941275573,195.0003475696634,206.4516960225053,194.64014928881846,205.61609114888543,194.73031739028832,206.31785860308338,194.99197995227632,205.87466708026011,194.21070194997131,205.36094668396797,194.53789694951911,206.15826165195446,194.52079769068411,205.66527119188527,195.34548691392504,206.64739202674673,193.91938176628426,205.11792151271717,195.85050713751809,207.08435391447139,193.18355530716676,205.4275880091748,198.66562657021566,199.92761691545155,201.9065513428005,199.69731166725686
212.39286332325963,211.29964470576633,211.77178220366406,214.14449495277211,206.88149864152962,217.96401149109889,205.78016990498156,217.95342930486538,205.8074375107042,217.47461859476545,205.9954554519243,218.41922163602615,206.33371881033014,217.58221314174901,205.4926833058806,217.5974938060393,205.69412080079681,217.56590158392788,205.81863709519362,217.90049880293256,206.11047333671752,217.87290240929073,205.69238909650338,217.52425591781611,205.88222738430636,218.15786230524472,206.28851943702631,217.83454992206086,205.73971967623498,217.87116886617247,206.18686145983594,218.07560186655189,206.04611445225422,218.0502677582611,206.37786784512389,218.30936480369135,206.1640321388256,217.94440675439569,206.1127223021202,218.03169391508879,205.95710602068718,217.6830474236142,205.69997992995727,217.45101802959289,205.43221503610187,217.4600405800625,205.74881858370435,217.81823836423973,206.15027272908844,217.97876341315612,205.70756935068891,217.24658502921349,205.39497546897877,217.77433041277672,206.15647183477941,218.11222081066342,206.34383893962405,218.23110019346794,206.0848329767075,217.82726091470943,205.95534519970835,217.95342930486532,206.00125505548098,217.69206997408386,205.61242133903468,217.59349797756988,205.93433634576999,217.6847809667324,205.32228627239661,217.40537653501164,206.32396906648512,218.53410519036126,206.10902349607295,217.56416804080976,205.8964459422711,218.06328613720015,205.93967680109913,217.90552552493284,206.39822586268647,218.44681802966818,206.4261892377618,218.10493180331201,205.80931597016846,217.5568790334583,206.02359611157831,218.34095702580277,206.1001018731823,217.86317720923364,206.73088283889518,218.4435248507861,204.91528385769729,216.97550049837497,207.33370042953271,219.14481366220471,204.3167563838787,217.15042965463988,209.93852382271405,211.34525553663491,213.57913598930492,211.35448083704654
199.93620504404777,199.05739632677154,199.71702916677924,202.10567719949844,195.31211614017528,205.82187828622446,194.34799442442772,205.9835745016515,194.66729246323126,205.63556151988996,194.62053558269724,206.21759094093386,194.74825479821865,205.35193641878817,193.91436327688703,205.45248441137537,194.3496672542268,205.55195306925609,194.39725881546451,205.77695924335831,194.61718992309918,205.76754947604402,194.37597227954424,205.63695183493093,194.57963534065593,205.99835525370278,194.72696826229839,205.76069953397729,194.4101812023894,205.84893807796087,194.81629474628116,206.04861475189824,194.63680362922031,205.92128729801237,194.89642240056497,206.16548209995952,194.64516777821564,205.69997992995724,194.51410637148786,205.81539731688463,194.456099933828,205.64025113884347,194.4577727636271,205.65651084822463,194.33339920770379,205.54334230621043,194.26285174913855,205.46701382918499,194.35301291382493,205.7328393252499,194.41854535138481,205.37831625746315,194.09506697227937,205.66663097751874,194.66979997373403,205.90249688006901,194.66143582473873,205.78676851280713,194.30960516128079,205.38451536315421,194.18523160535756,205.58453201362201,194.39391315586639,205.39136530522094,193.95693634872751,205.38161556137595,194.51494105219152,205.6926999563486,194.08381741515353,205.49370464819455,194.93230415320917,206.38502864703568,194.68857553075978,205.51613434658108,194.34548691392499,205.66117135049268,194.23114686840441,205.61483299638931,194.72362260270035,206.0453154479855,194.77121069554624,205.99184528816659,194.53706573720717,205.73397971877159,194.89140391116771,206.42667738218569,194.72529543249942,205.78199037205357,195.23365784729882,206.29024960810835,193.53037094961914,204.91710573749114,195.75243860691222,206.87230814583762,192.93313536552111,205.1377638023819,198.30961209806421,199.50759456967992,201.53506299561846,199.46552202730365
211.33561694469202,210.48348644977085,211.31428780335659,213.83749412740934,206.59574374672184,217.73927110442892,205.62134296192531,218.05929030873074,206.20574052006859,217.64243265103312,205.72846056614162,217.87116886617255,205.73687952054985,217.19694770616283,205.40944536118465,217.73771146866511,205.87466708026014,217.43071064330238,205.48833366345769,217.5568790334583,205.69884094915773,217.45830703694432,205.51366316362274,217.43973319377199,205.62143160421465,217.64642847950259,205.86056769399238,217.6993589814353,205.74116963736873,217.70838153190496,205.90940634773958,217.74500047601651,205.73175987005428,217.60980953539098,205.75964919546712,217.52026008934672,205.43693518446273,217.24258920074413,205.37982574420084,217.31582708896727,205.51036385970983,217.65545102997226,206.02047409224426,217.79064197059782,205.66012101198234,217.36146858354854,205.36174568823697,217.27920814485569,205.53785368298816,217.64642847950259,205.85189740534292,217.52928263981627,205.48577383820992,217.50394853152562,205.7661591610032,217.57319059127943,205.55016325208081,217.29551970267673,205.29408749986098,217.09108670229747,205.24376847606169,217.28823069532532,205.52017312915876,217.27191913750426,205.29911709534497,217.46732958741401,205.96222567118264,217.78161942012812,205.57728256942093,217.53657164716779,206.02519424060517,217.96071831221678,205.73497053167779,217.48364114523505,205.74776824519421,217.46004058006253,205.15652074498436,217.09108670229745,205.56583165069011,217.5731905912794,205.65824255251795,217.52026008934666,205.53834182741195,217.58047959863086,206.22728257189701,218.15786230524472,205.48222320005604,217.27347877326812,206.45453771140183,218.44855157278636,205.04693195780965,216.80369061363783,206.78496031483465,218.51849628212753,203.98068246527171,217.14816736928861,209.95734335734292,210.96901265151837,212.94808819559975,210.81256106680698
200.42979201474625,199.57119772282053,200.3170130378403,202.56941996124411,195.5992525151687,206.11846379279498,194.60510221687801,206.39699823959785,195.20233780097593,205.92964672681666,194.54208075821271,206.07798303464077,194.70317421587549,205.70214025307035,194.6860680202571,206.29286907944899,194.85301464802083,205.62655125471008,194.34883257352314,205.9637046285126,194.81378723577848,205.81394747624,194.41101935148475,205.59039114278238,194.29166428495873,205.76038867413189,194.82838245250247,206.11778242701158,194.73198675169576,205.80163790714741,194.44857393392806,205.6847996757715,194.48407778894457,205.75461818726086,194.43063305760589,205.49234332934989,194.22613184739899,205.57802204808593,194.35468574362395,205.53603333640555,194.37262661994617,205.89058681311076,194.84966898842262,205.93183604612611,194.43314056810874,205.57077260388488,194.35635857342308,205.80157838154372,194.74658196841966,206.11815281246072,194.90851010678614,205.95935498608986,194.48575061874359,205.76979844144631,194.65558265463781,205.87506658239454,194.48240495914541,205.70321970826595,194.557514124032,205.79907808189978,194.45777276362702,205.64065064097792,194.39140564536365,205.61242133903465,194.39391315586636,205.97197541502752,195.06169619852963,206.21580112375852,194.70400889657918,205.92427574207977,194.77037948323434,205.92862538450271,194.47236798035104,205.78210801053908,194.71321119466992,205.7043586890654,194.05500487933338,205.38426402891281,194.50034930385928,205.82449622435391,194.47404081015011,205.66598014114285,194.41603784088196,205.93939647066142,195.20735282198152,206.20531048852649,193.9577744978229,205.23228844064539,195.28079262546072,206.87168783886935,194.29919028485867,205.25431875738684,195.5541719328256,206.56853272066985,192.87345956645396,205.47932646470022,198.70819964205612,199.57312296435026,201.46543470457124,199.56988720774771
212.60111336499355,211.53424785228455,212.13077117683406,214.42945484872612,207.10329415400844,218.22537082188035,205.90129825317638,218.19448124935633,206.26003880084178,217.64642847950262,205.6832015467447,218.03568974355818,206.11892140781117,217.65545102997223,205.87315759352256,218.03568974355821,205.83671715115739,217.20996608510188,205.36748564570055,217.85659085146958,206.21398077717595,217.8435724725305,205.77084877995659,217.56087486192769,205.51761330391108,217.54959002610684,205.95824500148666,217.92583291122338,205.87210725501239,217.5405674756372,205.55491239663817,217.54056747563718,205.7798590451365,217.70109252455353,205.6981595833746,217.52425591781602,205.78420868755933,217.96245185533496,206.12898201150128,217.82726091470943,205.81894795503871,217.72868891819545,205.78531867216259,217.59349797756985,205.66919080276628,217.62282791433006,205.78784796800275,217.88921396711177,206.23641047556254,218.18545869888666,206.15283255433616,217.83454992206092,205.78315834904927,217.72868891819542,205.91335648802789,217.86387985882104,205.93291550132179,217.90049880293265,206.18069135034116,218.04471229402779,205.85476667771366,217.53327846828574,205.67644024696745,217.69606580255322,205.76177898917271,217.75402302648621,206.11272230212012,217.99004824897696,205.83446818575482,217.65545102997223,205.88086618595113,217.71237736037435,205.5942526407816,217.51297108199523,205.79876722205464,217.51696691046465,205.32654727253018,217.40711007812979,205.91924473387377,217.81094935688833,205.71504101244591,217.62282791433,205.83424596819899,218.03898292244023,206.59263613095743,218.07230868766979,205.01558063653238,216.88265787344861,206.3138198205057,218.60404989970246,205.3833458529472,217.12700299682163,207.05229517714778,218.74323666879744,204.15792944082247,217.31095470355621,210.05610153275487,211.0512730902112,213.1370834472811,211.15907038713678
200.71406256361541,199.65477982571392,200.16027034888333,202.39467328533715,195.62555754048617,206.14814293538262,194.3880565173738,205.85658702429623,194.56504359232358,205.36785615163856,194.11718818890324,205.81638812979102,194.58549197914846,205.36745664950428,194.1614340905428,205.69375029485875,194.24741838331914,204.93191407301649,193.70651640708192,205.52551358448798,194.57963534065587,205.70964103151297,194.54040792841357,205.79031915096127,194.32838071830659,205.34647679176223,194.14600419311515,205.5280734097357,194.30542135258725,205.53313353462732,194.3989316452635,205.74221997587904,194.55333031533843,205.72340044125019,194.35635857342308,205.62103210208036,194.57963534065584,206.05842402134695,194.83005528230154,205.85840737087895,194.49532734607033,205.71367981409054,194.3759722795443,205.61492163867854,194.49700017586937,205.70176974713223,194.26535925964129,205.57694259289028,194.66478148433683,206.08659379768619,194.73114860260034,205.79213949754376,194.50992256279429,205.74221997587898,194.44233939780776,205.69446077732741,194.45108144443077,205.67240146438979,194.5191213924933,205.68289068689964,194.12304482739589,205.24481881457183,194.33005354810567,205.82579789710545,194.39391315586633,205.34903661700992,194.24574555352015,205.63914115424046,194.24825306402283,205.42206579012253,194.41352686198758,205.63874165210595,194.14516604401976,205.33416722266946,194.28497296576242,205.42095580551938,193.95693288033578,205.40028692811163,194.56169446433381,205.71754131208976,194.22445554920813,205.51431399999842,194.43732437680228,205.93399636923945,195.07545326615815,205.95639553821854,193.6860680202571,204.80563707812996,194.69024836055883,206.20920098272197,193.69815225808654,204.9673652356866,195.73115207099198,206.94789714419798,193.14181691602994,205.32152074346868,198.30793926826519,199.26086905917055,201.18486118435658,199.24314215466481
211.89294025789553,210.88976025706174,211.56701259877809,214.0401935846705,206.90469834798876,217.94370410480829,205.43428671692581,217.59349797756988,205.7434781283753,217.20597025663244,205.26718898735456,217.60252052803949,205.77491809194188,217.24987820809554,205.39889661307083,217.69206997408381,205.75353873206532,217.11642081058818,205.14680011782482,217.45101802959283,205.70865021860649,217.56416804080976,205.92782638023394,217.99507497097719,205.87466708026002,217.33213864678839,205.32916674387101,217.44199547912325,205.66194135856503,217.6717625877933,205.99804439385761,217.98605242050755,206.03235504251694,217.82552737159122,205.85479720712124,217.67176258779338,205.71294033542549,217.66274003732372,205.80595855337407,217.75957849071943,205.99582595786251,217.9404109259263,205.90289638220332,217.67176258779335,205.84933758009518,217.54959002610684,205.16527967592302,216.99251470578344,205.58240221991636,217.94943347639591,206.08841414426905,217.752289483368,205.81755763999791,217.65545102997228,205.62103210208033,217.41439908548119,205.42832442141719,217.10010925276708,205.15837020825256,217.08379769494601,205.11468020119696,217.1440172042301,205.81965843750743,217.9584560268656,205.71550016067326,217.13499465376049,205.3544962440358,217.5129710819952,205.48503435954504,217.27920814485566,205.69130964130775,217.6481620226208,205.48247453429735,217.36875759089997,205.80419773239515,217.69206997408386,205.53273403249278,217.57319059127937,206.06033301021887,217.88748042399359,205.71865129669291,217.52026008934669,205.57018129311282,217.63341010056357,206.22293292947421,218.0429787509097,205.29050633229937,217.01385298560476,206.17961201563475,218.19118807047428,204.80347663452764,216.68880705930275,206.924597337813,218.93638483335593,204.50267364807888,217.49734260299627,210.10457121377513,210.98532420933944,212.78482942782733,210.55034308567588
200.61176733702231,199.73680813172777,200.46187895819139,202.80278556415061,195.95192132772206,206.28309033940778,194.39976632596725,205.9669152901362,194.80291557628041,205.64281096409124,194.27623091913944,205.96370462851263,194.88638889016227,205.89860626538427,194.68941367985525,206.28891893916051,195.01661561618644,205.87617656699771,194.54124607750893,206.0679224309506,194.80793406567761,205.92683556732749,194.83172811210054,206.28891893916048,194.8743011839411,205.85735703236878,194.64098743791382,206.10877216183161,194.83340094189973,206.03460400791948,194.89056923046408,206.28817946049551,195.02246878628736,206.25600001826393,194.9936562504671,206.03895365034236,194.49867300566854,205.82946770695628,194.8104415761803,206.40461818973711,195.4151996917866,206.55403536547894,194.89056923046405,205.86056769399244,194.66478148433683,205.86633676814139,194.16729072903544,205.26298751282499,194.45359242332529,206.22996003563046,195.03706400301121,206.02158407684735,194.69025182895066,205.88086618595116,194.49365451627116,205.63164037579784,194.26954306833491,205.28328600478363,193.97989571444683,205.42039361143298,194.30542482097903,205.78176803400851,195.02246878628733,206.44734638008251,194.84966898842268,205.7209597876992,194.58214631955036,206.03062333822351,194.53957324770988,205.56978179097848,194.51745203108595,205.90403536300278,194.47738646974827,205.86025683414718,195.060861517826,206.37721700874806,194.81211440597943,206.10053190472422,195.13848166160696,206.43043583432561,194.9815685442459,206.05126321943513,194.5550066135292,205.95136606322367,195.25494438321917,206.57177403219004,194.5141063714878,205.55750275129338,195.26787023853581,206.61885186495843,193.91603610668611,205.00799274901186,195.53957671610164,206.87782729846731,193.41185056379675,206.05703677272874,199.25160912879613,199.94899627532811,201.4463166901287,199.19908424304643
212.46926680069345,211.54898353192291,212.29019098280764,214.65419523539603,207.21757256013646,218.0828908739033,205.64920175793043,218.08862024549089,206.36490743965541,217.78161942012818,205.63584185032761,217.90049880293267,206.20102037170756,217.96974086268648,206.06922410370208,218.14155074742359,206.15687133691378,217.81823836423979,205.92671639563073,218.10493180331201,206.21654060242369,217.88748042399357,205.93143654399174,217.90778781028411,205.89348661488899,217.78161942012818,206.10726267509406,218.21981535764706,206.23206083313977,217.91507681763557,205.94991610208987,217.97702987003791,206.12389289041337,217.98605242050749,205.99875475583707,217.67575841626271,205.57802204808601,217.76530786230708,206.29357944142859,218.48846369577996,206.65347349395208,218.21079280717743,205.82150778028645,217.56816386927912,205.82400807993031,217.92583291122335,205.91409596669297,217.63913947215119,205.85658702429629,217.95342930486535,206.00776502101715,217.74500047601654,205.81789761652854,217.72868891819539,205.78636901067273,217.63913947215119,205.70756935068894,217.53327846828574,205.63914115424032,217.72139991084396,205.97706453611551,217.96974086268645,206.20093172941827,218.13252819695396,206.0685732673264,217.93312191857487,206.21108097539766,218.03568974355821,205.68329018903418,217.2719191375042,205.50499287497323,217.65944685844173,205.75813970872957,217.79793097794922,206.27950917184614,218.10493180331198,205.77149961633242,217.64642847950267,206.07949252137826,218.20177025670773,206.25440188923719,217.96974086268648,205.83134616642076,217.97702987003785,206.70370387546208,218.4648631306074,205.48040285347344,217.20423671351438,206.48421685398961,218.65698040163514,205.33268685261731,216.89497360280035,206.57806319289244,218.35068222585977,204.14851967350796,217.79305859253813,210.75172952735483,211.43480498267922,213.06345373408732,210.80499141297449
200.53475706254019,199.67857244575944,200.35964034464249,202.51364131041879,195.35552389271939,205.5689536700242,193.99030712247733,205.95494569757381,195.0258144458854,205.80444906663644,194.25950262114864,205.68866117377078,194.58799948965122,205.72590074089408,194.40934305329395,205.66043187182763,194.37429944974519,205.5616736964156,194.41101588309306,205.89083814735199,194.75076230872145,205.85214873958429,194.51577573289521,205.72050063947196,194.37095379014704,205.58990299835887,194.47822115045193,205.95380671677461,194.80960342708494,205.96287650755841,194.64182211861754,205.87787774188371,194.60092187657605,205.68215120823467,194.24825306402289,205.35332673382888,194.0821445853544,205.58089273317879,194.68104953085992,205.98894548638819,194.60426753617423,205.55195306925597,194.14265853351708,205.50820353659654,194.456099933828,205.87176727848177,194.72362260270035,205.86195800903295,194.49950768637214,205.63439200968298,194.29082613586334,205.52733393107061,194.36760813054892,205.72340044125005,194.54208075821265,205.77004977568777,194.53873509861444,205.7866798705179,194.51410290309613,205.82681923941919,194.71153489647909,205.9349871821457,194.53371660921727,205.63766219691036,194.37429944974517,205.82070877601763,194.78831689116473,205.77149961633233,194.03789868371493,205.06501201377344,194.04124434331314,205.63584185032761,194.49448919697488,205.716150997049,194.62388124229545,205.67379177943042,194.0141011689002,205.28921918360689,194.46195310392892,205.99570678616573,194.76117371675184,205.75774020659497,194.27539623843575,205.75345008977601,195.07043477676095,206.07357374612485,193.79668104016011,205.0233938080311,195.05583956003699,206.58177498978708,193.99950595217632,204.87329667922802,195.05751585822779,206.06271260495478,192.58213938276694,205.43002866272565,198.74491607540398,199.41204705589129,201.11326463908057,199.17770658395079
211.72623986255741,210.87961685073233,211.67029369446533,214.04192712778871,206.54073510396907,217.31009771737973,205.0176232006709,217.65545102997226,206.14422191177971,217.62612109321208,205.4763349542103,217.50394853152557,205.68334983512707,217.34116119725795,205.2925780131234,217.26289658703465,205.47787355763325,217.44702220112345,205.73753035692548,217.77259686965851,205.84538743980687,217.58221314174904,205.70427004677606,217.72868891819547,205.80774837054932,217.43071064330238,205.37075595341676,217.49492598105587,205.92458660192517,218.00236397832865,206.14271242504205,217.94041092592624,205.94050633477565,217.59349797756994,205.4217549302773,217.34116119725803,205.64642112784907,217.66274003732369,205.78022955107463,217.38506914872116,205.17434946670696,217.09108670229742,205.54800292896755,217.82326508624004,206.02189493669249,217.69033643096566,205.71550016067323,217.61883208586065,205.64025113884352,217.4673295874139,205.62109162768402,217.59349797756997,205.74116963736893,217.65545102997223,205.78966831458516,217.74500047601651,205.94374611308453,217.83454992206092,205.80774837054901,217.60980953539095,205.77590890484825,217.7613120338377,205.80990869366235,217.45830703694429,205.40259541911803,217.44702220112345,205.81280849544063,217.59349797756988,205.36495634986036,217.1896586988114,205.60881117527677,217.68478096673232,205.6478114428898,217.43071064330238,205.71518930082806,217.57718641974881,205.42567595388039,217.43071064330232,205.93732478983753,217.93312191857484,205.88108840350702,217.45101802959286,205.25110656255205,217.2589007585652,205.87929858633183,217.74899630448601,205.12516942370704,217.1034024316491,206.45527719006688,218.48517051689788,205.12903092170617,216.87692850186099,206.77629002618514,218.45428094437398,203.96476273242124,217.22869426486335,210.03475270228589,210.92337115693709,212.81493840640283,210.69513458063972
200.13462976650715,199.40034653518572,200.24605437441065,202.65234704609483,195.70568519476993,205.89715642473982,194.12471765719496,205.94488509388393,194.99532908026617,205.90835600922941,194.45944559342618,205.84001645507004,194.59925251516876,205.52677173698416,194.10259644057106,205.57126074830845,194.5404113968053,205.93047484777085,194.91520142598242,206.15332069875973,194.57796597924857,205.51301232724691,194.33423735679912,205.9760141976052,194.87262835414202,205.77309774535902,194.22696999649429,205.61828046819502,194.68188767995525,206.19667072928465,195.02414161608638,206.20534101793402,194.91018293658527,205.95685468644589,194.39642413476082,205.80709753417347,194.97236971454691,206.39924720500028,194.98324137404501,205.70361921040055,193.99198342066802,205.44714395604618,194.77121416393803,206.52293537844295,195.28831862536055,206.05012423863582,194.51995954158872,205.77053792011154,194.41436501108291,205.71919896672051,194.72278792199666,206.11167196360998,194.77455982353615,205.80743751070415,194.45191959352616,205.87111644210611,194.85301464802086,206.14931103286756,194.72947924119291,205.75683803597812,194.49281983556762,206.01982325586846,194.93983362150087,205.94383475537373,194.37011910944335,205.6714397681688,194.70819270527275,206.0520026981001,194.62137373179263,205.81650730148795,194.76870665343526,205.89752539746667,194.22780467719801,205.46235332691714,194.60259817476691,206.02056273453348,194.62304656159176,205.88928514035916,194.8496724568144,206.00720282693067,194.52163237138774,205.55895117921585,194.07712956434904,205.37695505910804,194.60928602557146,206.03787278242481,194.30375199117992,205.54232249710785,195.25160219201274,206.57075268987629,194.015777467091,205.37155649089701,196.02079942487998,207.07679361042509,193.204841843087,205.61754405595261,198.83257319797937,199.81373801145784,201.51017629788942,199.22731354498967
211.65690333522053,210.86689536069326,211.75691035605405,214.44976223501664,207.31559125688338,218.14484392630558,205.53526332833297,217.84756830099997,206.18186086054811,217.83454992206086,205.84637825271309,217.96974086268648,206.05487338319287,217.59349797756994,205.58413251148767,217.77433041277666,205.96731479227043,217.78161942012815,206.03343449771256,217.97876341315612,205.73215937218879,217.20094353463222,205.33095656104601,217.64816202262077,205.93507582443502,217.63913947215119,205.65111074680237,217.63913947215119,205.84282761455916,217.88748042399362,206.12065311210438,218.06657931608217,206.15573235611444,217.84357247253052,205.64460078126623,217.66673586579307,206.16008199853727,218.34598374780302,206.37240821809783,217.91681036075371,205.7780982241577,217.80192680641863,206.08409349804239,218.21079280717746,206.39088777619611,218.00635980679806,205.77769872202319,217.49665952417411,205.48617334034455,217.57718641974881,206.02368475386751,218.03169391508877,205.95389535906384,217.5568790334583,205.60227209305532,217.71966636772584,205.95315588039887,217.77033458430725,205.77374858173479,217.52425591781611,205.52412326944727,217.74500047601654,206.30153936809836,218.10493180331204,205.74946942008012,217.59349797756991,206.07403289435229,218.1944812493563,206.08730415966596,217.79793097794928,205.95034472090978,217.58620897021845,205.23935918754586,217.35244603307891,206.01041348855404,217.8892139671118,205.64485211550766,217.50394853152554,205.79157730345725,217.64642847950262,205.69042199474973,217.63913947215116,205.61901994686008,217.52026008934661,206.13105369232525,218.22381118611654,205.66381981802957,217.31912026784934,206.31236997986107,218.42321746449562,205.2878578647624,217.26948294479874,207.28560125445051,218.89473916724401,204.20352831626076,217.4371230937121,210.38816578546957,211.44382753314886,213.10956205404759,210.50384294074499
199.91571505770239,199.11352608640624,199.87870238992744,202.44993326233123,195.80709591658217,206.03121606171752,194.04040619421772,205.58774267524541,194.57880065995218,205.75089026452829,194.6017565572798,206.15348339071187,194.91269044708798,205.83548952806882,194.54124260911721,205.98018655544959,194.59757621697801,205.51678518295688,194.31127452268814,205.79676959089346,194.47822115045196,205.36560718623619,194.05583956003704,205.47451460762755,194.29082613586334,205.53634419625075,194.45358895493354,205.78340968329067,194.48156681005008,205.76680999737891,194.71860411330317,206.07104445028489,194.7524351385205,205.75123024105892,194.28580764646614,205.53634419625067,194.45860744433068,205.85649838200709,194.57628968105774,205.80114976272372,194.75076230872142,206.04605492665036,194.53706226881545,205.58305305629202,194.45609993382797,205.74946942007995,194.28748047626522,205.30883772250436,194.10175829147565,205.60616270773986,194.62471592299914,205.86590814932134,194.43146773830966,205.5642335216632,194.51912139249333,205.9610561609756,194.56002163453471,205.48534521939015,194.24490740442471,205.541033815204,194.12555233789863,205.52909475204942,194.82754430340705,206.10717403280489,194.37346130064981,205.50632507713223,194.70400889657918,206.20158256579404,194.72696479390675,205.7599005297082,194.53957324770994,205.56892314061665,194.03706053461948,205.602922929431,194.80876874638133,205.7269510794041,193.99866780308085,205.36264785885402,194.43481339790785,205.75154110090409,194.62053211430552,206.02723539202157,194.62471939139087,205.72738111094594,194.8872201024742,206.31048998718532,194.35635857342314,205.32688878227202,194.97403907595421,206.50544651276169,194.10092014238032,205.26469022092201,195.66561963343219,206.5340447874319,192.63930767133141,205.19197344086572,198.58298793703742,199.59614397350876,201.2295588000718,198.83297677974639
211.92583692796038,210.90251643049064,211.45915810858972,214.02561556996767,206.95239802093658,217.77589004854059,205.16303071052036,217.3614685835486,205.67433956994719,217.46732958741399,205.67925140645633,217.96974086268636,206.22200022944963,217.88748042399359,205.92597691696582,217.88019141664213,205.77269824322462,217.3158270889673,205.39423599031383,217.62282791433003,205.87830636070339,217.57492413439758,205.59104197915823,217.41839491395069,205.37510559583978,217.27191913750423,205.62868104841579,217.73771146866505,205.8399278127809,217.63011692168149,205.78966831458533,217.70109252455353,205.68835031392575,217.48763697370447,205.61893130457074,217.47635213788362,205.50675369595223,217.26289658703456,205.26369787480439,217.36875759089997,205.93072618201222,217.92183708275402,205.70609039335892,217.20823254198365,205.34508647672143,217.38680269183928,205.39352562833423,217.20996608510185,205.53393253889604,217.66447358044192,205.86124764705349,217.57718641974878,205.46411402740685,217.50394853152554,206.06456360143397,218.13026591160281,205.8876870113325,217.38004242672088,205.58058187333356,217.6042540711577,205.43005471298875,217.36875759090003,206.04111397345565,218.00635980679803,205.57398326550828,217.29551970267676,205.823756745689,217.96974086268648,205.89299847046522,217.64642847950256,205.77349724749357,217.49665952417419,205.49037481487423,217.73771146866505,206.07048225619829,217.43470647177176,205.11706132914412,217.44372902224143,206.0270727000696,217.96974086268639,206.15092356546415,218.10493180331201,205.90008522271432,217.511237538877,205.8933979725997,217.94614029751384,205.42940387661287,217.30280871002827,206.50988633068525,218.53081201147921,205.20609887739644,216.92256999644226,206.73865095692764,218.28646688810622,203.68659725834513,216.99666487084201,209.97252361152843,211.00563159562992,212.85425611434607,210.5224660455529
200.90426540790557,199.76887918082079,200.05708474258779,202.402410873962,195.75160392620847,206.08421266973934,194.2440727237211,205.71086865460168,194.52247052048313,205.51045250199925,194.22445901759988,205.84001645507007,194.83423909099506,205.94349477884302,194.61802807219453,205.90298502449261,194.56671642212274,205.55790084070566,194.22195150709709,205.66026917987546,194.5404113968053,205.73474831412184,194.52163237138771,205.67612938712222,194.18272409485479,205.28294602825304,194.20902912017218,205.77744738778188,194.65892831423591,205.67828971023545,194.27539623843566,205.40697417822616,194.0779642450527,205.46380316756162,194.49783832496482,205.77383722402413,194.3947513049618,205.37519423812896,193.99700191006531,205.48552250396881,194.64433309751195,206.05200269810013,194.68523333955341,205.65262023354001,194.35050540332222,205.63488015410692,194.29333711475775,205.52637223484984,194.47320612944642,205.88126568808559,194.64600592731105,205.64394994489069,194.16143755893452,205.59545126767412,194.79417352965734,206.17569087154268,194.63931460811477,205.61393082577229,194.50118398456297,205.74634740074598,194.12053731689315,205.48083288501536,194.89475303915762,206.2459088851663,194.45609993382797,205.43017388468544,194.47738993813996,205.97641369973979,194.6647814843368,205.81434697837469,194.49533081446208,205.51045250199928,194.25159872362096,205.8656859317656,194.70568519476998,205.36834429606233,193.83005528230152,205.59698975060783,194.78915850865181,205.96521411525009,194.72864109209755,206.02377339615694,194.53706573720712,205.51261282511271,194.43983188730496,205.75029754103446,194.01494278638737,205.41317469663935,195.24825653241453,206.40976542370666,193.68774085005614,204.83509541588401,195.3275495059946,206.38190509449024,192.71069674738374,205.33070829322722,198.66144622991382,199.56741200308284,201.27414410374408,199.08918877769358
212.68649350786299,211.39749947444719,211.57897956013917,214.20471446205622,207.43313997072815,218.47371177372275,205.85649838200689,217.89650297446317,206.06357278852784,217.64642847950262,205.51067471955511,217.60980953539107,205.88848613609039,217.62612109321205,205.63982252002367,217.7359779255469,205.95250504402304,217.63514364368172,205.62464226583811,217.59349797756988,205.64537078933887,217.47461859476545,205.78852933378593,217.84357247253052,205.7350591739671,217.24258920074405,205.3584463843242,217.68304742361423,206.02189493669252,217.68807414561445,205.58274219644687,217.45830703694426,205.62976191633354,217.60980953539101,205.76939893931203,217.70838153190493,205.88117704579622,217.78161942012818,205.84282761455913,217.65545102997223,205.68801033739501,217.71966636772581,206.05191405581081,218.0846244170215,206.13765230015051,217.8711688661725,205.88117704579628,217.79793097794928,205.87972720515165,217.78890842747958,205.92458660192497,217.70838153190496,205.63374117330741,217.62612109321208,205.98681569268246,217.96800731956822,205.94590643619776,217.74100464754719,205.87071693997163,217.59349797756991,205.39929611520532,217.51123753887703,206.11744245048098,218.04800547290989,205.80478904316709,217.54785648298866,205.79478796508073,217.74500047601657,205.75413004283723,217.61883208586062,205.69386946655541,217.45830703694432,205.61088285610086,217.81424253577038,206.0024245656879,217.42168809283274,205.21948931440687,217.34116119725803,205.66419032396763,217.47461859476547,205.58521337940542,217.60980953539098,205.7216992663642,217.53657164716776,205.78852933378602,217.63913947215121,205.33641618807195,217.46160021582634,206.50084706930895,218.08862024549092,204.68302823939379,216.84030955774944,207.04720605606008,218.7229292825069,204.11707970994127,217.38019676331001,210.34583709725854,211.38916348809801,213.0636232020787,210.48353555445445
201.19585439405148,199.93233435917566,200.04111170748678,202.67058979401065,196.49365451627122,206.92868105336802,194.79082440166749,206.11695430605729,195.05835053893148,206.15604321595947,194.62137026340096,205.92813724007911,194.76786850433987,205.86155850689863,194.51995607319699,206.0583353790577,194.97153156545153,206.01924646915558,194.6894102114635,206.070984924681,194.70400889657921,205.7914000188789,194.74407098952517,206.30870017001035,194.896422400565,205.71831132016234,194.45191612513452,206.15638319249027,195.08549024495269,206.1108438426557,194.70066323698109,206.17452277405786,195.16394506943729,206.30435052758745,194.708189236881,205.87673876108417,194.80625776748678,206.34881042222639,195.16645257994,206.04531544798539,194.32838071830662,205.59567348522987,194.72613011320308,206.3524497026697,195.06253087923329,206.1072045622123,194.90767195769084,206.32678022597403,194.98240322494956,206.10754453874299,194.84548517972917,206.09887425009344,194.7541079683196,206.11735380819175,195.03037268381502,206.31052051659287,194.98240322494959,206.20269255039713,194.86844454544845,205.98490670381057,194.66561616504049,206.03590568067096,194.80793059728589,205.95306723810955,194.68690270096073,206.07715491368648,194.84715800952824,205.8492489378059,194.3964206663691,205.72590074089393,194.60092187657617,205.9787962404088,194.87011737524747,206.30111074927862,195.12137199759687,206.13031421366023,194.58214285115861,205.74793093714624,194.49783485657312,205.74543063750249,194.49448919697491,205.83662850886805,194.68774085005617,205.9976157750375,194.82587147360795,206.02038544995477,194.56336729413289,206.14734393111382,195.5796353406559,206.34232945288645,193.70317074748382,205.51141573143138,196.39642413476079,207.27308233816052,193.17937149847324,205.62677653868843,199.04292410989555,200.21544349108331,201.77903239452809,199.10965911482538
212.55314268071939,211.25416087612055,211.4363301441708,214.18111389688369,207.59014656720163,218.45913375901986,205.44662528221485,217.47132541588343,206.00825316544083,217.9095213534022,205.78519950046564,217.70508835302292,205.88635480917335,217.6155389069786,205.67487123462598,217.89320979558119,206.08168184068788,217.71237736037435,205.85467803542434,218.13426174007219,206.19886004859433,217.62282791433003,205.62717156167821,217.89320979558116,206.03713330375973,217.7123773603744,205.89922657235252,218.15057329789323,206.28345931213465,217.89147625246295,205.87355709565696,218.14155074742365,206.53703476471071,218.15057329789326,205.73789932965235,217.50794435999495,205.79981756056478,217.96245185533499,206.11337313849586,217.72139991084399,205.50283255185997,217.29222652379474,205.54689294436457,217.57891996286699,205.56250181736982,217.39808752766015,205.81894795503882,218.14155074742359,206.31489927570129,217.96974086268642,205.9553451997084,217.84756830099994,205.85402719904863,217.8109493568883,206.05700317689869,218.10493180331204,206.27075024090757,218.07959769502125,205.97126493255882,217.81094935688827,206.03201365326441,217.97147440580466,205.83776748966753,217.53554075363692,205.73394918936398,217.89823651758144,206.0624032783208,217.69606580255325,205.56031237757117,217.53327846828577,205.87864633723399,217.99907079944663,206.11738280438817,217.99004824897688,206.19880052299035,218.13426174007216,206.03923398078012,217.68877679520182,205.68766894814226,217.71411090349253,205.94047580536804,217.83125674317884,205.83199700279638,217.68478096673238,205.88586666474967,217.86787568729042,205.87719637610033,218.19048542088689,207.01308709554885,218.35397540474182,204.98399238458344,217.52355326822874,207.85208144858194,219.17241005584665,204.10911978327155,217.23269009333274,210.26842775231552,211.6319489757071,213.58834471867263,211.03702080699588
200.30167280325102,199.10405748540862,199.33342327453104,201.82396108726857,195.480735597738,205.64684974666889,193.34966725422689,204.78443488234296,194.12304829578756,205.3606648203193,193.91687078738985,205.09767960042873,193.91269391547971,204.96168185789361,193.76870318504351,205.32922485675257,194.16729419742717,205.08687951807363,193.97320439525052,205.70580852970994,194.54041139680527,205.11214949263467,193.56336729413283,205.17110827567583,194.22362433689617,205.38781466706683,194.22947750699703,205.65730985249334,194.43230588740499,205.40043509600457,194.08214458535446,205.59033161717863,194.54291890730801,205.41709430752016,193.78413655086291,205.01524066000172,194.00202039946245,205.28763564720651,194.01577746709108,205.20189740286679,194.00034756966335,205.08505917149097,193.7678685043399,204.8491932689405,193.43397871720407,204.72075595094083,193.96028200832563,205.71481879489002,194.63931460811477,205.51696246753536,194.10594210016919,205.34150530915988,194.03371834341311,205.14793909862431,193.94234113200358,205.4637436419579,194.55584129423289,205.67032978356571,194.10259644057109,205.18813799312957,194.12388297649125,205.4648826227573,194.10259644057106,205.15740839154242,193.97236971454686,205.35020471449471,194.23616882619334,205.40447387858237,194.02953800311133,205.25181692453177,194.27539623843566,205.64824006170966,194.22278618780078,205.1848386892168,194.04542815200662,205.46198282097896,194.15809189933637,205.05648989301713,193.68857899915153,205.14472843700074,194.24741838331917,205.47460324991681,194.01745029689008,205.07451042337738,194.00118225036709,205.37368475139155,194.03539117321219,205.63596102202453,195.18774258425196,205.93149465687347,193.3087670121854,205.11070106471217,195.97822635303947,206.6253313010869,192.43480992951606,204.78409797223475,198.10176869665077,199.37168546943394,201.55058084825214,199.60752627700535
212.06934499427871,210.81308996599194,211.11094408888147,213.59973536180044,206.71585228581409,217.60408016380339,204.79798801130522,216.98122986996259,205.58360084680879,217.31183126049791,205.20530128584974,217.16032876205119,205.30469589406786,216.89896943126973,205.04687384492789,217.34845020460949,205.54812210066444,216.95189993320247,205.01543388136128,217.3850691487211,205.66240050679258,217.05047192971637,204.9680741849441,217.23356665027447,205.61535167022058,217.34445437614008,205.43184606337496,217.57145704816116,205.82369863280729,217.52355326822877,205.53640384234362,217.56017221234026,205.72204065561692,217.29378615955864,205.15368058929914,217.14904392623038,205.45146460227261,217.19694770616277,205.14137102020638,217.16032876205128,205.55312257946292,217.46333375894457,205.51468450593654,217.1806361483417,205.04125152594986,216.94461092585101,205.4419953093545,217.76860104118913,205.94738680624965,217.40866971389366,205.30889736859757,217.31183126049791,205.48000476406096,217.16032876205122,205.12224062573247,217.2132592639839,205.69199100709096,217.60581370692159,205.51363416742643,217.16761776940271,205.26116857896426,217.30280871002824,205.57114310982294,217.47964531676567,205.53356356616922,217.33040510367019,205.51724433118417,217.41040325701186,205.33857651118532,217.26618976591661,205.77988957454397,217.82153154312181,205.63698236433845,217.09437988117949,205.15663991668103,217.12370981793961,205.1782706107991,216.89896943126973,204.98880270844489,217.07806832335831,205.58342356223022,217.55288320498889,205.41021536925726,217.07806832335837,205.4387555310455,217.39409169919077,205.10342109110374,217.19121833457521,206.2498314419804,217.84357247253052,204.53577138676539,216.86391012292196,207.12717522625067,218.52178946100955,203.70973743920064,216.85747810174706,209.69833880714828,210.88501866970725,213.2587758577512,211.4614811377426
201.58447631695611,200.4020404615531,200.74161738469465,202.99441378961802,196.3283841866982,206.78947264920947,194.7678650359482,206.33513965477826,195.33340267609546,206.35071941109831,194.92979317431474,206.51929609799956,195.31378896997433,206.22012176998524,194.91185229799262,206.64949423697817,195.4339787172041,206.12241393308344,194.60342938707888,206.26350079670647,195.14349668261249,206.16406266823324,194.88973108136869,206.51929609799967,195.3538510629204,206.39736874553591,195.08047175555546,206.70521336219977,195.60008719587248,206.69765305815349,195.27205057883759,206.68284318941684,195.46818764004919,206.56560545590662,195.08883590455076,206.42013842045318,195.2211133580017,206.31993028390747,194.81294908668306,206.2305818758098,195.24407272372102,206.72073359291576,195.52079422229241,206.62922486170496,195.03706400301127,206.22373193374312,195.16394506943732,206.78154183922507,195.49700017586937,206.38505917644324,194.89307674096685,206.36987892225773,195.27037774903846,206.37678838992821,194.82670962270339,206.08847366987277,195.01912312668918,206.55002569958666,195.37597227954424,206.50914685202017,195.0533320495343,206.38215937466489,195.31378550158263,206.77753217333279,195.43648622770687,206.53083707174187,195.21776769840363,206.37382906254612,194.77874016383797,206.23564200070129,195.53120909871458,207.06010681543538,195.5020186652666,206.34676927080997,194.92812381290736,206.2566508546397,194.96278951882846,206.30981015461339,195.09757795117383,206.44222814230929,195.37262661994612,206.71826240995722,195.14516951241154,206.23570152630504,195.24239989392197,206.55221501889616,194.6910865096543,205.99403614068737,195.61635524239551,206.79132057926631,194.23198501749982,205.81425986929665,196.47069861894369,207.34802050014522,193.41770373389764,206.04102839758897,199.30793926826516,200.35622090758341,202.49426096614181,200.71559993173852
213.45271277501917,212.00764452066775,212.0845956730403,214.50842210853693,207.68893373880994,218.91261036082904,206.24604104771075,218.25314112287657,206.38159564736728,218.03968557202762,206.07530403769624,218.42495100761383,206.60043183246393,218.15456912636267,206.23703078253075,218.64066884381407,206.74220006187036,218.0650196803183,205.89268607740877,218.13096856119017,206.27407854101659,218.00306662791601,206.19223091136126,218.44126256543487,206.52040454939149,218.18216552000465,206.25880964454169,218.49419306736763,206.66581205924109,218.38659852038401,206.32754870083531,218.37028696256289,206.53666425877262,218.45757412325599,206.48961542220047,218.40690590667447,206.45743597996898,218.25314112287666,206.17020071510913,218.10163862442994,206.27077923710382,218.37028696256289,206.59343372250416,218.40464362132334,206.22085971543893,218.03968557202759,206.23603996962453,218.39562107085365,206.5294148145714,218.29704907433972,206.26136946978954,218.24411857240696,206.4096767814172,218.25314112287666,206.12571170378493,217.9135171818717,206.04577306300149,218.33366801845131,206.73560145404494,218.63667301534463,206.51133475860757,218.33366801845131,206.45453617819066,218.46885895907687,206.47659549112828,218.30607162480933,206.36302744697969,218.03239656467619,205.73681846173483,217.87689823776009,206.53632428224188,218.70991090356785,206.59954418590596,218.2970490743397,206.37573651820674,218.36299795521148,206.40816729467986,218.47788150954648,206.66405123826206,218.5217894610096,206.57131488396269,218.52178946100958,206.38730660863447,218.21478863564678,206.55795497635981,218.40863944979276,205.8041366735801,217.72139991084399,206.73455111553471,218.54782621888768,205.23284768879847,217.39409169919074,207.52328597037234,219.1161863750319,204.43140376273374,217.75714229801395,210.69276921110236,211.83308879720448,213.9472198821521,211.83872402983411
200.58305547250768,198.96539687228443,198.63699972506029,201.00594659197751,194.95275600842567,205.66953077929674,193.83507030330708,204.90877389216118,193.61635524239543,204.63020891595073,193.46278778463261,204.95721304377389,193.76285001494261,204.68012843761565,193.60510221687795,205.22275808891206,193.99616376096981,204.66750800867774,193.31043984198453,204.79628530320812,193.66143582473865,204.73402721625436,193.66896182463864,205.08636084424231,193.84883083932723,204.81362588050689,193.57963534065581,204.92793340332048,193.77204884464166,204.91198455378438,193.71943879400681,204.88989483192859,193.61179353607415,204.89245465717613,193.88471259197158,205.14318983357776,193.85552215852348,204.92398326303206,193.66310865453787,204.82667492826457,193.60259470637513,204.85200442842955,193.70400889657918,204.80134542809967,193.52079422229235,204.75719639330592,193.62053558269727,204.87693442646002,193.79166255076288,205.11425016965501,193.93230415320915,205.00969239068644,193.74741664912332,204.95937336688715,193.70818923688094,204.79153615865098,193.56002163453471,205.03212208907311,194.13764004411988,205.35406621249379,193.98574888454769,205.01549199424309,193.73989064922338,204.86212455772352,193.54040792841352,204.7405662984759,193.62889973169263,204.61903832765739,193.13429438452167,204.46928117538508,193.69108650965421,205.06103134407746,193.78580591227026,204.96804365553649,193.89809523036402,205.05128160023256,193.69982508788559,205.00969239068647,193.97989571444688,205.13267020214946,193.85133834983,205.13338056412903,193.93230415320917,205.141340490799,194.12722516769767,205.07189095203648,193.11635350819964,204.33069461140579,194.08716307475169,205.17607822506687,192.57377870216328,203.89768286396941,194.69359748854873,205.71364775147165,191.94773058224507,204.28623766270016,197.5445986738905,198.63579905472491,200.66076692392406,198.71668542851108
212.10310001496819,210.41210941742426,210.04819925966166,212.59491281125543,206.19093230503253,217.49751651035066,205.05341433987149,216.91354744597265,205.08978085306327,216.81271316410744,204.94598587581009,216.86963949450956,204.84956530809004,216.47308922310251,204.82229770236762,217.0211419929563,205.06766201452174,216.47308922310245,204.60420099593588,216.86963949450958,205.19135018796433,216.90226261015178,205.04699301662464,216.9591889405539,205.04338285286701,216.75978266217479,204.87264584285228,216.77106749799557,204.94823484121278,216.88595105233068,205.16096056290772,216.84204310086758,204.692839042054,216.58294605543739,205.04304287633633,217.14331455464276,205.30778891720561,217.01940844983801,205.07488234203734,216.90226261015184,205.07121265267568,216.93888155426336,204.97322436484708,216.68880705930275,204.90988540997549,217.00083460666573,205.21088008457266,216.96647794790536,205.14430135139213,217.17993349875431,205.38161709458717,217.11798044635205,205.16022108424264,217.06504994441929,205.26187906143309,217.12700299682166,205.23654956126799,217.17091094828476,205.42502665071592,217.26046039432899,205.25462961723187,217.00812361401722,205.1309414437894,216.82399799992831,204.71742906355391,216.62459172154919,205.04884247989293,216.92256999644226,204.86644673716134,216.6612106656608,204.9826632488469,216.92256999644232,205.02487417808322,216.93888155426336,205.20405925919124,216.84933210821907,204.73004949249182,216.63587655737004,204.94107403930087,216.81271316410746,205.00244447969658,217.04873838659819,205.29050786551065,217.14331455464276,205.4293167675348,216.93558837538131,204.26710573501512,216.30127933836536,205.63340272998803,217.34116119725803,203.86655376024802,215.76953812633272,206.03725400866782,217.819971907358,203.3396651445014,216.31671433924473,209.00814144337821,210.04801017543011,212.26868343257516,210.43931400318488
202.30383475351184,200.89064576907552,200.80504967449653,203.1783480152834,196.77790895152592,207.41978006312522,195.61300958279739,207.17163370816755,196.00787703795498,207.1582738005647,195.75866967464091,207.05229517714784,195.52665432917667,206.65220235060818,195.51243354168881,207.06565508475066,195.62723037028528,206.66482277954611,195.47320612944642,207.21322291771358,196.0658800072232,207.16478376610081,195.69899387557371,206.94122743264325,195.54375705640342,206.85511880285446,195.60259817476697,206.9224078980144,195.59757968536971,206.94992683797813,195.71404934376531,206.8088689705512,195.19648463087509,206.59614324885627,195.65018973600456,207.32935078710995,196.18439692465387,207.39590040360483,195.91102108568063,207.16438426396653,195.91854708558057,207.3141414162389,195.84883430771905,207.01897675411686,195.81127972527571,207.393029718512,196.1017617598674,207.23096299714692,195.82922060159783,207.25663247384233,196.0003475696634,207.2848617757856,195.89308020935852,207.21544276643075,195.95359415752114,207.36736024181636,196.060861517826,207.38217011055303,196.08549371334433,207.35505067272379,195.88471606036322,207.21504326429627,196.02665259498085,207.20020298664136,195.5157792012869,206.87066944248895,195.95192132772206,207.51020792641842,196.06671468792683,207.13254479826534,195.7236260710921,206.97596670012251,195.58131163884664,207.01360576938018,195.80877221477303,206.91228776872032,195.41771067068106,206.78313996825185,195.51661735038232,206.74806072424195,195.49783832496479,207.00453597859624,195.72864456048924,206.96220729038512,195.78664752975737,206.83848858753518,194.85552562691527,206.49229595235633,196.43147120670139,207.55256561082575,194.6067785150687,205.91387669507054,196.57462378804215,207.90668905598906,194.25410623412373,206.77009398691683,199.76453324991689,200.5893351762486,202.62394843589198,200.94185928678311
213.48410518224054,212.34269676199554,212.76135352067314,215.22099575577641,208.06221669513266,219.08841607403559,206.57563399697776,219.00962272157912,207.32351912093461,218.99157762063987,206.84694952898707,218.89473916724413,206.85613707874583,218.58044933452987,206.66103226478702,218.82549710749026,206.79316850932321,218.52751883259722,206.69651101093143,218.97699960593692,207.03659471591979,218.66999878057419,206.59090289345275,218.54782621888771,206.48347442939124,218.43796938655288,206.7113804052718,218.84180866531136,206.87196816930697,218.63337983646264,206.58044278762813,218.46556578019482,206.46391541609754,218.47458833066443,206.6292814413753,218.85812022313249,207.26771135342381,219.261959501891,207.017775181291,218.75954822661851,206.90454711367306,219.17241005584668,207.27061115520206,219.09014961715386,207.05902441430644,219.03721911522109,207.05862491217209,218.9476696691768,206.85644793859075,218.75954822661851,206.8813779366215,218.9476696691768,206.9414467042655,218.7229292825069,206.71354072838525,218.79616717073012,206.92262716963671,218.9639812269979,207.12159348159474,219.03721911522109,206.90380763500792,218.88571661677446,207.11943315848134,219.0552642161604,206.81914884586379,218.82376356437209,207.22001168047603,219.32391255429334,207.1418033312641,218.85812022313249,206.84743767341092,218.74323666879738,206.66899219145694,218.66999878057425,206.77400899816382,218.65368722275309,206.72434081074016,218.86714277360213,206.94474600817841,218.64466467228348,206.59701335685435,218.53654138306678,206.38801555789209,218.24082539352494,206.5807536474733,218.45098776549193,205.93399342330613,218.23682956505556,207.5792257799383,219.30430781759017,205.65968944722923,217.56260840504592,207.53451455105818,219.43620557933372,205.13715047390539,218.64881483734194,211.40829607503747,212.14408545103663,214.04900419660538,212.08811425028716
198.75258517506677,197.923321080318,198.65152656806438,201.00789910110461,194.19397018358885,204.35837612283225,192.61011723788349,204.32906595297135,193.55081933644394,204.4292449728317,193.04542121522323,204.34458618368751,193.19982335368974,204.09752069664759,192.85468054103649,204.17458865233797,192.97320092685882,203.87291402467969,192.7490860105307,204.12142935236423,192.90934131909813,203.78751575687059,192.66895835624689,203.91919285317914,192.59757274858632,203.66453794540755,192.82921366481432,204.35473542966685,193.23030871930908,204.10403066218362,192.82252234561815,204.11378040602872,193.10928082298386,204.09860015184307,192.59589991878727,203.80019571141216,193.12136852920503,204.49113267433651,193.02162716880028,203.80599531496867,192.74156001063071,204.37031518598681,193.47989051185928,204.5432125191146,193.18188247736768,204.14166973144123,192.95609473124043,204.19340818696668,192.91435980849539,203.89824352484464,192.84882737093551,204.23175761820389,193.05918175124356,203.94884299957062,192.70818576848919,203.962602409308,192.8488273709356,204.07910066415315,193.09840916348577,204.27189698710538,192.9823997565579,204.04075123291605,192.92728219542025,204.15542914117864,193.00034063287995,204.30879657769796,193.37262315155442,204.36090541867244,192.82754083501527,203.90475349038081,192.93397351461653,204.23425791784771,193.06168926174618,204.12319017334306,192.89140044277605,204.00311216365841,192.93313536552111,204.39524518401745,193.39390968747469,204.30299697414148,192.93313536552111,203.8587841090044,192.37262315155442,203.51586024833074,192.76702688685273,203.92354249560208,192.2678633017523,203.69998769535556,193.70567825798653,204.67161930770692,191.99448399438737,203.03690964892542,193.52246705209149,204.48823133934687,191.13679495824104,203.87146712996844,197.22948097538875,197.87159469578333,199.49037947938137,197.49909952693389
211.25337600252539,210.27630365687926,210.91765257642874,213.58254724703758,206.64276653303097,217.5992077783923,205.05847599797428,217.35486265501928,205.81327058960159,217.43312726524269,205.35620048534406,217.40050414960049,205.55497498866455,217.13914481881901,205.19777304442221,217.31095470355618,205.41857774399492,216.86147393021642,204.86209862794973,216.98035331302091,205.16244246617111,216.84516237239532,205.08133431518095,217.14087836193718,205.17870217555219,216.87275876603726,205.19132260449013,217.42583825789123,205.62109469410663,217.35486265501922,205.52739652309697,217.6415560940915,205.86526037936832,217.28335830991423,204.80933883011033,216.684637323479,205.2911907645053,217.38921931377965,205.25389167177806,216.76290193370247,204.9598659904556,217.22869426486335,205.62646567884323,217.43312726524269,205.35850897635063,217.04057282230505,205.23507213714939,217.32726626137728,205.4181782418604,217.14643382617049,205.4148789379478,217.45343465153317,205.43153814946311,216.99666487084198,205.09114358462983,217.1318558114676,205.30455067210792,217.16674121246092,205.38994893991725,217.29064731726567,205.3649594162828,216.99666487084198,204.88097768818247,216.78320931999295,205.19422240626824,217.40553087160075,205.66450425023544,217.07719176641666,204.73517067619829,216.70997143176976,205.26660074300537,217.40952670007013,205.50891696499866,217.18478631340025,205.2832599545209,217.10652170317681,205.11894426775297,217.22869426486332,205.74413203117345,217.65786765191257,205.59317625200848,217.15945220510949,205.02101421329533,217.04959537277475,205.62140555395169,217.37690358442794,204.80356834323933,216.84845555127737,206.15721579258906,217.95255274792362,204.51985459984814,216.23618744367005,206.10599459817277,217.66429967308758,203.2094394220486,216.52600015427001,209.43427578576279,210.33053387867858,212.21058932073154,210.07775540341015
204.415074046451,203.31465045064252,203.71797966719754,206.36847113722487,199.90479695473539,210.66380196370542,198.55166442232286,210.23260902964051,198.88016475921702,210.06116165764652,198.38890160325258,210.07202126560537,198.64685101318986,209.88391468209579,198.41353379877094,210.22393874099117,198.79000012613895,209.8209461126732,198.14433830009952,209.86978476642045,198.49951809154729,209.77719658001382,198.28665273234495,210.03077203258999,198.68858593593495,210.02642239016717,198.51829364857309,210.14761026396579,198.70485398245799,210.18089969080066,198.83508070848211,210.50756384209305,198.99366318725058,209.98918282304399,198.0633759651121,209.71351764861183,198.64434003429545,210.2051192063623,198.51662081877396,209.82094611267331,198.41771760746448,210.09044129809979,198.72530236928282,210.13169053111531,198.47823155562705,209.86509514746697,198.5395801844933,210.33426700683091,198.91353553296682,210.34799742037185,199.02080289327165,210.48908428399491,198.62305349837516,209.710277870303,198.20401756755842,210.03077203258991,198.77122110072145,210.21307913303221,198.66562657021561,210.08069155425486,198.59842130285682,209.8951142665853,198.08633533083142,209.51745113843236,198.3701260462268,210.23985847384168,198.85302158480422,209.91319432254915,198.08131684143422,209.69469811398295,198.58382608613289,210.13893997531642,198.41102628826815,209.71317767208123,198.43900414338481,209.99677224377561,198.2670390262237,209.78876667044156,198.77038642001779,210.53974328432474,198.95527045571185,210.16859012170787,198.54041833358869,210.26299865469699,199.18523854214095,210.46810442625281,198.18607669123634,209.7514981071221,199.39308541194609,210.89460620815296,197.91604304346953,209.24940732686159,199.53791082308592,210.7310881129321,196.58298446864572,209.23348912722233,202.31213001374212,203.38334460813513,205.42708252152389,203.44627360460078
205.80881474990809,204.65731441687177,205.01754492600597,207.55992174971422,200.95036820957131,211.84193744031975,199.79292084566779,211.47142392679083,199.83545734786497,210.9323937074067,199.25466995347955,211.14082253625557,199.68965033588105,210.98532420933944,199.52021499861763,211.47142392679083,200.01591498503916,211.15713409407661,199.42654594429351,211.2923250347022,199.98117571755975,211.24668354012096,199.38711705786079,211.09518104167429,199.88676718457052,211.46013909096999,199.74451081074039,211.13179998578588,199.51996366437649,211.08389620585345,199.66457216995724,211.29961404205361,199.63896221886557,210.90705959911605,199.3654268381392,211.37058964492564,200.15552289133205,211.55195082236546,199.81108954392082,211.39818603856762,199.92835639411655,211.4348049826792,199.80167977660645,211.28330248423256,199.64945144137553,211.26299509794202,199.94023734438937,211.75638382274491,200.24052165700684,211.73607643645431,200.26329133192405,211.67585692717026,199.67148163762786,210.81751015307168,199.22257915353723,211.19375303818822,200.02597558872915,211.60261903894698,199.92761691545155,211.32721043569563,199.77891010168921,211.2923250347022,199.53656335028816,210.97803520198798,199.59299283748911,211.46240137632125,200.07879491217236,211.4877354846119,199.77097929170469,211.30863659252327,199.85813838049296,211.08789203432286,198.9664438757134,210.45028981842478,199.43746519834562,211.24841708323913,199.43811603472125,210.78089120896007,199.55760273363413,211.43480498267922,199.89568880746123,211.29961404205366,199.68459021098934,211.35254454398631,200.10767505049122,211.46413491943935,199.16364936669243,210.80449177413266,200.41051918835637,212.01218768929306,198.98665372538304,210.45184945418859,200.81147066525784,212.1531080015063,197.88279428027298,210.53896270752739,203.59533085116499,204.81863955750998,206.9973578760611,205.0085808397771
207.42976504022411,206.48153620390107,207.18777523517534,209.54758462182352,202.44661211455846,213.39272832296558,201.42690630664043,213.37235648691421,201.54693670884035,212.6718820066904,201.11326463908054,213.41328963619048,201.87732760211605,213.1113469633722,201.49248992377795,213.57913598930489,201.94912441464103,213.06362320207879,201.1040520836311,213.30972041241267,202.29715770442516,213.81602447027115,201.60449101941668,213.06782622875386,201.66687500924343,213.50550627611113,201.68402476945698,213.01751488211841,201.18899796006318,212.86766787038883,201.42089337850192,213.30034221505355,201.59872233613021,213.02171790879351,201.49248992377798,213.66876504388355,202.22772968062679,213.62282619191467,201.80593132408893,213.54240586670375,201.83712331900222,213.26619967779436,201.46563497182012,213.22009135783404,201.65696955025032,213.54660889337885,202.2042746232288,213.98187082338558,202.14839619783547,213.50567574410258,201.69609874992784,213.3490381203558,201.58537300497431,213.13466532993053,201.47681578149832,213.26361209245232,201.74424023780597,213.51229688812828,201.90655134280053,213.57671787195437,201.94695589316325,213.46618856816789,201.5236819186913,213.10714393669713,201.62794607681468,213.65955631451578,202.20427462322888,213.70566463447619,201.8080998455666,213.42945844556675,201.8639782709601,213.13708344728107,200.78631761796768,212.42319721101447,201.444148168651,213.4224983655582,201.43444297690681,212.70199098526587,201.21802143349873,213.1831917672414,201.61242822418103,213.22009135783404,201.51017629788939,213.06362320207873,201.54300020038275,213.05925070741222,200.79839159843854,212.58242242010314,202.0767996525594,213.8601784129155,200.88132524303873,212.5474772068265,202.82538874056419,214.1713298151015,199.64150977469774,212.48938309498291,205.69795084999436,207.11709590921521,209.21790537340095,206.87753828441487
204.50351607110164,203.89899903415471,205.10318605068761,207.29173497279587,199.81019805756335,210.49753556528873,198.78507020318867,210.88297537671696,199.31113584984556,210.3689326466004,199.17770658395077,211.60269880734339,200.1818895797168,211.07477904793811,199.44670249267475,211.35448083704651,199.7161312018857,210.48353555445448,198.48271669063325,210.78237247969716,200.29990427191143,211.97077779233993,199.89235079540455,210.86549156873966,199.26279647280091,211.00040186288425,199.46379868634426,210.78468402668403,199.05154970843597,210.58696202978746,199.38126692196082,211.42128836826794,200.02494527779191,211.16664004096924,199.44670249267477,211.26261984401538,199.87307550381058,211.24231245772489,199.5852600604577,211.01671342070534,199.27048289915595,210.57308500049879,199.03869325920272,210.87423347272832,199.58698340141714,211.39866943499058,200.2250589338831,211.72255982204308,199.77043366432579,210.67894600436418,198.77821856034109,210.60970394461037,199.52154783070313,211.34805048004469,199.90348390367836,211.08352095192674,199.19563756112757,210.8719219257415,199.69731166725686,211.54346092995442,200.07752439927259,211.17307039797106,199.13192533137305,210.6928230336529,199.54036736533197,211.580079874066,200.22505893388308,211.2789314018365,199.22386686307081,210.83530298162989,199.67849213262804,211.15907038713678,199.13453722978454,210.58053167278564,199.56047744043335,211.2852387772927,199.35347042050449,210.51372414156427,199.09816574452108,210.85792191490719,199.39836311563022,210.87423347272835,199.22731354498961,210.48353555445445,198.97153434752931,210.42303539868928,198.4489571037814,210.13933778111146,199.70499809361183,211.42014907143729,198.78039765826568,210.37250647196348,200.63476855183626,211.63060880079186,197.13598298858753,210.01094787218875,203.56601163775488,205.0615113417098,206.8775382844149,204.1145557783953
