177.15063828483113,176.19019142527586,176.22730411417785,178.54159228373393,172.72520293825909,181.48939546946232,171.21464916382166,181.55787364617433,171.83765440225454,181.73054218126103,171.60525552544627,181.18337610723202,171.34139761035533,182.02266810302098,172.4614223757354,182.03656154349159,171.97468651824454,182.02266810302098,171.82813346784616,181.35604464231875,171.50912602957999,181.76985988920427,171.7217976550908,181.18337610723194,171.2248554807108,181.47773396744435,171.64615814557004,181.47550202899185,171.6604050486215,181.73054218126109,171.78250487907931,181.43841625950117,171.30049499023156,181.30283349390504,171.61546184233535,181.9032107163479,172.21805444698998,181.9032107163479,171.61546184233535,181.22269381517512,171.11920505043619,181.05002528008831,171.22485548071077,181.43841625950117,171.85814438860004,181.73054218126109,171.58476553910072,181.47550202899185,171.72179765509077,181.9032107163479,172.11171863423456,181.73054218126109,171.33119129346619,181.01070757214512,171.2248554807108,181.55787364617427,171.8274480853654,181.43841625950117,171.25555178394546,181.05002528008831,171.08850874720156,181.22269381517512,171.64615814557004,181.47773396744438,171.2248554807108,181.01070757214509,171.33119129346622,181.5578736461743,171.72111227260999,181.86389300840469,172.32439025974537,182.02266810302103,171.47842972634533,181.35604464231872,171.85882977108082,181.94252842429114,171.76270027521457,181.39536235026191,171.36257297918161,181.39536235026199,171.76270027521457,181.94252842429105,171.85882977108079,181.35604464231878,171.47842972634535,181.59719135411746,171.36188759670085,181.48939546946238,172.57796450537992,182.43648334990658,171.11851966795544,180.82277200876004,172.35577194546079,181.9169734818027,169.56363071714543,180.49925367977877,174.66186269876604,175.8488292502752,177.89801839938193,176.28183342417341
176.19019142527637,175.24800707398163,175.30005562360779,177.58847769710292,171.77072281030507,180.4625359380567,170.24522757593286,180.55110375220582,170.89677115390384,180.74651420211552,170.6872801179567,180.17671739175304,170.3415340639994,180.82877464080838,171.1802881171036,180.64151184859975,170.69129069474292,180.82877464080838,170.83053148636006,180.31919733973004,170.52059720446573,180.7090366076543,170.73035664816675,180.12378688982031,170.17871950063522,180.37843521711901,170.66492107745279,180.45438828035563,170.6514683458937,180.55110375220582,170.58277859381892,180.2734328636032,170.36389310450332,180.40145777842289,170.74051007581315,180.79944470404823,171.05552743907737,180.74651420211552,170.62077204265904,180.33465024720149,170.42474905221695,180.28171974526879,170.40878579962904,180.41591281158023,170.76795219768698,180.6569647560712,170.70577080833382,180.59686822833262,170.84068491400646,180.79944470404823,170.95535260088405,180.6040342541385,170.39863237198264,180.0708563878876,170.29845753378933,180.4086238042288,170.61347489705355,180.27343286360323,170.33319680126868,180.1758587414034,170.26086198426913,180.1921702992245,170.55459281161308,180.37843521711901,170.28904776647497,180.0708563878876,170.40804213929704,180.4086238042288,170.50389029154587,180.58858134666704,171.15570227727065,180.88170514274108,170.48585793698643,180.31919733973004,170.86527075383938,180.85151655563132,170.70799760766286,180.33465024720152,170.42977169708905,180.42419969324584,170.81832587350257,180.90444705756403,170.87468052115378,180.37212784166275,170.59618620282612,180.60317560378888,170.32304337362228,180.26712548814697,171.34310268046772,181.16568340679993,169.95880662928786,179.70461768513593,171.41690790137085,181.06053963076766,168.87377008754615,179.71474484904635,173.80784291529557,174.86406542993205,176.7846288442488,175.15426367263098
176.22730411417703,175.30005562360753,175.36942883631636,177.63351948333695,171.76438069901221,180.41561760822469,170.1925313857214,180.5195242347742,170.88017916832473,180.74959053376799,170.7129815067421,180.16263992641663,170.27068731738456,180.57703317717073,170.73983645869993,180.11846313152844,170.24393057799151,180.57703317717065,170.76659319809301,180.2729681922562,170.46665741858391,180.63443094107771,170.6737101168967,180.04290189326241,170.03909037875948,180.24519772249701,170.62172727774183,180.43213511184311,170.57062309689366,180.30753799174417,170.231219128682,180.03804280631755,170.36194154638483,180.52438332171894,170.83040882825065,180.65734232389201,170.76275184681617,180.5376042907379,170.55954049978018,180.48953287575006,170.76265363425142,180.58178108562595,170.55954049978018,180.36035731518723,170.55407029630734,180.5470140580523,170.78950858620925,180.75444962071276,170.92329190944693,180.65734232389201,170.6698687656199,180.42727602489819,170.40284178842623,180.1351501031383,170.30995870722995,180.1972097259044,170.24230172579547,180.03804280631758,170.35085894927136,180.34230501931782,170.42959852781931,180.16721836688041,170.3721454851916,180.24519772249701,170.28867217130971,180.1351501031383,170.42412832434647,180.19720972590446,170.12813210867895,180.21071134140433,170.85563492801248,180.69677121032481,170.4257571765425,180.2729681922562,170.80749344013441,180.74475920691748,170.58245588789646,180.27754663272015,170.4688699176647,180.48012310843578,170.83203768044669,180.86449724007156,170.82877997605465,180.39270622541036,170.67533896909273,180.60694111779949,170.1941602379174,179.97356506620085,170.971433397325,180.81875789283819,169.67533896909273,179.54976204813229,171.44211317827163,181.27238543314036,169.22023511786097,180.01250508370563,173.96324515874184,174.84656227150461,176.60300564098085,174.93939408306156
178.54159228373413,177.64140819903574,177.75325751649194,180.14934180247022,174.28067214342704,183.02998467112383,172.60133683163224,183.02842503535993,173.25544966634874,183.313384931314,173.1537176394958,182.66849370806449,172.56997091772826,182.97549453342725,172.9825811273468,182.53330276743893,172.59135027760476,183.11797448140427,173.19126806646409,182.7743547119299,172.77189655706817,183.06504397947157,172.98323196372252,182.52601376008747,172.41814208463185,182.78737309086895,173.04941119476848,182.99909509859978,172.9893424271242,182.84030359280166,172.59794888543024,182.56263270419907,172.79401539560973,183.08135553729264,173.18250913552538,183.03571404271142,172.93908292892877,182.89323409473437,172.86019462665567,183.03571404271142,173.26139743779848,183.22383548526966,173.03744160220634,182.8932340947344,172.85408416325399,182.98278354077868,173.14776986804605,183.2767659872024,173.27080720511287,183.03571404271139,172.85078485934127,182.84030359280169,172.82875466308906,182.80368464869005,172.86019462665567,182.84030359280166,172.72709668589877,182.7580431541088,173.01467192728913,183.08135553729264,172.86960439397009,182.61556320613178,172.64209792022396,182.78737309086895,172.82545535917635,182.85661515062279,172.98323196372252,182.78737309086895,172.48432131567782,182.66849370806452,173.14711903167037,183.11797448140425,172.72774752227446,182.72142420999722,173.11567906810373,183.11797448140425,172.7591874858411,182.61556320613181,172.75251482835299,182.94616459666707,173.16650076038556,183.313384931314,173.15041833558308,182.91683465990693,173.13506079681892,183.14730441816442,172.46559042333834,182.27194343665744,173.13440996044324,183.21325329903615,171.99811973886028,182.01787311322744,173.80050698034847,183.79792501300145,171.63295786794816,182.61468664919016,176.47363939828148,177.3053178779281,179.01734501821943,177.3068982046058
172.72520293825818,171.89046084345884,172.03524902748245,174.49265838645618,168.94233072682826,177.40287421654648,167.21487535348948,177.23284615578942,167.75577039294336,177.55516066465913,167.73532547451018,176.90584202796626,167.08882549937547,177.2400955999905,167.67313869654856,177.0349898284347,167.44316714172783,177.56241010886015,167.83924717521691,177.0349898284347,167.27705866305945,177.2400955999905,167.48490553286459,176.79551376212652,167.08966364847083,177.157257157429,167.69358708337342,177.3204047467118,167.65101401153294,177.26758542326874,167.38181851286154,176.97276073767722,167.40143221898271,177.25817565595432,167.61011376949153,177.17533721339282,167.42271875490295,177.06500894755311,167.3605319769413,177.20066671355775,167.71320078949458,177.37791368910842,167.56921352745013,177.15000771322789,167.42271875490295,177.16592744607843,167.58882723357129,177.37791368910842,167.69358708337342,177.17533721339282,167.33924544102106,177.05559918023872,167.42271875490295,177.17533721339282,167.61011376949153,177.37791368910842,167.67230054745318,177.41481327970098,167.90226863388224,177.47957166629868,167.40143221898271,176.82084326229142,167.21403720439412,177.15725715742897,167.56921352745013,177.29507524654687,167.73448732541482,177.25817565595435,167.27705866305945,177.09249877083133,167.77706039725527,177.35042386583024,167.23448559121897,176.91525179528065,167.61095191858692,177.24950536730492,167.17229881325733,176.71051499645174,167.19358881756926,177.09974821503246,167.65184869223663,177.47957166629871,167.65185216062832,177.14531809427447,167.71403547019827,177.38985275226298,166.98574194776413,176.47066995741667,167.67230054745318,177.53744958142218,166.73532200611851,176.35781239573677,168.27706213145112,177.87170315344636,166.06837364415892,176.78539657876581,170.92188927678677,171.75968953191648,173.4366425398112,171.76999414876778
181.48939546946247,180.60501588603384,180.73793211709534,183.41351656359183,177.69985922525203,186.5149039904459,175.63203017354158,185.97830996376732,175.96092869761006,186.36184185623537,176.15908148124021,185.85943058096285,175.59776445785931,186.34553029841427,176.39309792052245,186.29589297536359,176.19503377918159,186.72906219088227,176.41512811677467,186.05484103087261,175.7837703643487,186.25598085236993,176.00451553831743,185.85943058096288,175.75233040078209,186.36184185623534,176.36767977806818,186.42206136551951,176.22912221028525,186.36184185623534,175.9831361784409,185.99462152158844,175.83121870305519,186.12078991174437,175.9918064670903,186.13710146956547,175.96036650352369,186.13710146956547,175.9918064670903,186.27958141754249,176.19043280251751,186.22665091560978,175.87206843393619,185.99462152158844,175.85003823768398,186.08417096763276,175.9823966997759,186.22665091560978,176.08010453667779,186.13710146956547,175.87206843393619,186.08417096763276,175.96036650352369,186.22665091560978,176.1943829428059,186.50432180421237,176.34018995478996,186.52063336203346,176.41577895315032,186.45139130227966,175.90680770141554,185.9489800270072,175.96036650352369,186.36184185623534,176.15964367532658,186.33251191947519,176.32683004718714,186.45139130227966,175.99575660737872,186.24296247343091,176.38038884929531,186.39846080034695,175.73021156224056,185.85943058096291,176.02663437685896,186.16643140632561,175.65132325996748,185.75356957709749,175.77379840294793,186.08417096763276,176.05863653451198,186.36184185623537,176.06137364433832,186.10777153280532,176.25726286993915,186.42779073710713,175.48687399793326,185.51581081148854,176.35827001075376,186.77141050658145,175.38981699740705,185.36031248457249,176.72087205641813,186.78442888552044,174.4393553977348,185.82193507990968,179.73729884096304,180.58980002534014,182.30265252149954,180.51383809392931
171.21464916382072,170.35555584177206,170.44211317827134,173.00865010617539,167.6944252324688,175.92901518224494,165.50870651607093,175.09809839436736,165.58966538266671,175.487331612948,165.98825639505023,175.21999675063472,165.61095191858692,175.76549708702399,166.40394666626884,175.73763829101892,166.1739751114481,176.0624820957288,166.32047335238695,175.44065328231414,165.77789854635066,175.6551688211843,165.98741824595487,175.33032501647446,165.86137186023254,175.88523512017809,166.42439505309369,175.82988650089482,166.15352672462322,175.68265864446252,165.88265839615278,175.30283519319622,165.69526338156416,175.39508340307214,165.88265839615278,175.51482143622624,165.96613171003463,175.62514970206595,166.13224018870301,175.81180644493102,166.1960997964637,175.51482143622624,165.65269030972371,175.21783642752146,165.7165499174844,175.40449317038653,165.88265839615278,175.51482143622624,165.96613171003463,175.51482143622624,165.88265839615278,175.51482143622624,165.96613171003463,175.62514970206593,166.13224018870301,175.8023966776166,166.17481326054346,175.71014846774071,166.13224018870301,175.6732488771481,165.88265839615278,175.50757199202511,166.17481326054346,175.88523512017809,166.11095365278277,175.65263952534414,166.25828657442534,175.89464488749252,166.04876687482113,175.65263952534414,166.32047335238695,175.77490685433841,165.71571176838901,175.21058698332033,165.8622100093279,175.44318257815431,165.63223845450716,175.26809592571689,165.88349654524814,175.47067240143252,165.88182024705739,175.56292061130839,165.88349654524814,175.45006304962857,166.23616188940974,175.83025547362169,165.50786836697557,175.00548121176456,166.42439505309369,176.24009804400634,165.44484343991854,174.73814634945126,166.50870651607093,176.05597059698144,164.52664045560968,175.36179704265984,169.65604290610517,170.38310971569746,171.90505253133139,170.17482617809804
181.55787364617439,180.55110375220596,180.51952423477493,183.17090498333698,177.55516066465981,186.3618418562354,175.3950834030735,185.49464643902152,175.31666865259749,185.73569838351256,175.69206841177831,185.56388849877533,175.45306589726712,186.10291871815946,176.04582288421463,185.81222945061776,175.66110200000873,186.24539866613645,176.06785308046685,185.81222945061776,175.63907180375648,186.10291871815943,175.85981697772525,185.70636844675238,175.60763184018987,186.15584922009214,176.10324318432185,186.03696983728767,175.77151890813775,185.87817833148955,175.55953266510772,185.65343794481967,175.60368169990147,185.93110883342226,175.84710790649811,185.98403933535496,175.81566794293147,186.07358878139928,176.04968438221371,186.31464072589026,176.11265295163625,185.93110883342226,175.43038486463922,185.54757694095426,175.49335343406176,185.78862888544523,175.727369873344,185.93110883342226,175.81566794293147,185.93110883342226,175.727369873344,185.93110883342226,175.81566794293147,185.98403933535496,175.84710790649811,185.98403933535496,175.72341973305558,185.79591789279669,175.66986093094744,185.87817833148955,175.66119064229801,185.94742039124336,176.10324318432185,186.29832916806916,175.83769813918369,185.90177889666211,175.97955501087935,186.20877972202484,175.75880983691061,185.90177889666211,176.05844331315242,186.15584922009211,175.56018350148341,185.56388849877536,175.58495080756197,185.7193868256914,175.38688666622119,185.69907943940095,175.81575658522081,185.93110883342223,175.72728123105469,185.96772777753387,175.7140986080305,185.8651599525505,176.11256430934694,186.2747286028966,175.34217543734107,185.41567917921074,176.33330948331567,186.67127887430362,175.15287022693894,184.96619840587101,176.27918848712113,186.48888680333292,174.36157554685357,185.80406388632474,179.67543872293223,180.34718844508529,181.89554519275237,180.08525895316762
171.83765440225363,170.78644288806376,170.63059737577433,173.07820269079718,167.79667063498479,176.28324320647894,166.06921526164601,175.6136536613015,165.88097862957034,175.61365366130147,166.06921526164598,175.46389650902901,165.94316540753198,175.91788811420739,166.27789681215484,175.41579733394687,165.81795717090503,175.94321761437229,166.44400529082318,175.71278234265159,166.13139857121595,176.02821638004704,166.33924544102109,175.58363454218306,165.94400355662737,175.82563990433144,166.27705866305945,175.67588275205895,166.00619033458898,175.64839292878074,166.00619033458898,175.67588275205895,166.27705866305945,176.05570620332526,166.46445367764807,175.96345799344937,166.27705866305945,175.9634579934494,166.46445367764807,176.16603446916497,166.52664045560968,175.84371996029529,165.94400355662737,175.52140545142555,166.00619033458898,175.72398192714118,166.1935853491776,175.84371996029526,166.27705866305945,175.84371996029529,166.1935853491776,175.84371996029526,166.27705866305945,175.85312972760968,166.21487188509784,175.7681309619349,166.06837711255062,175.5908839863842,166.00619033458898,175.65780269609513,166.02747687050922,175.79562078521306,166.52664045560968,176.14795441320115,166.21487188509784,175.70337257533717,166.33924544102109,176.02821638004707,166.13139857121595,175.70337257533717,166.42271875490295,176.02821638004704,166.04792525733407,175.47330627634335,165.98574194776413,175.52865489562672,165.75577039294339,175.56555448621927,166.27789681215484,175.88786899508898,166.27622051396409,175.97070743765045,166.2566102762346,175.82311060849131,166.5683753783548,176.17797353231956,165.84008185592063,175.3785287706273,166.79750878408015,176.53755660450875,165.58966191427501,174.84894816708854,166.65185216062832,176.33750942463331,164.88181331027405,175.63102630121892,169.75494264902306,170.34523383625753,171.81380135771505,170.15897880391114
181.73054218126117,180.60403425413858,180.42727602489916,182.98278354077871,177.37791368910919,186.5043218042124,175.89464488749391,186.1192302759805,175.82563990433229,186.07358878139928,175.94746421093706,185.90177889666208,175.77754072925015,186.20877972202484,175.86857590866398,185.53455856201518,175.45852552429312,186.29832916806916,176.29791937946069,186.0605704024602,175.87854787006475,186.35125967000187,176.08988327671906,185.81222945061776,175.52479339762843,185.93110883342223,175.83374799889532,185.90177889666208,175.79900873141597,186.12651928333196,176.00158520713157,186.2323802871974,176.22298121747599,186.45712067386725,176.16942241536785,186.12651928333196,175.81566794293153,186.03696983728764,175.96684593965225,186.26899923130898,176.15606250776506,186.17944978526467,175.85651767381253,186.03696983728764,175.92599620877124,186.12651928333196,175.96684593965225,186.17944978526467,176.04573424192535,186.12651928333196,175.84710790649814,186.03696983728764,175.93540597608563,186.12651928333196,175.95743617233785,186.12651928333199,175.9354059760856,186.08990033922035,175.96684593965227,186.07358878139928,175.71400996574118,185.95470939859482,176.1307330076001,186.40419017193454,175.95743617233782,185.95470939859482,175.97955501087935,186.20877972202481,175.75880983691064,185.95470939859482,176.17818134630656,186.35125967000184,175.79024980047728,185.81222945061779,175.82442687387021,185.93110883342223,175.53411452265351,185.8488483947294,175.97890417450367,186.23238028719737,176.153414040228,186.45712067386728,176.14674138273995,186.15011984850452,176.2323023425011,186.38058960676202,175.46191347049518,185.61108962912044,176.56337578230952,186.91961982614606,175.39234629324719,185.26746985964613,176.62899281926909,186.79015825710806,174.50880340328592,185.77473394956453,179.52568157065988,180.26492800639247,181.97596551796329,180.31085799018712
171.60525552544527,170.56754208480206,170.44211317827131,172.83140313062475,167.48574368195995,176.15908148123879,166.23783818760046,176.01438292064665,166.34008359011645,176.06720224408974,166.54960675811233,175.9843638015283,166.36137012603669,176.09722136320812,166.19526511575998,175.35781483975268,165.92439331889784,176.27446833875882,166.84092347340766,176.0024438574921,166.3196352032916,176.21695939636223,166.50786836697554,175.66204929265857,165.88265839615275,175.71739791194184,166.21571350258486,175.86462576837417,166.42439505309369,176.24444921964044,166.67397684564392,176.27193904291866,166.69526338156416,176.24444921964044,166.40310851717345,175.74488773522006,165.96613171003463,175.63455946938035,166.15352672462322,175.95687397825006,166.48658183105533,176.07661201140417,166.42439505309369,176.07661201140417,166.48658183105533,176.07661201140417,166.42439505309369,176.07661201140417,166.48658183105533,175.95687397825006,166.15352672462322,175.75429750253446,166.2370000385051,175.94746421093566,166.38182198125321,176.03246297661045,166.44568158901393,176.12687150959962,166.61179006768228,176.11530141917194,166.19442696666462,175.77237755849828,166.44568158901393,176.21695939636223,166.38182198125321,175.77237755849828,166.25828657442531,175.89464488749255,166.04876687482113,175.77237755849825,166.59134168085743,176.21695939636226,166.23616188940971,175.77237755849825,166.40394666626884,176.01438292064663,166.17397511144807,175.85521600105977,166.44484690831024,176.15220100976455,166.6535249904274,176.42169619519112,166.65352845881907,176.0024438574921,166.50703021788019,176.0697315399299,165.77873669544601,175.44753375378841,166.94484517411439,176.80188861918427,165.98658009685948,175.41967495778331,167.3000249655621,176.82974741518936,165.06837711255062,175.63601237644741,169.71822968406681,170.53758701633089,172.29565889295594,170.77741878275262
181.18337610723202,180.12378688982045,180.04290189326323,182.52601376008749,176.79551376212726,185.85943058096291,175.33032501647583,185.70636844675235,175.58363454218392,185.95470939859482,175.98436380152964,185.91809045448318,175.6852925193742,185.98403933535496,175.60849049055179,185.39936762138962,175.47660558025692,186.31464072589026,176.22449070421357,185.83583001579032,175.59964291732376,186.12651928333199,175.92420639159604,185.64041956588062,175.36562647804152,185.79591789279669,175.7509095563338,185.91809045448321,175.91874676457005,186.2323802871974,176.02907503040976,186.00763990052752,175.7509095563338,185.81222945061776,175.49477427851002,185.4816280600825,175.25134807191341,185.4816280600825,175.49477427851002,185.8651599525505,175.8706475894879,185.95470939859482,175.69735075422562,185.81222945061779,175.64058129049408,185.81222945061779,175.69735075422562,185.95470939859482,175.8706475894879,185.8651599525505,175.49477427851002,185.62410800805952,175.57366258078312,185.81222945061779,175.67202125406072,185.81222945061779,175.66591079065901,185.95470939859482,175.99433576293046,186.08990033922038,175.63117152317966,185.72996901192494,175.86123782217351,186.17944978526467,175.78234951990041,185.64041956588062,175.50748334973716,185.65343794481964,175.28673817576845,185.64041956588062,176.00309469386914,186.17944978526467,175.64049264820477,185.72996901192494,175.8519166971484,186.03696983728764,175.65385255580759,185.81222945061779,175.77632769878804,185.95470939859479,175.88391885480141,186.2323802871974,175.97165473030253,185.83583001579032,175.76023068135888,185.82524782955684,174.98984180935298,185.24386929447357,176.268551096718,186.69487943947618,175.33483735085059,185.37333086351157,176.83372961809795,186.84308875904077,174.33155642773519,185.49706306096201,179.3231050949442,180.31785850832514,182.25896231888979,180.62600647325098
171.34139761035442,170.34153406399903,170.27068731738439,172.56997091772732,167.0888254993755,175.59776445785843,165.61095191858692,175.45306589726627,165.94316540753198,175.77754072924924,166.36137012603669,175.68529251937341,165.94316540753198,175.75005090597102,166.09050179756622,175.45053660142608,166.06753896345526,176.16461362471668,166.48657836266366,175.54494513441526,165.90143048478689,175.95262738168663,166.38181851286157,175.62778357697673,165.98490379866877,175.86037917181068,166.29834519897969,175.8050305525274,166.27705866305945,175.98011720496484,166.27705866305945,175.60029375369851,165.81879532000039,175.37022745470469,165.75660854203878,175.37022745470469,165.81879532000039,175.4805557205444,166.00619033458901,175.77754072924918,166.29834519897969,175.76813096193479,165.98490379866877,175.44581645306508,165.77789507795899,175.44581645306508,165.98490379866877,175.76813096193479,166.29834519897969,175.77754072924918,166.00619033458901,175.59088398638411,166.06837711255062,175.66721246340947,165.98657662846782,175.48996548785885,165.85969556204179,175.62562325386352,166.27705866305945,175.87919870643952,166.04876340642946,175.62778357697673,166.31795890510085,176.07236541484068,166.23615842101808,175.51745531113701,165.88098209796203,175.45306589726624,165.67313522815689,175.51745531113704,166.44400529082318,176.07236541484073,166.11011203529571,175.62778357697673,166.2566102762346,175.86037917181076,166.02663872141386,175.57496425353366,166.02831501960461,175.60029375369859,166.06753896345526,175.89511843929006,166.27789681215484,175.63719334429115,166.11011203529571,175.60282304953867,165.38181851286157,175.07287347327306,166.54792699152992,176.36971939627242,165.65184869223665,175.18067244327258,167.13140203960762,176.54949566766331,164.67313175976523,175.25120284995265,169.50536085647283,170.55722007928753,172.45398951188986,170.87189967440543
182.02266810302109,180.82877464080846,180.57703317717159,182.97549453342725,177.24009559999126,186.34553029841427,175.76549708702541,186.1029187181594,175.91788811420821,186.26171022395755,176.21695939636365,186.07358878139925,175.74064113865751,186.19246816420375,176.05307232841577,185.94742039124333,175.89585791795596,186.47013905280633,176.18543079050767,185.90177889666208,175.81631877930721,186.57600005667175,176.50444599546466,186.32192973324169,176.10719332461028,186.4864506106274,176.19549139419777,186.12651928333199,175.97409538385335,186.29832916806913,176.05909414952814,185.93110883342226,175.57619187662328,185.82524782955682,175.81961808321992,186.20877972202481,176.19549139419777,186.35125967000184,176.14193259208963,186.35125967000184,176.19549139419777,186.20877972202481,175.81961808321992,185.87817833148952,175.69592990977739,186.02065827946655,176.04968438221374,186.40419017193454,176.31522942735188,186.40419017193454,176.14193259208963,186.35125967000184,176.19549139419777,186.20877972202484,175.81961808321992,185.87817833148955,175.69592990977739,186.07358878139928,176.16942241536788,186.35125967000187,175.98350515116775,186.17944978526469,176.30581966003749,186.62893055860442,176.22693135776441,186.17944978526469,176.06239345344085,186.19246816420372,175.73132001363246,186.03696983728767,176.32793849857902,186.57600005667172,176.08507448606878,186.17944978526469,176.20425032513651,186.29832916806913,175.82893920824503,185.93110883342226,175.80634681790642,185.93110883342223,175.828939208245,186.29832916806916,176.20425032513651,186.23238028719737,176.20481251922288,186.2747286028966,175.43442364721696,185.64041956588062,176.50114669155195,186.81375882228065,175.39959573744832,185.49221024631601,176.97407700305604,186.96196814184523,174.39631481433292,185.61594244376641,179.55570068977823,180.67778983562062,182.65732465830391,180.93358530248233
172.46142237573443,171.18028811710303,170.73983645869964,172.9825811273455,167.67313869654853,176.39309792052106,166.40394666626881,176.04582288421335,166.27789681215481,175.9883139418167,166.46613344423045,175.81106696626603,166.06921526164598,175.95141435122409,166.38266013034857,175.66815975606028,166.07088809144506,176.00892329362065,166.31880052258788,175.62657054651424,166.21654818328855,176.46038560295889,166.98574541615579,176.24587006408873,166.54960328972066,176.25780912724326,166.40310851717345,175.71881875639014,166.13224018870298,175.96082411853851,166.34092173921181,175.66599943294699,165.88265839615275,175.65658966563259,166.3196352032916,176.27588918320708,166.88265839615275,176.39562721636119,166.59050353176207,176.09864220765641,166.40310851717345,175.87798567597699,166.09133994666161,175.70073870042631,166.19442696666462,176.02305320929602,166.61179006768231,176.3200382180008,166.67397684564392,176.21838024081052,166.59050353176207,176.28529895052148,166.63307660360252,175.9789041745023,166.0896671168625,175.65658966563259,166.11262648258182,175.9629844416518,166.59050353176204,176.18148065021796,166.38182198125321,176.01580376509492,166.63307660360252,176.36813739308297,166.56921699584183,176.1261320309346,166.69526338156416,176.2483993599289,166.23616188940971,175.80381752206492,166.50786836697554,176.24839935992892,166.4235569039983,176.01580376509492,166.59134168085743,176.08056215169262,166.15268857552786,175.69132893311189,166.11179180187813,175.66599943294702,166.11178833348646,176.04582288421332,166.57005514493719,176.12613203093463,166.69442523246877,176.22090953665068,165.96613171003463,175.57122192723094,166.86137186023251,176.54575334136055,165.71571176838901,175.25578788983546,167.21655165168022,176.66586034724159,164.79750878408015,175.37987709862367,169.63475637018493,170.67068495708784,172.49493067615037,170.83172124519277
182.03656154349162,180.64151184859989,180.11846313152932,182.53330276743895,177.03498982843547,186.29589297536361,175.73763829102029,185.81222945061776,175.41579733394764,185.67703850999223,175.68012934862375,185.64041956588059,175.42520710126203,185.75929894868509,175.5162422806759,185.22026872930098,175.07145262882568,185.65343794481967,175.53827247692809,185.41567917921071,175.49147497459731,186.2323802871974,176.17960219075479,185.88876051772303,175.5797730441848,185.81222945061779,175.48141437090723,185.45229812332235,175.44667510342788,185.81222945061776,175.61451231166416,185.44500911597089,175.1410198060737,185.48162806008247,175.60510254434973,186.00763990052752,175.99038562264201,185.97102095641588,175.61451231166413,185.67703850999223,175.48141437090723,185.53455856201518,175.29219780279442,185.58748906394791,175.69340061393723,186.00763990052749,175.90208755305451,185.91809045448321,175.58307234809752,185.6770385099922,175.60510254434973,185.91809045448321,175.78780914692641,185.67703850999223,175.30811753564495,185.4816280600825,175.43800481477848,185.77561050650615,175.81708878737976,185.90177889666208,175.53892331330377,185.64041956588062,175.6586613464579,185.90177889666208,175.60510254434973,185.83583001579035,176.03453465743576,186.08990033922035,175.40647620892256,185.30981817534533,175.38379517629465,185.70636844675235,175.43791617248917,185.64041956588062,175.75966848727251,185.81222945061776,175.39376713769542,185.53455856201521,175.47209324588215,185.53455856201518,175.39376713769542,185.81222945061779,175.75966848727253,185.83583001579032,175.87996871451298,185.93110883342226,175.10957984250709,185.29679979640628,176.17630288684208,186.4701390528063,175.07475193273845,185.14859047684169,176.64923319834614,186.61834837237089,174.07147100962305,185.18277322824778,179.02828040935273,180.04018761972256,181.89991768741893,180.14575910893279
171.9746865182436,170.69129069474238,170.24393057799131,172.59135027760368,167.44316714172783,176.19503377918059,166.1739751114481,175.66110200000779,165.81795717090503,175.56885379013184,166.1739751114481,175.66326232312102,166.0479252573341,175.72802070971866,165.90310678297763,175.01178336331481,165.42188060580759,175.52328391088977,166.04960155552484,175.40317690500882,165.98490379866877,176.04092545127401,166.46529182674342,175.60575338072442,165.81879532000039,175.54136396685357,165.90226863388227,175.48601534757034,166.1109501843911,175.83834897555843,166.08966364847086,175.36627731441624,165.65268684133204,175.4585255242921,166.08966364847086,175.78084003316181,166.17313696235274,175.57826355744621,165.84008185592063,175.4585255242921,165.90226863388227,175.4491157569777,165.81879532000039,175.65385255580659,166.38181851286157,176.03367600707287,166.27705866305945,175.53411452265249,165.65268684133204,175.2465392812621,165.81879532000039,175.6611020000077,166.17313696235274,175.57826355744621,165.84008185592063,175.4585255242921,165.90226863388227,175.56885379013184,166.08966364847086,175.63577249984283,165.86136839184087,175.36627731441624,165.88098209796203,175.5413639668536,165.84008185592063,175.60575338072442,166.44400529082318,175.93059718543432,165.75660854203875,174.98645386314996,165.52747860470507,175.31129766785983,165.67313522815689,175.36627731441621,166.06921526164601,175.62636273252841,165.86053024274548,175.54352428996688,166.09050179756622,175.56885379013187,165.90143048478689,175.66110200000776,166.09050179756622,175.60575338072445,166.1935853491776,175.69112111912608,165.46529182674342,175.16117154286044,166.6314003054118,176.4580174658598,165.73532200611854,175.26897051285999,167.2148753534895,176.63779373725072,164.75660507364708,175.22917265370035,169.33925237780446,170.22879510701608,171.93570791234688,170.28044017802466
182.02266810302109,180.82877464080849,180.57703317717159,183.11797448140427,177.56241010886097,186.7290621908823,176.06248209573019,186.24539866613642,175.94321761437311,186.29832916806919,176.27446833876022,186.26171022395752,176.04487559156343,186.38058960676202,176.01833306093644,185.74298739086396,175.62420240941611,186.32765910482931,176.22702000005373,186.03696983728764,175.92448672203361,186.52306955473904,176.36878822946005,186.17944978526469,175.92053658174521,186.33494811218077,176.19549139419777,186.36757122782296,176.36332860243402,186.57600005667175,176.14193259208963,186.02065827946657,175.78817811965328,186.20877972202484,176.22693135776441,186.35125967000187,176.0182444186471,186.02065827946657,175.81961808321992,186.20877972202484,176.19549139419777,186.29832916806916,176.02219455893552,186.35125967000187,176.40747763722777,186.53938111256014,176.10719332461031,185.96772777753387,175.61093114410261,185.87817833148955,175.9046168488947,186.35125967000187,176.34055892751681,186.40419017193457,176.1166030919247,186.20877972202484,175.89850638549299,186.02065827946657,175.93935611637403,186.15584922009214,175.86376711801364,185.93110883342226,175.86376711801367,186.10291871815943,175.81961808321992,186.17944978526469,176.46970672798534,186.57600005667172,175.85105804678656,185.70636844675238,175.70863898100453,186.04998821622669,175.76275997719907,185.98403933535496,176.08451229198241,186.24539866613642,175.92118741812092,186.20877972202484,176.18617026917272,186.20877972202481,175.92118741812089,186.24539866613645,176.08451229198241,186.17944978526467,176.20481251922288,186.2747286028966,175.43442364721696,185.72996901192494,176.70372316726755,187.14436021281594,175.78882895602899,185.91236108289561,177.37922995448727,187.38211897842484,174.7855480329136,185.89361333236903,179.63853913233973,180.5719288317552,182.37432785737738,180.61843681941849
171.82813346784519,170.83053148635949,170.76659319809272,173.19126806646281,167.83924717521691,176.41512811677336,166.32047335238695,176.06785308046562,166.44400529082318,176.18759111361973,166.59134168085743,175.9180959281932,166.23532374031436,176.15069152302709,166.50786836697554,175.80051821815229,166.27789681215481,176.32793849857774,166.67397684564392,175.82584771831716,166.15268857552783,176.16010129034149,166.61179006768228,176.03783396134719,166.48574368195995,176.39016758933525,166.7991850822709,176.33481897005197,166.77789854635066,176.39016758933531,166.50703021788019,175.91809592819308,166.3196352032916,176.18759111361965,166.71571176838901,176.18759111361965,166.3196352032916,175.79835789503898,166.23616188940971,176.18759111361965,166.7991850822709,176.30732914677375,166.50703021788019,176.13008217122308,166.59050353176207,176.11200211525926,166.25744842532995,175.72276889667859,166.11095365278277,175.90001587222926,166.46612997583878,176.30732914677375,166.8400853243123,176.41765741261347,166.71571176838901,176.18759111361965,166.3196352032916,175.80776766235337,166.25744842532995,175.98285431479081,166.29834866737136,175.80776766235337,166.27873496125019,175.95752481462583,166.23616188940971,176.03783396134719,166.86137186023251,176.4824157992112,166.4235569039983,175.83525748563162,166.42439505309369,176.16010129034152,166.34008359011645,175.92750569550751,166.50786836697554,176.10259234794495,166.31879705419621,176.01034413806906,166.50786836697554,175.98501463790416,166.27789681215481,176.0678530804656,166.4865818310553,176.03783396134722,166.61095191858692,176.13261146706324,165.88265839615275,175.59325212348321,167.02748033890089,176.86476854631769,166.11178833348646,175.68513136063225,167.63224192289883,177.09520381803839,165.19358534917757,175.68948253626633,169.77957831293307,170.66738565317516,172.37302412151851,170.71025987107922
181.35604464231884,180.31919733973018,180.27296819225708,182.77435471192993,177.03498982843547,186.05484103087264,175.44065328231554,185.81222945061776,175.71278234265242,185.91809045448321,175.68012934862375,185.39936762138962,175.12822209255725,185.70636844675238,175.69348925622657,185.60380062176898,175.60575338072542,186.12651928333199,175.82584771831847,185.36274867727801,175.08416170005285,185.70636844675238,175.73754964873098,185.78289951385761,175.78234951990041,186.19576134308579,175.99038562264201,185.97830996376737,175.8793178781373,186.09718934657184,175.73425034481826,185.69335006781333,175.58307234809752,186.00763990052752,176.01241581889423,186.06057040246023,175.70281038125162,185.72996901192494,175.60510254434973,186.00763990052752,175.99038562264201,185.97102095641591,175.61451231166413,185.72996901192494,175.60115240406134,185.67703850999223,175.40252606863413,185.58748906394791,175.58307234809752,185.8651599525505,175.78234951990041,186.00763990052752,175.90538685696723,186.06057040246023,175.90208755305451,186.00763990052752,175.69340061393723,185.72996901192494,175.61451231166416,185.81222945061779,175.53892331330377,185.58748906394791,175.5389233133038,185.75929894868509,175.49477427851002,185.78289951385764,176.02512489012136,186.23238028719737,175.73820048510666,185.83583001579035,175.99368492655475,186.17944978526467,175.64990241551919,185.69335006781333,175.75966848727253,185.95470939859479,175.62383343668924,185.72996901192494,175.59183127903626,185.58748906394788,175.39376713769542,185.81222945061779,175.75966848727253,185.83583001579032,175.87996871451298,185.93110883342226,175.10957984250709,185.29679979640628,176.17630288684208,186.4701390528063,175.07475193273845,185.14859047684169,176.64923319834617,186.6712788743036,174.19120904277716,185.32525317622483,179.13860867519244,180.04018761972256,181.73665891964649,179.88354112780166
171.50912602957902,170.52059720446516,170.46665741858371,172.77189655706698,167.27705866305948,175.78377036434759,165.77789854635066,175.63907180375546,166.13139857121595,175.75880983690953,166.04876687482113,175.16700014261323,165.40226689968642,175.40900550476161,165.98658009685948,175.40647620892145,166.00619033458901,175.93389648934689,166.15268857552786,175.08416170005171,165.31963173489993,175.39959573744719,166.04792872572577,175.5743134171577,166.13223672031134,175.93605681246018,166.2566102762346,175.71938095047679,166.23532374031436,175.96138631262519,166.19442349827295,175.58372318447215,166.00702848368437,175.86913810274922,166.42271875490297,175.98887613590333,166.27789681215484,175.78629966018772,166.17313696235274,175.86913810274922,166.2566102762346,175.66656162703362,165.92355516980251,175.54682359387951,165.98574194776413,175.53741382656511,165.90226863388227,175.63182235955429,166.21571003419319,175.83439883526989,166.1518504264325,175.65715185971922,166.00702848368437,175.66656162703362,166.17313696235274,175.86913810274922,166.2566102762346,175.77688989287336,166.17313696235271,175.72407056943027,165.94484170572272,175.45457538400365,165.96445541184389,175.629662036441,165.92355516980251,175.57431341715773,166.2566102762346,175.92664704514587,166.1109501843911,175.80437971615157,166.58966538266668,176.12922352086147,166.02747687050922,175.48206520728186,166.15268857552786,175.92664704514584,166.21487188509784,175.66656162703364,165.96529356093927,175.36957661832895,165.73532200611854,175.63907180375546,166.1739751114481,175.69405145031189,166.27705866305945,175.77941918871349,165.54876514062531,175.13914134660817,166.46529182674342,176.13900226090274,165.33924544102109,174.83962704206323,166.7991850822709,176.328188299608,164.63139683702013,175.24188172492731,169.44401222760655,170.23209441092877,171.68829464127441,169.80871871479803
181.76985988920435,180.70903660765441,180.63443094107859,183.06504397947157,177.24009559999124,186.25598085236996,175.6551688211857,186.1029187181594,176.02821638004789,186.29832916806919,176.09722136320951,185.84155938737791,175.51998460697808,185.99705771429402,175.83167631807137,185.70636844675235,175.72802070971966,186.38058960676202,176.15069152302837,185.70636844675238,175.40900550476269,186.10291871815943,176.18213148659495,186.17944978526469,176.01494511473439,186.29832916806916,176.0182444186471,186.17944978526469,176.27108039255813,186.62893055860445,176.26167062524374,186.12651928333199,175.90791615280739,186.35125967000187,176.3372596236041,186.5466701199116,176.3499686948312,186.45712067386728,176.22693135776439,186.35125967000187,176.0182444186471,186.02065827946657,175.81961808321989,186.20877972202484,176.19549139419777,186.29832916806916,176.0221945589355,186.20877972202484,176.08516312835806,186.20877972202484,175.92994634905961,186.02065827946657,175.8156679429315,186.07358878139928,176.04968438221371,186.40419017193457,176.31522942735188,186.45712067386728,176.26167062524377,186.29832916806916,175.86376711801364,185.93110883342226,175.86376711801367,186.10291871815943,175.81961808321989,185.98403933535496,176.02765418596152,186.24539866613642,175.88579731426586,186.2323802871974,176.52326553009351,186.57600005667172,175.79749924467836,185.79591789279669,175.96477425882827,186.4864506106274,176.33791045997978,186.40419017193457,176.11925155946173,186.02065827946655,175.71861094240529,186.15584922009214,176.08451229198241,186.17944978526467,176.20481251922286,186.2747286028966,175.43442364721696,185.64041956588062,176.50114669155195,186.76082832034794,175.27985770429419,185.2967997964063,176.74401070406222,186.96196814184523,174.71862932320263,186.08902378227876,179.96301396432273,180.67778983562062,182.05460093384968,179.96552092001349
171.72179765508977,170.73035664816618,170.67371011689644,172.98323196372124,167.48490553286459,176.00451553831621,165.98741824595484,175.85981697772405,166.33924544102109,176.08988327671787,166.50786836697554,175.80446835844077,166.11095018439107,175.94265542028552,166.19442696666462,175.41523513986007,165.94484170572272,176.12931216315064,166.59050353176204,175.73754964872978,166.06921526164598,176.19154125390813,166.7991850822709,176.16152213478975,166.40227036807809,176.00488451104303,166.23616188940971,175.92420639159485,166.65352499042737,176.47911649529857,166.67313869654853,175.94012612444538,166.23616188940971,176.09929304403224,166.63223845450716,176.32935934302606,166.75661201043042,176.32935934302606,166.63223845450716,176.09929304403224,166.23616188940971,175.71005982545157,166.15268857552786,176.09929304403224,166.71571176838901,176.21903107718634,166.42355690399833,175.92204606848156,166.23616188940971,175.81171780264185,166.1739751114481,175.81171780264185,166.23616188940971,175.92204606848156,166.42355690399833,176.2190310771864,166.71571176838901,176.33876911034051,166.69442523246877,176.12462254419722,166.21487535348948,175.71946959276596,166.19526164736831,175.86922674503842,166.15268857552786,175.71946959276596,166.25744842532995,175.8945562452034,166.13140203960762,175.95894565907417,166.82047161819111,176.28378946378407,166.04792872572574,175.4499744073394,166.15352672462322,176.19154125390818,166.71487361929366,176.32935934302608,166.67397684564392,176.00704483415643,166.19442349827295,175.97955501087819,166.40310851717345,175.94953589175981,166.52747860470504,176.04431339747583,165.7991850822709,175.5049540538958,166.944007025019,176.65673244357617,165.75744669113411,175.15478074902103,167.02831848799624,176.79491950542098,165.35969382784594,176.21107421693904,170.42523667058074,170.99581062544658,172.18168954308834,170.16196972886479
181.18337610723202,180.12378688982045,180.04290189326329,182.52601376008749,176.79551376212726,185.85943058096291,175.33032501647583,185.70636844675235,175.58363454218392,185.81222945061779,175.66204929265996,185.58748906394788,175.50804554382353,185.98403933535496,175.69348925622657,185.3098181753453,175.18903033886653,185.93110883342226,175.89276642802946,185.64041956588059,175.48931465148402,186.17944978526469,176.24652090046578,186.11350090439294,175.77293975258601,185.8488483947294,175.46333431494341,185.64041956588062,175.82649855469415,186.23238028719737,175.93682682053387,185.72996901192494,175.46333431494341,185.81222945061776,175.78234951990041,186.00763990052752,175.90538685696723,186.00763990052749,175.78234951990041,185.8651599525505,175.58307234809752,185.62410800805949,175.48536451119563,185.8651599525505,175.8800573568023,185.91809045448318,175.60510254434973,185.62410800805952,175.37108610506752,185.53455856201518,175.49477427851002,185.8651599525505,175.8706475894879,186.00763990052749,175.81708878737976,186.00763990052752,175.8706475894879,186.06057040246023,175.93682682053387,185.95470939859479,175.53892331330377,185.58748906394791,175.5389233133038,185.75929894868506,175.49477427851002,185.58748906394791,175.58307234809755,185.70636844675235,175.33088721056217,185.69335006781333,176.07868369222953,186.17944978526467,175.47265543996852,185.36274867727803,175.43735397840283,185.90177889666208,175.82640991240487,186.06057040246023,175.98106449761693,185.91809045448318,175.59634361341102,185.90177889666211,175.75966848727253,185.83583001579032,175.87996871451298,185.93110883342226,175.10957984250712,185.38634924245059,176.37887936255771,186.60532999343187,175.02193260929531,184.90024952499925,176.32475836636317,186.6549673164825,174.57103249404344,185.98645595729539,179.85015640264285,180.51326895823487,181.93923539536212,179.97309057384595
171.22485548070981,170.17871950063466,170.03909037875925,172.41814208463063,167.08966364847086,175.75233040078089,165.86137186023254,175.60763184018876,165.94400355662737,175.52479339762723,165.88265839615278,175.36562647804035,165.98490379866877,175.9968650587694,166.30002149717043,175.28278803547886,165.58882723357132,175.69047028275023,166.19526164736834,175.46003501102953,165.90226863388224,176.00553534741883,166.61095191858692,175.95018672813549,166.19442349827295,175.69263060586349,165.81963346909578,175.36562647804038,166.04792872572577,175.9299463490585,166.27789681215484,175.55228322090545,165.81963346909578,175.51538363031281,165.98574194776413,175.63512166346692,166.09050179756625,175.63512166346692,165.98574194776413,175.63512166346692,166.09050179756625,175.63512166346692,165.98574194776413,175.63512166346692,166.09050179756625,175.63512166346692,165.98574194776413,175.51538363031281,165.81963346909578,175.42313542043692,165.98574194776413,175.9226969048573,166.54876514062531,176.04243493801144,166.2566102762346,175.74544992930666,166.06921526164601,175.74544992930669,166.2566102762346,175.81236863901768,166.02831501960461,175.54287345359106,166.04792872572577,175.71796010602841,166.00702848368437,175.54287345359106,166.06921526164598,175.57289257270943,165.67397337725225,175.45062524371517,166.40227036807809,176.09778355729478,166.1109501843911,175.46003501102956,165.98658009685948,175.71796010602847,166.06837711255062,175.75485969662108,166.27873496125019,175.75485969662114,166.06837711255062,175.83769813918261,166.25744842532995,175.7823495198993,166.36053197694133,175.86771725830093,165.63223845450716,175.33776768203529,166.79834693317554,176.40454730604085,165.38181851286157,174.71593886862064,166.65269030972368,176.40707660188104,164.92355170141082,175.62716480321956,169.79835386995887,170.54104901219566,172.12921101225479,170.46733712285217
181.47773396744444,180.37843521711912,180.24519772249789,182.78737309086898,177.15725715742974,186.3618418562354,175.88523512017949,186.15584922009211,175.82563990433226,185.93110883342229,175.71739791194324,185.79591789279667,175.86037917181162,186.48645061062746,176.25780912724463,185.81222945061776,175.54136396685462,186.19246816420375,176.06785308046685,185.81222945061779,175.63907180375651,186.29832916806916,176.30186951974906,186.17944978526467,175.89520708158028,186.06629977404782,175.70533967709179,185.79591789279669,175.87243740666307,186.29832916806916,176.06850391684253,185.94742039124336,175.69592990977739,185.96772777753387,175.83769813918371,185.98403933535496,175.82507771024589,185.93110883342226,175.71796010602961,186.02065827946657,176.0276541859615,186.11923027598053,175.78487881574057,185.87817833148955,175.73066917725671,186.02065827946657,176.01494511473439,186.20877972202484,175.90791615280739,185.93110883342226,175.81961808321989,186.35125967000187,176.42555769319159,186.45712067386728,176.05909414952814,186.07358878139928,175.8062581756171,186.07358878139928,176.05909414952814,186.26171022395755,175.98350515116775,186.12651928333199,176.09383341700749,186.29832916806916,175.939356116374,186.03696983728767,176.02765418596152,186.1029187181594,175.56348280539615,185.8488483947294,176.22628052138873,186.57600005667172,176.09448425338314,186.08990033922038,176.08451229198238,186.29832916806913,175.94867724139911,186.12651928333199,176.03641311690023,186.12651928333196,175.94867724139911,186.35125967000187,176.20425032513651,186.28531078913008,176.32455055237696,186.41720855087362,175.54475191305667,185.69335006781333,176.51055645886635,186.67127887430362,175.06787146126419,185.10867835384803,176.68650176166562,186.92534919773362,174.60105161316179,185.81135289367617,179.60852001322135,180.54259889499505,182.45474818258828,180.84403585643804
171.64615814556905,170.66492107745222,170.62172727774157,173.0494111947672,167.69358708337342,176.36767977806696,166.42439505309369,176.10324318432069,166.27705866305945,175.8337479988941,166.21571350258486,175.75090955633257,166.29834519897969,176.30581966003626,166.65269030972368,175.77839937961079,166.13223672031131,176.19549139419655,166.56921699584183,175.69340061393601,166.00702848368437,176.0276541859603,166.50703021788019,175.7856488238119,166.06921526164598,175.8156679429303,166.1739751114481,175.75090955633266,166.34008359011645,176.10324318432077,166.36137012603669,175.75090955633266,166.15268857552786,175.92599620877004,166.34008359011645,175.84315776620855,166.1739751114481,175.72341973305444,166.06921526164598,175.83374799889415,166.42355690399833,175.90066670860512,166.02831501960458,175.51143349002444,165.94400702501903,175.83374799889415,166.54876514062528,176.22298121747482,166.42355690399833,175.75090955633266,166.09050179756622,176.04573424192415,166.67313869654856,176.16547227507826,166.36137012603669,175.84315776620855,166.15268857552786,175.84315776620855,166.36137012603669,176.04573424192421,166.40227036807809,176.07322406520237,166.63223845450716,176.22298121747482,166.34008359011645,175.87064758948677,166.44484343991854,176.01824441864599,166.04792872572574,175.69340061393609,166.52831675380042,176.31522942735077,166.44400529082318,175.98097585532648,166.59050353176207,176.22298121747482,166.38181851286154,175.95348603204826,166.38182198125321,175.95348603204832,166.38181851286154,176.22298121747488,166.59050353176204,176.10071388848061,166.71487361929366,176.27832983675813,165.96529356093924,175.42606575162279,166.63223845450716,176.28085913259832,165.44400529082318,175.10122194691289,167.2370000385051,176.81768918033819,165.02663872141383,175.53821589725635,169.65353192721074,170.62934708178312,172.57012738323519,171.12595553090631
181.47550202899194,180.45438828035574,180.43213511184396,182.99909509859981,177.3204047467126,186.42206136551954,175.82988650089621,186.03696983728764,175.67588275205978,185.90177889666211,175.86462576837553,185.86515995255047,175.6852925193742,186.12651928333199,175.9308049994215,185.78289951385761,175.7735905889617,186.45712067386728,176.24982020437849,185.83583001579032,175.57431341715881,186.17944978526469,176.06927392491511,185.78289951385761,175.4506252437163,185.8488483947294,175.78564882381315,185.91809045448321,175.88400749709075,186.03696983728767,175.62176175586529,185.62410800805952,175.63117152317972,186.08990033922035,175.99433576293043,186.00763990052752,175.78564882381315,185.90177889666208,175.66261148674633,185.8651599525505,175.79505859112754,185.81222945061776,175.45062524371633,185.57117750612682,175.49807358242276,185.86515995255047,175.95959649545111,186.14283084115308,175.78564882381315,185.6770385099922,175.49477427851005,185.95470939859482,175.98097585532764,186.00763990052749,175.70676052154005,185.81222945061779,175.63117152317972,185.81222945061779,175.70676052154008,185.90177889666211,175.7414997890194,186.06057040246023,176.15822283087832,186.23238028719737,175.69735075422565,185.72996901192494,175.79505859112757,185.98403933535494,175.49872441879847,185.64041956588062,175.88335666071504,186.12651928333196,175.6404926482048,185.72996901192494,175.8519166971484,186.08990033922035,175.77359058896172,185.95470939859482,175.88665596462775,186.00763990052749,175.8933286221158,186.2323802871974,175.96224496298814,185.97830996376734,176.09195495754298,186.26171022395755,175.3971550838975,185.38634924245059,176.09130412116733,186.36427804894089,175.01252284198091,185.23085091553455,176.83372961809795,186.84308875904077,174.33155642773522,185.49706306096201,179.32310509494428,180.31785850832514,182.25896231888981,180.62600647325098
171.66040504862048,170.65146834589314,170.57062309689343,172.98934242712292,167.65101401153296,176.22912221028403,166.15352672462322,175.77151890813656,166.00619033458901,175.79900873141474,166.42439505309369,175.79900873141477,166.00619033458898,175.77151890813658,166.15352672462325,175.64925157914232,166.33924544102109,176.47365686827257,166.7991850822709,175.85398837797121,166.17313696235271,176.26167062524257,166.6944252324688,175.82649855469299,166.00702848368437,175.88184717397633,166.40227036807809,175.91874676456891,166.29918334807505,175.77151890813658,165.86053371113715,175.40977551283413,166.09050179756622,176.06850391684134,166.54876514062531,176.02907503040856,166.40227036807809,176.00158520713038,166.27789681215484,175.80841849872917,166.1739751114481,175.71400996573999,166.04792872572577,175.71400996573999,166.1739751114481,175.80841849872917,166.27789681215484,175.89125694129066,166.15268857552786,175.62176175586407,166.06921526164601,175.89125694129061,166.36137012603669,175.79900873141474,166.06921526164601,175.67927069826067,166.09050179756622,175.67927069826069,166.06921526164598,175.67927069826069,166.09050179756622,175.91874676456891,166.61095191858692,176.09383341700632,166.06921526164601,175.52951354598824,166.15268857552786,175.82902785053315,165.94484170572272,175.50418404582325,166.23616188940971,175.85435735069808,165.90226863388224,175.41918528014847,166.07005341074137,175.77151890813656,166.08966364847086,175.79900873141477,166.34092173921184,175.91874676456894,166.36053197694133,176.09383341700629,166.3196352032916,175.76898961229642,166.44400529082318,176.13326230343907,165.92439331889787,175.41665598430836,166.65185216062832,176.39118739843801,165.67397337725225,175.26905915514914,167.19442696666462,176.56155390251445,164.71487015090199,175.3489993291436,169.57005861332888,170.4654600138353,172.17952102161061,170.52336292625174
181.90321071634798,180.74651420211566,180.53760429073881,183.03571404271142,177.38732345642356,186.41477235816811,175.68265864446391,185.87817833148952,175.64839292878159,186.12651928333199,176.24444921964184,186.08990033922035,175.65780269609601,186.02065827946657,175.90331517614331,185.95470939859479,176.03367600707389,186.62893055860445,176.3145785909762,185.95470939859479,175.80690901199279,186.57600005667175,176.51385576277909,186.2323802871974,175.89520708158028,186.35125967000187,176.25772048495531,186.2323802871974,175.96684593965225,186.02065827946655,175.59427193258708,185.70636844675238,175.78092867545215,186.26171022395755,176.16942241536782,186.32192973324172,176.25772048495531,186.45712067386728,176.1346831478885,186.12651928333199,175.85040721041085,186.07358878139925,176.01494511473439,186.31464072589026,176.14739221911563,186.12651928333196,175.83769813918371,186.07358878139928,175.9354059760856,186.17944978526467,176.16942241536782,186.45712067386728,176.22298121747599,186.12651928333199,175.76210914082336,185.93110883342226,175.78092867545215,185.93110883342226,175.76210914082336,185.87817833148952,175.66119064229804,186.03696983728767,176.2135714501616,186.29832916806916,175.727369873344,185.75929894868509,175.85981697772525,186.1029187181594,175.63907180375654,185.75929894868509,175.94811504731274,186.15584922009211,175.67051176732315,185.75929894868509,175.82442687387021,186.02065827946655,175.73669099836911,186.03696983728767,176.0458228842146,186.17944978526467,176.05900550723879,186.35125967000187,176.00167384942088,186.00763990052749,176.14730357682629,186.47013905280633,175.74948871188553,185.88876051772306,176.65562399218538,186.91961982614606,175.48459450312308,185.54514074824874,176.91656806065947,186.82677720121967,174.30406660445701,185.57932349965486,179.47286224721674,180.400118947018,182.17854199367889,180.40040743623143
172.17311124070289,171.02483113584213,170.75166924970247,173.04000142745286,167.65268684133201,176.10287421159387,165.88265839615275,175.55953266510662,166.00619033458898,176.0015852071304,166.67397684564392,175.91874676456897,166.02747687050922,175.88184717397638,166.38182198125321,175.82649855469307,166.3196317348999,176.15134235940295,166.29834866737136,175.4372653361124,165.92355516980248,176.15134235940295,166.69442523246877,175.93682682053279,166.25661027623457,176.17883218268116,166.63223845450716,176.02907503040865,166.31879705419621,175.88184717397633,166.09050179756622,175.59643225569923,166.09050179756622,175.88184717397635,166.31879705419621,176.02907503040868,166.63223845450716,176.29857021583524,166.52747860470507,175.89992722994015,166.13140203960762,175.87459772977522,166.48657836266366,176.26383094835595,166.61095191858692,175.8999272299402,166.04792872572577,175.78959896410046,166.36137012603669,176.20632200595935,166.79834693317554,176.40889848167492,166.61095191858692,175.90933699725451,166.06921526164598,175.67927069826069,166.09050179756622,175.67927069826072,166.06921526164598,175.55953266510662,165.81963346909575,175.58702248838483,166.34008359011645,175.93935611637295,166.00702848368434,175.50418404582334,166.1739751114481,175.85435735069814,165.96445541184389,175.52951354598824,166.25744842532995,175.94876588368726,166.11095018439107,175.70676052153891,166.3196352032916,175.88184717397638,166.08966364847086,175.79900873141483,166.34092173921184,175.90933699725454,166.33924544102109,176.05909414952697,166.27873496125019,175.7342503448171,166.42271875490295,176.22477103465002,166.15268857552786,175.78922999137356,167.09050179756622,176.7637614055032,165.90226863388224,175.37938742098888,167.21571350258486,176.59629316999383,164.75577039294339,175.38373859662298,169.59134514924909,170.47486978114969,172.17952102161061,170.52336292625174
181.90321071634798,180.79944470404834,180.65734232389292,183.08864454464413,177.29507524654767,186.1900319714982,175.42257322635172,185.79591789279667,175.78621101789952,186.2323802871974,176.16161077708034,185.86515995255047,175.48055572054534,186.07358878139928,176.10805197497217,185.97102095641588,175.7735905889617,186.07358878139928,175.630520686804,185.3098181753453,175.25199890828912,185.98403933535496,175.949535891761,185.72996901192491,175.54287345359219,186.03696983728767,175.96289579936379,186.00763990052749,175.90933699725568,186.12651928333199,175.79900873141597,185.72268000457348,175.52084325734,185.79591789279667,175.68794098691126,185.95470939859482,175.97230556667822,186.14283084115306,175.8651879624619,185.8488483947294,175.55558252481933,185.75929894868509,175.75485969662222,186.08990033922038,175.96289579936382,185.90177889666211,175.57761272107155,185.8488483947294,175.84315776620971,186.14283084115308,176.08658397280632,186.2323802871974,175.95348603204943,185.90177889666211,175.58702248838594,185.75929894868509,175.63117152317969,185.81222945061779,175.70676052154008,185.70636844675238,175.29944724699558,185.53455856201521,175.75090955633382,185.98403933535494,175.54287345359222,185.58748906394791,175.71946959276718,185.98403933535494,175.57431341715886,185.67703850999223,175.79835789504025,185.98403933535494,175.58767332476165,185.8651599525505,176.05449317286403,186.12651928333196,175.65385255580759,185.81222945061779,175.77632769878804,185.95470939859479,175.88391885480141,186.17944978526469,175.85191669714843,185.83583001579032,175.9722169243889,186.29832916806916,175.59973155961308,185.71695063298588,176.480537339748,186.69487943947618,175.21509931769651,185.32040036157886,176.83372961809798,186.84308875904077,174.33155642773522,185.49706306096198,179.32310509494425,180.31785850832514,182.25896231888981,180.62600647325098
171.6604050486205,170.77120637904724,170.8414914253639,173.20132867015295,167.65101401153294,176.06128500204775,165.96613171003463,175.92599620876999,166.52664045560968,176.22298121747474,166.44568158901393,175.53892331330258,165.79750878408015,175.98350515116655,166.63307660360252,175.87064758948668,166.15185042643247,175.89850638549177,166.07005341074137,175.26075783922659,165.73616015521389,175.78817811965209,166.23616188940971,175.46333431494219,165.81963346909575,175.69592990977617,166.15268857552786,175.75090955633263,166.36137012603669,176.10324318432072,166.34008359011645,175.63117152317852,165.90310678297763,175.60368169990031,166.06921526164598,175.72341973305444,166.1739751114481,175.72341973305441,166.06921526164598,175.61309146721467,165.92439331889787,175.43584449166403,165.86053371113715,175.63842096737963,166.1739751114481,175.73282950036884,166.09050179756622,175.72341973305444,166.15268857552786,175.72341973305444,166.09050179756622,175.72341973305441,166.15268857552786,175.72341973305441,166.09050179756622,175.72341973305439,166.15268857552786,175.84315776620849,166.36137012603669,175.81566794293033,165.88182024705739,175.46333431494224,166.1739751114481,175.90791615280619,166.06921526164598,175.57366258078196,166.23616188940971,175.99291491848101,166.21571003419319,175.7509095563326,166.29834866737136,175.80625817561594,165.92355516980248,175.75090955633263,166.59050353176207,176.10324318432069,166.11095018439107,175.63117152317844,166.13224018870301,175.84315776620849,166.38181851286157,176.13798245180001,166.38182198125324,175.81313864709014,166.46529182674342,176.17741133823276,165.98658009685951,175.46080501910208,166.67313869654856,176.31559840007759,165.46529182674342,175.10122194691286,167.21571350258486,176.78294991285884,164.98573847937246,175.503476629777,169.6322453912905,170.61993731446873,172.57012738323516,171.12595553090631
181.30283349390513,180.40145777842304,180.52438332171985,183.08135553729267,177.25817565595506,186.26326985972142,175.71739791194321,186.31464072589023,176.35269121203086,186.51005117580002,176.06720224409116,185.71365745410381,175.48055572054531,186.26171022395755,176.28529895052284,186.00763990052749,175.77143026584841,186.29832916806916,176.07726284778124,185.86515995255047,175.74940006959619,186.29832916806916,176.09929304403346,185.81222945061776,175.51538363031398,185.82524782955684,175.6036816999015,185.75929894868509,175.89125694129186,186.26171022395755,175.96684593965225,185.8488483947294,175.63842096738082,185.98403933535496,175.93210667217289,186.03696983728767,175.75815900053493,185.79591789279669,175.63512166346811,185.89448988931065,175.73282950037,185.70636844675238,175.45787468791744,185.79591789279669,175.84315776620971,186.08990033922035,175.96684593965222,186.08990033922038,175.84315776620971,185.84884839472937,175.57761272107155,185.8488483947294,175.84315776620971,186.08990033922038,175.96684593965222,186.12651928333199,175.92599620877121,186.17944978526469,176.17883218268224,186.26171022395755,175.77151890813775,185.90177889666211,176.04573424192532,186.35125967000184,175.9226969048585,185.95470939859482,176.01429427835868,186.35125967000184,176.046385078301,186.14283084115308,176.06785308046685,186.02065827946655,175.49326479177248,185.90177889666211,176.2317401484147,186.31464072589023,175.74610076568348,185.8488483947294,175.85916614134956,186.17944978526467,176.15341404022797,186.40419017193457,176.02700334958584,186.00763990052749,176.12197407666136,186.38058960676202,175.57224173633489,185.55815912718776,176.24106127343978,186.44653848763375,174.98503301870269,185.21453935771345,176.91656806065944,187.06782914571065,174.60105161316179,185.72180344763186,179.49819174738164,180.54259889499502,182.61800695036069,181.10625383756917
171.25555178394444,170.33319680126809,170.35085894927113,172.77519586097969,167.36053197694133,175.99180646708916,166.13224018870298,176.14409291520178,166.69442176407713,176.28916044852079,166.44400875921485,175.63984181182792,166.02747687050922,176.15134235940286,166.59050353176207,175.7248405775027,166.08966364847086,176.22693135776325,166.71571176838901,176.01241581889309,166.42271875490295,176.33725962360296,166.63223845450716,175.78234951989927,165.98574194776413,175.60763184018879,165.81963346909575,175.37503624535481,166.06921526164598,175.93935611637289,166.27789681215481,175.69735075422457,166.13140203960762,175.96684593965111,166.48657836266366,175.96684593965111,166.13140203960762,175.57761272107044,166.00702848368437,175.847107906497,166.34008359011645,175.75485969662111,166.00702848368437,175.75485969662111,166.34008359011645,176.07717420549082,166.52747860470507,176.08658397280522,166.36137012603669,175.78959896410043,166.04792872572577,175.78959896410043,166.36137012603669,176.08658397280522,166.52747860470507,176.07717420549082,166.34008359011645,175.98492599561496,166.52747860470504,176.13468314788744,166.27789681215481,175.89267778573907,166.58966538266668,176.33725962360299,166.46529182674342,175.90208755305341,166.42355690399833,176.16001264805234,166.42271875490295,175.99433576292935,166.46612997583878,175.84710790649709,165.880982097962,175.69735075422457,166.52831675380042,176.059094149527,166.08966364847086,175.69735075422449,166.3196352032916,176.07717420549085,166.54792699152992,176.13468314788744,166.25744842532995,175.69010131002346,166.3605319769413,176.07029373401662,165.88182024705739,175.33776768203538,166.54876514062528,176.20197083032531,165.38181851286154,175.04766314480474,167.19442696666462,176.76413037823005,164.96445194345222,175.45932759498331,169.57005861332888,170.55045877951008,172.49853083795915,171.06051996019235
181.43841625950125,180.27343286360332,180.03804280631843,182.5626327041991,176.97276073767796,186.13710146956552,175.62514970206735,186.03696983728764,175.97286776076459,186.26899923130901,176.05779247677677,185.86515995255047,175.6766222307248,186.26171022395755,176.08923244034338,185.76658795603652,175.57826355744723,186.26171022395755,176.18759111362095,186.00763990052749,175.8691381027503,186.40419017193457,176.21903107718757,186.00763990052752,175.7454499293078,185.93110883342226,175.52084325734,185.53455856201521,175.62176175586529,186.12651928333196,175.99433576293043,186.00763990052752,175.87789703368904,186.23238028719737,176.16217297116671,186.2323802871974,175.87789703368904,185.90177889666208,175.75485969662222,186.12651928333199,176.04573424192532,186.08990033922035,175.8565176738125,186.17944978526469,176.15606250776503,186.32192973324169,176.08658397280632,186.2323802871974,176.04573424192532,186.17944978526467,175.96684593965222,186.17944978526469,176.04573424192532,186.23238028719737,176.08658397280632,186.2323802871974,175.95348603204943,186.09718934657184,176.02907503040979,186.17944978526467,175.79900873141597,186.00763990052752,176.16547227507942,186.45712067386725,176.0424349380126,186.06057040246023,176.04178410163689,186.21606872937627,175.77688989287446,185.8651599525505,175.86527660475124,185.98403933535494,175.61300282492658,185.95470939859482,176.13949193853881,186.12651928333196,175.56885379013283,185.81222945061779,175.95357467433874,186.23238028719737,176.08649533051701,186.12651928333199,175.62185039815461,185.58748906394788,175.73274085808069,186.04998821622672,175.36966526061929,185.46860968114345,176.24106127343978,186.49946898956645,175.1047710518568,185.32040036157886,176.94405788393766,186.93263820508508,174.33155642773522,185.35458311298498,179.09303879595046,180.12244805841542,182.13922428573571,180.57307597131825
171.82744808536441,170.61347489705298,170.24230172579524,172.61676842005778,167.42271875490295,176.05261471339836,165.96613171003463,175.63842096737963,166.06837711255062,175.92599620876999,166.42439505309369,175.72558005616764,166.04876340642946,175.98350515116655,166.38182198125321,175.5736625807819,165.92355516980248,175.90791615280617,166.3196352032916,175.58307234809629,166.00702848368437,176.0276541859603,166.50703021788019,175.905386856966,166.34008359011645,176.02765418596027,166.1739751114481,175.58307234809629,166.15268857552786,176.13798245180001,166.61095191858692,176.08263383251676,166.44484343991857,176.16547227507826,166.58966538266668,176.16547227507826,166.44484343991857,175.96289579936266,166.34008359011645,176.04573424192415,166.42355690399833,175.96289579936266,166.36137012603669,176.16547227507826,166.67313869654856,176.16547227507826,166.36137012603669,175.95348603204826,166.40227036807809,176.13073300759893,166.57005167654552,176.13073300759893,166.40227036807809,175.95348603204826,166.36137012603669,176.05514400923855,166.42355690399833,175.99763506684192,166.42355690399833,175.97014524356371,166.15268857552786,175.79505859112632,166.44484343991857,176.14739221911441,166.34008359011645,175.905386856966,166.50703021788019,176.0276541859603,166.00702848368437,175.46333431494227,166.04876687482113,175.81566794293039,166.19442349827295,175.96289579936266,166.59050353176207,175.92599620877002,165.90226863388224,175.64058129049286,166.36220827513205,176.05514400923849,166.42271875490295,175.8504072104096,165.88265839615275,175.29549710670597,165.98574194776413,175.77009806368832,165.73699830430925,175.35047675326234,166.67313869654856,176.43533643323167,165.73616015521389,175.43294622309691,167.48658183105533,176.81768918033811,164.77705692886363,175.1055731225469,169.13308180619003,170.10229577408452,171.98024923841618,170.46906046381159
181.73054218126117,180.55110375220593,180.30753799174499,182.84030359280169,177.26758542326945,186.27229241019106,175.48008216874831,185.69005688893125,175.5814742190706,186.03696983728767,176.0165432437613,185.86515995255047,175.62562325386435,186.1631382274436,176.07331270749285,185.82854100843886,175.5782635574472,186.02065827946657,175.79835789504028,185.53455856201518,175.34424711816499,185.93110883342226,175.92204606848279,186.00763990052749,176.04243493801258,186.40419017193457,176.04573424192529,185.95470939859482,175.89125694129186,186.40419017193457,176.28916044852195,186.28531078913011,176.05514400923971,186.26899923130898,176.06776443817753,186.17944978526469,175.9448157434,186.08990033922035,175.95743617233782,186.17944978526469,175.96289579936382,186.0442588446391,175.89992722994126,186.28531078913011,176.2598808080686,186.28531078913008,175.89992722994126,185.99132834270642,175.84315776620971,186.08990033922035,175.96684593965222,186.03696983728767,175.72341973305561,185.84884839472937,175.78959896410154,186.17944978526469,176.1307330076001,186.28531078913011,176.12132324028565,186.12651928333199,175.67927069826186,185.81222945061779,175.84315776620971,186.07358878139928,175.7454499293078,185.95470939859482,176.09929304403346,186.17216077791323,175.55623336119504,185.57117750612682,175.66921009457178,186.07358878139925,175.91939760094576,186.19576134308579,176.22233038110031,186.07358878139925,175.45852552429309,185.75929894868511,175.94416490702432,186.17944978526467,175.9761670646773,185.98403933535496,175.5021123650005,185.53455856201518,175.73274085808069,186.04998821622672,175.36966526061929,185.46860968114345,176.24106127343978,186.58901843561077,175.3073475275724,185.59807125018145,177.21355306936422,187.12075964764335,174.42380463761111,185.39120205709659,179.08362902863604,180.06951755648271,181.97596551796329,180.31085799018715
171.61546184233438,170.62077204265847,170.55954049977996,172.97052289249419,167.61011376949156,176.04931540948573,165.82047161819111,175.5153836303129,165.98490379866877,175.85651767381137,166.38349481105229,175.73209002170381,166.08799081867178,176.0844236496919,166.5708898256409,175.80116905452806,166.08966364847086,175.92994634905847,166.23616188940971,175.37503624535478,165.65268684133201,175.60763184018876,166.15268857552786,175.78234951989927,166.46529182674342,176.33725962360296,166.58966538266668,175.89267778573904,166.27789681215481,176.13468314788742,166.52747860470507,175.98492599561493,166.34008359011645,175.95743617233671,166.2566102762346,175.75485969662111,166.09050179756622,175.75485969662111,166.2566102762346,175.96684593965111,166.36137012603669,175.89992722994015,166.297510518276,176.08658397280522,166.59133821246576,176.08658397280522,166.297510518276,175.78959896410043,166.11178833348646,175.67927069826072,166.04792872572577,175.55953266510662,165.84092000501599,175.46728445523073,166.04792872572577,175.95743617233671,166.54876514062528,176.16217297116557,166.52747860470507,175.92269690485739,166.00702848368437,175.54287345359108,166.06921526164598,175.71796010602847,165.98574194776413,175.66261148674522,166.36137012603669,175.90461684889362,165.92355516980248,175.48536451119458,166.21487535348948,176.04968438221269,166.38181851286154,175.99433576292935,166.50703021788019,175.847107906497,165.84008185592063,175.57761272107035,166.29834866737136,175.95743617233668,166.29834519897969,175.81236863901768,165.98658009685948,175.57036327686933,166.36053197694133,176.07029373401659,165.88182024705739,175.33776768203535,166.54876514062528,176.31229909616496,165.6314003054118,175.33523838619513,167.40310851717345,176.84912914390486,164.96445194345222,175.44991782766888,169.54877207740864,170.43072074635597,172.12921101225479,170.46733712285217
181.22269381517521,180.33465024720161,180.48953287575097,183.08864454464413,177.3204047467126,186.22665091560984,175.48008216874831,185.84155938737791,175.7681309619357,186.12651928333199,176.03246297661184,185.95470939859479,175.81227999672944,186.40419017193457,176.27588918320845,186.00763990052749,175.78084003316283,186.35125967000187,176.18759111362095,185.81222945061776,175.42708556072648,185.82524782955684,175.69197976948897,185.81222945061779,175.92269690485847,186.40419017193457,176.16547227507942,186.00763990052752,175.79900873141597,186.12651928333199,175.90933699725565,185.95470939859482,175.84315776620971,186.03696983728764,175.75485969662222,185.70636844675238,175.43584449166522,185.70636844675235,175.75485969662222,186.17944978526469,176.16547227507942,186.23238028719737,175.96684593965222,186.17944978526469,176.04573424192532,186.17944978526467,175.96684593965222,186.08990033922038,175.84315776620971,185.84884839472937,175.57761272107155,185.70636844675238,175.52084325734,185.75929894868506,175.78959896410154,186.17944978526469,176.1307330076001,186.28531078913011,176.12132324028568,186.12651928333199,175.67927069826186,185.75929894868509,175.72341973305558,185.93110883342223,175.63512166346811,185.81222945061779,175.88730680100346,186.02065827946655,175.58156286135994,185.8651599525505,176.15285184614163,186.45712067386725,176.0550553669504,186.09718934657184,176.01975390538468,185.98403933535494,175.45852552429312,185.75929894868509,175.94416490702434,186.17944978526467,175.97616706467733,186.07358878139928,175.7046888407161,185.86515995255047,176.12197407666133,186.38058960676202,175.57224173633489,185.55815912718776,176.24106127343978,186.49946898956645,175.1047710518568,185.26746985964616,176.82431985078355,186.93263820508508,174.54354267076522,185.82766445149727,179.70292854621053,180.59552939692773,182.298280026833,180.45333793816414
171.1192050504352,170.42474905221638,170.76265363425119,173.27080720511159,167.73448732541482,176.1054340368415,165.96613171003463,175.8250777102447,166.29834519897969,176.0363244746097,166.44400875921485,175.83590832200736,166.27873149285853,176.28049015987133,166.63140377380344,175.79431911246132,166.17313696235271,176.31522942735066,166.7991850822709,175.87064758948668,165.98574194776413,175.6959299097762,165.98658009685948,175.46333431494219,166.06921526164598,176.0276541859603,166.44484343991857,175.79505859112632,166.15268857552786,175.8504072104096,166.15268857552786,175.67532055797221,166.1739751114481,175.82507771024473,166.09050179756622,175.43584449166406,165.6944252324688,175.43584449166406,166.09050179756622,176.04573424192415,166.67313869654856,176.14014277491333,166.32046988399529,175.83374799889415,166.17230228164902,175.83374799889415,166.32046988399529,176.02040474175922,166.40227036807809,175.83374799889415,166.09050179756622,175.72341973305444,166.15268857552786,175.84315776620855,166.36137012603669,176.05514400923855,166.42355690399833,175.99763506684192,166.42355690399833,175.97014524356371,166.15268857552786,175.67532055797221,166.1739751114481,175.82507771024473,166.09050179756622,175.67532055797221,166.23616188940971,175.84099744309526,166.04792872572574,175.88005735680116,166.75828484022949,176.43496746050482,166.48490553286459,175.89597708965164,166.34092173921184,175.8156679429303,165.90226863388224,175.64058129049286,166.36220827513205,176.05514400923849,166.42271875490295,175.96073547624931,166.13224018870298,175.70281038125046,166.46529182674342,176.17741133823282,165.98658009685948,175.46080501910205,166.67313869654856,176.32500816739199,165.48657836266366,175.02563294855244,167.00703195207603,176.64044220478746,165.04792525733407,175.8446106732755,170.13308180619003,170.95166159065283,172.50069935943688,170.69912676280541
181.05002528008839,180.28171974526893,180.58178108562686,183.2767659872024,177.49765172226327,186.36913086358683,175.62514970206735,185.98403933535494,175.85312972761045,186.12651928333199,175.94746421093706,185.81222945061776,175.66721246341038,186.20877972202484,175.97890417450367,185.62410800805949,175.45852552429309,186.20877972202484,176.18759111362095,185.86515995255047,175.54682359388059,185.87817833148955,175.59973155961308,185.48162806008247,175.42313542043809,185.93110883342226,175.84315776620971,185.8651599525505,175.79900873141594,186.12651928333199,175.90933699725568,185.95470939859482,175.84315776620971,186.03696983728767,175.75485969662222,185.70636844675238,175.43584449166522,185.70636844675235,175.75485969662222,186.17944978526469,176.16547227507942,186.14283084115306,175.76426946393661,185.8488483947294,175.65650102334465,185.84884839472937,175.76426946393661,186.08990033922038,176.04573424192532,186.12651928333196,175.84710790649811,185.98403933535496,175.8156679429315,186.03696983728764,175.96684593965222,186.12651928333199,175.83374799889532,185.90177889666211,175.79900873141594,185.98403933535496,175.67927069826186,185.81222945061779,175.84315776620971,186.07358878139928,175.74544992930782,185.81222945061779,175.77697853516375,185.93110883342223,175.58156286135997,185.95470939859482,176.26318011198131,186.45712067386725,175.94472710111069,185.95470939859482,175.9000158722306,185.93110883342223,175.45852552429309,185.75929894868511,175.94416490702432,186.17944978526467,175.9761670646773,186.03696983728767,175.62185039815461,185.72996901192491,175.96280715707451,186.24539866613645,175.48940329377339,185.52154018307616,176.24106127343978,186.44653848763375,174.98503301870269,185.07205940973643,176.59425355178973,186.73722775517535,174.42380463761111,185.77473394956459,179.70292854621053,180.59552939692773,182.298280026833,180.45333793816417
171.22485548070981,170.40878579962848,170.55954049977996,173.14776986804486,167.81879532000039,176.27938170847955,166.13224018870298,175.83769813918261,166.1935853491776,175.85651767381137,166.17481326054346,175.4097755128341,165.77622224815991,175.73461931754397,166.09133994666161,175.18186953695357,165.56921352745016,175.69988005006465,166.23616188940971,175.49477427850888,165.92355516980248,175.81961808321876,166.15268857552786,175.37503624535478,165.73616015521389,175.60763184018876,166.06921526164598,175.66261148674519,166.27789681215484,176.13468314788739,166.52747860470507,175.9849259956149,166.34008359011645,175.95743617233671,166.2566102762346,175.75485969662111,166.09050179756622,175.75485969662111,166.2566102762346,175.96684593965111,166.36137012603669,175.78959896410043,166.04792872572577,175.67927069826072,166.11178833348646,175.67927069826072,166.04792872572577,175.78959896410043,166.36137012603669,175.96684593965111,166.2566102762346,175.75485969662111,166.09050179756622,175.75485969662111,166.2566102762346,175.83769813918261,166.06921526164598,175.54287345359108,166.00702848368437,175.69263060586357,166.00702848368437,175.66261148674519,166.34008359011645,176.04027461489818,166.23532374031436,175.66261148674522,166.11178833348646,175.70204037317802,165.92355516980248,175.68794098691015,166.46445714603973,176.04968438221266,166.13223672031131,175.67202125405962,166.23616188940971,175.72736987334289,165.84008185592063,175.57761272107035,166.29834866737136,175.95743617233668,166.29834519897969,175.82177840633207,166.00786663277972,175.60510254434865,166.40143221898273,176.10503300149591,165.90310678297763,175.34717744934974,166.54876514062528,176.19256106301086,165.36053197694133,174.89318584417131,166.88265839615275,176.40707660188104,164.69358361498175,175.33017979451478,169.54877207740864,170.43072074635597,172.12921101225479,170.46733712285217
181.43841625950125,180.41591281158034,180.36035731518814,183.03571404271142,177.47232222209834,186.52063336203352,175.83713594509734,186.07358878139925,175.84371996029608,186.03696983728767,175.75429750253585,185.48162806008247,175.26856947751534,185.87817833148955,175.78573746610246,185.49793961790357,175.36627731441723,186.02065827946657,175.91809592819439,185.72996901192491,175.6665616270347,186.26171022395755,176.09929304403346,185.81222945061779,175.51538363031398,185.87817833148955,175.72341973305561,185.90177889666211,176.00158520713157,186.45712067386728,176.29857021583635,186.28531078913011,176.04573424192532,186.26899923130898,176.07717420549193,186.17944978526469,175.9354059760856,186.08990033922035,175.96684593965222,186.17944978526469,175.95348603204943,185.9913283427064,175.78959896410154,186.08990033922038,176.02040474176039,186.03696983728764,175.66986093094744,185.8488483947294,175.84315776620971,186.08990033922035,175.87459772977633,185.90177889666211,175.66591079065904,185.90177889666208,175.87459772977633,186.03696983728767,175.72341973305561,185.75929894868509,175.67927069826186,185.93110883342226,175.67927069826186,185.95470939859482,176.1654722750794,186.45712067386725,176.0424349380126,185.95470939859482,175.80230803532868,185.93110883342223,175.55623336119501,185.81222945061779,175.96619510327653,186.07358878139925,175.62241259224101,185.81222945061779,175.90001587223057,185.93110883342223,175.45852552429312,185.75929894868509,175.94416490702434,186.17944978526467,175.97616706467733,186.12651928333199,175.82442687387021,186.0605704024602,176.35204037565515,186.57600005667175,175.691979769489,185.61108962912047,176.24106127343978,186.44653848763375,174.98503301870269,185.07205940973643,176.59425355178973,186.64767830913104,174.22122816189551,185.44413255902927,179.31369532762986,180.26492800639244,182.0957035511174,180.36378849211982
171.85814438859904,170.76795219768641,170.55407029630712,172.97382219640681,167.69358708337342,176.29209077970657,166.2370000385051,175.93540597608441,166.27705866305945,175.92599620876999,166.21571350258486,175.42859504746286,165.77789507795899,175.87317688532684,166.40310851717345,175.69340061393601,166.17313696235271,176.23023066167588,166.59050353176207,175.81313864709011,166.2566102762346,176.31522942735069,166.71571176838901,175.87064758948668,166.06921526164598,175.8156679429303,166.1739751114481,175.78564882381193,166.40227036807809,176.25772048495415,166.63223845450716,176.08263383251676,166.42355690399833,176.16547227507826,166.61095191858692,176.16547227507826,166.42355690399833,175.96289579936266,166.36137012603669,176.04573424192415,166.40227036807809,175.95348603204826,166.36137012603669,176.13073300759893,166.61095191858692,176.01099497444483,166.09050179756622,175.63117152317855,166.15268857552786,175.93540597608444,166.36137012603669,175.87789703368787,166.2148753534895,175.87789703368787,166.36137012603669,175.94481574339883,166.1739751114481,175.67532055797221,166.15268857552786,175.8504072104096,166.15268857552786,175.90538685696603,166.6944252324688,176.44437722781922,166.57005167654552,175.90538685696603,166.27706213145112,175.84099744309526,166.00702848368434,175.64999105780734,166.27873496125019,175.81566794293033,165.96445541184389,175.66591079065782,166.34092173921184,175.8156679429303,165.90226863388224,175.64058129049286,166.36220827513205,176.05514400923849,166.42271875490295,176.07106374208902,166.38182198125321,176.11012365579495,166.94484170572272,176.58472461277731,166.23616188940971,175.57113328494177,166.67313869654856,176.32500816739199,165.48657836266366,175.02563294855244,167.00703195207603,176.53011393894775,164.79834346478384,175.437297398731,169.65353192721074,170.54434831610834,172.25111756688665,170.58879849696569
181.73054218126117,180.65696475607135,180.54701405805321,183.03571404271142,177.28566547923327,186.27958141754252,175.63455946938174,185.98403933535494,175.84371996029606,186.07358878139928,175.83713594509734,185.61681900070803,175.42773639710217,186.15584922009214,176.19089041753367,186.0442588446391,175.94867724139908,186.53938111256014,176.28924909081124,186.00763990052749,175.8597283354359,186.44080911604618,176.21903107718757,185.86515995255047,175.51538363031398,185.87817833148955,175.72341973305561,185.81222945061779,175.79900873141597,186.12651928333199,175.90933699725568,185.95470939859482,175.84315776620971,186.23238028719737,176.19691223864604,186.2323802871974,175.84315776620971,185.90177889666208,175.78959896410154,186.17944978526469,176.1307330076001,186.23238028719737,176.00158520713154,186.17944978526469,176.01099497444599,185.98403933535494,175.55953266510772,185.70636844675238,175.72341973305561,186.07358878139925,175.95743617233782,186.03696983728767,175.82507771024589,186.03696983728764,175.95743617233782,186.07358878139928,175.72341973305561,185.75929894868509,175.67927069826183,185.93110883342226,175.67927069826186,185.95470939859482,176.16547227507942,186.45712067386728,176.0424349380126,186.00763990052752,175.92204606848279,186.07358878139925,175.66656162703475,185.8651599525505,175.97560487059093,186.12651928333196,175.73274085808069,185.95470939859482,176.0197539053847,185.98403933535494,175.45852552429309,185.75929894868511,175.94416490702432,186.17944978526467,175.9761670646773,186.12651928333199,175.82442687387021,186.0605704024602,176.35204037565518,186.57600005667175,175.691979769489,185.66402013105318,176.36079930659389,186.64194893754348,175.21509931769651,185.26746985964616,176.71399158494384,186.79015825710806,174.42380463761111,185.77473394956459,179.70292854621053,180.59552939692773,182.298280026833,180.45333793816417
171.58476553909975,170.70577080833326,170.78950858620902,173.14776986804486,167.58882723357132,175.98239669977477,165.88265839615275,175.72736987334289,166.1935853491776,175.84710790649697,166.15352672462322,175.37503624535478,165.73532200611851,175.92994634905847,166.59050353176207,175.89267778573898,166.27705866305945,176.19219209028392,166.46612997583878,175.69010131002338,166.15185042643247,176.13252282477407,166.42355690399833,175.49477427850888,165.73616015521389,175.60763184018876,166.06921526164598,175.55228322090551,166.02831501960458,175.72736987334292,166.04792872572577,175.57761272107044,166.09050179756622,175.96684593965111,166.52747860470507,175.96684593965111,166.09050179756622,175.57761272107044,166.04792872572577,175.96684593965111,166.57005167654552,176.08658397280522,166.31879705419624,175.78959896410043,166.09050179756622,175.55953266510662,165.79834693317554,175.46728445523073,166.09050179756622,175.83769813918261,166.23532374031436,175.72012042914179,166.04960155552482,175.72012042914179,166.23532374031436,175.82828837186821,166.06921526164598,175.54287345359108,166.00702848368437,175.69263060586357,166.00702848368437,175.66261148674519,166.34008359011645,176.04027461489818,166.23532374031436,175.78234951989933,166.38265666195693,176.02435488204773,166.17313696235271,175.80767902006426,166.48574368195997,176.16942241536677,166.38181851286154,175.99433576292932,166.50703021788019,175.847107906497,165.84008185592063,175.57761272107035,166.29834866737136,175.95743617233668,166.29834519897969,175.82177840633207,166.00786663277972,175.60510254434865,166.40143221898273,176.10503300149591,165.90310678297763,175.46691548250385,166.81963346909575,176.63461360503467,165.88098209796203,175.33523838619513,167.15352672462322,176.63714290087486,164.94316540753198,175.73749306905927,170.02832195638794,170.83803402090047,172.37879280480502,170.57766538869188
181.47550202899194,180.59686822833274,180.75444962071367,183.2767659872024,177.37791368910916,186.22665091560984,175.51482143622763,185.93110883342223,175.84371996029608,186.03696983728767,175.75429750253585,185.48162806008247,175.26856947751534,186.07358878139928,176.22779000812628,185.97102095641588,175.65385255580762,186.07358878139928,175.842506929834,185.72996901192491,175.74215062539508,186.26171022395755,175.93145583579718,185.53455856201521,175.30339738728398,185.82524782955684,175.72341973305561,185.66974950264077,175.56894243242215,185.93110883342226,175.78959896410154,185.90177889666211,175.84315776620971,186.23238028719737,176.19691223864604,186.2323802871974,175.84315776620971,185.90177889666208,175.78959896410154,186.2323802871974,176.25047104075421,186.28531078913008,175.90933699725565,185.90177889666211,175.63117152317972,185.70636844675235,175.46728445523183,185.75929894868509,175.84315776620971,186.03696983728764,175.75485969662222,185.70636844675238,175.43584449166522,185.70636844675235,175.75485969662222,185.98403933535496,175.72341973305561,185.75929894868509,175.67927069826186,185.93110883342226,175.67927069826186,185.81222945061779,175.84315776620969,186.02065827946655,175.62571189615372,185.81222945061779,175.98896477819375,186.26171022395752,175.86913810275033,186.04425884463913,176.17818134630653,186.45712067386725,176.12197407666139,186.28531078913011,176.22233038110031,186.12651928333196,175.57826355744723,185.90177889666211,176.05449317286406,186.17944978526467,175.86583879883761,185.89448988931065,175.5021123650005,185.6770385099922,175.96280715707448,186.19246816420375,175.36966526061929,185.52154018307616,176.45304751646978,186.91961982614606,175.59492276896279,185.59807125018145,176.92597782797384,186.93263820508508,174.53413290345082,185.91721389754159,179.82266657936464,180.64845989886044,182.298280026833,180.45333793816414
171.72179765508977,170.84068491400589,170.9232919094467,173.27080720511159,167.69358708337342,176.08010453667657,165.96613171003463,175.8156679429303,166.27705866305945,175.93540597608438,166.2370000385051,175.46333431494219,165.81879532000039,176.02765418596027,166.69526338156416,175.80446835844069,165.92355516980248,175.76540844473482,166.17314043074441,175.61781161557562,166.21571003419319,176.09457289567126,166.25744842532995,175.3710861050663,165.79834693317551,175.78817811965209,166.1739751114481,175.46333431494222,165.88182024705739,175.81566794293033,166.36137012603669,175.96289579936266,166.42355690399833,176.16547227507826,166.61095191858692,176.16547227507826,166.42355690399833,175.96289579936266,166.36137012603669,176.16547227507826,166.67313869654856,176.16547227507826,166.36137012603669,175.84315776620855,166.15268857552786,175.72341973305444,166.09050179756622,175.84315776620855,166.42355690399833,175.94481574339883,166.11178833348646,175.47058375914338,165.7353254745102,175.47058375914338,166.11178833348646,175.83448747755912,166.1739751114481,175.67532055797221,166.15268857552786,175.8504072104096,166.15268857552786,175.67532055797221,166.1739751114481,175.70533967709062,165.81963346909575,175.46333431494222,166.23616188940971,176.01824441864593,166.25661027623457,175.87064758948677,166.52831675380042,176.22298121747488,166.44400529082318,176.07322406520237,166.59050353176207,176.04573424192412,166.17313696235271,175.96289579936257,166.61179006768228,176.05514400923849,166.17313696235271,175.6384209673796,165.86137186023251,175.58307234809635,166.46529182674342,176.05767330507871,165.71571176838901,175.24881877607206,166.67313869654856,176.61258340878237,165.94484170572272,175.43294622309693,167.2779002805465,176.76018023794157,165.04792525733407,175.75961190760071,169.92440025568121,170.66408634926245,172.25111756688665,170.58879849696569
181.90321071634798,180.79944470404837,180.65734232389292,183.03571404271142,177.17533721339356,186.13710146956549,175.51482143622763,185.93110883342223,175.84371996029606,186.12651928333199,175.95687397825145,185.81222945061776,175.65780269609598,186.40419017193457,176.43036648384188,186.00763990052749,175.53411452265348,186.02065827946657,175.93475513970989,185.86515995255047,175.79965956779165,186.15584922009214,175.72671903696829,185.48162806008247,175.48064436283465,186.06629977404782,175.84315776620971,185.57117750612682,175.38228568955708,185.93110883342226,175.97625570696661,186.14283084115308,176.04573424192532,186.26899923130898,176.07717420549193,186.17944978526469,175.9354059760856,186.08990033922035,175.96684593965222,186.26899923130901,176.15606250776503,186.17944978526467,175.8565176738125,186.03696983728767,175.92599620877121,186.12651928333196,175.96684593965222,186.17944978526469,176.04573424192532,186.03696983728764,175.64453143078251,185.70636844675238,175.54617275750493,185.79591789279667,175.75485969662222,185.89448988931065,175.6130914672159,185.75929894868509,175.78959896410154,186.07358878139928,175.79900873141597,185.8651599525505,175.84315776620971,185.93110883342226,175.42313542043811,185.4816280600825,175.59973155961308,185.93110883342223,175.66656162703475,185.8651599525505,175.97560487059096,186.12651928333196,175.73274085808069,185.95470939859482,176.0197539053847,186.12651928333196,175.7808400331628,186.14283084115311,176.2411499157291,186.23238028719737,175.79892008912663,185.88546733884101,175.61244063084021,185.91809045448318,176.24171210981547,186.2910401607177,175.24992722746518,185.22755773665247,176.06381429788911,186.49946898956645,175.18976981753158,185.32040036157886,176.85905911826288,186.98556870701779,174.62854143644,185.8276644514973,179.52568157065986,180.26492800639244,181.97596551796329,180.31085799018715
172.1117186342336,170.95535260088349,170.66986876561967,172.85078485934008,167.33924544102109,175.87206843393506,165.88265839615275,175.72736987334289,166.1935853491776,175.95743617233668,166.40310851717345,175.78234951989927,166.21487188509781,176.33725962360296,166.8400853243123,175.88326801842459,166.00619033458898,175.98020584725393,166.46612997583878,175.74761025241995,166.08966364847083,175.80079854858997,165.94400702501903,175.28278803547889,165.94484170572272,175.99686505876943,166.34008359011645,175.48536451119449,165.79834693317551,175.72736987334289,166.27789681215484,175.87459772977522,166.34008359011645,175.95743617233671,166.2566102762346,175.75485969662111,166.09050179756622,175.75485969662111,166.2566102762346,175.95743617233671,166.34008359011645,175.75485969662111,166.00702848368437,175.75485969662111,166.34008359011645,176.07717420549082,166.52747860470507,176.07717420549082,166.34008359011645,175.74544992930672,165.98574194776413,175.72012042914179,166.29918334807505,175.92269690485739,166.23532374031436,175.62571189615261,165.81963346909575,175.54287345359108,166.2566102762346,176.01494511473328,166.27789681215484,175.7823495198993,166.34008359011645,175.92994634905847,165.98574194776413,175.37503624535478,165.90310678297763,175.61704160750318,165.92355516980248,175.58702248838486,166.23616188940971,175.7621091408223,165.90226863388224,175.58702248838486,166.25744842532995,175.847107906497,166.08966364847086,175.87459772977513,166.52831675380042,176.07717420549073,166.33924544102109,175.95743617233666,166.25744842532995,175.90208755305343,166.6314003054118,176.07970350133098,165.63223845450716,175.05019244064496,166.34008359011645,176.11697206465047,165.38181851286157,175.04766314480469,167.19442696666462,176.8491291439048,165.17313349396105,175.62716480321956,169.54877207740864,170.21873450332598,171.85834268378431,170.34759908969806
181.73054218126117,180.60403425413861,180.4272760248991,182.84030359280169,177.05559918023945,186.08417096763282,175.51482143622763,185.93110883342223,175.84371996029608,186.17944978526469,176.07661201140556,186.00763990052749,175.88786899508983,186.5466701199116,176.43036648384188,186.00763990052749,175.6263627325294,186.20877972202484,176.11200211526057,185.86515995255047,175.62241259224098,185.96772777753387,175.6344708270924,185.53455856201521,175.60038239598876,186.20877972202484,176.04573424192529,185.81222945061779,175.56894243242215,185.93110883342226,175.78959896410154,185.90177889666211,175.84315776620971,186.03696983728764,175.75485969662222,185.70636844675238,175.43584449166522,185.70636844675235,175.75485969662222,186.03696983728767,175.84315776620971,185.70636844675235,175.34754642207773,185.70636844675238,175.84315776620971,186.23238028719737,176.19691223864604,186.2323802871974,175.84315776620971,185.79591789279667,175.55012289779333,186.03696983728767,176.23239098479038,186.36757122782294,175.95743617233782,185.74298739086399,175.31610645851111,185.70636844675238,175.96684593965225,186.26171022395755,175.89125694129186,185.95470939859482,176.04573424192532,186.35125967000184,175.92269690485847,185.81222945061779,175.69197976948897,185.93110883342223,175.66656162703472,185.95470939859482,176.08593313643067,186.12651928333196,175.62241259224098,185.81222945061779,175.9000158722306,185.98403933535494,175.57826355744723,185.90177889666211,176.05449317286403,186.32192973324169,176.18815330770732,186.36757122782296,176.00167384942091,186.00763990052749,176.0550553669504,186.13953766227104,175.24992722746518,185.32612973316643,176.13073300760007,186.39360798570104,174.9756232513883,185.21453935771345,176.92597782797384,187.12075964764335,174.7113798790015,185.72180344763188,179.29561527166604,180.06951755648271,181.85622748480918,180.25792748825441
171.3311912934652,170.39863237198207,170.402841788426,172.82875466308778,167.42271875490295,175.96036650352247,165.96613171003463,175.8156679429303,166.27705866305945,176.05514400923849,166.50786836697557,175.905386856966,166.33924544102109,176.34996869482998,166.69526338156416,175.7122201485648,165.92355516980248,175.94265542028549,166.38182198125324,175.61781161557562,166.00702848368437,175.91732592012059,166.25744842532995,175.58307234809629,166.06921526164598,176.01824441864588,166.42355690399833,175.76031932364697,166.11178833348646,175.8156679429303,166.13140203960762,175.66591079065788,166.1739751114481,175.82507771024473,166.09050179756622,175.43584449166406,165.6944252324688,175.43584449166406,166.09050179756622,175.82507771024473,166.1739751114481,175.43584449166406,165.61095191858692,175.43584449166406,166.1739751114481,176.05514400923855,166.61095191858692,176.05514400923855,166.1739751114481,175.55558252481816,165.88182024705739,175.87789703368787,166.6944252324688,176.26713025226854,166.36137012603669,175.55558252481816,165.6944252324688,175.55558252481816,166.36137012603669,176.02765418596039,166.15268857552786,175.69340061393609,166.42355690399833,176.31522942735069,166.54876514062528,175.87064758948668,166.23616188940971,175.92599620877002,166.2566102762346,176.07322406520237,166.77789854635066,176.22298121747488,166.19442349827295,175.75090955633266,166.3196352032916,175.8156679429303,165.92355516980248,175.66591079065776,166.38182198125324,176.16547227507823,166.65268684133201,176.23239098478925,166.34092173921184,175.69340061393609,166.23532374031436,175.87101656221364,165.71571176838901,175.31573748578307,166.63223845450716,176.28085913259829,165.44400529082318,175.1012219469128,167.2370000385051,176.81768918033811,165.02663872141386,175.42788763141661,169.40395013466051,170.22203380723863,171.98024923841618,170.46906046381159
181.01070757214521,180.07085638788774,180.13515010313918,182.80368464869008,177.17533721339356,186.22665091560981,175.62514970206735,185.98403933535494,175.85312972761045,186.17944978526469,176.06720224409116,186.00763990052749,175.8972787624042,186.45712067386728,176.21838024081188,185.72996901192491,175.3662773144172,185.93110883342226,175.80776766235468,185.6770385099922,175.6571518597203,186.26171022395755,176.10870281134785,185.86515995255047,175.62571189615369,186.02065827946657,175.84315776620969,185.81222945061779,175.67927069826186,185.93110883342226,175.67927069826183,185.75929894868509,175.72341973305561,185.98403933535494,175.75485969662222,185.70636844675238,175.43584449166522,185.70636844675235,175.75485969662222,186.03696983728767,175.84315776620971,185.70636844675235,175.34754642207773,185.70636844675238,175.84315776620971,186.23238028719737,176.19691223864604,186.2323802871974,175.84315776620971,185.75929894868506,175.46728445523183,185.90177889666211,176.07322406520353,186.23238028719737,175.87459772977633,185.75929894868509,175.43584449166522,185.81222945061779,175.99433576293046,186.12651928333199,175.62176175586529,185.67703850999223,175.84315776620971,186.31464072589026,176.04243493801258,186.00763990052752,175.92204606848279,186.2160687293763,175.98887613590443,186.33824129106281,176.47516635501134,186.45712067386725,175.82498906795658,185.95470939859482,176.01975390538468,186.12651928333196,175.68859182328691,185.95470939859482,176.06390294017845,186.28531078913008,176.09590509783141,186.17944978526469,175.73217866399432,185.72996901192491,175.85247889123477,186.10291871815943,175.36966526061929,185.46860968114345,176.24106127343978,186.44653848763375,174.98503301870267,185.17792041360184,176.83372961809795,186.93263820508508,174.44188469357493,185.49706306096201,179.21277682910454,180.17537856034812,182.13922428573571,180.57307597131827
171.22485548070981,170.29845753378876,170.30995870722973,172.86019462665448,167.61011376949156,176.19438294280476,166.13224018870298,175.847107906497,166.21487188509784,175.95743617233668,166.38182198125321,175.78234951989927,166.23615842101805,176.22693135776325,166.56921699584183,175.5956927770342,165.81879532000039,175.78487881573943,166.19526164736831,175.57036327686927,166.15185042643247,176.21752159044885,166.63223845450716,175.78234951989927,165.98574194776413,175.72736987334287,166.09050179756622,175.57761272107038,166.04792872572574,175.72736987334284,166.02831501960461,175.55228322090545,166.06921526164598,175.83769813918261,166.2566102762346,175.75485969662111,166.09050179756622,175.75485969662111,166.2566102762346,175.95743617233671,166.34008359011645,175.75485969662111,166.00702848368437,175.75485969662111,166.34008359011645,176.07717420549082,166.52747860470507,176.07717420549082,166.34008359011645,175.75485969662111,166.00702848368437,175.75485969662111,166.34008359011645,175.95743617233671,166.2566102762346,175.75485969662111,166.09050179756622,175.87459772977519,166.52747860470504,176.04968438221258,166.06921526164598,175.49477427850891,166.09050179756622,175.93935611637289,166.2566102762346,175.81708878737859,166.42355690399833,176.16942241536671,166.44400529082318,176.1140737960834,166.71571176838901,176.16942241536668,166.15185042643247,175.81708878737862,166.52831675380042,176.16942241536671,166.33924544102109,175.99433576292927,166.54960328972066,176.08658397280519,166.33924544102109,175.8724374066619,166.04876687482113,175.61451231166302,166.38181851286154,176.08911326864541,165.90310678297763,175.37250694951464,166.58966538266668,176.23671009780455,165.40310504878178,175.05707291211911,167.19442696666462,176.76413037823002,164.96445194345222,175.45932759498328,169.57005861332888,170.55045877951008,172.49853083795912,171.06051996019235
181.55787364617436,180.40862380422891,180.19720972590528,182.84030359280169,177.37791368910916,186.50432180421242,175.80239667761802,185.98403933535494,175.7681309619357,186.12651928333199,176.03246297661184,185.95470939859479,175.81227999672944,186.40419017193457,176.27588918320848,185.95470939859479,175.66110200000873,186.15584922009214,175.95752481462713,185.81222945061776,175.74940006959619,186.29832916806916,176.09929304403346,185.81222945061779,175.51538363031401,185.87817833148955,175.72341973305558,185.75929894868509,175.67927069826186,185.93110883342226,175.67927069826186,185.75929894868509,175.72341973305561,186.07358878139928,175.95743617233782,186.03696983728767,175.82507771024589,185.98403933535494,175.83769813918371,186.07358878139928,175.9354059760856,185.98403933535494,175.727369873344,185.98403933535496,175.9354059760856,186.12651928333196,175.95743617233782,186.12651928333199,175.9354059760856,186.03696983728764,175.84710790649811,186.12651928333199,176.04573424192532,186.12651928333196,175.84710790649811,185.98403933535496,175.8156679429315,186.17944978526469,176.28916044852193,186.40419017193454,175.89125694129186,185.81222945061779,175.72341973305561,186.02065827946655,175.7454499293078,186.00763990052752,176.21903107718757,186.45712067386725,175.98887613590443,186.00763990052752,175.97560487059093,186.07358878139925,175.61300282492658,185.95470939859482,176.2317401484147,186.45712067386725,176.06841527455322,186.2323802871974,176.15615115005434,186.17944978526467,175.85642903152319,186.02065827946657,175.70468884071613,185.86515995255047,176.12197407666136,186.38058960676202,175.57224173633489,185.55815912718776,176.24106127343978,186.44653848763375,174.98503301870269,185.21453935771345,176.91656806065944,187.06782914571065,174.60105161316179,185.72180344763188,179.49819174738164,180.54259889499502,182.61800695036069,181.10625383756914
171.82744808536441,170.61347489705298,170.24230172579522,172.72709668589749,167.67230054745318,176.34018995478877,166.17481326054346,175.72341973305447,166.06837711255062,175.93540597608447,166.44568158901393,175.78564882381201,166.13056389051226,176.13798245180004,166.63307660360252,175.88005735680107,166.17313696235271,176.01824441864588,166.3196352032916,175.58307234809629,166.00702848368437,175.90791615280622,166.23616188940971,175.46333431494224,165.81963346909575,175.6959299097762,166.15268857552786,175.64058129049292,166.11178833348646,175.81566794293033,166.13140203960762,175.66591079065785,166.1739751114481,175.93540597608441,166.34008359011645,175.84315776620855,166.1739751114481,175.72341973305444,166.06921526164598,175.72341973305444,166.1739751114481,175.72341973305444,166.06921526164598,175.72341973305444,166.1739751114481,175.72341973305444,166.06921526164598,175.72341973305444,166.1739751114481,175.84315776620855,166.34008359011645,176.04573424192415,166.42355690399833,175.84315776620855,166.09050179756622,175.72341973305441,166.15268857552786,175.95348603204823,166.61095191858692,176.22298121747482,166.36137012603669,175.75090955633263,166.15268857552786,175.80625817561591,166.06921526164598,175.87064758948674,166.71571176838901,176.31522942735072,166.2566102762346,175.57366258078193,166.04876687482113,175.69592990977623,165.92355516980248,175.75090955633263,166.59050353176207,176.22298121747485,166.38181851286154,175.95348603204826,166.38182198125324,175.83374799889415,166.1109501843911,175.78092867545101,166.07005341074137,175.65866134645674,166.44400529082318,176.158591803604,165.96529356093924,175.42606575162273,166.63223845450716,176.28085913259827,165.44400529082318,175.09181217959846,167.21571350258486,176.78294991285884,164.98573847937246,175.503476629777,169.6322453912905,170.61993731446873,172.57012738323519,171.12595553090631
181.43841625950125,180.27343286360335,180.03804280631843,182.75804315410883,177.41481327970178,186.52063336203349,175.7101484677421,185.79591789279667,175.59088398638502,186.08990033922038,176.12687150960102,186.00763990052749,175.74536128701848,186.26899923130901,176.19305074064695,185.97102095641588,175.68859182328691,186.07358878139928,175.80776766235468,185.58748906394788,175.45457538400473,185.93110883342226,175.71946959276718,185.53455856201518,175.42313542043809,185.93110883342226,175.84315776620971,185.8651599525505,175.79900873141597,186.12651928333199,175.90933699725568,186.00763990052752,175.96289579936379,186.2323802871974,175.98492599561604,185.95470939859482,175.67532055797344,185.75929894868506,175.54287345359222,185.75929894868509,175.67532055797344,185.75929894868506,175.54287345359222,185.75929894868509,175.67532055797344,185.75929894868506,175.54287345359222,185.75929894868509,175.67532055797344,185.95470939859479,175.98492599561604,186.2323802871974,175.96289579936382,185.86515995255047,175.58702248838594,185.8488483947294,175.7414997890194,186.00763990052752,176.03848479772418,186.2323802871974,175.90933699725568,185.95470939859482,175.84315776620969,185.98403933535494,175.63512166346811,186.00763990052752,176.32935934302728,186.45712067386725,175.78629966018883,185.67703850999223,175.67861986188615,185.93110883342223,175.58767332476165,185.8651599525505,176.05449317286403,186.17944978526467,175.7735905889617,185.95470939859482,175.88665596462778,185.95470939859479,175.7735905889617,186.03696983728767,175.73217866399432,185.78289951385761,175.97221692438887,186.29832916806916,175.59973155961308,185.66402013105318,176.36079930659389,186.49946898956645,174.98503301870269,185.12498991166913,176.71399158494384,186.79015825710806,174.33155642773522,185.49706306096201,179.32310509494428,180.31785850832514,182.25896231888981,180.62600647325098
171.25555178394444,170.33319680126812,170.35085894927113,173.01467192728788,167.90226863388227,176.41577895314913,166.13224018870298,175.6698609309463,166.00619033458898,175.96684593965108,166.61179006768228,175.99433576292932,166.27705866305945,176.16942241536671,166.59050353176207,175.81708878737862,166.08966364847086,175.93935611637286,166.25744842532995,175.49477427850891,165.90226863388224,175.81961808321878,166.1739751114481,175.49477427850891,165.98574194776413,175.93935611637289,166.36137012603669,175.81708878737862,166.31879705419621,176.16942241536668,166.54876514062528,176.1140737960834,166.61095191858692,176.28916044852082,166.52747860470507,175.90933699725448,166.15268857552786,175.67927069826067,166.00702848368437,175.67927069826067,166.15268857552786,175.67927069826067,166.00702848368437,175.67927069826067,166.15268857552786,175.67927069826067,166.00702848368437,175.67927069826067,166.15268857552786,175.90933699725448,166.52747860470507,176.17883218268111,166.36137012603669,175.70676052153888,166.06921526164601,175.88184717397627,166.34008359011645,175.91874676456891,166.36137012603669,176.0015852071304,166.31879705419621,175.90933699725451,166.36137012603669,175.8565176738114,166.00702848368437,175.81708878737862,166.67313869654856,176.26167062524257,166.19442349827295,175.61451231166296,166.23616188940971,175.93935611637286,166.11095018439107,175.70676052153885,166.3196352032916,175.88184717397633,166.08966364847086,175.79900873141483,166.34092173921184,175.91874676456894,166.36053197694133,176.09383341700629,166.3196352032916,175.76898961229642,166.44400529082318,176.24359056927878,166.1739751114481,175.70423122569875,166.86053371113715,176.35644813095868,165.40310504878178,174.94674464627943,166.94484517411439,176.47655513683966,164.75577039294339,175.38373859662292,169.59134514924912,170.47486978114969,172.17952102161061,170.52336292625174
181.05002528008839,180.17585874140352,180.34230501931864,183.08135553729267,177.47957166629945,186.45139130227969,175.67324887714949,185.87817833148952,175.65780269609598,186.07358878139928,176.11530141917333,186.08990033922035,175.87919870644041,186.35125967000187,176.1814806502193,185.90177889666208,175.6357724998438,186.15584922009214,175.98285431479209,185.75929894868506,175.60433253627718,186.15584922009214,176.01429427835868,185.90177889666211,175.80295887170439,186.20877972202484,175.9354059760856,185.90177889666211,175.88184717397746,186.35125967000184,176.17883218268224,186.2323802871974,176.13798245180121,186.40419017193457,176.1346831478885,186.12651928333199,175.85040721041085,185.93110883342223,175.69263060586468,185.93110883342226,175.85040721041085,185.93110883342223,175.69263060586468,185.93110883342226,175.85040721041085,185.93110883342223,175.69263060586468,185.93110883342226,175.85040721041085,186.12651928333196,176.1346831478885,186.26171022395755,175.8156679429315,185.79591789279667,175.76210914082336,186.26171022395755,176.18824194999664,186.2323802871974,176.03632447461089,186.21606872937627,175.96684593965225,186.08990033922038,175.9354059760856,185.93110883342226,175.51538363031401,185.90177889666211,176.20962130987317,186.35125967000184,175.75880983691064,185.81222945061779,175.94811504731271,186.15584922009211,175.67051176732315,185.75929894868509,175.82442687387021,186.02065827946655,175.73669099836908,186.03696983728767,176.04582288421463,186.17944978526467,176.05900550723879,186.35125967000187,176.00167384942088,186.00763990052749,176.14730357682629,186.52306955473904,175.86922674503964,185.94169101965576,176.56337578230949,186.58901843561077,174.98503301870269,185.07205940973643,176.59425355178976,186.73722775517535,174.42380463761111,185.72180344763188,179.58319051305645,180.400118947018,182.01528322590647,180.1381894551003
171.08850874720056,170.26086198426856,170.42959852781908,172.86960439396887,167.40143221898271,175.90680770141435,165.88265839615275,175.66119064229687,166.02747687050922,175.71400996574002,166.19442696666462,175.63117152317858,166.04876340642946,175.98350515116667,166.38182198125321,175.53892331330269,165.86136839184084,175.86376711801256,166.29834866737136,175.53892331330269,165.94484170572272,175.98350515116667,166.48574368195995,175.8612378221724,166.27789681215481,175.98350515116667,166.15268857552786,175.53892331330266,166.09050179756622,175.98350515116661,166.34008359011645,175.74149978901826,166.15268857552786,175.89125694129078,166.27789681215481,175.79900873141483,166.15268857552786,175.67927069826072,166.00702848368437,175.67927069826072,166.15268857552786,175.67927069826072,166.00702848368437,175.67927069826072,166.15268857552786,175.67927069826072,166.00702848368437,175.67927069826072,166.15268857552786,175.79900873141483,166.27789681215481,175.77151890813667,165.88182024705739,175.40977551283416,166.06921526164598,176.06850391684139,166.57005167654552,176.02907503040865,166.38098383215785,176.00158520713043,166.29918334807505,175.80841849872922,166.15268857552786,175.594271932586,165.79834693317551,175.63117152317855,166.44484343991857,175.98350515116658,165.98574194776413,175.53892331330258,166.25744842532995,175.86376711801248,165.90226863388224,175.41918528014847,166.07005341074137,175.77151890813661,166.08966364847086,175.79900873141483,166.34092173921184,175.90933699725454,166.33924544102109,176.05909414952697,166.27873496125019,175.7342503448171,166.42271875490295,176.23418080196441,166.1739751114481,175.71364099301317,166.88182024705739,176.39118739843803,165.44400529082318,174.97207414644438,166.94484517411439,176.5709636698289,164.98573847937246,175.67131383801336,169.81964040587908,170.4654600138353,171.81020119590627,169.93018008891156
181.22269381517521,180.19217029922461,180.16721836688126,182.61556320613181,176.82084326229221,185.94898002700722,175.5075719920265,185.94742039124333,175.79562078521391,185.95470939859482,175.77237755849967,185.72996901192491,175.62778357697766,186.17944978526469,176.01580376509628,185.64041956588059,175.3662773144172,185.93110883342226,175.80776766235468,185.58748906394788,175.45457538400473,186.12651928333199,176.161522134791,186.11350090439291,175.95018672813669,186.12651928333199,175.66591079065901,185.58748906394788,175.59643225570036,186.03696983728767,175.81708878737979,185.72996901192494,175.58307234809755,185.95470939859479,175.89267778574015,186.00763990052752,175.79505859112754,185.81222945061779,175.54287345359219,185.75929894868509,175.67532055797344,185.81222945061779,175.6626114867463,185.95470939859482,175.90538685696725,185.95470939859482,175.6626114867463,185.81222945061779,175.67532055797344,185.86515995255047,175.78234951990044,185.90177889666211,175.57366258078312,185.6770385099922,175.70676052154008,186.14283084115308,176.03848479772418,186.15011984850454,176.06381429788911,186.2323802871974,175.88400749709075,185.8651599525505,175.66591079065904,185.79591789279667,175.54287345359222,185.91809045448321,176.12678286731165,186.17944978526467,175.60905268463819,185.72996901192494,175.88335666071504,185.98403933535494,175.41042634921098,185.53455856201521,175.73217866399432,186.03696983728764,175.7735905889617,185.95470939859482,175.88665596462775,186.00763990052749,175.8933286221158,186.17944978526469,175.84250692983403,185.78289951385761,175.86188865854919,186.20877972202484,175.59973155961308,185.8065000790302,176.59086560558771,186.74780994140889,175.22450908501091,185.32040036157886,176.82431985078358,186.98556870701779,174.66328070391933,185.88059495342998,179.61068033633464,180.26492800639244,181.65623859443559,179.65794209078214
171.64615814556905,170.55459281161251,170.37214548519137,172.64209792022268,167.21403720439412,175.96036650352241,166.17481326054346,176.10324318432066,166.52664045560968,176.13073300759885,166.44568158901393,175.86123782217228,166.31795890510085,176.30581966003626,166.63307660360252,175.65866134645668,165.880982097962,175.86376711801245,166.27873496125019,175.53892331330258,165.96445541184389,176.09383341700629,166.71571176838901,176.15822283087707,166.52747860470504,176.09383341700627,166.15268857552786,175.53892331330263,166.09050179756622,175.98350515116661,166.34008359011645,175.75090955633263,166.1739751114481,176.04573424192412,166.58966538266668,176.1654722750782,166.44484343991857,175.84315776620849,166.06921526164601,175.72341973305439,166.1739751114481,175.84315776620849,166.34008359011648,176.1654722750782,166.6944252324688,176.1654722750782,166.34008359011648,175.84315776620849,166.1739751114481,175.84315776620852,166.34008359011645,176.04573424192412,166.42355690399833,175.96289579936263,166.36137012603669,176.04573424192409,166.40227036807809,176.07322406520231,166.63223845450716,176.22298121747482,166.34008359011645,175.74149978901823,166.15268857552786,175.89125694129069,166.27789681215481,176.03848479772299,166.6944252324688,176.2135714501604,166.2566102762346,175.86123782217228,166.50703021788019,175.98350515116658,165.92355516980248,175.53892331330258,166.3196352032916,176.10324318432066,166.38181851286157,175.95348603204815,166.38182198125324,175.9628957993626,166.40310504878181,176.13798245180001,166.360535445333,175.69340061393603,166.21571003419319,175.96542509520276,165.96529356093927,175.73897049317807,167.13140203960762,176.80791044029687,165.94484170572272,175.50853522145735,167.46529529513509,177.03834571201759,165.29750704988433,175.8352009059611,169.86221347771956,170.50960904862902,171.86051120526204,169.98620589231112
181.47773396744444,180.37843521711912,180.24519772249789,182.78737309086898,177.15725715742974,186.36184185623537,175.88523512017949,186.29832916806913,176.14795441320197,186.4041901719346,176.21695939636362,186.17944978526467,176.07236541484158,186.62893055860445,176.36813739308434,185.90177889666208,175.54136396685459,186.10291871815943,175.95752481462713,185.75929894868506,175.62966203644208,186.29832916806916,176.31127928706346,186.28531078913008,176.12527338057407,186.29832916806916,175.8156679429315,185.75929894868509,175.77151890813775,186.29832916806916,176.16942241536785,186.17944978526469,176.0276541859615,186.40419017193454,176.3372596236041,186.45712067386728,176.1473922191156,186.07358878139928,175.71796010602961,185.93110883342226,175.82507771024589,186.07358878139928,176.04027461489932,186.45712067386728,176.44437722782038,186.45712067386728,176.04027461489932,186.02065827946657,175.70533967709179,185.93110883342226,175.92994634905961,186.35125967000187,176.31522942735188,186.36757122782296,176.05909414952811,186.1631382274436,175.91658644145681,186.17944978526469,176.18824194999664,186.26171022395755,175.76210914082336,185.79591789279669,175.8156679429315,186.20877972202481,176.01494511473439,186.17944978526469,176.18213148659495,186.29832916806913,175.85105804678653,186.08990033922038,176.23569028870313,186.24539866613642,175.58551300164837,185.70636844675238,175.88193581626678,186.20877972202481,175.94867724139908,186.12651928333199,176.03641311690023,186.17944978526467,176.06841527455322,186.35125967000187,175.99226408210652,185.81222945061776,175.71466080211687,185.99705771429402,175.45250370318078,185.83583001579035,176.74062275786017,186.91961982614606,175.39959573744829,185.54514074824874,177.09381503621012,187.21030909368767,174.74611914648082,185.86428339560888,179.58319051305642,180.400118947018,182.01528322590647,180.13818945510033
171.22485548070981,170.28904776647437,170.28867217130949,172.82545535917515,167.56921352745016,176.15964367532544,166.11095365278274,175.83769813918261,166.21487188509784,175.95743617233668,166.38182198125321,175.78234951989927,166.23615842101805,176.22693135776325,166.56921699584183,175.6051025443486,165.84008185592063,175.81961808321876,166.23616188940971,175.49477427850888,165.92355516980248,175.93935611637286,166.42355690399833,175.81708878737859,166.2566102762346,175.93935611637289,166.09050179756622,175.49477427850897,166.06921526164598,176.04968438221266,166.52747860470504,175.98492599561496,166.34008359011645,176.0424349380115,166.46529182674342,176.0424349380115,166.34008359011645,175.74544992930672,165.98574194776413,175.635121663467,166.09050179756622,175.74544992930672,166.23532374031436,176.0424349380115,166.57005167654552,176.0424349380115,166.23532374031436,175.62571189615261,165.81963346909575,175.42313542043701,165.98574194776413,175.92269690485739,166.54876514062528,176.0424349380115,166.2566102762346,175.74544992930672,166.06921526164598,175.75485969662114,166.27789681215481,175.72736987334295,165.79834693317551,175.37503624535486,166.09050179756622,175.93935611637289,166.2566102762346,175.69735075422457,166.15268857552786,175.72736987334298,165.92355516980248,175.67202125405964,166.44484343991854,175.92994634905858,165.880982097962,175.37503624535486,166.00786663277972,175.72736987334289,166.06837711255062,175.75485969662111,166.27873496125019,175.86518796246091,166.31795890510085,176.01494511473334,166.21654818328855,175.46003501102965,165.880982097962,175.57073224959623,165.63223845450716,175.43942565922566,166.81963346909575,176.34703836364434,165.42271875490295,175.0476631448048,167.15352672462322,176.73880087806518,164.96445194345222,175.44991782766891,169.54877207740864,170.43072074635597,172.12921101225481,170.46733712285217
181.01070757214521,180.07085638788772,180.13515010313921,182.85661515062279,177.29507524654767,186.33251191947525,175.65263952534553,185.90177889666208,175.70337257533802,185.95470939859482,175.77237755849967,185.64041956588059,175.51745531113795,186.17944978526469,176.12613203093599,185.83583001579032,175.60575338072545,186.17944978526469,176.0378339613485,185.78289951385761,175.57431341715881,186.03696983728767,175.83920762592129,185.78289951385764,175.77293975258601,186.17944978526469,175.87064758948793,185.78289951385764,175.7414997890194,186.23238028719737,176.11407379608457,186.06057040246023,175.78564882381315,185.95470939859479,175.78234951990044,186.00763990052752,175.90538685696725,185.95470939859479,175.66261148674633,185.81222945061779,175.67532055797344,185.81222945061776,175.66261148674633,185.95470939859482,175.90538685696725,186.00763990052749,175.78234951990044,185.81222945061779,175.46333431494344,185.48162806008247,175.37503624535594,185.81222945061779,175.87064758948793,186.00763990052749,175.81708878737976,185.95470939859482,175.75090955633382,185.91809045448321,175.82649855469418,185.84884839472937,175.4097755128353,185.58748906394791,175.76031932364822,186.08990033922035,175.77293975258604,185.72996901192494,175.62722138289129,185.75929894868506,175.40647620892258,185.78289951385764,176.11342295970886,186.23238028719737,175.64990241551919,185.64041956588062,175.6399304541184,185.84884839472937,175.59634361341105,185.8651599525505,175.86132646446285,186.00763990052749,175.91865812228073,186.17944978526469,175.8171774296691,185.64041956588059,175.56490364984441,185.82524782955684,175.2774170507434,185.57447068500886,176.38828912987211,186.4172085508736,174.83527586643024,185.04272947297628,176.74148140822206,186.94894976290618,174.57103249404344,185.69247351087171,179.43343336078399,180.31785850832514,182.0957035511174,180.36378849211982
171.3311912934652,170.40804213929647,170.42412832434624,172.98323196372121,167.73448732541482,176.32683004718584,166.25828657442534,175.97955501087807,166.33924544102109,175.97955501087804,166.25828657442534,175.50748334973591,165.88098209796203,176.0623934534396,166.69526338156416,176.03453465743451,166.44400529082318,176.46970672798409,166.86137186023254,176.02512489012011,166.2566102762346,176.0276541859603,166.25744842532995,175.7028103812504,166.34008359011645,176.34996869483001,166.6944252324688,176.02512489012014,166.42355690399833,176.26713025226849,166.63223845450716,176.00704483415632,166.23616188940974,175.80230803532743,166.15268857552786,175.92204606848148,166.50703021788021,176.09929304403221,166.36137012603669,175.88730680100218,166.23616188940974,175.7769785351625,166.11178833348646,175.8023080353274,166.27706213145115,175.92204606848154,166.38265666195693,175.98896477819247,166.23616188940974,175.59973155961177,165.90310678297763,175.69197976948763,166.23616188940974,175.92204606848148,166.42355690399833,176.09929304403218,166.44484343991857,176.00704483415632,166.42355690399833,175.97014524356371,166.15268857552786,175.79505859112632,166.44484343991857,176.14739221911444,166.34008359011645,175.79505859112632,166.25744842532995,175.85981697772399,166.06921526164598,175.9401261244453,166.8400853243123,176.47911649529848,166.48657836266366,175.91479662428037,166.38182198125324,175.97014524356371,166.19442349827295,175.88730680100218,166.40310851717345,176.00704483415635,166.46529182674342,176.1821314865937,166.38182198125321,175.73754964872973,166.27789681215484,176.00957412999648,165.98658009685948,175.67279126213202,166.94400702501903,176.44474620054609,165.48657836266366,175.14537098170655,167.2779002805465,176.97216648097157,165.31879358580454,175.87934994075482,169.92440025568121,170.66408634926245,172.25111756688665,170.58879849696569
181.55787364617436,180.40862380422891,180.19720972590525,182.78737309086898,177.25817565595506,186.45139130227969,175.89464488749391,186.20877972202481,176.02821638004787,186.20877972202484,175.89464488749391,185.65343794481964,175.45306589726712,186.19246816420375,176.24839935993023,186.08990033922035,175.93059718543529,186.57600005667175,176.48241579921248,186.23238028719737,175.92664704514689,186.24539866613645,175.8945562452046,185.84884839472937,175.89520708158028,186.48645061062743,176.31522942735188,186.17944978526469,175.97409538385335,186.29832916806916,176.05909414952814,186.03696983728767,175.8156679429315,186.02065827946657,175.83769813918371,186.12651928333199,176.1473922191156,186.36757122782296,176.1346831478885,186.2160687293763,175.96073547625056,185.98403933535494,175.70204037317907,185.93110883342226,175.84099744309646,186.07358878139925,176.02435488204878,186.26171022395755,176.0182444186471,185.93110883342223,175.61704160750429,185.87817833148955,175.8062581756171,186.07358878139928,176.05909414952814,186.26171022395755,175.98350515116778,186.07358878139928,175.97409538385335,186.15584922009214,175.82902785053432,185.98403933535496,176.0182444186471,186.24539866613645,175.89520708158028,186.03696983728767,176.07180322075524,186.29832916806913,175.96138631262625,186.32192973324172,176.55800479757281,186.68186106053713,176.09448425338314,186.17944978526469,176.19484055782209,186.29832916806913,175.8383489755594,185.98403933535499,175.9166750837461,186.12651928333196,176.06841527455319,186.35125967000187,175.99226408210649,185.95470939859479,176.03697531098658,186.32765910482931,175.62975067873145,185.78289951385764,176.53588595903128,186.67127887430362,175.13479017097515,185.2967997964063,176.88907823738126,187.10444808982226,174.80362808887739,185.99947433623447,179.67543872293234,180.34718844508529,181.89554519275237,180.08525895316762
171.72111227260905,170.50389029154533,170.12813210867873,172.48432131567671,167.27705866305945,175.99575660737767,166.04876687482113,175.75880983690965,166.13139857121595,175.75880983690962,166.04876687482113,175.28673817576745,165.67313522815687,175.7313200136314,166.23616188940971,175.40647620892156,165.75660854203875,175.85105804678554,166.4235569039983,175.73820048510566,166.11095018439107,175.88579731426486,166.13140203960762,175.44121547640088,165.92355516980248,175.86046781409993,166.27789681215481,175.61846245195153,165.98574194776413,175.67381107123484,165.98574194776413,175.49872441879745,166.00702848368437,175.75880983690962,166.17313696235271,175.78629966018784,166.27789681215481,175.99828590321783,166.44400529082318,176.02361540338279,166.31879705419621,175.70130089451308,165.92355516980248,175.55623336119405,166.00702848368434,175.66656162703376,166.17313696235271,175.86913810274933,166.25661027623457,175.6665616270337,165.92355516980248,175.54682359387959,165.98574194776413,175.6665616270337,166.19442349827295,175.75880983690962,165.98574194776413,175.48931465148303,165.98574194776413,175.64848157106985,165.94484170572272,175.49872441879742,166.04792872572574,175.67381107123487,165.92355516980248,175.61846245195153,166.34008359011645,176.08112434577933,166.3605319769413,176.02577572649605,166.63223845450716,176.08112434577933,166.06837711255062,175.72879071779121,166.44484343991854,175.97079607993965,166.00619033458898,175.49872441879739,165.98658009685948,175.70130089451303,166.25577212713921,175.97079607993956,166.19526164736831,175.64595227522975,166.33924544102109,176.02614469922295,165.81963346909575,175.29361864724166,166.52747860470504,176.14841202821719,165.29834519897969,174.84903680937765,166.86137186023251,176.47325583292709,164.88097862957034,175.46327773527184,169.486585299447,170.06425720269252,171.46773632215977,169.74500648504349
181.8638930084048,180.58858134666716,180.21071134140524,182.66849370806452,177.09249877083207,186.24296247343091,175.65263952534556,185.90177889666208,175.70337257533802,185.95470939859482,175.77237755849964,185.64041956588059,175.51745531113795,186.03696983728767,175.80381752206628,185.3098181753453,174.98645386315096,185.70636844675238,175.83525748563289,185.83583001579032,175.80437971615265,186.2323802871974,175.9589456590754,185.69335006781333,175.4506252437163,185.84884839472937,175.69340061393723,185.64041956588059,175.50418404582447,185.75929894868509,175.5295135459894,185.67703850999223,175.7509095563338,186.14283084115306,175.99433576293046,186.00763990052752,175.78564882381318,186.09718934657181,176.10466402877015,186.39117179299552,176.20237186567203,186.09718934657181,175.68794098691126,185.81222945061779,175.64999105780851,185.81222945061776,175.68794098691126,185.90177889666208,175.76031932364825,185.86515995255047,175.69735075422565,185.90177889666211,175.75090955633382,185.8651599525505,175.70676052154008,185.81222945061776,175.5389233133038,185.6770385099922,175.64925157914351,185.81222945061779,175.50418404582447,185.64041956588062,175.69340061393723,185.90177889666208,175.57036327687044,185.78289951385764,175.949535891761,186.23238028719737,175.90603769334297,186.02395145834862,176.00309469386914,185.9913283427064,175.46324567265412,185.78289951385764,176.05665349597732,186.14283084115306,175.59634361341105,185.67703850999223,175.68407948891215,186.00763990052749,176.00365688795551,186.2323802871974,175.85191669714843,185.88876051772303,176.09195495754301,186.35125967000187,175.50748334973719,185.4392797443833,176.10071388848172,186.27472860289657,174.80053659895088,184.95318002693196,176.57364419998581,186.7078978184152,174.34963648369904,185.46044411685037,179.12993838654307,179.89770767174554,181.66044162111072,180.03989810506735
172.3243902597444,171.15570227727008,170.85563492801222,173.14711903166906,167.7770603972553,176.38038884929398,166.32047335238695,176.05844331315112,166.42271875490297,176.17818134630519,166.59134168085743,176.00309469386784,166.44400529082318,176.32793849857768,166.50786836697557,175.38379517629335,165.52747860470507,175.70863898100319,166.42439505309369,175.99368492655341,166.58966538266668,176.52326553009217,166.82047161819114,175.96835542638848,166.15268857552786,175.92929551268261,166.29834866737136,175.76361862755959,166.19526164736831,175.91337577983205,166.23616188940974,175.87394689339934,166.50703021788019,176.35542832185595,166.71571176838904,176.08593313642939,166.29834866737136,176.07652336911499,166.6944252324688,176.56016512068484,167.00786663277972,176.37350837781977,166.46445714603973,175.96619510327528,166.27873496125019,175.85586683743557,166.2148753534895,175.85586683743557,166.27873496125019,175.97560487058968,166.48574368195997,176.17818134630528,166.52831675380042,175.97560487058962,166.23616188940974,175.85586683743549,166.25744842532995,175.97560487058956,166.50703021788021,176.05844331315106,166.23616188940974,175.88335666071367,166.52831675380042,176.23569028870182,166.42355690399833,175.99368492655341,166.59050353176207,176.23569028870185,166.36137012603669,175.8833566607137,166.40310851717348,175.93870527999698,166.06921526164598,175.8833566607137,166.69526338156416,176.23569028870182,166.2566102762346,175.87394689339928,166.48658183105533,176.26318011197998,166.73616015521389,176.34601855454144,166.46529529513509,176.0211747498316,166.81963346909578,176.58802391668988,166.3196352032916,175.66884112184354,166.77789854635066,176.41330623697937,165.54876514062531,175.23366905129393,167.3826601303486,176.94072651740484,165.11011203529571,175.52559546831841,169.50870998446263,170.42066014266581,172.42116560939655,171.12767887186573
182.02266810302109,180.88170514274123,180.69677121032564,183.11797448140427,177.35042386583095,186.39846080034701,175.7749068543398,186.15584922009211,176.02821638004787,186.35125967000189,176.21695939636362,186.17944978526467,176.07236541484161,186.57600005667177,176.24839935993023,185.70636844675235,175.3112976678608,186.04998821622672,176.16010129034277,186.17944978526467,176.1292235208625,186.57600005667175,176.28378946378527,186.03696983728767,175.77546904842617,186.19246816420375,176.0182444186471,185.98403933535496,175.82902785053432,186.15584922009214,175.97409538385332,186.12651928333199,176.10324318432188,186.40419017193457,176.16942241536782,186.12651928333199,175.8156679429315,186.07358878139925,176.04968438221371,186.45712067386728,176.43496746050599,186.45712067386725,176.04968438221371,186.07358878139928,175.8156679429315,185.93110883342223,175.727369873344,185.93110883342226,175.8156679429315,186.12651928333196,176.16942241536782,186.45712067386728,176.22298121747599,186.12651928333196,175.76210914082333,186.02065827946657,175.98350515116775,186.31464072589026,176.27108039255813,186.29832916806916,175.85435735069925,186.12651928333199,176.31522942735185,186.62893055860442,176.21752159044999,186.2323802871974,176.19154125390935,186.29832916806913,175.74940006959622,185.8488483947294,175.94811504731271,186.20877972202481,175.88249801035315,186.17944978526469,176.31457859097617,186.29832916806913,175.71861094240529,185.98403933535496,176.12866132677613,186.40419017193454,176.23625248278947,186.29832916806919,175.79693705059199,185.95470939859479,176.32455055237696,186.74780994140892,175.95206518760114,185.88876051772306,176.54529572634567,186.76082832034794,175.23570866950044,185.43927974438333,177.11047424772565,187.20302008633621,174.64915078824396,185.65256138787808,179.29345494855275,180.34718844508529,182.65473707296186,181.44402125391034
171.47842972634439,170.48585793698589,170.42575717654231,172.72774752227343,167.234485591219,175.73021156223962,165.71571176838901,175.56018350148247,166.04792525733407,175.79024980047626,166.23616188940971,175.64049264820383,166.11011203529571,176.08507448606781,166.4235569039983,175.43791617248826,165.67313522815687,175.76275997719813,166.34008359011645,175.64990241551826,166.02747687050922,175.79749924467745,166.04792872572574,175.35291740681348,165.8400818559206,175.77216974451252,166.19442349827295,175.53016438236412,165.90226863388224,175.70525103480151,166.17313696235271,175.74215062539412,166.19442349827295,175.82498906795567,166.15185042643247,175.6224125922401,165.94484170572272,175.51208432640038,165.90226863388224,175.64774209240497,166.23532374031436,175.83439883527004,166.13223672031131,175.62241259224004,165.96445541184389,175.50267455908593,165.86136839184084,175.50267455908599,165.96445541184389,175.73274085807981,166.38181851286154,176.12197407666045,166.44400529082318,175.73274085807972,165.90226863388224,175.61300282492562,166.17313696235271,175.9099878336304,166.38181851286154,175.79024980047629,165.90226863388224,175.64049264820383,166.44400529082318,176.20481251922195,166.3605319769413,175.76964044867236,166.27789681215481,175.7974992446774,165.79750878408015,175.35291740681339,166.09050179756622,175.89190777766657,166.21487188509781,175.85247889123383,166.40227036807809,175.70525103480156,165.67313522815687,175.41983611652441,166.1739751114481,175.82498906795561,166.17229881325736,175.59492276896174,165.6535249904274,175.27007896425189,166.25577212713921,176.14983287266548,166.00702848368437,175.44479664396246,166.71487361929366,176.38242846749949,165.46445367764804,174.99080503878406,167.04876687482113,176.57161450620475,164.75660507364708,175.18832292281931,169.21404414117748,170.21543519941329,172.4460523071256,171.3658873541797
181.35604464231884,180.31919733973015,180.27296819225714,182.72142420999722,176.91525179528139,185.85943058096291,175.21058698332172,185.56388849877533,175.4733062763442,185.81222945061782,175.77237755849967,185.72996901192491,175.62778357697766,186.17944978526469,176.01580376509628,185.64041956588059,175.36627731441723,185.98403933535496,175.92750569550878,185.6933500678133,175.48206520728294,185.79591789279669,175.44997440734065,185.3098181753453,175.34029697787662,185.94742039124336,175.87064758948793,185.72996901192491,175.5295135459894,185.90177889666211,175.82649855469418,185.91809045448321,175.75090955633382,185.90177889666208,175.69735075422568,185.81222945061776,175.64058129049411,185.72268000457345,175.49477427851005,185.71365745410381,175.68399084662286,185.86515995255047,175.68143102137512,185.8651599525505,175.77623905649875,185.90177889666208,175.67202125406072,185.81222945061779,175.66591079065904,185.95470939859479,175.99433576293046,186.28531078913008,176.07322406520353,186.00763990052749,175.70676052154008,185.95470939859482,175.86123782217351,186.00763990052752,175.82649855469418,185.81222945061779,175.41918528014969,185.72996901192494,175.98097585532764,186.23238028719737,175.78234951990044,185.83583001579035,175.949535891761,186.17944978526467,175.69405145031294,185.78289951385764,175.91809592819436,186.23238028719737,175.93747765690961,186.11350090439294,176.08198299614224,185.90177889666208,175.27402910454134,185.58748906394791,175.80381752206625,186.00763990052749,175.79167064492552,185.75929894868509,175.24202694688833,185.36274867727801,175.76023068135893,186.15584922009214,175.39715508389747,185.4392797443833,176.30329036419732,186.60532999343187,175.09752160765566,185.09565997490898,176.59897370015074,186.7078978184152,174.32430698353411,185.46044411685037,179.155267886708,180.04018761972256,182.09990657779252,180.74574450640506
171.85882977107983,170.86527075383881,170.80749344013412,173.11567906810242,167.61095191858692,176.02663437685757,165.8622100093279,175.58495080756063,165.98574194776413,175.82442687386882,166.40394666626884,175.85191669714706,166.2566102762346,176.20425032513512,166.59134168085743,175.75966848727117,166.06921526164598,176.08451229198101,166.50786836697557,175.75966848727114,166.15268857552786,175.96477425882691,166.15352672462322,175.43735397840143,165.98658009685948,176.08451229198101,166.59050353176207,175.96224496298674,166.3196352032916,176.11200211525923,166.52831675380042,176.01975390538334,166.3196352032916,175.90001587222923,166.25744842532995,175.90001587222926,166.3196352032916,175.90001587222923,166.25744842532995,175.90001587222923,166.3196352032916,175.9000158722292,166.25744842532998,176.01975390538331,166.59050353176207,176.22233038109894,166.50703021788019,176.01975390538334,166.34092173921184,176.01975390538337,166.50703021788019,176.22233038109894,166.59050353176207,176.13949193853745,166.52831675380042,176.23174014841334,166.59050353176207,176.05449317286264,166.3196352032916,175.82442687386884,166.07005341074137,175.85191669714703,166.59050353176207,176.20425032513512,166.25744842532995,175.86999675311085,166.65269030972371,176.49182556652548,166.6535249904274,176.16698176181563,166.73616362360556,176.42490685681457,166.61095191858692,176.25922997169155,166.77873669544604,176.11200211525923,166.06921526164598,175.84250692983264,166.57005514493721,176.23174014841331,166.54876514062531,175.99226408210509,166.02831848799627,175.54768224424114,166.36137012603669,176.11453141109936,165.88265839615278,175.42541491524688,166.8400853243123,176.67885128211745,165.86220654093623,175.3219671208814,167.23616535780141,176.84236784412718,165.1935853491776,175.80055028077095,169.82215138477355,170.49954844493888,172.15246580240384,170.64654764132467
181.94252842429117,180.85151655563143,180.74475920691825,183.11797448140427,177.24950536730563,186.16643140632564,175.44318257815567,185.7193868256914,175.52865489562748,185.93110883342229,176.01438292064799,186.03696983728764,175.86037917181162,186.29832916806916,176.08056215169395,185.81222945061776,175.62636273252937,186.24539866613645,176.10259234794617,185.95470939859479,175.92664704514689,186.48645061062743,176.19154125390935,185.90177889666211,175.71796010602961,186.29832916806916,176.22298121747596,186.2323802871974,176.09383341700746,186.35125967000187,176.05909414952814,185.98403933535496,175.69592990977739,185.93110883342226,175.84710790649811,186.07358878139928,175.92599620877121,186.07358878139928,175.939356116374,186.17216077791323,175.99291491848217,186.02065827946657,175.7526993735089,186.07358878139928,176.11265295163628,186.31464072589026,176.04968438221371,186.12651928333199,175.9354059760856,186.12651928333199,175.95743617233782,186.12651928333199,175.9354059760856,186.17944978526469,176.16942241536782,186.45712067386728,176.22298121747596,186.17944978526469,175.88184717397746,186.02065827946657,175.77151890813775,186.08990033922038,176.22298121747596,186.35125967000184,175.83769813918369,186.04425884463913,176.30186951974906,186.68186106053713,176.25837132133103,186.28531078913011,176.27042955618242,186.44080911604615,175.99282627619286,186.2323802871974,176.32398835829056,186.35125967000184,175.82893920824498,186.12651928333199,176.2483993599302,186.45712067386725,176.2362524827895,186.29832916806916,175.79693705059199,185.81222945061779,176.00223604350725,186.2747286028966,175.45250370318075,185.55815912718776,176.45304751646978,186.86668932421335,175.47518473580865,185.54514074824874,177.01822603784973,187.15737859175496,174.79421832156299,185.99947433623447,179.68484849024671,180.400118947018,182.05880396052478,180.34747693429875
171.76270027521363,170.70799760766241,170.58245588789626,172.7591874858401,167.17229881325736,175.65132325996655,165.63223845450713,175.38688666622031,165.75577039294339,175.5341145226526,166.17397511144807,175.65385255580674,166.02663872141383,175.82893920824407,166.15268857552786,175.39376713769451,165.86053024274548,175.92118741812001,166.31879705419621,175.62383343668833,166.21487188509781,176.33791045997887,166.71487361929366,175.82640991240393,166.06837711255062,175.94867724139814,166.38181851286154,175.89332862211489,166.3605319769413,175.9486772413982,166.08966364847086,175.36627731441629,165.65268684133201,175.45852552429218,166.08966364847086,175.78084003316189,166.17313696235271,175.688591823286,166.08966364847086,175.75551053299696,166.13223672031131,175.5688537901319,165.85969556204179,175.5688537901319,166.13223672031131,175.75551053299696,166.08966364847086,175.688591823286,166.17313696235271,175.78084003316189,166.08966364847086,175.57826355744629,165.92355516980248,175.688591823286,166.33924544102109,176.06841527455231,166.38181851286154,175.77359058896081,166.08966364847086,175.73669099836818,166.08966364847086,175.77359058896076,166.38181851286154,175.94867724139814,166.06837711255062,175.71608164656419,166.46529182674342,176.1606634844282,166.25577212713921,175.71608164656425,166.27789681215481,175.83834897555852,165.9227170207071,175.59634361341011,166.34008359011645,175.9486772413982,166.11011203529571,175.77359058896079,166.36137012603669,175.97616706467642,166.35969382784594,175.9486772413982,166.09050179756622,175.51350517084865,166.19358534917757,175.89369759484177,165.71487361929366,175.28090957601461,166.65268684133201,176.44860769854543,165.69274893427806,175.2342312453807,167.19526164736831,176.72279250292556,164.98490033027707,175.54207739525572,169.61012070627493,170.34853314017022,171.93570791234691,170.28044017802466
181.39536235026202,180.33465024720161,180.277546632721,182.61556320613181,176.7105149964525,185.75356957709749,175.26809592571828,185.69907943940089,175.56555448622012,185.8488483947294,175.85521600106117,185.81222945061776,175.57496425353452,185.93110883342226,175.69132893311331,185.53455856201518,175.54352428996791,186.20877972202484,176.01034413807028,185.72996901192491,175.66656162703472,186.40419017193457,176.32935934302728,186.06057040246023,175.75485969662222,186.12651928333196,175.95348603204943,186.00763990052752,175.91874676457007,186.03696983728767,175.58702248838597,185.42869755814979,175.22385824863522,185.70636844675238,175.87459772977633,186.14283084115308,175.96289579936382,185.90177889666211,175.57761272107155,185.75929894868509,175.64058129049411,185.75929894868509,175.57761272107155,185.75929894868509,175.64058129049411,185.75929894868509,175.57761272107155,185.90177889666211,175.96289579936382,186.14283084115308,175.87459772977633,185.90177889666211,175.66591079065904,185.95470939859482,175.99433576293043,186.2323802871974,175.95348603204943,185.95470939859482,175.799008731416,186.03696983728767,175.79900873141597,185.95470939859482,175.95348603204943,186.12651928333196,175.75485969662222,185.91809045448321,176.00704483415757,186.12651928333196,175.60905268463819,185.72996901192494,175.88335666071504,186.03696983728764,175.53016438236509,185.72996901192494,175.96224496298814,186.17944978526467,175.77359058896172,185.8651599525505,175.77632769878807,185.90177889666208,175.76418082164733,185.98403933535496,175.62185039815461,185.64041956588059,175.8524788912348,186.19246816420375,175.479993526459,185.57447068500886,176.37020907390828,186.64194893754348,175.20568955038212,185.26746985964616,176.72340135225826,186.70060881106374,174.21181839458112,185.39120205709656,179.20336706179015,180.12244805841544,181.97596551796329,180.31085799018712
171.36257297918061,170.42977169708851,170.46886991766442,172.75251482835165,167.19358881756926,175.77379840294651,165.88349654524814,175.81575658521945,166.27789681215484,175.97890417450228,166.44484690831024,175.7763276987867,166.02831501960461,175.80634681790502,166.11179180187813,175.47209324588079,166.09050179756622,176.18617026917133,166.50786836697557,175.59183127903489,165.96529356093924,176.11925155946037,166.67397684564392,175.98106449761553,166.27873496125019,176.03641311689887,166.38182198125324,175.88665596462639,166.34092173921184,175.92608485105913,166.07005341074137,175.44460342260257,165.86137186023254,175.82442687386884,166.52831675380042,176.24114991572773,166.61179006768231,175.94416490702295,166.04876687482113,175.64717989831817,166.13224018870301,175.83383664118324,166.27873496125019,175.83383664118324,166.13224018870301,175.64717989831817,166.04876687482113,175.94416490702295,166.61179006768231,176.24114991572773,166.52831675380042,176.05449317286266,166.38182198125324,176.06390294017706,166.54960328972066,176.15615115005295,166.38182198125324,175.88665596462639,166.34092173921184,176.04582288421324,166.34092173921184,175.88665596462636,166.38182198125324,176.03641311689884,166.27873496125019,175.86132646446146,166.40310851717345,175.91667508374474,165.98658009685948,175.68407948891078,166.48658183105533,176.12866132677476,166.1739751114481,175.80381752206489,166.57005514493719,176.24839935992887,166.36137012603669,175.77632769878667,166.11179180187813,175.65658966563259,166.09050179756622,175.80634681790502,166.04960502391648,175.59183127903489,166.42355690399833,176.26900871173282,166.15352672462322,175.6468109255913,166.86137186023254,176.51101407388123,165.6535249904274,175.12664008936693,166.98658356525118,176.3341360710574,164.48574021356828,175.10566176483607,169.34260150579425,170.30422141342439,172.17375233832408,170.6559574086391
181.39536235026202,180.42419969324595,180.48012310843652,182.9461645966671,177.09974821503317,186.08417096763279,175.47067240143389,185.93110883342223,175.8878689950898,186.23238028719743,176.15220100976592,185.95470939859479,175.60029375369942,185.93110883342229,175.66599943294838,185.53455856201518,175.56885379013281,186.20877972202484,175.98501463790535,185.58748906394788,175.36957661832994,186.02065827946657,176.00704483415757,185.91809045448318,175.75485969662222,186.12651928333199,175.95348603204943,185.95470939859482,175.79900873141594,185.98403933535496,175.67927069826183,185.75929894868509,175.72341973305558,186.12651928333199,176.07717420549193,186.2323802871974,176.05514400923968,186.03696983728767,175.63512166346808,185.79591789279669,175.75815900053493,186.03696983728767,175.93210667217286,186.03696983728767,175.75815900053493,185.79591789279669,175.63512166346808,186.03696983728767,176.05514400923971,186.2323802871974,176.0771742054919,186.32192973324172,176.1654722750794,186.28531078913011,176.08658397280632,186.17944978526469,175.83374799889529,185.95470939859482,175.91874676457007,186.17944978526469,175.90933699725565,186.00763990052752,175.96289579936382,186.17944978526469,175.86518796246193,186.00763990052752,176.00704483415754,186.12651928333196,175.70130089451405,186.00763990052752,176.26318011198131,186.40419017193454,175.82498906795655,186.00763990052752,176.2317401484147,186.45712067386725,175.9761670646773,185.90177889666211,175.65658966563393,185.75929894868506,175.65385255580759,185.93110883342226,175.61244063084021,185.72996901192491,176.06446513426479,186.43352010869472,175.65724050200964,185.61108962912047,176.27580054091911,186.49946898956645,175.07003178437748,185.12498991166913,176.53674460939317,186.45955686657277,174.00924191886551,185.30165261105228,179.20336706179012,180.12244805841542,181.97596551796329,180.31085799018715
171.76270027521363,170.81832587350212,170.83203768044649,173.16650076038459,167.65184869223665,176.05863653451107,165.88182024705739,175.72728123105378,166.27622051396409,176.15341404022703,166.6535249904274,175.88391885480053,166.06753896345526,175.82893920824409,166.11178833348646,175.39376713769451,165.90143048478689,175.92118741812001,166.27789681215481,175.39376713769454,165.73532200611851,175.71861094240441,166.19442349827295,175.59634361341014,166.06837711255062,175.94867724139823,166.38181851286154,175.77359058896081,166.08966364847086,175.73669099836818,166.08966364847086,175.77359058896076,166.38181851286157,176.06841527455225,166.33924544102109,175.79892008912563,166.17313696235274,175.74610076568254,166.02747687050922,175.65385255580665,166.17313696235274,175.85642903152225,166.27705866305945,175.85642903152225,166.17313696235274,175.65385255580665,166.02747687050922,175.74610076568254,166.17313696235274,175.79892008912563,166.33924544102109,176.18815330770636,166.65268684133204,176.09590509783047,166.33924544102109,175.85642903152228,166.1109501843911,175.77359058896079,166.36053197694133,176.05900550723788,166.33924544102109,175.89332862211489,166.40310504878178,176.06841527455234,166.31795890510085,175.91865812227982,166.46529182674342,176.06841527455228,166.25577212713921,176.00365688795455,166.73616015521389,176.23625248278853,166.17229881325736,175.79167064492452,166.54876514062528,176.23625248278856,166.35969382784594,175.76418082164639,166.09050179756622,175.65385255580668,166.11011203529571,175.82893920824404,166.06921526164598,175.6238334366883,166.46445367764807,176.19068260354655,165.92355516980248,175.27149980870027,166.42271875490295,176.12629318967581,165.40226689968642,175.00416494638691,166.96529356093927,176.42580749422072,164.73531853772684,175.43174912941595,169.61012070627493,170.34853314017019,171.93570791234691,170.28044017802466
181.94252842429117,180.90444705756411,180.86449724007244,183.313384931314,177.47957166629948,186.36184185623537,175.56292061130978,185.96772777753384,175.97070743765133,186.45712067386728,176.42169619519251,186.23238028719737,175.89511843929094,186.29832916806916,176.04582288421466,185.81222945061776,175.66110200000873,186.24539866613645,176.06785308046688,185.81222945061776,175.63907180375651,186.15584922009214,175.97955501087938,185.90177889666208,175.83769813918371,186.35125967000184,176.22298121747599,186.08990033922038,175.77151890813778,186.02065827946655,175.88184717397746,186.17944978526469,176.22298121747599,186.31464072589026,175.84710790649814,185.79591789279669,175.63842096738085,185.93110883342226,175.81236863901879,185.98403933535496,175.85040721041085,185.98403933535494,175.81236863901879,186.07358878139928,175.96073547625056,185.98403933535494,175.70204037317907,185.84155938737794,175.63842096738085,185.88546733884098,175.95743617233785,186.36757122782296,176.23239098479038,186.17944978526469,175.87243740666307,186.02065827946655,175.78092867545217,186.03696983728767,176.09383341700749,186.35125967000184,176.05909414952814,186.17944978526469,176.13798245180124,186.35125967000184,176.01494511473439,186.17944978526469,176.18213148659495,186.35125967000184,175.97079607994064,186.2323802871974,176.34601855454284,186.29832916806913,175.59492276896276,185.75929894868509,175.99226408210649,186.29832916806913,175.94867724139914,185.98403933535496,175.80634681790642,185.93110883342223,175.828939208245,186.15584922009214,175.8819358162668,186.00763990052749,176.26704160998042,186.47013905280633,175.53750246885556,185.41567917921074,176.04573424192532,186.34067748376833,175.03313219378487,185.2967997964063,176.89848800469565,187.01489864377794,174.68389005572328,185.94654383430174,179.67543872293234,180.34718844508532,181.89554519275237,180.0852589531676
171.85882977107983,170.87468052115324,170.82877997605434,173.15041833558178,167.65185216062832,176.06137364433692,165.88349654524814,175.71409860802916,166.2566102762346,176.14674138273855,166.65352845881907,175.97165473030122,166.27789681215481,176.20425032513518,166.57005514493719,175.75966848727123,166.09050179756622,176.08451229198107,166.4865818310553,175.75966848727123,166.17397511144807,176.08451229198107,166.40310851717345,175.7596684872712,166.25744842532995,176.20425032513521,166.59050353176204,175.85191669714709,166.07005341074137,175.82442687386884,166.3196352032916,176.05449317286266,166.59050353176207,176.00167384941957,166.00786663277972,175.40986415512324,165.86137186023251,175.70468884071474,166.25744842532995,175.82442687386884,166.13224018870298,175.62185039815324,166.00786663277972,175.82442687386884,166.38182198125321,175.82442687386884,166.00786663277972,175.50211236499914,165.86137186023251,175.61244063083885,166.25744842532995,176.00167384941957,166.34092173921184,175.73217866399295,166.04876687482113,175.70468884071474,166.07005341074137,175.73217866399295,166.3196352032916,176.00167384941952,166.27873496125019,175.84250692983269,166.36053544533297,175.99226408210521,166.21654818328855,175.81717742966777,166.38182198125321,175.99226408210515,166.19526164736831,175.85191669714706,166.46529529513509,175.79693705059063,165.6535249904274,175.24202694688697,166.02831848799624,175.79693705059069,166.09050179756622,175.62185039815324,166.04960502391648,175.61244063083888,166.06921526164598,175.88193581626541,166.25828657442531,175.87940652042528,166.67313869654856,176.25959894441843,165.88265839615275,175.20475838356751,166.34092173921181,176.05955176454304,165.36137012603669,175.08249105457321,167.19526511575998,176.81703834396228,165.19358534917757,175.79114051345655,169.80086484885331,170.37981041178477,171.7831459766995,170.05336480398452
181.35604464231884,180.37212784166289,180.39270622541116,182.91683465990693,177.14531809427518,186.10777153280534,175.45006304962993,185.86515995255047,175.82311060849213,186.15011984850457,176.00244385749346,185.83583001579032,175.63719334429203,186.2323802871974,176.12613203093599,185.83583001579032,175.60575338072542,186.17944978526469,176.0378339613485,185.83583001579032,175.69405145031291,186.17944978526469,175.949535891761,185.83583001579032,175.78234951990041,186.28531078913011,176.10071388848172,185.92537946183464,175.64925157914348,186.00763990052752,175.94623658784826,186.11350090439294,175.98097585532761,185.95470939859482,175.49477427851002,185.58748906394791,175.58307234809755,186.00763990052749,176.01241581889423,186.06057040246023,175.70281038125165,185.72996901192491,175.60510254434973,186.06057040246023,176.11012365579614,186.0605704024602,175.60510254434973,185.67703850999223,175.58307234809755,185.91809045448321,175.90208755305454,186.00763990052752,175.69340061393723,185.72996901192491,175.61451231166416,185.8651599525505,175.6586613464579,185.78289951385764,175.76898961229759,186.00763990052752,175.73425034481826,185.78289951385764,175.69340061393723,185.81222945061776,175.4600350110307,185.64041956588062,175.73754964873098,185.95470939859479,175.64595227523077,185.88876051772306,176.02117474983297,185.95470939859479,175.27007896425289,185.36274867727803,175.54768224424251,185.81222945061776,175.51350517084953,185.64041956588062,175.59183127903626,185.72996901192491,175.62383343668921,185.95470939859482,175.75966848727251,185.94169101965574,176.21169299069709,186.40419017193457,175.50748334973719,185.4392797443833,176.10071388848172,186.32765910482928,174.92027463210499,185.09565997490898,176.68397246582549,186.81375882228062,174.47878428416752,185.65585456676013,179.35059491822241,180.04018761972256,181.61692088649238,179.83061062586896
171.47842972634439,170.59618620282555,170.67533896909254,173.13506079681781,167.7140354701983,176.2572628699381,166.23616188940974,176.11256430934594,166.5683753783548,176.23230234250005,166.50703021788021,175.76023068135785,166.11011203529571,176.20481251922183,166.6944252324688,175.87996871451199,166.1935853491776,176.20481251922183,166.61095191858692,175.87996871451199,166.27705866305945,176.20481251922186,166.52747860470507,175.87996871451199,166.36053197694133,176.32455055237597,166.71487361929366,176.08254519022756,166.42271875490297,176.23230234250002,166.65268684133204,176.14946389993852,166.44400529082318,175.9353173337953,166.1518504264325,175.8524788912338,166.46529182674342,176.35204037565418,166.88098209796203,176.35204037565418,166.46529182674342,175.96280715707351,166.40143221898273,176.35204037565418,166.94484170572272,176.35204037565418,166.40143221898273,175.96280715707351,166.46529182674342,176.24171210981447,166.6314003054118,176.0550553669494,166.23532374031436,175.8524788912338,166.38181851286157,176.12197407666036,166.44400529082321,175.97221692438785,166.44400529082321,176.14730357682524,166.42271875490297,175.86188865854814,166.21571003419319,175.71466080211587,165.88098209796203,175.56490364984336,166.27789681215484,176.03697531098555,166.33924544102109,176.09195495754193,166.81963346909578,176.32455055237588,166.25577212713924,175.76023068135783,166.36137012603669,176.00223604350626,166.1935853491776,175.85247889123372,166.42355690399833,176.06446513426374,166.46445367764807,176.14730357682518,166.40227036807809,175.99970674766607,166.75660854203878,176.47430770464842,166.2566102762346,175.75770138551769,166.96445541184389,176.62190453380762,165.75660854203878,175.32252931496808,167.29834866737139,176.83642007267778,165.08966018007919,175.63978523215738,169.69359402015678,170.42742144244326,172.00730445762295,170.34587574873865
181.59719135411754,180.60317560378897,180.60694111780037,183.14730441816442,177.38985275226372,186.42779073710716,175.83025547362308,186.27472860289657,176.17797353232035,186.38058960676204,176.06973153993133,185.82524782955682,175.60282304953961,186.2747286028966,176.22090953665204,185.93110883342223,175.69112111912708,186.2747286028966,176.13261146706455,185.93110883342223,175.77941918871457,186.2747286028966,176.04431339747705,185.93110883342226,175.86771725830206,186.47013905280633,176.39806786991338,186.35125967000187,176.12385253612584,186.38058960676202,176.12385253612584,186.15584922009214,175.95601532788956,186.13953766227101,175.90245652578142,186.15584922009214,176.17741133823398,186.57600005667172,176.51234627604151,186.57600005667175,176.17741133823398,186.24539866613642,176.10503300149702,186.57600005667175,176.58472461277847,186.57600005667172,176.10503300149702,186.19246816420375,176.05767330507987,186.2910401607177,176.07970350133209,186.13953766227101,175.87101656221481,186.10291871815943,176.08911326864651,186.38058960676202,176.15859180360516,186.29832916806916,176.24359056927995,186.52306955473904,176.23418080196555,186.20877972202484,175.96542509520395,185.99705771429399,175.57073224959728,185.82524782955684,176.00957412999773,186.32765910482928,176.02614469922392,186.35125967000187,176.58802391669118,186.74780994140889,176.14983287266645,186.15584922009214,176.11453141110073,186.27472860289657,175.89369759484268,186.19246816420375,176.26900871173419,186.43352010869469,176.19068260354746,186.32765910482931,175.93728443555008,186.02065827946657,176.17732269594467,186.44653848763377,175.69450906532913,185.8651599525505,176.68564311130376,186.98556870701782,175.53994312240638,185.6110896291205,177.03883538965371,187.04422858053809,174.54607196660538,185.73482182657091,179.51880109918562,180.37651838184547,182.09133105645085,180.30328833635465
171.36188759669983,170.32304337362172,170.19416023791715,172.46559042333706,166.9857419477641,175.48687399793204,165.50786836697554,175.34217543733988,165.8400818559206,175.46191347049398,165.77873669544601,174.98984180935179,165.38181851286154,175.43442364721574,165.9661317100346,175.10957984250589,165.4652918267434,175.43442364721574,165.88265839615275,175.10957984250589,165.54876514062528,175.43442364721574,165.79918508227087,175.10957984250587,165.63223845450713,175.66448994620959,166.23616188940971,175.60914132692631,165.92439331889784,175.46191347049401,165.69442523246877,175.19241828506742,165.71571176838901,175.46191347049398,165.9031067829776,175.48940329377223,165.98658009685948,175.69197976948783,166.15268857552783,175.69197976948783,165.98658009685948,175.48940329377223,165.9031067829776,175.69197976948783,166.23616188940971,175.69197976948783,165.9031067829776,175.36966526061812,165.71571176838901,175.24992722746401,165.63223845450713,175.24992722746401,165.71571176838901,175.36966526061812,165.9031067829776,175.57224173633369,165.96529356093924,175.59973155961191,166.17397511144807,175.8692267450385,166.17397511144807,175.59973155961191,165.96529356093924,175.45250370317959,165.63223845450713,175.2774170507422,165.98658009685946,175.62975067873032,165.81963346909575,175.50748334973602,166.31963520329157,175.9520651876,166.00702848368434,175.39715508389628,165.88265839615275,175.45250370317959,165.71487361929363,175.47999352645778,166.15352672462322,175.65724050200851,165.92355516980248,175.42717420301469,165.63307660360252,175.10017007519156,165.77706039725527,175.39752405662318,165.27873496125017,174.96198301334672,166.44484343991854,176.24941916903165,165.52747860470504,174.95004395019214,166.77873669544601,176.13221043171774,164.31879358580454,174.91965585834689,169.15436834211025,170.02670677572419,171.66123942206764,169.93190342987097
181.48939546946247,180.26712548814709,179.97356506620173,182.27194343665747,176.47066995741741,185.51581081148856,175.00548121176598,185.41567917921071,175.37852877062815,185.61108962912047,175.4475337537898,185.24386929447354,175.07287347327397,185.64041956588062,175.5712219272323,185.24386929447354,175.04143350970736,185.58748906394791,175.48292385764481,185.29679979640625,175.24946961244896,185.72996901192494,175.50495405389705,185.29679979640625,175.22743941619675,185.83583001579035,175.85870852633337,185.71695063298588,175.3913264841446,185.41567917921074,175.08493170812542,185.28048823858518,175.42606575162395,185.79921107167871,175.66949195822059,185.66402013105318,175.46080501910328,185.61108962912044,175.45750571519056,185.61108962912047,175.46080501910328,185.52154018307613,175.34717744935085,185.61108962912047,175.57113328494299,185.66402013105315,175.46691548250496,185.52154018307616,175.24881877607328,185.22755773665244,175.05019244064607,185.32612973316643,175.31573748578424,185.46860968114342,175.37250694951581,185.55815912718776,175.42606575162395,185.66402013105318,175.70423122569991,185.94169101965576,175.71364099301431,185.8065000790302,175.73897049317927,185.83583001579032,175.43942565922674,185.57447068500886,175.6727912621333,185.78289951385761,175.29361864724271,185.4392797443833,175.66884112184491,185.88876051772303,175.44479664396343,185.4392797443833,175.42541491524824,185.55815912718774,175.28090957601557,185.57447068500886,175.64681092559269,185.61108962912044,175.27149980870118,185.41567917921074,175.20475838356887,185.29679979640625,175.43538687664903,185.48162806008247,174.66499800464314,184.90024952499923,175.94370729200813,186.35125967000184,175.00999354614075,184.94016164799291,176.3063093376725,186.25841704507545,173.82005588016031,185.06389384544332,178.98234155738388,179.92130823691809,181.70413182372045,179.92772972574573
172.5779645053789,171.34310268046715,170.9714333973248,173.13440996044193,167.6723005474532,176.35827001075248,166.42439505309372,176.33330948331439,166.79750878408018,176.56337578230819,166.94484517411442,176.26855109671672,166.54792699152995,176.50114669155067,166.86137186023254,176.05656485368672,166.36053197694133,176.38140865839659,166.77789854635068,176.17630288684083,166.71487361929368,176.7037231672663,166.94400702501903,176.17630288684083,166.54876514062531,176.62088472470484,167.13140203960765,176.47112757243235,166.61095191858695,176.12132324028443,166.34008359011648,176.14881306356264,166.88182024705742,176.74062275785894,167.06921526164601,176.47112757243235,166.67313869654859,176.24106127343853,166.54876514062531,176.2410612734385,166.67313869654859,176.24106127343853,166.54876514062531,176.2410612734385,166.67313869654859,176.36079930659264,166.81963346909578,176.4530475164685,166.67313869654859,176.06381429788786,166.34008359011648,176.13073300759885,166.63223845450719,176.24106127343853,166.58966538266671,176.24106127343853,166.63223845450719,176.36079930659264,166.86053371113718,176.56337578230824,166.88182024705742,176.59086560558646,167.13140203960765,176.74062275785894,166.81963346909578,176.38828912987086,166.94400702501903,176.53588595903003,166.52747860470507,176.10071388848041,166.77789854635068,176.54529572634442,166.71487361929368,176.30329036419599,166.84008532431233,176.45304751646853,166.65268684133204,176.37020907390701,166.86137186023254,176.27580054091788,166.42271875490297,176.15606250776375,166.59050353176207,176.27796086403112,166.92355516980251,176.3633286024328,165.96529356093927,175.6467222833021,167.13140203960765,177.01048691601241,166.19442349827298,175.62827325461137,167.48658183105536,177.0383457120175,165.27622051396409,175.94552917180079,170.13308180619006,171.03666035632759,172.81970917578539,171.23628379674602
182.43648334990661,181.16568340680004,180.8187578928389,183.21325329903618,177.53744958142289,186.7714105065815,176.24009804400771,186.67127887430362,176.53755660450952,186.91961982614612,176.80188861918566,186.69487943947618,176.36971939627327,186.81375882228068,176.54575334136189,186.27472860289657,176.01596492383695,186.61834837237095,176.45745527177439,186.4701390528063,176.54631553544826,187.14436021281597,176.77647047673139,186.47013905280633,176.22730033049126,186.86668932421338,176.80791044029803,186.69487943947621,176.27144936528501,186.39360798570107,176.12638183196597,186.49946898956648,176.60317364146914,186.86668932421338,176.52428533919604,186.49946898956648,176.20527013423904,186.39360798570107,176.19256106301194,186.44653848763377,176.32500816739315,186.44653848763377,176.19256106301194,186.44653848763377,176.32500816739315,186.6419489375435,176.63461360503575,186.91961982614609,176.61258340878354,186.49946898956648,176.11697206465155,186.39360798570107,176.28085913259943,186.44653848763377,176.23671009780566,186.44653848763377,176.28085913259943,186.49946898956648,176.35644813095979,186.5890184356108,176.39118739843911,186.74780994140892,176.80791044029803,186.91961982614609,176.34703836364537,186.41720855087362,176.44474620054726,186.67127887430362,176.14841202821819,186.2747286028966,176.41330623698065,186.76082832034794,176.3824284675004,186.60532999343189,176.67885128211881,186.86668932421335,176.44860769854637,186.64194893754353,176.51101407388254,186.49946898956645,176.12629318967666,186.48315743174538,176.38186627341403,186.65826049536457,176.79915150935929,186.84308875904082,175.84210589448833,186.02065827946657,176.91823870613771,187.23963903044785,175.66221045140063,185.67703850999226,177.18643221881288,187.44077885194514,175.07565257014411,186.27385204595501,179.9887124372145,180.87892965711794,182.80942031939261,181.26378306499103
171.1185196679545,169.95880662928747,169.67533896909248,171.99811973885934,166.73532200611851,175.3898169974062,165.44484343991851,175.15287022693815,165.58966191427498,175.39234629324633,165.98658009685946,175.33483735084974,165.65184869223663,175.39959573744741,165.71571176838899,174.84468563374372,165.21487188509778,175.16952943845365,165.63223845450713,175.0747519327376,165.81879532000036,175.78882895602814,166.02831501960458,175.0747519327376,165.42271875490292,175.39959573744741,165.94484170572269,175.22450908501003,165.44400529082316,174.98503301870187,165.40310504878175,175.10477105185592,165.71487361929363,175.18760949441742,165.38181851286151,174.78245654298621,165.21571003419317,174.86529498554771,165.3605319769413,174.98503301870181,165.48657836266364,174.98503301870181,165.3605319769413,174.98503301870181,165.48657836266364,175.21509931769563,165.880982097962,175.59492276896191,165.94484170572269,175.1897698175307,165.38181851286151,174.97562325138742,165.44400529082316,174.98503301870181,165.40310504878175,174.98503301870181,165.44400529082316,174.98503301870181,165.40310504878175,174.98503301870187,165.44400529082316,175.22450908501003,165.94484170572269,175.39959573744741,165.42271875490292,174.83527586642936,165.48657836266364,175.1347901709743,165.29834519897966,174.80053659895,165.54876514062525,175.23570866949962,165.46445367764801,175.09752160765478,165.8622065409362,175.47518473580777,165.69274893427803,175.20568955038121,165.65352499042737,175.07003178437665,165.4022668996864,175.15287022693812,165.63223845450713,175.24258914097385,166.00619033458895,175.5399431224055,165.27789681215481,174.80741707042426,166.19442349827293,175.75445866127569,164.75660854203872,174.17617848969516,166.29834866737133,176.05397296582066,164.52830981701706,174.96766639114006,168.94317581270698,169.68838389171469,171.48685433660228,170.1158094497448
180.82277200876021,179.70461768513601,179.54976204813323,182.01787311322741,176.35781239573757,185.36031248457249,174.73814634945268,184.96619840587093,174.84894816708945,185.26746985964613,175.41967495778471,185.37333086351148,175.18067244327355,185.49221024631601,175.25578788983685,184.9531800269319,174.82691797083723,185.38634924245059,175.27781808608907,185.14859047684163,175.24694031660883,185.76988113491859,175.47709525789196,185.09565997490893,174.92792511165183,185.49221024631598,175.5085352214586,185.32040036157881,174.97207414644558,185.0720594097364,174.94674464628065,185.17792041360178,175.21155021275382,185.21453935771339,174.84508666909034,184.79438852113378,174.69390867236962,184.92957946175935,174.90259561148687,185.1249899116691,175.13596121439346,185.21453935771339,175.01292387732659,185.1249899116691,175.02563294855375,185.2674698596461,175.33523838619629,185.59807125018142,175.43294622309824,185.32040036157881,175.04766314480594,185.21453935771339,175.10122194691411,185.17792041360178,175.05707291212033,185.21453935771342,175.09181217959969,185.12498991166908,174.94674464628065,185.0720594097364,174.97207414644558,185.32040036157881,175.5085352214586,185.54514074824868,175.04766314480594,185.04272947297622,175.14537098170786,185.29679979640625,174.84903680937876,184.95318002693193,175.23366905129532,185.43927974438327,174.99080503878508,185.09565997490895,175.32196712088282,185.54514074824868,175.23423124538169,185.26746985964613,175.12664008936835,185.12498991166908,175.00416494638787,185.34973029833898,175.20222908772871,185.23813992288595,175.4328575808089,185.61108962912044,174.83971568435365,184.94016164799288,175.83084973032828,185.95470939859479,174.35342546524677,184.35548993402756,176.01620480044198,186.2983291680691,174.0797723255456,185.10380596843697,178.69223702015333,179.42618596899709,181.2664517763632,179.79281943160115
172.35577194545982,171.41690790137034,171.44211317827137,173.80050698034717,168.27706213145115,176.72087205641665,166.50870651607096,176.27918848711974,166.65185216062835,176.62899281926764,167.30002496556213,176.83372961809653,167.13140203960765,176.97407700305459,167.21655165168028,176.52949516519064,166.94400702501906,177.05691544561608,167.38266013034863,176.64923319834475,167.04876687482115,177.05691544561608,167.27790028054653,176.52949516519064,166.88265839615281,176.97407700305459,167.46529529513512,176.82431985078213,166.94484517411442,176.59425355178831,166.94484517411442,176.71399158494242,167.21571350258489,176.80623979481834,166.94484517411445,176.41700657623764,166.73616362360559,176.48392528594863,166.90394493207305,176.71399158494242,167.25661374462629,176.91656806065802,167.15352672462328,176.71399158494242,167.00703195207606,176.71399158494242,167.15352672462328,176.92597782797242,167.27790028054653,176.85905911826146,167.19442696666468,176.92597782797242,167.23700003850513,176.83372961809653,167.19442696666468,176.91656806065802,167.21571350258489,176.71399158494242,166.94484517411442,176.59425355178831,166.94484517411442,176.82431985078213,167.46529529513512,177.09381503620872,167.15352672462328,176.74148140822064,167.27790028054653,176.88907823737983,166.86137186023257,176.57364419998436,167.38266013034863,177.11047424772423,167.04876687482115,176.59897370014929,167.23616535780144,177.01822603784834,167.19526164736837,176.72340135225681,166.98658356525121,176.53674460939177,166.9652935609393,176.8984880046942,167.19526511576004,176.68397246582407,167.29834866737139,177.03883538965229,166.77873669544607,176.41663760351079,167.73616362360559,177.47400746020185,166.50703021788021,176.10120356611532,168.11262995097354,177.82418076507668,166.08799081867181,176.60511622616977,170.48993442743685,171.1843763571836,172.91456051121051,171.48092988593251
181.91697348180267,181.06053963076781,181.27238543314095,183.7979250130015,177.87170315344713,186.78442888552055,176.05597059698277,186.48888680333295,176.33750942463405,186.79015825710815,176.8297474151907,186.8430887590408,176.54949566766408,186.96196814184532,176.66586034724287,186.56541787043824,176.51805570409746,187.23963903044788,176.98487555219984,186.67127887430365,176.43851656544868,187.05151758788961,176.79491950542206,186.56541787043824,176.29674833604236,186.87241869580097,176.80827941302488,186.79015825710812,176.45122563667579,186.6842972532427,176.47655513684074,186.79015825710812,176.78294991285992,187.0678291457107,176.7641303782311,186.73722775517541,176.37563663831546,186.59474780719839,176.44181586936139,186.87970770315243,176.92801744617898,187.12075964764341,176.73880087806617,186.79015825710812,176.52070417163449,186.73722775517541,176.52681463503617,186.79015825710812,176.6404422047886,186.93263820508514,176.84912914390588,187.12075964764341,176.81768918033924,186.93263820508514,176.7641303782311,187.0678291457107,176.78294991285992,186.79015825710812,176.47655513684072,186.73722775517541,176.57096366982992,186.98556870701785,177.0383457120187,187.21030909368773,176.73880087806617,186.94894976290624,176.9721664809727,187.10444808982228,176.47325583292803,186.70789781841526,176.94072651740609,187.20302008633624,176.57161450620561,186.70789781841526,176.84236784412852,187.15737859175499,176.72279250292635,186.70060881106383,176.33413607105871,186.4595568665728,176.42580749422154,187.014898643778,176.81703834396359,186.81375882228068,176.83642007267875,187.04422858053815,176.13221043171885,186.31134754700821,177.15808374517275,187.53032829798948,176.04456319850703,186.20877972202487,177.72326226655272,187.92687856939651,175.51082464069367,186.70702126147367,180.31355624192429,181.04345053450365,182.80504782472607,181.20328290922589
169.56363071714466,168.87377008754609,169.22023511786077,171.63295786794762,166.06837364415892,174.43935539773429,164.52664045560965,174.361575546853,164.881813310274,174.50880340328541,165.06837711255059,174.33155642773465,164.67313175976517,174.39631481433241,164.79750878408012,174.07147100962248,164.75660507364705,174.78554803291306,165.19358534917754,174.19120904277659,164.63139683702008,174.60830105736238,165.11011203529569,174.1637192194984,164.44400182243149,174.19373833861675,164.77705692886357,174.22122816189497,164.71487015090193,174.30406660445649,164.75577039294333,174.33155642773468,164.9857384793724,174.71137987900096,165.21403373600242,174.50880340328538,164.73615668682217,174.21181839458058,164.73448385702312,174.53413290345031,165.25660680784287,174.72078964631535,164.96445194345219,174.33155642773471,164.77705692886357,174.30406660445647,164.69358361498172,174.21181839458058,164.77705692886357,174.50880340328536,165.17313349396102,174.71137987900096,165.0266387214138,174.44188469357439,164.96445194345219,174.60105161316125,164.9857384793724,174.33155642773468,164.75577039294333,174.4238046376106,164.9857384793724,174.66328070391879,165.29750704988427,174.74611914648028,164.96445194345219,174.57103249404292,165.31879358580451,174.80362808887685,164.88097862957031,174.34963648369853,165.11011203529569,174.64915078824342,164.75660507364705,174.3243069835336,165.19358534917754,174.79421832156243,164.98490033027704,174.2118183945806,164.48574021356825,174.00924191886494,164.73531853772681,174.68389005572277,165.19358534917754,174.47878428416698,165.08966018007914,174.54607196660484,164.31879358580451,173.82946564747417,165.29750704988427,174.99065380446876,164.29834173058796,173.79219708415474,165.85969556204176,175.40990614216773,163.88264799097772,174.42235774289946,168.50284987757834,169.13946507971596,170.68021830172634,169.0928069193501
180.49925367977906,179.71474484904641,180.01250508370666,182.61468664919013,176.78539657876672,185.82193507990959,175.36179704266129,185.8040638863246,175.63102630121992,185.77473394956451,175.63601237644883,185.49706306096186,175.25120284995367,185.61594244376639,175.37987709862509,185.18277322824767,175.22917265370145,185.89361333236897,175.68948253626769,185.32525317622472,175.24188172492856,185.94654383430165,175.88875970807058,185.46044411685028,175.00786528564635,185.28534105323106,175.21590138838795,185.35458311298487,175.34899932914487,185.57932349965475,175.3837385966242,185.49706306096189,175.50347662977831,185.86428339560879,175.78164210385427,185.68518450352016,175.28282009809891,185.39120205709648,175.36491906199538,185.77473394956448,175.80987140579751,185.77473394956448,175.36491906199538,185.44413255902919,175.40255813125302,185.57932349965475,175.33017979451606,185.39120205709648,175.31755936557823,185.63225400158746,175.62716480322084,185.72180344763177,175.42788763141795,185.49706306096189,175.45932759498456,185.72180344763177,175.50347662977831,185.49706306096189,175.3837385966242,185.72180344763177,175.67131383801458,185.88059495342989,175.83520090596244,185.86428339560879,175.44991782767016,185.69247351087162,175.87934994075619,185.99947433623436,175.46327773527298,185.46044411685028,175.52559546831984,185.65256138787797,175.18832292282042,185.46044411685028,175.8005502807724,185.99947433623433,175.54207739525677,185.39120205709651,175.10566176483755,185.30165261105213,175.43174912941703,185.94654383430168,175.791140513458,185.65585456676001,175.63978523215863,185.73482182657085,174.91965585834816,185.11682434737594,176.06526720495626,186.2738520459549,174.75568014811103,184.77320457790162,176.31754098478089,186.61747181542918,174.50735650857479,185.80648050826505,179.52062451219086,180.1125489510041,181.63682898250923,179.88363115602169
174.66186269876516,173.80784291529514,173.96324515874153,176.47363939828037,170.92188927678686,179.73729884096161,169.65604290610526,179.67543872293095,169.75494264902309,179.52568157065849,169.7182296840669,179.32310509494283,169.50536085647286,179.55570068977681,169.63475637018502,179.02828040935134,169.33925237780451,179.63853913233831,169.77957831293315,179.13860867519105,169.44401222760661,179.8432759311672,170.15436834211036,179.40810386061762,169.27790374893826,179.16646747119614,169.38266359874035,179.20336706178875,169.57005861332894,179.47286224721529,169.59134514924918,179.32310509494286,169.63224539129058,179.61792978053438,169.84092694179944,179.41535330481875,169.38266359874035,179.20336706178875,169.57005861332897,179.59260028036942,169.86221347771965,179.40594353750436,169.3400905268999,179.20336706178875,169.61263168516942,179.47286224721532,169.54877207740873,179.20336706178875,169.40395013466059,179.29561527166464,169.54877207740873,179.29561527166464,169.40395013466059,179.21277682910315,169.57005861332897,179.49819174738025,169.63224539129058,179.32310509494286,169.59134514924918,179.583190513055,169.81964040587917,179.61068033633325,169.86221347771965,179.58319051305506,169.54877207740873,179.43343336078257,169.92440025568129,179.67543872293092,169.48658529944709,179.12993838654165,169.50870998446268,179.29345494855136,169.21404414117754,179.15526788670658,169.82215138477363,179.68484849024532,169.61012070627498,179.20336706178875,169.34260150579433,179.20336706178875,169.61012070627498,179.67543872293095,169.80086484885339,179.35059491822108,169.69359402015684,179.51880109918423,169.15436834211036,179.09266982322217,170.38266359874035,180.16595941276375,168.90227557066567,178.48025077712191,170.25996634100784,180.30414647460853,168.71153142808726,179.69787148774009,173.6389436472702,174.15159398204318,175.54547803285482,173.80785702623709
175.84882925027489,174.86406542993223,174.84656227150512,177.30531787792822,171.75968953191736,180.58980002534037,170.38310971569851,180.34718844508549,170.34523383625836,180.26492800639267,170.53758701633197,180.31785850832534,170.55722007928838,180.67778983562081,170.67068495708892,180.04018761972276,170.22879510701699,180.5719288317554,170.66738565317621,180.04018761972276,170.2320944109297,180.62485933368808,170.87607259229347,180.31785850832534,170.31098271320278,180.34718844508549,170.50960904863001,180.26492800639264,170.46546001383626,180.4001189470182,170.47486978115066,180.31785850832534,170.61993731446969,180.59552939692793,170.67019681266513,180.26492800639264,170.21262403992523,180.12244805841561,170.44013051367131,180.45304944895091,170.61993731446972,180.21199750445993,170.14314550496653,180.12244805841561,170.50960904863001,180.4001189470182,170.43072074635691,180.12244805841561,170.22203380723963,180.06951755648291,170.21873450332691,180.06951755648291,170.22203380723963,180.17537856034832,170.55045877951102,180.54259889499522,170.61993731446972,180.31785850832534,170.47486978115066,180.4001189470182,170.46546001383626,180.26492800639264,170.50960904862998,180.4001189470182,170.43072074635691,180.31785850832534,170.66408634926347,180.34718844508549,170.06425720269345,179.89770767174576,170.42066014266683,180.34718844508549,170.2154351994142,180.04018761972279,170.49954844493993,180.4001189470182,170.3485331401711,180.12244805841564,170.30422141342544,180.12244805841561,170.3485331401711,180.34718844508552,170.37981041178583,180.04018761972276,170.42742144244417,180.37651838184567,170.02670677572519,180.06378818489534,171.35897486519829,181.20953104765337,169.8656308672663,179.42618596899734,171.09937759150989,181.13299998054808,169.42704032110711,180.44315034153968,174.36358022507429,174.93037946342892,176.41339665527977,174.72268562757748
177.89801839938193,176.78462884424883,176.60300564098074,179.01734501821946,173.43664253981106,182.30265252149965,171.90505253133111,181.89554519275239,171.81380135771491,181.9759655179634,172.29565889295569,182.25896231888984,172.45398951188972,182.65732465830399,172.49493067615012,181.89991768741899,171.93570791234674,182.37432785737747,172.37302412151828,181.73665891964657,171.68829464127424,182.05460093384974,172.18168954308814,181.93923539536218,172.12921101225461,182.45474818258836,172.57012738323502,182.25896231888987,172.17952102161041,182.17854199367898,172.17952102161041,182.2589623188899,172.57012738323499,182.61800695036075,172.49853083795898,182.13922428573576,171.98024923841601,181.97596551796335,172.12921101225464,182.17854199367898,172.22983103096624,181.97596551796335,171.87962921970441,181.97596551796337,172.22983103096624,182.17854199367895,172.12921101225464,181.97596551796337,171.98024923841601,181.85622748480924,171.85834268378417,181.85622748480927,171.98024923841601,182.13922428573576,172.49853083795898,182.61800695036078,172.57012738323502,182.25896231888987,172.17952102161041,182.01528322590656,171.81020119590607,181.65623859443568,171.86051120526187,182.01528322590653,172.12921101225464,182.09570355111748,172.25111756688645,181.89554519275242,171.4677363221596,181.66044162111081,172.42116560939635,182.65473707296192,172.44605230712546,182.09990657779261,172.15246580240361,182.05880396052484,171.93570791234674,181.9759655179634,172.17375233832385,181.97596551796332,171.93570791234677,181.89554519275245,171.78314597669927,181.61692088649244,172.00730445762278,182.09133105645091,171.66123942206747,181.82386985687464,173.09057750425566,183.13173482826238,171.73643612915234,181.38618980951742,172.93584704713047,182.92478585788018,170.92980009427646,181.95914349137914,175.81634636132489,176.53313468843371,178.25738509086116,176.69878852237272
176.28183342417319,175.15426367263089,174.93939408306164,177.30689820460574,171.76999414876778,180.51383809392931,170.17482617809807,180.08525895316757,170.15897880391114,180.31085799018712,170.77741878275265,180.62600647325092,170.87189967440543,180.93358530248233,170.8317212451928,180.14575910893274,170.28044017802466,180.61843681941849,170.71025987107924,179.88354112780164,169.80871871479803,179.96552092001349,170.16196972886482,179.97309057384595,170.46733712285217,180.84403585643801,171.12595553090634,180.62600647325095,170.52336292625174,180.40040743623143,170.52336292625174,180.62600647325095,171.12595553090634,181.10625383756914,171.06051996019235,180.57307597131825,170.46906046381162,180.31085799018712,170.46733712285217,180.40040743623143,170.57938872965133,180.31085799018712,170.35700885701246,180.31085799018712,170.57938872965133,180.40040743623143,170.46733712285217,180.31085799018712,170.46906046381162,180.25792748825441,170.34759908969806,180.25792748825441,170.46906046381162,180.57307597131825,171.06051996019235,181.10625383756914,171.12595553090634,180.62600647325095,170.52336292625174,180.1381894551003,169.93018008891156,179.65794209078211,169.98620589231115,180.1381894551003,170.46733712285217,180.36378849211982,170.58879849696572,180.08525895316757,169.74500648504349,180.03989810506735,171.12767887186575,181.44402125391031,171.36588735417973,180.74574450640506,170.6465476413247,180.3474769342987,170.28044017802466,180.31085799018712,170.65595740863913,180.31085799018712,170.28044017802466,180.0852589531676,170.05336480398455,179.83061062586893,170.34587574873865,180.30328833635465,169.931903429871,179.98066022767841,171.35602182990016,181.40626301296805,170.22613771558454,179.84574993353388,171.49033965324696,181.25621341115854,169.20313518518975,180.02611110399874,173.92759505939128,174.77561612951004,176.69878852237267,175.29483768264421
