191.14860174338088,191.31729217861391,193.54132693293312,195.3599977498985,187.37569863272603,197.25192814488696,186.6437567574591,198.81551862669698,188.24762950071755,197.89535927656902,186.64711196114072,198.01554433885124,187.17612120371683,197.59576095221692,187.01928448386207,198.34475603010176,187.38742206426602,197.68560497199155,186.89314971108701,198.25969957633694,187.64366613110144,198.28224599313847,187.38475224306532,197.95413311223624,186.71856453480964,197.60172909196564,187.21100444280322,198.272088753964,187.35383788141897,197.70879730101169,186.51700831092543,197.58933991433861,187.38453418465363,198.48407499699405,187.35892825816316,197.63881486145632,186.79420404433037,197.75676798528582,186.72296952907317,197.30586696890973,186.67697653220512,197.92078354404171,187.37248977873392,198.15263136729092,187.22304884872301,197.78893697974161,186.82908728341681,197.764240387878,187.02751200587616,197.80132615736866,187.05265060829745,198.0133124003986,187.20613212447068,198.14666322754232,187.65524321295206,198.44102108775471,187.13049261494999,197.6388148614563,187.02263968754357,198.30543832215858,187.59605310361451,198.18971713678144,187.22304884872295,198.00465942406777,187.17742025995611,198.22038186839379,187.57138182526228,197.96757365457702,186.60552395853617,197.60172909196567,187.32404501907675,198.09836885416343,186.80462841963123,197.60441392854801,187.24909089203672,198.15754814232568,187.03504850156455,197.42532435558283,186.33420125647913,197.20094893492575,186.82840190093614,198.2350029844732,187.51287709840545,197.92228780688529,187.14185163838897,198.08329483995399,186.83464498423021,197.48600790658858,187.29533315456217,197.85367895515751,185.69954158362842,196.8440810377499,188.16041290934609,198.86518658790359,185.52153513879239,197.30108086889075,190.73721269094986,191.75997978114106,193.45309323284971,191.26212788643906
190.9719551084402,190.70758308146631,192.26430967221526,194.16871917952673,186.70423095735771,196.51147232131225,185.66033812240403,197.38201397587773,186.8171276018715,196.72606930165281,185.67935433925788,196.90819696856138,186.18325273100774,196.60173899518966,185.98113040944287,197.09817493578345,186.20778482971838,196.59804438683304,185.94646920966491,197.10119133090964,186.36393173018888,196.98315215748391,186.34936659828455,197.07655387682018,185.95968457335064,196.60790714668144,186.11342560094809,197.09374465862271,186.27237787642613,196.66099531354956,185.58026222703327,196.47287387099132,186.18737911075132,197.30460801600395,186.42711752257273,196.73593206150116,185.8959723435961,196.79860234173668,185.9161871648196,196.53307493930453,185.94800448696981,197.0143386189078,186.36339507143322,197.06441472186262,186.29662373972843,196.9761437966134,186.08444081447331,196.84067220950686,186.12204658537865,196.86283612046111,186.09494444003533,196.94753108768631,186.24982124280328,197.09486551448248,186.49206076719605,197.23965700944632,186.21261497403248,196.77255100561271,186.10106512482199,197.1356525302447,186.4209475335673,196.99702918677252,186.13924663731669,196.91492641301511,186.14296852033135,197.012500535215,186.39961134022516,196.86013938641864,185.61380459092388,196.41249669677171,186.10950125122687,196.94851052102956,185.8460733626676,196.52848266599557,186.14138423666535,196.98227506616328,185.9414136196433,196.39961754179714,185.55705396714762,196.37529974879152,185.85797445785246,197.01865024573576,186.39758736080557,196.96069088914197,186.28908478934596,197.05169323182344,185.8058876624624,196.53852586296316,186.55428985795356,197.05183245578797,184.82023299436312,195.76960342070251,187.11192489408123,197.88646001438124,184.68141442864498,196.38257471227598,189.82636109907961,190.8852824380001,192.70449473252,190.65740368676083
192.76011420968399,191.84033718615521,192.42578386035581,194.39102012413611,187.53145033262072,197.36383876524752,186.1067610859443,197.32822979823089,186.6481411859904,196.98091828411728,186.09882388117998,197.2866683487791,186.6543073483908,197.19958763242349,186.43645680702787,197.34252641258439,186.37580029496974,196.91855025477577,186.3137117295729,197.30377504356619,186.33667109529213,197.09301504809963,186.78030975651015,197.83372601493082,186.75077686564549,197.12778207567325,186.34481923767186,197.30750282687535,186.522678034145,197.08064473623526,186.06532158762894,196.80173978349427,186.29270994771593,197.54214756633306,186.91331263400588,197.40213634804468,186.51060484040971,197.4527712600289,186.65969306504934,197.38778407539013,186.73175706376779,197.63760398456259,186.71521798893184,197.3878119735968,186.73491618186736,197.67728575738204,186.7854264584721,197.40665926831986,186.62370925772095,197.44153747438307,186.57201117262937,197.39076729556368,186.73393931099591,197.54245597290841,186.6900763759844,197.49623647445856,186.74581607960175,197.48497479060617,186.6568148588936,197.45768600527464,186.60823538269025,197.22011370394443,186.37890170971602,197.22579568794941,186.41240747165872,197.13351971797934,186.46247323616259,197.11711830070109,185.95794150227343,196.68572953364941,186.3463361515528,197.43855792595826,186.51589234450338,197.12508317372939,186.54777645622497,197.36385256742992,186.29632462201062,196.93922156783015,186.30547988711439,197.10600199649454,186.23984845025433,197.15288658765823,186.57019577893482,197.46072107388818,186.86120334404993,197.47442863518557,186.10799287203417,197.04684739808977,187.27271327496669,197.82269817508225,185.39008636151365,196.12026455681354,187.34751291594543,198.24601964683538,185.07083151357762,196.82612172065939,190.30858439652457,191.51934828823826,193.6298291067215,191.79607384690757
194.93602526383862,193.90578397056245,194.28094474468296,196.58879886829914,190.09842648542403,199.92465188188015,188.20490089817369,199.29677486603913,188.5573828145443,199.39135103408361,188.53952497613608,199.69661831632823,188.87895784474898,199.5411199894121,188.52832539164658,199.49218531594886,188.49151444334336,199.28549003021826,188.55041370078061,199.53956035364826,188.38513631779207,199.17789548323464,188.63328267274966,199.88473975888647,188.87019891381016,199.41894742772564,188.4452050854363,199.51023041688811,188.67231205704806,199.50120786641847,188.48861464156499,199.3130864238602,188.49506508149744,199.75857136873054,189.09199442628892,199.74954881826091,188.53847463762617,199.41894742772558,188.59243294186854,199.65999937221656,188.92770785620681,199.88473975888652,188.85251835998079,199.74954881826088,189.05469533356202,200.16241064748905,189.10535433389182,199.74954881826091,188.80185935965096,199.79519031284215,188.77579038082095,199.59804631981424,188.76027015010493,199.61609142075355,188.50447484881167,199.5084968737699,188.92125741627447,199.90105131670759,188.80362018062979,199.61435787763534,188.7693399408887,199.6966183163282,188.74139108987231,199.65271036486516,188.69844056148176,199.59075731246278,188.84955903259873,199.73497080355799,188.43579531812193,199.01510814896713,188.30661852145707,199.56142737570261,188.59311430765194,199.270738108161,188.51465462419867,199.53383098206064,188.44332662597188,199.28375648710005,188.63007201112629,199.65271036486516,188.62526322047594,199.50120786641841,188.72015989788895,199.79519031284221,189.04198626233483,199.65670619333451,188.13014002076781,199.30909059539081,189.49023791004967,200.20475896318828,187.71548865973281,198.70637378048616,189.87526965410066,200.86440210849503,187.48885382719612,199.33754397520923,192.63670014162122,193.75120696493221,195.80092330984482,193.95008380492467
187.79967111878599,187.03003123098026,187.6670046982222,190.15923473173319,183.98491420384391,193.36825438389968,181.91352512779164,192.66864571960377,182.40227730486163,193.05352929576151,182.62471592299909,193.31617453912148,182.7549461174149,193.03115912297878,182.33172637790472,192.95662046312859,182.37764510934329,192.78147428508734,182.27539277004391,192.89359236810213,182.23031218770069,192.56988754419172,182.08716307475163,192.86221193013941,182.3922403260672,192.78187378722188,182.19610326485559,192.87372249496335,182.4569346145316,193.05713945951956,182.54542641781069,193.06654922683384,182.47822115045184,193.14793782875083,182.77874016383785,193.10202797297828,182.10008546167651,192.39304007077547,181.9440139618026,192.80794276605181,182.47822115045179,193.06654922683387,182.54542641781075,193.21411705979671,182.87764337514736,193.51255190914611,182.77037601484255,193.05278981709665,182.46362593372788,193.15228747117371,182.56169446433375,192.92404151876266,182.31545833138159,192.73846423109313,181.98240322494956,192.70554531019647,182.62555407209439,193.2980944831578,182.50452617576931,192.98627060952006,182.7056817263782,193.44927247987849,182.79918855066271,193.20180749070417,182.57963534065581,193.26798672174996,182.96529702933111,193.52230165299113,182.56169446433367,192.65093616957819,182.13140897639124,192.99539851318565,182.39140564536348,192.68937424310454,182.2574553621136,192.99138884729336,182.35468574362389,192.80976311263444,182.43983188730496,193.16820720402413,182.60510221687787,193.0690495264777,182.50619900556836,193.10739895771479,182.64265679932117,192.85635280097895,181.71320772627811,192.53295895740277,183.0036897608698,193.45325161636316,181.64265679932109,192.5264504045889,184.00452790996516,194.40128555333212,181.31377856479912,192.77237844404075,186.25662414980152,187.23090819578272,189.0615826399459,187.18345731953559
198.0024274856151,197.09674048011718,197.65220914360387,200.08015020879625,193.42897398791968,203.45591534537078,191.67042492137983,203.2369043302885,192.50071986907821,203.52186422624257,192.31505393911934,203.53088677671218,192.45731031294943,203.46893372430984,192.3309736719699,203.47795627477947,192.22940433706881,203.06509444555132,191.89364127830714,203.17495127788615,192.10892682524968,203.09042855384206,192.00760882459011,203.2645007239305,192.19753575468238,203.07411699602093,191.78985209468888,203.04878288773028,192.20404572021857,203.52186422624257,192.51947987810297,203.4942678326006,192.17004593140427,203.33374278368427,192.46848090124257,203.53088677671218,192.02713872119855,202.77111199912764,191.67918385231854,203.05780543819986,192.08680798670835,203.19126283570725,192.1371561271929,203.41200739390769,192.522350563196,203.66434417421962,192.33899312424353,203.17095544941671,192.02352855744059,203.32645377633281,192.25794449885723,203.16366644206536,191.93201982622969,202.99585238579746,191.84989174564768,203.20757439352838,192.50322016872212,203.6733667246892,192.31471396258866,203.33374278368424,192.41606107993405,203.62945877322619,192.33097367196982,203.22788177981883,192.06807709436882,203.44862633801935,192.6742680385816,203.74660461291242,192.21709476797619,203.06509444555132,192.18269547702744,203.63345460169558,192.38888211650089,203.14735488424418,192.04092724762108,203.4087142150257,192.36281313767091,203.43231478019825,192.34263240468692,203.4323147801982,192.27056492779496,203.2898348322212,192.02031789581721,203.17095544941679,192.34220378586696,203.27352327440008,191.54278660764896,202.77440517800972,192.60379869071676,203.65376198798609,191.36798028564911,202.87627035340569,193.74702749665576,204.36460209210733,190.44210870747682,202.66766761720257,195.96764726674041,197.09608252898281,199.23395397954707,197.42672130099172
187.03634755780377,185.96440883823448,186.19757385822763,188.24754044623,181.89140044277602,191.54664810564799,180.75828484022978,191.87149191035789,181.80792712889411,191.94674093218782,181.08799428706368,191.54843792282315,181.16477628174925,191.75712486194047,181.40059753827919,191.88050217553791,181.25159525522926,191.52606775004034,181.06085458104252,191.75471320458598,181.33506856911117,191.73114452539991,181.31461671389459,191.89642190838839,181.3571897857351,191.48225869177713,180.72947230440948,191.39691994957175,181.29082266747162,192.03537897830569,181.62973094400465,191.80747300242521,181.00034063287995,191.58283721377191,181.45693114614002,192.03932911859408,181.29667583757248,191.40553071261735,180.87429424715765,191.51153833223054,181.08632145726463,191.52640772657088,181.08381394676189,191.72213426021989,181.47989051185928,191.99452924742477,181.31545486299001,191.49422828433927,180.9577675610395,191.59042663450356,181.14850823522622,191.45041922607604,180.89892644267601,191.50468839016375,181.20567652379066,191.92431123380098,181.67230401584507,192.07332890740835,181.35049846653885,191.65225622312676,181.15352672462336,191.57450690165305,180.93313536552122,191.28949148551035,180.86053717952902,191.65885483095224,181.56001816614307,191.92255041282215,181.0232999985993,191.37986123592185,181.24908427633486,191.94517191984627,181.21403720439429,191.27919407163787,180.76953439735553,191.59684795775053,181.41686558480225,191.98793063959923,181.46194963553722,191.72173475808546,181.16644911154833,191.59082613663816,180.87513239625304,191.43961914372107,181.48323617145741,192.04336790117196,181.02162716880025,191.42912992121103,181.6647780159451,191.99449871801721,180.36137012603695,191.20483422957741,182.54208075821265,192.46304873720158,179.35300597704156,190.96217944377537,184.66645778252766,185.72439609888505,187.90425215751324,186.42605778989065
198.35446037114647,197.064291740317,197.10947703152925,199.25286691457603,192.64291671730447,202.99585238579755,191.60023590395241,203.20601475776454,192.37339100247036,203.08713537496001,191.67187476202437,202.80443776435717,191.76927173908126,202.90803648287147,191.96308928385815,203.14406170536216,191.9342091455392,202.93563287651332,192.0166480859663,203.34849470574156,192.18704511945023,203.20428121464627,192.27929332932615,203.5529277061209,192.32304286198553,203.06180126666928,191.72873286804528,202.91932131869223,192.0007283531159,203.2223263155856,192.10204635377542,202.91932131869228,191.62741486738574,202.97225182062499,192.22178438692944,203.34849470574153,192.07415702836295,203.01789331520629,191.90671932226093,203.00158175738511,191.85276101801844,202.92834386916195,191.83329064701397,203.00887076473663,192.09874704986277,203.20601475776445,191.87487985655997,202.79315292853639,191.84591107595176,203.14406170536216,191.95913914356973,202.7931529285363,191.66940357906603,203.05451225931787,192.20981479436756,203.40142520767421,192.29811286395488,203.2499227092276,192.02315805150246,203.03420487302736,191.8101214699623,202.78413037806666,191.67733438905043,202.79315292853639,191.67446370395766,202.89901393240177,192.10130687511042,203.10744276125055,191.62090490184957,202.71089248984347,192.06986691154381,203.29556420380879,191.8295918409668,202.51548203993377,191.41912743040277,202.91932131869228,192.21808558088244,203.40142520767418,192.10534565768822,202.79315292853636,191.61544527482351,202.91203231134085,191.75696216998853,202.92661032604366,192.32955282752155,203.47639663901566,191.75909196369426,202.74751143395508,192.38351113176415,203.24836307346368,190.82028909673906,202.23208177974357,193.08576826359709,203.77108173502671,190.06589400724633,202.44136759476879,195.79653975078776,196.85173740560978,199.05711398774045,197.42146319414613
187.27423513830306,186.14608544710464,186.32198833636991,188.53609209695693,182.44819603630023,192.23526346622933,181.30458320349186,192.00988678618896,181.55379056680604,191.82178020267921,181.32921539901031,191.98495678815843,181.42356384078187,191.69849153137125,181.29082613586331,192.01679625385947,181.50118051617122,191.96354843208564,181.73532894290207,192.4489800008306,181.81378376738672,192.18170466412116,181.83423562260327,192.52141786317148,181.93983015310906,192.29277240862604,181.75076230872142,192.14804485183751,181.48574715035181,191.88289930883377,181.31043984198439,191.73749179898411,181.31629301208531,192.08186562079155,181.75410796831954,192.07211587694664,181.43732090841041,192.02185637875112,181.60761319577239,191.97119737842129,181.35552042432761,191.88289930883377,181.4406665680086,191.93315880702914,181.50201519687485,191.88684944912205,181.12722516769767,191.67307338891709,181.62806158259718,192.39912000476971,181.70986206668005,191.80913065705616,181.27121242974209,192.09778535364217,181.8188022567839,192.21462358501785,181.51912139249328,191.87894916854549,181.44401222760669,192.08877508846197,181.56002163453476,192.00519716723554,181.67230748423668,192.2468030272496,181.56252914503742,191.93241932836406,181.58716134055578,192.07640599376555,181.29500647616501,191.84966952809197,181.79417352965731,192.32327967216804,181.41687252158556,191.60053236022804,181.16980170792991,192.04036505353474,181.90060274086667,192.33550059897141,181.43648622770681,191.44556691517084,180.96362419953201,191.96607772792578,181.66896182463861,192.09340659453363,181.81211093758768,192.13752509991997,180.9832379056532,191.42199823598474,181.67063465443769,191.94728718949332,180.22780120880617,191.04075535299242,182.45944559342607,192.7180741509116,179.90226863388236,191.67156696860204,185.41938696887175,186.30916404247739,188.09247921042947,186.25756634371689
197.12231351903935,196.25484448780421,196.89426863985113,199.46458892230686,193.03180995935469,203.26952744593072,191.58212685179225,202.73119987613396,191.50884634443861,202.43322160124089,191.61760559793669,202.93736641963162,191.56379546158749,202.19216965674985,191.265671472083,202.82977187264794,191.79997222398299,202.67427354573186,191.71571293697303,202.98127437109466,191.81333213158584,202.81675349370889,191.84017111848806,202.97954082797639,191.81259265292081,203.00487493626724,192.11040578257962,203.05051643084838,191.66752511960172,202.59600893550845,191.45818734410855,202.56841254186645,191.63352533078739,202.90803648287138,191.82209106252438,202.55938999139676,191.31303116850034,202.6213430437991,191.71392311979795,202.67427354573189,191.52501741153037,202.69458093202235,191.66761376189092,202.78915710006694,191.85964148949273,202.87367982411104,191.46139800573209,202.48615210317357,191.78479196979731,203.18570737147397,191.95839966490479,202.64893943744116,191.47154725171134,202.77284554224582,191.83431198932789,202.80044193588779,191.50554704052567,202.5390826051063,191.675884548406,203.07811282449038,192.0437979327138,203.04149388037882,192.05428715522402,203.22232631558558,191.95623934179139,202.92661032604366,191.94577923596702,203.03420487302731,191.70300386574596,202.81675349370889,192.04274759420383,203.0781128244904,191.58468667704014,202.48615210317359,191.5692550886134,202.84608343046904,191.8100328276729,202.71991504031317,191.37608838021225,202.2654075449731,191.34231080895353,202.94465542698299,192.10389581704376,203.02118649408831,191.94825041892526,202.76781882024559,191.04106480011544,202.15155488416889,191.88102084936918,202.7369292477216,190.35728722638075,201.84455405880615,192.92043135500461,203.91356168300371,190.36904900495662,202.65308960249968,195.97233688569384,196.88436052125195,198.51828283395585,196.2772464794474
186.31234050517216,185.58533348420369,186.33760783068013,188.72649257884643,182.51326475400066,192.19417692516575,181.20028013676577,191.72682387917334,180.9894689733818,191.21242352982017,181.03082599849921,191.74993353062115,180.89223512347968,190.94647898254743,180.81712595859315,191.87908133108962,181.39809002777642,191.36764030911857,180.74825132982699,191.35680969735586,180.93982668471742,191.56404679582863,181.31545486298995,191.68483516749279,181.02078901970484,191.63022602687448,181.40060100667091,191.81438247009572,181.16310345195018,191.61180599438015,181.15101921412074,191.5387172956637,181.06336209154529,191.65049540214787,181.14600072472351,191.33975098370578,180.79416659287389,191.55858716880252,181.27288179114953,191.63673599241065,181.14683540542714,191.67872470409102,181.12638701860237,191.68634465423042,181.56503665554018,192.17217572510992,181.37429598135347,191.48086837673645,181.04458653451954,191.80531267931187,181.35551695593594,191.62081625956012,181.04458653451954,191.57706672690068,181.20734935358971,191.67872470409114,181.06587307043975,191.57922705001403,181.41603090409859,192.1843966519132,181.64934465012573,191.81614329107472,181.20902218338881,191.76372346976578,181.27288179114953,191.78510282964248,181.41686905319392,191.8491217375751,181.2090221833889,191.80383372198187,181.6050987484862,192.04214027808317,181.25326461663667,191.6456576153013,181.33423042001573,191.70791570225524,180.8947426339825,191.21961344841739,180.83925064360881,191.45732869374675,181.14181691603,191.84912173757516,181.48407432055276,191.86649143155941,181.43899026981788,191.77427221787968,180.79249723146657,191.31559099374792,181.60426406778254,191.859240454147,180.06670775114347,190.85324008025438,182.44233939780776,192.87761145594726,179.97319745846715,191.44113157639188,185.12973961498392,186.16718811957398,187.8234430567878,185.66563232585918
198.04247286916731,197.08988805411784,197.64673310539598,199.85211664324427,193.02023986892684,203.32645377633281,191.90697065650224,203.28827519645736,192.00442715916301,202.69458093202238,191.74169327351365,203.13677269801073,191.79855137953464,202.64165043008967,191.92007922986383,203.43977769490408,192.17797532866652,202.69458093202238,191.38364868425833,202.62533887226854,191.65234486541615,203.03420487302733,192.27318286592444,203.20601475776448,191.79269225037424,202.82977187264794,191.8264407049472,202.90300976087116,191.77387271574548,203.02691586567587,192.07134586887386,202.9649628132735,191.69754423872007,202.90300976087116,191.90276918197253,202.92834386916198,191.87553069293577,203.13677269801067,192.03370679961614,202.96496281327353,191.91967972772946,203.04722325196639,191.69473307923096,202.76781882024557,192.12481602869275,203.58225764288105,192.29555303870728,202.88270237458065,191.62781436952,202.93962870498277,191.9630892838583,202.99029692156427,191.7992908581995,202.85007925893845,191.86578094909086,203.10015375389912,191.96061810089964,203.05451225931782,192.19534490216165,203.48368564636709,192.2503536654034,202.88270237458065,191.48851732307213,202.62533887226857,191.6397244364783,202.9609669848042,192.12012640973927,203.1879696568252,191.94031960894085,203.22961532293706,192.5195088742995,203.69940348256731,192.32193287738227,203.36480626356266,192.47214917788239,203.47466309589745,191.92471073593543,202.85736826628988,191.91291842795212,203.14179942001098,192.03611845697074,203.1350391548925,191.99683773843125,203.0781128244904,192.18408579206806,203.2353446945246,191.607573990443,202.74751143395511,192.53502910501547,203.47310346013361,190.92885654159994,202.14253233369922,193.05136897264828,203.95920317758498,190.18529206386987,202.33377304778523,195.74588075045784,197.04888139863772,199.13574940362687,197.07612612397244
187.27087993462152,186.34772576193015,186.82908912623463,188.79543803640408,182.19694141395098,191.9027997113802,181.22110988960998,192.18457393649189,181.68067163323212,191.79571122384928,181.36844281125261,192.15930396193079,181.57005861332911,191.84966952809197,181.51912139249333,192.21897322744067,181.58716134055584,191.82499086430269,181.3359067182065,191.95592848194636,181.48240149075372,192.08473630588429,181.77037601484255,192.10429531917816,181.31796584188444,191.71216229881921,181.26786677014397,191.69368274072099,181.13307833779857,191.77217154085952,181.47822115045187,191.86117997242658,181.25243340432456,191.85756980866879,181.50285334597032,191.97730784182303,181.52330173279501,191.98165748424583,181.27121242974218,191.57866485592783,181.25410623412367,191.84343989299356,181.08465209585719,191.39521877468613,181.25076057452554,192.15594513241419,181.65185562902022,191.79676156235953,181.2073528219814,191.78559097406631,181.3359067182065,191.772571042994,181.21069848157958,191.62676403101003,181.23114686840432,191.87092971627163,181.37847979004704,191.74650206416413,181.33423388840737,191.98455728602394,181.48323963984916,191.64598306777307,180.9364844935109,191.45676649966052,181.08799775545535,191.88249980669926,181.77288352534535,192.30357249098105,181.60677504667692,192.102505502003,181.87848152424286,192.43030863409498,181.62388124229537,192.1336941313283,182.02581444588546,192.68894421156256,181.91854361718885,192.15677466609063,181.6238812422954,192.12271535167247,181.57172797473643,192.09158624795097,181.53706226881539,191.94543925943634,181.60928255717971,192.01738756463143,180.97989224605507,191.53553716344794,181.96362419953206,192.34263087147568,180.47738300135643,191.00527660684799,182.35468574362397,192.66525482746843,179.69525991317263,191.16910568240323,184.87430465233268,186.00020944121047,187.93381224484668,186.05228266474742
197.27028546226262,196.33509073689794,196.89964730175171,199.12270269595066,192.3289616372389,202.63592105850205,191.31985199388151,202.8827023745807,191.86552973533858,202.65396615944132,191.69646478352436,203.04548970884818,191.76492209665847,202.43824832324117,191.40132923808775,202.79541521388754,191.7142339796431,202.73622659813421,191.87777965833828,203.11646531172022,191.89327077236891,202.74751143395511,191.60359485395824,202.65796198791077,191.50619787690147,202.60503148597806,191.57610503068005,202.59374665015721,191.50909767867972,202.68555838155274,191.63469484099429,202.63765460162028,191.61365545764841,202.89901393240174,191.88537049179203,202.81675349370886,191.67588454840595,202.62134304379916,191.25882153001643,202.19216965674988,191.29390077402638,202.52450459040344,191.35791968195909,202.3436721551966,191.47370757482472,202.69458093202232,191.53442717884477,202.63765460162031,191.80617132967384,202.89901393240174,191.6006064098907,202.5227710472852,191.45167737857244,202.53179359775487,191.46494864388609,202.56841254186639,191.44226761125802,202.30705321108499,191.21427299308834,202.50645948946411,191.52436657515454,202.44224415171053,191.37417939134019,202.59774247862666,191.53556615964422,202.74751143395503,192.05354767655888,203.22232631558558,191.77248240070475,202.53908260510633,191.59344560797877,202.71089248984347,191.2670923165314,202.30531966796676,191.69766341041685,203.08713537496001,191.88636130469834,202.6832960962015,191.49366609025301,202.68555838155274,191.83462284917289,203.14006587689272,191.96138810897239,202.83306505152996,191.91351115144593,202.95594026280392,191.25305104314538,202.34696533407865,192.20333535823886,203.17339164212228,190.68176205836377,201.88846201026922,192.75910411230444,203.73446279091507,190.2174715061015,202.36812970654557,195.47928536680956,196.20684618236024,197.83013308159815,195.78299910429496
186.51076522763151,185.51261098926912,185.92630883737871,188.06273316663311,181.83339747350786,191.74601391974028,181.02580750910207,191.83104168161137,181.35050193493041,191.58178687526194,181.29667583757248,192.04006859725916,181.24992242543016,191.22433359677839,180.87931273655479,191.8190720890492,181.31043637359272,191.49027814405096,181.12973267820041,191.81512194876083,181.22696305971087,191.41212932044283,180.86053717952905,191.46673846106117,181.14181691602994,191.64688523839004,181.09217809575719,191.57601638839071,181.34966378583508,192.0173584479459,181.39892817687186,191.66391495584384,181.27455462094858,192.01044898027527,181.54040446002185,191.86069182800264,181.33674139891019,191.69103427318376,180.98072692675876,191.34305028761855,180.91770546809346,191.45411803212323,181.02329999859927,191.62090490184946,181.29500647616513,191.59017530026247,180.87178673665483,191.63608515603497,181.67314216494049,192.17467602475364,181.35384412613686,191.64870558497282,181.25243340432465,191.7511030408281,181.16812194134735,191.5897757981279,181.06336555993701,191.37127958956188,180.89892644267596,191.58431617110202,181.14432789492443,191.4370593184735,181.04876687482127,191.72972368095154,181.16394160104562,191.52211760975194,181.3154548629899,191.89145042578622,181.02162716880025,191.17117429680457,180.93815385491828,191.62945601880207,180.92104765929992,191.20005443512358,180.97738126716064,191.54081797268398,180.8571880515392,191.13100451898487,180.69275587106156,191.48231821738111,181.47152636286393,192.16566575957376,181.4694791038288,191.74496358123017,181.5796318722642,192.16390493859481,181.06671121953514,191.45960818855681,181.83172464370892,192.2951825327691,180.56754416604295,191.14411462555753,182.35803140322221,192.61752603783515,179.87011043846408,191.48346026460305,184.94401743019435,185.44012016140755,186.84275828309532,184.93733860265493
198.17208749501486,196.9556949878064,197.23219814674474,199.37001275426232,192.79057307206747,203.3281873194511,191.82842233075979,203.18970319994332,192.10830498507036,203.01615977208809,192.18078648815549,203.58225764288105,192.05508615949276,202.63262787962,191.89145042578622,203.57496863552961,192.17186486526481,202.4698405453525,191.31417014929966,202.90300976087113,191.9171504318893,202.75653398442472,191.62855384818505,202.96496281327356,192.14033625940888,203.20601475776448,191.83329064701391,202.85736826628991,192.09658672674956,203.49270819683679,192.21345407481081,202.95594026280386,191.87559021853946,203.18970319994347,192.0611370972907,203.1603732631832,192.24205376220291,203.36880209203204,192.09982650505847,203.07984636760864,191.95737832259087,202.97624764909426,191.80861198322467,203.13277686954135,192.27608266770284,203.14406170536219,191.71346397157046,203.06180126666925,192.43055996833621,203.5366161482998,192.13487663238291,203.14406170536216,192.13141463651812,203.25894525969719,192.14644672281062,203.32316059745079,192.15600465801808,203.07082381713894,192.03685793563582,203.32489414056894,192.04962653246685,202.82977187264797,191.84625105248227,203.29556420380879,192.14545590990426,202.94292188386487,191.88571046832263,203.01789331520624,191.63392483292176,202.67826937420125,191.9830477992864,203.42346613708295,192.26260358840315,203.20601475776451,192.17226436739918,203.03820070149675,191.48555799569004,202.55210098404532,191.7537515083651,203.16037326318326,192.27269472150081,203.31187576162998,191.94040825123022,203.016159772088,192.34868322199551,203.47639663901563,191.64771335934449,202.71818149719491,192.67685686002565,203.93716224817626,191.56006612613268,202.60432883639072,193.15268697330796,203.88822757471297,190.23555156206527,202.58384754274587,195.85694849496255,196.7182800081024,198.58074944046604,196.69930523498729
187.50533495887208,186.35398974102233,186.63636647206872,188.5884828015802,182.29166428495867,192.13499580407969,181.10760799318481,191.92118921446692,181.64851343781382,192.06156712883256,181.7933319121702,192.47254868001667,181.5020186652666,191.52297626011392,181.45776929523535,192.52098783162944,181.6117935360742,191.25777119150632,180.83005181390979,192.06193610155952,181.77790201474255,191.85683033000376,181.18439345626211,191.93315880702917,181.75828830862139,192.23449345815672,181.4323024190133,191.70812351624144,181.40227383646993,192.10818593386264,181.44150124871231,191.59489544862336,181.12053384850137,191.7417819158031,181.19693794555931,191.79676156235959,181.66227050544231,192.28185315457401,181.65185562902025,192.06841707089941,181.6460024589193,192.0351276440646,181.33506856911114,192.00254869969851,181.8137837673867,192.21487491925905,181.46362246533627,192.04669773449223,181.76870318504351,192.11401594633773,181.35802793483043,191.87960000492089,181.47989398025103,192.06551726912105,181.79500474196922,192.52817916294882,181.91687078738985,192.08359732508487,181.60760972738063,192.22542366737281,181.41938003208841,191.62858437759255,181.39474783657002,192.4464797011868,182.06671121953514,192.23230413884724,181.58548851075676,191.99717771496179,181.29333364636605,191.80006086627216,181.52413988189048,192.15495431950794,181.64600245891933,192.22008321204376,181.88015435404193,192.11700439040513,181.1877391158603,191.83156035544252,181.81127625688401,192.45187980260886,181.76079581912413,191.9551890032813,181.26452111054584,191.89839042286437,181.77539103584806,192.10923627237284,180.8784780558511,191.48123888267477,182.16728726064363,192.86422255214831,181.08548677656088,191.44692964673737,182.60259470637513,192.89242132468394,179.94484170572289,191.47260065664409,185.10259990896267,186.1354677050806,188.15220204248359,186.47738809188888
197.6388148614563,196.59345211352414,197.079821839175,199.30909059539078,192.676265669743,202.96652244903737,191.28761302604607,202.6945809320224,191.8127699374993,202.6996076540226,191.69640525792047,203.00887076473663,191.6821431797008,202.36727272036913,191.54343744402459,203.07082381713897,191.72694305087023,202.33464960472693,191.51708660154583,203.26796781016685,192.25612415227462,202.80044193588779,191.45272771708255,202.74751143395508,191.85964148949273,202.95194443433448,191.75912249310184,202.62134304379916,191.45232821494821,202.51548203993374,191.33515000704188,202.34367215519654,191.40422903986604,202.46255153800104,191.17126293909399,202.25412270915231,191.5500360518501,202.84608343046901,191.64475544468436,202.66525099526223,191.82209106252441,202.90803648287144,191.54127712091142,202.64893943744107,191.88866979570477,203.08713537495998,191.87985133916226,202.86239498829016,191.72083258746849,202.55938999139681,191.32204143368034,202.53179359775484,191.50233637890233,202.61232049332952,191.84477209515236,203.23863787340667,192.01815757270379,202.71818149719491,191.66067517753496,202.84608343046906,191.44186810912365,202.2980306606153,191.53482668097917,203.21330376511597,192.33461295241321,203.24592688075816,192.06986691154381,203.00887076473654,191.67767436558108,202.69960765402263,191.64700441008696,202.55036744092718,191.25478274743878,202.50246366099466,191.75156218905553,202.75653398442472,191.42514925151522,202.80044193588785,192.28370261784195,203.3811178213837,191.90154155888391,202.68555838155268,191.51899559041789,202.78915710006694,192.00825966096576,202.90300976087119,191.13081271034739,202.33065377625755,192.38092231032016,203.51301558312724,190.96032703457414,202.11146885382087,193.14108788668406,204.26949718182973,190.54919578228566,202.35910715607596,195.37546706650596,196.48451707096285,198.58512193513258,196.75980539075243
186.64779734362148,185.73903382615271,186.26710088132609,188.57065407985775,182.4423393978077,192.19787573121292,181.16477628174925,191.73268300833388,181.14851170361788,191.26311164683545,180.79416659287389,191.73623364648776,181.41686905319389,191.61035615373569,181.15185389482434,191.85637118177627,181.26535579124953,191.52501741153029,181.23700003850527,192.08026749176452,181.56001816614298,191.66752511960163,181.08883243615901,191.74820323904979,181.3087635437937,191.75326336394144,181.34175988830737,191.6878236115605,180.9356463444156,191.23278154738276,180.79082440166744,191.51347643778817,181.30085964626602,191.57169574216408,180.68104606246814,191.01678563846045,180.86388283912711,191.65092402096775,181.12136852920509,191.4906776461853,181.25410623412367,191.78948158875079,181.04458653451945,191.42739821691765,181.18773911586027,191.83039084523568,181.31378203319082,191.64623440201439,181.0454246836149,191.39009912419064,180.95944039083852,191.59051527679304,181.06503838973603,191.37383941480959,181.06252741084154,191.79599155428687,181.23449252800253,191.50298721527813,181.18522813696575,191.79960171804481,181.08715960635999,191.34811041251029,181.06420024064062,191.88420098158505,181.48156334165833,191.89543109548211,181.45776929523529,191.84261177203902,181.16979477114648,191.70911432914772,181.39725534707273,191.6693149367768,180.85468054103646,191.33975098370598,181.08548677656086,191.52094809954511,180.89641546378152,191.69279509416285,181.71571523678088,192.10235721362068,181.24155827643486,191.55759635589632,181.09301624485255,191.72111303839529,181.50117704777952,191.86006998782329,180.80960342708497,191.29251045898559,181.6944287008607,192.13749457051222,180.33172290951305,191.08626570663037,182.7983538699591,193.28856401093512,180.16226530285479,191.13112663661497,184.46446755121505,185.59243713892781,187.55454298254617,185.71569504386321
197.97622663090795,196.98229350713422,197.48466638403087,199.8684282010654,193.31145439076056,203.66607771733774,192.07190806296015,203.24263370187612,191.89230907614819,202.54307843357572,191.48265819391165,203.18970319994338,192.36182091204267,203.18570737147397,192.0271081917908,203.25391853769693,192.02645735541518,202.87141753875977,191.80756164471458,203.08210865295985,191.92116009778155,202.84608343046906,191.82712065800834,203.11646531172022,192.03617798257474,203.04548970884821,191.97869815686352,202.93736641963153,191.57169574216422,202.60902731444753,191.70414284654541,203.1693958136529,192.37114203706764,203.18970319994338,191.56558527876257,202.44623998017991,191.61874457873623,203.10015375389909,192.02315805150255,202.93563287651332,191.92769918000312,203.05451225931785,191.76702277367875,202.70360348249204,191.65894347324146,202.77684137071523,191.65595502917404,202.829771872648,191.87092971627143,203.01789331520618,192.01769842447649,203.1530842558318,191.92843865866809,202.74022242660362,191.58036603081365,202.81346031482687,191.72512270428757,202.79315292853633,191.90342001834833,203.18970319994338,192.03330729748183,203.03420487302733,192.07671685361058,203.14406170536216,191.72833336591086,202.6579619879108,191.7504522044525,202.96496281327353,191.74169327351373,203.06180126666928,192.49457887626886,203.67180708892539,192.22061487672264,203.05451225931785,191.93534812633862,202.9486512554524,191.70439418078678,203.03420487302731,192.22113355055387,203.15135071271359,191.84872223544076,203.03420487302736,191.98455728602397,203.0781128244904,192.19636624447529,203.18970319994341,191.46361644172717,202.44953315906196,192.16097614062022,203.27595946710568,190.98457566682146,202.41620739383248,193.45868224719263,204.28078201765061,190.32094982987454,202.26053515956201,195.5367943092061,196.82414101196781,198.82701611879139,196.67668630170994
187.38742206426608,186.44726089602659,186.91753695191073,188.9881761259854,182.54208075821256,192.26300462374877,181.42104939349579,192.23153413077452,181.66896182463864,191.74286278372065,181.22780120880626,192.10824545946647,181.69359402015701,191.94833906121454,181.47571017155744,192.10494615555379,181.48741998015092,191.75551232934399,181.31127452268817,191.92519888035929,181.35552042432766,191.71176279668472,181.29500647616513,191.93059898178146,181.48240149075369,191.89261993599314,181.3521747647296,191.67807386771545,181.04625936431853,191.67406420182328,181.44150124871231,192.19281560632135,181.91268697869626,192.18053515391421,181.23783818760066,191.52180674990697,181.22445554920816,192.08322681914674,181.67314216494046,191.99893853594068,181.50034236707583,191.99748857480685,181.39558251727374,191.7218234003748,181.15101921412065,191.57675586705574,181.08381394676189,191.78840213355519,181.56420197483652,192.12953617705378,181.64683713962302,192.07887717672378,181.48240149075374,191.76597243516849,181.14767355452256,191.69399360056602,181.27037428064676,191.75656266785404,181.3384142287093,191.9526291780335,181.52162890299604,192.11617626945082,181.83507030330702,192.10534565768825,181.06336555993701,191.30660984525352,181.0879977554554,191.83403012567894,181.22947403860536,191.88142035150364,181.98073039515049,192.67688597671108,181.85886434972997,191.98597813047223,181.39558598566541,191.84204957795254,181.27539277004396,191.95598800755002,181.62053558269727,191.96749857237396,181.44902724861225,192.18343495569246,181.72445728340404,192.09081765260055,181.75075884032969,192.16890553788267,181.07089155983689,191.40960002460284,181.62053211430555,192.11503575544023,180.54709577921804,191.32753159011389,182.72780294300213,192.88952152290565,179.79667410337663,191.40568194693307,185.29166775335037,186.49937142349634,188.28204580187975,186.10486178622807
197.80132615736869,196.87914767828218,197.47843706497565,199.67631093003766,192.81803389914953,203.0633609024332,191.6132268388283,203.17668482100433,192.17337435200247,202.87870654611129,191.74095379484859,203.02518232255767,191.7667424432411,202.63592105850213,191.78982297800343,203.08713537496004,191.70195352723582,202.43322160124086,191.51674662501532,202.92834386916192,191.80031220051347,202.62134304379913,191.50338671741255,202.74751143395508,191.80898248916284,202.86239498829013,191.6072050177161,202.50645948946413,191.50042739003044,202.90803648287135,191.95518900328128,202.88999138193213,191.77174292203969,202.84608343046909,191.60754499424661,202.56841254186642,191.57641589052514,202.8827023745807,191.88571046832263,202.95194443433445,191.91754993402364,202.97225182062496,191.74715290053973,202.75653398442478,191.70630316965867,202.88270237458067,191.84807139906505,202.98856337844606,191.94577923596691,202.95194443433448,191.76523295650358,202.83706087999943,191.74971272578742,202.80946448635743,191.7312331676892,202.88270237458067,191.82314140103446,202.75653398442478,191.53806645928802,202.60503148597806,191.5442364482935,202.85337243782047,192.099857034466,203.03420487302731,191.45667785737101,202.32736059737547,191.52254622857194,202.8387944231176,191.59193612124122,202.62863205115062,191.88432015328198,203.09442438231147,191.78001370855463,202.68156255308332,191.63148417937091,202.56841254186648,191.27573207577325,202.56841254186645,191.8159805991227,202.98856337844609,191.97787003590929,203.17668482100433,191.99322757467337,202.94292188386478,192.03793880355357,203.04722325196636,191.2997293737792,202.30705321108496,192.0947969095744,203.20272157888246,190.88507801274432,202.16613289887175,193.02785981906604,203.91356168300368,190.26162054089525,202.60015910056694,196.05227552647699,197.14571985203344,198.94675415194547,196.72961680364264
186.69274054990757,185.89887792985587,186.5703383428303,188.84560889231031,182.54542641781069,192.26050432410491,181.330050079714,192.1085563193117,181.60844787647599,191.80247252362682,181.37847632165537,192.13743645763066,181.4986695372767,191.79272277978177,181.6092825571798,192.2170642385687,181.20651467288599,191.18644319327944,180.89809176197235,191.85310099454904,181.40143568737452,191.59193612124122,181.06001990033886,191.7507630642975,181.50284987757854,191.98480862026531,181.25410623412367,191.52180674990692,181.20818750268515,192.05829682111619,181.58381568095763,191.62636452887548,180.92272395749069,191.56774560187577,181.22612837900721,191.66215413486495,181.1526920439197,191.65564416932881,181.22780120880626,191.80432186640576,181.43982841891318,191.85171067950839,181.19191945616205,191.63938445994779,181.31127452268811,192.06986691154384,181.73198328330392,192.09769671135265,181.43982841891321,191.76597243516846,181.19024662636301,191.71281313519484,181.27037428064668,191.80722166818407,181.42021471279205,191.95262917803359,181.43982841891321,191.69689340234447,181.00117878197531,191.40641835917577,180.95860571013489,191.71241363306041,181.5667094853392,191.91243028352829,181.04291370472043,191.39586961106176,181.16728726064366,191.83394148338971,181.2319815491081,191.59483592301962,181.25243340432459,191.81768177400855,181.26953613155135,191.79451259695693,181.44150124871226,191.61865593644703,180.7286341553141,191.32022108709774,181.21655165168042,191.91860027253389,181.53371314082557,191.97215907464195,181.32131150148251,191.66360409599866,181.33506856911112,191.63000368882948,180.45526178473267,190.97019595011591,181.52832022219229,192.15631410514106,180.54040446002188,191.10943488368198,182.40060447506258,192.70616408395324,179.85216956214197,191.49503035503074,185.21321292886572,186.13540817947694,187.82541131101664,185.83543307701734
197.62865762228179,196.72035617248414,197.33120920854344,199.8684282010654,193.42829262213635,203.71900821927045,191.98255965486257,203.14406170536216,191.91473877453484,202.78413037806669,191.8494617141057,203.43075514443439,192.38425061042932,203.31916476898135,192.46265076827851,203.66278453845567,192.01920791121401,202.55938999139684,191.57715536919022,203.1530842558318,192.09223708432663,202.93563287651335,191.8586201471789,203.19699220729487,192.25066452524845,203.36480626356257,192.17442469051255,203.06180126666931,191.87735103951832,203.12375431907165,192.06625674778607,202.93563287651338,191.70010406396773,202.86639081675952,191.8173709141634,202.74924497707326,191.55577600931375,202.7239108687825,191.73163266982365,202.82977187264797,191.79525207562193,202.83879442311763,191.59597490381898,202.64165043008961,191.75366286607584,203.213303765116,192.30027318706831,203.17668482100433,191.85532084326613,202.86639081675958,191.7544023447409,202.89172492505031,191.84881087772999,203.00887076473657,191.99097860927085,203.03420487302731,191.84230091219391,202.82977187264791,191.68458383325165,202.77684137071526,191.72256287903977,203.03420487302733,192.20296485230085,203.19699220729484,191.81407161025064,202.84608343046906,191.93420914553931,203.09113120342943,191.84335125070396,202.89172492505034,191.94435839151873,203.07481964560839,191.88855062400782,203.16939581365287,192.37123067935698,203.27925264598773,191.7680731121888,202.8827023745807,192.06304608616259,203.213303765116,191.99088996698148,202.97225182062493,191.76606107745775,202.82577604417855,191.93628082636326,202.76052981289416,190.88047703608012,202.03667132983387,192.12228673285261,203.44377352337347,191.15457319817085,202.26470489538573,193.00977976310227,203.80770067913835,190.04022453055083,202.21662720809897,195.56212380937103,196.72556901545386,198.78769841084818,196.84935483679678
186.99681570264141,185.99579858668841,186.37580029496979,188.71322131353287,182.6869027009607,192.4123622738868,181.27873496125039,191.78874211008574,181.22696652810254,191.50048691563407,181.10510048268208,192.00402765702844,181.62973441239623,192.03944829029101,181.81127278849232,192.54153907055158,181.75494264902321,191.76418261799341,181.27204711044584,192.09303608859554,181.58214285115861,191.8976800608848,181.50536085647306,192.17402518837812,181.64683713962299,192.16353596586802,181.83339747350797,192.25322435049614,181.48156334165833,191.88531096618831,181.48407432055279,192.04774807300231,181.55834533634393,191.94972937625533,181.27873842964206,191.43424815898439,180.80959995869324,191.5395162999325,181.27539277004394,191.63031466916388,181.0642002406407,191.53951629993244,181.02079248809653,191.52575689019525,181.27455462094858,192.07631735147615,181.68941021146352,191.87340089923001,181.16728726064369,191.65925433308675,181.18857379656396,191.7059036675243,181.33841422870927,191.94031960894085,181.47738300135654,191.78840213355517,181.17063292024184,191.73774313322517,181.39558251727377,191.90848014323973,181.38098730054972,191.93636946865252,181.60175655727983,192.10460617902322,181.50368802667396,191.98341830522457,181.58548851075676,191.94361891285359,181.18857379656399,191.63938445994768,181.31462018228629,191.7384826118903,181.04458653451954,191.72728302740077,181.69024836055883,192.24390322547103,181.52162890299607,192.04965706187423,181.81127625688401,192.22758399048615,181.44568158901416,191.7847919697974,181.22696652810262,191.85424138807059,181.72947230440948,192.10923627237293,180.92439678728968,191.38683034968557,181.89140044277607,192.5042689740209,180.75577732972684,191.20995388007307,182.47822115045193,192.65004545659735,179.50451923898595,190.87863063923453,184.58382261774111,185.88948167323619,188.13091550656335,186.46797832457446
198.01704860169468,196.81793029468395,197.02694699554323,199.27646747974859,192.75580480839187,203.01216394361865,191.33975098370587,202.65067298055934,191.68973260043254,202.58472409968755,191.53112787493194,202.83706087999943,191.70707317773125,202.64494360897174,191.80608268738459,203.35578371309302,192.29342324500155,202.96825599215558,191.73123316768923,202.91932131869228,191.72148342384415,202.81675349370889,192.02426803610567,203.22961532293706,191.88207118787932,202.89728038928357,192.10966630391479,203.32818731945102,191.95583983965702,202.83706087999943,191.83585047226165,203.12375431907162,192.10775731504276,203.08713537496001,191.75301202970016,202.50645948946413,191.35462037804629,202.79315292853636,191.9049295050859,202.66698453838038,191.34595008939684,202.53578942622428,191.57971519443797,202.70360348249201,191.75400284260638,203.03420487302733,191.98702846898237,202.78413037806669,191.50042739003038,202.6669845383804,191.65820399457652,202.8370608799994,191.94898989759034,203.08713537496004,191.81953123727666,202.65796198791082,191.56700612321075,202.97225182062496,192.09769671135265,202.99758592891573,191.65274436755058,202.74751143395505,191.84412125877657,203.0781128244904,191.96780943221916,202.95194443433448,191.8354509701272,202.70360348249201,191.31377064716531,202.46984054535244,191.71102331801967,202.66698453838046,191.17086343695956,202.24510015868262,191.59384511011319,202.84608343046904,191.60094638642133,202.76382299177612,192.02506704037435,203.12375431907162,191.8262925370542,202.79315292853641,191.61775376582989,202.92661032604369,192.37651302180436,203.61887658699266,191.94219806840539,202.86968399564154,192.56902889382985,203.56994191352936,190.99324595547071,202.1132023969391,192.98445026293729,203.86965373154064,190.04963429786517,202.06512470965231,195.3660572991916,196.67263851352115,198.90064583198514,197.0307652758722
187.43167988807141,186.25149084264032,186.38304154080646,188.37211638671982,182.06754936863044,191.68319351821086,180.66143235634704,191.5174861036804,181.34092520760368,191.81262176960627,181.46027680573815,192.06440728451793,181.39474783657005,191.56595578470069,181.15101921412068,192.11145612108996,181.81043810778863,191.98372916506966,181.29584115686879,191.72867334244151,181.10677331248112,191.7558231891891,181.70902391758457,192.28580329486226,181.43815558911419,191.7359533160502,181.52497456259411,192.18127463257923,181.41854188299303,191.62963471610274,181.20567999218233,191.89585971430208,181.50954119677485,192.0032881783635,181.4323024190133,191.76563245863804,181.34008705850835,192.08902642270331,181.60342938707882,191.62056492531897,180.85719151993089,191.57064540365423,181.31462018228623,191.71571293697312,181.16896009044277,191.75696216998861,181.3751341304488,191.70630316965864,181.08715960635996,191.68387347127197,181.35719325412677,191.99353843451851,181.70567825798645,192.10494615555376,181.25745189372188,191.50588701705649,181.18522813696575,192.11145612109004,181.7762291849435,191.84196093566348,180.97654658645692,191.56049615767469,181.38098730054975,192.07631735147609,181.58297753186224,191.81984209712184,181.16896009044274,191.48234733406665,180.83590498401063,191.56990592498914,181.54291543891622,191.88138982209611,180.8980917619723,191.22192193942394,181.06169273013788,191.68887395007067,181.02580750910201,191.48410815504556,181.27371994024483,191.80827200669415,181.2269630597109,191.65925433308661,181.12889799749672,191.77103256006009,181.75410449992785,192.3939712375886,181.41268871289213,191.74067346441109,181.94568332320998,192.25723260366638,180.35133661563418,190.92277814081694,182.35970423302118,192.78249256097862,179.87345609806221,191.30837361216572,184.96195830651641,186.0156701463228,187.79638783758108,185.78881704093214
198.22903484472477,197.10203154028832,197.42726862012381,199.56316091882081,192.82346299676789,202.99585238579752,191.32744141461311,202.81346031482684,191.978047320488,203.08713537496004,192.25171486375854,203.60985403652302,192.29490220233168,202.89901393240174,191.75761300636418,203.23361115140645,192.15776547899696,202.89901393240174,191.71025330994709,202.85910180940812,191.63466431158682,202.7931529285363,192.08612662092492,203.3321831479204,191.98841878402311,202.89901393240177,191.97184821479686,203.1074427612505,191.75036356216313,202.60503148597803,191.51643576517023,202.70360348249207,191.7250340619982,202.95594026280389,191.90276918197267,202.94465542698296,192.00467849340416,203.29556420380882,192.07927667885838,202.67826937420131,191.353199533598,202.69631447514058,191.80796114684907,202.74022242660365,191.51634712288092,202.73119987613396,191.8513707029777,202.94465542698302,191.77933234277148,202.97225182062499,192.06986691154376,203.26623426704865,192.1960553846304,203.12375431907168,191.7475524026741,202.73119987613396,191.80466184293633,203.18570737147402,192.12302621151761,202.8207493221783,191.44726809005664,202.79315292853633,192.08902642270328,203.31187576162992,192.12407655002778,203.02518232255758,191.84486073744154,202.86639081675963,191.6726142406896,203.03420487302731,192.34516170052694,203.38511364985314,191.94136994745116,202.97225182062496,192.09232572661591,203.1530842558318,191.76156314665275,202.74022242660374,191.74724154282902,202.82977187264791,191.68739499274056,202.88270237458065,191.86697957598315,202.96825599215555,192.06542862683173,203.06180126666931,191.43285784394368,202.56268317027889,192.32702353168148,203.16610263477085,190.57001294807571,201.79162355687345,192.77246401990735,203.89725012518261,190.38786853958547,202.60015910056688,195.9260275277868,196.91369045801213,198.55080992988198,196.23305788150336
187.17543582123605,186.2056722080095,186.67175253303424,188.77289057904272,182.43899373820958,192.19096626354241,181.23448905961084,191.97249905117252,181.47822115045187,191.77140294550898,181.49950421798039,192.38996157169643,181.75661547882231,191.74857374498797,181.26786330175221,192.08066699389897,181.46446061443163,191.5152967843708,180.99950595217624,191.61624427909237,181.0011787819754,191.41147848406717,181.21153316228327,191.88099031996174,181.29416832706974,191.67082442351432,181.31294735248724,191.81768177400846,181.20902218338878,191.5449164013547,180.98658356525138,191.43785832274227,181.07712262756556,191.71676327548317,181.21655165168042,191.58832595748336,181.26953613155135,191.99492874955914,181.46111495483345,191.53516665750968,180.85551869013185,191.49826706691701,181.16896009044279,191.60859533275669,181.10510048268205,191.70300386574601,181.39892817687186,191.9243998760904,181.39725534707273,191.98082936329149,181.68606455186534,192.18013565177975,181.52915490289595,191.83866163175054,181.26535579124956,191.76958259892632,181.34008705850829,191.9084801432397,181.43648275931517,191.7283333659108,181.10844614228017,191.79130193533351,181.56252914503747,192.04453741137894,181.43982841891327,191.96459877059579,181.606775046677,192.03512764406449,181.3742959813535,191.98662896684789,181.75494264902323,192.31289361600599,181.72779947461046,192.25828447538771,181.84008879270417,192.07276671332204,181.22612837900724,191.65570369493261,181.23198501749977,191.71861273875137,181.27455462094858,191.98736844551294,181.64767528871837,192.06912743287899,181.60259123798349,191.93454912206985,181.00787010117156,191.65021507171048,181.95358722073769,192.02352702422937,180.0070319520762,190.66698283952385,182.20735282198146,192.77629345528763,180.04458306612779,191.59233868979814,185.27372687702831,186.186466681941,187.69990459457603,185.48517298790418
198.09122014067592,196.94781173416737,197.29024062200904,199.49218531594886,192.89365189370599,203.44133733066789,192.04512872215071,203.25894525969721,191.86373979767436,202.42419905077122,191.39836991070555,203.03420487302733,191.9736685613797,202.71818149719491,191.79741239873508,203.22232631558563,191.93636946865266,202.52277104728523,191.3926589494383,202.65067298055931,191.45232821494827,202.48615210317362,191.70161355070525,202.93563287651335,191.69575442154488,202.67427354573189,191.7276825295352,202.97225182062499,191.93702030502817,202.94465542698305,191.69368274072096,202.64165043008964,191.6559550291739,202.89172492505028,191.67051356366932,202.52277104728523,191.56626664454569,203.02518232255773,192.03367780342006,202.77284554224585,191.45667785737101,202.53578942622423,191.4689874264638,202.65067298055931,191.74499257742644,202.98127437109466,191.9685489108841,203.02518232255767,191.90814016670933,203.0781128244904,192.08828694403817,203.08713537495998,191.77248240070469,202.73119987613401,191.68748363502985,202.85510598093867,191.74064293500359,202.8207493221783,191.82965136657072,202.89172492505031,191.68131364602434,202.75653398442472,191.77214242417409,202.8207493221783,191.61365545764841,202.86239498829013,192.07927667885829,203.12375431907165,191.77208289857026,202.85337243782047,191.96425879406507,203.11473176860204,191.93051033949209,203.06682798866953,192.0688165730337,202.87367982411098,191.43671934194285,202.56841254186645,191.6549933329531,202.74022242660365,191.66931493677683,202.92834386916192,191.92448851837969,203.02518232255767,192.13669697896546,203.27925264598773,191.81811039282854,203.02118649408825,192.69527689251996,203.32888996903833,190.57001294807574,201.82824250098508,192.85530246246873,203.95920317758498,190.3813585740493,202.50158710405299,195.77337057373603,196.8151184614982,198.58091890845742,196.3778493764672
187.70018641923824,186.44065810653419,186.51543678830834,188.43144567569902,182.1443313633161,192.19432509305901,181.56503665554021,192.21311409828022,181.41770720228934,191.30621034311918,180.7983504015674,191.81231078927186,181.45358895493359,191.74576258549897,181.46613344423065,192.2066041327441,181.51828324339795,191.62923521396829,181.17063292024179,191.87448035442554,181.33674139891022,191.8347114914622,181.62471592299897,192.1621151214197,181.41854188299305,191.7526125275657,181.35719325412668,192.03151748030683,181.64850996942209,192.08578664439437,181.41436154269118,191.7272830274008,181.32047335238718,191.97869815686357,181.37346130064981,191.64845425073162,181.29333364636602,192.15850495766202,181.77455635514443,191.95518900328133,181.25076057452557,191.61189463666966,180.98156507585412,191.51313646125755,181.25243340432468,191.91828941268875,181.48072866095458,191.95228920150302,181.5216289029961,192.01559774745607,181.46446061443157,191.77288190283909,181.09924731258121,191.52905619410805,181.15436487371881,191.75079218098313,181.24908774472652,191.66181415833449,181.27204711044581,191.78263164668419,181.17063292024179,191.56990592498909,181.20818750268512,191.71025330994703,181.08715960635993,191.63608515603502,181.45776929523532,192.00072835311576,181.31880052258811,191.7497127257875,181.43397524881232,191.85862014717895,181.13140550799952,191.64879422726224,181.39307500677091,191.80176204115816,181.10928082298389,191.62050539971511,181.27371994024483,191.60569553097858,180.97738126716067,191.5141867997676,181.06671121953508,191.62306522496274,181.48156334165836,192.11250645959996,181.28998798676787,191.84844190500309,182.15269204391979,192.34874133487727,180.35133661563412,190.91336837350264,182.33841769710097,192.76657282812809,179.87512892786128,191.33370311233065,185.00118571875873,186.04099964648771,187.78865090006576,185.75161077216137
198.64435435445372,197.27543574417922,197.24359509743243,199.26917847239716,192.60132750775827,203.05607189508169,191.74962408349816,203.16037326318329,192.00007751674002,202.71991504031311,191.64728474052455,203.03820070149675,191.91828941268872,202.9153254902229,192.07887717672381,203.42902160131618,192.18630564078524,203.04149388037877,192.0040276570285,203.24263370187609,192.05243769195576,203.21330376511594,192.37049120069202,203.49097465371852,192.15551651359434,203.06180126666928,191.89625921643656,202.94465542698296,191.82669203918843,202.95594026280386,191.80111120478239,202.75653398442475,191.74459307529193,203.05451225931785,191.95012887838988,202.88270237458067,191.88099031996157,203.25894525969716,192.21237461961525,203.06180126666928,191.83940111041562,202.89172492505028,191.67156390217934,202.69458093202238,191.7055636909937,202.93563287651335,191.87630070100823,202.98856337844606,192.00979814389964,203.08713537496004,191.85097120084328,202.83706087999943,191.75622269132359,202.84608343046904,191.71531343483866,202.74022242660365,191.60899483489126,202.75653398442472,191.84446123530714,202.97225182062496,191.72799338938037,202.74751143395508,191.86112044682275,203.07984636760861,191.82709154132297,202.83706087999943,191.96459877059564,203.1074427612505,191.75761300636435,202.75653398442475,191.88033948358594,202.87541336722919,191.40922951866472,202.54307843357572,191.87348954151923,203.11646531172022,191.89756088918799,202.92834386916184,191.88073898572034,202.74022242660365,191.44356928400953,202.53578942622428,191.38984778994944,202.44224415171053,191.69319459629713,202.91203231134082,191.40246821888729,202.54637161245779,192.4127617760212,203.46008508119459,190.99324595547077,202.11320239693907,192.89220205306142,203.77108173502668,190.07496379803015,202.35910715607596,195.84969905076144,197.05617040598909,198.94675415194547,196.72961680364261
187.40585590316931,186.20009396645989,186.22388955391142,188.3890864580805,182.27706559984304,192.06437828832156,181.26953613155132,191.99782855133745,181.48407432055279,191.78766265489011,181.37095032175529,191.9377597836932,181.27957311034575,191.79016295453411,181.66310518614597,192.42757152426864,181.83757781380976,192.099857034466,181.56420197483646,191.99748857480697,181.33172290951305,191.9424799320542,181.71404240698183,192.27164438299067,181.70818576848927,192.02241857283744,181.29333364636599,191.50693735556644,180.95944039083855,191.6342648094523,181.21320599208224,191.54167662304587,181.10175482308395,191.80827200669412,181.39892817687178,191.72142389824029,181.21236784298694,191.84261177203899,181.41519622339482,191.81984209712175,181.33674139891022,191.89907037592539,181.41854188299303,191.86399113191547,181.41686905319392,191.94031960894091,181.39892817687186,191.84156143352894,181.418541882993,191.93741980716268,181.37429598135344,191.92656019920372,181.65185562902016,192.12697635180589,181.39390968747463,191.57351608874689,180.96027853993388,191.69939370198801,181.56838231513839,192.15881581750693,181.51661041359881,191.8347114914622,181.4448469083105,192.07020688807449,181.45609646543625,191.87886052625601,181.58883417035494,191.99822805347191,181.10008199328482,191.42699871478331,181.19693794555934,191.70769348469929,180.93313536552108,191.44942841316984,181.38182544964513,191.96928838954901,181.29082266747159,191.69655342581365,181.29249896566236,191.71861273875137,181.21404067278604,191.68822311369493,180.99867127147255,191.27548074153205,181.06587307043981,191.72114203459159,180.83674313310601,191.32105062077403,181.74825132982701,192.34874133487736,180.7557773297269,191.31161185726324,182.49950768637217,192.5990464797369,179.54374665122822,191.27002418092843,185.25411317090712,186.48345169064578,188.31880621283059,186.18868409108404
197.82118773758788,196.73866781014635,197.03993916652107,199.56316091882084,193.22170648052835,203.53088677671218,191.91965061104403,203.05451225931779,191.7750713426378,202.71089248984347,191.82345226087972,203.00158175738508,191.56703523989617,202.53179359775481,191.90308004181782,203.42173259396472,192.18954541909409,202.77284554224588,191.48530666144882,202.6416504300897,191.58758647881834,202.90630293975317,192.08399682721927,203.13104332642311,191.93992010680645,202.90803648287141,191.60794449638109,202.54307843357572,191.58252635392688,202.94465542698305,191.86368027207044,202.65796198791077,191.522857088417,202.82977187264794,191.81953123727669,202.77284554224582,191.6708244235144,202.92661032604371,191.95444952461628,202.95194443433451,191.75656266785418,202.93563287651338,192.00979814389953,203.16037326318326,192.01664808596647,203.03420487302731,191.90887964537418,203.0251823225577,191.96780943221927,203.06180126666931,191.89946987805982,203.08713537496001,192.23804409631077,203.40142520767427,192.08538714225998,202.73119987613396,191.37457889347459,202.79315292853636,192.16171561928542,203.34849470574153,192.0419775861312,202.89901393240174,191.82604120281283,203.00887076473654,191.82925186443617,203.00487493626716,192.18599478094021,203.12375431907168,191.57311658661243,202.55938999139681,191.74650206416402,202.87541336722921,191.54306693808658,202.61405403644773,191.77257104299395,202.68729192467094,191.24750277383001,202.41691004341985,191.65755315820084,202.98856337844612,192.13629747683109,203.16939581365284,191.66224277715426,202.36397954148711,191.49206796122616,202.90474330398936,191.52328570723685,202.59201310703898,192.33137317410436,203.38182047097106,191.05365469964551,202.36327689189969,193.17761697133855,203.89725012518267,190.0749637980301,202.35910715607596,195.84969905076147,197.05617040598915,198.9467541519455,196.72961680364267
187.04175890892762,186.1274133884483,186.61517814871328,188.94041692743389,182.79500821036092,192.43124133411953,181.29082266747162,191.78914161222019,181.15018453341699,191.53411631899965,181.35635510503133,191.91396876646215,180.91687078738983,191.03421485804859,181.00285161177442,192.03404677614679,181.39892817687189,191.20600220657323,180.54124260911721,191.44439740496381,181.36137359442856,192.09809621348705,181.74574381932419,191.93676897078689,181.17230575004095,191.61769424022609,181.10593863177746,191.68353349474154,181.48072866095467,192.18093465604855,181.60510221687795,191.75261252756567,181.17063292024181,191.81086094862729,181.33590671820659,191.76893176255069,181.39474783656999,192.15165501559531,181.81712942698491,192.07566651510044,181.27204711044581,191.77504222595246,181.52162890299601,192.07020688807449,181.37931447075067,191.70846349277198,181.31294735248719,192.03512764406452,181.66812367554326,192.02210771299221,181.31629301208534,191.74971272578742,181.4364827593152,192.19645488676474,181.73365611310297,191.79420173711182,180.960278539934,191.65240439101999,181.53956977931807,192.04487738790965,181.32047335238715,191.66431445797821,181.28831515696882,191.86183080880227,181.31712769278903,191.95188969936856,181.74992415962603,192.12987615358423,181.31880052258813,191.80037172611733,181.51577573289515,191.8586201471789,181.04960502391674,191.4972167284071,181.16477975014092,191.41977826677856,180.64934465012578,191.39299892596901,181.37847979004695,192.16748610615647,181.93480819532019,192.29481356004223,181.2983521357632,191.32534073759288,180.97738126716067,191.8477008931269,181.21153316228316,191.70337437168402,181.91937829789259,192.14326505738342,180.31210920339177,191.07469561620283,182.56671295373101,192.86749132665338,179.87512892786128,191.33370311233068,185.00118571875879,186.04099964648765,187.78865090006573,185.7516107721614
198.16985555656228,197.12119749708734,197.62171201180649,199.74954881826091,192.97470051909235,203.19126283570725,191.43376001456068,202.79315292853639,191.82578986857149,202.76382299177618,191.89247176810005,203.06353480978751,191.38984778994939,201.91449876814733,191.24429211220661,203.16939581365293,192.09300709239932,202.42419905077119,191.16910261598062,202.82248286529648,192.09297656299177,203.185707371474,192.1114561210899,202.95594026280384,191.51634712288097,202.55210098404535,191.63071417129825,202.9812743710946,192.08282731701232,203.21330376511597,192.06335694600767,203.07811282449038,192.02531837461578,203.12375431907165,191.82604120281269,202.78413037806672,191.84591107595185,203.31187576162992,192.36719189677916,203.12375431907159,191.6686641004012,202.83706087999937,192.03077800164158,203.08713537496001,191.64549492334945,202.50645948946413,191.55438569427287,203.03420487302733,192.18664561731595,203.08713537495996,191.674123727427,202.61232049332952,191.67298474662766,203.16766227053469,192.24927421020777,203.01389748673679,191.63031466916388,202.83706087999946,191.97687922300295,202.98856337844603,191.63247499227714,202.6579619879108,191.75406236821033,202.98127437109466,191.86723091022441,203.07811282449038,192.22144441039902,203.30285321116025,192.03506811846074,203.14006587689269,192.12993567918807,202.91932131869228,191.41502912222123,202.56841254186645,191.76893176255061,202.81346031482684,191.53655697255053,202.85510598093867,192.1683142271107,203.39240265720454,192.29077477746463,203.16037326318323,191.64342324252539,202.53179359775487,191.73444382931271,203.0748196456083,191.63722413683436,202.70689666137409,192.41350125468639,203.25565208081517,190.68611170078643,201.96169989849244,192.92043135500481,203.83303478742903,190.12306297311218,202.20031565027779,195.44238577621704,196.53015856554416,198.50470160992154,196.53420635373286
187.40989084548659,186.3222644529414,186.72861167141855,188.59780392660531,182.16394506943729,191.97721919953344,180.94400702501923,191.83940111041568,181.64349494841653,191.90740068804422,181.48239802236208,192.10633647059453,181.14851170361786,191.04643578485206,180.89725361287694,192.41023094696988,182.14683887381881,191.87161108205493,181.10677331248115,191.90992998388447,181.41519622339484,191.64509542121502,181.21571350258509,191.78328248305979,181.10175482308389,191.4371188440773,181.16896009044274,191.9377597836932,181.4815633416583,191.87300139709558,181.43982841891321,192.15156637330597,181.85384586033277,192.22499504855301,181.39725534707273,191.62627588658614,181.1910813070667,191.96919974725981,181.56336382574108,191.775693062328,181.10510048268205,191.83215166621443,181.69108304126254,192.0673070862961,181.18690096676491,191.39916891497458,180.98156507585412,191.79815187740019,181.54542294941908,191.93090984162657,181.24908774472641,191.68964395814328,181.40060100667091,192.18704511945018,181.74825132982693,191.99313893238411,181.37931447075067,192.04703771102277,181.71069674738374,192.02571787675006,181.24908774472649,191.62997469263328,181.23281969820351,191.85171067950836,181.39892817687181,191.95228920150308,181.6034293870789,192.12663637527544,181.58465036166129,192.08788744190383,181.63056909310004,191.87084107398223,181.06085458104246,191.6867441563648,181.56587480463563,192.07020688807435,181.33506856911106,191.85063122431271,181.64600245891936,192.19935468854288,181.5470957792181,191.73163266982377,180.95609819963215,191.59128528486556,181.63056909310001,192.16970454215158,181.06169273013791,191.42486892107763,181.77455635514445,192.24782283635199,180.50117704777944,191.05587608157393,182.33507203750287,192.48220824836096,179.46027333734634,190.9108100814662,184.52498149937756,185.54183766420158,187.52748776333945,185.83887975893612
197.7975899560725,196.67085807339794,197.07789031410275,199.35699437532327,192.88970175341754,203.28254582486977,191.50536834322511,202.92834386916189,192.18068332180732,203.11473176860198,191.99083044137765,203.29556420380885,192.00087652100899,202.60503148597803,191.63491564582796,203.55692353459031,192.69971517723224,203.19299637882543,191.86177128319835,203.10744276125058,191.76819228388572,202.51374849681554,191.60424569033387,203.0269158656759,191.77973184490583,202.5154820399338,191.56123563633963,203.01789331520618,191.95839966490482,202.83706087999943,191.74104243713796,203.08713537495998,192.21197511748082,203.30285321116028,192.04453741137888,202.84608343046906,191.61149513453518,202.68729192467092,191.5008268921647,202.60503148597812,191.76597243516861,203.21330376511594,192.28796361797552,203.07082381713897,191.62815434605076,202.65067298055931,191.6780738677154,202.91932131869225,191.86689093369392,202.82977187264797,191.65999381175155,202.98127437109463,192.23804409631083,203.40142520767424,192.08538714225989,202.96322927015535,191.89946987806002,203.2223263155856,192.20330482883134,203.1603732631832,191.91538961091049,202.93563287651341,191.85097120084325,203.02518232255767,191.93346966687423,203.00487493626719,191.9895287686262,203.11473176860201,191.90524036493102,202.95194443433448,191.99026824729123,203.05451225931785,191.70445370639064,202.84608343046906,192.13607525927526,203.25894525969721,191.77279326054983,202.59600893550845,191.62966383278814,202.85510598093873,191.70621452736947,202.58871992815693,191.33918878961944,202.7108924898435,192.25933481389805,203.35751725621117,191.53195599588616,202.48441856005545,192.2991937318728,203.44377352337344,191.06991440902655,202.22079694392275,192.93129096296369,203.65619818069166,189.93205658782429,202.12707776205463,195.37546706650608,196.34203712298586,198.30212513420608,196.44465690768862
186.50055891074228,185.54147999530923,185.99460370065964,188.45677517586404,182.58632665985206,192.23335447735738,180.8759670769567,191.56990592498897,181.50285334597021,191.987368445513,181.41937656369666,192.06986691154384,181.62388124229543,191.75912249310184,181.15018106502527,192.01664808596621,181.64600245891933,191.85964148949265,181.42104939349574,192.18127463257915,181.52246705209143,191.63509434312869,181.2899879867679,192.0619361015595,181.31796584188444,191.35035937791275,180.98156507585423,191.95086835705473,181.58381568095768,191.73419249507131,181.08465209585725,191.70920297143692,181.40060100667088,192.03151748030672,181.60510221687795,191.84526023957608,181.10593863177746,191.3276186991919,180.62638875279816,191.39885805512949,181.5249745625942,192.31403259680553,181.68606455186531,191.66431445797824,180.92272395749066,191.63031466916385,181.41686905319392,191.9313093437608,181.31294735248721,191.50372669394309,180.89976459177137,191.74715290053967,181.68773738166448,192.1363861191204,181.37931447075064,191.71497345830815,181.31127452268817,191.87124057611663,181.31545486298992,191.81623193336404,181.46111495483348,192.04413790924454,181.60593689758156,192.11722660796096,181.56085631523842,191.97070923399741,181.54876860901715,192.04487738790951,181.31127452268819,191.6231247505666,181.31462018228626,191.91612908957546,181.18857379656396,191.60029555004556,181.48407432055279,192.11540626137838,181.31043637359275,191.36732944927351,180.81880225678395,191.41326830124231,180.99699497328183,191.49826706691707,181.02748380729278,191.73049368902409,181.74741318073157,192.26732373676404,181.21487882188134,191.66829512767416,181.99616029257817,192.32051203293409,180.44400875921502,191.00811688302247,182.33339920770382,192.68734454932448,179.87680175766033,191.44477085683536,185.04208596080022,185.86375267093695,187.53906910751547,185.64128250632172
197.35265707944507,196.37887570681539,196.86729839152861,199.5428535325303,193.33749437339418,203.43231478019825,191.36795116896366,202.59600893550842,191.85000950462253,202.92434804069251,191.73475468915768,203.01615977208803,192.09309573468855,202.87870654611123,191.54448778253479,202.6945809320224,191.55589518101058,202.57570154921788,191.80062306035856,203.40142520767424,192.33831175846035,203.00487493626719,191.86143130666784,203.05451225931779,191.64879422726213,202.38029109930821,191.45016789183498,203.01789331520624,192.06946740940941,202.80946448635746,191.50372669394309,202.6416504300897,191.66141465620001,202.84608343046901,191.81012146996224,202.75653398442475,191.55108639036035,202.49917048211265,191.29174045091304,202.60503148597806,191.97505887642029,203.13277686954129,191.74064293500359,202.45352898753143,191.33949964946464,202.74022242660357,191.89256041038931,202.94465542698302,191.73814263535985,202.49917048211265,191.19693241578941,202.46255153800101,191.65530419279833,202.79315292853639,191.69649390020982,202.8094644863574,191.78445199326677,202.69458093202235,191.40817918015443,202.60503148597812,191.76637193730301,203.03420487302728,192.0669075841617,203.21330376511588,192.07927667885835,203.16766227053469,192.21197511748073,203.2223263155856,191.70630316965878,202.55938999139681,191.70556369099364,203.03420487302728,191.75872299096736,202.71818149719496,191.92010975927138,203.16037326318323,191.82959184096677,202.6303655942688,191.52294573070634,202.66195781638018,191.59588626152978,202.80217547900594,191.80475048522555,202.98856337844606,192.17359656955824,203.32316059745079,191.8521101816427,203.03749805190932,192.69817669429841,203.34520152685946,190.60401273689004,201.8721504524481,192.89220205306145,204.01213367951766,190.46419701661085,202.63677804467852,195.93253749332288,196.95030940212374,198.66375735101892,196.41446832057883
187.02682662339544,186.02472802922614,186.37028611389388,188.82678935768143,182.92356210658602,192.56433927487635,181.28747700787355,191.83255116834894,181.44401222760672,191.78189216801914,181.20567652379074,192.03472814193006,181.84008879270414,192.06295744387339,181.2695361315514,191.63722413683448,181.00368976086975,191.49687675187644,181.35300944543326,192.32665302574338,181.91937829789251,192.01115946274402,181.38014915145436,191.90953048175007,181.20651467288602,191.4718581115566,181.12638701860229,191.93775978369325,181.52413641349875,191.74675339840536,181.12805984840136,191.64043479845787,181.18522813696578,191.62451506560734,181.1084461422802,191.60819583062232,181.23030871930902,191.79195277170913,181.31545486298992,191.77569306232797,181.35300944543326,191.67841384424602,180.90311025136947,191.32357991661416,181.077960776661,191.78624181044199,181.34008705850829,191.69939370198824,181.18857379656399,191.52359656708208,180.876805226052,191.28958012779981,180.83507030330699,191.39990839363955,181.12638701860223,191.85822064504444,181.50368802667398,191.69038343680816,180.93899200401367,191.45056739396935,181.10426580197841,191.69689340234422,181.33674139891022,191.9367094451832,181.5036880266739,192.04379793271389,181.70567825798653,192.05789731898179,181.15101921412057,191.51199748045809,181.35468227523234,192.193895061517,181.65018279922108,191.98628899031741,181.62137026340096,192.09553638823937,181.32047335238713,191.7084634927719,181.37178847085076,191.89006011074548,181.29751398666781,191.81012146996238,181.41603437249029,191.97110873613187,181.6288962633009,192.12737585394055,181.35217476472954,191.95950964950785,182.13307833779859,192.180904126641,180.1835553071667,190.91987833903866,182.50452617576934,192.97525976724526,180.02162370040844,191.44653167781414,185.19192639294548,186.32897439001241,187.92819985120602,185.58609148642947
198.18821287393797,197.10360741847114,197.51673464777301,199.83909826430522,193.31617453912142,203.70998566880084,192.04583908413034,203.25894525969724,192.04752585544659,202.78413037806666,191.71667463319386,203.38511364985314,192.47760880490836,203.08713537496001,191.75215337933815,203.03820070149672,191.90566898375099,202.75653398442475,191.73228350619925,203.09113120342943,191.95302868016807,202.80946448635746,191.80466184293633,203.09113120342943,191.88065034343106,202.75653398442475,191.75730214651924,203.05451225931782,191.9374198071626,202.88270237458065,191.8014511813129,202.92834386916195,191.79235227384359,202.82977187264794,191.73453247160188,202.97225182062502,192.11466678271333,203.34849470574153,192.18127463257912,202.94465542698299,191.63392483292182,202.71488831831292,191.60464519246835,202.70360348249196,191.72907284457594,202.78586392118495,191.54241610171087,202.64165043008964,191.80722166818393,203.01789331520621,191.80466184293635,202.61405403644775,191.41872792826828,202.67826937420125,191.82925186443626,203.12375431907168,192.11435592286821,202.98127437109466,191.69143377531833,202.68729192467092,191.51313646125752,202.60503148597803,191.6614146561999,202.98856337844614,192.04018776895617,203.09442438231153,191.99313893238394,202.97225182062493,191.67156390217943,202.89901393240177,192.19645488676466,203.52759359783016,192.32014306020733,203.22961532293704,192.13968542303309,203.05451225931785,191.55503653064872,202.6416504300897,191.88684944912208,203.07984636760855,191.80136253902347,202.73119987613401,191.65860349671098,202.89901393240177,192.02491887248118,203.01789331520624,191.4947164287631,202.73449305501603,192.49776054169598,203.34520152685951,190.80442888949236,202.12222494740874,193.12985777278695,204.10168312556198,190.33686956272498,202.40301510753903,195.75094087534944,196.93000201583322,198.67054796303606,196.28598838343606
187.18701290308672,186.2799315830633,186.90329523669769,188.91400797207342,182.45609993382791,192.33643329899596,181.4644571460399,192.16856556135198,181.49950768637206,191.52106727124186,181.16979477114646,192.25180350604799,181.70818923688094,191.52106727124183,180.96111322063766,192.02059822625469,181.6681236755432,191.67983468869434,181.02497282839832,191.54315558037584,180.87597054534837,191.28529001098076,181.14516604401979,191.96027812436918,181.44150124871229,191.7048533290141,181.27539277004399,191.84921037986445,181.26870145084769,191.71537296044252,181.35719325412677,191.86112044682267,181.29584115686882,191.81012146996235,181.41770720228931,192.05650700394111,181.7712106955463,192.31949222383156,181.62806158259721,191.67051356366932,180.96195136973301,191.74465260089593,181.53789694951908,191.91788991055424,181.25995940422456,191.48524713584476,180.76786503594815,191.4657476481548,181.50201519687485,192.27278336379004,181.64850996942209,191.74931322365299,181.16896009044279,191.94031960894088,181.64683713962302,192.08538714225992,181.48072866095464,191.83866163175065,181.31378203319088,191.75400284260641,181.12973267820044,191.56990592498911,181.24908774472644,192.04163760960063,181.73031045350493,192.08177697850212,181.42188754259112,191.79130193533351,181.24908774472658,191.98702846898234,181.8154565971858,192.3227028854549,181.6238777739037,191.92005023366747,181.40394666626904,191.69143377531833,180.84882737093557,191.3644296474952,181.25745189372185,191.89040008727613,181.26953613155138,191.55759635589635,181.06503838973603,191.71241363306035,181.46027680573812,191.76125228680755,180.7745563551444,191.47947806169583,181.97654658645698,192.32051203293415,180.46362246533621,191.07719591584674,182.50285334597027,192.88992102504011,179.95692941194412,191.4125914146037,185.06504532651948,186.09455844859579,187.83896090942156,185.80763657556093
197.57963557329398,196.64923701443473,197.35710367341906,199.47187792965832,192.62745601219217,203.1017133896629,191.67067625562117,203.07082381713892,191.87644886890141,202.48615210317354,191.55423752637978,203.11646531172019,191.7555718549479,202.14652816216866,191.21896261204168,203.11646531172019,192.18309497916189,202.7272040476646,191.54457642482413,202.74022242660365,191.41073900540218,202.33464960472693,191.55654601738621,202.89172492505031,191.677674365581,202.62134304379916,191.71827276222086,202.88270237458065,191.6516053867511,202.65796198791077,191.64268376386048,202.75653398442469,191.71852409646209,202.91932131869228,191.82644070494726,202.82577604417855,191.87590119887383,203.16766227053469,191.95410954808571,202.66525099526223,191.51273695912303,202.98127437109466,192.10855631931165,202.94465542698299,191.61439493631343,202.53578942622428,191.31127034752149,202.65796198791077,192.07526701296598,203.31187576162995,191.95333954001319,202.73119987613401,191.6911229154731,203.13277686954126,192.20907531570256,203.16766227053469,191.89768006088468,202.88999138193208,191.82925186443623,202.98127437109463,191.7920414139985,202.84608343046904,191.95623934179144,203.28654165333913,192.17112538659981,203.0505164308484,191.88355014520934,202.95594026280389,191.7442530987615,202.9682559921556,192.18815510405329,203.25721171657901,191.84443211862177,202.72720404766454,191.69874286561233,202.79315292853636,191.56080701751981,202.71089248984347,191.85322016624585,202.98856337844612,191.84838225891019,202.88270237458062,191.70599230981364,202.86239498829013,192.07918803656898,203.09113120342943,191.42162773004665,202.64494360897169,192.55276918444872,203.49670402530617,190.9360769896048,202.1132023969391,192.94937101892734,203.86063118107103,190.22037130787976,202.45767915258995,195.77121025062277,196.85173740560973,198.90064583198517,197.03076527587226
186.8106534445136,185.79619700753713,186.26788132706807,188.2443894306995,181.87680869444372,191.8694507589415,181.14683540542723,191.932048822426,181.37597227954419,191.44837807465981,181.12889452910511,191.98048797403868,181.16812540973905,191.0844743562441,180.89809176197232,192.11944504395606,181.64767528871837,191.67884387578798,181.31294735248721,192.15014552885768,181.54375011961997,191.77424322168355,181.37931447075064,191.82743151785351,181.02162716880022,191.50659737903598,181.37346130064972,191.98190881848691,181.3605354453332,191.67116440004494,181.10426580197836,191.5923356233757,181.29249549727064,191.91933975119878,181.25076057452557,191.46133848012815,181.17314043074458,192.1562559922593,181.74657850002788,191.88858115341543,181.33674139891022,191.96888888741472,181.40060100667088,191.62056492531892,181.06001990033889,191.6249145677418,181.16896009044277,191.82854150245677,181.65185562902022,192.0325678188168,181.16394160104556,191.43390818245391,181.06671121953505,191.86763041235889,181.58465036166135,192.11361644420319,181.60677504667697,191.98051850344629,181.4594421250344,191.95953864570413,181.33423388840745,191.80938199129724,181.58632319146045,192.17797532866643,181.39892817687181,191.60390571380336,181.24908774472652,191.9287495185132,181.31545486298987,191.85313152395665,181.75326981922419,192.2633735964757,181.37596881115252,191.62312475056672,181.24992589382191,191.93710894731757,181.52580924329786,192.14184574614632,181.72947577280121,192.08794696750766,181.56336382574108,192.08902642270323,181.38015261984606,191.79602208369442,181.68606455186534,192.29305273906343,181.25243340432465,191.6646849639163,181.98323790565328,192.36756086950606,180.56336382574111,191.14778431491914,182.4151996917866,192.58602654866462,179.63140030541189,191.25805458836638,184.97989918283852,186.03124990264263,188.08834243472285,186.4491587899457
198.24142402235168,196.95210492002442,197.10868189456346,199.18691803370427,192.58944655748562,203.20028538617689,191.86785262991458,203.1969922072949,191.96468741288513,202.67427354573192,191.73549416782265,203.27925264598773,192.0348167842194,202.67427354573186,191.75761300636424,203.29556420380882,192.04959753627054,202.8443498873508,192.0068983421213,203.57323509241138,192.45688028140742,203.27525681751828,192.1346252981416,203.03820070149675,191.52319706494762,202.6416504300897,191.91868891482312,203.25894525969719,192.17467602475372,203.01789331520624,191.62170390611834,202.64165043008973,191.8201820736524,203.11646531172019,191.76637193730295,202.59600893550839,191.82058157578683,203.43075514443441,192.32088253887233,203.08713537495998,192.00112785525019,203.10744276125055,191.72108392170986,202.59600893550842,191.58912496175222,202.89172492505031,191.92184005084269,203.17668482100433,192.23375397949172,202.97225182062493,191.43094885507179,202.42593259388943,191.43069752083039,202.69458093202238,191.85418186246682,203.21330376511597,192.19975419067737,203.05051643084838,191.85492134113176,202.90300976087119,191.56089565980906,202.67427354573189,192.04703771102277,203.31187576162992,191.79707242220456,202.51374849681557,191.66761376189092,203.02691586567585,191.71636377334886,202.78413037806669,192.14008492516754,203.35751725621117,191.92795051424449,202.87367982411104,191.94657824023577,203.16037326318323,192.07986798963017,203.36480626356257,192.34522122613089,203.2042812146463,192.02886901276966,203.1693958136529,191.76967124121569,202.70186993937386,192.05675833818222,203.43075514443439,191.80796114684907,202.69787411090445,192.37842201067622,203.43475097290374,191.03409568635183,202.26470489538576,193.03800906504543,203.82401223695939,190.14114302907615,202.44865660212025,195.80159987567924,196.83143001931927,198.78769841084815,196.84935483679672
187.82448874682771,186.50630228163902,186.48357707270372,188.45387537408581,182.27623091913927,192.31110379883097,181.60342591868718,192.26948405987733,181.58883417035483,191.69831424679253,181.28914983767257,192.25106402738299,181.79584289106464,191.96996975533239,181.52079075390068,192.24125475793412,181.60760972738063,191.91641095322433,181.60426406778254,192.3136330946711,181.67146933514135,191.89478025910643,181.39307500677091,191.8303908452356,181.1084461422802,191.56629576123123,181.2950064761651,192.01920791121398,181.66645084574418,191.9407191110754,181.08465209585722,191.48055751689148,181.31712769278906,192.03620709926014,181.31462018228629,191.57212577370629,181.3717884708507,192.07745633227555,181.32047335238721,191.60319535182384,181.37513413044883,192.03006751917297,181.35300944543326,191.68964395814319,181.29667930596415,191.88605044485328,181.46194963553717,192.14255610812586,181.74574381932422,191.81663143549841,180.96613171003483,191.51998640332417,181.12387950809958,191.60174539069001,181.29416832706974,192.0325678188168,181.52162890299607,191.70516418885927,181.21236784298691,191.73302298486436,180.95860571013486,191.42955854003102,181.50368802667393,192.31187227369225,181.47738300135651,191.58403584066451,181.31796584188442,191.916469066106,181.04291370472046,191.35757970542841,181.20735282198143,191.89691005281213,181.31796237349272,191.88241116440983,181.62471592299906,191.99708907267242,181.33590324981483,192.00649883998693,181.6460024589193,191.9171504318893,181.35886261553418,191.8940102510339,181.14349321422071,191.47691823644823,181.44233592941603,192.21740421509924,181.23114686840438,191.50696788497413,181.79082440166744,192.33643176578465,180.66895835624692,191.26385265871181,182.52748554148866,192.80708258247861,179.95358375234599,191.64049739048417,185.35887302070927,186.23311601637869,187.86798438285712,185.85425261164607
198.40170337981152,197.15496204222109,197.33502041024801,199.46458892230686,192.8487924969327,203.37938427826555,192.01365964189867,203.40142520767418,192.21752338679613,202.85337243782047,191.70331472559107,203.19699220729484,192.12922531720866,202.91532549022284,191.86794127220395,203.32316059745082,192.25001368887283,203.11975849060227,192.05354767655888,203.16766227053472,191.77646307040064,202.47712955270393,191.32864004150568,202.66698453838046,191.73774313322531,202.75653398442472,191.62346472709717,202.6945809320224,191.66141465620004,202.75653398442475,191.60754499424664,202.747511433955,191.88932063208051,202.98127437109463,191.63972443647836,202.67427354573184,191.87596072447758,202.93563287651335,191.42915903789657,202.33464960472696,191.53812598489176,202.9812743710946,191.99091908366699,203.03420487302733,191.93460864767366,202.88270237458067,191.71201413092601,203.0251823225577,192.07242673679156,202.98856337844606,191.81367210811626,203.01789331520624,191.89045961287988,202.84608343046904,191.85782114291001,203.12375431907162,191.90129022464257,202.79141938541818,191.85097120084336,203.04322742349697,191.66215413486492,202.6489394374411,191.95228920150311,203.40142520767427,192.18664561731583,203.04149388037874,192.00368768049793,202.92834386916192,191.40561935490669,202.38029109930821,191.50884634443852,202.73119987613393,191.67437506166829,203.01389748673682,192.2052138177034,203.0251823225577,191.57922705001411,202.80044193588785,191.94512839959123,202.95194443433445,191.76588379287918,202.82977187264794,191.57650453281454,202.72720404766457,192.15116687117145,203.38511364985311,191.67412372742712,202.59930211439053,192.35309251051135,203.49670402530614,191.13575366354206,202.35425434143011,193.13892756357072,204.00311112904799,190.35312927210603,202.63677804467858,195.95135702795181,196.91369045801216,198.70727808563726,196.62375579977723
187.17323332410433,186.16284701204074,186.57121700113703,188.6242128819658,182.27121242974209,192.09010729062092,181.25159525522932,192.14619538856928,181.7720488446416,191.85353102609099,181.23198154910813,191.9504688549203,181.39809349616812,191.56595578470066,181.14767355452253,192.06119662289444,181.66728899483957,191.92590936282795,181.48407432055279,192.16211512141973,181.55918348543932,191.57931569230351,180.84092347340786,191.60498516899901,181.45776929523535,191.88716030896722,181.1885737965639,191.45016789183492,180.91937829789256,191.60498516899889,181.37931447075064,192.01630810943567,181.55918348543932,191.76958259892629,181.04625936431853,191.75906296749795,181.65018279922114,192.05789731898176,181.20651467288602,191.45633788084058,181.04207902401674,191.77572217901354,181.46696812493434,191.9591391435697,181.39140217697189,191.66832412387049,181.12805984840139,191.82638117934337,181.46278778463252,191.97721919953358,181.64516430982394,192.18414531767209,181.48072866095458,191.77754252559629,181.40060100667088,192.0955363882394,181.54124260911721,191.95484902675079,181.62638875279814,192.14909519034751,181.4202147127921,191.8158919568333,181.49866953727673,192.19605538463028,181.73616362360576,192.14505640776972,181.55918348543932,191.76958259892643,181.0462593643185,191.64913420379281,181.33590671820653,191.74755240267422,181.18690096676485,191.90492950508605,181.69192119035793,191.97184821479692,181.14600072472348,191.70235302937024,181.4832396398491,191.97835818033298,181.35300944543317,191.72512270428746,181.15185736321604,191.88176032803418,181.91603263829438,192.43812027238241,181.33423388840745,191.6900144640812,181.94233766361188,192.35164113665553,180.58465036166135,191.25811258075888,182.64349494841659,192.89893129021996,179.90226863388239,191.34305335404119,184.91771240487682,185.87677260200923,187.6977360730983,185.84656618529112
197.83841192685929,196.8117621431922,197.31073879532346,199.51751942423948,192.81371325292281,203.10171338966296,191.48441901489051,202.97225182062499,192.08803560979695,202.80946448635746,191.57740670343148,202.87541336722927,191.71216229881907,202.4698405453525,191.4971280861177,202.98127437109457,191.84742056268936,202.61232049332949,191.68418433111717,203.38511364985314,192.51009910698505,203.13277686954126,191.66684375381831,202.95594026280386,192.14545590990431,203.1603732631832,191.78874211008571,202.65067298055934,191.5174861036804,202.86639081675955,192.0922370843266,203.27525681751831,192.03802744584283,202.76781882024562,191.50477703245318,202.92834386916189,192.1812746325792,203.29556420380882,192.08717695943514,202.96496281327353,191.68171314815879,202.74022242660362,191.73484333144705,202.88270237458065,191.72728302740074,202.69458093202238,191.64984456577227,202.89172492505031,191.86112044682278,202.97225182062496,191.98807880749249,202.9812743710946,191.63321447094225,202.6416504300897,191.71642329895261,203.01789331520621,191.9877084220436,203.03420487302728,191.93781930929697,203.00887076473663,191.90197017770382,203.08713537496004,192.05104737691499,203.06180126666925,191.9084801432399,202.99758592891575,191.84196093566339,202.8044377643572,191.69143377531836,203.09615792542968,192.31042243304768,203.19699220729484,191.70661402950384,202.80044193588779,192.00223783985334,203.16037326318323,191.83971197026085,202.89901393240174,192.02830681868323,203.16037326318326,191.90589120130684,202.88270237458067,191.74073157729288,203.04149388037879,192.357353510645,203.42173259396472,191.73527195026691,202.79644610741838,192.51802991696937,203.4347509729038,190.89448778005874,202.16613289887175,193.11069826162756,204.06506418145042,190.36543884119885,202.41203765800867,195.58671383087093,196.57406651700717,198.37834243274185,196.28829993042291
187.13049261494996,186.08346717356392,186.45366121521101,188.57361340723983,182.35635857342302,192.11577676731648,181.06503492134436,191.7952520756219,181.43899373820958,191.53516665750971,180.87763990675575,191.61584477695797,181.18773911586027,191.45883818048438,181.14850823522619,191.92908949504377,181.27371994024486,191.32895090135088,180.97738126716064,192.12441652655832,181.90311025136947,191.95188969936856,181.16394160104556,191.93056986509589,181.77288352534532,192.13928592089869,181.31712769278903,191.57931569230351,181.08297926605815,191.82024159925629,181.60426406778251,192.1139564207339,181.44484690831044,191.58872545961788,180.976546586457,191.65024406790678,181.29333364636602,191.84156143352885,181.52413641349887,191.94355938724973,181.17230575004086,191.45633788084047,181.07628794686192,191.7797318449058,181.34343271810641,191.70880346930264,181.20651467288604,191.68458383325157,181.19024662636301,191.68748363502988,181.22947403860533,191.52939617063848,180.88182371544929,191.38759882454673,181.03538770482049,191.60859533275678,181.23867286830435,191.6939340749621,181.10175482308395,191.59844608677747,181.35802793483037,192.04487738790957,181.50201519687491,191.67122392564877,181.04040619421764,191.60538467113346,181.19359228596116,191.67156390217929,181.20651467288607,191.98372916506955,181.89976459177134,192.26948405987721,181.29249549727066,191.61942594451938,181.43982841891327,192.14684622494482,181.45860397593898,191.79667292007014,181.48240149075369,192.04808804953291,181.41770373389767,191.82925186443626,181.35552042432769,191.93958013027597,181.6672855264479,192.02349802803306,180.98491073545227,191.54855709452022,181.95526005053674,192.35235149863519,180.52413641349872,191.08660568316111,182.46362593372797,192.88341105950391,179.99782965398552,191.47266018224789,185.12723210448115,186.05370871771473,187.54123762899323,185.27988930893474
198.14889516599479,196.94567456302264,197.18984169843935,199.50849687376999,193.10418829609145,203.53088677671221,191.85267237572916,203.07082381713892,191.97119737842121,202.65796198791077,191.41533998206631,202.91932131869223,192.03737660946709,202.89901393240177,191.83064217947694,203.10015375389909,191.81126045076169,202.56841254186651,191.64944506363781,203.16037326318323,192.00800832672451,202.57570154921791,191.34850991464455,202.98856337844609,192.35309251051149,203.22961532293701,191.73774313322519,202.55210098404538,191.40931816095403,202.65067298055934,191.71241363306029,202.82977187264794,191.72222290250932,202.61405403644767,191.40891865881943,202.51548203993377,191.47080777304649,202.70186993937386,191.89438075697205,202.96096698480406,191.58872545961785,202.40059848559872,191.37167909169628,202.83879442311763,192.01954788774461,202.9812743710946,191.69399360056599,202.64165043008967,191.56339595945292,202.70360348249204,191.58582565783954,202.55210098404535,191.4689874264638,202.6140540364477,191.56990592498897,202.69458093202243,191.71497345830818,202.75653398442472,191.55398619213847,202.69458093202235,191.82314140103455,202.99758592891575,191.83505146799277,202.69458093202235,191.44982791530435,202.60503148597809,191.72472320215309,202.85510598093867,191.61115515800444,202.79141938541815,192.1411062674814,203.25894525969721,191.6755140424678,202.62134304379916,191.99717771496171,203.3321831479204,191.89287127023454,202.81675349370889,192.03737660946703,203.30285321116031,192.03463949964086,202.98856337844603,191.85145934526693,203.00487493626719,192.16378730010939,203.14406170536216,191.3645182897844,202.31434221843639,192.11031714029053,203.33791251950802,191.01931493430061,202.22808595127418,193.15444779428685,204.12927951920395,190.34627933003938,202.41203765800867,195.79036976178224,197.01226245452608,198.75338640559755,196.32260732754767
187.2953331545622,186.20448552580567,186.48139482547555,188.75987064797056,182.75243513852047,192.56433927487632,181.45860397593904,192.02861767852843,181.52413988189042,191.75912249310178,181.24992242543019,192.20586465407905,181.94150298290813,192.04018776895612,181.29249549727066,191.8050613450707,181.16812540973908,191.57826535379334,181.42188754259115,192.17877433293518,181.43397524881237,191.40462854200055,180.92272395749066,192.04777718968785,181.96027853993394,192.13604614258981,181.24908774472652,191.47549739199991,180.89976459177134,191.39373840463389,180.92105112769161,191.41292832471163,181.03706053461951,191.54241610171078,181.07089155983689,191.59847520346281,181.22947403860533,191.89261993599325,181.60510221687787,192.00078787871971,181.24908774472652,191.41181846059783,180.82130976728669,191.61149513453512,181.47571017155744,191.9124898091321,181.21153316228325,191.57280572676734,181.19024662636301,191.73848261189039,181.16896009044279,191.61766512354075,181.26870145084766,191.83579094665791,181.34343271810647,191.86078047029218,181.45191612513443,191.85177020511219,181.25745189372188,191.77868150639566,181.35217476472954,191.7978119008695,181.31712769278903,191.79815187740016,181.20986033248417,191.66141465619995,181.37596881115255,191.94105908760596,181.23281969820346,191.67628405054052,181.56252914503744,192.00837729945141,180.94066483381278,191.31528013390306,181.43899373820952,192.2044438096309,181.31545486298998,191.67233391025198,181.64684060801468,192.39292089907866,181.70985859828829,191.96459877059567,181.33674486730189,191.89117009534863,181.75243167012877,192.24279324086791,181.03957151351403,191.09604444667167,181.27790028054673,191.97650730434265,180.41686905319395,191.14994463803257,182.79166255076282,193.2002659413476,180.00200999428731,191.15855693428941,184.8179710444719,186.21534682026009,188.20463659571416,186.10442898574127
197.62865762228176,196.66742567055138,197.21147117538939,199.70564086679784,193.27202550432773,203.52186422624254,191.72824472362154,202.97225182062499,191.93645811094183,202.84608343046906,191.81182264484815,203.34849470574144,192.39187056056841,202.95194443433451,191.50363805165387,202.67826937420125,191.55984532129889,202.72720404766454,192.07557787281118,203.38511364985314,191.93420914553923,202.51548203993374,191.49900654558206,203.1530842558318,192.26263411781071,202.97225182062499,191.58656513650459,202.59774247862657,191.50767683423155,202.65067298055931,191.61405495978286,202.69458093202238,191.67082442351435,202.8827023745807,191.88355014520943,203.01789331520621,192.00507799553856,203.11646531172016,191.95046885492036,202.95594026280389,191.86183080880224,202.89172492505028,191.64913420379273,202.6945809320224,191.72799338938034,202.88270237458065,191.73413296946748,202.84608343046906,191.92189957644655,203.07082381713897,191.90197017770382,202.97225182062493,191.94722907661142,203.07082381713894,191.96888888741483,203.07082381713889,191.94722907661142,202.86639081675958,191.66249411139563,202.802175479006,191.73814263535965,202.91029876822256,192.03472814193023,203.22232631558566,191.97579835508523,202.93563287651332,191.97505887642026,203.19699220729484,191.94972937625542,203.00487493626719,192.15776547899691,203.01789331520624,191.26962161237159,202.38758010665961,192.00189786332274,203.31187576162995,191.74996406002879,202.71818149719491,192.11336510996182,203.40142520767421,192.02556970885706,202.79315292853636,191.51072480390292,202.69458093202235,192.05089920902196,203.28827519645733,191.58375397701559,202.31434221843645,191.98332966293529,203.20272157888249,190.81204883963164,202.06756090235783,193.21846670221962,204.35175762052259,190.5018360858684,202.31346566149472,195.56789429624217,196.99421735358678,199.09660116367505,196.92733880053922
186.39422309798692,185.57045295758437,186.19387548385401,188.61520261678584,182.54375358801161,192.25143453332115,181.16812194134741,191.82058157578683,181.37680696024796,191.62016542318452,181.14850823522622,191.99782855133753,181.60510221687795,191.67082442351438,181.00201346267897,191.71966307726149,181.31462018228632,191.87266142056498,181.74908601053056,192.29225373479463,181.31880052258811,191.29060147011361,180.89474610237417,191.80611168358084,181.37596881115249,191.52865669197354,180.94233766361188,191.52649636886031,181.14600072472345,191.82024159925626,181.54124260911721,192.0564474783373,181.57005514493741,192.10420667688885,181.60008372748075,191.92116009778152,181.31545486298998,191.69393407496213,181.02497282839838,191.53476715537522,181.35635510503135,192.09914655199717,181.56085631523842,191.76563245863798,181.21153316228319,191.82638117934337,181.37931447075073,191.89873039939491,181.51828324339786,192.08538714225989,181.60928255717974,192.04703771102268,181.48072866095461,191.89583059761654,181.3939096874746,191.87084107398221,181.29751398666784,191.57345656314303,180.97905409695969,191.52970703048373,181.14934638432157,191.88281066654443,181.72863762370579,192.21237461961522,181.46111495483348,191.82820152592612,181.50201519687488,192.16822558482136,181.60426406778254,192.06221796520819,181.71236957718278,191.97249905117243,181.00034063287995,191.67949471216357,181.83507030330696,192.3776520026037,181.37680349185618,191.72975421035909,181.60510221687792,192.11500675924384,181.25410276573203,191.38719932241244,180.7278029430021,191.30146107807261,181.25242993593298,191.94534920442493,181.04709751341389,191.45630888464427,181.89307327257509,192.4793389759904,180.64850996942204,191.03560670630051,182.39976632596722,192.91849030351381,179.98156160746245,191.4057414725369,185.18440039304559,186.41727245959984,188.16595190813734,185.91839764188751
197.41667137925182,196.38332442494701,196.81114955080869,199.36601692579285,193.08462928279766,203.48524528213096,191.8328025025902,202.98127437109457,191.78849077584445,202.62134304379916,191.60745635195738,203.00887076473668,191.86334029553984,202.56841254186639,191.50511700898375,203.01060430785478,192.02645735541518,203.0781128244904,192.24671438496,203.34849470574153,191.77248240070472,202.32736059737547,191.20674168523831,202.59774247862651,191.61075565587004,202.6579619879108,191.68353349474151,202.79315292853633,191.66826459826652,202.91932131869228,192.06119662289453,203.22232631558563,192.13382629387266,203.21330376511591,192.01235796914725,202.74751143395514,191.39225944730404,202.56841254186645,191.60720501771601,202.74751143395508,191.7974123987353,202.98127437109466,191.82388087969943,202.84608343046901,191.92439987609043,203.2499227092276,192.12012640973936,203.00487493626713,191.89512023563697,203.15135071271357,192.0824873404818,202.96096698480412,191.6773635057358,202.73119987613401,191.69035432012279,202.79315292853639,191.66144377288532,202.6669845383804,191.58943582159745,202.76781882024562,191.76887223694681,202.96096698480412,191.99097860927074,202.91932131869223,191.55398619213852,202.65796198791077,191.83255116834891,203.12375431907168,192.01880840907961,203.13104332642303,192.18960494469786,203.19699220729487,191.82743151785365,203.08713537496004,192.40233066639291,203.4746630958974,191.99452924742485,202.93563287651335,191.95632798408076,202.92834386916195,191.54522726119984,202.55210098404538,191.50958582310349,202.65796198791077,191.78470332750803,202.82248286529654,191.29287943171252,202.57570154921788,192.52487985903602,203.578964463999,191.08623364401166,202.12222494740874,192.84805301826765,203.79867812866868,190.1531126216382,202.46496815994138,196.01102629346158,197.15474240250308,198.70986567097927,196.11331984834928
187.11671303596762,185.9946119044846,186.18544258741107,188.58046334930654,182.72947577280115,192.57374904219077,181.50284987757857,191.89295991252374,181.18941194565929,191.59128528486556,181.39725534707276,192.11870556529101,181.35552042432766,191.32864004150568,180.87847805585119,191.81191128713749,181.43815558911416,191.84702106055488,181.5675476344347,192.09593589037377,181.30960169288909,191.41187798620163,180.83841596290512,191.47262670690711,181.12805984840142,191.85788066851384,181.64432962912025,192.00979814389973,181.29584115686879,191.72472320215309,181.27371994024492,191.76958259892629,181.33172290951293,191.94972937625531,181.50536085647303,191.66795373842152,180.91937829789245,191.67452322956154,181.58130817045497,192.05434668082779,181.37764164095154,191.61439493631346,180.94233766361188,191.61365545764838,181.58465036166135,192.40264152623811,181.8104381077886,191.93201982622969,181.40394666626906,192.07671685361061,181.4953238776786,191.62056492531906,180.96529702933117,191.56413543811803,181.20818750268512,191.66545343877772,181.12889799749675,191.6774230313398,181.39474783657005,192.01309744781227,181.50368802667393,191.78479196979737,181.16896009044279,191.51708660154583,180.8980917619723,191.46608762468554,181.22947403860533,191.86763041235892,181.42188754259112,191.96169896881759,181.60175655727977,192.04453741137914,181.40060100667091,191.90453000295159,181.54291543891628,192.0192079112141,181.41854188299303,191.75986197176684,181.14851170361791,191.47879669591268,180.95860571013486,191.75986197176678,181.60844787647608,192.0850762824148,181.50201519687485,191.59347460417519,180.62304309320007,191.43896830734528,181.86053717952905,192.05425662581641,180.25159525522926,190.96146754858484,182.354685743624,192.66562521291735,179.78998278418032,191.43746188703039,185.25996634100792,186.1740975872446,187.48147081933615,184.99247584860242
198.09942021887716,197.00419521257845,197.31691259418983,199.77887875502108,193.37979394491978,203.58381727864491,191.78905296993076,202.8663908167596,191.63617379832448,202.80044193588779,192.16492628090862,203.39413620032275,191.80145118131301,202.23781115133113,191.1596928486662,202.72391086878258,191.7587229909675,202.78013454959731,191.90419002642088,203.06180126666925,191.7785928641064,202.66698453838043,191.56453494025234,202.77684137071532,191.84261177203905,203.16037326318323,192.18383445782692,203.03420487302731,191.74169327351373,202.79315292853633,191.61010481949447,202.50645948946411,191.40527937837618,202.84608343046904,192.06625674778613,202.98127437109457,191.64728474052453,202.81346031482687,191.93494862420425,203.04322742349694,191.8549213411317,202.76781882024562,191.50338671741252,202.7108924898435,192.00288867622908,203.25894525969716,191.90597984359601,202.74751143395511,191.86763041235884,203.1693958136529,191.83866163175063,202.54307843357574,191.44405742843324,202.85510598093865,191.98406914160029,202.97225182062499,191.68063369296323,202.69458093202238,191.78874211008576,203.13277686954126,192.01920791121407,202.78413037806669,191.56049615767461,202.79315292853636,191.79130193533359,202.84608343046904,191.77248240070452,202.93563287651338,191.90163020117333,203.04149388037882,192.01195846701276,202.98856337844603,191.68964395814319,202.72720404766463,191.76128281621507,202.97954082797642,191.89148095519374,202.73622659813424,191.42378805315988,202.49014793164298,191.55469655411804,202.98127437109463,192.15884493419259,203.2386378734067,192.07307757316724,202.69857676049173,191.03634465175443,202.47486726735275,192.30499333542926,202.91602813981021,190.3384676917519,201.82824250098508,192.90235129904084,203.86965373154061,190.31622968151348,202.53091704081311,195.74878055223618,196.58308906747683,198.22849542101227,196.09057793352633
187.05752292662999,186.18861509717402,186.70334122032602,188.96028680057282,182.65102094831647,192.13385682328033,181.01995433900117,191.71676327548326,181.27371994024489,191.84082195486394,181.75075884032975,192.21666473643415,181.12973267820044,191.0790147292181,180.7482513298269,191.75224202162755,181.40060100667094,191.81589195683333,181.5182832433978,192.04808804953302,181.38182198125344,191.74675339840516,181.27037428064671,191.84227179550851,181.49950421798039,192.07631735147604,181.4644606144316,191.63898495781316,181.103427652883,191.81157131060681,181.35552042432769,191.52254622857191,180.8997645917714,191.70630316965875,181.56252914503744,191.9533395400131,181.24992242543024,191.53871729566373,180.9644588802357,191.55102686475638,181.29416832706977,191.92840954198257,181.41268871289211,191.80037172611733,181.42188754259112,191.78297162321459,180.87847805585119,191.28810117046982,181.24741491492736,191.99856803000247,181.29918681646697,191.47765771511303,181.07963360645996,191.95623934179136,181.7557773297269,192.18374581553746,181.43480992951604,191.60745635195741,181.11095365278291,191.88710078336339,181.45776929523535,191.70266388921542,181.18857379656393,192.01920791121404,181.77288352534535,192.09769671135263,181.39892817687186,191.89873039939474,181.49866953727675,192.04413790924434,181.56838231513834,191.93380964340463,181.24908774472649,191.73089319115846,181.46111495483348,192.18704511945026,181.68773738166436,191.83215166621446,181.1084461422802,191.68418433111714,181.35300944543323,191.8614313066679,181.317127692789,191.87010159531727,181.58130470206325,191.79269225037413,180.75745015952594,191.5333768403346,181.95609819963209,191.97292754950328,180.00034063287995,190.80338008419346,182.29751745505956,192.58241638490685,179.77371473765734,191.30661279118675,184.76703729202794,185.52847775659882,187.49437149180028,186.05144788124005
197.66947959306853,196.73509185212242,197.27864277148697,199.61609142075352,192.92364201662826,203.09269083919327,191.51014801718972,203.03420487302733,192.13863508452317,203.04149388037879,191.95945000341473,203.01789331520621,191.56018529782961,202.41691004341982,191.62161526382897,203.15308425583177,192.04777718968785,202.98856337844603,192.1150662848477,203.33218314792046,191.95947912010033,202.70360348249199,191.55873533669578,202.86639081675958,191.95873964143536,202.99758592891573,191.69945322759196,202.49014793164301,191.37127958956188,202.89172492505028,192.13968542303309,203.12375431907162,191.89617057414716,203.02518232255773,191.98051850344623,202.98856337844606,191.81333213158564,202.75653398442478,191.45562751886095,202.64893943744113,191.97431939775527,203.31187576162989,192.05428715522393,202.80946448635746,191.70340336788041,202.77684137071523,191.42699871478322,202.4698405453525,191.69004346027768,202.87541336722919,191.59952554197295,202.56112353451502,191.59637440595347,202.95594026280392,192.12367704789324,203.3648062635626,192.20916395799179,202.88270237458065,191.52970703048371,202.77684137071526,191.78519147193182,202.79315292853636,191.7511030408281,203.16037326318326,192.27534318903778,203.22961532293704,191.99998887445074,203.15135071271357,192.0698669115439,203.08713537496004,191.97539885295083,203.05451225931785,191.81157131060692,202.97225182062493,192.22212436346018,203.58954665023248,192.37080206053713,203.09842021078092,191.85606032193118,203.07984636760858,192.0166480859663,202.8827023745807,191.53772648275742,202.82803832952973,192.205125175414,203.07255736025712,191.21828124625844,202.46984054535255,192.4522501880578,203.39084302144065,190.88936812956334,202.10591338958761,192.82352252237166,203.49341084642413,189.85606808732962,202.16369670616623,195.34979758981046,196.2434651264719,198.53222300315508,197.18943380012476
187.02530950874441,185.987712658199,186.31616500511393,188.48895461809556,182.29082613586326,192.11543679078585,181.2728817911495,192.20876445585733,181.9415029829081,191.98051850344623,181.12471418880321,191.67196340431386,181.21069848157956,191.73379299293688,181.52246358369976,192.19389506151708,181.48240149075374,191.7012140485709,181.41854188299305,192.11870556529107,181.33423388840748,191.31022000901137,180.79249723146651,191.67520318262268,181.4235603723902,191.76637193730306,181.14182038442166,191.43174785934076,180.85886434972994,191.69939370198819,181.6697965053423,192.32881334885661,181.8325593244125,192.17038590793476,181.50368802667396,191.93275930489472,181.5036880266739,192.00698698441064,181.33172637790474,191.87892005185975,181.79082440166741,192.3769416406243,181.46864095473344,191.49607774760753,181.01744682849838,191.80867150882864,181.41854188299297,191.82894100459106,181.33757954800561,191.56774560187577,180.81127278849229,191.34924939330978,181.06838404933421,191.67156390217949,181.33172290951299,192.05684698047173,181.71488055607728,191.85467000689042,181.01744682849841,191.520045928928,181.15018453341702,191.64913420379273,181.2319815491081,191.91499010877598,181.54291543891628,191.99313893238411,181.58465036166135,192.17112538659993,181.54458826871533,191.72438322562263,181.16728726064372,191.76091231027718,181.20986033248414,191.7493132236531,181.60760972738072,192.31363309467113,181.66812367554323,191.84122145699837,181.291660816567,191.91177944715264,181.44317407851133,191.78519147193171,181.16477975014098,191.87275006285427,181.81712942698485,191.90745880092612,180.45776929523538,191.03017607547091,181.71069674738371,192.38342107675285,180.77789854635083,191.24904278997514,182.2866457955615,192.31113126181603,179.44065963122517,191.22405479955211,184.90144435835381,185.71794565895289,187.7323279625715,186.29178168753398
198.30917452345466,196.95312123530945,196.97412767209997,199.26015592192749,192.95622096099422,203.47795627477953,191.88090167767226,203.26623426704865,192.38502061850181,203.04149388037877,191.5285680496842,202.76781882024562,191.82974000886003,202.92434804069245,192.03176881454792,203.28654165333921,191.91109949409147,202.59201310703904,191.66681475762206,203.01789331520618,191.57607591399463,202.10262021070568,191.14306275383623,202.83879442311755,191.97141959597693,202.83706087999937,191.7280225060658,202.80217547900605,191.58036603081359,202.73119987613396,191.87960000492092,203.22961532293709,192.30348384869177,203.35578371309293,192.07276671332212,202.98856337844606,191.9055803414617,203.10744276125052,191.90887964537427,203.04149388037877,192.2814536524395,203.45435570960697,191.97721919953349,202.6489394374411,191.54497592695861,202.96496281327359,192.03941776088357,203.09615792542962,191.96243844748238,202.76781882024565,191.39586961106181,202.51548203993377,191.57610503068,202.66698453838038,191.58252635392691,202.83706087999943,191.93241932836415,202.80946448635743,191.45627835523661,202.55210098404535,191.59853472906667,202.75653398442472,191.76267313125587,202.88270237458062,191.69945322759199,202.74751143395511,191.88966060861108,203.185707371474,191.94577923596685,202.70186993937386,191.60390571380341,202.79315292853633,191.56339595945283,202.58472409968761,191.74971272578748,202.97225182062496,191.73049368902414,202.69058510355296,191.72984285264852,202.92661032604374,191.80318288560625,202.89901393240172,191.880339483586,203.05051643084843,192.08208783834726,202.67098036684982,190.71658996813238,202.07329027394545,192.27676403348602,203.54963452723888,191.23957196384566,202.3176353973185,192.95227082070565,203.74574762673592,190.11365320579787,202.50332064717119,195.91735723913746,196.91369045801213,198.75758943227265,196.70456334183288
187.76309614035841,186.31708571352627,186.13090826015045,188.28273886193682,182.48323963984905,192.44494121825292,181.31461671389465,191.9649096304409,181.74908947892234,192.02531837461572,181.2753893016523,191.87084107398221,181.41603437249026,191.75872299096736,181.42272222329481,192.21021429650187,181.53706226881536,191.59995557351488,181.27790028054665,192.04666720508459,181.18522813696578,191.13217402919173,180.86221000932807,191.99276842644588,181.63847299062769,191.8408219548638,181.38600578994692,191.96888888741452,181.35133661563421,191.66832412387046,181.16812540973908,191.85427050475599,181.6288962633009,192.20586465407902,181.56252914503744,191.76884312026129,181.24992242543021,191.89972121230116,181.3801491514543,191.85017219657448,181.58799602125953,192.25072405085234,181.63931113972299,191.84162095913268,181.25577906392277,191.77572217901348,181.25326808502831,191.8039223642713,181.47905583115559,191.97505887642029,181.39892817687183,191.8072216681839,181.29166081656697,191.6715639021792,181.1084461422802,191.73484333144694,181.43480992951601,191.81077230633798,181.15352672462339,191.62701536525125,181.22780120880626,191.80432186640567,181.43982841891324,191.82388087969954,181.06336555993695,191.41147848406712,181.14934638432166,191.94105908760577,181.4594421250344,191.82530172414769,181.48072866095467,191.95987862223461,181.17063292024187,191.47154725171143,181.14516604401979,191.72006257939591,181.10677331248112,191.71136329455024,181.60844787647605,192.17473555035758,181.49615855838223,191.89833089726048,181.46613344423068,191.90518083932713,181.35217129633781,191.53695647468479,180.56754763443465,191.40968866689192,182.04207902401674,192.51663806871741,180.72696479390672,191.28233221680992,182.65436660791468,192.96874980170927,179.87345609806223,191.30152367009893,185.10594556856091,186.39194295943497,188.23173579252381,186.04883598282859
198.48184305854139,197.04267068135385,196.96471790478569,199.22353697781588,192.97504049562295,203.38840682873519,191.56725745745203,202.82074932217833,192.00303684412225,203.08713537495998,192.04222892037257,203.10015375389909,191.5996737098661,202.38029109930818,191.68378482898282,203.36880209203201,192.10460617902316,202.62134304379916,191.66033378828229,203.18241419259192,191.91933975119881,202.6416504300897,191.70704264832369,203.20601475776454,192.17433604822321,203.11473176860201,191.99717771496179,203.03420487302728,191.83610180650297,202.82977187264794,191.59853472906673,202.6579619879108,191.78800263142077,203.07082381713892,191.85137070297773,202.65796198791082,191.62741486738557,203.01789331520624,191.98446864373471,202.89901393240174,191.79130193533342,203.06180126666928,192.07597737494561,203.08713537496004,191.87704017967323,202.70360348249199,191.36442964749514,202.5796973776873,191.81663143549846,203.185707371474,192.20330482883139,203.1074427612505,191.79565157775633,202.77684137071529,191.70374334441101,203.01789331520618,192.09263658646105,203.05451225931782,191.78658178697253,202.8387944231176,191.78914161222016,203.00887076473654,192.05064787478065,203.03420487302736,191.69038343680813,202.60503148597806,191.5764158905252,202.86639081675958,191.84881087773007,203.03420487302736,192.16896506348652,203.15308425583174,191.68492380978222,202.74751143395511,191.99643823629683,203.09113120342943,191.5966257401947,202.70360348249204,192.10608513635324,203.32489414056897,191.88815112187345,202.74022242660365,191.71290177748415,202.97225182062505,192.04404926695517,202.98527019956396,191.40178685310394,202.66298870991105,192.57803915900988,203.59753830717131,191.01823547910502,202.16613289887178,193.17144698233312,204.11972822650128,190.11621303104553,201.95753016266866,195.36821762230488,197.01955146187754,199.34269837400899,197.22617572578196
187.41591587036899,186.19028913391458,186.29487846919366,188.40611617553404,182.33339920770376,192.097356734822,180.98072692675876,191.60538467113338,181.25327155341998,191.74320276025125,181.50117704777944,191.86330976613235,180.69024836055885,190.87899807875024,181.10342765288297,192.31616239051129,181.56838231513836,191.24250229503158,180.72863762370582,191.71750275414837,181.35802793483046,191.75622269132364,181.39307500677097,191.98085847997689,181.53082773269506,192.05394717869348,181.49281636717586,191.77214242417418,181.27790028054665,191.85856062157512,181.20986033248414,191.44001864585559,181.08381394676181,191.80250151982304,181.21153316228325,191.43319782047439,181.06671121953511,191.89665871857093,181.5191213924933,191.74110196274182,181.08297926605817,191.70880346930255,181.46696812493437,192.01914838561024,181.41686905319392,191.55799585803081,180.85301117962911,191.46938692859817,181.23281969820346,191.95262917803359,181.62722343350188,191.91499010877604,181.14767355452253,191.55108639036044,181.18857379656396,191.87704017967334,181.48407432055279,191.79170143746788,181.1222066783005,191.57971519443794,181.21320599208232,191.94321941071919,181.62555060370278,192.00939864176519,181.37931447075064,191.76307263339038,181.22780120880626,191.6686641004012,181.14934638432155,191.73123316768931,181.41854188299303,191.80176204115813,181.08381394676175,191.84082195486391,181.94066483381283,192.2419942365992,180.98072692675873,191.16111369311457,181.0829792660582,191.72725249799325,180.88265839615292,191.14923274284178,180.91269044708804,191.85177020511219,181.7966775717683,192.09337606512625,180.91519795759075,191.37091061683506,181.88098556635384,192.46335971753604,180.56336382574113,190.87788962735823,182.27121242974209,192.71736366844274,179.60593342918989,190.86197142771903,184.6698034421257,186.2341663548888,188.48688600111177,186.557763714826
197.96160551482851,196.83366384863638,197.1429850054823,199.41165842037418,192.84515321648951,203.13833233377449,191.53581749388528,202.80217547900597,191.68032283311811,202.66525099526226,191.87877188396661,202.92834386916192,191.16154231193443,202.05697871612438,191.79491209909133,203.54563869876944,192.08137747636766,202.24510015868265,190.96007570033282,202.4991704821127,191.69825472118873,202.86239498829008,191.81018099556607,202.80044193588779,191.80642266391521,203.08713537496001,191.86985026107584,202.70186993937386,191.77208289857032,203.22232631558563,192.05394717869328,202.74751143395503,191.6274148673856,202.98127437109463,191.90163020117325,202.74751143395505,191.5952354251539,202.75653398442472,191.67372422529274,202.69458093202243,191.61115515800441,202.89901393240172,192.07236721118781,203.12375431907162,191.77899236624071,202.6416504300897,191.57064540365411,202.90803648287147,191.97721919953349,203.06909027402071,191.97036925746679,202.86239498829016,191.53806645928805,202.60503148597809,191.63648465816937,202.75653398442469,191.63247499227725,202.56841254186651,191.36698947274283,202.50645948946405,191.64839472512773,203.05051643084843,192.12953617705372,203.11473176860198,191.94972937625536,203.08713537495998,192.00328817836348,202.8827023745807,191.55108639036024,202.6213430437991,191.66036431768975,202.73119987613399,191.52285708841706,203.05780543819989,192.70437579998929,203.60585820805358,191.64870558497284,202.34193861207839,191.58338500428871,202.80946448635743,191.3440716299325,202.19216965674988,191.30089888398626,202.86239498829011,192.29978504264452,203.1693958136529,191.22201058171316,202.29629711749715,192.43189217049513,203.79970902219949,191.24577106953663,201.99432301413464,192.71131579706744,203.88822757471294,190.30792989880223,202.43737176629944,195.82220922748326,197.0927893501007,199.11001291971783,196.9918347847738
187.02682662339541,186.05295733116941,186.43414572165466,188.64448225723933,182.39809349616803,192.099117555801,181.21069501318797,191.88750028549785,181.29333364636599,191.72364374695752,181.62555060370286,192.19173473840368,181.1493463843216,191.4317188631442,181.54291543891631,192.48260928370669,181.64850996942204,191.4299580421654,180.74908947892234,191.58656513650448,181.44233592941598,192.02895765505889,181.39809349616814,191.63574517950437,181.28914983767254,192.08356679567714,181.46613344423071,191.68529431572026,181.4151962233949,192.33646229519204,181.81378376738678,191.87235056071978,181.23281969820349,192.00328817836345,181.70902391758463,192.06366780585276,181.35300944543323,191.64904556150339,181.11095365278288,191.72827384030714,181.35635510503138,191.97471889988972,181.66394333524138,192.01670761157004,181.2098603324842,191.60714549211224,181.31880052258808,192.17072588446536,181.87513239625304,192.2717039085945,181.62471592299906,191.87019023760655,181.19191945616208,191.71571293697292,181.29166081656697,191.668664100401,181.08548677656086,191.57675586705577,181.14934638432163,191.71241363306035,181.37596881115249,192.01920791121404,181.58548851075673,191.97761870166792,181.45776929523535,192.09769671135254,181.71404240698186,191.97795867819846,181.18690096676488,191.66471396011258,181.35719325412677,191.84270041432828,181.18857379656399,192.01741809403885,182.16979823953815,192.66457640761843,181.62555060370278,191.97872868627101,181.83758128220143,192.39943086461471,181.5174450943025,191.68023419082874,181.11095712117466,191.84116193139437,181.77120722715458,192.1664052382387,180.9627895188284,191.45275824649008,182.07963360646005,192.78252309038618,180.92272395749066,191.23423304172783,182.54208075821262,193.16157653357988,180.35635163663966,191.76273572328216,185.31462711906971,186.28087521493029,187.98989093748895,185.97571398575963
197.6346257620304,196.6206633201104,197.01992758548502,199.49391885906704,193.0321499358852,203.28983483222126,191.71997393710652,203.00158175738517,191.85500998342118,202.98856337844609,192.30783349111442,203.55692353459025,192.02679733194577,202.71991504031311,191.80506134507073,203.16436909165265,191.8614313066679,202.61405403644767,191.54645488428858,202.94865125545235,192.09328742283682,203.22232631558566,192.00948728405447,202.91029876822265,191.85563170311127,203.11646531172019,191.91541872759595,202.89901393240174,192.044848271224,203.42902160131618,192.2203345462851,202.80946448635748,191.44510776694332,202.81346031482684,192.04487738790962,203.16939581365287,191.93815928582757,202.90300976087116,191.8466505546169,203.02691586567587,191.90631982012653,202.97225182062496,191.94287943418874,202.97225182062499,191.72182340037475,202.79315292853633,191.81447111238515,203.05451225931779,192.06474726104847,203.22232631558563,192.13027565571875,203.09842021078089,191.91209030699778,203.03420487302733,191.92118921446698,202.86639081675952,191.68853397354007,202.96496281327353,192.08035613405386,203.1693958136529,191.99492874955925,203.06180126666928,191.9645987705957,202.98856337844609,191.82925186443626,203.02518232255767,192.04743721315717,203.03420487302733,191.78584230830751,203.06180126666931,192.26593342172336,203.2223263155856,191.74459307529202,202.94292188386484,192.2865733029349,203.46564054542779,192.06144795713573,203.23863787340667,192.53946738972766,203.73602242667894,192.38481280451555,203.1530842558318,191.74582069838075,202.88270237458067,192.17754670984655,203.35249053421094,191.66619291744271,202.61734721532974,192.36645241811425,203.50798886112699,191.11949395416099,202.39087328554166,193.33027392538926,204.29882711858991,190.54703545917229,202.57482499227621,195.77337057373606,196.81511846149817,198.58091890845745,196.37784937646722
186.39689291918765,185.51097015291467,185.97508820710317,188.43613529465239,182.42105286188746,192.09951705793526,181.12304135900413,191.77973184490574,181.29667930596415,191.79346225844665,181.60426406778248,192.23514429453249,181.46111495483342,191.47765771511322,180.91770546809343,191.55287620753549,181.02162716880017,191.42443888953568,181.11011897207928,191.77643254099311,181.35133661563418,191.88932063208063,181.52497456259417,191.9526291780337,181.33506856911117,191.68748363502996,181.08465209585714,191.72148342384432,181.60426406778254,192.2977133618206,181.65185562902013,191.51634712288103,180.62220494410462,191.30220055673766,181.15101921412068,191.73487244813259,181.23281969820346,191.67452322956152,181.26786677014402,191.74795190480847,181.19024662636301,191.68998393467373,181.31712769278906,191.83249164274514,181.33674139891019,191.74465260089588,181.1631069203419,191.43174785934048,180.8375778138097,191.55432616866906,181.37931447075073,191.98767930535806,181.56001816614298,192.02531837461586,181.4644606144316,191.75656266785421,181.14432789492443,191.82314140103455,181.56587480463557,191.99387841104911,181.35468227523231,191.84807139906499,181.4611149548335,191.90848014323996,181.31545486298992,191.77899236624086,181.31127452268817,191.76307263339038,181.29584115686876,192.11031714029056,181.93731917421465,192.16782608268707,181.23365437890712,191.73700365456028,181.53956977931813,191.96018948207995,181.12889452910503,191.60745635195741,181.41686905319395,192.0636082802491,181.56754416604289,191.80466184293633,180.95777102943123,191.43646800770162,181.43815558911413,192.13857543843011,181.16728726064372,191.38066036068003,181.50786836697569,191.99489822015167,180.45358548654181,191.18607422055251,182.48491246964815,192.56069704849983,179.52078728550893,191.14448654421781,184.96028547671733,185.94659111349841,187.49866455715281,185.26106977430595
197.37735367130867,196.45742096351992,197.00914758606046,199.51751942423957,193.03397028246781,203.20757439352832,191.5036380516537,202.79315292853633,191.75591183147847,202.72720404766451,191.78726315275571,203.02518232255775,191.72043308533412,202.44953315906199,191.44291844763382,202.82977187264797,191.71497345830809,202.63765460162028,191.71787326008632,202.93563287651338,191.67949471216374,202.75480044130654,191.98992827076069,203.20201892929506,191.88241116440994,202.64893943744113,191.45528754233038,202.80044193588779,192.06906790727498,203.38111782138373,192.20842447932685,202.80044193588776,191.40817918015441,202.65796198791077,191.70161355070536,202.67427354573192,191.53732698062285,202.62134304379921,191.48962730767536,202.46984054535247,191.44291844763367,202.84608343046906,192.02861767852849,203.08713537496004,191.92439987609029,202.84608343046904,191.54713625007187,202.32736059737547,191.06309499636751,202.4698405453525,191.86945075894155,203.1929963788254,192.13854644223358,203.18397382835585,192.09735673482211,202.98856337844612,191.60424569033393,202.67427354573181,191.72694305087018,202.88999138193216,191.81549245469901,203.09442438231147,192.2178342466411,203.28254582486977,192.08498764012558,203.07811282449043,191.81919126074609,202.74751143395505,191.67767436558105,203.14006587689275,192.30283301231597,203.11473176860198,191.68418433111714,202.95194443433445,192.21132428110511,203.08713537496004,191.46494864388603,202.38758010665967,191.52982620218063,202.81675349370892,191.75468420838962,202.53179359775484,191.06969360419305,202.24510015868265,191.78726315275568,203.11646531172019,191.52254622857191,202.40389166448077,192.06261746734268,203.16610263477085,190.92666722229035,202.08560600329713,192.64803636779985,203.24333635146348,189.59348236957354,202.23293876592001,195.95351735106507,197.01955146187754,198.67054796303606,196.28598838343606
187.32602945779681,186.377782361068,186.83573646782793,189.03843562418095,182.77037601484253,192.34584306631032,181.17146760094559,191.8488108777301,181.43732090841047,191.7497127257875,181.31545486299004,192.01053762256461,181.41770720228934,191.68569381785463,181.39892817687186,192.25075316753777,181.66896182463864,191.91615961898296,181.60342938707885,192.26667290038833,181.48407432055276,191.7801023508438,181.56252914503742,192.28870309664052,181.60760972738066,191.83471149146212,181.35384759452865,191.98736844551291,181.56838231513839,192.16427544453299,181.70484357728284,192.10025653660023,181.63224192289908,192.26883322350162,181.6852298711616,191.8730609226993,181.31378203319093,191.90592031799218,181.29751398666778,191.55358669000418,181.12638701860234,191.96604861124035,181.66561616504043,192.02827770199778,181.45944212503446,191.91137994501818,181.34008705850832,191.63972443647839,181.02079248809653,191.74721242614365,181.64432962912022,192.29706252544491,181.73700177270115,192.21058480243997,181.84966552003095,192.22178438692958,181.36137359442853,191.69254375992139,181.31127452268817,192.00979814389962,181.62889626330085,192.27750351215104,181.91687078738983,192.39434174352681,181.87680522605206,192.30968295438257,181.56587480463557,191.73379299293677,181.16728726064372,191.96243844748236,181.64934811851745,191.91143947062201,181.22780120880628,191.97400853791012,181.84008879270419,192.17732449229069,181.27037428064676,191.6640631237369,181.39893164526356,192.05113601920428,181.51995607319699,191.66545343877766,180.81712942698485,191.42048874924706,181.48156334165839,192.09371604165662,181.08799775545532,191.46651765622744,181.74407098952526,192.19361319786813,180.5521142686153,191.09715443127493,182.18523160535756,192.26377156539877,179.4185384146013,191.45057046039184,185.54626803529783,186.58726999094952,188.26849620347483,186.13265828768445
198.38780993934097,197.26898694620641,197.62791357076719,199.92135870299808,193.38019344705427,203.60412466493543,191.7423441098893,202.96496281327353,191.93429778782863,202.88270237458067,191.89682141052279,203.2792526459877,192.05798596127116,202.79315292853633,191.84730139099244,203.32489414056897,192.05468665735833,202.78413037806669,191.89401025103396,203.32489414056897,192.0079777973169,202.75653398442472,191.81447111238512,203.21729959358535,192.06400778238347,203.03420487302733,192.04601636870891,203.11646531172019,191.81728227187412,202.91029876822265,191.95558850541573,203.26623426704865,192.40258200063425,203.58954665023253,192.28259263323898,203.09842021078083,192.0365179591052,203.37782464250165,192.16970454215155,202.87541336722921,191.67335371935448,202.91203231134079,191.79130193533354,202.78413037806666,191.78840213355519,203.10744276125055,192.11830606315669,203.1693958136529,192.04922703033228,203.19699220729484,192.15230585197097,203.213303765116,191.99387841104911,203.11473176860196,192.17763535213584,203.31187576162992,192.0354676205952,203.0088707647366,191.98881828615748,203.20601475776445,192.07705683014117,203.12375431907165,192.05104737691511,203.24090015875788,192.22138488479516,203.32818731945102,192.12086588840435,202.91932131869228,191.60859533275678,202.79315292853633,191.83545097012725,202.77684137071523,191.47944753228825,202.75653398442475,192.06625674778607,203.18068064947377,191.82163191429692,202.94465542698299,192.17806397095578,203.36880209203204,192.07156808642975,202.85910180940806,191.55009416473186,202.83879442311758,192.21012565421267,203.2629410881666,191.52328570723699,202.50246366099466,192.22104490826462,203.2393405229941,190.84166845661559,202.15884389152032,193.08320843834926,203.94289161976388,190.20880121745211,202.44136759476885,195.83812896033373,197.03985884816802,199.10322230770075,197.12031472191651
187.03840370524603,185.9604298364971,186.28838741724638,188.54788440494042,182.54542641781069,192.31545344125371,181.10258950378764,191.64333460023607,181.23365784729879,191.62016542318443,181.29165734817522,192.03651795910525,181.35719325412671,191.29711143564987,180.8546805410364,191.74348309068901,181.1476735545225,191.20230340052618,180.89892644267599,191.72756335783839,181.08381394676181,191.21211266997508,180.91937829789256,191.77427221787994,181.31210920339183,191.62957519049897,181.23449252800251,191.69143377531833,181.01828150920201,191.51634712288103,181.25577906392272,191.98116933982206,181.68522640276993,192.13959678074389,181.42188754259112,191.70806399063764,181.33506856911109,192.02355755363683,181.39474783657005,191.45923768261869,180.87680522605206,191.49860704344766,181.00535912227718,191.45917815701495,181.1885737965639,191.90308004181767,181.47738300135651,191.97431939775518,181.60760972738066,192.08532761665603,181.44233592941603,191.75687352769924,181.18355530716673,191.68418433111722,181.27790028054673,191.8990703759255,181.47738300135649,191.87050109745175,181.35635510503135,191.77933234277131,181.12805984840136,191.48160785540156,181.08381394676184,191.78584230830751,181.39892817687181,191.84807139906511,181.41686905319398,191.81117180847252,181.10677331248112,191.48160785540159,181.1051004826821,191.49570724166941,180.75410449992782,191.29495111253649,181.22780120880626,191.80281237966815,181.08464862746547,191.59764708250862,181.50452270737765,192.01399961842935,181.20818403429337,191.40271955312855,180.85802966902634,191.60174539069016,181.56001816614292,192.0086881592965,180.96027853993397,191.35533086051501,181.67397684564406,192.06832689539871,180.24490393603296,190.98275826617194,182.6510209483165,193.0576987076725,179.91853668040542,190.99867953223378,184.45777623201877,185.71578533583957,187.90838893321984,186.23446534366187
197.2541600833394,196.30935086791976,196.89148645762441,199.47916693700975,193.18159764103459,203.46493789584039,191.59764708250844,202.74751143395508,191.71472212406692,202.67427354573184,191.70871482701318,202.98127437109457,191.6358338217938,202.1026202107056,190.99105663616115,202.59774247862657,191.64194428519545,202.44953315906201,191.52140724777249,202.7931529285363,191.46139800573198,202.24510015868265,191.39555875121673,202.8551059809387,191.75582318918904,202.62863205115062,191.62818487545829,202.83706087999943,191.7022643870809,202.77284554224579,191.78809127371011,202.95194443433448,191.92292091876035,203.03247132990913,191.84958088580262,202.69058510355302,191.51850744599412,202.62134304379919,191.41619863242821,202.33464960472691,191.36658997060843,202.70360348249204,191.69038343680813,202.71991504031314,191.77248240070463,202.93563287651338,191.71713378142135,202.80773094323922,191.97977902478127,203.19299637882543,191.93596996651812,202.80044193588779,191.68063369296311,202.75653398442478,191.58832595748351,202.80044193588773,191.9360294921218,203.05780543819989,191.9222105567809,202.85337243782055,191.5373865062268,202.52277104728518,191.60714549211224,202.90803648287144,191.75622269132353,202.70186993937384,191.79346225844674,203.14006587689272,192.00254869969845,202.94292188386478,191.93636946865252,202.89172492505031,191.39009912419067,202.46984054535247,191.81919126074609,202.98127437109463,191.52535738806088,202.57570154921791,191.92340906318407,203.08713537496004,191.66061565193115,202.3273605973755,191.04186380438406,202.3436721551966,191.7897634523996,203.10744276125058,191.65570369493264,202.7508046128371,192.55816928587086,203.49670402530614,190.83842867830674,202.01463040042512,193.07234883039033,204.12701723385274,190.29562032970964,202.07241371700374,195.20038041406855,196.50082862878395,198.70485996828666,196.81273589268517
186.54550211702835,185.83047189948095,186.58999602655445,189.15206319393334,183.12304482739589,192.74053591191694,181.48658183105553,192.03802744584294,181.51744856269426,191.80327152789562,181.3400870585084,191.95376815883304,181.24825306402283,191.23753081242913,180.71404240698189,191.71975171955069,181.52079422229238,191.9610481324417,181.62806158259721,192.17772399442512,181.41770720228934,191.64484408697365,181.27371994024483,192.02284719165718,181.50368802667398,191.93892929390012,181.64432962912022,192.28475295635212,181.69275587106168,191.97400853791004,181.37513413044886,191.91433927240018,181.52497456259422,192.18639428307449,181.74908947892234,191.93676897078689,181.16896009044282,191.64913420379273,181.21320599208227,191.78479196979742,181.4594421250344,192.01960741334844,181.43732090841047,191.81919126074618,181.43982841891324,192.04777718968785,181.44317407851139,191.90708982819922,181.66561616504052,192.2916624240228,181.60510221687787,191.85973013178202,181.38015261984611,191.86151994895718,181.20818750268501,191.80978149343164,181.64767528871849,192.35673179095463,181.90143742157042,192.23375397949181,181.49616202677402,191.84742056268931,181.44484690831047,192.03876692450785,181.35217476472954,191.70161355070522,181.48407432055279,192.44608019905223,182.04207902401674,192.36506210307348,181.87764337514744,192.1997541906774,181.2507605745256,191.72984285264852,181.64934811851748,192.18747373827011,181.27539277004396,191.66662294898464,181.55918695383102,192.21576256581713,181.50703368627208,191.57650453281448,180.78831689116467,191.41437828584549,181.44735441881323,192.26701287691895,181.49783485657304,192.02830823140539,182.39642066636915,192.71199421691745,180.67146933514135,191.08305504500706,182.41854535138475,192.89322032895265,179.99950248378457,191.45313028563959,185.13057776407925,186.23351551851317,188.06922442028036,186.07835582524436
197.79116891819413,196.93680967748838,197.57318681059749,200.10219113820492,193.54547083004272,203.69367411097971,191.96413962236824,203.24263370187609,192.09232572661597,202.88270237458067,191.73879347173542,202.94865125545246,191.71645241563812,202.50819303258234,191.45195770901009,202.9486512554524,192.09553638823937,203.16037326318326,192.1154062613783,203.29556420380882,192.15304533063599,203.16037326318323,192.05789731898176,203.19699220729487,192.05138735344568,203.24992270922758,192.36213177188762,203.5529277061209,192.33245262929989,203.15135071271362,191.82965136657057,203.0251823225577,192.13928592089871,203.45435570960689,192.39613156070197,203.19699220729481,191.80540132160135,203.00158175738514,192.13857543842997,203.34120569839001,192.16930504001704,203.01789331520624,191.71932310073097,202.80443776435717,191.81407161025072,203.07984636760855,192.05863679764681,203.16037326318329,192.15230585197091,203.19699220729487,191.86473061058061,202.79315292853633,191.76381211205523,202.96496281327344,191.82058157578686,202.97225182062502,192.12086588840438,203.43804415178585,192.37765200260372,203.34849470574147,192.10278583244056,203.16037326318326,192.10815681717719,203.14406170536213,191.78914161222025,202.79315292853639,191.93164932029151,203.38511364985314,192.35488232768662,203.31916476898132,192.21527442139345,203.14406170536222,191.68202400800399,202.7931529285363,192.03876692450777,203.10015375389906,191.60313570573095,202.65796198791085,191.96789807450838,203.33947215527184,192.18695647716103,202.98127437109466,191.61883322102557,202.7768413707152,192.06505812089361,203.2353446945246,191.63435345174167,202.77111199912773,192.6254583810308,203.56994191352936,190.93681646826971,201.94312605532014,192.68456545245431,203.72943606891485,190.25221077358074,202.64580059514819,196.10111418022427,197.13843084468201,198.90985456135286,196.71330524582152
187.0710844472008,186.06843404214803,186.37752735973058,188.53119466401742,182.21487882188134,191.846592441735,181.01493584960397,191.83394148338954,181.38433296014782,191.56660662107632,181.03622238552413,191.59372593841641,181.02831848799644,191.37739005296368,180.99699497328177,191.73549416782282,181.42104939349574,191.78865346779654,181.1664491115483,191.72173475808555,181.46194963553714,192.10485751326456,181.58297753186233,191.90194106101842,181.35468227523228,191.92110057217778,181.48323617145741,192.04083860533188,181.62555060370275,192.00359903820868,181.33339573931207,191.87010159531741,181.56503665554013,192.16452677877436,181.64767182032671,191.89577107201282,181.14934638432152,191.64910508710727,181.39223685767561,191.96959924939421,181.29751398666784,191.50002788789595,181.02162716880019,191.62195524035951,181.10677331248112,191.5481865885819,181.20651467288604,191.84261177203896,181.42104939349574,191.72537403852871,181.02329999859927,191.39981975135021,181.01995433900112,191.72287373888486,181.33674139891022,191.76267313125587,181.33506856911109,191.86504147042575,181.31043637359278,191.69319459629705,181.23700003850527,191.90228103754887,181.5583453363439,191.85853150488956,181.08883243615901,191.46568812255109,181.103427652883,191.7482032390499,181.29416832706971,191.74385359662699,181.33506856911117,191.69754423871996,180.98072692675873,191.43745882060782,181.14767355452256,191.54667710184441,180.81043463939685,191.44316978187513,181.44568158901416,192.21583661547996,181.72361566591684,191.95254053574428,181.21822448147958,191.62377558694232,181.28245851847618,191.61689511546803,180.59301451065676,191.21677329273209,181.72779947461035,192.04950736076987,180.14850823522625,190.60111446832298,181.91687078738974,192.34976114397998,179.62805464581382,191.30251448300524,185.08382088354523,186.04421030811099,187.74607782822528,185.73279123753255
197.94064512426087,196.71107141650438,196.83085272526949,199.00781914161564,192.39440138961987,202.74178206236752,191.40164009793295,202.84608343046906,191.79315139860162,202.58472409968755,191.51995728663883,202.77684137071523,191.61044479602498,202.53179359775476,191.58292585606125,203.02518232255773,192.10926680178042,202.91532549022284,191.51890694812855,202.64893943744113,191.81879175861178,203.10344693278114,191.98662896684783,202.94292188386484,191.86004099162727,202.91532549022287,191.67588454840578,202.8443498873508,192.01161849048245,203.14006587689275,191.87664067753875,202.89901393240172,191.89912990152939,203.07811282449043,192.00504899934231,203.00487493626716,191.73345301640634,202.57570154921791,191.43856880521093,202.56841254186651,191.37639924005737,202.4698405453525,191.74064293500356,203.00660847938539,191.68964395814319,202.40788749295015,191.3510697398923,202.80946448635746,191.94537973383254,202.95194443433439,191.76563245863787,202.74751143395517,191.63898495781345,202.89901393240174,191.95228920150282,203.00487493626713,191.87846102412166,202.80044193588785,191.46139800573189,202.43322160124086,191.48055751689157,202.95194443433451,192.13820646570301,202.98856337844603,191.56339595945298,202.58472409968755,191.65746451591144,202.8370608799994,191.67298474662763,202.78013454959731,191.89768006088468,202.88270237458059,191.47219808808723,202.49517465364326,191.63833412143751,202.76781882024562,191.53547751735491,202.86239498829011,192.24970282902765,203.45435570960694,192.19346644269714,203.02518232255767,191.68322263489628,202.63765460162028,191.65737587362224,202.66195781638024,191.09246327911021,202.33967632672716,192.28361397555275,203.20272157888238,190.60401273689007,201.78260100640375,192.78187378722168,203.83303478742906,190.16937233101933,202.17098571351772,195.39354712246973,196.53744757289556,198.54160120051426,196.55051791155404
187.34583406166155,186.13282531406981,186.21363138014294,188.31540644859211,182.18857726495563,192.13394546556955,181.40060100667091,192.09883569215216,181.49950768637211,191.65425385428819,181.21320599208235,191.99791719362673,181.45860744433071,191.72373238924675,181.37847979004701,192.32569132952239,182.00201693107076,192.11626491174016,181.27288525954117,191.80046036840648,181.47989398025101,192.06955605169867,181.54626109851435,192.03697710733258,181.64767528871843,192.07606601723475,181.37680696024788,191.92340906318404,181.68690270096073,192.16140475944013,181.40394666626904,191.72117256399898,181.26786677014402,191.92414854184906,181.58883417035489,192.21172378323948,181.72613011320308,191.8919095740136,181.15603770351791,191.58335447488125,180.99532561187442,191.61701428716495,181.56754763443467,192.2695727021667,181.54291543891625,191.58477531932957,181.0454246836149,191.91507875106538,181.64767528871837,192.17013457369353,181.74908947892237,192.18929408485286,181.54793392831348,192.05289684018331,181.66561616504046,192.25257351412048,181.77455635514445,192.02830681868329,181.19108477545836,191.52550555595414,181.16477975014098,192.08547578454926,181.88098903474562,192.11981554989424,181.29166081656695,191.84742056268931,181.64934811851751,192.22798349262061,181.54291543891622,192.01130763063725,181.7524351385205,192.13357495963143,181.20986033248417,191.67307338891698,181.54542641781075,192.18062379620346,181.52330173279512,192.06526593487968,181.8121144059794,192.2273326562449,181.50536085647298,191.92414854184912,181.35134008402591,191.80907113145227,181.5521142686153,192.05542613602344,181.05751238983609,191.51356649279947,181.88098903474562,192.31409070968738,180.47905583115553,191.12430427802249,182.67147280353311,193.09218664091043,180.02078901970481,191.21621404457906,184.73282836918273,185.8956807789273,187.86221569957061,185.98684709403349
198.0810629015015,196.87930534321771,197.09957544935375,199.46858475077627,193.10958827702433,203.66607771733769,192.18152596682049,203.38511364985317,192.10500568115756,202.88999138193211,191.89867087379105,203.29556420380885,192.00078787871956,202.65796198791082,191.66249411139552,203.34849470574147,192.44895088414515,203.11473176860198,191.72256287903974,202.94465542698305,192.00038837658519,203.09842021078086,191.94972937625531,203.08713537496001,192.0955363882394,203.2499227092276,192.13348631734206,203.213303765116,192.10494615555382,203.08713537496007,191.84807139906493,202.92661032604369,191.86945075894158,203.04149388037879,192.04413790924443,203.30285321116023,192.30462282949111,203.20601475776454,191.85350049668347,202.87541336722919,191.80506134507073,202.95594026280384,191.91499010877595,203.01789331520627,191.88138982209614,202.87541336722921,191.777172019658,202.9649628132735,191.89946987805999,203.06180126666931,192.15230585197082,203.3648062635626,192.18053515391421,203.16766227053472,192.1107166424249,203.33947215527189,192.22863432899638,203.13277686954123,191.8560603219311,202.90300976087119,191.83650130863739,203.12375431907162,192.19935468854288,203.10744276125058,191.70735350816889,203.0251823225577,192.44608019905226,203.62616559434409,192.13743645763063,203.0781128244904,192.22798349262058,203.29556420380882,191.76372346976598,202.92661032604371,192.32279152774416,203.46337826007661,191.984719977976,202.88999138193208,191.8344601572208,202.80044193588782,191.59764708250864,202.82977187264797,191.74474124318513,202.89901393240169,192.30777396551073,203.5130155831273,191.67921284851491,202.49344111052505,192.29302374286709,203.56994191352936,191.1770028965575,202.26470489538582,193.07959827459146,203.99582212169651,190.23990120448818,202.28986509632216,195.5281240205567,196.68166106399079,198.75079882025551,196.83304327897568
187.06621212886824,185.96535361769497,186.22491077611372,188.49497643920807,182.4986695372767,192.41918309926803,181.48239802236202,192.09544774595003,181.54124260911718,191.88818165128103,181.60677157828528,192.2705343983875,181.39558251727368,191.29381213173721,180.85802620063455,191.97025008577,181.7065129386902,191.77850422181714,181.06670775114338,191.73799446746673,181.43899026981788,191.88056170114191,181.29082266747159,191.7315440275344,181.29416832706974,191.96846026859498,181.66728552644784,192.03827878008423,181.27622745074765,191.69936458530276,181.41185056379678,192.18084601375941,181.7557773297269,192.08168833621286,181.4782176820602,191.95254053574436,181.46362246533616,191.80497270278147,181.07879545736461,191.61396631749346,181.46529529513526,192.01078895680584,181.20734935358973,191.34231080895364,180.89809176197227,191.61254547304515,181.20902218338881,191.57706672690077,181.04291370472041,191.60489652670969,181.33757607961391,192.05129871115625,181.60259123798349,191.9616103265281,181.50284987757857,191.99452924742477,181.29249549727064,191.59514678286467,181.20902218338878,191.89031144498674,181.3997628575755,191.76588379287915,181.31210920339183,191.69464443694179,180.98072692675879,191.75252388527636,181.87680522605208,192.35553316406228,181.33423042001573,191.61612664060669,181.43982841891329,192.04262842250691,181.27204364205403,191.85995234933785,181.81211093758773,192.21913591939258,181.3154513945982,191.66166599044129,181.20986033248425,191.57376742298823,181.08381047837005,191.69498441347227,181.06671121953516,191.50545839823636,181.60008025908897,192.30055351750573,181.0692187300379,191.25944337019587,181.74908601053062,192.53965907787583,180.83506683491532,191.10283627585667,182.18941194565929,192.44126987519081,179.56252220825408,191.13862741505739,184.79501167875264,185.78156506475122,187.8019562536187,186.18741650708981
197.76424038787795,196.73481120564139,197.16718320201164,199.51751942423962,192.95187131857139,203.20757439352838,191.58573701555019,202.91932131869231,191.86697957598321,202.86239498829016,192.01044898027524,203.24263370187603,191.76927173908126,202.2744300954428,191.18246252358358,202.87541336722921,192.10710647866702,202.98856337844606,191.77899236624086,202.97225182062496,191.97795867819855,202.99758592891573,191.77248240070469,202.73119987613401,191.59523542515402,202.84608343046904,191.96854891088412,202.89172492505026,191.45016789183504,202.52676687575462,191.79565157775627,203.32089831209959,192.37404183884601,203.24992270922755,191.94722907661139,202.84608343046906,191.61655525942675,202.55210098404532,191.25376140512481,202.50645948946408,191.94611921249756,203.2476604238764,191.87340089923001,202.391575935129,191.13041320821296,202.43495514435907,191.50332719180875,202.58871992815693,191.54207612518027,202.66698453838046,191.70880346930255,202.91932131869225,191.83616133210683,202.84608343046901,191.81987121380715,202.85510598093876,191.51600714635046,202.53405588310608,191.71787326008629,203.00660847938533,191.80466184293641,202.6945809320224,191.66471396011264,202.63436142273821,191.23562182355724,202.47886309582211,191.93025900525086,203.07082381713897,191.61686611927172,202.61232049332949,191.82249056465886,202.92834386916198,191.5868164707459,202.75653398442469,191.95888780932842,202.95594026280386,191.66891543464246,202.92834386916192,192.01713623039001,202.96496281327347,191.84400208707979,202.92105486181046,191.48499580160353,202.37126854883851,191.74962408349819,203.04722325196633,191.31129946420685,202.36727272036916,192.46777041877402,203.66851391004332,191.06917493036164,201.88117300291773,192.47587851333699,203.47709928860303,190.07456429589564,202.40474865065724,195.61278280970092,196.48451707096282,198.6218520577338,197.09757280709363
186.79038716042473,186.00165771584878,186.64248828313845,188.88734626974937,182.50703715466372,192.02617702497759,180.99783312237727,191.72626168508702,181.23533067709789,191.52800585559788,181.20818750268512,191.87817916047265,181.19275760525747,191.19668108154812,180.64432962912025,191.59606354610824,181.48658529944726,192.01534641321481,181.56002163453468,192.01895657697258,181.46195310392889,191.86987937776129,181.33757954800552,191.72842200820017,181.12555233789863,191.59532406744316,181.21237131137858,191.56493444238669,180.83172464370881,191.26971025466079,181.02748380729275,191.80435098309107,181.48072866095467,191.87058973974092,181.27121242974215,191.61124380029383,181.08632492565633,191.52658501114951,180.92021644698798,191.49366609025304,181.39642066636904,192.17772399442518,181.64934811851748,191.66150329848921,180.85468400942815,191.3901877664801,181.06838404933416,191.65283300983987,181.20735282198143,191.64598306777316,181.21237131137863,191.67816251000482,181.10426580197836,191.50992579963415,181.08967058525445,191.61809374236054,181.12387950809955,191.73098183344791,181.50452617576937,191.90896828766364,181.12555233789863,191.51899559041794,181.2319850174998,191.57468418623179,180.69108304126252,191.13661231390392,181.04291717311213,191.74508121971581,181.23281969820346,191.730981833448,181.39558598566543,191.64342324252544,180.85886434972994,191.40900730110877,181.10677678087288,191.50091553445409,181.00117878197534,191.74764104496342,181.43983188730493,191.73388163522611,181.21153316228325,191.72626168508697,181.02163063719189,191.36016864736177,181.23449252800253,191.77510033883419,180.70818923688097,191.32039978439826,182.0020169310707,192.38100941939828,180.31712769278903,190.59725297032389,181.83340094189961,192.4153781809394,179.92104765929989,191.59677697451033,185.08382435193695,185.76184335950529,187.7033484667389,186.31275736360908
197.41667137925174,196.66828432090102,197.45577856854811,199.99060076275185,193.3562847913376,203.43960378754969,191.70621452736924,202.99758592891567,191.85973013178207,202.66525099526226,191.60711637542678,202.98856337844614,191.90998962997747,202.58472409968752,191.31087084538703,202.69458093202238,191.88176032803423,203.05780543819986,192.06872793074442,203.18397382835579,191.98267882655952,202.99585238579755,191.98372916506963,203.08713537496004,191.78479196979737,202.62134304379913,191.51890694812857,202.78413037806672,191.7840524911324,202.73622659813424,191.53121651722125,202.61232049332946,191.63139553708163,202.81675349370892,191.74536308336462,202.8533724378205,191.89873039939485,203.08713537496004,191.96203894534804,202.95194443433445,191.84122145699828,203.15863972006505,192.30894347571765,203.29156837533941,191.85822064504436,202.78413037806672,191.81373163372012,203.08713537496004,191.95478950114685,202.88999138193208,191.77214242417404,202.75653398442475,191.49681722627261,202.56841254186645,191.5948954486233,202.87367982411098,192.00288867622913,203.25494943122783,192.17368521184736,202.92661032604374,191.54383694615916,202.69458093202238,191.74104243713796,202.67600708885007,191.37417939134016,202.54307843357574,191.72404324909192,202.98856337844609,191.97755917606412,203.15637743471382,192.13209600230138,202.92661032604371,191.49317794582925,202.58472409968758,191.63543431965928,202.6579619879108,191.47435841120043,202.63765460162026,191.68174367756626,202.66525099526228,191.50835820001487,202.71089248984347,191.721172563999,202.96825599215555,192.21123563881585,203.0545122593179,191.20674168523826,202.42020322230181,192.41532160126897,203.30858258274787,190.61953296760609,201.7459820622922,192.68351511394411,203.9298732408248,190.6428648366097,202.88511899652102,195.94666740899828,196.64330857676103,198.46538390197841,196.70687488881973
186.7205489735297,186.02353974420785,186.77773003016813,189.31685243249817,183.20484184308691,192.75957766410158,181.54625763012274,192.20867581356799,181.749924159626,192.03108886148675,181.47989051185925,192.28466431406295,181.9389920040137,192.11642760369219,181.35718978573505,191.96556046681661,181.58130470206325,192.1196382653157,181.75493918063154,192.40144301983494,181.83423215421163,192.18877682374381,181.76869971665181,192.31684375629459,181.54709577921813,191.70837485048276,181.22696305971093,192.19926604625383,182.04793219411769,192.3223033833205,181.45609646543633,191.81950212059132,181.43815558911416,192.15190634983651,181.71320425788647,192.21734610221748,181.81127278849226,192.42643254346928,181.96111322063757,192.30959431209334,181.56336382574116,192.1569373580426,182.00034063287995,192.59790903214886,181.77539103584806,192.00501988265682,181.6205321143056,192.39243275465483,181.88265839615292,192.17319706742379,181.55834533634393,191.86754177006947,181.17481326054366,191.76628329501366,181.47236451195931,192.16418680224368,181.88265839615295,192.44559205462861,181.78998625257205,191.9930502900948,181.41937656369666,191.95038021263099,181.29249549727066,191.63278585212234,181.29416832706971,192.14610674627994,181.81127278849232,192.23326583506795,181.73281796400761,192.37867334491759,181.98072692675882,192.35084354510877,181.60426406778248,191.99634959400754,181.56336382574116,192.07011824578518,181.41937656369666,191.86970209318284,181.54375011962,192.10195771148634,181.47821768206015,191.96451012830639,181.65018279922117,192.47999134557719,182.22696305971084,192.28861445435118,181.02497282839835,191.65592603297767,182.06420024064067,192.31431292724304,180.39474436817835,191.13757554333606,182.6919211903579,193.30945522638794,180.62303615641662,192.13306076494473,185.56671642212265,186.23302737408949,187.73252822982042,185.7605877389889
197.7911689181941,196.79432972951139,197.25087230172787,199.86113919371391,193.57080033020765,203.7922461074937,191.91348062203841,203.1806806494738,192.25115266967231,203.20601475776442,191.99921886637813,203.36880209203204,192.43490961075904,203.24263370187612,191.89830036785287,203.1367726980107,192.10318533457496,203.14406170536213,192.16310593432601,203.57323509241144,192.48516910895455,203.19699220729484,191.90086019310056,203.04722325196636,191.80580082373575,202.70759931096148,191.72145289443665,203.34120569839004,192.58642758401038,203.36880209203198,191.84770089312684,202.89572075351975,191.9490480104721,203.28827519645736,192.33134264469672,203.36880209203198,192.1027858324405,203.05451225931785,191.96092896074492,203.24263370187609,192.18778459811526,203.19699220729484,192.10599649406402,203.1530842558318,191.84014058908062,202.86639081675955,191.95407901867827,203.3321831479204,192.30496280602171,203.25894525969719,192.06514676318292,202.98527019956404,191.65743398650397,202.71662186143107,191.73416196566379,203.01060430785481,192.07415702836292,203.12775014754104,191.87849002031774,202.96496281327347,192.07489650702797,203.10917630436876,191.61584477695794,202.49414376011239,191.64842372132401,203.22405985870381,192.3306322827172,203.21729959358535,191.91683945155501,203.05451225931787,192.14687534163039,203.37782464250171,192.1515953695023,203.09113120342937,192.08720607612048,203.32489414056897,192.09152660185808,203.12775014754106,192.2301132863262,203.4763966390156,192.22752434439323,203.07481964560836,191.88212930076105,203.25894525969719,192.48798026844347,203.2466295303455,191.39302792216529,202.6303655942688,192.51299890876328,203.44776935184285,190.95739670338835,202.27772327432484,193.17258596313241,204.18394356425483,190.69315333100153,203.02430576561596,196.23967174800714,197.01226245452605,198.67037849504464,196.60744424195616
186.89603759069939,185.64529989842731,185.66934323509622,187.97717220687184,182.17398204823161,191.98671760913723,180.87345956645399,191.49471642876318,181.25327155341998,191.57354520543242,180.94149951451649,191.59597490381896,181.27121242974212,191.47879669591262,180.83590498401063,191.48243597635584,181.08716307475169,191.40866732457815,181.02079248809648,191.877839183942,181.52246705209143,191.45926679930412,180.58966885105855,191.11307263091408,180.70651640708186,191.08089318868247,180.69275587106156,191.55512517293786,181.39474783656999,191.55833583456126,180.73281796400758,191.14701289412466,180.75494264902323,191.39049862632507,181.1852281369658,191.6632931156644,180.92188927678697,190.99154478058486,180.50034236707586,191.47012640726319,181.37847979004692,191.58335447488119,180.77288352534538,191.07148342136801,180.6051022168779,191.23571046584655,180.98491073545227,191.5898644404173,181.16477975014095,191.5511750326495,181.08967058525442,191.48604614011373,180.80876527798952,190.97957518802284,180.42690603198835,191.09064293252754,180.85133834983,191.23031036442438,180.62806158259727,191.2223505582437,181.10761146157648,191.55586465160303,180.77288352534535,190.98574517702829,180.60342938707882,191.37170820838179,181.13475116759761,191.46071663994877,180.72278445360493,191.03930397913658,180.75828830862136,191.48638611664433,180.99783312237719,191.31996975285625,181.00787010117162,191.64737338281387,181.07963360645996,191.43720748636653,181.10928429137559,191.70994245010192,181.16896009044277,191.31490962796477,180.58381568095766,191.24438075449615,181.23449252800256,191.50014552638157,180.31127452268814,190.86637764981239,181.42105286188743,191.89406836391566,180.23030871930899,190.77845008616288,181.96195483812471,192.12450363563636,179.37596534276082,191.20208412890361,184.96112362581272,185.75928353425761,187.54103736174432,185.81108325747977
197.87066268470559,196.517359826323,196.54461490993197,198.85058727158142,192.59774787340808,203.10500656854498,191.49490965012259,202.78742355694874,191.87931967448341,202.66125516679284,191.39399115159731,202.6815625530833,191.64851389682465,202.33065377625752,191.12523544483574,202.5390826051063,191.59495509471645,202.33065377625755,191.17879424694391,202.73449305501603,191.98344883463213,202.66125516679278,191.19761378157273,202.29803066061535,191.3178399591506,202.28674582479445,191.20051358335098,202.53006005463664,191.65533472220582,202.51877521881585,191.29566159500524,202.41291421495032,191.32361044602163,202.30531966796681,191.36440065129898,202.61734721532977,191.46901795587124,202.16283971998971,190.98892684245544,202.44953315906204,191.7131836411329,202.56441671339707,191.18499335263493,202.23607760821295,191.34638012093887,202.61734721532977,191.67153490598312,202.73449305501606,191.58295638546872,202.54637161245776,191.49428793043248,202.65396615944138,191.5142173291751,202.26141171650372,191.0106461788626,202.26141171650369,191.42196911929921,202.4129142149504,191.19730292172767,202.31434221843645,191.44729861946414,202.57570154921791,191.44797857252539,202.38531782130843,191.22954188956311,202.43148805812268,191.65163591615865,202.65396615944138,191.17237292369714,202.0000523857222,191.19406314341865,202.62863205115062,191.54420745209737,202.43651478012296,191.46901795587115,202.64494360897172,191.49064864998923,202.47313372423454,191.42091878078912,202.45682216641339,191.36150084952064,202.32336476890609,191.05519471579072,202.26870072385518,191.73447435872012,202.63036559426882,190.69558111419406,201.81921995051539,191.94290996359604,203.20601475776451,190.9237384243159,201.92108512591139,192.40643050778567,203.10414958236848,189.67629181593884,202.30946983302536,195.73866183566415,196.51540664348681,198.41944505000959,196.68656750252924
187.80316702831209,186.69542442298098,187.00898797976822,189.16644444385008,183.04124434331297,193.02842201315249,182.04374838542415,192.80199499460181,182.33674486730186,192.43775129965559,181.74741318073163,192.55350866311369,182.00536259066885,192.03293832475498,181.4373174400188,192.43698129158298,182.08465209585722,192.10306769608945,181.35718978573505,192.39138241614481,182.33590671820656,192.64427791565964,181.83088649461345,192.3248632085683,181.83841596290517,192.26769424270222,181.75075884032975,192.4077016511298,181.89725708126866,192.22289437153285,181.73365611310305,192.48698945553716,181.99532561187445,192.21999456975448,181.61262821677786,192.36935221989253,181.99783312237719,192.29663390662503,181.60760972738063,192.15446617508422,181.70902391758463,192.1450564077698,181.58632319146045,192.29012394108895,182.0207924880965,192.6124384499586,182.10677331248115,192.5871089497937,181.97989224605507,192.35630317213486,181.7933319121702,192.44494121825292,182.00452444157347,192.37552220889805,181.74657850002791,192.35670267426917,181.96195136973301,192.40369198523746,181.77539103584806,192.25248487183126,181.74657850002791,192.26189463914559,181.79667757176833,192.33751275419147,181.77455635514445,192.43195169609905,182.26368296145051,192.65476713816957,181.57507363433461,191.88062134723475,181.76451937635005,192.72785583688608,182.17397857983997,192.43124133411956,181.9118522979926,192.51151995143326,181.9874182459551,192.48909025304656,181.89391142167048,192.17945569871864,181.60593689758159,192.20876445585725,181.60844787647608,192.19102578914612,182.14265506512533,192.49812951442286,181.13307833779859,191.6798652181019,182.32921539901028,193.09428885114204,181.44400875921505,191.81373316693146,182.70568172637823,192.91016140411719,180.23365091051545,192.27565711530542,186.02079942487993,186.62738024316562,188.20828073512592,186.40081941290111
198.52822771658154,197.51045876114293,198.06231317997455,200.34723891116528,193.72314630392407,204.20910376519126,192.57649914286469,203.9168548618857,192.72146350983562,203.35249053421094,192.13700642608859,203.66851391004334,192.50691744155787,203.0675306382569,191.89141989637861,203.56265290617793,192.60527611483556,203.25565208081511,191.97030819865165,203.56994191352942,192.7911933790356,203.62287241546207,192.18229444168168,203.30129357539639,192.24822233848644,203.4184394150827,192.41887070621166,203.59527602182013,192.33612090593948,203.24662953034553,192.19062475380051,203.62287241546204,192.59836664716497,203.46008508119453,192.19136423246553,203.45505835919425,192.46631904491818,203.50572657577581,192.27059251126926,203.23934052299404,191.99134758199767,203.14076852648009,192.2036738015583,203.55865707770855,192.56072757790727,203.5609193630597,192.33643176578465,203.54963452723885,192.56362737968553,203.6758029173948,192.43735026431006,203.43475097290377,192.26664237098066,203.44377352337347,192.39394070818133,203.62287241546207,192.57954711253601,203.67580291739478,192.51367874133535,203.58625347135046,192.37697063682046,203.34520152685948,192.12444552275466,203.29227102492678,192.25723260366638,203.69211447521587,192.96514105067348,203.84761280213198,192.08393576840427,203.0675306382569,192.40664977940818,203.8932542967132,192.58960771622637,203.4510625307249,192.42802913928469,203.74904080561802,192.64637717995791,203.7906864717298,192.64291518409291,203.52430041894814,192.26365392691335,203.42746196555234,192.17553314190425,203.27196363863621,192.52919897205143,203.53002979053576,191.61695322834984,202.73293341925216,192.73402441316952,203.97951056387546,191.56330578395242,202.62134304379916,193.21636449198797,204.18065038537279,190.76260133655265,203.27108708169459,196.53702572943877,197.21340227602343,198.82926476815052,196.80916206732209
186.55639381639824,185.52088781550205,185.91994624984872,187.99260379529855,181.74908947892231,191.61075565587001,180.7549391806316,191.38898913958758,180.83005181390973,190.85249906837825,180.42522973379761,191.26018131564962,180.72529196410761,190.6126830255395,180.13056735890413,191.04498441099619,180.70902391758457,190.81204883963159,180.35635510503141,191.17089243315579,180.89474610237411,190.94548675691917,180.15352672462342,190.62968221358548,180.37262315155434,191.0156756538573,180.75243167012871,191.14806323263471,180.54542294941899,190.92012814006861,180.62136679500924,191.28727163679349,180.86471751983078,191.09376495186157,180.5353859706247,190.99685611922857,180.54709577921801,190.96430629154793,180.54375011962006,190.9082471897959,180.35468227523222,190.85073824739939,180.60593689758161,191.18280250011404,180.75410449992782,190.99324595547068,180.3530094454332,190.92922704753798,180.8179641076886,191.44544774347392,180.89474610237414,190.96757647877521,180.3137820331909,190.90133772212539,180.65101747992477,191.23306199830961,180.85551869013182,191.30581072049546,180.89307327257512,191.34668956806189,180.82130976728666,191.04029479204283,180.39223685767558,190.84493864384282,180.52246358369968,191.31445060022651,181.21738633238411,191.37957937227307,180.34631812623689,190.67275179318381,180.61262821677781,191.25367135011348,180.53956631092643,190.83367953374938,180.67314216494043,191.36365963942268,180.87094858755941,191.32423075298988,180.98491073545236,191.34339026414929,180.77120722715452,191.12344409444944,180.43815558911419,190.76099033716753,180.61011723788337,191.00228521684704,179.89140044277605,190.27265896664403,180.82130976728669,191.29528955585579,179.55750718724852,190.01399439298007,181.40478481536442,191.80679010343067,179.12052691171797,190.59605587664259,184.15269898070315,184.95431808672433,186.72281998269227,184.98567797969946
197.46923661544693,196.26255383408895,196.50919445328952,198.6128285059724,191.98822862908614,202.4470969663565,191.08432760107297,202.4274922296533,191.32656989389301,202.00334556460425,191.018887848692,202.42020322230181,191.21945228967672,201.70936311818056,190.61703420117354,202.05298288765499,191.03890601021337,201.85184306615753,190.9353985697548,202.30132383949737,191.28233221681006,201.89748456073886,190.54690482983906,201.7296705044711,190.96652767347646,202.22808595127418,191.27002264771718,202.20275184298336,191.06528584888841,202.21177439345306,191.31886130146441,202.3998958360113,191.24253282443905,202.14982134105074,191.06528584888838,202.08560600329713,190.94119817331139,201.96169989849238,191.0048771047135,202.22808595127421,191.32392142635595,202.35425434143005,191.19804381311474,202.11320239693907,191.02693641765111,202.03267550136442,190.85980957139458,201.96169989849244,191.17851391650626,202.46913789576507,191.44726962326797,202.25568234491615,191.0077769064917,202.02365295089476,191.01462684855858,202.17515544934145,191.19443364935677,202.30861284684886,191.38035091355701,202.49673428940704,191.3716806249075,202.22808595127418,191.04936611603787,202.09689083911798,191.04646631425953,202.28101645320686,191.49431845984,202.39087328554166,190.9259888024404,201.85184306615761,191.0483157775277,202.10591338958767,190.72736246701325,201.79891256422488,191.21945228967658,202.50575683987674,191.30467327290739,202.29959029637917,191.40576905601114,202.52206839769784,191.43200072679312,202.28501228167625,190.84107867905493,201.7622936201133,191.11514584494932,202.22479277239208,190.49664533164375,201.45529279475056,191.44621928475777,202.53179359775484,190.08668358956226,201.1482919693878,192.02731753898823,202.9739853637432,189.48420597545524,201.626226122546,194.8249081384364,195.8045665393656,197.98855561466945,196.42317727124194
188.2771730974024,187.22548018061372,187.5888326141845,189.57103520119489,183.11430624916443,193.03002014217935,182.24406925532935,193.14361718252414,182.55295588610232,192.69218540259348,182.20066150278521,193.09986764986482,182.44819603630026,192.51527840357338,181.9544253698331,192.82491283741228,182.29751745505956,192.73047530822691,182.41603437249026,193.16854718055467,182.48658529944726,192.63646627737205,181.93230415320917,192.72871448724806,182.48658529944726,193.15808707473019,182.58465383005313,192.93996125161303,182.31211267178355,192.93999036829854,182.425236670581,192.84234205700037,182.20149965188057,192.78227328935614,182.32214965057793,192.8545921004893,182.27121242974215,192.826733183995,182.35301291382493,193.17326732891573,182.94484864250629,193.42394297971342,182.51912139249333,192.7026455084181,182.06587653883142,192.73846423109299,182.23198501749982,192.76956421812912,182.31211267178352,193.02529999381835,182.65102094831653,193.24018603862669,182.60594036597328,192.87378202056706,182.12471765719496,192.72871448724788,182.29417179546147,193.02168983006055,182.69359402015698,193.25030616792063,182.53706226881542,192.94897151679297,182.44568505740583,193.0036097740967,182.29249896566239,192.79455374176337,182.43481339790776,193.07018850727709,182.40478481536442,192.86977235467469,182.41519969178663,192.73596393144911,181.79500821036095,192.4968583710791,182.50034583546756,193.28217475030701,182.61012070627513,193.04667935369483,182.56085978363012,193.15484729642125,182.62973441239629,192.99459950891665,182.02246878628728,192.48670912509951,182.45860744433074,193.19245583627134,182.04793566250933,192.50043953864056,182.91436327688709,193.46630066412081,181.56922046423369,192.10000673557042,183.28915677445599,193.67140643567663,180.84008532431247,192.60607971873821,186.20652507806119,187.12274025305626,189.24685616604364,187.82113086898104
198.47948044507299,197.58329302133959,198.26216803961469,200.5410897253112,193.75134507645984,204.09994958244377,192.51429904830334,203.96822572805459,192.80066125923179,203.5373187978872,192.4405303965257,203.99582212169662,192.81618148994789,203.45679190231249,192.27127234384116,203.78410011396574,192.69098382976773,203.73446279091513,192.86854166516349,204.22056250836644,192.83275205917403,203.58296029246841,192.44786848301621,203.99582212169659,193.08558803308503,204.15461362749471,192.89933079235439,203.860631181071,192.57661678135028,203.64491334487082,192.41133939836169,203.48438829595446,192.43336959461399,203.68153228898234,192.54517681778364,203.7344627909151,192.82985225739577,204.08537156774091,192.81393252454524,203.96649218493641,193.08598753521952,204.28980456812027,192.8641920227407,203.67250973851279,192.43450857541333,203.71815123309398,192.71912448942169,203.81672322960796,192.50142728512421,203.61957923658002,192.76978348975163,204.28980456812027,193.18039606820852,203.8769427388921,192.42469930596471,203.65619818069163,192.65260528184496,203.97551473540608,193.01940880203927,204.10168312556198,192.75352378037027,203.79867812866868,192.73834352618491,203.84205733789869,192.47569828282494,203.55762618417768,192.6269358051496,203.95920317758498,192.82368226839017,203.97551473540608,192.94058002536994,203.84431962324987,192.3139715379904,203.59927185028957,192.91130038491656,204.2278515157179,192.96255069601821,203.99182629322718,192.83861118833448,203.99408857857841,192.91081224049279,203.92258423347332,192.36471918060965,203.44776935184285,192.8583924191841,204.21327350101501,192.48584752880447,203.6228724154621,193.50237060054775,204.60080122195239,192.00896707701196,203.15308425583183,193.78213420365063,204.7399879910474,191.24226241842649,203.74989779179444,196.94905761913296,197.72883193023495,199.73634928277363,198.1161661162883
184.78998594662738,184.02867515583691,184.75658605814337,187.09709131277518,180.97068994796433,190.56042589618266,179.529986115208,190.14188250774109,179.84798922184012,190.05830458651462,179.758281371838,190.49637645884246,180.03705706622779,189.89697734381448,179.38014568306266,190.10788271892679,179.72863415531407,189.96935568055136,179.83590151561899,190.503285926513,179.89306980418337,189.96895617841705,179.73616015521401,190.59078499183158,180.28914636928084,190.42837829393588,179.89641546378144,190.22978107519413,179.71320078949478,190.01850519414364,179.5779555740734,190.06515452858136,179.88432775756027,190.25906071564745,179.59924210999367,190.02973530804078,180.0854833081691,190.69534277080021,179.98406911796528,190.05145464444783,179.76618873775735,190.40452775110094,179.96445541184406,190.19760163296246,179.74824786143526,190.20121179672029,179.93982321632566,190.2370305193952,179.46111148644181,189.66296090453221,179.60258776959168,190.58828469218773,180.3350651007195,190.33285989683267,179.73281449561583,190.22688127341596,179.85384239194107,190.25187079705017,179.91602916990266,190.3086693774672,179.83924717521711,190.14444233298883,179.70400195979573,189.99647499789157,179.50451923898589,190.00187509931359,179.81461497969872,190.25872073911697,179.81126932010051,190.31154006256011,180.12638355021059,190.48912701464127,179.87763643836399,190.32996009505445,180.16728379225199,190.56221571335786,179.93647755672751,190.2637808640086,179.94233419522018,190.47286730526025,180.18438651947866,190.43596771466767,179.65017933082945,189.96895617841705,179.97905062856796,190.49131633395095,179.56336035734941,190.07459482530322,180.68940674307177,191.03030670480405,179.27036734386331,189.72442152042839,181.02497282839835,191.26074197652463,178.62135985822582,190.1425959361431,183.63057256149165,184.23426276257646,185.97206237320972,184.41730071886201
196.91911092735614,195.86025748018758,196.27587333770273,198.8261101494671,192.61475000738756,202.91774211216321,191.09663870337687,202.28084254585255,191.39386052226422,202.47399071041102,191.59042970092611,202.95106787739275,191.7635347275511,202.2239162154504,190.96718004306319,202.3518181487245,191.27949347384683,202.08872527482484,191.20921593461918,202.58384754274587,191.37785214712437,202.08143626747338,191.12279632449619,202.64580059514819,191.72509665402458,202.52918349769493,191.32719314679454,202.42106020847831,191.35286262349004,202.46896398841076,191.49937999745356,202.73535004119253,191.82783408641052,202.68241953925983,191.19514554454756,202.28813155320395,191.65240745744256,202.85023359552758,191.40963208722147,202.07241371700374,191.0421777306519,202.44865660212031,191.57962961857103,202.70602010443235,191.65280695957694,202.5911365500973,191.47581131826757,202.45767915258992,191.10258647482661,202.03579477289216,191.26638490048532,202.72632749072284,191.64299769012791,202.46496815994138,191.47695029906706,202.78828054312527,191.6932571883234,202.49256455358329,191.27619416993409,202.46496815994138,191.56700918963321,202.61647065838804,191.37060270292326,202.23520105127125,191.17271584616097,202.48301326088068,191.58366840114888,202.43234504429918,191.0934875673573,202.26053515956201,191.53556922606674,202.82489948723682,191.71747670388521,202.79556955047667,191.9020327697302,202.81587693676718,191.30217450647459,202.31346566149472,191.53886852997937,202.98369099303494,192.07339149943488,202.90542638281147,191.42564046236134,202.33879976978551,191.50114081843239,202.55122442710365,190.91987987224999,202.17427889239974,192.22360779993483,203.24175714493438,190.73782410604909,201.97313907090239,192.90852435446888,203.81011730107866,190.13244669016379,202.02363338012955,194.92656764883799,195.74017729425768,197.77140576172854,196.18135670462132
191.02368573695082,189.73211186626241,189.75321365436432,192.15521871316471,186.30421571103921,196.3796501602383,184.97404254434599,195.66955227343243,185.04961542909177,195.78568014282882,185.26954306833477,196.27077173504313,185.50453311255274,195.69343193295288,184.81462538487384,195.82871919301937,185.16813234652253,195.65579286369521,185.06588000722311,195.95820697001849,185.06671815631853,195.29913858948052,184.51996300998042,195.67029175209751,185.2966862427476,195.85259885253976,184.98157201263763,195.67896204074688,185.0633724967204,195.87792835270474,185.25578600070617,196.02950585155975,185.37346823743323,195.90035805109136,184.96363113631546,195.76976040997823,185.33591365498998,195.96437695902392,184.93732611099801,195.4445460993303,184.81880919356738,195.81495978328209,185.37430291813686,196.2635222908421,185.60845481325947,196.06384561690473,185.14768049130595,195.84679924898322,185.08465903264064,195.84244960656034,185.37932140753406,196.1032745033375,185.06504532651945,195.55453438863941,185.08298620284154,196.26426176950699,185.69276280784504,196.03851611673983,185.02247225467895,195.85546953763262,185.43816252589761,196.29860153485194,185.46446755121499,195.86777910672529,185.04041313100109,195.89094828377688,185.27539970682736,195.73937078492173,184.73031739028826,195.45395586664458,185.04710445019742,195.99260626096722,185.28999492355126,196.05699567483802,185.61012764305863,196.14742353813119,184.91771240487682,195.5292048884744,185.18941888244277,196.36808006981062,185.83758475059312,196.29175159278523,185.2090325885639,195.72527139865383,185.14935332110502,195.80412917151941,184.58549544754015,195.46734630365498,185.81546353396922,196.45128748509899,184.35636204181475,195.30565008822799,186.68942061663859,197.22287345078618,183.81629474628119,195.10091482261038,188.2107123551464,189.2438913652602,191.47923012129905,190.03945308440532
192.45885399968958,191.17369531043255,191.22296627288438,193.42962812486658,187.25296750872019,197.41037236169697,186.16499867977532,196.95030940212374,186.02772838117414,196.50082862878392,185.82932426330268,197.03985884816808,186.38148285361061,196.79481107520763,185.98454104260105,197.12940829421237,186.52109075990364,197.10910090792183,186.30759503013581,197.04888139863769,186.04429895040042,196.34203712298586,185.36129138473822,196.52113601507449,186.26495548207978,197.02857401234721,186.04099964648753,196.66361596305148,185.99980993907604,196.78752206785623,185.91691197091066,196.53744757289553,185.74623448649996,196.57406651700722,185.99975041347219,196.99195506823557,186.31561448240959,196.78978435320738,185.82611360167931,196.73459156592349,186.15536669490504,197.00323990405641,186.34159481895026,197.23526929807778,186.49576125973852,197.01955146187751,186.03809984470936,196.94128685165413,186.38253319212055,197.35015285241278,186.74313760662361,197.24429184854748,185.95856070606061,196.43887557638161,185.82216346139089,197.14571985203344,186.72036793170639,197.26060340636852,186.20272639132222,196.9412868516541,186.31015485538359,197.38677179652444,186.80610617604617,197.3501528524128,186.22731641282209,196.80609591102859,186.04355947173539,196.77121051003508,185.83626284765865,196.5464701233652,185.96797047337503,196.76218795956549,185.86301319227184,196.785788524738,186.45417205019257,197.20767290443581,186.07243961005423,196.67992752087258,186.09751777597793,197.10910090792186,186.45442338443382,197.10910090792186,186.09751777597793,196.73285802280526,186.19217764320837,196.99595089670495,185.76323367454609,196.61397864000085,186.7825970224639,197.44543167004471,185.32399229201124,196.31426682198949,187.56553227374494,198.07574487859137,184.60467644652843,196.19694707494892,189.56620587412976,190.76487699976761,193.00459935374849,191.36809274666317
193.85499082038362,192.95547861074471,193.58276270227972,195.63087393005526,188.79865151623966,198.96033537597972,187.90858920046878,199.05291096106532,187.86995263708599,198.03270955731381,187.15619968340624,198.6569667390018,188.01117747340928,198.6312302550929,187.87572132037243,199.22296034085483,188.5720321447927,199.02297145048129,187.70784179934026,198.43365948206988,187.59928457586446,198.41507255534304,187.43824882155491,198.46538390197844,187.99762787500438,198.90985456135286,187.81767437350123,198.54160120051424,187.7906191542946,198.58754005248312,187.50423297319037,198.18238710105197,187.29145556919408,198.30212513420599,187.77510130166087,198.90985456135286,188.04020094684478,198.54160120051426,187.56809258095112,198.66375735101894,187.89917637777043,198.62702722841777,187.76953288562325,198.73997464955474,187.8701529043349,198.50728919526364,187.52768803058834,198.70065694161158,188.23173579252392,199.22554792619687,188.29771994415927,198.87312443875163,187.71902260901857,198.49549288055394,187.70911715002541,198.82701611879133,188.12747163440045,198.82960370413338,187.79081942154352,198.49387743922085,187.50083307863051,198.67313554837804,188.34802995351512,199.3820160819522,188.25085380696635,198.70485996828663,187.72675954653388,198.54401931786487,187.46964108371719,198.34823345416635,187.77706955588968,198.6611697656769,187.60849713131378,198.58512193513258,188.09824789371595,199.07311332912528,188.08637418049403,198.81780738942365,187.86221569957064,198.55080992988195,187.63407673258649,198.66375735101894,187.83319222613503,198.70485996828666,188.14442112736521,199.06632271710816,187.74030914493875,198.62881213774227,188.55848254638775,199.34494702336815,187.25465118064017,198.26734938892079,189.13702359188264,199.58246871236037,186.09416919509053,198.3264057248893,192.11941827547386,193.28759615467501,194.98223774337762,192.61199986438689
190.81981463924421,190.44682097586056,191.80905415905474,193.81634576093629,186.56973160660718,196.47265692935716,185.70327139511679,197.03950717986083,186.02405336280421,195.87254855033927,185.0758961704378,196.54294825772158,185.98512375307408,196.45865691852288,185.89145888041679,197.17324522384922,186.59540278408363,196.57325982637695,184.99118530812984,195.66969142814264,185.37312138110505,196.62606734676407,186.06042484806761,196.7068748888197,186.01292025453034,196.71330524582154,185.7982268082466,196.55051791155404,185.92141152331951,196.57082529784452,185.65966924046359,196.39172640575592,185.70075499164011,196.4446569076886,185.77940727361769,196.71330524582154,186.03173978915925,196.55051791155404,185.6878985424068,196.41446832057881,185.53947545034433,196.07670090423767,185.38080780746003,196.25811134331309,185.49285941425916,196.02377040230493,185.30768581039112,196.43077987839993,186.04883598282856,196.66280927242124,185.64808037522462,196.37553782948038,185.85597595260546,196.85166638378357,186.18016288122172,196.67668630170994,185.64039394886962,196.16625035028196,185.39021757477443,195.95927441807035,184.89967657691898,195.77555243200808,185.70410617862419,197.05350719069514,186.4196389475299,196.81273589268511,185.89318222137629,196.36153781864613,185.21445373822078,196.14350843545904,185.94920802477583,196.92490427200678,186.06811127442262,196.75980539075243,186.1249718613295,196.97552322695267,186.27935803878759,196.99414633176062,185.98684709403341,196.23305788150333,185.28714293480286,196.41446832057883,185.94023105794827,196.81273589268514,186.3725901109579,197.10400316409542,185.86538571991994,196.64763701143079,186.62319928553995,197.35865149139411,185.5493409746239,196.35636974002054,187.01408936886435,197.21503224658642,184.00756814443048,196.5581775936065,190.75237395489961,191.683241229727,192.61199986438692,189.50746991829894
