208.6103901921206,207.6711126645948,208.49201068767303,210.70772761878717,203.42547390566585,214.46106777961506,202.36652077237534,214.48165703544308,202.75211410982297,214.09253838042125,202.66839342797763,215.15843773531995,203.37937799282983,214.31094566132958,202.51361285556513,214.63446399031088,202.6281761903345,213.85585554552756,202.4181743860247,214.58872524448924,202.64173771090529,214.02478787931844,202.6255063691338,214.84421829488821,203.13045236327113,214.35623150902148,202.28471553212779,213.93449096141404,202.33766255817136,214.30302036060769,202.65620267236838,214.2206487434253,202.59192218628669,214.43860312620401,202.56898608099701,214.14424526599149,202.66756169580734,214.3423380685509,202.11431729170238,213.80906543499239,202.80459381179739,214.93032611336679,202.86681815043698,213.81503357474097,201.78625624309691,213.95545135198157,202.8619458321044,214.65058936923393,202.47758255377386,213.71653657863544,202.23201212789667,214.55806051287695,202.89819983615229,213.9715767309047,201.94774157902748,213.91836558249096,202.4768971712931,214.39928541826069,202.89599733902054,214.3831600393377,202.27915783131451,213.97157673090459,202.56678358386529,214.42621394857696,202.56609820138453,214.34757853269056,202.99075606992534,214.72207607163287,202.67174863165917,214.27982803158764,202.73184218188914,214.34875910642936,202.34389999762038,214.18624781051705,202.80481187020905,214.32779871586169,202.24510632439839,214.06036938596557,202.64043865466599,214.34010613009841,202.57698990075451,214.36219964876997,202.57234128467857,214.05171640963457,202.45489007029667,214.41008856965379,202.48025237497473,214.41691506002729,203.69564390117299,215.465103009769,202.44399837092672,214.10419988243922,204.04534764267373,215.15489454811271,200.37168290323629,213.43201373448358,206.86482997054213,208.29083445314888,209.87605773388057,206.82485216966171
207.57858380823782,206.54046527341012,207.12156876317928,209.5210652733947,202.55502411188681,213.35461603745779,201.08987373462574,213.11859294762792,201.70719073853439,213.20611149316645,201.67679099005926,213.66005769554442,201.84852812347114,213.04516224259169,201.4895092013858,213.51140959607568,201.62027194967513,212.87608810649971,201.48958726908717,213.54619045649443,201.65746799706091,212.95275839756957,201.52237765193308,213.65574606871641,202.0587792013423,213.35174319750897,201.43475836927649,212.99654336748696,201.35871034317782,213.21828580000158,201.6768549525666,213.24773871830735,201.63401953521287,213.30597872138216,201.45506104290223,212.99839989215079,201.57971707277278,213.32328815351744,201.3528171027375,212.90811477730239,201.68640187650215,213.58624180345257,201.63229779706793,212.86135242686146,201.19591018286559,213.2249968034844,201.87902170476272,213.44360419054013,201.45757156393111,212.83244236054676,201.31821499187933,213.47379277764983,201.99442191969359,213.23042928617213,201.28850255093914,213.00742244262042,201.4261213789795,213.20097636786633,201.76599031936988,213.42757327920006,201.55852336080889,213.10426089601614,201.62348261129847,213.36635589560171,201.50993346245048,213.15635118857023,201.8295448517668,213.56735649313455,201.6137082430167,213.0494738694197,201.48399492234347,213.114262879829,201.26541042469105,213.04028932280175,201.70983179625253,213.20738828389725,201.20883320628101,213.0082626519991,201.7448010443093,213.43586016086564,201.65107220914487,213.2520503451353,201.51171632901364,213.08151898119328,201.61884346269431,213.36092341291402,201.30658002805035,213.06321167474391,202.35846857921197,214.04131272441546,201.0714417799656,212.76922709565935,202.95202796220826,214.15721472669645,199.53211097342381,212.44975507456147,205.79482478760576,207.20798602035279,208.98416713406951,206.21850202662506
208.28269426584384,207.02586236949671,207.19109567942192,209.82269051080536,203.24544290229744,213.87031097857505,201.27563082987064,213.25608171632587,202.1232515936023,213.93865176883634,202.18589314102351,213.66797343133413,201.76019614286312,213.43852394549106,202.10142923051981,214.05342320830457,202.13198296985888,213.47028013090909,202.01958439510625,214.05614987034284,202.16218358141484,213.50237615474549,201.99475577445835,214.15269082823875,202.58826433293879,214.0159258469441,202.13716841926848,213.68201348755233,201.90013111601542,213.77934958241423,202.30652434497023,213.97737537776027,202.24806619323476,213.78100046100539,201.83727661736245,213.45896659861671,202.02918070391922,213.98650449859363,202.24513173850096,213.71439015786973,202.09910441939618,213.79342120858766,201.83845375548285,213.52284656796556,202.23974602184245,214.23362183407355,202.47715562135713,213.84996831534008,201.98928557098552,213.63891233799893,201.97552503496524,214.01396656177749,202.65322726237201,214.19584382623202,202.25413030095103,213.75669108598649,201.88486817860016,213.57384554482596,202.13281765056263,214.13651453725274,202.46444417204759,213.91042890795498,202.21461813464549,213.89701071085017,201.92447855747048,213.48270087849139,202.07930417177647,213.92242362941045,201.99223375146971,213.37777903464647,201.77419745534377,213.61998529662927,201.92107903663833,213.70032220344493,202.27326282787948,213.79584441040913,201.76202526230813,213.66819841951414,202.5105161377482,214.25628033050128,202.27404248688586,213.70464422388588,201.91448555627915,213.74270287820826,202.38515119846753,213.93478871869186,201.56348957352492,213.15660815059451,202.37949445349614,214.10026837572894,201.11654960403962,212.93051239086299,203.28335366790785,214.63460193368584,200.03569573897559,212.93122061430503,206.19638187317366,207.71701251604665,209.8863088160349,207.51827961679737
210.61893496372645,209.49089512725581,209.77950608096884,212.63831159125064,206.02519129467197,216.48942035168886,203.5066552285798,215.60920655553599,204.46680704649339,216.54581793985787,204.56834726470871,215.89416645149004,203.7729993984762,215.74769067504354,204.32924170433867,216.51875028844901,204.74389306537367,216.35596295418148,204.60672581263145,216.66296377954419,204.75725297297649,216.2573909576675,204.34195077556586,216.38355934782342,204.67367505174994,216.44551240022579,204.60277567234303,216.29574344489728,204.27105139615895,216.09859945186938,204.46893825292105,216.48213134433738,204.70585449398172,216.30303245224874,204.2482817212416,216.00905000582506,204.2891314521228,216.33965139636032,204.65559499578609,216.30303245224871,204.29854121943717,215.99273844800402,204.10972415345879,216.25010195031601,204.90917044836223,216.7688247834096,204.60203619367803,216.19543790526515,204.51308728771485,216.43822339287431,204.40630966002908,216.2410793998464,204.74824270779649,216.71589428147692,204.7354741109655,216.23379039249491,204.1542726903869,215.95611950389238,204.35565065969928,216.56439178303023,204.84916120632175,216.33965139636035,204.37230987121484,216.22650138514351,204.25263136366453,215.99273844800396,204.43237863885909,216.52048383156716,204.6092856378792,216.07829206557889,204.17701336910781,216.01633901317649,204.07171611147433,215.95039013230476,204.4606384702098,216.31934401006981,204.25365270597837,216.12220001704193,204.69579389029153,216.67025278689567,204.65624583216186,216.25010195031598,204.36264876965916,216.33965139636041,204.76657409800157,216.29973927336667,203.74729939237309,215.62152228488767,204.80751247117192,216.55380959679675,203.3232382640237,215.40233736245102,205.82125350011179,217.54405413263879,202.96745563101851,215.89831661654853,208.74657105558018,209.91057652021854,211.88340383310495,209.59606570427567
203.59518676361051,202.72525322662838,203.30393051915004,206.10265875249664,199.51829018018122,209.47448601741542,196.84548864812086,208.50862194600177,197.60761666416406,209.23642938283317,197.72278792199666,208.78067695667605,197.10427273876178,208.59731951772363,197.45108491282252,209.35622694159122,198.22780814558971,209.50339527241968,197.91520142598242,209.48167593601255,198.16227570802991,209.39346650871434,197.66645778252757,209.0176527233404,197.61468588098805,209.09648150000973,197.73449773059014,209.07800194191148,197.42979837690223,208.70434847965075,197.41687598997734,209.22056917558652,197.97153503384317,209.19089003299882,197.60761666416403,208.9673336995412,197.44941208302339,208.92574448999505,197.68941714824689,209.07840144404594,197.41018467078101,208.68552894502187,197.39391662425808,209.19773997506542,198.04124781170472,209.26141890646758,197.47237144874271,208.9532343132733,197.93732611099804,209.44881512799773,197.59925251516876,208.6970990354497,197.45610340221964,209.17676011732354,197.70651987547362,208.8374464204077,197.2653627280329,208.73001795634633,197.47989744864267,209.1416808733135,197.76285348333437,208.83093645487156,197.21070194997122,208.7592975967996,197.40851184098199,208.87829615128854,197.6885789991515,209.43826637988391,198.09841610026913,209.29470833330245,197.73199022008743,208.99636200575321,197.25950955793198,208.68817741255882,197.62806851938072,209.28066705991628,197.70401236497077,208.92179434970669,197.60176349406325,209.21115940827212,197.76536099383708,209.10549176518956,197.66980344212573,209.14384119642665,197.80291557628038,208.88989523791255,196.85385279711616,208.61025092699569,198.31211614017528,209.58805252835265,196.72111509219749,208.43300536416729,199.16478668692437,210.58674546565146,196.6222049441046,209.08914647994189,201.93900587758051,202.6798598532136,204.21047786572899,201.91347774123489
214.70745495555329,213.63044884236757,214.05969438347836,216.84935167898433,209.90126966296444,220.63224927319942,207.56179962677265,219.72443908340458,207.93989278646785,220.02068381517952,208.01903242298212,220.10797097587258,208.10195950783293,220.13556736951455,208.23752863154829,220.60864870802686,208.73933908137116,220.49879187569204,208.17350972361567,220.30564371113354,208.43004450357367,220.45488392422897,208.31965671213027,220.31466626160321,208.24048795893037,220.15187892733562,208.04365156116751,220.04601792347029,207.90876368274633,219.9108269828447,208.07839082864672,220.42954981593826,208.49332393284155,220.33097781942428,208.19596853868757,220.19752042191689,208.03535165796723,220.0899258749333,208.26470759498127,220.34000036989391,208.10443069079142,220.00037642888898,208.08530029631731,220.35631192771498,208.41298578992385,220.26902476702199,208.0154817848281,220.16819048515671,208.49005374561418,220.56474075656379,208.13916995827068,219.8285665441519,207.91021364388001,220.13556736951449,207.96803344612167,219.73172809075606,207.70621632371621,219.95646847742591,208.13587065435786,220.18849787144723,208.04661088854974,219.7846585926888,207.65512870456632,219.84158492309083,207.89864355345242,219.93616109113543,208.08200099240457,220.4042157076475,208.49622373461975,220.53541081980364,208.59171172280446,220.54842919874272,208.18510881023957,220.13556736951455,208.33887574889343,220.54842919874272,208.34569657427465,220.09894842540297,208.00320133242096,220.08263686758181,208.03205235405431,219.99308742153752,207.89287306658125,220.02571053717978,208.29034795499138,220.15587475580503,207.54158977710324,219.86118965979404,208.95058584573624,220.78618796435165,207.22171592178435,219.48095094620805,209.55266395770883,221.34552557002624,206.55809008483752,219.82369415874069,212.44614204747609,213.36860209548601,215.28390740688116,213.11689179828679
202.47484102385079,201.25390374367629,201.39546707558952,203.93127855101568,197.4919816864722,207.89633506244573,195.83841596290526,207.26981509686647,196.00908614789472,207.27598508587215,195.9790575653515,207.61705960376665,196.49448919697497,207.83441683153339,196.51995607319699,207.9896336108319,196.6205355826973,207.68619816219476,196.11969916779776,207.4908711306804,196.16227223963827,207.54073112674143,196.33088822880936,207.81923657734788,196.45693461453175,207.5566508595918,196.05583956003704,207.42790256125767,196.10008546167663,207.55955066137011,196.43564807861151,207.90463484515712,196.49616202677402,207.68289885828207,196.2858076464662,207.63297933661715,196.20735282198146,207.65105939258095,196.5353894390164,207.9364743108581,196.43564807861151,207.68869846183858,196.39224032606737,207.85403537043112,196.53538943901637,207.81278613741571,196.33172637790477,207.64454942704489,196.41268871289216,207.82614604501836,196.30876701218543,207.53678098645278,196.35134008402594,207.71621728131299,196.05583956003707,207.11354797905781,195.8555221585236,207.57331007110722,196.46985700145666,207.68653813872533,196.12806331679306,207.33204418762395,196.05249390043903,207.53246034022627,196.14767702291425,207.37909302419612,196.13931287391901,207.69344760639589,196.39224032606734,207.79322712412173,196.63931113972313,207.96495494704263,196.33506856911117,207.5590625169464,196.3471562753324,207.77289810275548,196.28664232716983,207.42710355698887,195.99867127147269,207.28533532758263,195.93313883391286,207.18842649494968,195.68104953085989,207.22387624489767,196.47989398025101,207.95677280281706,196.11969916779782,207.51293185634009,197.01410463729198,208.06022059718245,195.20986033248428,206.77315494743556,197.39224379445906,208.38370308304778,194.38889119807749,206.96314293634293,200.09925771775642,201.148018256151,203.37215719964487,201.69323524553056
214.4853932367393,213.13147210260249,213.2145759251749,215.85025850002694,209.0425231957671,220.19752042191692,207.55778984039122,219.7577648486342,207.86322292018986,219.73745746234363,207.69634740817415,219.93686374072274,208.0375700939621,219.97850940683469,208.00348166285846,220.08836623916946,207.91709258214294,219.78136541380667,207.89787354537975,220.01512835094627,207.76477560462277,219.5769324134273,207.74379574688072,220.1137003474602,208.17026853258463,219.95317529854387,207.78504497989613,219.7048343467014,207.60847795740679,219.81971790103651,208.07335969995148,220.08836623916946,207.9394627549259,219.86362585249958,207.81327428183923,219.81069535056687,207.81972472177176,220.10467779699061,208.32224553357409,220.23084618714645,208.01289143017286,220.06805885287898,208.13848859248742,220.27475413860958,208.3597959605425,220.34572974148148,208.07915930350811,219.827006908388,207.77523571044739,220.02641318676712,208.06901005752869,220.1209893548116,208.2943562081615,220.22355717979505,207.77597518911242,219.48009396003155,207.54195874983003,219.94588629119247,208.14854919617756,220.10467779699059,207.99342105916836,220.04272474458816,208.16446892902798,220.15031929157183,207.83243379299878,219.72843491187402,207.95504251124567,220.19422724303487,208.0205113803122,219.88722641767211,208.03393081351877,220.08836623916943,207.79439522160672,219.70083851823205,207.86683308394757,219.98979424265551,207.89457424146701,219.82700690838792,207.77532435273665,219.68452696041095,207.66450794247325,219.61528490065717,207.34194209936217,219.48738296738296,208.14854919617747,220.36777067089025,207.7513851676124,219.66248603100223,208.50421265748582,220.27319450284566,206.69210478883812,218.91502698276938,208.9865527363043,220.6095252649686,205.76441286408317,219.09897868950387,211.87713102429333,213.13327952258263,215.78583897007312,214.24479695516439
202.81350671629221,201.67575077496781,201.97675682105509,204.43141694263821,197.81713636376827,208.33498513420892,196.40265520248943,208.05894945383869,196.84093041019128,208.00684061286415,196.57545500035414,208.02460968849377,196.5412495459006,207.6531456660318,196.32838418669832,207.83869242429364,196.35134355241763,207.75977512582432,196.87430118394104,208.44852264894985,196.70651987547362,207.59884738525852,196.26536272803295,208.00257949224155,196.76870665343523,208.02966981338542,196.60092534496783,207.68887574641744,196.06336902832868,207.56879773673273,196.47237144874268,207.83144298009253,196.41603784088196,207.79309354885544,196.43481686629946,207.72327503736628,196.43397871720401,208.12191802326129,196.93565328119902,208.02966981338542,196.43397871720401,208.00144051144215,196.87179367343828,208.3675045529711,197.10259644057103,208.34942449700719,196.62221188088807,207.65635632765523,196.28748394465686,208.01809972295771,196.83089343139693,208.18084781010617,196.91352859618334,208.16961769620914,196.43732437680217,207.55864849075334,196.28413828505873,207.93270145514865,196.69025182895052,208.08643927711688,196.82420211220068,208.3646047511929,197.12722863608934,208.2799459620488,196.4732061294464,207.85489402079298,196.93481513210358,208.55885091478967,196.8955877198612,207.89222223020556,196.58047695814301,207.95561929795889,196.2653627280329,207.54867652935246,196.47822808723538,208.08075743253505,196.74909294731401,208.05829861746298,196.61970437038534,207.87775233799951,196.58214631955028,208.00251996663764,196.37430291813692,207.62087758151071,196.68021485015618,208.12765798072482,196.12555580629032,207.45119103049549,197.06086151782597,208.33532357752827,195.55584129423281,207.06053838018877,197.64266373610459,208.67346776423713,194.66728552644781,207.26521718662511,200.39392356104145,201.53020972402774,203.99913210206375,202.54475540479788
213.9962733227683,213.04432203321298,213.73900285499323,216.29574344489728,209.04002289612336,220.08992587493333,207.53678098645281,219.96948685636494,208.08643927711688,219.81398852944889,207.80232603159106,219.82700690838803,207.40633151323317,218.91173380388727,207.00182939817742,219.49640551785265,207.61501845235045,219.66248603100223,208.08709011349248,220.25618029543725,207.87254404521494,219.43045663698089,207.39692174591852,219.62986291536001,207.67789837948374,219.67150858147195,207.70405600060269,219.47609813156211,207.23584583745986,219.36850358457858,207.58829863714462,219.52000608302521,207.42250258032496,219.47609813156214,207.51739925773774,219.41414507915974,207.43842231317544,219.65519702365071,207.72213605656663,219.43045663698092,207.27058510493919,219.54031346931569,207.7861549644993,219.87594158185127,207.99444240148222,219.97677586371645,207.70908700880898,219.42143408651123,207.41929191870145,219.71715007605312,207.81759492806597,219.64617447318116,207.57086941755654,219.51271707567375,207.35962265319168,219.32459563311548,207.48587065188173,219.65519702365077,207.67468771786028,219.69910497511384,207.83351466091634,220.00210997200722,208.04800120359047,219.8342959157394,207.51771011758282,219.69910497511378,208.17498868094569,220.3620412993026,208.02412154406994,219.66248603100223,207.67798702177294,219.60226652171809,207.17833689506321,219.14376319790867,207.57021858118097,219.79038796427633,207.64784873095761,219.58195913542761,207.71602559316503,219.86189230938135,207.97593372669843,219.94189046272299,207.61328674805702,219.34090719093663,207.54585077723678,219.55333184825477,206.92302973819386,219.10314842532765,208.37938550324384,220.3790555067111,206.77966337976062,218.79614759996491,208.87838479357782,220.84155465898991,206.21297537164307,219.3726537496371,211.89160091649927,212.82627869721986,215.00511363262973,213.18369932950816
202.22797154173443,201.33102801934155,202.02219396029324,204.35016191598785,197.40432803228848,207.96507411873949,196.25745189372194,208.02551185911065,196.67352353095987,207.69742827609198,196.46028027412981,207.92203353533765,196.07712609595728,206.84726345525465,195.66561616504049,207.70063752499323,196.57963534065587,207.75783702026681,196.51494105219152,207.88010434926105,196.24658023422381,207.48612198612315,196.33172637790472,207.81022631216788,196.37011564105171,207.62902919632876,196.28999145515965,207.62001893114879,196.28413481666706,207.90108420700307,196.74992762801784,207.82509570650836,196.16143409054285,207.51580112871079,196.22613184739899,207.50929116317459,196.16310692034193,207.59212960573612,196.20484531147875,207.33204418762401,195.97571190575331,207.51654060737573,196.20484531147878,207.50534102288634,196.35134008402588,207.99984238241527,196.68104953085987,207.74876722948289,196.24992589382197,207.68002817318919,196.3496672542268,207.48436116514415,195.93397698300828,207.22211542391858,195.93230415320917,207.47134123407193,196.35468574362406,207.78134617384887,196.40850837259038,207.69850773128744,196.37597227954427,207.7936557429417,196.43146773830966,207.65475819862803,196.20484531147875,207.74555656785955,196.68606802025707,208.00925214972952,196.36760813054903,207.62538991588548,196.47654832065285,207.82318671763628,196.14432789492449,207.4766235765193,196.49448919697494,207.78304734873487,195.95358722073775,207.30557570665974,196.45777276362708,208.18319982136754,196.84631986043289,207.86344513774557,196.10259644057103,207.26151531415533,196.14349321422077,207.54044926309246,195.64098743791391,207.2054867418108,197.1818859457594,208.57644129311836,195.58381568095777,206.75254559563166,197.3726300883379,208.90859406763317,195.17853681776958,207.5184235459848,200.37347170582501,201.22690655842419,203.1615043395233,201.30533608715984
214.63820019160687,213.3981203608943,213.7265024988767,216.11890683815989,208.94561436313401,220.28706986796121,207.94952335861583,220.23986873761612,208.06545941937483,219.77234286333706,207.97741268402845,220.42799018017442,208.21481706951278,219.71212335405289,207.72025606389096,220.23257973026472,208.30666577725427,220.02241735829767,207.89753356884913,219.8912222461415,207.70470683697854,219.87993741032068,208.26942621013103,220.42799018017436,208.19954817303798,220.00610580047658,207.96775158247283,220.16889313474411,208.29105690424893,220.5338511840398,208.60188996498016,220.2764876817277,207.86492409507559,219.93686374072277,208.05348982681255,220.10467779699061,208.08848042853333,220.08836623916943,207.92434202634399,219.81069535056687,207.89315339701881,220.00783934359478,207.78143481613827,219.5606208556062,207.69023694477264,220.18693823568341,208.38950421981571,220.20324979350448,208.00388116499286,220.02641318676709,208.02486102273508,219.92557890490193,207.71195628117962,219.55333184825477,207.49490991325823,219.73016845499222,207.98435126838444,220.12498518328104,208.11130962905443,220.01512835094624,207.92033236045182,220.00610580047658,208.06247097530718,220.04272474458818,207.9109225931374,219.95820202054421,208.08419031171422,220.12325164016286,207.95069286882281,220.12827836216312,208.49298254358885,220.6437080163746,208.37173502369697,220.34572974148156,208.52846128973323,220.36603712777205,207.77193640653454,219.84558075156025,208.34436437211582,220.5591852923306,208.26532790194941,219.83829174420882,207.49391910035186,219.585954963897,207.97124269502291,219.98423877842217,207.3093921511925,219.45805303062289,208.7320591077625,220.80093988640891,207.09765724240378,218.90600443229971,208.90115446849506,220.94012665550389,206.25712440643684,219.43686908739065,212.14878653283313,213.37433146707363,215.66868852226108,213.68143050180365
203.08353036210994,201.81042467867795,201.9562644566272,204.25127016530922,197.58716827733926,208.28432613387901,196.55082280483569,208.08171912875588,196.56838925192179,207.69970635817998,196.55416846443387,208.45469263795545,197.16729419742714,208.07307936951412,196.49281983556762,208.04953968652427,196.72947924119296,207.98512127645711,196.62137373179266,207.99888068619435,196.51912486088506,207.93452180173108,196.82754777179872,208.28975523149751,196.72947924119296,207.98478129992662,196.76368816403803,208.36204492594521,197.02246878628731,208.25387698321867,196.74407445791687,207.90373267454018,196.37346476904145,207.94137174379784,196.82922060159788,208.2636862526677,196.89391489006212,208.14394821951353,196.55835227312741,207.83971376660756,196.62304656159171,208.06579939590551,196.47655178904455,207.50508968864509,196.14015102301428,207.80315415254537,196.60677851506875,207.90663247631849,196.53372007760896,207.97972117503508,196.70651987547362,208.06795971901866,196.62304656159176,207.7080061408914,196.1009236107719,207.54667889819123,196.43397871720413,207.94532188408633,196.60176002567144,207.87189320883914,196.47655178904461,208.00465117306547,196.86928269454378,208.22638715994063,196.62639222118989,207.88056349748857,196.68021485015618,208.30237566043533,196.9381607917017,208.35704444714659,197.20484877987042,208.58028980027004,196.9110210856806,208.22434600852407,197.04208596080022,208.42510213765698,196.78832035955642,208.1649876028593,197.01410810568368,208.24199603294582,196.48407778894449,207.61905723492805,196.19815746067414,207.74240543183998,196.7303139218966,207.92468200287479,195.89056923046405,207.3599931591298,197.10594210016919,208.45250178543463,195.6163552423954,206.94006086836956,197.51829018018134,208.74038647394806,194.75075884032972,207.2898072081249,200.55835920991075,201.84055464033531,204.02061890523288,202.02297122356723
214.0678417885577,212.98109046001557,213.46544880405852,216.08731461604847,209.03206308994245,220.15916793468708,207.60913020650443,219.81798435791836,207.73518510432436,219.40286024333889,207.40803268811882,219.85460330202991,208.01912106527149,219.65120119518141,207.40914267272203,219.53129091884605,207.59875874296921,219.67150858147187,207.87544384699319,219.92557890490195,207.6768770371697,219.37752613504821,207.38060251093373,219.54031346931572,207.4916411387529,219.52000608302521,207.79590470834432,220.06406302440953,208.06969142331192,219.6371519227115,207.1776860586875,219.11616680426673,207.35237320899051,219.79767697162779,208.03825145974534,219.90353797549318,207.77634569505051,219.70812752558348,207.59619891772152,219.55662502713679,207.58968895218544,219.65519702365083,207.66311762743254,219.61857807953919,207.59909871949981,219.41414507915974,207.17222643166156,219.13647419055727,207.31152347810948,219.51271707567375,207.61896859263874,219.79767697162779,208.04840070572473,219.84331846620907,207.38165284944384,219.22602363660147,207.39692174591858,219.56564757760648,207.56106014810783,219.50369452520411,207.505089688645,219.65519702365077,207.93221331072471,219.97850940683466,207.64759739671646,219.49467197473442,207.83095483566876,220.3091107973699,208.24841735619273,219.91984953331433,207.87982401882343,219.78865442115816,207.36971378628925,219.21300525766245,207.44323110382567,219.74474646969509,207.82765553175605,219.73346163387421,207.63062732535579,219.44174147280177,207.35919403437171,219.51271707567375,207.57129803637656,219.63488963736023,207.91231432090021,219.74874229816456,207.09086694643008,219.20172042184163,208.1862187948426,220.05574312352724,206.64582596033873,218.93862754794193,209.05779209224175,220.76831677076669,205.96013939773206,219.22115125119038,211.95778014754524,212.9614696378454,214.83765183818221,212.53952533409182
202.14144033284384,201.2886516297261,201.992091561302,204.58386749542501,197.89056923046402,208.35686716256794,196.41603437249034,207.90833365120429,196.40934652168565,207.25901501451148,195.7490894789224,207.52595037469021,196.45275427422985,207.6319289981071,196.23031218770075,207.6963474081742,196.32420037800475,207.58132952338113,196.354685743624,207.73793661772032,196.11802633799869,207.12295774637232,195.81462191648217,207.4127223070723,196.11468067840056,207.39501275704654,196.19192292455384,207.87254404521474,196.76117718514359,207.73148617778804,195.79082787005922,207.08756764251734,196.20484531147872,208.0949903940693,196.8505036691264,207.82765553175585,196.22613184739893,207.59758923276215,196.33005354810564,207.71516694280297,196.26703208944033,207.55600002321611,196.37095379014707,208.03387128791493,196.77121416393803,207.61390846774728,195.73989064922333,207.038358482832,195.91938176628432,207.41201194509264,196.05751238983609,207.69165778922081,196.87095552434292,208.18328846365677,196.35134008402588,207.41639211692305,196.16311038873366,207.65839747907151,196.28915330606424,207.56324946741731,196.14015102301437,207.43265182630429,196.25159872362096,207.72241638700407,196.13680536341624,207.32124410526887,196.35468574362397,208.14598937092981,196.64014928881852,207.58670050811773,196.3087670121854,207.77622652335364,196.12387950809961,207.14208814084625,195.86844454544845,207.49152196705609,196.28831515696888,207.47779167400435,195.91938176628423,207.20906637616113,196.10966218900336,207.77267588519967,196.425236670581,207.74120692543676,196.69731757738293,208.00098136321455,196.06336902832874,207.4558515327634,196.90851010678625,208.13225895738884,195.60510221687795,207.37983403607234,197.93565328119908,208.76824668267517,194.69898693879026,207.30717678161994,200.37514453562403,201.0663187943891,202.55250818026187,200.27763805536378
214.3299488909239,213.33073482580426,213.98277671528433,216.63762967125345,209.55334379028088,220.69090914671983,208.00703230101243,220.09738878963901,207.87013238786028,219.43445246545036,207.40837266464953,219.99881679312514,208.21737689476046,220.05903630240925,208.16190910378035,220.42799018017442,208.2148170695128,219.8342959157394,207.81213530103992,219.98979424265545,207.7647756046228,219.54933601978536,207.70979595806642,220.04445828770642,208.04763069765224,219.77407640645524,207.59477807327326,219.89122224614152,208.2842069621822,220.24889128808582,207.77961446955567,219.71212335405289,208.15545866384798,220.60708907226308,208.44192404112454,220.02241735829764,207.85452351485478,220.07934368869982,208.20170849615135,220.21956135132567,208.04408005949819,219.89122224614141,207.92715318583305,220.34572974148159,208.51180207821764,220.1412967411022,207.71300661968971,219.7048343467014,207.77276452748899,219.67723795305949,207.49451041112371,219.80167280009724,208.27414635849206,220.34572974148151,208.07256069568277,219.9531752985439,207.97500102667399,219.99881679312514,207.92749316236367,219.9092673470808,207.77242455095842,219.6388854658297,207.72022706769462,219.95317529854387,207.86609360528254,219.65519702365083,207.75570581383897,219.96219784901353,207.78720530300947,219.80896180744864,208.24625703307942,220.56318112079998,208.28022629248622,219.90926734708083,207.88093247021538,220.01912417941566,207.88300415103939,219.7211459045225,207.63966658673198,219.75776484863417,207.96584259360088,220.15031929157186,208.03106012842599,219.99708325000691,208.2718973930894,220.28551023219737,207.69026606145809,219.84158492309083,208.78598829531964,220.69334533942529,207.29696353089207,219.54863337019802,209.43906538415263,220.95870049867619,206.07336746534997,219.46220319568141,212.23378529850794,213.13327952258263,214.87017893410834,212.49533673614778
202.61241217263208,201.5684800082638,202.06510643416638,204.50987662609137,197.84967245681437,208.37327503984218,196.33005354810567,207.78433461791656,196.37430291813695,207.55824898861877,196.41185403218847,208.28429560447148,196.95693981711926,208.0093713214265,196.78413655086291,208.49588234536711,196.92021991537968,207.89213358791619,196.63764177831573,208.30021533732202,196.75076577711317,207.79812455706147,196.51243354168875,208.16020792889455,196.81713289537663,207.87840317437525,196.25950608954039,207.72969636061296,196.68941367985516,208.14783883419798,196.51828671178964,207.83277518225145,196.88889640066498,208.50239231090322,196.81378723577851,207.82305455509209,196.5550066135292,208.27414635849215,196.99950942056805,208.25387698321876,196.76703382363618,207.95399217273564,196.49700017586943,208.128339346508,196.95275600842567,208.14965918078062,196.62722690189364,207.98617161496722,196.53372007760896,207.5785183638923,196.04040966260942,207.7080061408912,196.68356050975439,208.07117038064203,196.68606802025704,208.07768034617817,196.68188767995531,207.87510387046257,196.43648622770681,207.85992361627694,196.45526525312434,207.78325516272102,196.59841436607337,208.23289712547668,196.89558771986131,207.93156247434905,196.35050540332222,207.67366637554636,196.24658370261551,207.89327256871562,197.0395749819057,208.47351217258424,196.72446075179573,207.81984389346857,196.60427100456599,208.08791823444679,196.49616549516577,207.67588622426337,196.40851184098204,207.93520175479222,196.65353192721102,208.03973041707533,196.61217490209364,207.91601312694743,196.70902738597636,208.05343030120881,196.26870491923938,207.91342430550344,197.57880065995215,208.68867854783016,195.72696826229847,207.14223784195073,197.72195324129294,208.95814320384918,195.0232999985993,207.58679221682962,200.7653679306205,201.79640560554148,203.60098907017272,201.37376258282745
214.1850672367782,212.8706556238121,213.08408565269056,215.65814122899926,208.81032710306752,220.01668798671008,207.32405526475793,219.39783352133873,207.41037029581082,219.43947918745053,207.81568593919383,220.1942272430349,207.97537153261217,219.43774564433235,207.46665161511848,219.96948685636502,207.97207222869943,219.75203547704655,207.93261281285899,220.21956135132561,208.03643111316276,219.69910497511384,207.65626768536572,219.7813654138067,207.69745739277744,219.56564757760648,207.53726913087669,219.65519702365077,207.80778565861712,219.7813654138067,207.54593941952615,219.58924814277898,207.99049226119374,220.11196680434199,207.67829788161808,219.3848151423997,207.64398723295852,220.03143990876728,207.96331329776066,219.78865442115816,207.83971376660747,219.9125605259629,207.83922562218376,219.87820386720242,207.88963328827234,219.81398852944886,207.81463560068383,219.84331846620907,207.6154179544848,219.26264258071313,207.2459950834392,219.66421957412041,207.87115373017409,219.68279341729274,207.60014905800998,219.66421957412041,207.60924796547917,219.50369452520408,207.54915008114952,219.69181596776241,207.69424673115395,219.74474646969506,207.94563274393136,220.15760829892326,208.13157912481685,219.84331846620907,207.57521905997945,219.47107140956189,207.41713159558816,219.69684268976263,208.05056102883805,219.82527336526977,207.28181521883624,219.16007475572974,207.50363984800049,219.6112890721877,207.30927451270693,219.22602363660158,207.56154829253146,219.80669952209743,207.78566682007562,219.73572391922539,207.71312579138666,219.63488963736029,207.67823835601419,219.71212335405292,207.42660088850644,219.74803964857716,208.74578952130346,220.26919867437627,206.34924045376832,218.4841200526019,208.88665558009288,221.16087121370433,206.52266945157501,219.55904164907716,212.25186535447173,213.47116992046935,215.39265180134305,212.916346223077
203.01741178699766,201.51788304724619,201.35426835373437,203.75878084051149,197.47822461884363,208.22234837736269,196.26619394034498,207.50358020190762,195.99532908026615,207.39106261675823,196.47822115045196,208.15249933646589,196.51494105219146,207.24815540655248,195.87680869444381,207.77307538733402,196.59339587667617,207.73580682401456,196.41854535138472,207.94557321832744,196.55667597493658,207.80232603159112,196.47905929954729,207.74700640850406,196.15725375024104,207.4485715591548,196.25410970251542,207.79985484863275,196.53455475831271,207.7593755032006,196.22362433689619,207.70365649846849,196.7319867516957,208.08887993066753,196.26034077024408,207.31473413973279,196.23282316659515,207.88664343148255,196.36760813054892,207.54915008114943,196.41436501108288,208.09394005555927,196.83088996300515,208.06176061332752,196.51745203108598,207.73910612792736,196.45275427422979,207.90512298958083,196.33256452700013,207.37514288390767,196.12137199759681,207.87038372210156,196.6017600256715,207.58462882729387,196.03539117321216,207.40846130693873,196.04375532220755,207.46779059591805,196.34548691392496,207.8447142454061,196.47905929954734,207.76437610248843,196.45442710402889,207.84431474327155,196.43481339790779,207.68298750057136,196.26535925964123,207.50318069977305,196.0608580494343,207.66666826558654,196.68439519045796,207.87359438372494,196.07879892575639,207.33460401287181,196.26703208944031,207.55523001514368,195.80876527798958,207.194936580975,196.33591018659823,207.96550261707031,196.56959836186149,207.82805503389045,196.44234286619943,207.65984744020531,196.28748047626522,207.69714641244303,196.1376435125116,207.70547684505107,197.19025009475476,208.06681920500785,194.95024502953132,206.52543862402001,197.58633012824387,209.21862812409572,195.2816238377726,207.49781419418099,200.62472632817426,201.92293405515863,203.73443299137762,201.23003499216631
215.10896278820218,213.6127173412348,213.5555682607764,216.05868732887575,209.24077902525619,220.61038225114504,208.07361103419268,220.03543573723675,207.72722517765465,219.54031346931572,207.79075594116335,220.18693823568339,208.01224059379734,219.60226652171806,207.67431721192199,220.12498518328101,208.14459905588916,219.80669952209743,207.66385710609751,219.89122224614158,208.03063150960611,220.17391985674436,208.26797636948643,220.15760829892329,207.90148370913766,219.85460330202994,207.8946628837563,220.03143990876731,208.08163048646657,220.04272474458824,207.89176308197804,220.0224173582977,208.31243626412535,220.2764876817277,207.78538495642684,219.49640551785262,207.66169678298422,219.89295578925973,207.72457671011765,219.63888546582965,207.8603231184114,220.28377668907919,208.50230366861393,220.34572974148153,207.9366515954367,219.67550440994128,207.73108667565367,220.08836623916949,208.09723935947184,219.87993741032062,207.87689368763768,220.19422724303487,208.28315662367203,219.96948685636497,207.61680826952551,219.53302446196429,207.54411907294349,219.77407640645524,208.00604148810618,220.10467779699053,208.04368055736379,219.87993741032068,207.74595606999404,219.67550440994131,207.55278936159272,219.69181596776241,207.96735208033851,219.96219784901353,207.66780724638588,219.7650538559856,208.2025075004201,220.41167862235332,208.13731908228038,220.01512835094624,208.17106753685343,220.10867362545994,207.70319735024106,219.79038796427633,208.16060743102886,220.32039563319077,208.19260958868199,220.10467779699059,207.94936066666389,219.82700690838797,207.90503434729149,219.98250523530405,207.59156741164995,219.6787975888233,208.51643358428913,220.30981344695729,206.76272230459631,218.97698003517178,209.17676011732323,221.06629504565979,206.17468546600978,219.4075391506305,212.41319259717187,213.81079386147431,215.63454598500186,212.8332271340345
202.77876982689529,201.66323430226507,202.00381204026189,204.36585943128247,197.62053905108897,208.26180779320305,196.581308170455,208.20500780006387,196.70651987547365,207.66567745268014,196.30625950168266,207.92724182812239,196.4798974486427,207.7004167201595,196.59506870647525,208.23033730022888,196.73365958149475,207.7036564984684,196.22195150709715,207.84116360725207,196.70484704567454,208.21953721787378,196.93481513210364,208.2379572503682,196.8121144059794,208.16307861398727,196.6998285562774,207.99194210183833,196.66645431413588,208.12176985536809,196.70735455617731,208.03930179825548,196.78246372106383,208.00894128988452,196.25410970251542,207.394361920671,196.17770560545762,207.68412648137092,196.25076404291733,207.57450869799993,196.41269218128389,208.08419031171417,196.95359068912944,208.10045002109536,196.28999145515962,207.3751428839077,196.16394506943737,208.01545125542057,196.87095552434292,208.04550090394656,196.60008719587248,208.19741837933216,197.03873683281037,208.22308785602769,196.49867300566851,207.66021782565426,196.32587320780385,207.89787354537967,196.66812714393501,208.02051138031203,196.61970090199361,207.84076410511756,196.37179193924248,207.63892710806707,196.16311038873366,207.74490573148393,196.85301464802086,208.22422683682717,196.41269218128389,207.5579090120882,196.51577920128688,208.18948756934782,196.68774085005614,207.95905229762718,196.82922060159783,208.22678666207483,196.60176002567152,208.02313073116358,196.92896196200275,208.29546619276465,196.75578079811865,207.94492238195181,196.34465223322138,207.64105831449487,196.57963534065587,208.07619997612602,196.27372340863658,207.57229026200494,197.01075897769383,208.31931520238837,195.66812714393492,207.10783855100203,197.57629314944947,208.62351912588679,194.60426406778257,207.4001354739645,200.95443577500819,202.16030932395722,203.73083282956887,201.00123627716664
213.58469001433539,212.66807914809644,213.39317919254123,215.94483466807145,208.65584980243423,219.80323243586113,207.49229197512847,219.9785094068346,207.99527052243664,219.5290286334949,207.4333621882837,219.71212335405289,207.67147705623677,219.62586708689068,207.94779306704456,220.15760829892326,207.85267417207584,219.46707558109247,207.49963006161906,219.87993741032068,208.01326193611104,219.94015691960479,207.88417366124639,219.97677586371643,208.09610037867247,220.08437041070002,207.81543460495269,219.68279341729277,207.84036460298321,220.17391985674431,208.18149864648169,219.88722641767214,207.68844712759744,219.60226652171812,207.44462141886635,219.46707558109247,207.63093818520082,219.63888546582973,207.49272059394855,219.47609813156214,207.63167766386579,219.8342959157394,207.9340336573074,219.74474646969514,207.42910118815024,219.32459563311551,207.50864032679908,219.82700690838794,207.88451363777693,219.70812752558351,207.67252739474694,220.01339480782806,208.29833687785754,220.22685035867704,207.93551261463733,219.78136541380672,207.78720530300942,219.87993741032071,207.81793490459654,219.74474646969509,207.72969636061285,219.78136541380667,207.8085251372822,219.73745746234363,207.56654877132996,219.63888546582967,207.92610284732302,219.92557890490193,207.5339698269639,219.33188464046694,207.57632904458268,219.74474646969509,207.51006117124732,219.43774564433235,207.74746555673161,219.79038796427636,207.47060175540699,219.52000608302521,207.90919230156615,220.07534786023041,207.95350402831193,219.65519702365077,207.29930255130606,219.31557308264581,207.77409672964799,219.95490884166205,207.41176061085145,219.34819619828804,208.28892711054317,220.23657555873407,206.73230368334342,218.69028659609944,208.59402021381089,220.45802276652188,205.87804043383557,219.42558425156977,212.43852209733677,213.47116992046935,215.11644561243367,212.47271780287042
201.93349467597605,201.0812987508188,201.80607089669874,204.23921193045791,197.37430291813686,207.88633398435962,196.13764004411993,207.8360439567567,196.45861091272241,207.3939624185366,196.03789868371504,207.82333488552962,196.57880065995218,207.82660519324594,196.6877408500562,208.12361919814708,196.3667734498452,207.37190310559879,196.20651814127783,208.04072122998167,196.79166255076279,207.86239479923535,196.34715974372409,207.83456499942656,196.66310865453775,207.93295278938973,196.25076404291727,207.47936068634573,196.3897328155646,208.17683802372457,196.91185576638426,207.83064397582362,196.10594210016922,207.49312009608295,196.32420037800478,207.95794231302401,196.77288699373705,207.90077334715801,196.24407272372102,207.54988955981457,196.330891697201,207.85051384896266,196.53957324770985,207.72392587374182,196.204010630775,207.5625986310416,196.35050540332219,207.74669554865901,196.26870491923938,207.51154012857728,196.26870491923941,207.95794231302403,196.82838245250238,208.10300984634313,196.58047348975126,207.87800367224077,196.56085978363009,207.89176308197821,196.37011910944335,207.61936809477334,196.32921886740201,207.88195381252922,196.64516777821561,207.82839501042108,196.22445901759988,207.47100125754139,196.20484531147866,207.60483867696345,196.14265853351708,207.55238985945843,196.51995954158866,207.91163295511697,196.26368642984221,207.48297085010358,196.35217823312124,207.63701811919506,195.89223859187146,207.2644151159337,196.37681042863963,208.02847118649285,196.65474450554245,207.6768770371697,195.98240669334126,207.34009275658323,196.39224032606728,207.75539483350457,195.76368816403814,207.11366715075482,196.83507377169869,208.17788694951258,195.34799442442781,206.55801756838602,197.02079942487993,208.33924318840906,194.6597595265479,207.41099508192352,200.66562657021564,201.55903033674289,203.26429287971271,201.05599449657208
214.38539197779014,213.26207076991912,213.74700067219112,216.30702828071819,209.23392908318942,220.38564186447516,207.72812734827139,219.90024479661119,207.83070350142762,219.48738296738301,207.47529137436041,220.00783934359478,208.19929683879678,220.02241735829767,208.09715071718264,220.23084618714643,207.8689934070608,219.50369452520414,207.6583974790716,220.18693823568341,208.23684726576491,219.93286791225336,207.85702381449877,220.09565524652092,208.14385957722399,219.93286791225333,207.67326687341205,219.585954963897,207.607398502211,219.87993741032068,208.08998991527088,220.0224173582977,207.8374648012049,219.85460330202989,207.95868179168903,220.16663084939287,208.25961694068226,220.0883662391694,207.75320551419517,219.6225739080086,207.70254651386529,220.01512835094627,208.1445990558891,220.00610580047652,207.83820427986987,219.827006908388,207.83169431433384,219.77407640645524,207.62621803683987,219.6225739080086,207.73728578134464,219.88895996079032,207.91669308000851,219.90753380396262,207.90694333616364,219.98579841418606,208.02992114762654,220.02241735829764,207.89753356884921,219.87091485985104,207.93551261463733,220.12098935481166,208.15110902142527,219.91655635443226,207.6291178386181,219.54933601978539,207.56870909444345,219.65919285212019,207.69313674655075,219.97850940683466,208.34791501026982,220.31310662583937,207.92499286271968,219.87993741032065,208.14138839426576,220.12498518328107,207.67752787354544,219.65519702365083,208.03651975545193,220.28377668907922,208.14161061182151,219.91655635443223,207.73086445809767,219.80669952209746,208.07759170388888,219.83100273685739,206.95560868255976,219.03390636557387,208.28241714500703,220.37176649935967,206.79632259127609,218.63735609416676,208.59475969247592,220.55659476303592,205.94421966488153,219.25777019530204,212.05653832295724,213.18621002451533,215.30964389079011,213.20118313748549
202.80611092644833,201.66013781826177,202.0100764152271,204.447218916514,197.86844801384015,208.42998497796987,196.37847979004704,207.90728331269412,196.63680709761198,207.63528782762356,196.08214458535451,207.75900511775166,196.58131163884661,207.824104893602,196.59757621697801,208.21151776560001,196.6885789991515,207.60199852127812,196.24574555352012,207.94677172473078,196.53539290740807,207.67798702177294,196.52163237138782,208.25856660217215,196.87095552434292,207.88417366124631,196.41101935148484,207.70905647940128,196.12304482739592,207.52055039375742,196.50034583546756,208.18905895052794,196.92728566381197,208.11853007705918,196.56587827302729,207.79911536996769,196.42979490851059,207.83530447809156,196.3734647690415,207.53686962874227,196.20484531147875,207.90438351091575,196.78748221046106,208.07438104226537,196.62220841249638,207.92280354341028,196.4773864697483,207.71121680251471,196.2866457955615,207.66746726985542,196.32921886740201,207.60378833845326,196.20819097107685,207.72062656982899,196.57712783015319,208.05886081154929,196.74825479821871,208.1279398443734,196.76619567454088,208.12142987883729,196.74992762801776,208.11241961365747,196.68021485015623,207.85958363974643,196.35385106292037,207.7268256755201,196.41269218128386,207.74925537390666,196.37179193924251,207.93517263810674,196.84966898842268,208.08453028824482,196.37429944974525,207.84542472787476,196.93481513210358,208.36639456836787,196.61970090199364,207.89614325380836,196.84883430771902,208.33415560053245,196.73114860260031,207.91885340312191,196.5353929074081,208.09937056589979,197.05751238983612,208.1080394418272,195.83507377169866,207.20187657805303,197.01243180749296,208.46907235466082,195.60426753617418,206.80360409809614,197.36928442873975,208.69043783559766,194.77037254645094,207.17657914050687,200.26620434552009,201.42343209634186,203.59882054869499,201.73515578021437
214.22438494472138,213.08151898119328,213.53071663517827,216.16784151162318,209.21548005449876,220.38390832135701,207.68579866006039,219.96948685636499,208.1219180232612,219.66421957412041,207.27197541997978,219.43445246545033,207.54528858315035,219.46707558109253,207.62251923079282,220.01512835094627,208.04012991920973,219.6715085814719,207.61856909050442,219.76505385598563,207.51375997729437,219.38481514239965,207.80852513728226,220.30911079736993,208.17859884470334,219.73572391922545,207.6891866062625,219.83602945885761,207.66055780218477,219.62986291536006,207.875503372597,220.21053880085594,208.32144652930529,220.08437041070002,207.68233666419579,219.35219202675748,207.28940463956786,219.60226652171809,207.75141569702004,219.51271707567372,207.3635727934799,219.6388854658297,207.94458240542127,220.02241735829767,207.98287231105448,219.93286791225339,207.83425413958147,219.72843491187399,207.67647753503533,219.64790801629931,207.49601989786123,219.3978335213387,207.51515029233519,219.82700690838797,207.97025188211668,219.93286791225341,207.93912277839516,220.09565524652089,208.1540088232035,220.03143990876734,207.82228454701939,219.78136541380667,207.80818516075152,219.87091485985104,207.84036460298319,219.84331846620907,207.86643358181311,219.79038796427633,207.62837835995316,219.64617447318108,207.76008598566941,219.60226652171812,207.28073435091852,219.57293658495792,208.21879773920867,220.30008824690026,207.8117357989056,219.66248603100217,207.98262097681317,220.15760829892324,207.91009447218326,219.69181596776247,207.61004696974803,219.9767758637164,208.55472348992259,220.464609124286,207.53584828642846,219.40112670022069,208.4690738878721,220.60379589338098,207.04230862312045,218.92231599012084,208.90115446849504,220.85057720945954,206.14679614059708,219.31070069723475,211.97369988039577,213.05101908388977,215.11385802709165,212.9831537542984
202.61172679015135,201.5626701833223,202.01869201104913,204.54165656618864,197.95861264691825,208.47129373658919,196.42644924891249,207.99268158050342,196.73282490079103,207.66635740574151,195.99532561187453,207.5194999347581,196.28581111485786,207.43595113021703,196.0642037090324,207.72787601403027,196.51243354168878,207.77995585880834,196.58298100025402,208.01579123195114,196.30960516128081,207.45980167305189,196.49532734607027,208.28204663906885,196.72529543249942,207.61461895021597,196.2703777490384,207.91743255867365,196.55918695383107,207.83101436127262,196.55333378373012,208.00789095137432,196.67314563333221,207.88525311644193,196.25950608954039,207.35712235354782,196.02246878628733,207.75900511775174,196.64098743791382,207.67036707163368,195.99783659076894,207.4960198978614,196.45526525312428,207.94532188408618,196.58047348975128,207.89432290722579,196.51577920128685,207.79951487210209,196.4151996917866,207.68952658279295,196.1238829764913,207.40738185174322,196.30458667188356,207.94927202437461,196.56420544322827,207.66601742921091,196.30625950168263,207.87294354734939,196.58214631955036,207.67036707163379,196.0566777091324,207.51805009411351,196.47905929954732,208.06571075361597,196.70233606678005,207.88772429940036,196.47738646974821,207.83780477773556,196.41352686198749,207.73003633714356,196.39307847516264,207.50977930759851,195.84966898842268,207.56185915237671,196.91185576638429,208.30987643887769,196.43732090841053,207.52922068240684,196.41436501108288,207.92755268796751,196.38889466646918,207.5090398289334,196.06086151782594,207.78865526414316,197.10343112127472,208.44377338390331,196.24156521321831,207.41932244810894,197.06504185812778,208.610529724222,195.88805825156965,207.11039837624958,197.52163583977946,208.75596623026797,194.90934131909813,207.53073311507768,200.68691310613588,201.59376960422219,203.31460288906851,201.11202029997162
214.69141134002069,213.51526620058056,213.92617917281399,216.49115389480701,209.46038521842544,220.55571820609416,207.76573730084351,219.91655635443226,207.92224134932397,219.69181596776241,207.69014830248321,220.08836623916946,208.13817773264233,219.66421957412041,207.44021213035049,219.69581179623179,207.71997573345337,219.79767697162779,208.22413819453789,220.51753962621871,208.17066803471906,219.74474646969506,207.83820427986987,220.17791568521375,208.00820181121946,219.60226652171809,207.493859574748,219.7211459045225,207.84431474327155,219.87993741032062,207.85307367421035,219.74474646969514,207.6945575909991,219.76505385598563,207.71451610642748,219.64790801629928,207.73472595609684,220.05174729505785,208.19525805621907,219.86362585249958,207.46523077067025,219.54933601978539,207.82484437226717,220.0224173582977,208.01036213433272,219.92384536178369,207.85017387243198,219.84331846620907,207.8566243123644,219.86362585249958,207.711616304649,219.69181596776238,207.90077334715815,220.06805885287898,207.88161383599862,219.48738296738298,207.33213282991341,219.52173962614344,207.64719789458204,219.52400191149462,207.37264258426382,219.65519702365077,208.15690862498181,220.39866024341424,208.21728825247123,219.92384536178363,207.82774417404528,219.95317529854395,207.94307291868373,219.9255789049019,207.88599259510687,219.66821540258985,207.42469189963452,219.81798435791831,208.38086446057386,220.34572974148153,207.87359438372499,219.69181596776249,207.83104347795808,219.86362585249952,207.64494892917938,219.54933601978536,207.55287800388211,219.90353797549321,208.44621557066557,220.28377668907919,207.36292195710428,219.31886626152792,208.42748467832604,220.62010745120207,207.21304563313501,219.1267489905002,208.94456402462384,220.69005216054325,205.96013939773206,219.40927269374862,212.31952354284769,213.42726196900631,215.39927294536875,213.10932214445432
203.12107777855223,201.9076069891031,202.18638883270219,204.49747841470946,197.82922060159785,208.38583594317615,196.33423388840748,207.78754527953998,196.41018467078109,207.66928761643794,196.57796251085679,208.40107431024336,196.96112015742108,207.68119768339625,196.13596721432071,207.80130468927726,196.39809696455993,207.70291701980344,196.76452284474169,208.47126320718166,196.85134181822181,207.71883675265391,196.33089169720108,207.93335229152413,196.51828671178967,207.51844959624782,195.95275600842575,207.42074175934593,196.33005354810567,207.86637405620925,196.48240495914544,207.63198852371104,196.27828164656617,207.80056521061223,196.46279125302425,207.72312686947285,196.4101812023894,207.98648247481231,196.76786850433984,207.8978735453797,196.22613184739896,207.60955882532429,196.51661388199059,208.16662925214121,196.89307674096682,208.05846130941492,196.49700017586943,207.81503510281826,196.51828671178961,207.97096224409634,196.57545500035408,207.92826317043625,196.71237304557448,208.10985978840964,196.55249563463479,207.45548102682528,195.79250069985821,207.29088359689774,196.24574555352018,207.71846624671565,196.30960516128079,207.8270046953804,196.89224206026319,208.40073433371282,196.78915504026014,207.88056349748857,196.51745203108598,207.93301231499345,196.47404081015014,207.73003633714342,196.3325645270001,207.61640876739099,196.266193940345,207.96695257820392,196.91687425578149,208.03683061529699,196.32587320780388,207.71417612989674,196.53873856700616,207.82518434879768,196.29082613586334,207.68878710412804,196.45526525312431,208.11819010052872,197.18021311596036,208.28784624262548,196.08632839404797,207.44860208856244,197.09423229157574,208.50597194525349,195.81462191648214,207.20224708399113,197.65976646333138,208.63943885873726,194.54040446002185,207.15124964034189,200.45527218990776,201.68567783756734,203.82711580532498,201.83607427873972
214.888776466971,213.39840100737527,213.41398958229203,215.80461700544572,208.90402515358795,220.28706986796124,207.71436793853417,219.77407640645526,207.6512962027636,219.50369452520408,207.78384647349282,220.25618029543722,208.08353947533865,219.49467197473444,207.48726096692249,219.9712203994832,207.91999238392137,219.60955552906955,207.75462635864335,220.05903630240928,207.88667396089022,219.57293658495794,207.61285812923705,219.82700690838794,207.7802958353389,219.56564757760648,207.45443068831523,219.57693241342736,207.77739603356056,219.94189046272305,207.90407265107083,219.81798435791828,207.90148370913749,220.06805885287892,207.97315168389508,219.79767697162782,207.78646582434436,220.01339480782809,208.09215023838419,219.94917947007448,207.76187580284446,219.81798435791828,207.95143234748792,220.21053880085594,208.33776576429028,220.15760829892329,207.83169431433373,219.7813654138067,207.89102360331307,220.0061058004766,207.90728331269409,219.84331846620901,207.89176308197804,220.0061058004766,207.99879204390504,219.79038796427633,207.4960198978612,219.52400191149462,207.80056521061238,220.02415090141588,207.9109225931374,219.8342959157394,208.02378156753943,220.09565524652089,207.79260540443161,219.61857807953916,207.74635557212846,219.82700690838797,207.64679839244758,219.55662502713679,207.63133768733525,219.62257390800863,207.54766971109737,219.72617262652278,207.92255220916894,219.70310080358323,207.4101930112322,219.61857807953916,207.94427154557602,219.91655635443229,207.74370710459149,219.77407640645526,207.80645345645812,220.02241735829767,208.39774588964519,220.26017612390663,207.47867932056258,219.4996986967347,208.50091335357303,220.45229339493426,206.91606062443026,219.07381848856753,209.21405921005029,220.9930571574366,206.06395769803561,219.12257925467645,211.78704313753065,213.0510190838898,215.39006421600101,213.42678217450498
203.19786999462281,201.62765855049744,201.40244009346506,203.64129177275981,197.24407619211274,208.14030893907014,196.39224032606731,207.76261528150957,196.24658370261551,207.39686222031494,196.27288525954123,208.01980089784348,196.53037441801092,207.42836170948527,196.17063638863354,207.97494150107016,196.59674153627435,207.60270888325763,196.28999145515959,207.90802279135914,196.51828671178967,207.68844712759744,196.37011910944327,207.82879451255548,196.43481339790782,207.80852513728215,196.58214631955028,207.99558138228178,196.60008719587248,207.90734283829798,196.49281983556759,207.89682320686961,196.6910865096543,208.1663183922962,196.70150138607644,207.94424242889068,196.6835605097543,208.26112642741987,196.87430118394107,208.04840070572479,196.61970090199361,208.01150111513229,196.5821463195503,207.9380724398851,196.66227397383412,207.92650234945742,196.330891697201,207.72318639507677,196.61970090199367,208.01184109166266,196.43983188730493,207.59403859460829,196.21860584749902,207.78069533747339,196.66979997373403,208.13157912481697,196.66060114403504,207.82120509182394,196.49532734607033,207.99302155703407,196.52163237138774,207.73870662579293,196.51326822239244,207.87689368763759,196.20819097107682,207.38165284944384,196.24407272372102,207.82913448908607,196.41854535138475,207.73259616239125,196.55333378373012,207.74709505079352,196.00118225036709,207.31877292231067,196.24323804301733,207.66490744460779,196.20735282198146,207.73253663678736,196.68690616935243,207.95504251124575,196.38722183667011,207.6768770371697,196.24992936221361,207.62476819619528,196.56002163453476,207.86532359720988,195.91018293658522,207.33176385718644,197.02246878628736,208.29472518088841,195.40850837259029,206.89841213321967,197.73031739028832,209.12927971599811,195.16059594144744,207.37881563969194,200.26787717531914,201.3315238629967,203.4266039847073,201.55766860270131
214.85542689877647,213.26694368970908,213.06122992817726,215.58161016189402,208.88119595306679,220.27804731749157,207.78060669518408,219.77407640645529,207.58505744611367,219.42316762962943,207.6040991982984,219.9368637407228,207.85307367421029,219.5290286334949,207.57555903651001,219.90024479661116,207.89102360331299,219.79767697162779,207.96084211480235,220.14129674110214,207.98722195347733,219.73745746234363,207.66459658476262,219.75776484863414,207.75641617581852,219.95317529854387,208.19889733666233,220.13001190528124,207.8443147432715,219.70310080358325,207.67292689688145,219.75376902016475,207.83129481219925,219.91655635443229,207.85668383796826,219.81798435791833,207.94887252224009,220.16663084939285,208.08492979037928,219.90753380396262,207.92320304554468,220.03143990876731,207.86859390492637,219.64617447318113,207.61211865057209,219.63888546582967,207.51154012857734,219.65519702365077,208.01801108066832,220.06805885287895,207.76437610248837,219.45076402327143,207.36653212086216,219.58595496389697,207.82188504488497,220.01512835094624,208.0252605248694,219.79038796427633,207.65404783664866,219.7650538559856,207.75502586077783,219.79767697162779,208.00459164746167,220.01512835094627,207.65805750254097,219.45076402327143,207.65734714056131,219.99881679312509,207.96840241884863,219.98579841418609,208.24520669456925,220.01512835094621,207.3251942455575,219.2536200302435,207.76412476824709,220.06076984552752,207.8457050583124,219.73745746234357,207.89836168980341,219.91655635443229,207.78961696036404,219.72843491187402,207.53661829450101,219.39383769286928,207.65000905407098,219.70483434670146,207.09777641410065,219.17638631355089,208.37031571246001,220.38807805718079,206.74532361441572,218.73419454756254,208.92864429177328,221.08260660348088,206.45970088215245,219.5517526417257,212.14227656729702,213.23914052644798,215.35995523742557,213.28199067954111
203.06722731161628,201.66106954224827,201.53925407038494,204.11367429374724,197.87597401374015,208.52149370918076,196.57796251085679,207.78754527953998,196.16645604833178,207.42330158459362,196.28162730616427,207.89861302404466,196.50536432486476,207.63127816173147,196.30291384208448,207.86063397825654,196.54124607750899,207.97241220523003,196.83005528230146,208.13228948679645,196.45275427422993,207.50213036126291,196.06336902832871,207.49997003814968,196.22278618780084,207.77779553569505,196.64266026771287,207.86313427790031,196.28915330606426,207.60989880185494,196.31127799107981,207.60739850221111,196.2014996518806,207.61390846774719,196.30960516128076,207.58456930168992,196.24992589382194,207.6804276753237,196.28497296576239,207.5907392906955,196.41519969178663,207.96479225509063,196.53790041791083,207.63488832548921,196.24574555352009,207.65839747907151,196.2065181412778,207.62186839441708,196.58047348975128,208.04729072112164,196.49365451627125,207.53686962874229,196.08465556424892,207.49997003814954,196.20149965188057,207.62331823506159,196.330891697201,207.58135864006644,196.18857726495574,207.69279677002015,196.46818764004919,207.92866267257062,196.75494611741505,208.06250009199263,196.38638715596639,207.56475895415497,196.39809696455995,207.98111149007565,196.50992256279426,207.92752369177126,196.98491420384411,208.28454693871259,196.32336222890936,207.58604967174205,196.75076577711317,208.22166701157931,196.34966725422683,207.36579264219711,196.16060287823086,207.82518434879768,196.6689618246387,208.01835105719891,196.38889813486082,207.46961094250082,196.3726266199462,207.89719217959654,195.97738820394406,207.30609438049106,197.05667770913249,208.48138192375356,195.60426753617423,206.83834336557535,197.43147120670139,208.84201533445281,195.01828150920204,207.53323341472145,200.66562657021564,201.77067660324212,203.8348527428403,201.87328054751046
214.57792209309622,213.31700135169294,213.53856907273024,216.1898824410319,209.30624789432238,220.47519131051948,207.85838501285406,219.84731429467843,207.58070780369087,219.4670755810925,207.77159643000414,220.14129674110211,207.99197121852373,219.61857807953913,207.63923796791224,219.98979424265548,208.02992114762648,220.00210997200722,208.12833934650811,220.05903630240931,207.6974573927773,219.41414507915977,207.35061238801165,219.45978657374107,207.55238985945832,219.6551970236508,207.70041672015958,219.62986291536004,207.65114803487037,219.85234101667874,207.91999238392128,219.72843491187399,207.59073929069552,219.72843491187399,207.82774417404536,219.66421957412041,207.47390105931979,219.48738296738301,207.55534918684046,219.60226652171812,207.66996756949928,219.82700690838797,207.90768281482849,219.86362585249958,207.84505422193678,219.87264840296919,207.77202504882382,219.78136541380672,207.95069286882301,220.09565524652092,207.95794231302395,219.70083851823202,207.61103778265442,219.68452696041098,207.64429809280372,219.54031346931569,207.50469018651066,219.60226652171809,207.72062656982916,219.87993741032068,207.97676184765277,220.12827836216309,208.28241714500706,220.14858574845357,207.74595606999392,219.61857807953916,207.79300490656613,219.86362585249961,207.5907392906955,219.69910497511384,208.19420771770882,220.38234868559314,208.05084135927564,220.0387289161188,208.37475399717218,220.10467779699056,207.30597520879414,219.07452113815492,207.37819085357913,219.87993741032071,208.22694935402686,220.25618029543716,207.91718122443226,219.68279341729277,208.01536261313134,220.32212917630898,207.75289465434992,219.63315609424205,208.59242208478409,220.60379589338095,207.01120863608432,218.98426904252315,209.00858293255655,220.87817360310157,206.07336746534997,219.27408175312311,212.05653832295729,213.32868997249236,215.59264069171667,213.51633162054932
202.43043685035605,201.50378809788182,202.14853577044528,204.42842849857067,197.4364896960985,207.9051535189885,196.11802633799871,207.83604395675664,196.47822461884363,207.65225801947363,196.60259470637516,208.32619567386266,196.70150138607644,207.53868997532498,196.24909121311825,208.08526976690982,196.76786850433993,207.90910365927678,196.61970090199361,208.06250009199258,196.52163237138777,207.63818762940201,196.22027867729801,207.67977683894802,196.43983188730502,207.8440038834265,196.43230588740502,207.67292689688142,196.37179193924248,207.96124161693669,196.68356050975436,207.90333317240569,196.49867300566845,207.98907141674553,196.68523333955346,207.809324141551,196.20233780097593,207.62556720046427,196.47822461884365,207.81907388539597,196.28831862536057,207.61285812923717,196.41269218128383,207.84110408164824,196.43648622770684,207.77418537193722,196.45359242332523,207.91635310347797,196.72529543249942,208.13808909035291,196.60343285547057,207.66311762743251,196.24407272372113,207.84761404718438,196.60343285547054,207.80241467388049,196.35050540332227,207.82845453602494,196.59674153627424,208.00459164746175,196.67147280353311,208.23826811021326,197.0925594617766,208.24261775263611,196.43983188730499,207.69745739277738,196.53455475831265,207.86387375656537,196.19025009475479,207.58067868700547,196.61384773189272,208.14499855802356,196.64851343781385,208.10156000569862,197.01494278638734,208.0125514536424,195.99699844167358,207.31837342017619,196.31211614017525,207.96445227856012,196.78329840176752,208.12577952126023,196.50118398456289,207.72494721605551,196.7440709895252,208.4245543471402,196.62304656159168,207.83999563025623,197.26703208944039,208.50597194525344,195.64182211861748,207.05973937591986,197.68607148864882,208.82288493997891,194.70400542818746,207.09124039830158,200.26620434552012,201.53410033871225,203.66844883974218,201.63079059977028
213.94948321223293,212.95018031385973,213.69769796367697,215.88288161566913,208.30610499588997,219.55489148401864,207.28024620649481,219.92557890490195,208.08757825791619,219.70812752558348,207.83845561411118,220.32941818366047,208.10235900996733,219.51098353255557,207.59758923276223,220.25618029543725,208.26979671606924,219.84158492309081,207.83746480120485,220.19422724303485,208.13808909035305,219.79038796427636,207.63346748104104,219.90024479661113,208.10985978840978,220.21053880085594,208.17933832336837,219.91655635443226,207.600888536675,219.585954963897,207.67977683894799,219.96948685636497,208.22018805424952,220.21053880085597,207.97676184765271,219.67550440994131,207.50648000368588,219.82700690838797,208.16341859051784,220.01512835094618,207.59147876936069,219.45076402327138,207.63167766386576,219.79038796427633,207.67863785814865,219.54031346931575,207.56259863104154,219.84331846620907,208.14419955375476,220.21053880085589,207.96050213827166,219.54031346931572,207.37298256079444,219.77407640645524,208.08492979037919,220.12098935481163,208.09394005555922,220.09565524652095,207.99919154603944,219.93286791225333,207.91018311447237,220.20151625038633,208.42242455343455,220.210538800856,207.77452534846776,219.7813654138067,208.04044077905493,220.10467779699053,207.82478484666328,219.70812752558345,207.82450439573645,219.81798435791833,207.61205912496825,219.81398852944889,208.18445797386377,220.1322741906325,207.80701565054466,219.85234101667868,208.04086939787473,219.95317529854384,207.72994769485427,219.67550440994128,207.56879773673256,219.6715085814719,208.08990127298162,220.21453462932533,207.65484684091743,219.65849020253285,208.59171172280463,220.52153545468812,206.98189987894548,219.06479593809786,209.09938130178801,220.81395826534794,205.86573086474274,219.01671825081098,211.83804211439121,213.14959108040375,215.31643450280714,213.07270320034266
202.48360193481116,201.33143195837945,201.81478854720496,203.82356975651663,196.8446539674172,207.77344589327211,196.25243340432471,208.08526976690985,196.76452631313342,207.53579017354662,196.16310692034199,208.16810820947131,196.83256626119592,207.60776900814923,196.30709418238638,208.33560544117705,197.01828844598546,207.82916501849374,196.41352686198755,208.18979842919299,196.8070959165822,207.67212789261248,196.12639048699407,207.87905401075093,196.82503679290429,208.26069780859993,196.95693634872751,208.01505175328612,196.14265853351705,207.22717554881044,195.97655005484867,207.90438351091589,197.01577746709106,208.20787848515675,196.45442710402889,207.48942129003578,196.08214458535451,207.85983497398766,196.89140391116771,208.02807168435831,196.20484531147869,207.4258018842375,196.33089169720105,207.93045248974573,196.49532734607038,207.559299327129,196.10092361077193,207.69819687144243,196.66645431413596,208.15110902142524,196.65892831423585,207.57811886175784,195.97989571444685,207.61029830398928,196.55584129423286,208.09971054243042,196.8947495707659,208.17242885569786,196.56085978363015,207.72028659329845,196.36677344984523,208.0020913478177,196.81378723577853,207.95433214926621,196.30793233148171,207.74851589524175,196.68356050975439,208.18584828890454,196.7040088965791,207.88411413564251,196.50034583546761,207.75280601206066,196.18188594575935,207.69495709313347,196.7048470456746,208.16341859051781,196.66478148433677,207.9760223689878,196.68188767995528,207.8063648141688,196.1051039510738,207.35746233007848,196.03455649250856,207.6570071640308,196.74992762801782,207.96593123589025,195.93146947250548,207.39183262483084,197.10426927037017,208.54361101451104,195.88973108136864,207.26882581717149,197.68607148864882,208.63292889320098,194.51577226450343,207.10710060554825,200.39643107154421,201.5500200715627,203.49455639057155,201.32671374625545
214.68767513872447,213.23373870747307,213.35995553681806,215.74266395304335,208.85450513405746,220.32542235519102,207.7230076977761,219.87264840296919,207.8940715729845,219.53129091884608,207.48282268221044,220.06805885287898,208.20731629107041,219.76105802751616,207.74620740423524,220.3203956331908,208.33026498584792,219.76105802751619,207.6232587094577,220.05174729505788,208.02998067323043,219.55662502713679,207.43265182630418,219.827006908388,207.96050213827175,219.88722641767217,208.00169184568333,220.06805885287889,207.78069533747339,219.39783352133873,207.32272306259895,219.79038796427631,208.17208887916732,220.11196680434202,207.86569410314809,219.69181596776241,207.65444733878317,219.82700690838794,207.92320304554457,219.87993741032071,207.77418537193728,219.87091485985101,208.05886081154927,220.15760829892329,208.018351057199,219.73745746234363,207.54121927116503,219.67550440994128,207.84977437029767,219.96948685636499,207.95794231302389,219.73745746234366,207.50937980546419,219.49640551785268,207.56870909444325,219.81798435791833,208.05235084601333,219.94189046272302,207.62911783861813,219.54031346931569,207.70436686044806,219.98579841418612,208.04800120359027,219.8342959157394,207.6099583274588,219.6551970236508,207.82734467191091,220.0061058004766,207.97096224409626,219.98579841418609,208.15039865944564,220.14129674110217,207.79766540883409,219.69181596776241,207.906972452849,220.01512835094624,207.75567669715358,219.54031346931575,207.57780800191256,219.59497751436666,207.47495139782993,219.39054451398721,207.36366143576922,219.6551970236508,208.16588977347644,220.05174729505785,207.30285318945991,219.39210414975113,208.46873391134162,220.53055800515776,207.15371634415561,219.31487043305853,209.27338849902975,220.92208155456461,206.06395769803552,219.37265374963707,212.13286679998271,213.18621002451533,215.19669646965318,213.01977269841004
203.07948977594768,201.67527037104287,201.66820544572403,204.14662374405145,197.87513933303637,208.34282588918194,195.93313883391286,207.34731308409886,196.39224379445895,207.84110408164824,196.45693461453166,207.98327181318894,196.68105299925159,207.79226542790104,196.45860744433074,208.20210799828556,196.80626123587854,207.57086941755654,196.04124434331308,207.83243379299878,196.57963880904759,207.60600818717035,196.26535925964126,207.8830927933287,196.43732437680225,207.51699975560331,196.28831862536063,208.04408005949819,196.74574728771597,207.69174643151013,196.10092361077201,207.68267664072627,196.58214631955033,208.01440091691046,196.64266026771296,207.93847194201953,196.53706573720714,207.71781541034014,196.14349668261247,207.66931673312362,196.68523333955341,208.3149960893731,196.99449093117079,208.14675937900236,196.56253261342917,207.72352637160731,196.24574555352009,207.69279677002015,196.41101935148478,207.74885587177229,196.43815905750591,207.79695504685438,196.32754603760299,207.46779059591802,196.06169619852963,207.61359760790208,196.43230588740505,207.60128803880932,196.01745029689008,207.52094989589179,196.54124607750896,208.11926955572417,196.74490913862053,207.8881238015347,196.37011910944344,207.68878710412801,196.37597227954424,207.79695504685446,196.3897328155646,207.8682539283958,196.87262835414197,208.28750626609491,196.53622758811176,207.54843971916998,196.2933371147578,207.77597518911242,196.19982682208149,207.26521412020247,195.93983362150084,207.43089100532538,196.15725375024104,207.48115050352081,196.08632839404802,207.6880476254629,196.86677171564938,208.24079740605339,196.29333711475775,207.6417687969635,197.11551882749598,208.2780659693729,195.50285334597027,207.22106661862003,198.01410810568373,209.19511897051353,195.1852281369658,207.58429191718582,200.51578613807038,201.43244236152194,203.39758051127168,201.5110525666162
214.49555047591377,213.20397432202165,213.41428035920663,216.04340666458543,209.19412981130768,220.04601792347026,206.94278185235794,219.32685791846671,208.03546941694188,220.20827651550474,208.02872252073402,219.94415274807423,207.87775233799954,219.79767697162779,207.88186517023988,220.21053880085597,208.1305883119106,219.55662502713679,207.33204418762409,219.77407640645526,207.94137174379782,219.79767697162782,207.91049397431757,220.1046777969905,207.86248344152466,219.41414507915982,207.37008275901621,219.81069535056687,207.98617161496716,219.70083851823205,207.49056027083529,219.67550440994131,207.90043337062747,220.02241735829764,208.02702134584825,219.98579841418609,207.90984313794192,219.63888546582967,207.30606385108345,219.54031346931572,208.02742084798268,220.27249185325832,208.15360932106907,219.87091485985104,207.67943686241742,219.58595496389691,207.50898030332962,219.64790801629934,207.75576533944292,219.7813654138067,207.87470436832803,219.96948685636494,207.84076410511767,219.54933601978541,207.44931103781974,219.59497751436658,207.60344836192269,219.43445246545028,207.39831206095928,219.79038796427639,208.18874809068288,220.24715774496752,208.0910402537809,219.8636258524995,207.66169678298431,219.68452696041092,207.77813551222559,219.72114590452256,207.46779059591813,219.55662502713682,207.99484190361656,220.21053880085591,207.92536336865791,219.60955552906955,207.65700716403077,219.72114590452253,207.49667073423694,219.42316762962943,207.60023770029926,219.71212335405289,207.68909796397324,219.64790801629928,207.5756476787993,219.8342959157394,208.35905648187759,220.40265607188365,207.74743502732397,219.65120119518133,208.4188143896767,220.1746225063317,206.61833613706045,219.06479593809783,209.46294504367302,221.33997010579296,206.44378114930194,219.40025014327901,211.87929134740654,212.99808858195706,215.2703261828469,213.3738516725723
202.67243401413995,201.53483016212849,201.84706935130487,204.24862169777222,197.58465729844477,207.97858219423546,195.92728566381206,207.81543460495269,197.02330693538266,208.2230878560278,196.51410290309622,207.83095483566873,196.52079769068405,207.8751038704626,196.59757621697804,208.17933832336846,196.79166601915452,207.70726666222632,196.13931287391895,207.80997497792674,196.62304656159174,207.96911290131723,196.7899897209638,208.25887746201724,196.61970090199361,207.43882181530981,195.91269044708798,207.58891894411289,196.41519969178657,207.6004890345406,196.16394506943729,207.7083170007364,196.57712783015313,208.00530200944118,196.64349494841659,207.99839254177056,196.64349494841662,207.77483620831288,196.12137199759678,207.57191975606665,196.53622758811179,207.95828228955455,196.41854535138469,207.59403859460829,196.23989238341929,207.55713900401574,196.12639048699398,207.57194887275227,196.37179193924251,207.88161383599868,196.7449091386205,208.19525805621896,196.66394680363317,207.63778812726764,196.14265853351699,207.62365821159224,196.2474183833192,207.49272059394858,196.24741838331914,207.97386204587454,196.86928269454387,208.06827057886366,196.47738646974827,207.58786860560284,196.04040966260936,207.4743005614541,196.34715974372412,207.63346748104104,195.9995094205679,207.40988215138705,196.51661388199062,208.18618826543513,196.72864109209749,207.84943439376704,196.49114700576854,207.74669554865901,196.12806331679306,207.64719789458192,196.6998285562774,208.13518928857468,196.60594036597328,207.78359513925173,196.30542482097903,207.87766369571025,196.97822288464778,208.23468694265182,196.11886448709407,207.32525389165039,196.81546006557758,208.14280770550266,195.44773578483262,207.10749857447129,197.93899894079718,209.11006067923475,194.97403560756248,207.23334860423842,200.20736322715658,201.37277309601208,203.58527095029007,201.76295228167075
214.47568889569459,213.30783524604595,213.76993981509983,216.09859945186938,208.80600645684092,220.11925581169348,207.77332672157533,220.21227234397418,208.20765626760101,219.5769324134273,207.30091508390254,219.86362585249958,208.175077323235,219.89624896814175,207.74370710459132,219.98979424265548,208.01770022082323,219.70083851823205,207.55127987485517,219.84731429467845,207.98006115156554,220.0387289161188,208.26103778513055,220.37332613512348,208.02742084798263,219.56564757760648,207.48405030529926,219.81069535056685,207.87220406868417,219.63888546582967,207.52819934009293,219.68452696041098,207.81938474524105,219.91655635443226,207.96084211480229,220.00610580047663,208.02196122095668,219.90926734708083,207.67795649236533,219.64790801629931,207.77128557015899,219.80167280009724,207.62837835995316,219.51271707567369,207.57885834042273,219.6315964584783,207.55673950188128,219.58595496389694,207.72392587374168,219.96948685636497,208.1760390194558,220.15760829892329,207.90117284929241,219.63888546582965,207.59147876936058,219.7577648486342,207.73728578134467,219.59497751436666,207.59221824802555,219.77407640645524,207.86569410314817,219.78136541380667,207.67252739474682,219.45978657374113,207.23047485272321,219.30828407529444,207.57811886175759,219.63159645847819,207.46523077067042,219.54933601978539,207.91709258214294,220.14129674110217,208.03097148613682,219.93286791225336,207.97065138425108,219.81069535056687,207.47785119960821,219.72843491187402,208.21737689476046,220.25618029543719,207.92675368369856,219.6225739080086,207.43675013448583,219.6551970236508,208.09280107475971,219.85633684514812,206.93388934615274,218.9719533131715,208.22780800438866,220.47762750322508,207.09040779820262,219.1267489905002,209.1594500694321,221.03696510889964,206.28171442793675,219.45318064521175,212.06884789204994,213.11297213629211,215.24021720427143,213.22906017760843
202.71203757802442,201.70331160933145,202.33829957376057,204.39911974143195,197.28330360435501,208.04726172492545,196.48240149075374,208.07330017434765,196.34799789281939,206.91649065597218,195.5796353406559,207.92178220109642,197.01828844598549,207.766935927736,196.08047175555546,207.67431721192202,196.39140564536359,207.49272059394852,196.10343112127472,207.72136604849408,196.47487895924547,207.90299319587513,196.84966898842268,208.3063258007237,196.6017600256715,207.61140828859249,196.3538510629204,208.04408005949819,196.6802148501562,207.70766616436066,196.18606975445294,207.54701887472163,196.2065181412778,207.68267664072638,196.47655178904455,207.79991437423664,196.38973281556457,207.64833687538149,196.16645604833175,207.50832946695402,196.33089169720105,207.81037448006117,196.36677344984525,207.5209498958917,196.19192292455378,207.6707070481641,196.30458667188361,207.61646829299482,196.37179193924243,207.92610284732297,196.6860680202571,207.88195381252919,196.2883186253606,207.57811886175767,196.35050540332225,207.79735454898878,196.35050540332222,207.46779059591802,196.03873683281034,207.48405030529909,196.22780467719801,207.65444733878314,196.39140564536356,207.59187827149495,196.03706400301132,207.42654136290258,196.2916642849587,207.68662678101478,196.22445901759994,207.60344836192266,196.45526525312431,207.85412401272043,196.39056749626823,207.7831956371171,196.58549197914849,207.79405524507618,196.15725375024104,207.67903736028305,196.70986553507177,208.00894128988452,196.32670788850754,207.39541225918106,195.91520142598245,207.46739109378356,196.53873509861452,207.6222373671439,195.41436501108291,207.00620957000794,197.11719165729502,208.74362766497899,195.96111668902935,207.11289867589363,197.53623105650345,208.91405369465932,195.20316901328795,207.79627816021579,200.76871359021871,201.53626066182557,203.40531744878706,201.54825883538692
214.12438368577233,213.17549870439825,213.98030293963288,216.33062884589071,208.8885049228719,220.00939897935859,207.44231292785989,219.68452696041092,207.53627831797047,219.07452113815481,207.24013595427874,220.07708140334859,208.31434525299738,219.69910497511384,207.47060175540702,219.77407640645526,207.71056596613897,219.37752613504821,207.43916179184043,219.82700690838797,207.86174396285963,219.80496597897925,208.07043090197701,220.21053880085597,207.8497743702975,219.60955552906952,207.82484437226717,220.15760829892324,208.06787107672923,219.74474646969509,207.5720083983561,219.54933601978533,207.53357032482955,219.6388854658297,207.68233666419579,219.52902863349487,207.46955141689691,219.48738296738301,207.37520240951153,219.32459563311548,207.56253910543774,219.81971790103654,207.75030571241689,219.54933601978536,207.6320176403965,219.81069535056687,207.72423673358696,219.54933601978536,207.56583840935045,219.79038796427639,207.92897353241582,219.81798435791833,207.59983819816478,219.56564757760646,207.72713653536525,219.82700690838794,207.66601742921074,219.41414507915977,207.38205235157824,219.53302446196429,207.59437857113892,219.64790801629931,207.76261528150948,219.75776484863411,207.65839747907162,219.73745746234363,207.90117284929241,219.75776484863417,207.42759170141278,219.4760981315622,207.78905476627747,219.85460330202991,207.63809898711276,219.61857807953913,207.80861377957129,219.82700690838797,207.6767883948805,219.79767697162779,207.99058090348302,219.88722641767217,207.69486845084433,219.58595496389694,207.401300505027,219.52902863349485,208.0273322056934,219.96619367748292,207.15562533302779,219.3115772541764,208.64672036555714,220.75529839182767,207.14356709817642,219.01186543616515,208.91022425927881,220.89448516092264,206.39312214897205,219.739874084284,212.29385406615216,213.08763802800132,215.15058814969285,213.32092117063962
202.15705800085672,201.34068821000329,202.15567880371717,204.5890162626057,197.7056851947699,208.00681149617867,195.87011737524762,207.551028540614,196.43314403650035,207.67542719652519,196.45860744433082,208.18618826543513,196.78664752975732,207.74126645104064,196.41352686198755,208.06033976887937,196.49783832496479,207.47251074427896,196.2866457955615,208.13302896546142,196.78915504026014,207.93693345908565,196.72696826229844,208.16736873080629,196.47571363994922,207.69421761446861,196.61802807219448,208.21762822900172,196.73114860260031,207.83996510084879,196.38973281556451,207.74305626821572,196.41352686198752,207.80997497792663,196.34883257352314,207.53647012660778,196.29417179546147,207.84215442015827,196.36510062004615,207.42941204799536,196.14600419311523,207.68696675754532,196.22780467719798,207.49238061741798,196.40934652168576,207.96229195544689,196.456099933828,207.48911043019081,196.06336902832874,207.6609573043192,196.55416846443384,207.92360254767914,196.41603784088193,207.65660766189646,196.43314056810868,207.96479225509074,196.51995954158869,207.67252739474699,196.34883257352314,207.76912524704565,196.28831862536057,207.51805009411345,196.2474183833192,207.73688627921018,196.41519969178657,207.85628433583366,196.66060114403504,207.73438597956627,195.91436327688697,207.4287016860159,196.644333097512,208.12651899992534,196.43314056810868,207.57126891969114,196.34967072261855,207.87584334912759,196.56169446433378,208.08058014795634,196.82922060159785,208.04550090394648,196.64182211861748,207.97750132631779,196.29082960425504,207.5922487774331,196.76452284474175,208.29870585058441,196.26870491923941,207.50466119031429,197.10426927037017,208.43038294689305,195.61718992309912,207.00368027416766,197.5182901801814,208.69549796048918,194.87429424715756,207.47751428950008,200.47488589602892,201.2870348516723,203.30666568430425,201.6060079797459
213.85435128268406,213.01928528230991,213.8497395172991,216.54408439673972,209.32688777553409,220.09894842540294,207.2065065509133,219.64288129429914,208.01843969948828,219.95091301319269,207.89636405864204,220.07934368869982,208.06761974248803,219.97677586371643,208.09715071718261,220.25618029543722,207.95473165140061,219.57693241342727,207.64608790997886,220.04445828770636,208.01909053586382,219.87993741032065,208.04729072112173,220.23084618714648,208.01110161299769,219.83429591573943,207.92360254767914,220.10467779699053,208.03387128791491,219.91655635443229,207.83860378200436,219.86362585249961,207.91413325476083,219.96219784901353,207.8132742818394,219.85460330202989,208.16736873080632,220.2855102321974,207.88704293361718,219.44347501591992,207.44030077263983,219.61528490065714,207.47390105931979,219.50369452520411,207.86899340706074,220.01512835094624,207.79365574294175,219.54933601978536,207.49641939999566,219.67550440994125,207.89457424146713,220.01512835094621,207.86032311841137,219.63888546582967,207.72457671011756,220.03543573723675,207.98401129185396,219.84331846620901,207.99953152257004,220.08836623916946,207.73654630267961,219.41414507915982,207.4960198978612,219.77407640645526,207.77739603356062,219.79767697162779,207.98222147467877,219.77407640645524,207.29119445674314,219.54031346931572,208.22678666207486,220.35475229195117,207.89201441621944,219.57693241342736,207.61655693528419,219.72114590452253,207.72161738273542,220.01512835094618,208.21777639689492,220.1485857484536,208.17958965760968,220.20324979350451,207.75255467781943,219.54760247666721,208.03023200747157,220.32212917630898,207.64577705013377,219.41743825804187,208.30379650488339,220.26417195237599,206.75143407781746,218.78885859261345,208.73405673892375,220.57290632085696,206.02631862877806,219.48979958932333,212.22258571401835,213.06733064171087,214.99411999393752,212.93022325236566
202.28403014964704,201.50422668285017,202.26104628351311,204.84660138107418,198.02163410558356,208.1575899907651,195.99365278207546,207.67391770978764,196.54291890730795,207.6858873023497,196.18021311596038,207.77779553569511,196.68523333955338,208.1467593790023,196.87179020504664,208.17603901945569,196.55918695383102,207.57481955784507,196.12137199759684,207.53214948038132,196.06169619852963,207.39146211889263,196.34715974372403,208.0755200230648,196.79082787005919,207.87149370670468,196.35217823312126,207.73984560659227,196.41101935148481,207.75576533944286,196.37179193924246,207.73293613892179,196.4577727636271,207.82518434879771,196.37179193924246,207.89068362678259,196.90851010678617,208.12000903438914,196.17063638863362,207.1599459792543,195.97236971454686,207.59622791391783,196.22445901759991,207.6660174292108,196.64600592731102,207.97710182418345,196.35134008402591,207.61646829299482,196.32503852710016,207.7300363371435,196.48156681005005,207.92354302207525,196.41101935148481,207.46705111725294,196.18523160535756,207.83604395675658,196.41101935148481,207.66527795054577,196.6664543141359,208.24369720783167,196.51661388199057,207.4377714767997,196.20568346057408,207.90552249171532,196.51494105219152,207.81108496252989,196.66729246323129,207.90802279135917,196.14098570371803,207.62803838342253,196.78664752975737,208.17677849812065,196.43732090841053,207.56830959230879,196.2449108728164,207.46233096889196,195.95609819963218,207.58206900204618,196.51577920128688,207.89062410117864,196.68690270096081,208.1391394288631,196.45191959352618,207.54480043872675,196.56169446433384,208.1152888860282,196.1222101466922,207.33793384619213,196.95108317862665,208.28531541357404,195.45860744433077,206.63684634505546,196.9782263530395,208.27883444423429,194.74156001063076,207.72719912739149,201.04125474848826,201.76706643948435,203.33588942498875,201.12143006728598
214.30675656190382,213.32071440102052,213.940420266979,216.52777283891862,209.30516843912693,220.22511681555889,207.51364080559753,219.69354951088053,207.60603730385591,219.26264258071311,207.25537573406811,219.81798435791831,208.18118778663666,220.06406302440951,207.9611529746474,220.0337021941186,207.96340194005001,219.62760063000886,207.34765306062948,219.36121457722712,207.39618226725361,219.40512252869013,207.51080064991237,219.80669952209749,208.02091088244649,219.89624896814175,207.71337712562797,219.62986291536006,207.54593941952615,219.52902863349487,207.60594866156652,219.78136541380661,207.84002462645262,219.6551970236508,207.50503016304128,219.70812752558345,207.95976265960664,219.69181596776238,207.19138594282089,219.08354368862453,207.35712235354768,219.63159645847821,207.68622727888035,219.79038796427636,207.99308108263779,219.91655635443229,207.69489756752975,219.78136541380672,207.93557214024119,219.93286791225336,207.88155431039479,219.77407640645526,207.48410983090295,219.37752613504819,207.66561792707637,220.02241735829767,207.89284394989573,219.65346348053262,207.85267417207589,220.13001190528129,207.91379327823026,219.62986291536001,207.71451610642742,219.87264840296925,207.71806674458136,219.78136541380667,208.09689938294139,220.10467779699056,207.76832624277671,219.70812752558351,207.88096299962294,219.85460330202986,207.63843896364324,219.66421957412044,207.75545447959772,219.44347501591997,207.11064817727964,219.30828407529444,207.60569732732526,219.65519702365077,207.73935746216853,219.91655635443226,207.85637297812306,219.76105802751619,208.0049025073067,219.94588629119241,207.22436438932144,219.33917364781846,208.5197328882019,220.48665005369469,206.84732156813652,218.63735609416682,208.45151250573954,220.44900021605224,206.06395769803552,219.70325514017239,212.63242828440309,213.51681141505065,215.23601417759633,212.84710416332319
202.87954793883739,201.77425692421787,202.16853244319449,204.45986846213722,197.64015275721013,208.10772999470399,196.16394506943737,207.63025681941761,196.14266200190872,207.2677739454501,196.16227223963827,208.12000903438911,196.91687425578149,207.81108496252986,196.26535925964126,207.9330123149935,196.72613358159481,207.73623544283444,196.06169619852966,207.67292689688131,196.74240162811785,208.06901005752874,196.39725881546448,207.6406879290459,196.43230588740505,207.95504251124575,196.64182211861748,207.88846377806533,196.33089169720108,207.58061916140153,196.39558598566541,208.08202998860091,196.74072879831877,207.70436686044786,196.16729072903541,207.7586056156172,196.56085978363012,207.67687703716976,196.07629141525359,207.48081052699035,196.30960516128081,207.72386634813796,196.35635857342308,207.73654630267959,196.44857393392806,207.80312503585998,196.4577727636271,208.014001414776,196.83172811210056,208.08709011349254,196.557514124032,207.62661753897439,195.9331423023045,207.49818022097458,196.74992762801776,208.55265180909859,197.09925078097291,207.98799196154999,196.43397871720407,207.89176308197807,196.49700017586943,207.82154506835428,196.51661388199057,207.71155677904528,196.1051039510738,207.63488832548921,196.67854202035713,208.14169925411085,196.62555407209445,207.83675443922544,196.45526525312434,207.71161630464917,196.24407272372102,207.73333564105636,196.52079769068411,207.58826810773724,195.93230415320917,207.41102113218645,196.31211614017528,207.63892710806701,196.22278618780075,207.73333564105613,196.54208422660432,207.94748220719941,196.72362260270032,207.85196368960712,195.89224206026316,207.48368133257219,197.20819097107687,208.37321398102705,195.43314056810868,206.81702353130262,197.47237144874276,208.81958563606617,194.95944039083855,207.46375487976286,200.60009413265581,201.62270926814489,203.4365094437004,201.23348167408514
214.80863678824119,213.45776186630982,213.66455405460027,216.00905000582497,208.90692495536626,220.09894842540297,207.44197295132932,219.6225739080086,207.64478623722741,219.60226652171809,207.94952335861589,220.39137123606284,208.15986795236387,219.49467197473447,207.41093248989719,220.06805885287889,208.27920648338363,219.72843491187396,207.32377340110912,219.90024479661119,208.60405028809348,220.54287373450941,207.96874239537911,219.61355135753894,207.62266739868593,220.00610580047655,208.26788772719718,220.30911079736993,208.08822909429196,219.85460330202991,207.89241391835372,220.20324979350451,208.13197862695125,219.81798435791833,207.76582594313291,219.99881679312512,207.95217182615295,219.77407640645526,207.7824851546485,219.99881679312514,208.02776082451331,219.87993741032065,207.76187580284451,219.72843491187399,207.65660766189637,219.72843491187399,207.8541240127204,220.03143990876734,208.12216935750251,220.05903630240928,207.88812380153473,219.58595496389697,207.30029336421242,219.67550440994131,208.27519669700209,220.6763311320168,208.66332005146893,220.21053880085591,207.71812627018511,219.613551357539,207.6887871041281,219.88895996079032,207.87294354734917,219.53302446196423,207.28798379511969,219.60226652171812,208.02958117109603,220.09565524652089,207.87905401075099,219.80669952209746,207.92940215123568,220.00610580047658,207.86890476477154,219.88722641767211,208.00104100930761,219.86362585249955,207.56719960770585,219.64790801629931,207.88204245481847,219.75776484863417,207.44672209588677,219.49640551785268,207.72361501389662,219.87993741032068,207.97377340358531,219.79438379274575,207.34558137980548,219.70413169711406,208.75590965059746,220.45958240228578,206.74137347412727,218.92231599012078,209.2020896174883,221.19020115046453,206.30201291989559,219.26505920265348,211.96355063441632,213.23011797597837,215.14655459100914,212.61750929783429
203.25810989454223,201.80304502846747,201.77843549899893,203.98529650135126,197.45610340221967,208.24116791199157,196.33088822880936,207.82549520864285,196.5157792012869,207.7730463911378,196.64600245891936,208.26612690621837,196.55500661352923,207.2984744303518,196.06085804943424,208.21836770766669,197.08130990465079,207.6822480219065,195.82587147360798,207.70140753306589,196.98156854424587,208.22703799631611,196.38889466646916,207.48948081563964,196.22529716669524,207.93551261463736,196.85384932872449,208.28315662367203,196.78664752975737,207.84653459198879,196.41018120238937,207.94236255670421,196.52497803098592,207.73219666025679,196.51159539259339,207.95939215366869,196.33089169720103,207.50429068437617,196.41519969178668,208.14493903241961,196.76954133413889,207.88127385946802,196.48947417596952,207.86643358181311,196.40060447506258,207.70760663875691,196.38805998576549,207.77779553569502,196.47738646974824,207.92320304554468,196.55751412403197,207.6540478366486,196.12639048699404,207.70831700073632,196.61468241259644,208.10912030974472,196.85719498832262,208.02446152060048,196.26368642984224,207.42290208245933,196.24909121311819,207.83243379299881,196.37179193924248,207.35712235354774,195.91018293658522,207.68267664072638,196.7728869937371,208.0436805573637,196.32587320780388,207.60270888325755,196.56085978363009,208.27118703110975,196.89307674096685,208.13661013302283,196.84966898842271,208.072220719152,196.33005354810564,207.66922809083417,196.58047348975126,207.78208565251404,195.97571190575337,207.25250504897537,196.18439692465387,207.74990621028246,196.47487549085383,207.65188751353546,195.97906103374314,207.78757580894768,197.53455475831268,208.69228871158796,195.74658196841958,207.09697894304307,197.73115207099204,208.99072214821518,194.84631986043286,207.20412848938889,200.53874550378967,201.89189359372628,203.5508793280658,200.78654283088287
215.11688808892418,213.50883584357877,213.37138024759992,215.82092856326685,209.11240123286012,220.65429020260814,208.08839178624396,220.15760829892324,208.08106829238017,219.79767697162779,207.77079742573522,220.09565524652086,207.95334133635987,219.57293658495794,207.73068717351919,220.38234868559314,208.42211369358935,219.65519702365083,207.19968572553213,219.54933601978536,207.81364478777758,219.59324397124843,207.36283331481496,219.56564757760648,207.87189320883914,219.98579841418604,207.97272306507503,219.92384536178375,207.79556473181381,219.61857807953919,207.55889982499443,219.67550440994128,207.64759739671649,219.61857807953913,207.79911536996767,219.93286791225339,207.74126645104062,219.60053297859992,207.79226542790101,219.99482096465567,207.82444487013265,219.62986291536006,207.71161630464906,219.92557890490195,207.9329527893897,219.79038796427633,207.65410736225249,219.62986291536004,207.69745739277744,219.93286791225339,208.0274208479826,219.93286791225336,207.88195381252928,219.84331846620904,207.64034795251519,219.54760247666724,207.68119768339642,219.89624896814175,207.86859390492631,219.74474646969506,207.77128557015897,219.73745746234368,207.51154012857734,219.39783352133867,207.49963006161906,219.93286791225339,208.31749638901692,220.12098935481163,207.58462882729378,219.49467197473447,207.89392340509133,220.29279923954883,208.14854919617753,219.98579841418606,208.15730812711612,220.03543573723672,207.45903166497939,219.4670755810925,207.98552077859145,220.05174729505788,207.57547039422079,219.36121457722706,207.53735777316589,219.84331846620907,208.07719220175449,219.9531752985439,207.41688026134679,219.68608659617476,208.86367809118954,220.89777833980466,207.24892388141367,219.00058060034431,208.90001548769567,220.81622055069917,205.92111001343366,219.13889081249755,212.24353504235299,213.76688591001124,215.60443700642634,212.68843563907066
203.43719733720593,201.92943018377892,201.79763800025577,204.19037327671077,197.91269391547968,208.77512868736059,196.80793059728592,208.15946845022947,196.72864456048919,207.80207469734978,196.36760813054892,208.10374932500801,196.83423909099503,207.92431303014783,196.6205355826973,208.30342599894536,196.80793406567759,207.57055855771148,196.02246878628733,207.68091581974733,196.36593876914159,207.41068115565594,196.02079595648823,207.83749391789038,196.85301464802083,208.09360007902862,196.53455475831268,207.76187580284457,196.31127799107986,207.60017817469532,196.25076404291733,207.6331275045103,196.23821955362013,207.62226789655139,196.48407778894449,208.13447892659505,196.86928269454384,208.12148940444135,196.72446075179568,207.93301231499359,196.26703208944036,207.47029089556196,196.20986380087589,207.77813551222567,196.51326822239244,207.78720530300942,196.37346476904153,207.75826563908669,196.4970001758694,207.98617161496728,196.66394680363319,208.07083040411149,196.8479961586236,208.0907293939359,196.35719672251849,207.48916995579458,196.2398923834192,207.98657111710168,196.85636030761898,208.12472918275017,196.61802807219453,207.72713653536513,196.16561789923637,207.65404783664869,196.51828671178964,208.13444980990968,196.99449093117082,208.13518928857474,196.31127799107986,207.59909871950001,196.60008719587245,208.04803019978675,196.26703208944033,207.43126151126376,196.45693808292336,207.82086370257122,195.91269044708801,207.31408330335722,196.70568519476993,208.33239477955365,196.57963534065587,207.58357848878367,196.24742185171087,207.95689197451387,197.03957151351401,208.39567420882122,196.38889813486091,207.66274865470561,197.29249896566242,208.71178819927783,195.74658196841966,206.83800338904481,197.43147120670133,208.87459427881888,194.85050020073464,207.17833996148576,200.48073906612973,201.93595398623083,203.92212343039603,201.48193470722089
214.77155101875047,213.45590534164603,213.67561470050592,216.19717144838333,209.25490894093147,220.42954981593823,207.68579866006036,219.92384536178375,208.08248913682843,219.88722641767214,207.78745663725078,220.10467779699047,208.17001719834326,219.94917947007451,207.96075347251306,220.18520469256518,207.96596176529766,219.52000608302518,207.50608050155139,219.90926734708083,207.91709258214297,219.58595496389697,207.5480692132318,219.96219784901353,208.17933832336846,220.11196680434202,208.04294107869882,220.00610580047655,207.84761404718432,219.79038796427633,207.83169431433384,219.91655635443226,207.85628433583369,219.87091485985107,207.97676184765288,220.24715774496755,208.39527470668679,220.25618029543719,207.9333522915241,219.65919285212021,207.51298996922188,219.64790801629931,207.75175567355058,219.67550440994131,207.54698975803626,219.58595496389697,207.73367561758673,219.92557890490193,208.00314168632792,219.96948685636502,207.89682320686964,219.9604643058953,208.04655124245662,220.01512835094624,207.8005943272978,219.68452696041089,207.73148617778801,219.98979424265551,208.12216935750251,220.08437041070005,207.97386204587445,219.89122224614147,207.81287477970508,219.88895996079037,207.93335229152405,220.11196680434196,208.28892711054314,220.18520469256521,207.82228454701945,219.77008057798585,207.99558138228161,219.81069535056687,207.17617657194998,219.09083269597593,207.63713729089184,219.73016845499222,207.19638642161954,219.2789541385342,208.07091904640063,220.38234868559312,207.98963361083202,219.54933601978539,207.39268974198134,219.72843491187396,208.3025383523873,220.46460912428597,207.78803342396372,219.5965371501305,208.56669308248473,220.5671769492694,206.76960277607046,218.63562255104858,208.92969463028351,221.22682009457608,206.47274992991007,219.27408175312311,211.84165227814896,213.21380641815728,215.46628151453683,213.27042519723929
202.4768971712931,201.49881057556149,202.0493038274694,204.43203866232847,197.60259817476685,207.98108249387943,195.99699844167358,207.8855639762871,196.95275600842575,208.06787107672932,196.45860744433077,207.85372451058606,196.45191959352621,207.74521659132904,196.58130817045492,208.17677849812068,196.64266026771296,207.62473907950994,196.32670788850743,208.01900189357465,196.60594036597334,207.59323959033938,196.1818859457594,207.79766540883401,196.5362275881117,207.9441829032867,196.77121416393805,208.12867932303854,196.53622758811173,207.80238555719504,196.57712783015313,208.14709935553307,196.83758128220148,208.11853007705926,196.65558265463784,207.96081299811686,196.62388124229545,207.83814475426601,196.12471765719502,207.23658531612472,196.01577746709103,207.79445474721052,196.66227397383415,207.70510633911297,196.03873683281029,207.40121186273765,196.24909121311831,207.79405524507618,196.49365451627122,207.82154506835431,196.51995954158872,207.87254404521474,196.43314056810866,207.6641679659426,196.22445901759986,207.5816694999117,196.31211267178352,207.77483620831291,196.45275427422985,207.78680580087502,196.49867300566845,207.96735208033846,196.61970090199361,207.81543460495269,196.33089169720105,207.90333317240575,196.85134181822175,208.16051878873949,196.49532734607035,207.75752616042155,196.58214631955036,207.76946522357608,195.91269044708801,207.28980414170215,196.47487895924547,207.84289389882323,195.97738473555236,207.39973290540752,196.72446075179573,208.2816471369344,196.56085631523842,207.42975202452604,195.80793406567759,207.36934328035113,196.60008372748078,208.1561386169092,196.20902912017218,207.40050291348024,197.05500487933338,208.46947185679525,195.49700017586937,206.7395851901633,197.54041139680527,209.11080015789986,195.16561443084464,207.26163743178543,200.15726415541621,201.35725286529595,203.50401319087285,201.55810140318818
214.05171640963457,213.13444948312599,213.8624409113624,216.392581898293,209.05159298655087,220.05330693082172,207.53462066333969,220.19422724303482,208.53318143809403,220.13730091263272,207.77483620831291,219.71212335405301,207.51449945595948,219.55662502713676,207.94813304357513,220.34572974148153,208.21407759084781,219.83429591573943,207.81287477970486,220.10467779699056,208.05235084601324,219.69181596776238,207.46779059591805,219.49640551785257,207.51805009411339,219.83429591573943,208.23215764681163,220.12098935481163,207.66996756949905,219.48738296738304,207.63602730628881,220.06805885287898,208.33085629661969,220.26346930278862,207.98583163843659,219.59324397124848,207.37514288390778,219.51271707567375,207.55534918684043,219.4507640232714,207.48331082663427,219.68452696041098,207.77202504882385,219.64790801629928,207.58496880382447,219.67550440994134,207.71377662776243,219.60226652171804,207.51154012857728,219.72843491187396,207.99919154603955,219.94189046272302,207.68227713859181,219.43445246545033,207.31948328429016,219.4597865737411,207.67576717305573,219.79038796427633,207.72679655883462,219.57693241342736,207.59727837291712,219.76279157063439,207.77128557015888,219.5769324134273,207.46054115171691,219.79767697162779,208.20682814664661,220.12098935481168,207.69529706966418,219.59324397124837,207.8501738724319,219.99881679312514,207.77557568697807,219.79038796427636,208.08822909429188,220.0354357372367,207.62035890767956,219.74474646969509,208.20401698715764,220.1942272430349,207.77153690440025,219.45978657374107,207.31596176282153,219.50369452520411,207.93468449368308,219.90926734708086,207.21174396038356,219.21300525766245,208.33918660873852,220.51424644733666,207.06186763641429,219.03719954445589,209.07766196538071,220.87817360310154,205.91204022264986,218.94348036258782,211.71830408123702,213.09666057847099,215.31643450280725,213.07270320034274
202.55033418368214,201.75148724930068,202.52120125574771,204.9091704483622,197.8701208436392,208.23613831650752,196.43314056810871,208.27448633502254,196.97906103374314,207.87115373017409,196.30625950168266,207.71235578331408,196.18606975445292,207.53291948845381,196.5591869538311,208.26217676592998,196.80876874638128,207.84872403178741,196.45861091272252,208.03072015189534,196.72111509219761,207.8346536417159,196.20735629037316,207.37267170094935,195.99950942056807,207.80602483763826,196.92979664270641,208.05019052290004,196.16729072903544,207.22686468896524,195.93481513210367,207.7275360374995,196.78413655086285,208.19815785799716,196.64767875711016,207.49240973410338,195.83005528230143,207.55358836586171,196.63847992741114,207.98657111710168,196.45777276362702,207.55312933812348,195.99783659076897,207.46739109378362,196.456099933828,208.08202998860094,196.68021485015618,207.61575793101537,196.04375532220757,207.68918660626247,196.63764177831573,207.90117284929255,196.31462365067804,207.42984066681535,195.97236971454691,207.50582916731011,196.43732437680222,207.90447215320518,196.47320612944645,207.53726913087669,196.04040966260939,207.49346007261357,196.2474183833192,207.60088853667489,196.26703208944033,207.85628433583378,196.80876874638128,208.01835105719894,196.24909121311822,207.51120015204694,196.43063305760595,208.04078075558573,196.64516777821567,207.9282631704364,196.64266026771293,207.95794231302412,196.45442710402895,207.96340194005001,196.8308934313969,207.9706513842512,196.24574555352009,207.56549843281985,196.33172984629647,207.88130297615348,196.76786850433984,207.82052372604056,195.74407445791695,207.22794555688284,196.93732264260638,208.40755374637203,195.83088996300521,207.27823558448597,197.76619914293252,208.6463483264078,194.36760466215719,206.86327489681719,200.23450293317762,201.60712951182495,203.6589920394409,201.39940294283753
214.59888248366377,213.7042462934885,214.44939151871375,216.89499317356555,209.37859711437406,220.2943588753127,207.7813461738489,220.15760829892329,208.01912106527161,219.60053297859989,207.60665902354594,219.87264840296919,207.7336756175869,219.61857807953913,207.89753356884907,220.18520469256526,208.02918166896163,219.7244390834046,207.6570071640308,219.81798435791828,207.87180456654986,219.84331846620907,207.74274540837058,219.63888546582976,207.65765800040651,219.96948685636497,208.15005868291516,219.87993741032065,207.5473297345668,219.45978657374104,207.44792072277917,219.59324397124843,207.82080558968934,220.02241735829767,208.01440091691055,219.70083851823199,207.46233096889199,219.74874229816453,208.0943395576937,220.13001190528126,207.94887252224012,219.6225739080086,207.32238308606844,219.54031346931575,208.01110161299775,220.20324979350445,207.92104272243139,219.44347501591997,207.31405277394958,219.63159645847824,207.82154506835437,219.81798435791833,207.79951487210215,219.7537690201647,207.70470683697857,219.76505385598563,207.79661507032392,219.73745746234363,207.67070704816419,219.5949775143666,207.47430056145424,219.47107140956192,207.61029830398931,219.88895996079032,208.0436805573639,220.05903630240928,208.05886081154918,219.91655635443229,207.62911783861833,219.65519702365083,207.90043337062733,220.00610580047655,207.80562533550389,219.67150858147193,207.76082546433432,219.90753380396262,207.87831453208594,219.96549102789558,208.10485930961116,220.01339480782801,207.77375675311734,219.78136541380672,207.85671295465363,220.10068196852114,208.3684662491919,220.06303213087864,207.28187333171803,219.46307975262312,208.52263268998024,220.46860495275538,207.02348908849163,219.21629843654455,209.24444883510691,220.89448516092259,205.96664936326815,219.20483969336928,212.00661880129243,213.19523257498497,215.27953491221464,213.05639164252162
202.97315396319226,202.05404766546599,202.6587956784096,204.88745111195516,197.74909294731404,208.09357108283243,196.33005354810572,208.07947016335328,196.64098743791385,207.66237814876754,196.41352686198758,207.99697169732229,196.43648622770684,207.63704864860262,196.57712783015307,208.21802773113617,196.70735455617734,207.74521659132895,196.32587320780374,207.77483620831305,196.4389937382096,207.87214454308025,196.57880065995218,207.93548349795196,196.6597629949396,208.0939400555591,196.58549197914849,207.64719789458184,196.24239989392197,207.86063397825654,196.60176002567152,207.81793490459657,196.43648622770687,207.91379327823037,196.57712783015313,207.79982573194724,196.37095379014713,207.81858574097225,196.54208075821256,207.87214454308037,196.47571363994922,207.71812627018511,196.22195150709712,207.77384539540668,196.81044157618032,208.03461076657993,196.12471765719502,207.06584830611027,195.80542308678307,207.53865944591743,196.3759722795443,207.81213530103986,196.61635524239543,208.07438104226534,196.7933353805619,208.08774094986816,196.47069515055196,207.47060175540705,196.02330346699097,207.60773847874168,196.34715974372409,207.59113879282998,196.28831862536057,207.96084211480232,196.83172811210059,208.06176061332758,196.51661388199059,207.76187580284437,196.32921886740201,207.83385463744688,196.72864109209755,208.03427079004919,196.34883257352314,207.54593941952592,196.3930784751627,208.0501905228999,196.70400889657913,208.01977190164709,196.79082787005919,208.27695751798097,196.86844454544845,208.06497127495106,196.51995954158869,208.06713159806429,197.09841263187755,208.29105690424879,196.20819097107679,207.65407836605627,197.2449108728164,208.43004297036248,195.61886275289822,207.23698635147045,197.91771240487691,209.05545153861658,195.08046828716374,207.5123130825832,200.40851877776552,201.23967515525516,203.21185832648214,201.42895360271967
214.5595647757205,213.45676399199567,213.91992209366461,216.33965139636035,209.01685371907172,220.10623743275437,207.68909796397293,220.24715774496758,208.40619396073905,220.07534786023041,207.91774341851851,219.96219784901351,207.71741590820577,219.68279341729277,208.030631509606,220.34572974148151,208.13157912481691,219.78136541380667,207.77563521258173,219.94588629119247,207.82262452354996,219.7374574623436,207.8291940146899,219.98979424265551,208.0244615206006,219.94189046272302,207.74925537390666,219.66648185947165,207.77739603356065,220.15760829892324,208.2998158351875,220.12098935481163,207.9713022206268,219.95317529854393,207.79951487210215,219.72843491187399,207.80346501239049,219.94189046272305,207.87800367224082,219.77234286333706,207.79587559165887,219.82700690838794,207.68952658279304,219.80669952209746,208.11892957919358,220.00610580047658,207.49488091706175,219.17309313466882,207.25620385502253,219.5420470124339,207.67681751156587,219.82700690838797,207.99308108263784,220.09565524652095,208.19229872883673,220.21956135132558,207.96124161693675,219.57693241342733,207.45508152469088,219.82700690838797,208.03032064976102,219.79038796427636,207.55673950188117,219.72843491187402,207.95399217273564,219.93286791225336,207.77088606802448,219.62257390800855,207.50036954028411,219.70083851823205,208.06861055539429,220.08836623916946,207.66746726985545,219.45076402327138,207.74018558312287,220.09738878963907,207.95248268599812,219.76505385598563,207.91783206080797,220.29279923954883,208.40138517008859,220.15760829892329,207.76807490853545,219.96775331324676,208.53235331713972,220.4809206821071,207.59511804980383,219.43774564433241,208.30814614730633,220.23657555873399,206.80533285645612,219.14705637679069,209.30596744339579,221.0459876593693,206.2762839175962,219.40927269374868,211.81888260323174,212.60553413901943,214.70191446364328,212.93253479935254
202.76232042671211,201.62445207054105,201.93309415329256,204.33401996558138,197.66143929313037,208.24338776070863,196.43314056810871,208.29256639098639,197.22864282629334,208.2003181811105,196.43314056810868,207.73043583927799,196.30877048057712,207.74200592970556,196.68439519045805,208.22092753291454,196.62304656159179,207.60850848681426,196.30960516128087,207.82342352781882,196.2252971666953,207.31843294578005,196.16143755893455,207.8259238274627,196.4611184232252,207.58752862907227,196.19899214137783,207.78720530300967,196.68774085005612,208.21657789049164,196.85134181822175,207.99194210183833,196.51494105219149,207.85702381449869,196.35385106292037,207.61865773279368,196.39307847516264,207.95513115353506,196.59925251516881,207.89398293069513,196.63931460811474,207.95177232401858,196.31713116118078,207.66561792707634,196.61802807219456,208.13268898893088,196.60008719587242,207.68523646597399,196.24825653241459,207.5788583404227,196.18355877555848,207.67326687341202,196.47822461884365,207.83425413958159,196.51494105219152,207.97355118602948,196.58465729844485,207.7612249664688,196.38638715596645,208.06216011546198,196.89726054966039,207.90367314893632,196.14265853351708,207.54988955981452,196.43230588740502,207.84761404718432,196.4151996917866,207.50937980546425,195.89224206026313,207.36613261872787,196.47571363994919,207.97855166482816,196.26703208944031,207.30822417419685,196.22780467719807,207.82697416597284,196.20484531147869,207.20480537602762,195.97404254434599,207.76551508328788,196.68774085005609,207.9199923839212,196.3070976507781,207.86430378810743,197.12221014669217,208.38990372195025,196.10092361077204,207.14220731254315,196.57880065995221,207.97491097166264,195.41938003208841,207.02934975086328,197.61468588098813,208.64850864952112,194.74908601053065,207.35416609258817,200.35385799970373,201.08189855070898,202.90250972427484,201.03121187654767
214.38689624063377,213.20842304015321,213.57011776151657,216.23379039249494,209.31167840466313,220.42954981593829,207.72127740620465,220.11196680434199,208.40875378598662,220.03872891611877,207.55560052108166,219.57693241342736,207.67622620079416,219.77008057798579,207.95714330875509,220.09565524652095,207.85924366321589,219.48338713891363,207.5299601610717,219.63159645847819,207.23664484172866,219.00128324993173,207.46634075527351,219.97850940683458,207.83672532253985,219.45805303062284,207.5589884672838,220.0843704107001,208.35254651634139,220.21782780820737,207.9247125322822,219.6991049751139,207.67573805637045,219.93286791225333,207.95689197451384,219.70812752558348,207.60014905801009,219.7650538559856,207.80892463941652,219.89624896814175,208.10985978840981,220.10467779699059,207.75536583730835,219.5932439712484,207.79010510478781,220.14129674110222,208.15795896349195,219.94189046272297,207.80025435076709,219.71212335405295,207.58132952338116,219.6551970236508,207.76372526611263,219.65519702365074,207.4890813135053,219.59324397124846,207.77964499896325,219.89624896814175,207.95464300911127,220.11196680434199,208.17538818307997,219.93286791225336,207.64173826755604,219.72843491187396,207.8689934070608,219.82700690838797,207.708656977267,219.50542806832232,207.23377415663572,219.40512252869019,207.94995339015793,220.10467779699053,207.63852760593247,219.30428824682502,207.62226789655151,219.90024479661116,207.56757011364388,219.1690973061994,207.26672360693999,219.59324397124846,207.72525807590077,219.65519702365074,207.52754850371718,219.6715085814719,208.131150505997,220.14129674110214,207.44792072277912,219.3554852056395,208.24082793546097,220.19995661462249,206.78981262573998,218.89471959647889,208.8429060474335,220.59148016402926,205.90263045533544,219.3726537496371,212.29419404268285,213.28478202102929,214.95980798868689,212.40347574311659
202.58254760156768,201.49225709028809,201.86747722891843,204.46347862589519,197.99867473986427,208.42057521065556,196.22696652810271,207.83746480120493,196.80626123587851,207.94853254570961,196.26953959994316,207.68588730234967,196.45359242332526,207.79911536996767,196.54208075821262,208.05670048843601,196.55333378373012,207.59619891772147,196.33507203750281,207.77341536386461,195.99281810137171,207.20005623147026,196.48240495914541,208.39962434910962,196.77911806146574,207.62368874099963,196.38015608823778,208.3088261003673,197.15892658004014,208.24517757788377,196.53873856700619,207.70075669669012,196.39391315586636,208.14459905588905,196.93314230230456,207.93838329973011,196.32838071830662,207.73068717351916,196.35301291382493,207.74805686750344,196.62555407209453,208.09794972145144,196.53037441801081,207.60310838539203,196.2916642849587,207.90762328922472,196.58130817045495,207.81173579890557,196.47571363994919,207.89497374360153,196.49532734607033,207.85628433583364,196.58047348975128,207.7875452795399,196.16394506943729,207.57191975606668,196.49365451627125,208.06531125148157,196.7524351385205,208.06787107672935,196.65892831423594,207.91345330169966,196.4970001758694,207.96084211480232,196.62304656159174,207.73003633714342,196.18355877555851,207.52529953831444,196.14349668261247,207.81759492806583,197.0370640030113,208.34791501026956,196.33256452700016,207.39908206903189,196.49449266536666,208.28534594298154,196.68439519045799,207.7217365544322,196.52079769068411,208.05670048843601,196.57461685125864,207.70180703520026,196.16812887813083,207.51765059197899,196.4323024190133,208.01940139570891,196.43565154700315,207.90080387656548,197.35050540332222,208.4394527376769,195.53455475831265,206.94290114454395,197.5454298862025,208.77222593964905,194.76284654655097,207.33722643014582,200.7474270542985,201.96748259208667,203.52959279214554,200.77713306356847
214.5595647757205,213.29797248619761,213.56070799420229,216.14424094645062,209.21075990613775,220.34000036989394,207.61961942901442,219.85460330202994,207.99203074412773,219.84331846620901,207.80701565054457,219.94588629119244,207.79124408558718,219.60226652171806,207.80306551025618,220.17791568521375,208.04334058083319,219.74474646969509,207.87328352387985,220.08107723181797,207.78248515464844,219.72843491187402,208.18948756934782,220.46460912428603,208.08558062675502,219.72843491187402,207.79414388736544,220.1046777969905,208.16332994822869,220.1485857484536,208.04953968652418,219.93286791225339,207.95208318386364,220.28377668907916,208.31829539328572,220.02241735829773,207.88590395281761,220.05174729505785,207.95183184962232,219.69181596776238,207.6605578021848,219.86362585249955,207.81543460495269,219.6551970236508,207.71411660429297,219.82700690838792,207.67903736028299,219.48738296738298,207.53470930562906,219.7830989569249,207.87979348941596,219.95317529854384,208.07552002306485,219.99881679312517,207.73472595609692,219.77407640645521,207.99993102470441,220.14129674110214,208.04038125345116,219.93286791225339,207.86899340706077,219.85460330202989,207.83490497595724,219.94189046272305,207.93881191854999,219.67550440994128,207.45218172291271,219.5696434060759,207.69933585224183,220.08437041070007,208.58119197088703,220.31310662583928,207.4149712724749,219.22602363660155,207.91709258214303,220.48491651057648,208.12716983630099,219.79038796427636,208.10562778447249,220.4482975664649,208.22478903091357,219.86362585249958,207.6201962157275,219.63888546582976,207.87245540292548,220.10867362545989,207.81731306441711,219.89225313967239,208.73816957116429,220.4889123390459,206.76164284940054,218.81645498625539,209.03459238578276,221.04772120248748,206.14719564273145,219.1501756483184,212.01454961127683,213.42726196900631,215.26871074151384,212.48145970685908
203.15292678833669,201.82702854625663,201.91180761737229,204.13144348986575,197.43314403650041,208.13305949486889,196.41185403218844,207.958681791689,196.47822461884357,207.57376921933485,196.39224032606725,207.91237243378208,196.18439692465384,207.24170496662026,196.2866457955615,208.15869844215698,196.68774085005617,207.67468771786025,196.41101935148481,207.97460152453965,196.49867300566851,207.8494343937671,196.72111509219761,207.96769205686908,196.25494438321911,207.51805009411365,196.28079262546063,207.64864773522666,196.29249896566233,207.87544384699322,196.6835605097543,207.93187333419411,196.57963534065587,208.12577952126031,196.70484704567457,207.80457499699384,196.47905929954729,208.10704862892081,196.68105299925159,207.58758815467596,196.05667770913246,207.65478731531368,196.42021818118383,207.74194640410181,196.49532734607033,207.85452351485483,196.28581111485786,207.30976265713056,195.87262835414197,207.42728084156752,196.24909121311831,207.7300363371435,196.55751412403197,207.83820427987007,196.26870491923944,207.60924796547931,196.45693808292341,207.88275281679805,196.38805998576549,207.65700716403086,196.39642413476085,207.7904450813183,196.37095379014707,207.72062656982908,196.41436501108291,207.66095730431934,196.20317248167962,207.62621803684002,196.35217823312124,207.90944363580755,196.89307674096685,207.92499286271993,195.7449091386205,207.01049968682699,196.4773864697483,208.22015752484197,196.26786677014397,207.12733791820281,196.20233780097601,208.0892199071983,196.64767528871837,207.68193716206136,196.24240336231375,207.69825639704632,196.60259470637516,207.94711170126149,196.03622932230763,207.3632038207532,197.00034410127165,208.3518346211506,195.43314056810871,206.63937705361758,197.32838418669826,208.80801554563851,194.85217303053372,207.13459042882644,200.33089863398445,201.5887094793305,203.31677141054632,200.75062710258467
214.85169069748048,213.50240548657692,213.66452629450583,215.90318900195967,208.62546017737765,220.00037642888893,207.84101543935873,220.06076984552746,207.6765661773247,219.22602363660155,207.47100125754136,219.81971790103651,207.47285072080962,219.18038214202031,207.63528782762373,220.1666308493929,208.02952164549208,219.60955552906955,207.55284888719666,219.74474646969514,207.81028595826098,219.90353797549315,207.91206298665895,219.55662502713682,207.27382488324804,219.42316762962943,207.54633892166041,219.45076402327143,207.4923210918142,219.8962489681418,208.14971870638442,219.97677586371637,207.83055533353436,219.89624896814178,207.81148446466429,219.5932439712484,207.54949005768006,219.75376902016473,207.77023523164885,219.54031346931578,207.47100125754139,219.7374574623436,207.90407265107078,219.93286791225336,208.00530200944112,220.0061058004766,207.79300490656607,219.47609813156222,207.33139335124835,219.43445246545028,207.48587065188178,219.52902863349487,207.66601742921083,219.69181596776241,207.57737938309268,219.57293658495789,207.73765628728279,219.74474646969514,207.53323034829899,219.55662502713676,207.83715394135973,219.99482096465573,207.87180456654988,219.77234286333706,207.80207469734984,219.89624896814172,207.93221331072471,219.827006908388,207.55318886372717,219.57293658495786,207.94634322640002,219.84731429467845,207.12375675064123,218.9736868562897,207.7297254772983,220.06076984552746,207.41886329988162,218.91000026076915,207.29751273413086,219.80669952209743,207.77295774884851,219.55662502713679,207.5051783309344,219.56564757760643,207.82179640259565,219.7830989569249,207.13146534306981,219.1949601567232,208.41403612843391,220.50296161151581,206.80542149874535,218.51847671136233,208.56505143320268,220.81622055069914,206.25607406792665,219.40527686527929,212.19904603102864,213.36530891660391,215.11644561243361,212.47271780287045
202.94245765995768,201.79865186630727,202.11873185126777,204.25874182706636,197.26787023853561,207.96442328236392,196.51912139249345,208.02014087437405,196.14182385281333,207.02030895627581,196.03706400301138,207.953961643328,196.45777276362708,207.49744074230944,196.43230588740505,208.15184850009015,196.68606802025704,207.72318639507677,196.26452457893757,207.8497743702975,196.81294908668309,208.33415560053234,196.76703382363618,207.58718865254144,196.03539117321225,207.67110655029848,196.39642413476085,207.57450869799979,196.26703208944039,208.04334058083307,196.97404254434599,208.14064891560062,196.51995954158872,207.79300490656598,196.41269218128386,207.6486477352264,196.16059940983916,207.58166949991167,196.37597227954421,207.74589654439021,196.37262661994615,207.81253480317443,196.5550066135292,207.98293183665828,196.72529543249942,208.12827982090414,196.64684060801471,207.81463560068389,196.43314056810874,207.85122421094221,196.38973281556451,207.60634816370097,196.31295082087897,207.86643358181294,196.57712783015313,207.98253233452388,196.76786850433984,208.03387128791496,196.37429944974522,207.71337712562791,196.61970090199358,208.19525805621899,196.78915504026008,208.04550090394645,196.68188767995528,208.16557891363107,196.91770893648521,208.0436805573637,196.18105126505574,207.49784024444386,196.644333097512,208.06758921308037,196.05835053893156,207.10499686210539,196.31211614017528,208.12765798072468,196.49365451627128,207.58903811580959,196.52163583977949,208.08822909429193,196.59590338717891,207.7806953374733,196.29250243405411,207.53647012660772,196.35050193493052,207.83638393328712,196.10343458966645,207.62880839149503,197.38638715596645,208.62033899367088,195.52330520118684,206.70163526106066,197.4118575005802,209.05730088139555,195.26702862104864,207.63060127509277,200.74742705429847,201.89115411506131,203.67835429873526,201.30660367115408
214.05394834808709,213.09511536400092,213.75834196457774,216.27943188707621,208.96477387429348,220.1518789273357,207.87285490505982,220.08836623916949,207.67872650043807,219.27895413853426,207.58857896758218,220.17062667786226,208.0852697669099,219.71715007605312,207.79735454898886,220.16889313474411,208.18470930810517,219.93286791225333,207.72466535240682,219.9002447966111,208.20315833679578,220.39137123606284,208.18297760381174,219.80167280009724,207.67792737567984,219.90926734708083,207.92974212776636,219.77407640645524,207.71266664315914,219.95317529854387,208.1503986594457,220.06805885287898,207.81648494346277,219.71212335405289,207.74959535043737,219.73016845499217,207.54516941145349,219.65919285212019,207.99342105916847,220.1666308493929,208.04038125345105,219.81798435791831,207.67292689688142,219.78136541380672,207.95754281088955,220.15760829892324,208.1196690578586,219.95317529854384,207.9278926644981,220.06076984552752,207.95868179168906,219.80167280009721,207.80997497792674,220.05174729505785,208.12000903438917,220.24715774496752,208.43652393970231,220.41896762970475,208.07585999959548,219.82700690838797,207.77853501436005,220.04272474458818,208.19485855408456,220.21053880085597,208.09433955769362,220.05903630240928,208.10045002109536,219.90926734708083,207.41497127247487,219.48738296738304,208.07552002306488,220.14303028422034,207.47208071273701,219.17309313466885,207.64799689885086,220.19822307150426,208.15209983433149,220.04046245923695,208.14977681926624,220.10867362545997,207.90898448757997,219.90926734708083,207.79093322574204,219.6388854658297,207.79396660278687,220.05574312352726,207.77606383140167,219.89225313967233,208.77941880417973,220.43598183711319,206.60065558323106,218.72690554021108,209.08525138611247,221.22682009457611,206.40944138395696,219.33829709087669,212.02179905547791,213.3743314670736,215.4686996318874,213.08144510433138
201.64922412710681,200.96948734598206,201.89895397789499,204.48593744096709,197.62388471068715,208.13521981798215,196.45108144443077,208.17717800025508,196.70819270527267,207.6935072524889,196.43314056810866,208.08887993066773,196.55918695383099,207.55494968470614,196.26870491923938,208.10695998663155,196.97320439525055,208.00169184568338,196.27205057883756,207.52456005964962,196.26201360004316,207.7752357104475,196.43815905750589,207.72022706769479,196.4118540321885,207.84431474327172,196.47738646974815,207.69890723342212,196.24239989392197,207.63522830201995,196.3989316452635,207.73398647743201,196.24072706412289,207.49633075770643,196.22947750699709,207.55386881678851,196.01912312668915,207.49567992133072,196.5762931494495,208.19565755835328,196.76786850433987,207.80852513728212,196.24909121311828,207.6475378711126,196.43648622770684,207.94893204784401,196.57462031965042,207.67943686241736,196.22780467719798,207.7586056156172,196.50034583546761,207.79331576641113,196.44940861463172,207.8790540107511,196.5020186652666,207.92826317043631,196.78580938066202,208.2017680217551,196.62137373179266,207.58752862907218,196.03873683281037,207.6858873023497,196.68439519045802,208.05920078807998,196.49867300566845,207.66021782565431,196.32587320780385,207.56398894608247,195.89642240056494,207.3469135819646,196.49365451627128,207.84900436222506,196.02163063719189,207.27709507047524,196.38638715596639,208.04143159196133,196.56420197483652,207.69810822915318,196.28497296576245,207.50929116317488,196.10426580197836,207.64247774622103,196.32838418669834,207.58718865254164,196.47404081015006,208.01039113052917,196.30793233148177,207.63519930582362,197.02497629678999,208.05121033200251,195.11300784860148,206.6780664613853,197.54375705640339,208.83584534544738,194.76535405705368,207.01846255943016,200.12221708347562,201.36080350344997,203.33588942498878,201.12143006728604
213.54386804354863,212.81213497425634,213.80495972906019,216.44551240022577,209.0863322540302,220.15916793468708,207.7393574621685,220.28377668907916,208.34652469522902,219.9654910278955,207.91339377609577,220.09565524652098,207.81074498599932,219.47436458844396,207.62186839441702,220.26346930278868,208.51032312088753,220.09165941805151,207.66601742921074,219.46707558109253,207.31729396498054,219.35219202675745,207.46995091903139,219.57467012807609,207.62911783861813,219.69181596776238,207.79877539343721,219.7813654138067,207.64719789458192,219.51271707567378,207.46779059591813,219.49640551785262,207.51805009411336,219.60226652171806,207.70726666222635,219.60226652171812,207.42580188423742,219.52000608302527,207.76949575298389,219.9767758637164,208.02628186718312,219.93286791225339,207.79084458345281,219.70083851823205,207.68588730234964,219.7813654138067,207.76008598566943,219.57293658495792,207.46270147483014,219.64617447318113,207.83351466091651,219.85963002403011,207.8179349045964,219.74474646969514,207.63744815073707,219.66248603100229,207.78791578547811,219.95646847742586,207.96192298272001,219.6991049751139,207.45403118618077,219.61857807953916,207.90043337062741,219.93286791225339,207.73219666025676,219.60955552906958,207.66567745268023,219.63888546582965,207.45798132646919,219.58195913542758,207.90589299765344,219.85460330202991,207.52126075573688,219.61857807953916,208.01770022082314,220.03143990876734,207.68184851977205,219.45805303062289,207.43712064042398,219.37752613504821,207.34361427805172,219.51271707567375,207.5868777926965,219.66248603100226,208.02298256327049,220.01512835094624,207.36292195710431,219.35548520563952,208.3258267011357,220.19995661462247,206.61256565018931,218.65366765198789,208.72316801427948,220.60050271449893,205.88671072248491,219.09498286103445,211.83804211439119,212.90853913591275,214.83765183818224,212.53952533409182
202.66976419293914,201.85260856773539,202.65016635683716,204.97500970287768,197.91102108568057,208.32147705871296,196.45860744433082,208.27769699664611,196.9936562504671,208.01292195958052,196.64516777821575,208.28099630055874,196.76536099383713,207.78541548583422,196.51828671178967,208.39422436817668,197.1647832185327,208.17464870441501,196.59841436607337,207.91999238392125,196.39642413476082,207.56549843281977,196.18105126505569,207.56333810970654,196.16645604833178,207.67582669865948,196.66060114403504,208.11605889410066,196.58549197914857,207.57200839835596,195.990310590869,207.43635063235126,196.29500994455691,207.91348241838512,196.70150138607636,207.94819256917893,196.51661388199062,207.9763623455184,196.68774085005606,208.06136111119324,196.72529543249945,208.00860131335395,196.4535924233252,207.64469759493809,196.28664579556155,207.86603407967874,196.66812714393495,208.00459164746169,196.60008719587248,207.99885156950899,196.69982855627731,208.04263021885373,196.58883763874664,207.85307367421018,196.44690110412898,207.86609360528251,196.58549197914846,208.19380821557431,197.0779642450527,208.28966658920814,196.56085978363006,207.7608254643344,196.47487895924553,207.94242208230784,196.53790041791081,207.92215270703443,196.68690616935245,208.0209108824464,196.53622758811176,208.01696074215803,196.85385279711622,208.13163865042068,196.55416846443384,207.98512127645705,196.79668450855181,208.02710998813748,196.40767369188666,207.78985377054639,196.56253608182092,207.82493301455628,196.32754603760293,207.74925537390672,196.45693808292336,208.02267170342529,197.06085804943433,208.20574727872886,196.01996127578454,207.40781188328515,197.11301131699329,208.45540158721283,195.63224539129078,206.90495121544129,197.34549038231677,208.54147968759401,194.72696479390677,207.38535472191342,200.54041833358869,201.42633189812031,203.237237660506,201.17917921164494
214.77004675590698,213.65203301938885,214.17481212004998,216.56439178303023,209.27156815244709,220.41323825811716,207.81673627770397,220.05174729505785,207.92875131486005,219.59324397124846,207.708967837112,220.2764876817277,208.29660517356422,219.79038796427633,207.65944781758165,220.03543573723675,208.04914018438976,219.81798435791831,207.84866438569452,220.13400773375071,208.11133874573972,219.83602945885758,207.69964671208703,219.64288129429909,207.43305132843867,219.54933601978539,207.94927202437464,220.20324979350451,208.07512052093037,219.72843491187402,207.52785936356233,219.62257390800858,207.74339624474626,219.92557890490195,207.99342105916847,219.98979424265542,208.04473089587387,220.23986873761609,208.24699651174447,220.10467779699056,207.98722195347736,219.81069535056685,207.46128063038196,219.45076402327138,207.76187580284454,220.23084618714648,208.38876474115082,220.30911079736993,208.24409670996602,220.23084618714645,208.09104025378099,220.05903630240934,208.01150111513218,220.00610580047655,207.97130222062682,220.10467779699056,208.17066803471909,220.37332613512351,208.57903164777363,220.42799018017433,207.88994273539535,219.585954963897,207.66746726985542,219.97348268483435,207.96479225509069,219.94189046272302,208.08566926904427,220.12498518328107,207.91774341851868,220.02241735829767,208.28645592758471,220.28377668907916,207.98392264956465,219.84331846620907,207.81512374510754,219.74874229816453,207.64929857160226,219.9255789049019,208.17976694218831,219.99881679312514,207.72272724684939,219.79438379274572,207.87337216616913,220.12098935481163,208.4899940995212,220.2601761239066,207.38643111068663,219.43774564433232,208.51683308642367,220.46131594540398,206.85673133545097,218.87840803865774,208.92358416688165,220.82524310116884,206.13087640774663,219.356342191816,212.02904849967902,213.08034902064989,215.18990585763601,213.14825263555275
202.63906788970445,201.43042589885042,201.73280152162366,204.04530574339159,197.41687598997734,208.12108990230678,196.24156174482661,207.65228701566971,196.14768049130592,207.16355614301204,195.97069341635606,207.90907312986928,196.6476787571101,207.34040361642843,195.74407098952514,207.40661184367073,196.1222101466922,207.26191481628967,196.0591852196352,207.76326611788528,196.45442710402892,207.59974955587563,196.33172637790474,207.75385635057103,196.16059940983916,207.3375038146502,196.20819097107679,207.90833365120434,196.61718992309912,207.84647506638501,196.50201866526655,207.8349049759573,196.36593530074984,207.63883846577778,196.2507640429173,207.62871833648384,196.39224032606725,207.85412401272043,196.45359242332529,207.61936809477311,196.24574555352009,207.53214948038126,195.9373226426064,207.39396241853652,196.55918695383102,208.28460646431648,196.82670962270339,207.89028412464796,196.51828671178964,207.96729255473446,196.52246705209151,207.87541473030763,196.61300958279733,207.94523324179696,196.5045261757694,207.90688381055978,196.57545500035405,207.91015399778709,196.62220841249635,207.81031495445723,195.99783659076894,207.15084707178502,196.140985703718,207.87433386238999,196.41519969178657,207.48257134796924,196.26535925964131,207.79800538536472,196.31043984198448,207.72599755456582,196.74490913862061,208.1387399267287,196.45860744433071,207.53718048858744,196.13680536341616,207.43731232857229,196.04040619421767,207.67021890374056,196.60259470637521,207.70856833497774,196.07796077666094,207.47785119960818,196.20735629037321,207.69495709313361,196.67937670106073,207.94742256110652,195.97655005484873,207.38847379531421,197.02330346699094,208.20963777292434,195.28078915706888,206.75365545974569,197.56337076252456,208.91143434380774,194.93313536552111,207.17689000035202,200.1205442536766,201.22440625878031,203.35500743943123,201.49223303198738
213.88920511372214,212.66965502627929,213.05867273413048,215.64911867852959,208.77598733772263,220.16819048515671,207.63729998284379,219.7813654138067,207.71642509529946,219.34090719093655,207.35046422011843,219.87993741032062,207.97793135785986,219.38481514239965,207.15985733696499,219.54933601978533,207.66897675659291,219.44676819480202,207.54514041525729,219.78136541380667,207.62408824313408,219.42143408651128,207.6887871041281,220.07708140334859,207.95794231302389,219.60955552906952,207.62442821966488,219.90753380396265,207.92246356687957,219.94917947007443,208.1160588941008,220.12098935481166,207.87831453208588,219.73572391922545,207.71272628925226,219.67150858147193,207.57697988095825,219.52000608302524,207.43382133651127,219.47436458844393,207.72204741427734,219.82700690838797,207.5788583404227,219.52902863349487,207.94202258017344,220.15760829892326,207.76619644907109,219.32286208999727,207.38751197860424,219.80669952209743,207.95970313400292,220.02970636564913,208.14030893907,220.03872891611883,207.82404536799831,219.79767697162774,207.75107572048927,219.57293658495794,207.47171174001025,219.41414507915985,207.20736520127522,219.33188464046691,207.9029336702713,220.18294240721403,207.79877539343713,219.26993158806459,207.32744321095996,219.70083851823202,207.68804762546301,219.75203547704652,208.12438920621955,220.12098935481166,207.68548780021533,219.55662502713679,207.77714469931931,219.87993741032068,207.73574729841076,219.79767697162779,207.93162199995274,219.74474646969512,207.52376105538079,219.45978657374107,207.28699298221326,219.24233519442265,207.6207294136176,219.84731429467851,207.44937056342363,219.56894075648847,208.59461152458272,220.3790555067111,206.65668556829769,218.82374399360685,209.12761060373097,221.16087121370435,206.37396263781275,219.30167814676508,211.7899429393089,212.92485069373382,215.15737876170994,213.19244123349685
202.46113315359062,201.34610013562499,201.75413203514685,204.26676127933999,197.78414001925464,208.56894204788725,196.71153489647912,208.25492732172896,196.86510235424205,207.81108496252989,196.31713116118084,208.15730812711621,196.98947591016531,207.98188149814814,196.48073212934642,208.16020792889438,196.84883430771902,208.04445056543636,196.8121144059794,208.32844463926514,196.64015275721019,207.62087758151068,196.41436501108288,208.26186590608464,196.93648796190274,208.06037029828676,196.74407445791687,208.19204739459548,196.6247193913909,207.91530276496775,196.74407445791689,208.25171666010527,196.79250069985829,208.1366987753122,196.86844801384015,208.12222888310623,196.5182867117897,207.80241467388043,196.43565154700312,207.99774170539499,196.9765500548487,208.3222455335742,196.49449266536664,207.57342924280442,196.51828671178964,208.16159824393526,196.47905929954732,207.35567251290325,196.05751585822787,207.93341181712805,196.86928269454378,208.31684555264121,197.02330693538278,208.20361748502324,196.59674153627421,207.94498190755553,196.58131163884678,207.77387451209199,196.2916642849587,207.69899587571135,196.34632506302043,207.95945179976155,197.10594210016922,208.5653608803257,196.72278792199666,207.55139904655201,196.20735629037318,207.95547113006549,196.64266026771293,207.99419106724085,196.8717936734383,208.13237812908568,196.32921886740201,207.74095559119544,196.85385279711625,208.44457250866139,196.89391489006223,208.08939860449891,196.7211185605893,208.02355934998349,196.58549197914849,207.79414388736546,196.0754567345499,207.30501351257334,196.37931793914245,208.04515951469381,196.30542482097897,207.73302619393314,197.37095725853885,208.60987888784641,195.70735455617728,207.18567651476491,197.87263182253375,209.17308877426117,195.24406925532932,207.66608002123715,200.62556447726965,201.59962873338256,203.6568674955661,201.82838785238474
214.46553165652006,213.32887830114046,213.78185111816003,216.40560027723214,209.41117605874004,220.69090914671972,208.14920003255318,220.47189813163743,208.4829219398986,220.05903630240931,207.80411584876626,220.23084618714651,208.43877290510486,220.24715774496761,208.11776006898663,220.22355717979499,208.04481953816315,219.90024479661119,208.06750057079117,220.37505967824168,208.18948756934785,219.7813654138067,207.71772676805082,220.04272474458821,208.07117038064203,220.0224173582977,208.13302896546136,220.1137003474602,207.78103531400393,219.57693241342736,207.63528782762364,219.91655635443229,208.05269082254381,220.21053880085591,208.32875549911026,220.23084618714643,208.00638146463683,220.03543573723675,208.07119937683825,220.23986873761606,208.40502445053184,220.23986873761612,207.70220653733472,219.42542991498064,207.61970807130379,220.06076984552746,208.08236996513162,219.77407640645529,207.65228701566977,219.90024479661119,208.09104025378102,220.26346930278865,208.3178958911513,220.20151625038625,208.01471177675563,220.05903630240934,208.08782959215759,220.10467779699056,208.05414066318829,220.0883662391694,208.05093000156498,220.10467779699056,208.18328846365682,220.17791568521375,207.93986225706027,219.827006908388,207.91453275689526,220.03543573723675,207.88630345495216,219.84331846620901,208.00499114959598,219.93686374072286,207.54442993278866,219.54933601978533,207.93014162990059,220.09738878963907,207.85477484909629,219.72843491187407,207.84045324527241,220.00610580047655,208.05010188061067,219.90926734708086,207.55756762283559,219.58595496389694,208.09209059229107,220.12671872639919,207.32636234304238,219.33917364781848,208.50998314435691,220.60379589338098,207.09364757651147,219.08284103903716,208.99306270184042,220.81622055069917,206.19705563879251,219.59739413630695,212.25985427733792,213.18621002451533,215.39668536002674,213.61975809588228
202.45976238862923,201.45421851889594,201.93217151738281,204.39434006746706,197.66729246323126,208.16120015452285,196.32336222890945,208.10045002109521,196.92021991537962,207.92246356687963,196.32168939911028,207.90108420700315,196.71237304557451,207.92891400681205,196.45024329533535,207.63337883875178,195.97822288464778,207.14538744475908,195.97236624615516,207.74404708112203,196.56336729413286,207.73284749663256,196.34799442442778,207.80377587223583,196.43314056810868,207.68258799843713,196.33172637790474,207.62976867499398,196.12137199759681,207.31652395690807,195.97487722504965,207.52851019993815,196.39224032606722,207.87575470683825,196.60092187657617,207.84391524113724,196.35301291382487,207.62942869846333,196.24239989392203,207.64824823309206,196.39558598566541,207.69273724441641,196.18355877555848,207.37949252633041,196.03873683281034,207.63272800237593,196.51494105219152,207.82549520864271,196.33172637790472,207.62541903257096,196.35301291382498,207.90759417253926,196.67937670106079,208.03674197300774,196.64516777821569,207.97306304160574,196.60092187657608,207.99910290375027,196.63847645901942,207.94483373966239,196.54375358801167,207.72127740620479,196.11635350819961,207.37329342063958,196.12471765719494,207.74950670814806,196.59924904677706,207.75311687190592,196.10008546167657,207.43586248792769,196.33172637790477,207.69378758292655,196.05751238983606,207.18012671223838,195.95526351892849,207.3403439703354,195.82670615431161,207.23683665036612,196.25327155342009,207.8669957758996,196.59339240828442,207.72127740620473,196.06671468792692,207.51441081367017,196.65307167574329,207.83453447001901,195.58799948965128,206.99634077495526,196.9093447874898,208.37747498116056,195.58214285115866,206.77932493644121,197.16060287823083,208.32323481326932,194.58213938276694,207.28539791960898,200.34883951030656,201.19833727995038,203.40314892730933,201.90965203277383
214.14798146728756,213.06420954905803,213.53719884062014,216.0873146160485,208.92099534543772,219.91811599019616,207.33096473242858,219.79767697162782,208.0596599363073,219.81398852944889,207.64460895264895,219.8342959157394,207.92110236852437,219.72443908340449,207.58059004471616,219.45076402327146,207.18132533913084,218.97368685628967,207.11866762955336,219.57693241342733,207.83641446269485,219.82301107991856,207.91669308000843,220.05903630240931,208.0013518691529,219.70812752558351,207.46344095349502,219.48738296738296,207.56580929266522,219.55835857025502,207.49635987439171,219.54933601978533,207.70146705866981,219.78136541380675,207.74450622934938,219.67150858147187,207.63744815073704,219.4670755810925,207.2536150335784,219.18940469248997,207.25762469947082,219.55662502713682,207.9282631704362,219.95820202054415,207.69785689491187,219.49467197473447,207.59619891772149,219.84331846620907,207.8338546374471,219.65519702365071,207.60344836192257,219.78136541380678,207.93477313597251,220.07534786023038,208.11241961365724,219.98579841418604,207.82444487013279,219.83429591573946,207.83351466091631,219.79767697162777,207.7416064275713,219.56564757760651,207.30862367633105,219.2097120787804,207.34080311856286,219.77008057798582,208.1080699712345,219.87091485985101,207.44823158262423,219.46707558109253,207.81182444119474,219.87264840296913,207.52851019993807,219.23504618707119,207.29890304917154,219.38152196351763,207.30637471092865,219.56564757760643,208.0206000226014,220.12098935481166,207.97377340358528,219.67550440994128,207.32497202800153,219.3409071909366,207.74191728741627,219.7414532908131,207.0887066233168,219.27495831006482,208.53855242283075,220.53055800515767,206.89940141291473,218.82374399360683,208.79264654923804,220.6787673247224,206.02270846502017,219.32701225505585,212.04243893668936,213.14785753728552,215.47048454121196,213.65238121152453
202.94649824611997,201.83288767541694,202.17849560554092,204.5330458031431,197.76787197273157,208.18300813321929,196.20651814127777,207.9359121167719,196.80793406567759,207.96630174182835,196.50034583546758,208.03361995367362,196.7023395351718,207.84952303605624,196.43565154700318,207.86652222410231,196.37263008833787,207.52359836342873,196.26954306833477,207.94902069013321,196.65976646333138,207.92801183619488,196.68857899915147,208.29876549667728,196.95442883822483,207.9667012439626,196.28915677445593,207.67622620079396,196.47320612944642,207.8378934200247,196.33591018659826,207.6693167331234,196.49281983556762,207.93921142068444,196.4798974486427,207.81478376857694,196.59590685557066,207.90737195498338,196.33758301639736,207.50872896908842,196.09507044067107,207.86214346499415,197.10426927037014,208.61562037852121,196.87095552434289,207.75357602013341,196.37346476904153,208.0657993959054,196.72613358159478,207.81188396679877,196.32671135689924,207.81512374510757,196.60677851506873,208.10269898649801,196.78497469995827,207.96380144218438,196.4356515470032,207.84335304705075,196.56169793272548,207.90703197845295,196.51410637148786,207.79019374707701,196.31378896997438,207.55287800388214,196.20233780097593,207.97611101127706,197.0625343476251,208.26442573133247,196.4535924233252,207.73194532601553,196.64349841680831,208.01553989770986,196.30960516128081,207.5550383269954,196.43648969609856,207.91067125889614,196.45526525312434,207.99788987328796,196.95275947681745,208.21962586016303,196.60510568526962,207.76196444513383,196.15893004843184,207.46023029187191,196.42189101098288,207.91857153947308,196.1359706827125,207.61618796255732,197.29250243405414,208.62869842247522,195.82838245250241,207.25225524794527,197.85301811641256,209.07507007751417,195.05834707053981,207.64331034631991,200.93566021798242,202.19399825292649,204.24117722434752,202.0866834533218
214.79847954906666,213.49511647922554,213.71336494825317,216.20116727685274,209.18688024661725,220.36933030665401,207.73827659425095,220.08836623916949,208.27454586062638,220.11196680434199,208.03998175131667,220.24715774496761,208.14755838327113,219.92384536178378,207.98972225312124,220.32941818366038,208.22783700058497,219.91655635443226,207.92138269896193,220.20324979350454,208.10300984634304,219.86189230938135,207.86569410314809,220.17391985674433,208.2484173561927,220.05903630240934,207.85412401272035,219.77407640645529,207.6960365483292,219.68452696041098,207.65154753700472,219.76505385598557,207.94202258017353,219.97850940683463,207.82228454701928,219.80167280009718,207.94637222259635,220.09738878963913,208.02304067615228,219.9092673470808,207.86137345692157,220.07934368869977,208.28710676396037,220.34572974148156,208.15184850009027,220.0061058004766,208.01545125542049,220.15760829892324,208.06176061332769,219.76505385598563,207.53180950385061,219.64790801629931,207.82518434879771,220.0224173582977,208.10227036767807,219.90753380396265,207.62911783861824,219.71715007605309,207.97676184765277,220.13227419063253,208.01471177675563,219.98579841418606,208.10664912678624,220.05174729505788,207.7310866756537,219.87091485985104,208.28645592758465,220.23986873761609,207.72852685040601,219.54933601978539,207.74604471228326,219.81069535056687,207.61020966170011,219.87091485985101,208.3150847316623,220.21956135132564,207.83845561411124,219.87091485985098,207.99459056937522,219.88722641767214,207.78310699482799,219.91655635443229,207.81262344546366,219.65519702365071,207.90142418353381,220.02814672988535,207.45011004208865,219.34819619828804,208.25057767930591,220.41567445082271,207.17580606601177,219.40441987910285,209.45387525288916,221.11922554759244,206.10955657347395,219.43686908739065,212.48085078554783,213.90936585798826,215.92416392995401,213.34135153847569
202.72758353731521,201.43573896079775,201.56156182850748,203.91390897752061,197.36844627964427,208.00416302864167,196.12387950809961,207.80016570847778,196.68188767995522,207.9792330306112,196.70484357728284,208.24616839079013,196.72529543249939,207.8265165509568,196.62304309320001,208.35103702960384,196.86844454544848,207.79538744723524,196.39307500677094,208.07537185517182,196.74908947892243,207.85619569354455,196.40850837259032,207.90759417253935,196.62388124229545,207.95134370519872,196.55667597493658,207.68943794050386,196.06420370903243,207.41744245543336,196.26034077024411,207.83200517417905,196.58465383005307,207.82509570650839,196.32670788850754,207.58488016153521,196.24992589382185,207.69304810426163,196.34632159462868,207.72994769485416,196.54208075821259,207.91734391638423,196.36928096034802,207.54659025590178,196.24741838331914,207.86023447612203,196.66143582473873,208.01141247284272,196.62220841249635,207.68943794050372,195.99867127147266,207.35737368778894,196.22278618780084,207.91700393985363,196.83088996300521,207.95208318386358,196.14265853351705,207.48578200959253,196.57796251085682,208.26893806570729,196.72780294300213,207.96217431696121,196.91101761728893,208.28485779855794,196.41436154269121,207.5801905425817,196.53622758811176,207.84280525653409,195.99783312237722,207.18913697741826,196.10092361077204,207.61745910590119,196.30792886308996,208.09351143673936,197.16143755893461,208.1506208770015,196.31043637359272,207.74290810032267,196.49700017586949,207.74256812379207,196.45275080583809,208.11051062478543,196.68690616935251,207.7003280778701,196.46985700145655,207.89420373552881,195.93899547240548,207.06976945020236,196.51577573289515,208.08916026110518,195.72445728340406,207.34796545368587,197.93648796190266,208.79456699574644,194.47152636286398,206.9804239880381,200.39559292244883,201.77166741614852,203.67057338361693,201.20180569022307
214.26743885396061,213.02030159759494,213.29121280877564,215.77702061180378,208.71335874483074,219.76834703486767,207.13597767744452,219.49640551785271,207.75761480271106,219.74474646969512,207.8822646723743,220.10467779699047,207.98296095334379,219.69181596776241,207.7216769083393,220.01512835094624,207.94097224166327,219.64617447318113,207.63198852371113,219.95317529854387,208.04658035914204,219.85234101667871,207.70905647940143,219.80167280009724,207.87510387046254,219.93286791225336,207.94202258017347,219.7374574623436,207.43305132843878,219.43445246545031,207.6609573043192,219.88895996079034,207.90077334715812,219.81798435791831,207.81253480317432,219.70083851823205,207.47970066287638,219.30828407529435,207.23664484172855,219.45076402327138,207.80201517174609,219.81572207256716,207.5017903847324,219.20068952831073,207.28329417616627,219.71715007605312,207.95359267060124,220.01339480782801,208.10951981187918,219.94189046272305,207.57194887275219,219.43445246545031,207.52205976000579,219.91655635443223,208.25816710003755,220.02415090141594,207.45332070371217,219.42542991498067,207.9608421148022,220.30182179001844,207.94597272046204,219.78865442115818,208.2260471834098,220.38234868559312,207.83450547382282,219.52000608302518,207.72978500290219,219.72114590452259,207.33164468548966,219.30828407529435,207.56919723886705,219.6315964584783,207.65864881331288,220.01512835094618,208.18849675644148,219.7650538559856,207.49732157061277,219.96219784901353,208.23008596598757,220.05903630240925,208.05695182267735,220.29279923954883,208.07776898846737,219.64617447318111,207.67968819665879,219.75047584128265,207.19977436782142,219.20571625031104,208.17859884470352,220.23657555873407,206.93488015905896,219.11043743267908,209.09358169823136,220.6095252649686,205.56513569228011,218.80100041461083,211.74289410273698,213.08763802800132,215.1900753256275,212.82679677703271
202.64798079419924,201.59597143435653,202.00904146727447,204.37535784088615,197.56420891161989,207.8451733936335,195.80542308678321,207.46241961118145,196.3137889699743,207.56839823459819,196.28664579556153,207.80355365467983,196.39558945405716,207.41688026134679,195.97236971454689,207.58835675002638,196.39893511365531,207.68532510826324,196.36761159894061,207.78769344743304,196.37263008833787,207.53044830549533,196.12555580629029,207.67656617732459,196.49449266536666,207.86578274543729,196.52079769068405,207.77788417798425,196.26285174913849,207.58431796744864,196.35719672251847,207.82197368717414,196.43230588740505,207.7959642339481,196.60092534496786,207.89185172426733,196.24825653241462,207.30004202997094,195.87179367343836,207.49320873837229,196.47655178904452,207.84770268947361,196.28915677445599,207.42299072474856,196.14182385281339,207.8378934200249,196.66729246323126,208.05170000963753,196.7849746999583,208.08427895400357,196.49951115476387,207.64438673509306,196.22362433689617,207.77097471031388,196.62639222118992,207.75940461988617,195.97236971454689,207.37489154966644,196.54208422660437,208.00686960906052,196.18272409485479,207.47185990790334,196.7269717306902,208.32918411793017,196.51828671178961,207.52285888476371,196.33089516559278,207.77211369111328,196.24741838331914,207.61945673706256,196.37012257783513,207.51813873640276,196.08381741515353,207.66138592313908,196.30960862967257,207.25845282042499,195.89224206026316,207.8922512264017,196.89224552865485,207.99098040561739,196.58214631955036,208.1164583962352,196.59925251516876,207.59588805787658,196.27205057883754,207.63099629808272,195.82754777179878,207.3861216635635,197.0804752239471,208.31579368091985,195.54124607750896,206.92778041596227,197.38973628395624,208.35485206141439,194.29333364636608,206.9144220415707,200.24408312889616,201.42062093685288,203.41526688538318,201.29166361893098
214.38689624063363,213.35090298813026,213.89243227038642,216.5807033408513,209.52582497080641,220.36759676353589,207.43080236303598,219.64790801629928,207.83394327973639,219.74474646969512,207.71368798547309,219.8872264176722,207.87951315897837,219.48338713891357,207.23294603568155,219.54031346931572,207.82379403375691,219.82301107991853,207.83706529907047,219.7813654138067,207.51665977907274,219.27895413853426,207.38165284944381,219.84331846620907,208.04840070572479,219.85060747356047,207.73870662579284,219.87091485985104,207.90984313794189,219.85963002403017,207.83385463744702,219.92384536178366,207.9344331594418,219.94015691960485,207.96300243791561,219.93286791225336,207.76187580284449,219.69181596776241,207.75826563908672,219.93286791225336,207.96661260167338,219.96046430589533,207.9767618476528,220.08437041070005,208.11926955572409,220.20151625038633,208.21333811218275,220.12827836216312,207.95359267060113,219.92384536178369,207.90694333616352,219.89624896814178,207.82734467191099,219.8506074735605,207.86751444973072,219.68279341729271,207.41929191870153,219.545340191316,207.86174396285961,219.78136541380672,207.39973290540769,219.42143408651125,207.82089423197857,219.99482096465573,207.79581606605507,219.73572391922548,207.88747296515899,219.87993741032068,207.71766724244699,219.75376902016473,207.78655446663367,219.59324397124843,207.48217184583473,219.61857807953919,207.59554808134578,219.27895413853426,207.21051633729485,219.67150858147187,207.98694162303971,219.80496597897931,207.66848861216928,219.79767697162779,207.81438426644246,219.81398852944889,207.9821328323896,219.86362585249964,207.30936315499611,219.59653715013044,208.6763705119487,220.50122806839761,206.94355044770833,218.97524649205354,208.84290604743356,220.474334324343,205.66605419080543,219.13160180514612,212.14153708863202,213.32868997249238,215.27291376818889,212.86341572114429
202.69688723408052,201.75080402546638,202.31198003595725,205.0508500354793,198.59674153627427,208.83470931058122,196.37346130064984,207.80232603159106,196.66227397383406,208.07148124048706,196.72445728340401,208.34313674902708,197.10092361077199,208.06457177281661,196.35217476472957,207.92962436879156,196.7628500149427,208.06778243444012,196.7303104535049,208.11952088996554,196.49532734607038,207.55236074277306,196.32670788850751,208.21472842722355,196.99950942056805,208.01357279595621,196.51410290309616,208.14741021537824,196.91770893648527,208.15937980794024,196.70066323698109,208.22305873934241,196.99616376096986,208.28596778316103,196.7490894789224,208.0175229362446,196.59757621697796,208.12785120208437,196.99867127147257,208.41616592213964,196.84883083932732,208.09567175985262,196.85050366912637,208.48854425887671,197.1443313633161,208.40246603800617,196.99114527157272,208.2074789830223,196.54375358801167,207.86850526263714,196.65809016514058,208.18214948285731,196.83590845240241,208.20062904095562,196.84297766922643,208.08089100780143,196.56504012393194,207.99839254177061,196.72194977290127,207.99259293821405,196.5191213924933,207.84101543935884,196.41185403218847,207.74876722948304,196.5191213924933,208.16043014645035,196.90934478748989,208.01752293624455,196.4373209084105,207.88476497201819,196.64182211861757,208.02733220569334,196.66143582473865,208.06207147317278,196.70400889657921,207.91660443771931,196.41436154269118,207.95094420306421,196.83088996300523,208.12569087897114,196.53538943901631,207.82765553175602,196.54124607750899,208.20062904095548,197.13764004411982,208.30623715843424,196.39558598566546,208.04612274412591,197.64182211861754,208.78009863675166,195.95275254003406,207.38270472116525,197.77037948323431,208.7370580533499,194.69982161949395,207.47998547245848,200.89642933734837,201.97640421497746,203.64928684769671,201.19239592290867
214.17340573476011,213.08782635664951,213.59519437529505,216.45853077916482,209.71757083475921,220.69993169718938,207.6148992806535,219.74874229816456,208.03401945580814,220.05174729505777,207.98821276638361,220.36603712777205,208.58892955951171,220.22355717979502,207.85039467726574,220.02814672988529,208.05462880761203,219.93686374072277,208.04828153402792,220.41167862235332,208.29154504867259,219.81069535056685,207.71044679444208,220.17062667786229,208.24014656967771,219.84731429467851,207.66018729624668,219.90197833972934,207.95942127035403,219.74145329081301,207.60918831938619,219.89295578925976,208.14607801321912,220.0973887896391,207.9155830954054,219.88393323879004,207.88309279332864,220.05174729505785,208.23138763873905,220.32941818366041,208.170668034719,219.95317529854387,207.87689368763776,220.05174729505785,208.05309032467818,220.00610580047658,208.0219612209568,219.94588629119241,207.66854672505096,219.57866595654551,207.71630592360256,219.98250523530405,208.0570404649666,220.08836623916943,208.14027840966256,220.23986873761615,208.24369720783173,220.21453462932536,208.05454016532269,220.0354357372367,208.11528888602828,220.10641134010876,207.81071445659168,219.61754718600832,207.69748638897374,219.98024294995284,208.03535024524496,219.83100273685736,207.64358761033503,219.7577648486342,207.96192156999786,220.13400773375074,208.09032977131233,220.12498518328098,208.28207575575422,220.35874812042059,208.12250921354399,220.01912417941566,208.10266845709023,220.17964922833193,207.98901177065258,219.72514173299197,207.54269822849508,219.87264840296919,208.3511256718931,220.33341401212982,207.78322463331352,220.00210997200716,208.92852512007644,220.67703378160419,207.11752711554277,219.27495831006485,209.15546939973615,220.72840464777303,205.89285018208295,219.36033802028538,212.276113986719,213.33042351561051,215.19911458700372,212.83079260550213
201.86409824974933,200.75252962034978,201.14435543014338,203.72998934448177,197.35552736111106,207.94427154557604,195.87011737524759,207.47759986536693,196.47571710834083,207.5817581422011,195.9790575653515,207.58826810773709,196.47404427854181,207.45227036520197,195.83088996300515,207.32966164695495,196.02079942487998,207.20489401831682,196.07629141525356,207.94356106310724,196.66478495272855,207.43490079170675,195.8751358646447,207.55136851714448,196.28581111485781,207.14877539096099,195.5412460775089,207.01095730184301,195.76536099383711,206.85574052254452,195.41519969178657,206.97871833400762,195.91687425578152,207.22220406620804,195.86760986474479,207.31991190310998,196.1051074194655,207.43313997072792,196.14015102301437,207.61689691181476,196.31211614017522,207.39840070324865,195.87095552434295,207.25694333368736,195.97571537414501,207.30359266812508,196.04208249240844,207.29853254323351,195.72278792199666,206.87060991688503,195.66729246323129,207.31445227608404,196.117191657295,207.35095236454228,196.02414161608638,207.65734714056148,196.61802807219453,207.83860378200436,196.14349668261249,207.34700222425383,196.16478321853265,207.62374685388156,196.14349668261247,207.20594435682696,195.76368816403803,207.11116543838887,195.81880572517568,207.20017386995585,195.88304323056414,207.25950315893525,196.12890146588848,207.56367808623725,196.07629141525359,207.38785195513478,196.35719672251849,207.84224306244761,196.22027867729801,207.16725494905921,195.79166601915458,207.32025187964049,196.03873683281034,207.0583169982603,195.39140564536359,206.95520918042564,196.27205057883756,207.73586493689638,195.888896400665,207.28190386112556,196.83256626119595,207.91169106799873,195.10008546167657,206.58408654721595,197.10259990896276,208.06397751611135,194.16394160104559,206.81455388155547,199.95527392410358,200.83566118462332,202.83095715660176,201.03336801799392
213.60946836958951,212.52701741336679,213.11521984088273,215.63610029959059,208.5557013119813,219.84487810197291,207.34608546101015,219.91984953331431,208.32091486462647,219.83758909462148,207.40831455176772,219.63315609424205,207.73777545897966,219.22931681548357,206.92757260197615,219.25864675224372,207.46356012519203,219.28224731741631,207.41377417879374,219.91082698284467,208.01989107334398,219.57622976383993,207.45866269225246,219.75203547704658,207.70803667029884,219.14878991990889,206.89582177856434,219.12745164008754,207.26234484783174,218.98999841411083,206.89005129169328,219.16909730619935,207.48300137951108,219.42872309386274,207.35669385521712,219.47939131044421,207.65447786819058,219.58022559230932,207.46412231927846,219.49067614626512,207.5441496023509,219.46307975262312,207.43012253046413,219.56391403448825,207.65157806641233,219.60555970060014,207.64500857527247,219.57293658495794,207.30103425559932,219.01759480775274,207.06985809249173,219.44676819480202,207.68301802997894,219.49067614626506,207.32525389165045,219.49067614626503,207.77526623985483,219.7407506412257,207.48658113435059,219.30255470370682,207.34444381172813,219.52729509037667,207.65441834258681,219.47210230309275,207.18419602422367,218.99226069946198,207.10095807952766,219.3572187487577,207.44934156722741,219.45405720215342,207.66058833159224,219.67879758882333,207.43268235571193,219.37179676346062,207.64722842398939,219.64217864471172,207.27095561087737,218.95164592688099,207.01456899881219,219.30255470370673,207.53971131763888,219.32059980464609,206.92774988655475,219.07781431703691,207.82768606116358,220.00210997200719,207.31584412433611,219.20727588607485,208.16526946650799,220.06805885287895,206.60238740801375,218.72117616862349,208.64470974354816,220.23657555873405,205.54628716145518,218.93948453411846,211.61377683167586,212.49394376356634,214.70628695830987,212.99303495511771
202.90421921718979,202.04189000924924,202.87146114409077,205.07768902238189,197.97320786364219,208.60325269654678,196.80876527798961,208.9273861392769,197.93732611099804,208.7932087433245,197.03288019431778,208.75704863139686,197.43816252589761,208.22780800438872,196.49448919697497,208.35294601847576,197.28748394465691,208.50267417455208,197.12387950809958,208.87382733716893,197.51745203108601,208.59714223314504,197.20149965188057,208.81455757379354,197.20735629037321,208.10082052703351,196.66310865453781,208.43868426281571,197.12053731689318,208.12688950586355,196.58381914934947,208.40906464583168,197.46818764004919,208.81671789690677,197.17063638863357,208.52149370918087,197.28330013596334,208.70019052537612,197.12471765719494,208.31385710857367,196.82670962270336,208.31385710857364,197.12471765719499,208.74723936194815,197.38973281556454,208.6387314426911,197.2474183833192,208.66224059627334,197.05835053893148,208.14601990033739,196.70568172637826,208.45315415502159,197.35217823312126,208.57980165584618,196.91018293658527,208.18115866995103,196.85134181822175,208.34572569096014,196.97989571444683,208.31425661070804,196.90683727698712,208.38984560906837,197.16729072903544,208.46290389886656,196.76954133413898,208.00422255424564,196.80040459738598,208.45710429530999,197.09050873434984,208.49616420901583,197.32252754820576,208.72881932945364,197.08465556424895,208.43004450357384,197.23989238341923,208.55191233043357,196.81629474628127,208.13299996926509,196.95108317862665,208.61775158494905,197.41352686198752,208.60837093431988,196.77037948323436,208.26146781667234,197.57378217055501,209.16038123624534,197.02414161608641,208.19920972971863,197.67854202035716,209.16217105342056,196.52246705209146,208.01727313521462,198.34549038231674,209.26345852467281,195.24992242543021,208.03930486467806,201.16144449571797,202.00685336563785,203.9951955936061,202.20515390248164
214.6044451709171,213.67692834777549,214.51287167119588,216.88441098733202,209.41845449913743,220.52882446203958,207.89593402710022,220.47762750322499,208.71375671375375,220.38634451406256,208.27831730361422,220.84484783787198,208.91377336422161,220.28950606066678,207.8876632405852,220.44500438758288,208.74047652895945,220.62010745120202,208.5605215602678,220.7919173359393,208.60407928428978,220.33341401212985,208.36050490979991,220.66574894578329,208.42643280660468,220.12898101175048,208.23175661146584,220.67477149625299,208.60401975868592,220.22755300826444,208.02884015921961,220.50522389686699,208.89159500007634,220.9231124480954,208.59822015512927,220.44327084446462,208.43038294689313,220.62913000167174,208.55046095657778,220.32612500477836,208.05706946116291,220.1746225063317,208.36380421371271,220.53958055562745,208.41446321404251,220.31710245430872,208.32872496970279,220.53055800515776,208.49295201418116,220.37905550671113,208.2343164367137,220.32612500477836,208.37321398102696,220.38807805718076,208.21839670386319,220.0484541161758,207.91706205273536,220.08507306028741,208.20898693654871,220.29852861113642,208.27229548250173,220.32612500477839,208.33523493523893,220.22026400091298,207.94057120631766,220.05747666664544,208.33597441390384,220.49793488951559,208.31965517891908,220.28950606066678,208.38953321601193,220.46131594540395,208.27550614412533,220.3790555067111,208.54401051664539,220.44500438758288,208.08412925289923,220.28221705331529,208.63699820518622,220.88146678198359,208.82242732496283,220.65672639531368,208.28466457719824,220.49220551792791,209.03913371635377,221.1062071686535,208.21913618252808,220.10467779699053,209.02981259132858,221.24539393774842,207.92601267182243,220.05504047393987,209.8279572134806,221.39360325731303,206.50526922818321,219.98162867836237,212.78545421118062,213.77261528159886,215.71704549158048,213.51275779518625
201.40654158084214,200.38099412759527,200.90609701116693,203.27587856760644,196.57796597924849,207.05066805192462,195.12555233789871,206.66757429294205,195.46986046984824,206.6306457061531,195.52497456259425,207.32806351792814,196.05333204953425,206.72866440290019,195.14683887381889,206.89147060293033,195.82838245250238,206.95335971715721,195.62220841249641,206.9992985691261,195.51494105219146,206.61472597330263,195.46028027412981,207.04989804385207,195.68104953085981,206.80465290339487,195.64182211861745,207.19786537894942,195.8342356226033,206.93775084415168,195.61384426350102,207.12764736532588,195.94484864250626,207.19712590028439,195.73821781942439,206.84664161507536,195.43815905750583,206.89693022995621,195.72529543249951,206.90995016102843,195.4348133979077,206.72329341816342,195.49532734607035,206.7395531275445,195.31211267178352,206.62848538303979,195.45275427422985,206.96020965922389,195.85384932872452,207.19752540241888,195.76452284474172,206.7706531145806,195.28915330606426,206.72033409078131,195.54040792841352,206.75507335826074,195.35134008402588,206.67334477981316,195.44940861463175,206.78330266020384,195.50619900556839,206.83396166053382,195.53120909871456,206.61367551430328,195.10175829147562,206.61185528820977,195.69108650965427,206.99929856912604,195.44606295503354,206.55255640814894,195.27372340863656,206.64474509242095,195.36844281125261,206.82125258930654,195.68941367985519,206.69250429097261,195.01159365839746,206.55866687155063,195.77121416393805,207.27345437730989,195.8922385918714,207.11499781970261,195.76452284474175,207.30961448923765,196.39809349616814,207.45215119350513,195.21944052820268,206.4667891676128,196.19025009475473,207.70140599985456,195.15641560114562,206.50800940443187,197.00536605906061,207.99225001575002,193.98863082428647,206.45451166113881,199.60678545185215,200.59933625433467,202.46159335329438,200.37259346849348
212.96270648910621,211.80372235592941,212.20698007239068,214.87232969353656,208.03078133119973,219.21230260807516,206.65989776313222,218.80014342843432,206.88548084443676,218.75952865585327,207.02926110857396,219.33517781934896,207.22982554955868,218.60802615740661,206.498259660587,218.87840803865782,207.06809880472412,218.80343660731629,206.82529431781768,218.92231599012084,206.90421173677632,218.7595286558533,206.91828200635851,219.09412587485801,207.13606785294527,218.9476500984116,206.95592107561615,218.995553878344,207.03151007397665,219.0738184885675,207.25364556298598,219.17239048508142,207.00618057381169,218.86036293771852,206.92374163338459,218.85810065236726,206.78117439970939,218.82374399360683,207.06590936492532,219.17967949243297,207.27422591859366,219.12674899050018,206.94617133177124,218.68126404562983,206.67084613386965,218.84178909454616,206.99717030863175,219.01186543616515,207.21165685130546,219.31487043305842,207.27823558448597,218.86938548818816,206.60827706658148,218.72690554021108,207.04816928549218,219.20900942919306,207.29449529386693,219.16336793461184,207.1009886089353,218.95893493423239,206.89585230797192,218.89471959647889,206.98415037755944,218.76352448432269,206.57063799732396,218.70659815392059,207.13211771265679,219.05750693074637,206.7471454942096,218.46554620942962,206.56637699719039,218.72690554021113,206.90557293513149,218.98426904252315,207.0847580162395,218.60073715005518,206.19402520768119,218.35066265509454,206.83118256366353,218.94765009841157,206.98406173527016,219.04848438027673,207.21535565735263,219.43704299474498,207.82765706496727,219.40841570757217,206.41261005853653,218.40688633590932,207.63383952019041,219.72443908340458,206.29963332515982,218.29529596045629,208.3600053077399,220.15031929157183,205.42294037726526,218.50458177548154,211.10082644345647,212.13001660780151,214.32150584293007,212.42849625160085
203.26366759535557,202.24292007538128,202.72621188338383,205.2869527482122,198.67231442102013,209.30047882017348,197.36342779024716,208.99951314177267,197.59051393693733,208.8523158147479,197.59088836617349,209.23722838710199,197.61012764305855,208.56764037513577,197.13597068271255,208.98109310927825,197.71070368416716,208.96949402265437,197.57629314944947,209.12866094224117,197.66980344212578,208.96048375747429,197.53121256710628,209.03391243272151,197.6272303702853,208.94780380293273,197.43481686629954,208.8190263879132,197.42979837690228,209.00787257057706,197.73533587968555,208.97714296898985,197.2782851149579,208.67000871430574,197.44150818549574,208.97998324516439,197.51745203108598,208.97961415194831,197.7432397772132,209.45964573976039,198.25160219201268,209.52656444947127,197.70233953517186,208.81467674549035,197.39391662425805,209.06899167673137,197.68439865884974,209.00133348835547,197.64182558700924,209.22957944076649,197.83256626119598,208.96082373400498,197.22613531579063,208.68882824893453,197.53623105650348,209.34030720874051,198.12304829578764,209.4748551106313,197.93899894079715,209.15075066409727,197.46735295934556,208.89100522251564,197.60928949396319,208.97057347784991,197.32838418669832,208.8436164094131,197.78414001925464,209.18616988463779,197.39976979435895,208.60593028076912,197.30626297007444,208.94891366704667,197.64349841680828,209.10629076945844,197.66227744222584,208.7079877600938,197.0003475696634,208.58824972693972,197.39140911375537,208.75574695864543,197.33005701649736,208.92938377043822,197.62472285978254,209.20936959109682,198.13931634231065,209.27881759664808,196.97989918283855,208.5021425098731,198.2440761921128,209.64525061090401,196.70986553507174,208.15162922846784,198.69899734396543,210.03411332354665,196.10761146157654,208.68553201144442,201.61803847736971,202.56228214317275,204.76507121753107,203.14433412802052
215.10436823628126,214.1763622425245,214.9202177517974,217.44548213612484,210.06990292953614,221.08087306036268,208.39410366326848,220.89621870404079,208.99948107915398,220.79591316440869,208.72764828603533,221.02967610154823,208.84716410163381,220.52726482627571,208.45673225616051,221.01336454372708,209.17342875079186,221.13553710541365,209.10210075256501,221.30734699015076,209.12927971599805,220.94741566285532,208.78450639205633,220.87817360310154,208.69589746262361,220.62583682278969,208.58266939500567,220.73569365512449,208.66766816068045,220.62583682278972,208.51865048707296,220.60050271449893,208.58192991634073,220.69907471101286,208.67781740665984,220.79764670752687,208.83334504580347,221.06629504565981,209.10105041405487,221.31463599750222,209.39513562098142,221.3602774920835,208.95598288073583,220.84155465898996,208.8105753708862,221.02967610154818,208.94873343653475,220.89448516092264,208.75306642848955,220.84155465898991,208.82899540338073,220.79764670752687,208.49767062933077,220.4214038224103,208.47450145227941,220.87817360310152,209.00590240240058,221.09891816130201,209.0945404485189,221.02967610154818,208.66476835890208,220.63712165861057,208.70314690682483,220.85959975992921,208.69984760291206,220.86915105263188,209.1007104375243,221.07531759612945,208.60577904645348,220.6095252649686,208.82038464033508,221.06629504565976,208.92951439977148,220.94741566285538,208.89202349840701,220.87817360310152,208.7728767760247,221.00207970790623,208.95243224258189,220.72667110465488,208.52581128898478,220.67147831737088,208.51543982544968,220.7136527257158,209.18167042062137,221.20148598628538,208.34899293225411,220.42469700129237,209.43243471370835,221.38631424996157,207.74296467999309,219.89295578925976,209.85726585013026,221.76655296354755,207.12817749679337,220.64856083102049,213.32373409956506,214.27902238534074,216.54129156364209,214.78314290004084
200.85621061975039,200.03798857524413,200.81216484325989,203.06584483370355,196.00657516900026,206.11933684672641,194.17146760094559,205.99561814387633,195.13345623542628,206.19961546404025,194.85802620063464,206.30812338329727,195.01075550930207,205.96880968638146,194.6672855264479,206.34286265077662,195.26368296145046,206.35409276467365,195.06085458104258,206.5197696497967,195.22110988961001,206.27810426417895,194.98072692675876,206.23253438493683,194.70065976858936,205.74781317817141,194.62053211430549,206.1251059208754,194.83423215421166,205.77999262040299,194.38387270868026,205.90948039740221,194.98407258635692,206.19128515192133,194.63680016082867,205.76373291102192,194.70400542818737,206.27958322150889,195.08381394676192,206.26909399899881,195.03204204522234,206.24160417572068,194.81294561829139,206.09218699997876,194.95191439093861,206.29186367391605,195.03956804512231,206.20976471001958,194.76619220614913,205.86178072445441,194.62053211430552,205.96738884193311,194.62053211430566,205.70039395615038,194.49950421798036,205.92613960891777,194.68104606246817,205.95038965388702,194.88972761297694,206.21010468655021,194.77371820604907,205.80171195681021,194.50991909440259,205.94171936523773,194.83255932441253,206.28174354462212,195.18522813696583,206.1218661425666,194.38889119807737,205.77604248011468,194.99616029257817,206.49478012616225,195.10258950378758,206.22454546207075,194.99448746277909,206.37396263781267,195.18271715807134,206.55410941514171,195.22612837900726,206.13954669639602,194.66226703705064,205.89791030697455,194.45442363563723,205.90479077844881,195.28747700787343,206.59137797846111,194.57963187226417,205.68160495092914,195.26702862104864,206.42317026428668,193.78580244387854,205.20518364736407,195.83423562260336,206.85908181350112,193.17769520028244,205.86249415285641,199.08298620284157,199.9548699285472,202.00082208672481,200.29475720551147
213.80696417155562,212.74743212934177,213.30666652494205,215.71748418134169,208.41313702423952,219.3139938761168,206.64218974631777,219.1958171428997,207.68455957933546,219.53144525543519,207.45829525273672,219.62499052994892,207.61943068679963,219.27408175312311,207.18953954597515,219.49882213979299,207.6027714752841,219.22844025854187,207.0745216611821,219.36363119916746,207.56803220780469,219.50611114714445,207.58133258980371,219.61370569412804,207.40704494163509,219.1501756483184,207.24926833708906,219.52415624808373,207.53653271863422,219.24874764483235,207.18669926980084,219.49882213979302,207.79010817121031,219.52415624808376,207.0879410943887,218.90912370382742,207.08689075587878,219.29941586141388,207.34657667185633,219.22844025854187,207.23846825473396,219.17550975660919,207.13459042882633,219.2374628090115,207.40704494163518,219.50611114714445,207.65007164609736,219.65761364559111,207.50145347462427,219.22844025854189,207.17583966184196,219.20483969336928,207.10750010768248,218.98912185716907,207.14908931722877,219.26679274577171,207.21057892932112,219.06062620227405,207.1509096638114,219.28310430359275,207.33790638320696,219.13160180514609,206.96425292094634,219.00769570034137,207.27749763903211,219.54046780590485,207.63745121715959,219.15919819878806,206.69870787580805,218.89783886800657,207.47902377623774,219.68694358235126,207.49053422057224,219.32701225505582,207.53042225523259,219.67792103188162,207.574793507582,219.50611114714445,207.57457129002626,219.46220319568138,207.31939770842331,219.24145863748089,207.13902871353852,219.43287325892129,208.12140382857444,220.03785235917707,207.11690987499702,218.84820154495591,207.75033930824694,219.70395778975973,206.27140555642791,218.42405487990686,208.53040387443514,220.32524844783671,205.69061816204257,218.99882748646087,211.68143808647449,212.66088126289242,214.86613545554067,213.03500203429496
207.04565258626846,205.80804753858737,206.0511329861944,208.36674760431396,201.48743385371773,212.2569254793633,200.15558785722544,212.20555599656467,200.92106500125843,212.2641749235645,200.51327515917586,212.27503453152335,200.68775125523126,211.97659968217405,200.288325562144,212.13937676551876,200.62221881767152,211.82863234707668,200.01913006347257,211.90496082410215,200.60260511155033,212.19219608896179,200.61970783877706,212.35352333166207,200.791672955938,212.22943565608514,200.58048042653473,212.35062352988376,200.80794100246104,212.26417492356452,200.62639915797328,212.38826259914131,200.84716841470339,212.19219608896196,200.37514453562397,212.00877912440569,200.49784526174827,212.028309021014,200.37012604622677,212.00587932262746,200.47990438542612,212.00587932262738,200.3701260462268,212.0471285556429,200.54041833358869,212.27068488910055,200.89224899704658,212.63168880573807,200.9561086048073,212.32094438729601,200.62305349837516,212.09812753250333,200.22697693327774,211.69263460454155,200.26620434552007,212.12345703266817,200.62472632817426,212.00877912440569,200.24826346919795,211.87639154562834,200.45192653030963,212.09812753250327,200.39810390134329,211.89771137990101,200.43231282418844,212.23088549672966,200.6852402763368,211.99646955531301,200.14350361939586,211.90712114721532,200.70819964205617,212.25695447555961,200.24324497980072,211.74835372976293,200.58466423522833,212.42118152003798,200.57880759673557,211.91619093799915,200.43649663288201,212.16760606746195,200.5379073546942,212.06594809027163,200.41521009696174,212.30758447969308,201.30961209806424,212.798105169526,200.28916371123938,211.67634589896409,201.01829538276891,212.57997793368673,199.47739340653163,211.16484535138918,201.68357091492945,213.26582565503418,199.14433483170782,211.87855493516412,204.70737189813588,205.70609590720721,207.93752512886732,206.24193128317836
208.18973438385152,206.98596294135726,207.29623060867956,209.58899768015291,202.59159090031136,213.59334248215586,201.68086904691717,213.7415518017205,202.06124028870019,213.15688008775513,201.28768568804796,213.22282896862697,201.59311876784656,212.92485069373382,201.23091622431633,213.22282896862694,201.74213644145399,213.09666057847099,201.22224593566699,213.09666057847102,201.74213644145391,213.32868997249236,201.47039229062466,213.2301179759784,201.85971415149467,213.54214552334139,201.70804801035015,213.3562863661343,201.81522514017036,213.49650402876014,201.80535634511767,213.38162047442501,201.52691042011494,213.13154597946448,201.73627731229345,213.78319746783234,202.12846985825621,213.35628636613427,201.48705150214019,213.42726196900631,201.97689235940109,213.5697419169833,201.80936601100993,213.41823941853667,201.69798740666008,213.43455097635774,201.93851381147846,213.74884080907199,202.06840109061196,213.62267241891598,201.92984352282903,213.37433146707366,201.32211409568231,212.75703663746606,201.18611635314699,213.27575947055962,201.99892255565331,213.54214552334136,201.5688396061916,213.02568497559903,201.45487205990858,213.3743314670736,201.7970855586027,213.24816307691765,201.44620177125915,213.16087591622465,201.63501883723762,213.37433146707357,201.70918699114952,213.44357352682738,201.97615288073615,213.31237841467129,201.01497984099794,212.63815725466159,201.56488946590321,213.52583396552026,201.5969802658455,212.91582814326418,201.362712492322,213.23914052644804,201.64723976404099,213.23914052644804,201.45496070219789,213.20981058968783,202.01370330770442,213.68862129978777,201.33192336513108,212.99235921036947,202.41820542275985,213.95171417368744,200.59313714864376,212.2032544960247,202.64190992411065,214.43052488378743,200.33864352010201,213.19991148227652,206.04506962759228,207.09605643979111,209.3699072099437,207.65067898759807
209.31545265836996,208.52223014179992,209.44863604996854,211.7568751879337,204.31686656772709,215.4062330253773,203.61833909763533,215.90396156189411,203.88733127367388,214.84444245019941,202.9856876137269,215.30285327877297,203.57753401277478,214.88117257280058,203.09404456995384,215.30964389079008,203.76906885845386,215.15317573503486,203.02461654615553,215.04022831389787,203.79809233188945,215.58585007969953,203.405317448787,214.95738987133635,203.43867796517819,215.39506991869362,203.4848511988273,215.19007532562742,203.60098907017274,215.51901097852283,203.81159795269124,215.47290265856256,203.42083530142077,215.19427835230252,203.88319449796731,216.20037011886345,204.36885246226589,215.47307212655397,203.35717596090902,215.47549024390455,203.95695956472107,215.75848704483107,203.9973641150838,215.71237872487075,203.77680579596918,215.43617253596133,203.65706776281502,215.43196950928626,203.55861626558121,215.27550135353096,203.58763973901671,215.35575221075038,203.45562745814294,215.06774970713133,203.27764221086863,215.31643450280723,203.88536301944507,215.72158745423846,203.77680579596915,215.30722577343957,203.49820052998334,215.35575221075038,203.54506666717629,215.0360252872228,203.05945268048066,214.90707852470086,203.38619943434463,215.31223147613215,203.55861626558112,215.48228085592166,204.055411061955,215.62937081431778,203.24645021595532,214.91548457805118,203.63558095964589,215.63857954368552,203.55427922262567,215.07454031914847,203.47888224829194,215.51642339318082,203.852002503054,215.47290265856253,203.38043075105801,214.95738987133635,203.46356466290717,215.43180004129482,203.25852419642618,215.23796855491227,204.63755226925863,216.2327277467981,202.70126968685156,214.2779851083117,204.42694338674008,216.22415222545641,201.98190433953127,215.14072620311691,208.16025196945972,209.28965635272422,211.37115662749608,209.275423575562
205.95706217356332,205.69277083266095,207.35859139385772,209.67161513948571,201.89293486564665,212.65938634879151,201.04357084782563,213.40533549138382,201.56791315352311,212.41104539694908,200.89905019464712,213.32966307462823,201.72574601290006,212.74881281329024,201.04830807021699,213.20118313748546,201.74284220656943,212.81048521921161,200.62147930211611,212.62907478013611,201.78945824265455,213.64481155769207,201.54825883538695,212.5924558360245,200.87208847669814,212.72736613016909,201.11970672632665,212.82679677703271,201.37376258282748,213.16225264638703,201.69407002903793,213.46340111861662,201.6902630850887,213.20875279131792,201.75950559975189,213.78497995868224,202.07555034504799,213.14194526009655,201.13083983460038,212.95296516718861,201.46354797307896,213.26811365025247,201.8437607050947,213.569262122482,201.78004847534015,213.12563370227542,201.29719390383971,212.74367768799021,200.82374909965361,212.35297976971631,200.87036513573878,212.9000346652559,201.60428463878642,213.28430222652796,201.55939194366076,213.07270320034272,201.39811240236497,213.25180209243135,201.78004847534015,213.39016323039337,201.62310417341527,212.9000346652559,200.85154560110999,212.24711876585093,200.60309256797419,212.51164829396882,201.17745587068558,212.69074718605751,200.82374909965364,212.82448523004587,201.936992777265,213.85409903689046,201.87416910496256,213.27556032253932,201.81897808507031,213.53663900683981,201.5465354944275,213.15582228938524,201.78349515725895,213.67268859781498,202.07428276105369,213.46340111861662,201.31005035307291,212.59245583602453,201.11029695901217,213.06513354651025,201.18858897895942,213.09658441199628,202.55668157558898,214.06224721925827,200.80710866294942,212.21920877240242,202.2363741293785,213.61979104920783,199.39276029226508,212.58623848878833,205.94425031554596,207.10362409205848,208.84549950599427,206.30609996433202
