203.80225685668117,203.41907840072182,204.97833093251526,207.30692215324589,199.85151192418783,210.63255362671774,198.92403320607409,210.98458651224885,199.32607594370489,209.93107633497726,198.32479580510113,210.43591617537629,198.82379412692333,209.76109263647274,198.5606215943132,210.76512786662681,199.17144172098179,209.81385088675668,198.0745767631482,209.99955451168921,198.68874644965337,210.02210092849074,198.56617929512652,210.08237902700137,198.50258419152541,210.02210092849069,198.75234155325435,210.3572807594899,198.82022086483011,210.25878376338432,198.80886184139109,210.56703506406728,199.37787026319862,210.82207521633669,198.94520857490039,210.31199491179811,199.10517679617999,210.64567047995365,198.65758282234967,209.76706077622151,198.46099618892089,210.34115538056676,198.91382688918506,210.23782337281682,198.68943183213415,210.33892344211424,199.12094081388247,210.56926700251987,198.63024172279657,209.75467159859448,198.46031080644011,210.55687782489281,199.262845248205,210.39810273027661,198.70299335270477,210.12916913753682,198.49320960680654,210.10224060722058,198.94300607776862,210.34115538056682,198.43181700033722,209.71758582910371,198.43517220401878,210.42503126059282,199.29065367182719,210.64075370491884,198.78350518055811,209.66811088198611,197.83189421688346,209.8494323934039,199.03242516627179,210.30675444765848,198.24298492100851,209.89293920077299,199.13876097902713,210.8737821019067,199.00035809807568,210.05918669798143,198.47813097158485,210.08611522829753,198.76034537301186,210.49286352508591,198.97926008181659,209.79398930653764,197.89930620439017,209.48796994430711,197.9860611155375,209.90637974311363,199.46927379042179,210.91524998491215,198.16179335451949,209.94273783699524,200.55791687008639,211.57768434618856,196.80929800360894,209.13496892344347,202.490536044431,204.20951208643481,206.14400020553205,203.31516736008379
203.30183639626034,202.47061198667731,203.33802191744442,205.66718874796126,198.65662621814928,209.47726192839738,197.78796056099364,209.64022363850697,198.12248476642156,208.91018242570919,197.39104091605799,209.30317344999895,197.8095512613836,208.84706950284433,197.65522143672274,209.58270086326533,197.98200717545419,208.75196892377963,197.21324696240029,209.03137335550048,197.68462266461495,208.89702262425365,197.48699655055142,208.99844901974544,197.52266015472142,209.03950257223062,197.87902535943888,209.45136652714461,197.96894212183003,209.25966912656244,197.73509520410474,209.25781260189871,198.00437734823694,209.44407751979321,197.76328098631052,209.10816662811581,197.93859601651093,209.4841288667514,197.72396209583096,208.83692609651501,197.52038983565498,209.21390465043564,197.77919049777609,209.12076513660938,197.75371191882411,209.32647665778384,198.00920749255096,209.3406510444602,197.61673031399457,208.79144226686918,197.43248104681703,209.25854827070268,198.00772595636863,209.21776125494057,197.65235039842707,209.05597179498716,197.53827481220833,209.01676065740767,197.81196452155271,209.21390465043567,197.48761581187853,208.76927835591488,197.5510919233711,209.34652183856429,198.05969857413851,209.26499706867554,197.59080009460016,208.72193800160531,197.10370587663013,208.84409212232089,197.8559270955063,209.04307419904163,197.09861120377451,208.63692337329633,197.82695413323114,209.43577219715667,197.67359955229426,208.84594864698465,197.5273428230629,209.04794711883167,197.60549416037944,209.12793116241522,197.73493750674714,208.82320673216176,197.23006226845885,208.69617969165617,197.10701540192764,208.82764134053531,198.35167115935607,209.64780953475838,196.85517024092297,208.59946641835802,199.3987619536621,210.5591073844214,196.02013771763046,208.2289204199912,201.47433544612517,203.06841393016126,205.017179430987,202.35999854449281
204.65474267570289,203.14592130719637,203.00418542912203,205.31552312346497,198.85483654067286,209.86540383948662,198.1102588193412,209.76472426943607,198.30113862831175,209.43140096310071,197.94168333938137,209.75980952419022,198.37496177214663,209.67758789477946,198.39895608581861,210.01824406371111,198.22639669068644,209.20503468732181,197.79666112938435,209.60910677083535,198.14626903640269,209.36144718477618,197.97110429193089,209.59531946289155,198.12349621218198,209.68376169364586,198.51432723717235,210.15580559469365,198.66533108168767,209.90361800388862,198.19392934508804,209.49070616373427,198.02356831027853,209.56868551935082,198.05300298857844,209.49556525067908,198.28413448737754,209.94191558668578,198.36083199524876,209.56888274743656,198.12576294622451,209.66869261794989,198.09340753894116,209.55458613308306,198.33583257246909,209.93846844985748,198.39358409491049,209.66298287385044,198.10498582773332,209.44541693097315,197.89362633831769,209.45667861482553,198.13824734482415,209.54144858245931,198.05259178371412,209.55378591164632,198.09892172001707,209.51603566389915,198.15947617739096,209.66869261794986,198.05969430777469,209.41053872491003,198.1523331441191,209.78177530592203,198.18120338329263,209.28434638452075,197.73674108546521,209.29813355435229,197.88727747653809,209.45369539465202,198.2300958517956,209.4744778861961,197.60753942376263,209.07611554678201,198.03082406860116,209.54009215253149,197.78878200170121,209.23064850571629,198.15774911263017,209.63665211430222,197.88890632873412,209.22741253726861,197.90024384106607,209.48689496202971,198.20859837825986,209.593131379684,197.73960556587053,209.28051250719267,198.66287780614661,209.89727978299354,196.95414028648028,208.70867650340446,199.60773547516447,210.98865600767306,196.58280438682462,208.79057229081673,201.91127182949012,203.44718863199552,205.53463522895839,203.11642523578942
207.30692215324601,205.77304975182665,205.55499918977307,207.99219483752589,201.52080608955839,212.47690998539272,200.41697705336651,212.14301541597538,200.58098188028933,211.95263168806582,200.29146853334126,212.05346596993107,200.50391392459895,212.00382864688035,200.51974501515997,212.2488764198408,200.53319356505222,211.94360913759624,200.47491461458304,212.25060996295895,200.54655347265503,211.79210663914955,200.09040154436335,211.88165608519387,200.47238531874288,212.2651879776619,200.89419748168964,212.46233197068977,200.69847094804078,212.06977752775214,200.31830752024385,211.82872558326116,200.21698951958427,211.80112918961919,200.19205952155357,211.79210663914955,200.35264728558889,212.12270802968482,200.59937279609807,212.08608908557321,200.45430526277914,212.01684702581949,200.35048696247554,211.98022808170779,200.55596323996943,212.16834952426609,200.4354857281503,211.97120553123818,200.5143740304234,212.07880007822178,200.27449846198067,211.77579508132845,200.32555696444504,211.97293907435639,200.3160876715267,211.87436707784238,200.35088646460994,211.92729757977514,200.34357749480498,212.01684702581943,200.46121473044963,212.06977752775214,200.64781194771092,212.25060996295898,200.37365613952718,211.66993407746304,200.17141964034218,212.10813001498192,200.61998214790214,211.99653963952895,200.32336764513539,211.74646514456828,199.9051656459466,211.48510581378682,200.16494020421356,211.71157974357484,199.85703594145681,211.56736625247967,200.5198336574494,212.20496846837773,200.27770912360413,211.56007724512816,200.01885132858075,211.92729757977517,200.67561263083422,212.13572640862387,200.0575407363485,211.73518030874746,201.00412624539496,212.33686623012125,199.22616633345461,211.13246349384281,201.89812924118073,213.51523220852155,199.1673687091542,211.68137324987302,204.64619982109843,205.88904360345276,207.74102888979397,205.27993379110256
200.34776871608702,199.23068284268257,199.50690146345349,201.94477857561833,195.39558945405702,205.68991932626724,193.86760986474476,205.23737614901123,194.00369322926147,204.91071199771858,193.57880065995221,204.88362167657488,193.66813061232662,204.74367379375121,193.59757968536971,205.06993844290938,194.02163410558362,205.21710677373784,194.0616961985296,205.2876356472066,193.95610166802382,204.81019300132772,193.33340267609546,204.73136422465856,193.88806171996126,205.30975448574827,194.13057429568755,205.02177974222346,193.49449266536661,204.61122668937011,193.52079769068405,204.90895117673975,193.76703382363615,204.79427326847727,193.50285681436191,204.73170420118922,193.57629314944941,204.86085200165761,193.79501167875267,205.02217924435791,193.76536099383702,204.90821169807481,193.72947924119293,204.9367809765485,193.68690616935237,204.78847366492067,193.53706573720709,204.91111149985309,193.98073386354218,205.17119691796532,193.7244607517957,204.78122422071974,193.70819270527261,204.97547038431648,193.60343285547057,204.66148618756557,193.55835227312727,204.85829217641009,193.6476787571101,204.90821169807481,193.84716147791991,205.15453770644982,194.04542815200654,205.16789761405263,193.70150138607636,204.7779249168068,193.77288699373705,205.32922485675275,194.16311038873351,205.02433956747115,193.6272303702853,204.82040177291108,193.55417193282543,204.74697309766393,193.66980344212578,204.73824328341072,193.24825653241444,204.59135681623113,193.91436674527878,205.30469436085656,193.8513418182217,204.65136605827144,193.33674833569361,204.79788343223495,193.90851010678617,204.95415055004361,193.27288872793289,204.68101620466288,194.41603784088198,205.44683156298984,192.86928269454376,204.33337360835051,195.18690790354827,206.30045696696962,192.54040446002179,204.93851574726469,198.25160912879605,199.24293717110007,200.75995530230472,198.23854512292374
210.9677334577168,209.94205638524414,210.45718577368865,212.92639075873251,205.7607881762666,216.50485535256823,204.09664764271594,216.15238693997856,204.28231357267489,215.67757205834809,203.7674831917796,215.87471605137597,204.23165457234501,215.86569350090633,203.99538916766016,215.96426549742029,204.29857328205588,216.0701265012857,204.23486523396846,215.99186189106226,204.09309700456197,215.74854766122004,203.89737047091322,215.99186189106229,204.52283997749316,216.27455950166504,204.22474510467441,215.67757205834812,203.64055524002831,215.58802261230377,204.11441683883459,216.11576799586697,204.27395414387067,215.81276299897362,203.92559977285626,215.82178554944326,204.04604816799016,215.86569350090633,204.18099557201504,216.0701265012857,204.26019473413339,216.00817344888335,204.19691530486557,215.89102760919704,203.93137025972752,215.71419100245973,204.01676852753664,215.98057705524135,204.31409351277205,216.0538149434646,204.09019720278377,215.82907455679481,204.1462563045358,215.91133499548752,203.84347169227436,215.49847316625946,203.89342033062485,215.96426549742029,204.21604569933945,215.91862400283901,204.13073607381978,215.98057705524144,204.20012596648897,215.90231244501791,203.92525979632589,215.70290616663883,204.11802700259244,216.0375033856435,204.06486770261887,215.6865946088177,204.03376771558277,216.1726943262691,204.48338056165289,216.09945643804585,204.14483546008748,215.69961298775678,203.64268503373393,215.72321355292934,204.44654061715332,216.33148583206716,204.24532533979286,215.58073360495229,203.52158580222462,215.59704516277344,204.28222493038552,215.98457288371077,203.5964353219199,215.59131579118582,204.87554411141943,216.65879404372046,203.50662776559483,215.3625795760465,205.34196445738738,216.74505031088273,202.24903191123843,215.64336973617679,208.84533229741473,209.9187225137465,211.65963283613834,209.16126921627776
198.74541308747953,197.77992393672309,198.27089709453674,200.51317540353094,193.65976299493963,203.79852365321167,192.21320599208244,203.69507432563501,192.57461685125864,203.3235811864877,192.12555233789868,203.66900534680505,192.82837898411074,203.76011457588154,192.39725534707279,203.50076863643446,192.43397524881237,203.59307637191412,192.47487549085378,203.50156764070334,192.22696652810265,203.3647708938993,192.4560964654363,203.96559085337546,193.04207902401683,203.89907164579884,192.4323024190133,203.39700986173457,192.22529369830357,203.60498643887237,192.7924972314666,203.94066085534499,192.60008372748072,203.49752885812555,192.35050193493058,203.60893657916077,192.50034236707583,203.6429363679751,192.61969743360194,203.88025211117008,192.81211093758776,203.91789118042766,192.7048435772829,203.65274563742406,192.37178847085076,203.62090617172305,192.66561616504055,203.78874337995919,192.55918348543935,203.60208663709406,192.43564807861145,203.63972570635161,192.64432962912031,203.65999508162497,192.2236208685045,203.25990225508539,192.3980934961682,203.89691132268547,192.84631986043291,203.71531470471209,192.42105286188743,203.54531717336249,192.42895675941529,203.51097740801757,192.29417179546144,203.44985830186332,192.51577573289526,203.49940731758994,191.95609819963218,202.98204764085457,192.24574208512846,203.88124292407639,192.91854014879718,203.69674650432455,192.24574208512843,203.14152542028668,191.93230068481748,203.49786883465606,192.87597054534848,203.94066085534499,192.51661041359887,203.20779329362205,191.74574381932428,203.19042372012689,192.75159698942514,203.93924001089681,192.20400716238336,203.42197038917274,193.32838071830659,204.50355988191481,192.085486776561,203.13149546649313,193.49783832496485,204.15023390780908,190.53538597062467,203.29615395523558,196.89308367775033,197.83083360719158,199.61036175738738,197.51835186204957
210.40033466872919,209.21105025145772,209.51114881685987,211.92729757977511,204.91071199771869,215.82907455679475,203.60248613922852,215.67601242258425,203.88332919752719,215.3780341476911,203.63796488537284,215.94466076071711,204.45557987852953,215.94968748271745,203.86226069749566,215.52450992413756,203.62139431614671,215.36172258986997,203.67850375640887,215.54984403242833,203.70639308182146,215.58472943342167,204.16180553144815,216.22735837131998,204.35136207609153,215.82578137791268,203.90606975575878,215.76556186862848,203.96681847646437,215.84382647885198,204.20379424312853,215.90804181660556,203.89916028808841,215.59375198389137,203.83338055917656,215.63939347847261,203.84634096464524,215.72894292451699,204.03595703489225,215.87142287249392,204.16865547351483,216.07585587287335,204.25010360103568,215.80946982009164,203.87818043034616,215.79089597691922,204.08044604621665,215.78187342644966,203.92158998647497,215.71992037404729,203.91186935931535,215.65570503629365,203.89699996497498,215.62308192065154,203.6535737583784,215.45127203591431,203.94114899976867,216.00661381311954,204.22872424115914,215.74525448233805,203.7827215588469,215.63037092800292,203.94040952110367,215.69232398040535,203.76680182599637,215.55713303977976,203.975148788583,215.58646297653991,203.30809007245708,215.03841020668617,203.75705208215132,215.96999486900788,204.14548629646319,215.52051409566815,203.51362587555477,215.29976953746768,203.61769551009957,215.79818498427068,204.32899190330872,215.83480392838234,203.70053395266112,215.25586158600464,203.26763984371033,215.40563054133301,204.37990223787983,216.18744624832635,203.61016420224959,215.39261216239402,204.71748564322436,216.57497396926371,203.34743031660048,215.01237344880806,204.89343094602367,216.33965139636038,202.02183488461543,215.40075815592192,208.39605930738608,209.25422655379387,211.20399907008033,209.22281864065357
198.78487594551956,197.65628940643668,197.95143250872854,200.36578497563579,193.92273089427405,204.34568164423186,192.71693128350404,203.97523743087245,192.71655685426799,203.64422363715695,192.65976299493968,204.33229120722149,193.35636204181475,204.09648495076416,192.70317421587549,203.79838995745615,192.45693808292341,203.43007707101373,192.41854535138472,203.88332919752705,192.87262835414197,204.13443487986677,193.28915677445593,204.45532854428831,192.95610166802382,203.89711913667205,192.89391489006221,204.19913374086076,192.91938176628423,203.9198888115892,192.80626123587845,203.97779725612011,192.79250069985821,203.95826735951181,192.81127972527571,203.79404031503347,192.5804734897512,203.87036879205877,192.79166601915458,203.86311934785769,192.78915504026003,204.22412326449509,193.20735629037313,204.10654555445419,192.74825479821868,203.87647925546028,192.68690616935245,203.84429981322884,192.8513418182217,204.13912449882037,192.93648796190271,203.80015077843515,192.51828671178959,203.70608222197663,192.56420544322819,203.78133124380628,192.84799615862357,204.08846549849062,192.85803313741795,203.83489004591436,192.65892831423599,203.99331748683628,193.0241416160863,204.10398572920667,192.76619567454077,203.92309947321249,192.99950942056796,204.06057617307783,192.50034583546744,203.62185346437425,192.93565328119902,204.29804008416593,192.87179367343822,203.68562103806565,192.56086325202185,203.9897959653677,193.0650418581277,204.35657036887631,193.1818894141511,203.90436858087298,192.45944559342607,203.66813229287362,192.52079769068411,203.9036291022079,193.3275460376029,204.32757105886051,192.29333711475775,203.4297080982868,193.41603784088198,204.66833459642092,192.14098570371789,203.17215338873703,193.7056851947699,204.70224433022389,191.27371647185313,203.80080468123336,196.97739514072745,197.61905505765876,199.36885324900146,197.55603265229729
209.83481127732432,208.78501190986734,209.3145904918191,211.92729757977511,205.07604890631123,216.07012650128573,203.73413423934082,215.59375198389131,203.62941376842051,215.10765226643997,203.50011780005869,215.65570503629377,203.75526226497635,215.06201077185867,203.33484041707007,215.46758359373541,203.65104446253832,215.05472176450726,203.26650086291093,215.36172258987006,203.75665258001706,215.58975615542192,203.96684900587169,215.60104099124277,203.47700814861108,215.25013221441708,203.79034150898602,215.58246714807044,203.48385809067773,215.09862971597036,203.50458661417838,215.52780310301958,203.86584186505732,215.58975615542192,203.67316330107971,215.14427121055152,203.26246208033331,215.24284320706548,203.55558559103889,215.21351327030541,203.53667741412087,215.65397149317548,204.02691777351606,215.46358776526603,203.4111688940956,215.18089015466322,203.42279851012714,215.33968166046128,203.86263120343381,215.77787759798019,203.85362093825384,215.18089015466322,203.16484288572059,215.10036325908851,203.51538669653365,215.38532315504256,203.71722369358409,215.43825365697526,203.54287651981187,215.2338206565959,203.50307712744078,215.48389515155657,203.88870018226385,215.61006354171244,203.69624383584204,215.51149154519842,203.91402968242878,215.65570503629368,203.61809501223399,215.38532315504256,203.89126000751148,215.61006354171246,203.41693938096668,215.04569921403763,203.54401550061129,215.56615559024937,203.78553271833576,215.53682565348927,203.81823083439889,215.3966079908634,203.4114797539406,215.25186575753517,203.5476547810546,215.54411466084073,204.22866612827735,215.77285087597997,203.07879378153584,214.88620505865214,204.32316330355582,216.16211214003559,202.8431792132267,214.5262737313567,204.70242456073569,216.53506184627008,202.37814918229944,215.38045076963147,207.99380615773313,208.60933533054435,210.29674508746569,208.23727045020738
198.48696652351251,197.47062357444418,197.95990896976684,200.32867898377916,193.75950435534449,204.18775687179243,192.59301451065679,203.84955162626852,192.52786343911635,203.30081151157043,192.2966793059642,203.66107453682073,192.22194803870539,202.99361773128223,192.23114686840441,204.01772881103534,192.93481166371188,203.4874682544355,192.11969916779776,203.41656887502853,192.37346130064984,203.58906670602198,192.62471592299909,203.63426607932576,192.26702862104867,203.46247873080102,192.60426753617426,203.62855511805844,192.15976126074378,203.34530052289466,192.6059403659734,204.03836869224691,192.97487375665793,203.94973064612876,192.581308170455,203.41832969600725,192.20651467288607,203.59341634844466,192.56002163453476,203.59813649680569,192.6017565572798,203.98520939227302,192.80960342708502,203.51603753290928,192.16645257994003,203.51097740801782,192.55667597493658,203.81012273983569,192.87597054534845,204.03836869224676,192.70484357728282,203.4028094652912,191.99867127147266,203.34314019978123,192.53706226881542,203.82027198581511,192.70986206668007,203.72512397416085,192.51410290309616,203.58005644084187,192.39809349616817,203.58295624262024,192.53706226881545,203.66545470865097,192.51912139249336,203.68717404505824,192.60259470637519,203.65604494133672,192.43230241901341,203.70300513561938,192.79082440166746,203.74814498331946,192.24824959563119,203.36758205338813,192.53956977931816,203.61649688320713,192.11969569940609,203.24719318385843,192.52246705209146,203.78658305684598,192.47236451195937,203.47549866187344,192.39558598566541,203.87269180712397,193.22780120880631,204.17911557933931,192.20484531147875,203.32651151767345,193.28748047626519,204.43522032775556,191.73031045350496,202.71298260745914,193.49951115476392,204.77678286958476,191.32503159031677,203.43471152301856,196.41687945836915,197.14535485857124,198.82894876688931,196.84436060128547
210.59619553283599,209.41648112615124,209.78357156415913,212.09008491404265,204.95631087315695,215.96426549742029,203.79889262593863,215.9170643670752,204.07615592939777,215.51149154519848,203.81086221850072,215.91706436707523,203.97193812695969,215.49517998737738,203.97042864022211,216.20375780614748,204.33328202012774,215.64668248582404,203.70349328004318,215.63037092800292,203.83514138015559,215.64668248582407,204.01713750026354,215.82751492103085,203.93207920898493,215.745254482338,204.07936659102108,215.65067831429346,203.50520692114671,215.46029458638398,204.13835449074764,216.14180475374505,204.27352411232863,215.90804181660553,204.01392683864003,215.78187342644969,204.08035740392748,216.0961632591638,204.29209231271597,215.97728387635937,204.33649268175117,216.3005962595432,204.25010360103556,215.53179893148896,203.59060518895586,215.77458441909818,204.23887348713851,216.02292537094058,204.24464397400962,215.99759126264985,204.06088703292295,215.602774534361,203.62824425821339,215.52450992413753,203.94765896530498,215.93337592489632,204.24103381025174,215.99759126264985,204.15674540655669,215.79089597691927,203.80188107000626,215.59375198389134,203.93065977725877,215.77285087597997,203.93028939180977,215.63539765000328,203.83264108051171,215.5684178756006,203.72191331253754,215.70863553822642,204.20669404490701,215.99030225529839,204.01852781530417,215.84382647885201,204.24433311416468,215.81849237056124,203.56379673146077,215.43322693497501,204.11774513894383,216.00435152776834,203.91937013775771,215.5154873736679,203.79219085176518,215.97728387635937,204.6518977229502,216.18744624832627,203.52266513693104,215.37630060457295,204.76808511795036,216.56768496191231,203.12427348527726,214.73470256020545,204.9212607458324,216.72318328882838,202.33655997275346,215.25654466482675,208.06723483298018,209.17369965821922,211.28683751264188,209.25943758476512
199.02420328810265,197.98629034166132,198.41049002327995,200.54954191672255,193.65186256580364,203.92170915817181,192.44606295503357,204.11774513894375,193.13391995528571,204.03271737707263,192.92895849361105,204.39847043826742,193.25327502181176,204.11851514701638,192.88889640066503,204.10148542956267,192.81378723577851,203.90356957660416,192.95693634872751,204.30656220492207,193.0829827344499,203.98646754476948,192.74407445791684,203.9459577904191,192.81546006557758,204.08772601982545,193.0975779511738,203.95601839410926,192.35803140322216,203.46802700011645,192.61970090199358,203.91226886144983,192.68774085005606,203.78423104558451,192.74742011751508,204.12246528730489,193.22780467719789,204.50228873857111,193.20568346057414,204.20021460877842,193.18690443515655,204.50913868063788,193.10259644057103,203.77118199782677,192.4953273460703,203.94950842857295,192.96195483812477,204.02765725218114,192.84799615862357,203.99041768505802,192.8121144059794,203.91732898634146,192.74825479821871,203.86377018423337,192.70735455617722,203.99942795023799,193.03873683281037,204.21141419326801,192.97822288464769,203.9173289863414,192.58214631955039,203.87283997501706,193.03706400301121,204.28774267029343,192.96028200832566,203.89126000751151,192.7661956745408,203.99075766158856,192.75160045781678,203.85660938232147,192.8308934313969,204.01583582751221,192.78832035955639,204.06504498719744,193.16729419742717,204.28388117229417,192.91520142598245,204.06535584704253,193.05751585822782,204.06603580010369,192.63057256149168,203.77482127827003,192.78330187015922,204.11015571821196,193.14767702291425,203.90319907066609,191.99616376096984,203.39601916931767,193.4611184232252,204.56411679398289,191.90934478748977,203.02634637675288,193.83256626119595,204.97173951565043,191.35551695593597,203.64814772718248,196.934822068887,198.05854777443483,200.12897970357926,198.22061414574699
209.51798876370086,208.73006721833551,209.58477472019283,212.05849269193124,204.74577459126061,215.50576217361086,203.34817120798752,215.73623193186842,204.15319488889179,215.55313721131029,203.67196467418722,215.77285087597997,204.09673628500539,215.56944876913147,203.58082644891454,215.24510549241674,203.27773097680804,215.16960531884232,203.83588085882067,215.93337592489632,204.07606728710834,215.38532315504258,203.34103952276121,215.18089015466319,203.49292788146144,215.47487260108687,203.9422589843719,215.59877870589159,203.55333662563626,215.08231815814923,203.21371206887537,214.92855337435137,203.14167370866906,215.05472176450726,203.49912698715244,215.49118415890794,203.97295946927355,215.76885504751056,203.78670222854282,215.39261216239399,203.71071372804809,215.71592454557791,203.92920993661423,215.491184158908,203.63512472968767,215.3853231550425,203.5052374505542,215.25013221441705,203.57761578729117,215.38532315504256,203.56274639295071,215.43825365697526,203.881850240197,215.57344459760085,203.52800712547142,215.28675115852855,203.72993276481122,215.58975615542195,203.7168241914498,215.2704396007075,203.31971968848848,215.24284320706553,203.86732082238726,215.84382647885201,203.84205084782621,215.35998904675176,203.76606234733131,215.75427703280764,203.7407328471665,215.10765226644,203.29655051143681,215.14427121055158,203.27008203047248,215.16787177572411,203.78275208825445,215.80547399162216,204.05974805212338,215.65170920782427,203.64783380091487,215.20848654830516,203.40462981187397,215.39434570551219,203.69232281223921,215.36501576875202,203.67884514566151,215.14826703902105,202.71233023787235,214.8422971071891,204.34198283818458,215.97399069747729,202.64711270304727,214.61582317740101,205.00881933675484,216.82904429269377,202.5807256580151,215.61248016365275,208.31612066660281,209.13534717098935,211.05852455301724,209.08559679952214
197.6921922796927,197.11978330683803,198.17929015076109,200.6546327730922,193.76619567454074,203.9877402213246,192.50201519687496,204.12160663694283,192.99281810137165,203.51569755637877,192.12555233789865,203.64697515055286,192.74574381932422,203.74354400665536,192.58548851075676,203.58730588504304,192.11802633799866,203.11779404914861,192.29249896566236,203.78988236075872,192.66059767564329,203.43063926510004,192.17147106933726,203.44149887305906,192.4272839296161,203.62420547563562,192.56838578353009,203.81632184552672,192.84548517972914,203.85251095365069,192.3759722795443,203.18110259510178,192.01828497759379,203.41005890949239,192.47654832065288,203.71861400862468,192.74908947892237,203.81086221850069,192.47654832065282,203.48169776756427,192.37262661994612,203.68427424327987,192.72613011320308,203.97764908822691,192.87680869444381,203.74434301092433,192.32503505870841,203.51643703504368,192.5863266598522,203.70343375443926,192.41268871289211,203.71176406655815,192.95693634872754,204.00732823081464,192.45526178473258,203.44300835979652,192.49867300566851,203.78883202224856,192.64432962912025,203.58045594297639,192.20317248167967,203.22195232598284,192.31629301208534,203.69837362954769,192.42979490851062,203.34786034814235,192.50118051617116,203.8850303724129,192.47487549085383,203.18067397628178,192.14349321422071,203.56552702303219,192.41686905319398,203.5412783907849,192.68188421156353,204.01986001746323,192.87345956645396,203.73447421587164,192.29417179546141,203.35542065218871,192.44522480593821,203.78337239522261,192.50954466516654,203.44550865944052,192.53204377941825,203.5949548313786,191.89809523036405,203.28930106723567,193.28497296576251,204.269942944767,191.71069674738374,203.06136609515886,193.87346650323744,204.92401072601714,191.49281289878417,203.92776304190298,196.97990265123028,197.5552279583635,199.29888861130533,197.54959504542478
209.95276440115387,209.1326420860569,210.00985442154274,212.51023575062226,205.29238479176396,216.24193638602299,204.02713857834976,216.15811631156609,204.23714319556728,215.35998904675188,203.3709699995903,215.63939347847261,204.03200689460394,215.78916243380104,204.32708291443672,216.20375780614745,203.88437953603724,215.09134070861887,203.39274886160112,215.66698987211453,203.95197961153144,215.52051409566812,203.7993807703624,215.82751492103091,204.1498359388861,215.78187342644961,203.75995188392963,215.67427887946602,204.31082320505567,216.30961881001289,204.23236352160242,215.57744042607024,203.74002236469764,215.81120336320984,204.08004654408231,215.88773443031499,204.25371376479342,215.99759126264988,203.95956903226323,215.61908609218216,203.85871005934166,215.75653931815876,204.05758772901009,215.98630642682906,204.25084307970073,215.81849237056127,203.83403139555236,215.81849237056119,204.25084307970067,215.88044542296359,203.81811166270197,215.77285087598,204.31958213599432,216.07585587287329,204.00692872868035,215.68330142993568,203.92818859430037,215.83480392838234,204.19358547154536,215.96999486900788,203.89344932682107,215.27946215117717,203.46867783649211,215.54082148195863,203.7751321381152,215.38532315504261,203.73422288163027,215.69232398040532,203.78849204571802,215.58472943342167,204.17195477742757,216.24037675025906,204.30684253535969,215.96999486900791,204.33368152226214,216.13278220327544,204.02935842706697,215.59375198389131,203.79543063007395,215.67601242258422,203.96712933630943,215.68503497305392,203.65977286406937,215.53179893148896,204.27318413579795,216.09789680228201,203.60655403849185,215.4821616084383,204.8314240728219,216.61159291337535,203.31633032956444,215.09063805903153,205.13000721055354,216.65220768595637,202.27939100688741,215.47000021567578,208.29514080886074,209.16467710774955,211.24751980469864,209.43210611985197
198.94369146024937,197.95633191427717,198.51933200081913,200.74122966779373,193.95526698732016,204.31705284015416,192.68522987116168,204.14267513697413,193.00034756966343,203.72342279927514,192.5387350986145,204.03274637326896,192.83256626119598,203.87756012337809,193.1818859457594,204.62415656543087,192.98324137404498,203.51359687935846,192.51494105219152,204.20058358150524,193.04375532220755,203.85948006741427,192.72111509219758,204.13872499668585,193.13140897639124,204.10108592742819,192.63596894851665,203.79321219407905,193.04459000291118,204.50617935325556,193.14433136331613,203.86880119243932,192.72362260270029,204.13326536965988,192.94066830220453,204.06165704099556,193.13847819321521,204.31017236868001,192.87680869444384,203.87534027466103,192.83005528230149,204.04752712532007,192.83256279280428,203.96178888098027,192.82838245250238,203.87929041494931,192.71153489647918,204.10719639082987,193.11886448709404,203.99652814845973,192.60426753617426,203.96468868275849,193.0796370748518,204.22693442398401,193.02163063719189,204.12311612368043,192.8283824525025,203.96394920409358,193.06253087923329,204.41433064551399,193.06169619852966,203.77118199782672,192.53622758811173,204.00667739443909,193.00118225036709,203.97699825185131,192.72696826229847,203.91442918456312,192.81044157618035,204.22628358760826,193.41603784088196,204.45202924037554,192.87095552434292,203.90001893845016,193.00202039946248,204.15868351211398,192.62137373179272,203.62907379188974,192.76536099383713,204.03814647469105,192.71655338587632,203.56678517552842,192.25950608954037,203.7494626614197,193.2728852595412,204.46927976266295,192.6238812422954,203.76495389593953,193.68439519045793,204.89254176625431,192.26953959994307,203.26326261781338,193.84883430771896,204.79159273832144,191.10760799318484,203.4180814281886,196.66228091061745,197.69208423077129,199.77877789231741,197.99823427310812
210.35504882103731,209.09987974645023,209.37579945743067,211.71886875092633,204.73602484741568,215.74681411810187,203.47040954078551,215.54811048931012,203.85370958054318,215.41065726333329,203.74138368354198,215.72894292451696,203.67967326661594,215.16787177572414,203.74215369161456,215.97728387635939,203.96394920409358,215.33968166046131,203.78272155884676,215.99532897729864,204.11330685423169,215.51878055254994,203.66952402063635,215.56442204713119,203.78374290116076,215.48389515155654,203.60803440854389,215.43825365697526,203.92881043447977,215.84209293573377,203.81203172870784,215.26644377223806,203.58446572935779,215.61006354171244,203.72373365912034,215.44554266432678,203.9856685405006,215.90404598813609,203.83150209971225,215.37630060457292,203.72126247616191,215.63539765000323,203.76492336653192,215.41291954868447,203.5939350222761,215.29577370899821,203.52834710200199,215.48389515155654,203.77118199782677,215.32337010264021,203.47734812514156,215.53682565348922,203.94191900784128,215.6539714931755,203.8984208094233,215.67201659411478,203.67060347583197,215.37630060457289,203.88216110004217,215.94066493224776,204.01784798273221,215.47487260108684,203.69408351272884,215.83480392838234,204.24319413336511,215.90404598813615,203.94296934635142,215.58472943342167,203.74073284716641,215.75757021168971,204.20632507218002,215.55539949666155,203.10585498599411,214.80065144107721,203.45682741562686,215.34141520357949,203.24364254570452,215.00908026992607,203.72672210318783,215.58246714807046,203.45522928660006,214.93983821017216,203.17400131879376,215.36501576875207,204.19716663910694,215.96097231853827,203.47203666600871,215.25342539329907,204.60456855594066,216.45609458645927,203.07074521257667,214.69635007297563,204.92342106894571,216.69558689518638,202.20815165094999,214.9878963266938,207.77241014738868,208.93993672107965,211.01500381839898,208.87630932032371
199.06442052574573,197.67418551526873,197.63050867311293,199.91454488385347,193.58381914934941,204.16612617767467,192.62137026340099,203.82718145348588,192.55918695383099,203.50267762530649,192.5625291450375,203.94179983614444,192.5583488047356,203.35977041510074,192.48156681005005,204.09667663891227,192.90767195769078,203.67958462432654,192.56504012393191,203.97218946120091,192.84966552003095,203.92335080745377,192.85552215852354,203.86803118436671,192.45024329533541,203.47518780202827,192.40060447506261,203.74363264894473,192.84883083932732,203.97264848893914,192.57880065995221,203.52769626562636,192.56671295373101,203.9129196978254,192.6155170933001,203.64774515862544,192.81796757608024,204.15273574066424,192.76368469564633,203.5851760913373,192.47905929954726,203.80765155687743,192.70651640708186,203.76606234733129,192.56085978363012,203.51973633895648,192.30876701218534,203.56132554850242,192.47905929954732,203.52874660413636,192.47654832065282,203.82357128972794,192.72864109209752,203.70565360315652,192.57796251085676,203.72265279120259,192.39893164526356,203.49656716190481,192.65976299493957,204.03916769651585,192.79166255076288,203.66400486800669,192.51912139249328,203.93060025165488,192.97738473555239,204.11691701798932,192.89140391116771,203.76927300895474,192.41603437249032,203.81302254161412,193.03957151351398,203.87488112643348,192.12220667830053,203.12390451255035,192.35134008402585,203.55651675785222,192.12304135900419,203.34129085700258,192.73198675169564,203.88179059410407,192.3634243218554,203.33919005949301,192.33925584619638,203.80620171623289,193.10092014238029,204.12240564121157,192.26452457893762,203.38916922725087,193.33674486730195,204.62773619978103,192.03455302411686,202.97818767606677,193.7132111946699,204.83068164822359,191.07377696796743,203.14929660474161,196.43983882408841,197.66413537975501,199.55063892533329,197.29853011387758
210.69246059048896,209.34624119208328,209.45832949341684,211.89467446413295,205.07422855972845,216.25095893649251,204.10963704438055,215.95368331118681,203.8482499535173,215.2175090987748,203.52979694264644,215.66872341523273,203.78346103751207,215.3780341476911,203.92232946513985,216.13278220327538,204.25621406443742,215.53682565348922,203.5320459080491,215.56841787560066,204.02250848500026,216.09216743069442,204.52539839001869,216.07585587287335,203.89336068453181,215.53179893148902,203.76285168570789,215.7615660401591,204.19324549501482,215.9609723185383,203.9371988594803,215.66299404364517,204.13647603128322,216.0961632591638,204.05147726560853,215.61006354171241,203.99470780187687,216.05954431505222,204.20265526232933,215.69961298775672,203.76936165124405,215.63037092800298,203.95376942870664,215.84382647885198,204.03234687113442,215.59375198389134,203.70019397613058,215.630370928003,203.93068889394411,215.65570503629365,203.87818043034622,215.78187342644964,204.03160739246951,215.69961298775675,203.84816131122787,215.64668248582407,203.81962114943957,215.61006354171244,203.94981928841815,215.78187342644961,203.86772032452166,215.52051409566815,203.7913918474963,215.7891624338011,204.10645691216479,215.94795393959922,204.2428541568346,215.79818498427073,203.61158504669785,215.63765993535441,204.46859980960178,216.38285669823608,204.14801559230332,215.69232398040532,204.11268501405212,216.02692119941,204.01087886896877,215.85111548620341,204.33229120722137,215.94466076071714,203.76125355668111,215.54984403242833,203.90038791117698,215.88773443031505,204.43337239769863,215.99030225529842,203.33060841313304,215.1312528316125,204.56186936179139,216.61159291337535,203.40138862084316,214.90251661647329,204.86770194372414,216.46581978651628,201.96398596568832,215.07744577273812,208.21915230836592,209.50430104875448,211.45268386575626,209.01121961446827
198.82577856564336,197.81953677028761,198.28005235964045,200.52162347462445,193.72613358159475,204.09525732767531,192.68690270096079,204.13070554441202,192.81211440597943,203.41412822147763,192.20317248167962,203.55595456376577,192.31462365067802,203.42353798879205,192.72194977290127,204.26636331041675,193.06754936863052,203.73968250865627,192.34883257352317,203.67461314172434,192.78915504026008,204.25556322806165,193.31127799107989,204.27398326055607,192.89642240056494,203.99652814845953,192.82670962270342,204.0279681120262,193.00034410127165,204.15779586555595,192.83423562260333,203.99248936588185,193.13764004411985,204.3672818089421,192.88015435404191,203.66045422985269,192.53288192851363,204.04462732354179,193.10677678087288,204.11009619260818,192.74658196841966,203.73098310332136,192.60092187657617,203.94330932288202,192.8751358646447,203.93605987868088,192.80960342708502,204.06955732157226,192.9356498128073,203.91112988065046,192.64349494841662,203.90172011333593,192.91436327688709,204.08186689066488,192.87513586464476,204.03737787934062,192.97320439525058,204.08837685620097,192.8146219164822,203.77837191642391,192.4970001758694,203.71836267438354,192.78915504026014,204.15174492775807,193.06002336873061,204.23239405101,193.22947750699711,204.17741440445354,192.51828671178967,203.71367305543018,193.14182385281336,204.55723785571979,193.0642037090324,203.93756936541848,192.97571537414501,204.3825507054168,193.18690443515661,204.35614175005622,193.28413828505876,204.11950595992252,192.59050700015396,203.76896214910968,192.6998285562774,203.97406933338752,193.16477975014095,204.10281621899949,192.12806331679306,203.30408181928692,193.34632159462868,204.71924493099198,192.23198501749977,203.07694585147894,193.51410637148783,204.49170792783838,190.93982668471742,203.52840969402826,197.07964401163514,198.13157694754742,199.85831164235776,197.56968216404775
210.00747981241125,209.06997180582138,209.74723326652844,212.00556218999853,204.57213777946799,215.33794811734319,203.20600347644663,215.51322508831666,203.81931028959451,215.16960531884237,203.38654975591007,215.29976953746765,203.28353058036464,214.88291187977015,203.49366736012644,215.69232398040532,203.84455114746999,215.2428432070655,203.43473757328161,215.46758359373544,203.82789193595451,215.61735254906387,203.83736122887277,215.56442204713119,203.80040211267624,215.67201659411478,203.86087038245495,215.60104099124283,203.95197961153147,215.79818498427068,203.81021138212506,215.4748726010869,203.90172011333598,215.79818498427076,203.7682226704446,215.14427121055155,203.25965092084419,215.36901159722152,203.93605987868091,215.8144965420918,203.95527891544404,215.42194209915417,203.45241812711106,215.42194209915422,203.86303070556821,215.8584044935549,204.28370388771555,215.99359543418043,203.9205396479648,215.38532315504258,203.49656716190481,215.60104099124283,204.1317864123298,215.95697649006883,204.08186689066491,215.8420929357338,204.12021632190206,215.85111548620347,203.85396091478441,215.42194209915417,203.55373612777072,215.51149154519845,203.96428918062418,215.90404598813612,204.12962608921643,215.84209293573377,204.0724571233506,215.65570503629371,203.45966757131205,215.25013221441699,203.89993029616093,215.75254348968946,203.54608718143518,215.07832232967982,203.58091509120388,215.66299404364517,203.84702233042839,215.63366410688499,204.0396268447432,215.66299404364517,203.57280699664091,215.18991270513283,203.30999906132899,215.28675115852857,204.04018903882968,215.77458441909815,203.23580037800932,214.98877288363551,204.33436288804543,216.20775363461684,202.96365672504578,214.65244212151256,204.7751137573178,216.53506184627005,202.30545998571739,215.48631177349685,208.39821963049928,209.2615155611453,210.97148308378067,208.66702184112529
198.83667026501328,197.85975701845675,198.40132103242584,200.47056497216028,193.45861091272241,203.59063571836339,191.97236624615525,203.54034569076046,192.54291890730795,203.51498719439925,192.62304309320012,204.03660787126816,192.66310865453772,203.35365995169903,192.31378550158269,203.71759266631113,192.41018120238934,203.26286158246762,192.31211267178361,203.86476099713954,192.87597054534834,203.77868277626911,192.45275427422987,203.54827650074472,192.49783485657306,203.7569925565476,192.60594036597328,203.69263367208427,192.70400889657921,203.88113975772833,192.51661388199051,203.44269749995149,192.42021818118383,203.76390202421805,192.61718992309915,203.45966757131217,192.1493498527133,203.4278281056111,192.57796251085679,203.96573902126872,192.91603610668608,203.76896214910971,192.37429944974517,203.64888413942501,192.78748221046101,204.30292292447874,193.43648622770681,204.31918263385987,192.6647814843368,203.50597692921912,192.4151996917866,204.0033780905263,193.16394506943723,204.22403462220578,192.91436327688703,203.98020891347463,192.85384932872446,203.97804859036154,192.68439519045796,203.7215733360072,192.64182211861754,203.98415905376308,192.95944385923022,204.03441855195851,192.78831689116473,203.78519274180525,192.53873509861444,203.53920670996104,192.24825306402286,203.55367660216697,192.81294908668303,203.90350993051112,192.34799442442775,203.28168111709653,192.41687252158562,203.78337239522264,192.53789694951911,203.62275563499128,192.71237304557448,203.86192072096512,192.53037094961917,203.39058853848786,192.04710098180564,203.3761187667711,192.7883168911647,203.91115887684654,192.09925078097299,203.15910292825708,192.98156854424587,204.14699424998949,191.70317074748382,203.00135685311838,193.85552562691524,204.98731927197031,191.49448572858321,203.85433436665588,197.02080289327165,197.76761370352801,199.37265367805909,197.25363741875185
210.76886406792281,209.50603057219558,209.77416179684477,212.09008491404268,205.05796885034729,215.92035754595722,203.44183884958954,215.43496047809325,203.74699147846138,215.49517998737738,204.01087886896866,216.20375780614742,204.29283179138122,215.55713303977973,203.72586345282602,215.71263136669577,203.65829390673935,215.03841020668619,203.40684824786908,215.77458441909818,204.23813400847345,215.7981849842707,203.89304982468664,215.57744042607027,203.61809501223394,215.32510364575836,203.5989646177602,215.50420253784705,203.83875154391336,215.55713303977976,203.62645444103836,215.33239265310988,203.67091433567717,215.63037092800292,203.86772032452168,215.42367564227234,203.50850622505936,215.39834153398158,203.78198208018193,215.68330142993568,203.96863882304697,215.70863553822645,203.86772032452166,215.7362319318683,204.09488682173716,216.08314488022481,204.40418139953471,215.94066493224773,203.77257231286745,215.44224948544471,203.77331179153251,215.80720753474037,204.12996606574706,215.82578137791268,203.9429693463515,215.61006354171244,203.7342228816303,215.5571330397797,203.82323131319737,215.7891624338011,204.25911386621559,216.12878637480603,204.18713503161314,215.69961298775675,203.78488188196008,215.61006354171246,203.80006213614581,215.44224948544468,203.56132554850234,215.61908609218213,204.25695354310247,215.99030225529845,203.78377189735687,215.46758359373541,204.03234687113459,216.04323275723112,204.03586839260302,215.6629940436452,204.03780649816048,215.87142287249398,203.89006138061899,215.45127203591429,203.52016495777622,215.48389515155654,204.14835698155608,215.80218081274015,203.25388043397308,214.95215393952392,204.14119617964423,216.0033206342375,202.94267686730367,214.93913556058482,205.22475572007335,216.81273273487272,202.32788968410404,215.40804716327344,208.35481007437056,209.40572905224053,211.25010739004063,208.92167016842399
199.0651059082264,197.7997333733644,197.94779142470071,200.31540771846559,193.97404254434593,204.35568272231802,192.48407432055282,203.74073284716638,192.74240162811776,203.78164210365114,192.68690270096076,204.08260636932991,192.89558771986123,203.74255319374905,192.7031707474838,204.12780574263377,192.77288699373705,203.34103952276121,192.14265853351708,203.78022125920305,192.84966898842268,203.89126000751148,192.87680869444384,203.96286833617592,192.43481339790776,203.27557065369476,192.26703208944039,203.74508248958915,192.72780294300216,203.76856264697528,192.62722690189358,203.85467127676392,192.82419864380893,203.95922905573255,192.67147280353308,203.54756613876518,192.32670788850754,203.67816377987822,192.70902738597636,203.78488188196013,192.60092187657617,203.88290057870705,192.91436327688709,204.12922658708203,192.99867127147263,204.10389708691719,192.87346303484571,203.85757107854229,192.60092187657611,203.76316254555314,192.64349494841662,203.71540334700151,192.54208075821262,203.75665258001686,192.70400889657921,203.69698331450707,192.37429944974519,203.5794056044661,192.66310865453784,204.17627542365395,193.35635857342308,204.36984163418973,192.82670962270342,203.66085373198706,192.5216323713878,203.98424769605236,192.99783659076894,203.91442918456303,192.53957324770994,203.80336144005832,192.95526351892846,204.0449673000723,192.54208075821268,203.70420376251195,193.01912312668912,204.37709107839081,192.95526351892849,203.89742999651691,192.91185576638432,204.15819536769033,192.85802966902634,203.83514138015568,192.5984143660734,203.92341033305766,193.18439345626214,204.22906421768985,192.37764510934326,203.40573979647718,193.11802633799874,204.32060194509691,191.95944385923019,203.22886332686468,193.95442883822483,204.77928316922868,190.95776756103953,203.32293341653445,196.78916197704353,197.96117991406339,199.7867150970817,197.50424659333382
210.14306257800732,208.88901638906904,209.14115471797302,211.75548769503794,205.10643853136759,216.10674544539734,203.60208663709415,215.55713303977976,203.95536755773347,215.39434570551219,203.32608148613147,215.16457859684212,203.37873811762262,215.10765226644,203.65854524098069,215.88044542296362,204.04141666191828,215.20622426295395,203.2472818261478,215.29976953746768,203.51504672000291,215.25013221441699,203.84455114747013,215.75427703280766,203.56999583715179,214.93983821017221,203.33597939786969,215.65570503629371,204.10389708691713,215.8420929357338,204.09818612564993,215.88773443031502,204.05107776347398,215.70863553822639,203.69303317421873,215.27043960070753,203.52800712547133,215.66299404364517,204.08442671591268,215.6263750995335,203.62966510266159,215.60104099124283,204.09093668144885,215.90404598813612,204.00297858839181,215.66299404364517,203.79395167274399,215.54811048931009,203.80691207821238,215.58246714807046,203.65178394120321,215.2175090987748,203.44951832533278,215.46758359373544,203.81311118390335,215.43096464962386,203.55117630252303,215.49517998737738,203.9299494152792,215.86742704402454,204.17337562187586,215.75254348968943,203.64163469522379,215.27043960070753,203.57940560446627,215.70863553822642,204.16470533322644,215.7615660401591,203.69914363762035,215.51878055254988,203.99143902737177,215.6629940436452,203.4364983942605,215.16058276837268,203.81277120737272,215.69232398040529,203.52544730022376,215.14427121055152,203.68692271081693,215.745254482338,203.95553024968552,215.55713303977981,203.60192394514218,215.56442204713116,204.31258402603447,216.19473525567778,203.75779156081643,215.35599321828235,204.39477163222026,216.15482313268413,202.9680063674686,214.78763306213818,204.9205212671674,216.44551240022577,201.9574760001521,215.09375733055924,208.17031365461881,209.27053811161497,211.01080079172385,208.49435330603848
198.76438595917406,197.60209090023164,197.86352393932646,200.33095706586718,194.0020203994624,204.35284244614363,192.51075724349803,203.81672134766129,192.83841943129681,203.59205515008966,192.10092014238032,203.26795070355558,192.18272409485482,203.29473016485423,192.41938003208841,203.94114899976881,192.82670962270339,203.57866612580128,192.41770720228934,203.7200929659549,192.39391315586636,203.37608965008565,192.60092187657605,204.00516790770141,192.58130817045497,203.35365995169906,192.39558598566535,204.06378683470123,193.14433136331616,204.24902414584005,193.11719165729497,204.11009619260818,192.73616709199752,203.78488188196019,192.57378217055501,203.76572237080086,192.83590845240241,204.30326290100942,193.24574555352007,204.02145814649015,192.58298100025402,203.92994941527937,193.03873683281029,204.05693689263444,192.64516777821567,203.69303317421873,192.60008719587239,203.83554088228996,192.79166255076285,203.88002989361425,192.54124607750896,203.47814712941042,192.41018120238934,203.78272155884687,192.66979997373406,203.66730417191945,192.599249046777,203.99396832321204,192.95860917852661,203.92704961350108,192.64014928881841,203.72191331253765,192.5437535880117,203.65243477757892,192.51577573289512,203.7598632416404,192.77037601484258,203.94941978628381,192.76870318504351,204.07171764468563,193.20651814127771,204.12095580056715,192.41352686198752,203.36056941936965,192.49700017586937,203.60686489833697,192.04207902401677,203.03819538489611,192.27037774903843,203.76100222243977,192.7440709895252,203.72231281467194,192.37513759884055,203.62210479861542,193.00034410127168,204.3025524185405,192.59674153627432,203.5475966681727,193.17063638863357,204.24140278297867,191.7440709895252,202.90694832012923,193.58465729844477,204.58941576474024,191.05750892144439,203.57616889257994,197.02080289327165,197.8946011808832,199.32451219018103,196.83621841796531
210.56926700251989,209.41388893268339,209.82865975897343,212.2212800261988,205.183506487058,216.00088444153189,203.47003903484728,215.54082148195863,203.95826735951184,215.46758359373544,203.58110677935204,215.62308192065152,203.87721873412542,215.39434570551219,203.68097493936725,215.75653931815887,203.86633000948095,215.38532315504256,203.82752143001633,215.90977535972374,203.87496976872282,215.22653164924441,203.55191578118803,215.7126313666958,203.92448978825323,215.52051409566815,203.82687059364065,215.78187342644958,203.99066901929913,215.75254348968943,204.00883771755232,215.6629940436452,203.69584433370764,215.49517998737741,203.78528138409467,215.70863553822636,204.14332597334987,216.11247481698493,204.26602333388627,215.7891624338011,203.90857005540261,215.94066493224776,204.26818365699953,215.75254348968949,203.6390748699761,215.45856104326575,203.85146061514052,215.76156604015912,204.01238835570638,215.73623193186839,203.85797058067658,215.55713303977973,203.79173182402698,215.60277453436103,203.7129030473576,215.38931898351194,203.71324302388823,215.77058859062879,204.1071963908299,215.67427887946602,203.68683406852767,215.55713303977973,203.96286833617586,215.70134653087496,203.70093345479557,215.35270003940028,203.64237417388875,215.63037092800303,203.98850869618599,216.03923692876168,204.53190835555483,216.05954431505222,203.75770291852717,215.40563054133307,203.79759095318724,215.49691353049559,203.37531964201315,215.13698220320023,203.66449301243034,215.64668248582402,203.91104123836107,215.61006354171244,203.67390277974476,215.49118415890797,204.07492830630895,215.87142287249395,203.48394673296693,215.23711383547797,204.37126247863802,216.01963219205857,202.7495101589025,214.60853417004955,204.82611273417828,216.57168079038169,202.33729945141843,215.61248016365272,208.65179508307537,209.54820900021755,211.09363923428535,208.53097225015009
198.98679657750495,198.00502737168517,198.59247291147688,200.68798172553076,193.74742011751505,203.93171023625803,192.16896009044279,203.70383325657374,192.76536099383711,203.67057435914649,192.62137026340093,204.19037480992191,193.04542815200662,203.8022224592589,192.7211116238058,204.15964520833484,192.79417352965734,203.56169605444063,192.62053558269724,204.07464644266011,192.68606802025712,203.31281022081797,192.16561789923639,203.74798229136761,192.85217649892545,203.93645938081525,192.7678685043399,203.75375277823858,192.45526178473261,203.65823438113549,192.65018626761287,203.77908227840359,192.61384426350102,203.78849204571793,192.67147280353308,203.79389214714004,192.72445728340401,203.92158998647486,192.68606802025704,203.78414240329511,192.83088996300521,204.24680429712282,193.12304482739592,203.94256984421691,192.56002163453471,203.79750231089801,192.81127625688404,204.0283080885568,192.87346303484563,203.99032904276871,192.86844454544845,203.98705885554136,192.75578079811862,203.72191331253751,192.42812207871151,203.48209726969876,192.35635857342305,203.7342228816301,192.87179020504666,203.95922905573241,192.6238812422954,203.74329267241416,192.7678685043399,203.82687059364059,192.39558598566546,203.39894796729223,192.3930784751627,203.68146308379093,192.60092187657617,203.89521014779979,192.95860917852659,203.98415905376297,192.64265679932126,203.82573161284111,192.79250069985821,203.75054211661515,192.39056749626826,203.72487263991968,192.89391489006218,204.09127665797936,192.91687078738983,204.04712762318562,192.81044157618032,203.94222986768659,193.01493931799567,204.08655650961842,192.40060447506258,203.66187507430098,193.44940861463175,204.35534121257629,191.69024836055885,202.91595858530928,193.72446075179576,204.88020166775402,191.41603090409856,203.90749366662956,197.26871185602283,198.15650694557792,199.76542856116146,197.49483682601945
210.215729854145,209.23133706411642,209.94054535457559,212.11368547921523,204.68721518986476,215.54411466084071,203.27360213921889,215.49691353049559,203.80706024610558,215.23382065659587,203.60788624065069,215.9333759248963,204.11956548552652,215.51878055254991,203.94001001896925,216.1744278693873,204.17667492578866,215.33968166046134,203.4777476272759,215.50420253784702,203.59097569489398,215.10765226644,203.44630766370932,215.55713303977973,203.92665011136648,215.62637509953356,203.78744170720788,215.4056305413331,203.49110753487872,215.43096464962386,203.87317995154774,215.73623193186833,203.99717898483522,215.7615660401591,203.8666699860116,215.4748726010869,203.66076508969769,215.45856104326583,203.55302576579129,215.34870421093098,203.87349081139271,215.9243533744266,204.08186689066497,215.66299404364514,203.8995597902227,215.83480392838237,204.03771785587116,215.75254348968946,203.96178888098027,215.7891624338011,204.02830808855674,215.76156604015907,203.83554088229002,215.4585610432658,203.65499460282663,215.4309646496238,203.52479646384796,215.35998904675182,203.89882031155778,215.80720753474037,203.81996112597005,215.33239265310985,203.56965586062131,215.35270003940036,203.40465892855948,215.15329376102122,203.57980510660073,215.32510364575842,203.36050989376574,215.19720171248426,203.69485352080133,215.49517998737744,203.60177577724906,215.45629875791457,203.8482499535171,215.47886842955626,203.50372796381663,215.57344459760083,204.18287403147949,215.97728387635937,204.07671812348414,215.83480392838234,203.9528077324857,215.75254348968946,204.23119542411746,215.99030225529842,203.62503359659016,215.56042621866177,204.83392437246567,216.42347147081702,202.95208663461813,214.6980836160939,204.91836094405406,216.72318328882838,202.43170798440758,215.51390816713882,208.39821963049928,209.36008755765931,211.1672689474791,208.88505122431235
198.68455951380162,197.77977929483959,198.47537085324288,200.49194433203667,193.39057096465993,203.66011425332212,192.16477975014098,203.74582196825429,192.62304656159176,203.37537928810625,192.41938003208841,204.09056617551067,192.90683727698718,203.70386378598135,192.79668104016002,204.41828078580252,193.16059940983919,203.72373365912028,192.39558598566538,203.73206255851701,192.60259470637521,203.72447313778531,192.74658196841952,203.99396832321185,192.81127625688407,203.86988064763494,192.70735455617722,203.70929288359994,192.41519969178663,203.70605310529092,192.82670962270336,204.09127665797936,192.98407605474867,204.07535692512886,192.80709591658223,203.82579113844511,192.7056817263782,203.84569012826952,192.50034583546756,203.55012596401295,192.66310865453775,203.98529803456262,192.66645431413585,203.66986399716708,192.7678685043399,204.13977533519596,192.89474957076584,203.87895043841874,192.78748221046109,203.99976792676836,192.81629474628119,203.87679011530548,192.63596894851668,203.76862217257909,192.79668104016005,204.06668663647952,192.76619567454082,203.68939389377553,192.66310865453775,203.94404880154715,192.60594036597328,203.46182789442548,192.39056749626823,203.70093345479546,192.52079422229235,203.58551606786799,192.57963534065587,203.62784475607901,192.23198501749982,203.43689789639501,192.65892831423591,203.77371129366699,192.33507203750287,203.43979769817332,192.57880065995218,203.78593222047044,192.54124260911723,203.86948114550054,193.04208249240844,204.0760672871084,192.70149791768472,203.79790181303235,192.60510568526962,203.78053223953725,192.93648449351102,204.04641714071678,192.30625950168263,203.59785616636813,193.60761319577244,204.72214473277023,191.99365278207537,202.92502837609314,193.5846572984448,204.77607250760531,191.28747700787346,203.60149839274487,196.83173504888398,197.7173542053325,199.41522674989957,197.27245695338061
210.22169799389366,209.25781260189871,209.91467864979438,212.22128002619883,204.8763722323736,215.67757205834806,203.45016916170852,215.58646297653993,203.74082148945564,215.20622426295392,203.64012520848627,215.85511131467285,203.97409845007294,215.40163471286371,203.75665258001692,215.96097231853824,204.18929535472631,215.71592454557785,203.91186935931543,215.81849237056122,203.98850869618587,215.745254482338,204.0229371038202,215.78187342644961,203.88685071899556,215.63037092800295,203.83628036095513,215.47660614420502,203.56743601190405,215.5847294334217,204.11626618161381,215.90404598813615,203.97764908822683,215.69961298775678,203.90211961547053,215.68330142993568,203.94074949763424,215.7013465308749,203.72305229333705,215.35270003940036,203.71250354522323,215.60277453436098,203.60763490640946,215.2867511585286,203.83480140362502,215.94066493224773,204.06520767914941,215.6173525490639,203.87679011530551,215.70863553822642,203.77507261251131,215.4585610432658,203.71546287260534,215.64668248582404,204.0445677979379,215.9333759248963,204.05187676774287,215.61006354171244,203.80981187999063,215.63037092800295,203.63657457033227,215.22653164924444,203.60581455982683,215.68503497305389,203.92883943067608,215.59375198389137,203.89594962646478,215.62308192065146,203.56237588701268,215.52051409566815,204.28123270475712,216.02292537094058,203.64879549713575,215.22479810612626,203.80956054574935,215.84382647885201,203.89981112446409,215.61006354171238,203.96187752326949,215.61006354171246,203.62306649483631,215.4585610432658,203.68297257052859,215.45456521479636,203.98302007296363,215.67601242258422,203.13380242428852,214.99606189098699,204.51666998848759,216.44880557910787,203.07833463330837,214.50996217353557,204.52261775993733,216.33965139636035,202.11590344107404,215.22894827118478,208.16164336596938,209.12805816363789,210.93458349318806,208.65071028330416
198.72095986753899,197.77519683775026,198.28386345906458,200.71149087911303,194.06504185812781,204.29743430125646,192.66227050544234,203.90640973228935,192.5216323713878,203.45207815058038,192.59590338717888,204.07714674230388,192.79835386995913,203.56564619472906,192.44940861463166,203.89665998844441,192.8555221585236,204.0084382154179,192.97655005484864,204.07606728710843,192.76703035524454,203.82573161284117,192.66812714393495,203.73132307985205,192.53706226881545,203.66875401256388,192.47738646974818,203.50992706950751,192.43564807861145,203.97764908822691,193.16729072903536,204.09488682173719,192.61886275289825,203.7121635686926,192.68606802025701,203.83258155490779,192.60510221687795,203.63361524295007,192.41185403218842,203.51643703504365,192.49950768637217,203.70383325657372,192.43481339790779,203.58807589311559,192.83088996300518,204.31372300683387,193.08214458535451,203.87855093628437,192.66478148433683,203.83659122080019,192.53706226881539,203.61374536981123,192.62722690189352,203.89916028808818,192.76535752544541,203.84526150944956,192.66478148433677,203.80330191445441,192.75243513852058,203.87133048827937,192.51159539259334,203.41156839623,192.33841769710105,203.74147232583147,192.68104953085984,203.77803193989351,192.77288699373713,203.83048075739845,192.36593530074981,203.76097322624352,193.34009052690013,204.61755795760524,192.90850663839444,203.74181371508402,192.89726054966036,204.20018407937062,192.72613011320308,203.62321466272937,192.53706573720712,203.69337315074927,192.56587480463565,203.87713009183611,192.74407445791684,203.79321219407908,192.93648449351105,203.99288745529427,192.04208249240844,203.13013414764893,193.18188594575943,204.53332766679196,191.95944385923025,202.73871160975858,193.24658370261554,204.35315036005537,190.89390795327876,203.35511285876603,196.74993456480118,197.7238641708685,199.52358370612654,197.42171482895048
209.94792938950945,208.99917057879148,209.62304454289566,212.25789897031044,205.28476496211368,216.16869849779965,203.869081522877,215.76556186862848,203.72706207971845,215.2867511585286,203.80762244019201,215.91706436707514,203.88292969539256,215.2062242629539,203.49801700254943,215.66698987211456,203.93895968045913,215.58975615542198,203.8767901153056,215.69961298775678,203.81848216863995,215.52780310301955,203.73644273034745,215.4748726010869,203.6987441354859,215.43096464962383,203.4810469311887,215.2175090987748,203.71250354522317,216.00261798465013,204.44833043432843,215.84209293573377,203.66150456836272,215.51149154519848,203.94876894990801,215.61908609218207,203.50051730219326,215.12795965273048,203.49045669850301,215.52051409566818,203.89191084388725,215.64668248582407,203.77587161678008,215.55713303977976,203.96607899779943,216.07585587287329,204.36043186687522,215.8420929357338,203.84165134569184,215.54082148195866,203.58665504866732,215.3780341476911,203.84239082435678,215.74525448233805,203.8000621361457,215.27043960070748,203.42097816354442,215.46758359373544,203.93389955556771,215.602774534361,203.57073531581682,215.13698220320012,203.37682912875073,215.21022009142331,203.36741936143619,215.20622426295392,203.7367827068781,215.45127203591437,203.30445079201365,215.2867511585286,204.23023372789669,216.3005962595432,204.17186613513829,215.71592454557788,204.11379499865527,215.78187342644964,203.51924819453268,215.18089015466325,203.59146383931767,215.55713303977979,203.96599035550994,215.93337592489624,204.03820600029491,215.60104099124283,204.05138862331921,215.85684485779103,203.34686812251397,215.07832232967979,204.42587161925636,216.28099152284003,202.9455766690819,214.57191522593791,204.7317042011891,216.51875028844904,202.21972174137755,215.22894827118478,208.05782506566584,209.02219715977253,210.92779288117094,208.77919022044696
198.08683922747954,197.33777605703466,198.17519429727361,200.57478277459825,193.77037948323428,204.02617829485115,192.45358895493356,203.96647849993369,192.83340094189964,203.71361352982643,192.74908947892234,204.07464644266014,192.557514124032,203.26181124395754,192.35468574362403,204.00155774394358,192.85217649892547,203.62281516059494,192.47571363994916,203.89594962646484,192.87680869444378,204.00593791577398,192.86760986474474,203.98060841560903,192.83590845240244,203.88002989361436,192.4970001758694,203.59137519702847,192.7269682622985,204.27543310120055,193.22613184739896,204.01494818095395,192.60426753617423,203.89810994957818,192.97822288464783,203.89344932682104,192.28664579556147,203.35735875774625,192.58381914934944,204.14267513697422,193.10175829147565,204.05619741396953,192.78915504026008,203.78488188196022,192.52079422229238,203.9205396479648,193.07963707485172,204.13903585653091,192.7899897209638,203.68396338343479,192.2916642849587,203.44630766370932,192.62053558269739,204.02003730204186,192.77121416393797,203.46802700011648,192.20651814127783,203.64382401453338,192.70233606678002,203.63330438310513,192.29751745505959,203.4437478384616,192.44940861463169,203.46401721373499,192.08549024495264,203.32617012842076,192.62053558269727,203.7642420007486,192.27455808934033,203.40471845416334,192.7194422623985,204.06128653505732,192.73282143239939,203.80586173970238,192.84966898842265,203.80185195332095,192.28998798676795,203.48749737112101,192.60510568526962,203.86408104407838,192.86760639635307,204.12706626396877,192.8154600655775,203.65064496040367,192.64098396952215,203.86661033991851,192.22780467719792,203.44337886573467,193.35301291382501,204.40634018943666,191.72613011320303,202.90910864324266,193.83256626119601,205.08897724916059,191.53873163022277,203.6014983927449,196.58048042653473,197.38562992914834,199.11533494799352,197.10610288414136
209.61535263170214,208.78041963655841,209.68784831924845,211.99653963952892,204.61378651461769,215.5260695599014,203.34160171684761,215.79818498427076,204.32834106693295,215.67930560146624,203.78223341442316,215.67601242258425,203.51908550258071,214.95614976799331,203.60828574278517,216.12149736745459,204.29641295894271,215.42923110650557,203.5605860698374,215.87142287249392,204.27503359906623,215.90404598813615,204.09562630040219,216.06683332240362,204.36654233027707,216.03021437829204,204.01278785784064,215.61006354171244,203.75665258001698,215.64668248582407,203.91112988065035,215.69961298775675,203.968638823047,215.85111548620344,204.09778662351536,215.54082148195866,203.33051977084375,215.22653164924446,203.91186935931532,216.02292537094056,204.20265526232933,215.69961298775672,203.76936165124391,215.3780341476911,203.38293959215241,215.35998904675185,203.94842897337733,215.81449654209183,203.9429098207477,215.46758359373536,203.41196789836437,215.12795965273048,203.57900610233187,215.69232398040529,203.94370882501639,215.4309646496238,203.60507508116177,215.54082148195869,203.73098310332142,215.27946215117711,203.44664764023986,215.50420253784705,203.99106852143368,215.60277453436103,203.51356634995085,215.40563054133307,204.04172752176348,215.88044542296356,203.75048259101143,215.29577370899821,203.64854416289432,215.44224948544471,203.43609889212613,215.25915476488663,203.78784120934222,215.57744042607024,203.63105541770253,215.52953664613776,203.98464719818671,215.78916243380104,204.00544977135036,215.84209293573377,203.91988881158903,215.5074957167291,203.86584186505732,215.56112886824911,203.1471623318912,215.10365643797059,204.52681923446718,216.29730308066115,202.97377685433963,214.77861051166855,205.0504085463011,216.7851363412307,202.37598885918607,215.21263671336362,207.86465835726469,208.74452627116997,210.61226898431823,208.50823033532711
198.66695740706851,197.63565824176194,198.22097083854439,200.27631880856339,193.41018467078112,203.92920993661409,192.41854188299305,204.16470533322646,193.3496707226185,203.93571990215023,192.4773830013566,203.78016173359919,192.43732437680217,203.312070742153,192.62137026340099,204.54887842691559,193.37346476904148,203.77294281880572,192.51912139249333,204.21641467206646,193.14098570371797,203.90348093431484,192.71153489647915,204.29706379531837,193.38889466646913,204.40705208462751,193.1034311212747,203.99356882107742,192.5191213924933,203.4845975693427,192.35301291382493,203.77257231286748,192.91269044708801,204.07606728710834,192.83088996300515,203.62710527741393,192.1877391158603,203.51603753290925,192.78831689116467,204.06409769454618,192.76870318504353,203.63907486997604,192.43648622770684,203.551915781188,192.3300535481057,203.59532533731686,192.72696826229841,203.9367993573459,192.75076230872151,203.76316254555312,192.49365451627116,203.54466633698706,192.48156681005005,203.7794222549341,192.64014928881841,203.71176406655829,192.72947577280121,203.96897879957751,192.64516777821569,203.54432636045632,192.47236798035101,203.99396832321185,193.08549024495267,204.04061765764953,192.64349494841656,203.86013090379001,192.99616376096992,204.21246453177801,192.83088996300512,203.71756367011477,192.58465383005316,203.66909398909442,192.28748047626513,203.41807836176602,192.56085978363015,203.80154109347558,192.56169446433373,203.75921240526461,192.84966898842271,204.1260159254586,193.023303466991,204.16726515847427,192.91018293658527,204.0428375063666,193.12639048699407,203.97662774591319,191.97487722504962,203.21587239198871,193.25076404291735,204.57022725738452,192.18272062646301,203.27011255988003,193.7916660191546,204.55137719334803,190.83004834551804,203.22596505829762,196.52163930817116,197.43628892947811,199.3030253870119,197.35800259919594
210.64567047995359,209.30502997466272,209.5367626352546,211.90925247883584,205.09526794307422,216.25095893649254,203.81185303140711,215.88773443031502,204.33741085771686,215.69059043728711,203.58576740210927,215.60277453436103,203.82661925939939,215.38532315504253,203.86723218009789,216.23864320714085,204.36629099603579,215.49118415890797,203.65928471964557,215.96999486900793,204.15100544909308,215.4292311065056,203.61374536981108,215.88773443031508,204.25877388968507,215.80547399162222,203.95271909019641,215.79818498427068,203.90172011333604,215.4585610432658,203.58881537178064,215.52051409566809,203.88580038048548,215.69961298775678,203.90172011333595,215.55713303977976,203.65573408149172,215.41465309180271,203.67165381434205,215.41465309180276,203.56348587161582,215.26315059335604,203.48499707147704,215.36172258987006,203.72265279120276,215.65570503629368,203.99396832321179,215.68330142993565,203.75665258001703,215.50420253784705,203.77331179153234,215.65570503629371,203.94330932288216,215.59375198389137,203.60473510463112,215.4056305413331,203.85831055720737,215.70134653087496,203.71324302388817,215.35270003940033,203.72231281467211,215.74525448233805,204.01238835570621,215.64668248582404,203.74764231483695,215.57344459760085,203.93895968045916,215.77285087598,203.82974127873345,215.57344459760085,204.04135713631447,215.86413386514249,203.71395338586785,215.22653164924446,203.62068395416716,215.602774534361,203.69945449746555,215.41291954868456,203.84390031109425,215.90404598813618,204.25001495874639,215.97728387635931,204.00957719621718,215.89502343766651,204.4967404692558,215.96270586165645,203.1409923428856,214.87388932930048,204.23310441298963,216.29730308066115,203.35973988569305,215.14356856096427,205.02183926782723,216.23205684937679,201.68542098947779,214.99691887716344,208.06723483298029,209.07512766170524,211.09105164894336,209.04140820157809
199.09580221146112,197.80624333890049,197.92483205898142,200.41271605323314,194.24992936221355,204.60891819836363,192.53956977931819,203.80006213614561,192.99700191006519,203.98745835767582,192.56252914503744,203.8167213476612,192.78664752975737,203.82829143808891,192.81378376738675,204.23813400847342,192.91185576638432,203.51464721786851,192.3964206663691,204.05511654605172,192.91520142598245,203.58452525496165,192.45275427422985,203.9444483036815,192.75160045781686,203.52769626562625,192.39391315586641,203.95311859233084,193.03873683281034,204.00593791577398,192.70568172637826,203.79429164927453,192.62555407209447,203.80370141658901,192.7269682622985,203.93034891741368,192.83005528230152,203.71910215304868,192.24909121311825,203.26329020128767,192.24909121311825,203.50165628299266,192.37095379014704,203.56348587161574,192.64684060801471,203.93679935734585,192.83088996300518,203.8138215458828,192.49532734607033,203.58230540624456,192.56504012393194,203.98745835767568,192.99449093117087,203.86087038245492,192.43815905750589,203.56678517552845,192.53790041791083,203.60257478151786,192.31043984198445,203.52223663860033,192.64684060801474,203.83298105704233,192.57963534065584,203.62716480301779,192.51661388199062,203.73422288163027,192.71153489647909,203.83298105704233,192.51494105219155,203.69229369555367,192.93732264260635,204.17846474296374,192.6205355826973,203.36306971901345,192.37764510934335,203.88759019766067,192.76368469564633,203.78414240329522,192.75327328761591,204.06014755425784,192.97069341635611,204.00007878661356,192.65018626761287,203.90999089985087,193.20066150278515,204.12234611560783,192.08716307475166,203.14349405525167,192.99114527157269,204.31409197956077,192.08799775545535,203.35875060599818,193.91102108568069,204.55433652073035,190.81127278849229,203.39025162837987,196.83006221908499,197.7929432036928,199.7052130928125,197.76299795123612
210.19850566487366,208.98313966745138,209.27363203571832,211.96894324588695,205.36581358750018,216.24922539337436,203.57277787995537,215.59201844077316,204.19123346028385,215.78690014844986,203.66610554502682,215.53179893148899,203.89785861533687,215.62637509953353,203.90848141311335,215.88773443031505,203.96403784638287,215.33968166046128,203.59813649680578,215.83480392838234,204.06239651966047,215.491184158908,203.77868277626916,215.83480392838229,203.88185024019702,215.14427121055161,203.2382715609678,215.45127203591434,203.98745835767571,215.76156604015912,203.96863882304697,215.73623193186839,203.90172011333601,215.5571330397797,203.65573408149163,215.46758359373544,203.79139184749636,215.41465309180271,203.35149962858571,215.07502915079777,203.51973633895645,215.42367564227237,203.57974558099684,215.31608109528878,203.68072360512596,215.55713303977967,203.7844823798257,215.46758359373544,203.57039533928639,215.22653164924444,203.48749737112087,215.5571330397797,203.97770861383086,215.55713303977979,203.57974558099679,215.28848470164675,203.46222739655988,215.16457859684206,203.42708862694604,215.48389515155657,203.96468868275858,215.61006354171241,203.62025533534728,215.31608109528869,203.54796564089972,215.52051409566812,204.01889832124235,215.74525448233803,203.62355463926011,215.2867511585286,203.81888167077443,215.74525448233797,203.63907486997607,215.14427121055161,203.57329514106453,215.7289429245169,204.03225822884519,215.86742704402451,204.25556322806162,215.9682613258897,203.95519027315493,215.5734445976008,203.63916351226538,215.52780310301958,204.10025780647396,215.71263136669583,203.19165134321557,214.99779543410511,204.24285415683457,216.05625113617015,202.9607569232675,214.93011301011518,205.15783701036239,216.63363384278404,202.08190365225971,215.17601776925204,208.16815333150547,209.30715705572658,211.33052771525152,209.14726920544351
198.71944275288803,197.57139459699692,197.85244134221296,200.31213753123831,193.96112015742102,204.42192147896782,192.74072532992713,204.14844562384533,193.15018800180869,203.869880647635,192.36844281125269,203.7472428127025,192.8563603076189,203.88580038048553,192.68188421156358,204.00337809052633,192.8972605496603,203.86303070556829,192.76535752544544,204.15890572966993,192.95693634872751,203.88756120146428,192.87597054534842,204.26957397204018,192.95359068912938,203.50017732566261,192.08047175555541,203.45710774606448,192.52079422229235,203.76566284519697,192.81127625688401,204.07606728710837,192.93230415320915,203.75375277823866,192.29082613586331,203.42452880169833,192.47822115045193,203.70053395266103,192.49783485657304,203.60794576625452,192.62053558269733,203.78232205671242,192.52413988189048,203.60473510463123,192.5541684644339,203.71290304735771,192.54375358801164,203.63330438310507,192.45609993382806,203.47558730416273,192.33005354810558,203.6622440470278,192.68606802025707,203.69658381237275,192.4569346145316,203.56743601190422,192.39391315586639,203.56348587161577,192.6238812422954,204.05403709085613,193.0370640030113,203.93645938081525,192.58298100025405,203.6333043831051,192.41687252158562,203.74039287063579,192.95191785933036,204.08621653308779,192.60594036597323,203.56564619472903,192.64182211861757,203.92522926691822,192.58465383005304,203.57255566239959,192.59674153627432,203.90245959200098,192.75410796831954,204.134686214108,193.34715974372412,204.33510236671037,192.77372167444071,203.68652320868264,192.47320612944645,203.73718220901242,192.85552215852357,203.81530050321302,192.05667770913243,203.27628113616348,193.12973614659219,204.27324224867971,191.82419864380887,203.09937554986544,193.93983362150084,204.8993611789133,191.10091667398851,203.35437338010107,196.74993456480118,197.96117991406348,199.84476204395281,197.59747866550416
210.60635277201052,209.3261960113029,209.61502263735227,211.88165608519387,204.85144223434318,216.09043388757624,204.00467976327769,216.08487842334299,204.18617333539231,215.35998904675179,203.42193985976519,215.83480392838234,204.33084136657698,215.62637509953353,203.56774687174919,215.66698987211456,204.0537262310111,215.72494709604752,204.00402892690192,215.99759126264985,204.11700566027872,215.71592454557788,204.076407263639,216.14909376109651,204.23128406640677,215.52051409566815,203.52007631548713,215.39834153398161,203.58591557000233,215.36901159722146,203.79429164927461,215.79818498427076,204.06014755425781,215.55713303977973,203.49730664056978,215.2631505933561,203.64342451239895,215.58646297653991,203.82431076839291,215.56615559024937,203.87423029005782,215.71992037404729,203.86698084585663,215.52051409566806,203.69988311628538,215.55713303977981,203.85757107854229,215.69961298775672,203.92994941527911,215.55713303977973,203.6275047795485,215.41465309180276,203.69988311628535,215.50420253784699,203.73783304538816,215.54082148195869,203.78272155884693,215.60277453436103,203.9064097322894,215.78187342644961,204.00337809052633,215.78916243380104,204.07896708888657,215.79818498427079,203.77547211464585,215.51149154519854,203.92704961350077,215.78187342644958,203.79824178956306,215.46758359373544,203.8333805591767,215.62308192065152,203.62494495430087,215.3780341476911,203.80410091872335,215.54082148195866,203.5319572657599,215.51149154519851,204.17056446238684,215.94968748271737,203.87053148401054,215.49517998737741,203.70284244366752,215.57344459760085,203.98375955162854,215.58646297653991,203.20723109953553,215.16787177572414,204.49134048832266,216.20775363461686,202.89892733464436,214.75101411802657,205.09125827718199,216.81273273487267,202.27689070724355,215.13037627467082,208.02598559996477,209.2266301601519,211.13715996890363,208.74025972934851
199.25530310867171,198.0744566024249,198.45399983050837,200.34289754174392,193.3888981348608,203.9729594692736,192.58799602125953,204.04240747482456,192.74407445791681,203.36923970801894,192.39474783657005,204.37453125314318,193.41436501108291,203.73604322821291,192.18606628606125,203.71034322210988,192.7465819684196,203.73348340296528,192.68857553075981,204.05437706738672,192.83005528230149,203.75236246319793,192.72529543249939,204.13036556788157,192.91603610668611,203.7899420068517,192.64684060801477,203.83338055917673,192.51494105219152,203.52229616420414,192.51995954158872,203.87062012629988,192.79166255076288,203.80370141658904,192.56085978363009,203.62395414139451,192.49532734607035,203.67495311825496,192.50034583546753,203.62935424281667,192.6664543141359,204.05113728907793,192.9715315654515,203.86988064763489,192.54709924760979,203.8445511474699,192.9306313234101,204.24646432059225,193.16561789923634,204.08186689066494,192.62388124229545,203.57289563893011,192.41519969178663,203.74113234930076,192.74658196841966,203.86087038245486,192.68606802025707,203.75665258001695,192.56002163453471,203.67125431220774,192.54208075821262,203.96138937884589,193.1835587755584,204.3133830303033,192.87179020504664,203.77763243775905,192.64684060801471,203.82357128972797,192.55834880473572,203.6047351046312,192.51995954158869,203.53309624655927,192.20400716238331,203.48749737112087,192.69108650965427,203.71034322210994,192.24156174482658,203.38333909428681,192.54459173710708,203.79824178956306,192.61969743360191,203.7946025091197,192.72864109209752,203.85717157640781,192.81043810778866,203.83693119733076,192.24909121311822,203.68430477268754,193.61886275289822,204.5007487224259,191.69024836055888,202.86134944469111,193.80960689547666,205.05173768203747,191.41185056379678,203.44307095182299,196.54125301429238,197.5469571718485,199.34363020462354,197.20702138266665
210.507855775905,209.3135975028093,209.76798799797831,211.88165608519387,204.61162619150446,215.63366410688496,203.36727119354308,215.50420253784702,203.79370033850273,215.28675115852855,203.74098418140767,216.17442786938727,204.37570076335018,215.37630060457292,203.36156023227585,215.5498440324283,203.74659197632684,215.25013221441702,203.70525410102212,215.94066493224776,204.10250677187639,215.44554266432672,203.60689542774449,215.55713303977976,203.67381413745537,215.38532315504256,203.8355408822901,215.69232398040529,203.68717404505821,215.27946215117714,203.58270490837904,215.5571330397797,203.88250107657274,215.64668248582407,203.78528138409462,215.44727620744493,203.70815390280038,215.54811048931009,203.61596521852829,215.25013221441699,203.65138443906875,215.79818498427076,204.11080655458775,215.61006354171244,203.65863388326997,215.59375198389137,203.98165875411922,215.94066493224773,204.2873431681588,215.94066493224778,203.8894105442433,215.4585610432658,203.60112494087332,215.52051409566812,203.87349081139283,215.61006354171244,203.711453206713,215.33239265310982,203.49366736012649,215.31608109528878,203.58230540624461,215.57344459760083,204.10429658905156,215.87142287249389,203.82357128972799,215.48389515155651,203.84495064960439,215.57744042607027,203.48169776756447,215.11667481690966,203.51217603491003,215.29976953746765,203.34240072111652,215.29577370899821,203.96437782291326,215.74525448233803,203.67807513758905,215.27946215117714,203.49955560597229,215.36901159722152,203.78840340342876,215.83480392838229,204.05662603278935,215.67930560146624,204.05394844856687,215.89173025878443,203.64311365255386,215.56042621866175,204.72359610662608,216.20775363461686,202.75891992621695,214.74199156755694,205.18242703186223,216.91859373873811,202.42519801887147,215.1923293270732,207.86175855548632,208.87069466132581,210.84495443860945,208.74257127633538
198.77596304102474,197.6481209733422,198.03120703522913,200.21988932136236,193.56169793272545,203.91368970589804,192.18272062646315,203.67205331647665,192.78999318935544,203.79645197238784,192.77121069554636,204.20339474099421,192.8922420602631,203.53997671803359,192.45693461453169,203.95129824574821,192.60343285547057,203.44161804475587,192.68272236065891,204.491369484519,193.37429944974522,203.95703973642298,192.58298100025399,203.70383325657377,192.35134008402594,203.53491659314199,192.7449091386205,203.9660789977992,192.60677504667703,203.56308636948134,192.47571363994913,203.77908227840359,192.7883168911647,203.95632925395421,192.68439519045799,203.77723293562454,192.89892991106771,204.29490347220502,192.97153156545147,203.73024362465637,192.58298100025405,203.98779833420633,192.8342356226033,203.71506337047092,192.49365451627131,203.70349328004326,192.58298100025402,203.83804118193399,192.89642240056497,204.09488682173716,192.88973108136869,203.91763984618657,192.68774085005606,203.82573161284128,192.74741664912329,203.90857005540272,192.66645431413588,203.63296440657447,192.47571363994916,203.68146308379096,192.51828671178964,203.63296440657436,192.62388124229545,203.70673305835206,192.33339920770376,203.52189666206965,192.76619567454082,203.87206996694442,192.29082613586323,203.29689048796749,192.54124607750896,203.87496976872282,192.53873509861447,203.72703296303311,192.97571537414504,204.20885436802024,192.87597054534839,203.7942916492745,192.45526525312434,203.58196542971396,192.74741664912327,204.23492334685005,192.93816079170176,203.79216185556879,192.93230415320917,204.32137195316943,192.70735455617731,203.66767467785738,193.18857726495571,204.18099403880382,191.76535752544538,203.32728152574592,194.28915677445599,205.13883724522154,191.2933301779743,203.43070185712645,196.53790735469423,197.46812839517921,199.31657498541676,197.33020609773959
210.23782337281673,209.01490413274394,209.31511006677482,211.80112918961919,204.95560051117747,215.96426549742029,203.61510656816634,215.66698987211461,204.00636653459398,215.4929177020262,203.61874584860962,215.66698987211458,203.91047904427469,215.42194209915417,203.68171441803227,215.64841602894225,203.67785292003316,215.30705854481906,203.90277045184615,216.19473525567776,204.35210155475647,215.70863553822639,203.85325043231578,215.71263136669583,203.71540334700146,215.36901159722149,203.7570520821514,215.69232398040529,203.85791105507278,215.50420253784705,203.67205331647662,215.45127203591437,203.7381730219187,215.5498440324283,203.64672381631166,215.58472943342167,204.3137230068339,216.39916825605718,204.33979198566394,215.69961298775672,203.90896955753712,215.87142287249395,203.92665011136654,215.47487260108687,203.69303317421861,215.41465309180273,203.44985830186334,215.27946215117714,203.72777244169802,215.64668248582402,203.94001001896939,215.7981849842707,204.00667739443895,215.64668248582404,203.84560148598021,215.72894292451693,203.85220009380555,215.52051409566809,203.8991602880883,215.81849237056124,203.8167213476612,215.29577370899827,203.58230540624453,215.45127203591434,203.45892809264714,215.33968166046131,204.10324625054142,215.93337592489627,203.62420547563579,215.2704396007075,203.96582766355795,216.03194792141025,204.01303919208209,215.74352093921985,204.21437352064999,215.97728387635934,203.95297042443778,215.65570503629365,203.7636506899768,215.45856104326577,203.91138121489166,215.9333759248963,203.81607051128552,215.24110966394738,203.86368154194383,216.01563636358915,203.70929288359986,215.18418333354526,204.11842650472687,215.90474863772346,202.89852783251001,215.0377075570988,205.335823464578,216.81273273487267,202.30907014947525,215.40804716327338,208.28138139912346,209.18098866557065,210.93458349318803,208.65071028330416
198.82729568029433,197.64530537694981,197.85629641924021,200.28140792965138,193.89726054966027,204.38027274381804,192.80876527798961,204.04166799615962,192.73031392189654,203.36741936143622,192.03622585391594,203.60257478151794,192.8121144059794,203.77547211464568,192.47654832065288,203.59276551206906,192.41519969178657,203.58551606786801,192.68522987116168,203.85575073195957,192.41687252158565,203.32583015189022,192.43146773830958,203.95706873261923,192.83423562260333,203.66079420638323,192.43648622770681,203.74113234930081,192.72529543249942,203.78238158231633,192.4970001758694,203.44664764023995,192.27288525954125,203.42856758427615,192.24741838331917,203.62972462826568,193.01410463729195,204.26636331041672,192.77539450423987,203.68828402966145,192.76619567454077,204.12456596432497,192.82921713320616,203.81237170523838,192.75160045781681,203.71614282566654,192.22696652810262,203.33958956162738,192.41101935148478,203.66514384880605,192.62806158259724,203.93679935734588,192.84966898842271,203.74980263795013,192.54040792841357,203.78923152438296,192.53790041791083,203.65715492593992,192.9168707873898,204.31116318158621,192.83088996300518,203.4893177177037,192.43648622770681,203.88798969979507,192.64014928881846,203.85578126136718,193.23115033679613,204.4088710184881,192.70484357728287,203.6474051820949,192.87095552434292,204.28839350666891,193.00117878197537,204.13138691019526,193.14182385281336,204.05073778694336,192.56085631523842,203.73783304538816,192.6426602677129,203.72407363565091,192.77121069554636,204.04601763858247,192.53622758811173,203.3341009384053,192.60510221687798,204.08183636125742,192.41519969178657,203.32981082158628,193.03539117321219,204.21968344657162,191.81378376738678,202.96985736394811,193.56337076252458,204.53551698610158,191.11635003980794,203.83881413593974,197.31463058746147,198.09282801417589,199.62223547060933,197.36396568459151
210.43742043821976,209.19659521830044,209.46318858036173,211.92729757977511,205.05361920792441,216.19629489144165,204.04197885600468,215.89675698078463,203.78713084736282,214.99276871210489,203.14633421093694,215.59375198389134,204.21721379682452,215.54584820395885,203.34314019978146,215.18488598313266,203.59211467569338,215.4562987579146,203.76566284519691,215.36901159722149,203.24555153457641,214.80464726954662,203.23392191854492,215.52953664613781,204.01278785784064,215.52051409566812,203.55407610430134,215.4056305413331,203.72447313778537,215.48389515155654,203.66730417191931,215.31608109528867,203.40866859445174,215.04743275715583,203.24407116452437,215.2428432070655,203.75847292659958,215.42194209915417,203.37247948632779,215.25013221441702,203.89487017126922,215.88773443031502,203.97764908822697,215.71592454557788,204.12351562581483,215.83480392838234,203.72151381040322,215.31608109528878,203.53895537571964,215.32510364575839,203.58585604439855,215.50420253784705,203.75961190739903,215.38532315504256,203.65749490247052,215.61006354171244,203.7429526958835,215.51878055254997,204.13212638886043,216.19073942720837,204.11370635636595,215.50246899472882,203.81672134766129,215.88044542296362,203.97548876511362,215.75254348968943,204.30076260136553,216.05954431505222,203.80435225296458,215.38532315504258,203.7972509766567,215.71992037404721,203.85171194938178,215.72494709604752,204.11379499865529,215.59375198389137,203.4342494288579,215.36901159722152,203.85370958054312,215.71592454557785,204.06295871374678,215.92435337442663,203.89239898831093,215.49118415890797,204.04092851749456,215.95368331118678,203.54796564089969,215.31035172370122,204.56516866570416,216.21677618508647,202.7816896011341,214.3674822255586,204.40470007336592,216.14250740333242,202.0077354983475,215.38045076963147,208.45646805156096,209.40572905224056,211.29362812465894,209.13095764762238
198.92655667758547,197.8108213590863,198.17390443410258,200.4130560297636,193.76703382363615,204.25408427073157,192.74741664912338,204.06418633683558,192.7278064113938,203.47379748698754,192.45526178473264,204.22221427562297,193.25076404291727,203.6926336720843,192.05918521963517,203.43473757328167,192.60176002567152,203.77226145302231,192.64684060801474,203.80120111694507,192.61802807219456,203.52263614073473,192.27455808934027,203.65863388326994,192.76619567454082,203.81382154588294,192.56002163453468,203.72191331253759,192.62388124229545,203.79389214714007,192.77204884464166,203.90606975575878,192.55416846443384,203.40866859445163,192.2728852595412,203.64956409248603,192.60426753617426,203.51032657164203,192.24407272372102,203.67131383781165,192.9356498128073,204.11694613467486,192.77372167444074,203.91980016929978,193.03371834341314,204.3133830303033,193.02163063719195,203.82863141461948,192.43648622770681,203.4596675713122,192.33005354810567,203.59316501420361,192.49700017586935,203.6673041719194,192.77204884464166,204.16470533322646,192.99616376096986,204.03342773905226,193.01912312668915,204.30366240314376,192.99783659076897,203.97986893694394,192.91269044708798,204.08871683273165,192.73282143239936,203.77473263598066,192.76285001494267,203.88074025559393,192.5224670520914,203.58520520802293,192.56085978363012,203.63731404899733,192.3496672542268,203.55737540821423,192.60510568526965,203.58955485044578,192.24658023422379,203.64237417388881,192.91687425578152,204.19259465863908,193.05751238983606,204.18608469310288,192.91854708558057,204.04573730814482,193.14098570371797,204.24504347614402,192.51828671178964,203.76859317638267,193.60594036597337,204.41864975852931,191.51744856269423,202.55606453278571,193.36928442873972,204.55211667201311,191.04542121522317,203.30445385843623,196.51662081877393,197.54371739353962,199.63558480176533,197.86736313168021
210.25878376338434,209.15380812269706,209.66414193758047,212.03315858364044,204.95236073286853,215.91862400283907,203.5789174600425,215.68330142993568,203.98720702343445,215.57344459760085,203.97613960148936,216.15811631156623,204.19589396255174,215.2175090987748,203.18215293361192,215.46029458638392,203.90791921902701,215.45856104326575,203.67486447596559,215.90804181660556,204.42809005525135,215.85284902932159,203.60686489833688,215.38931898351197,203.81928117290897,215.68330142993563,203.83909152044399,215.56615559024939,203.7672013281308,215.63037092800295,204.0481779616957,215.88044542296359,203.83628036095502,215.35270003940039,203.69152368748107,215.72165391716544,203.83372053570739,215.30879208793732,203.53093592344598,215.72894292451693,204.25911386621567,215.94066493224773,203.91763984618649,215.6539714931755,204.01494818095395,216.03021437829204,204.27213379728784,215.76156604015912,203.68396338343493,215.35270003940036,203.56709603537357,215.46758359373541,203.7877816837385,215.73623193186839,204.17482546252035,216.07585587287329,204.24393361203013,215.85111548620338,203.91474004440815,215.72720938139878,203.9990284481035,215.86742704402454,204.10429658905153,215.64668248582402,203.56348587161577,215.2957737089983,203.65104446253829,215.44224948544468,203.52584680235819,215.30479625946791,203.73752218554301,215.50420253784702,203.51569755637874,215.2867511585286,203.74224233390399,215.50420253784702,203.51097740801782,215.4309646496238,204.03780649816045,215.92435337442666,204.00979941377324,215.69961298775678,203.8699692899242,215.71592454557788,204.13894721424168,215.85511131467283,203.56752465419345,215.57673777648287,204.83608469557905,216.28828053019151,202.70792094935649,214.54658111764715,204.97586988645071,216.830777835812,202.39770819559331,215.13037627467082,207.81291990173912,208.8779836686773,210.88185402920203,208.75888283415645
198.70252602863573,197.65373990054022,198.14361933573221,200.42863578608362,193.81127972527568,204.18494571230354,192.43648275931514,203.87093098614511,192.89224206026316,203.84381166880499,192.79249723146654,204.13431570816996,192.68188767995525,203.22417217469996,192.14516604401979,203.93207920898485,192.93732264260635,203.62602582221848,192.43062958921422,204.11725699452003,193.29584462526049,203.95882955359809,192.26452111054587,203.49076755834818,192.74825479821868,204.0290475672218,192.72947577280121,203.60763490640952,192.37179193924246,203.65249430318283,192.76535752544538,203.97838856689208,192.6305725614917,203.56564619472906,192.61718992309918,203.87568013070245,192.41519969178657,203.20859241837994,192.249925893822,203.93423953209816,193.06253087923326,204.05980757772724,192.80375025698413,203.9205396479648,192.79668104016,204.06594715781449,192.97320439525058,203.94296934635139,192.64516777821567,203.79139184749627,192.66310865453775,203.8539609147843,192.83590845240241,204.11080655458761,192.96985873565245,203.97730911169631,192.77539450423981,203.84850128775835,192.53538943901637,203.70235429924386,192.81294908668303,204.12345610021103,192.89474957076592,203.6713138378116,192.28497296576239,203.53204590804918,192.62889973169266,203.75739205868186,192.41018120238942,203.49366736012638,192.62555407209447,203.98489853242791,192.76870318504356,203.88506090182031,192.97655005484873,204.03265773097948,192.47654832065282,203.53741689278576,192.70735455617728,203.94725946317041,192.60175655727986,203.60143580071855,192.51828671178964,203.77868277626922,192.81043810778868,203.83042123179467,192.25076404291727,203.71253407463087,193.68104953085987,204.69357545429651,191.99867127147255,203.09826568575161,193.87764684353922,205.03541844705248,191.38889119807746,203.58523868336371,196.85302158480428,197.82842194983715,199.31677525266568,196.79901214919457
210.31422685025061,209.1380745687446,209.54810392764122,212.02413603317095,205.14842724304799,216.15238693997858,203.69177502172241,215.69232398040529,204.01543632537775,215.47487260108687,203.60424696020749,215.59375198389131,203.66705283767803,215.05472176450729,203.43498890752295,215.82751492103088,204.14523496222191,215.52780310301964,203.77868277626914,215.94066493224773,204.1213263065053,215.2338206565959,203.01687555062327,215.27946215117717,204.16075519293807,215.94968748271734,203.78809254358347,215.12795965273051,203.2028814571128,215.18991270513285,203.67992460085708,215.50420253784702,203.57329514106465,215.15329376102119,203.50341710397143,215.41465309180273,203.45497795235877,215.04569921403765,203.50597692921917,215.67201659411475,203.97079914616023,215.54811048931012,203.72231281467199,215.61908609218213,203.911469857181,215.69961298775675,203.87605063664046,215.6539714931755,203.96428918062409,215.85111548620344,204.00988805606235,215.69961298775675,203.96212885751086,215.7615660401591,203.80947190346001,215.41291954868458,203.6416346952239,215.57344459760083,203.86047088032046,215.69961298775672,204.01929782337683,215.70863553822645,203.72481311431588,215.35270003940033,203.52624630449253,215.55713303977976,204.12345610021097,215.84382647885195,203.67816377987822,215.30705854481911,203.81021138212509,215.9170643670752,204.06483717321129,215.90404598813612,204.49031914600877,216.0961632591638,203.60538594100697,215.19720171248429,203.81897031306372,215.83480392838237,203.84156270340247,215.42194209915414,203.65838254902854,215.57344459760085,204.02821944626757,215.67601242258422,203.2730994707363,215.22080227765682,204.63745836015195,216.57497396926374,203.335209389797,214.91882817429436,204.97078076536286,216.68882663006798,202.24471126501192,215.33480927505019,208.45680802809153,209.60287304526844,211.10284796365303,208.21351222009943
198.91230977453407,197.81486432333099,198.20372207903046,200.54871379576835,194.01828844598546,204.28626371296315,192.393075006771,203.74403215107913,192.79166601915449,203.68362340690422,192.4323024190133,203.78272155884684,192.6476787571101,203.50887673099749,192.45526178473261,204.01713750026352,192.91352859618337,203.83665086689317,192.89809523036405,204.33624134750968,192.95108317862667,203.36386872328231,191.91770893648518,203.68686318521318,193.18690443515661,204.19654479892745,192.6205355826973,203.38333909428684,192.16561789923634,203.50705638441468,192.56504012393194,203.64382401453324,192.34381408412591,203.32656963055516,192.29751745505956,203.7284523947591,192.72529543249939,203.8446106730739,192.83005528230146,204.00377759266078,192.68439519045802,203.54105617322915,192.31545833138168,203.62099481401233,192.64014928881846,203.81382154588289,192.68606802025707,203.98961868078905,193.10343112127472,204.27503359906621,192.91436327688709,203.84131136916125,192.68272236065891,203.84529062613512,192.58799948965122,203.6582939067394,192.59506870647522,203.93034891741365,192.96195483812477,204.08516619457765,192.78580938066196,203.62065483748165,192.31211267178355,203.57974558099684,192.58298100025402,203.93316007690262,193.07879892575636,204.13647603128328,192.62555407209447,203.62571496237348,192.72529543249939,203.98239823278433,192.58130817045495,203.83986152851679,193.27037774903843,204.33979198566396,192.47654832065285,203.42569831190548,192.78999318935547,204.26676281255124,192.93481166371188,203.80626124183661,192.58298446864572,203.81567100915106,192.95609819963212,204.0243869444646,192.20401063077506,203.27554165749845,193.18941194565937,204.57056723391503,192.10175829147568,203.08601564226268,193.80793406567759,204.94751987959935,191.2269630597109,203.42635221470363,196.83591538918574,198.03420908717624,199.66116440303807,197.08639479206047
210.22169799389363,209.20488209996597,209.79494061664022,212.2212800261988,205.08835847540374,215.77614405486202,203.21285341851345,215.4585610432658,204.09318564685137,215.66299404364517,203.70374461428455,215.63939347847253,203.88372869966142,215.48389515155657,203.78479323967093,215.86240032202426,204.00198777548553,215.54411466084065,203.95882955359815,216.11247481698493,204.17377512401026,215.36901159722146,203.39092851501846,215.5498440324283,203.99396832321193,215.59375198389137,203.64632431417726,215.50420253784699,203.88364005737219,215.7981849842707,204.06304735603621,215.64668248582404,203.60473510463117,215.31608109528881,203.65573408149172,215.78187342644961,204.25405374132399,215.98630642682897,204.05437706738675,215.68330142993568,203.78849204571796,215.52051409566812,203.68612370654816,215.4585610432658,203.71216356869263,215.55713303977973,203.84529062613498,215.79818498427073,204.19364499714922,215.88773443031508,203.86337068209886,215.45856104326575,203.62716480301782,215.55713303977976,203.93028939180988,215.79818498427068,204.01639802159849,215.73623193186839,203.94620912466038,215.67201659411481,203.71506337047083,215.34367748893067,203.57940560446639,215.47660614420514,203.73206255851699,215.61006354171241,204.03737787934062,215.77285087597997,203.7313230798521,215.44727620744493,203.85436041691881,215.45127203591434,203.18687308197292,215.15156021790301,204.10580607578913,215.93337592489632,203.52939744051218,215.25013221441696,204.1069450565885,216.20202426302922,204.1359878868596,215.52051409566815,203.52312428515839,215.36901159722143,203.9493311439945,215.81120336320976,203.40949671540599,215.09463388750095,204.400142616957,216.29730308066118,202.91595705209804,214.55387012499864,204.94039114030645,216.92032728185626,202.45126699770137,215.09375733055921,207.86101907682132,209.10272405534718,211.04090977029932,208.63914480100235
198.49320960680654,197.62037377610471,198.28464390480656,200.56247320550551,193.70819270527264,203.83045176120223,192.12220667830053,203.93099975378937,193.30960516128084,204.11330685423158,192.58381568095771,203.71250354522326,192.57880065995224,203.7906523688313,192.93648449351093,204.32313277414826,192.99783659076897,203.75517362268698,192.66227050544228,204.16535616960223,192.98073039515052,203.73959386636696,192.51744856269426,203.69803365301723,192.37095379014701,203.35149962858569,192.3759722795443,203.96212885751081,193.14265853351705,204.34738281911768,193.18188594575938,204.11620665600998,192.73449426219844,203.84165134569182,192.72027694310222,203.99683900830473,193.01995780739287,204.0948272961333,192.68857553075986,203.65459510069215,192.60092187657611,204.02580778891289,192.99616376096992,203.96178888098027,192.66478148433677,203.7436326489447,192.58465383005316,203.77257231286748,192.68104953085981,203.78198208018179,192.60594036597334,203.64922411595541,192.41352686198749,203.71216356869255,192.89140391116774,204.19614529679299,192.98073039515049,203.84776180909338,192.53706226881539,203.66835451042945,192.54208075821259,203.7660623473314,192.72529543249939,203.73172258198645,192.4151996917866,203.65178394120323,192.76954133413895,203.90896955753698,192.5796353406559,203.6832239047697,192.70902738597638,203.61232452536274,192.01828497759379,203.36056941936934,192.89224206026313,204.03339720964453,192.35384759452862,203.56490671606389,193.10092361077199,204.43741118027637,192.91603263829444,203.57610630055362,192.1631103887336,203.38003979037407,192.66477801594516,203.98017838406707,192.33423735679912,203.42711915635371,193.36928096034799,204.5904966326579,191.85217649892539,202.74087193287184,193.58381914934941,204.93483992505773,191.31210920339183,203.2882536746589,196.45025370051059,197.59801567431271,199.44232594670933,197.21686395046791
210.00971175086369,209.01033030040591,209.59719546777512,212.06977752775208,204.96788096358463,215.91862400283907,203.74789364907824,216.16540531891758,204.68894548143601,215.95697649006883,203.70920424131049,215.44224948544479,203.55993523346174,215.47487260108682,204.15199626199927,216.26397731543159,204.25951336835007,215.56442204713122,203.74724281270244,215.92435337442666,204.20811488935522,215.71592454557785,203.80080161481069,215.41465309180262,203.34208986127126,215.12795965273051,203.64888413942501,215.70863553822639,204.0029785883917,215.73623193186839,203.95962855786706,215.74525448233805,203.95956903226306,215.79818498427068,203.98711838114514,215.60104099124285,203.73348340296536,215.57344459760083,203.76862217257897,215.45856104326577,203.72191331253774,215.69232398040535,203.98529803456239,215.70863553822636,203.94330932288204,215.73623193186842,203.83480140362508,215.38532315504253,203.49005719636858,215.40563054133304,203.7884920457181,215.52953664613779,203.64271415041929,215.54811048931012,204.0503978104129,215.94066493224778,204.03410769211331,215.57344459760083,203.65249430318278,215.53179893148902,203.91146985718098,215.82351909256147,204.02870759069114,215.44224948544465,203.33268009395695,215.27946215117714,203.84495064960439,215.65570503629374,203.68717404505833,215.45856104326572,203.89560964993416,215.63939347847261,203.59961545413594,215.52051409566815,204.15174492775796,215.81849237056119,203.56413670799154,215.47487260108687,204.24004299734551,216.02292537094064,203.78223341442319,215.22653164924446,203.36790750585993,215.42194209915417,204.13203774657109,215.96999486900793,203.58600421229167,215.31035172370113,204.52713009431213,216.3429445752424,203.01289488092738,214.66146467198226,204.86696246505926,216.55536923256062,201.98280550031706,214.80879743460517,207.77709976634213,209.06783865435375,210.97390120113124,208.47804174821741
198.73368965593949,197.71531896784964,198.15735163351621,200.54655347265501,193.95442883822474,204.42408180208113,192.97738473555239,204.50583937672491,193.35385106292031,204.00809823888727,192.62053558269727,203.83338055917673,192.54124607750893,203.64453449700207,192.85217649892547,204.27287327595292,192.9356498128073,203.69809329911021,192.56253261342923,204.06674616208321,193.0779642450527,204.08482621804706,192.8121144059794,203.72160245269254,192.35468574362409,203.63947437211053,192.78580938066196,203.87423029005791,192.50118051617122,203.43072790738938,192.24909121311828,203.52624630449245,192.61886275289817,204.01278785784064,192.98156854424593,203.81601098568163,192.41519969178651,203.68402290903876,192.74407445791692,203.83594038442448,192.58298100025397,203.58915534831135,192.33339920770382,203.59782563696066,192.81127625688401,204.21897449731412,193.01410463729195,203.73678270687802,192.37931793914242,203.68106358165662,192.67937670106079,203.78198208018202,192.60761319577242,203.88870018226385,192.95359068912941,204.07285662548503,192.74992762801776,203.74659197632687,192.60008719587248,203.89560964993427,192.89474957076587,204.08186689066497,192.89474957076592,203.72191331253754,192.28915330606424,203.52584680235822,192.64349494841659,203.80765155687749,192.54208075821259,203.71506337047109,192.78580938066196,203.97514878858331,192.72947577280121,203.92954991314494,192.95693634872754,203.95922905573266,192.5387350986145,203.77803193989348,192.91520142598245,203.86160986112003,192.31043984198448,203.38953819997772,192.45693808292341,204.02765725218106,193.35301291382493,204.38360104392703,192.61970090199367,203.6712848416152,193.25159872362099,204.2410032808443,191.72780294300216,203.01727658596906,193.85050713751806,204.68237433659567,190.74406752113345,202.87397140684013,196.27791068572176,197.55090731213693,199.37674647616271,196.99445326036272
210.09208336804616,209.05411527032339,209.56484655755199,212.09910746451231,205.09230861569222,216.07012650128573,203.90237094971155,215.97728387635939,204.0804765756244,215.51878055254994,203.79460250911956,215.79089597691924,203.79503112793969,215.2428432070655,203.5765058026879,215.630370928003,203.77763243775911,215.40163471286368,203.76862217257906,215.78916243380104,204.03697837720622,215.71592454557788,203.87968991708377,215.64668248582413,203.88034075345945,215.7981849842707,204.06634665994892,215.55713303977973,203.49110753487878,215.13698220320012,203.27196048993704,215.03841020668617,203.42418882516779,215.55713303977973,204.04101715978402,215.61908609218204,203.59276551206904,215.33638848157929,203.62139431614679,215.38705669816073,203.57974558099679,215.21022009142337,203.25675111906602,215.18089015466322,203.85396091478441,215.93337592489624,204.05798723114458,215.50420253784705,203.65647356015663,215.602774534361,203.84816131122784,215.58472943342173,203.83554088229002,215.72494709604746,204.03771785587122,215.68330142993568,203.62065483748179,215.22653164924444,203.52948608280138,215.56615559024937,203.89231034602167,215.63765993535441,203.91112988065032,215.70863553822642,203.83298105704245,215.50420253784702,203.69698331450695,215.45127203591434,203.62099481401248,215.52051409566818,203.94586914812959,215.73623193186833,203.83224157837736,215.6793056014663,204.09383648322697,215.87871187984538,203.91434054227381,215.64268665735466,203.92889907676903,215.54811048931006,203.4874682544355,215.22653164924446,203.57042445597179,215.72494709604752,204.39508249206537,216.0342102067614,203.62429411792507,215.43425782850588,204.45700072297782,215.95767913965619,202.67969164741322,214.80394461995931,205.24573557781545,216.72318328882832,202.01208514077041,214.79248587678404,207.61867232542031,208.8430982676839,210.97810422780637,208.85999776250262
198.23894997869118,197.3262450494409,197.89413575574676,200.288257871718,193.60510568526959,203.9248602941914,192.45526178473267,203.93824919799047,192.76786850433987,203.68248442610488,192.72780294300219,204.03299770751016,192.58298100025402,203.26576138424599,192.16227223963816,203.63475422374955,192.58298100025405,203.75591310135189,192.87011737524742,204.1078472272057,192.83507030330702,203.83184207624276,192.66310865453772,203.9461800079749,192.99532561187445,204.21496483142175,192.91938176628426,203.6832239047697,192.36928096034799,203.60908474705403,192.47738646974824,203.44664764023995,192.29249896566242,203.63691454686293,192.68272236065891,203.72552347629539,192.47654832065291,203.43788870930123,192.14683887381881,203.27295130284321,192.31211267178361,203.52408598137916,192.32587320780382,203.51288639688977,192.68774085005612,203.87747006836659,192.47989398025103,203.42418882516785,192.43146773830955,203.82357128972791,192.77372167444079,203.90172011333584,192.78413655086285,203.89231034602147,192.7524351385205,203.77001248761965,192.34799442442775,203.21905252420453,192.14851170361791,203.61843498876462,192.64182211861754,203.72157333600703,192.68439519045799,204.02219762515512,192.93732264260638,203.81962114943946,192.43481339790779,203.51032657164185,192.41352686198755,203.75955238179503,192.85552215852357,203.98745835767556,192.70400889657915,203.9042799385835,193.01912312668918,204.32569259939598,193.08047175555538,204.06520767914935,192.89642240056497,204.01599851946406,192.74407098952517,203.66835451042951,192.33507203750284,203.66110506622834,192.95275254003403,204.00476840556695,192.29417179546141,203.57977611040442,193.37011910944335,204.27941223768528,191.72445728340401,203.24768286149339,194.23198848589152,205.06614804863952,191.18606281766952,203.25135408406629,196.28414522184224,197.33793025620056,199.66051547709731,198.17316332615445
209.79772550783366,208.74653644109199,209.24281269516331,211.69526818575378,204.62023695455017,215.58802261230372,203.5037279638164,215.78187342644964,204.1293152293716,215.57344459760085,203.74178318567638,215.69232398040529,203.78093174167185,215.27043960070753,203.53235676789416,215.54984403242827,203.76029186046028,215.5571330397797,204.07390696399506,216.00661381311954,204.00371806705687,215.46758359373538,203.62790428168285,215.63037092800298,204.0029785883919,215.81449654209183,203.98060841560903,215.5847294334217,203.7030937779088,215.60277453436098,203.89378930335155,215.54984403242827,203.67560395463056,215.39834153398166,203.5226361407347,215.31608109528875,203.73783304538807,215.56615559024942,203.59171517355898,215.2704396007075,203.72157333600703,215.69232398040529,203.80114159134129,215.48389515155654,203.86738034799106,215.59375198389134,203.49616765977029,215.09134070861887,203.41196789836451,215.41465309180271,203.82317178759345,215.70863553822642,203.92093915009929,215.49517998737744,203.65243477757886,215.56615559024937,203.76936165124408,215.31608109528875,203.49110753487875,215.50420253784705,203.85436041691889,215.52051409566815,203.71250354522314,215.64668248582407,203.95527891544418,215.57344459760083,203.63907486997607,215.35270003940033,203.51973633895648,215.43096464962383,203.93679935734588,215.78187342644964,203.7884920457181,215.51149154519845,204.00627789230455,216.02292537094058,204.1082467293401,215.73623193186839,204.03885683667062,215.96999486900791,204.14042617157168,215.60277453436103,203.45645690968868,215.35998904675179,204.05940807559281,215.68503497305386,203.10625307540639,214.97246132581446,204.3347623901798,216.10189263075134,202.90827757635495,214.92282400276372,205.22225542042955,216.67025278689567,202.10032368475407,215.03353782127505,207.7351705802655,208.82505316674462,211.40156984310329,210.01178413103375
198.80932916546018,197.66101650540949,197.93846614420065,200.15805973273925,193.49616549516568,203.92235999454746,192.47654832065285,204.06378683470112,193.06336902832865,203.72737293956359,192.3087670121854,203.76646184946586,192.89391489006221,203.9552789154441,192.76870318504359,203.84239082435681,192.47905929954734,203.52479646384802,192.64349494841665,203.9697778038464,192.60176002567155,203.33853922311738,192.22613184739893,203.6847028620999,192.64851343781379,203.76862217257917,192.78413655086291,204.00047828874821,192.77204884464166,203.80330191445458,192.64516777821567,203.75375277823866,192.57796251085679,203.56132554850245,192.20986380087592,203.44269749995155,192.72696826229841,204.1684041392736,192.93481513210367,203.94808899684682,193.01410463729192,204.27537357559683,192.86137532862446,203.78664270293899,192.74323630882151,203.94731898877436,192.64349494841656,203.57619494284282,192.35385106292037,203.50381660610589,192.49616202677402,203.84239082435684,192.75160045781686,203.58881537178081,192.30709418238635,203.74403215107924,192.87764684353922,203.94916845204241,192.7219497729013,203.91152938278478,192.79250069985827,203.75304241625912,192.47822115045193,203.73783304538813,192.72529543249939,203.86698084585669,192.77037601484261,203.8329810570425,192.45609993382797,203.51248689475545,192.62220841249638,203.92232946514014,192.58130817045492,203.52149715993539,192.58298100025408,203.88108023212453,192.56002163453471,203.52840662760588,192.53790041791083,203.88653985915053,192.79333538056187,203.74403215107907,192.39140564536365,203.67026349930148,192.97822288464772,203.80663021456363,191.70568172637829,202.84650904654691,192.89307674096682,204.16285445723625,191.73365611310302,202.85338951802115,193.49031232506485,204.37813988368981,190.83339400511619,203.35545283529672,196.66813408071835,197.63772642439434,199.89847194786853,198.41349713244838
210.55687782489289,209.34809771674702,209.65925509054108,212.05346596993104,205.05071940614621,215.96426549742034,203.61223588307348,215.69232398040529,204.00272725415067,215.27946215117714,203.17490348941064,215.44224948544471,204.18648419523748,215.96599904053843,204.07600776150446,215.68330142993571,203.58236493184845,215.16058276837271,203.57465645990899,215.5571330397797,203.52155668553914,215.0253918277472,203.57795576382176,215.79818498427068,203.90749060020704,215.4292311065056,203.85726021869712,215.94968748271745,204.09158751782448,215.56442204713116,203.63842403360036,215.42194209915422,203.67702479907899,215.46758359373538,203.58560471015721,215.33239265310985,203.80401227643424,215.81849237056122,203.91186935931535,215.57344459760083,204.0514772656085,216.05954431505225,204.05363758872167,215.56442204713116,203.860870382455,215.87142287249401,204.0669974963246,215.67201659411475,203.77877141855839,215.49517998737744,203.70235429924381,215.66299404364517,204.0023277520161,215.5734445976008,203.59202603340412,215.60104099124283,204.12857575070643,215.90404598813612,203.9653395191342,215.64668248582404,203.79469115140895,215.46758359373541,203.65243477757897,215.59375198389131,203.89560964993427,215.69961298775678,204.07640726363897,215.89675698078469,203.84495064960436,215.46585005061726,203.91039040198541,215.83480392838231,203.75014261448072,215.31208526681939,203.77803193989348,215.68330142993565,203.60359612383175,215.17689432619377,203.59032485851824,215.51149154519851,203.65095582024892,215.33239265310982,203.55416474659066,215.53682565348925,204.14184701601994,215.67601242258419,203.0672236911081,214.89020088712155,204.25152444548391,215.97572424059553,202.61385239289785,214.24131383540268,204.37937057320099,216.12619584551132,201.90391719804398,215.14842137561013,208.219891787031,209.31617960619621,211.34393947129433,209.21176518967803
198.91382688918497,197.88951876361585,198.34298933149142,200.72957093507688,194.14516951241146,204.27935424529275,192.33256105860849,203.64342451239898,192.64098743791382,203.45025780399777,192.10426580197847,203.68717404505821,193.0174502968901,204.12271662154592,192.89725708126863,204.00047828874798,192.65892831423591,203.63222492790933,192.69024836055883,204.0489174403607,192.64014928881844,203.66872501636755,193.06587653883142,204.63097739081198,193.11468067840059,203.71938401669735,192.67314563333215,204.22511407740106,193.0558395600371,203.92670963697029,192.68523333955338,203.83844068406827,192.72947577280121,203.97804859036131,192.80876874638128,203.76242306688798,192.64265679932123,203.82422212610359,192.43732090841047,203.3695201589457,192.48156681005008,204.0142376984852,192.86426420514658,203.75887242873401,192.68941367985519,204.07279709988109,192.93648449351096,203.99282934241248,192.89307674096685,204.06955732157229,192.85217649892542,204.04678764665493,193.0174502968901,204.0977866235153,192.79166255076285,204.06881784290715,193.16059940983914,204.23699502767408,192.83674313310604,203.75625307788258,192.47404081015009,203.60183530285289,192.58130817045495,203.90245959200101,192.76954133413892,203.82829143808883,192.83088996300523,204.1806250660768,192.95693634872754,204.05835773708259,193.16394506943732,204.29169281058154,192.66645431413593,203.63768455493536,192.87095552434292,204.23853351060791,192.78998972096377,203.75776256462007,192.87597401374012,204.09272649862388,192.68021138176442,203.64558483551224,192.52330520118684,203.84125184355725,192.99616029257814,204.14042617157156,192.54124607750893,203.73425341103774,193.456099933828,204.27074194903588,191.41018120238937,202.47936567031144,193.40144262415805,204.67259418383227,191.07712262756559,203.26292417449397,196.64434003429545,197.8884907174814,199.75769162364602,197.45763055724871
210.26251996468039,209.16668727767166,209.62263614642958,212.16834952426609,205.24678591632562,216.01719599935302,203.44365919617229,215.389318983512,203.70574224544589,215.28848470164675,203.52072715186273,215.5335324746072,203.73502188589916,215.27946215117714,203.62710527741405,215.76556186862851,203.96903832518134,215.61006354171244,204.077146742304,216.08887425181234,204.03049740786631,215.73623193186839,204.39335078777196,216.43578720016879,204.25075443741139,215.60104099124283,203.83884018620273,215.83480392838229,204.00618925001535,215.78916243380107,204.07615592939766,215.79818498427073,203.96277969388657,215.87142287249392,204.05733639476881,215.61006354171249,203.80435225296466,215.63939347847261,203.59862464122952,215.00179126257456,203.29143086094146,215.45127203591431,203.74980263795027,215.38532315504258,203.75955238179523,215.79818498427068,204.00263861186124,215.63765993535438,203.89304982468664,215.75427703280766,203.8904899994389,215.68330142993563,204.04462732354176,215.87142287249398,203.97548876511368,215.79818498427068,204.15569506804638,215.81849237056122,203.74468298745492,215.32510364575842,203.47237664253922,215.29976953746763,203.65894474311511,215.56615559024942,203.76285168570786,215.42194209915417,203.73709356672319,215.77285087598,204.03160739246951,215.86742704402457,204.34846227431331,216.00661381311946,203.63691454686287,215.42923110650565,204.31233269179322,216.37383414776639,204.07094763661297,215.52051409566815,204.04940558478447,216.08887425181237,204.05823856538584,215.64668248582407,203.88628852490919,215.84209293573386,204.31579468765784,216.07985170134265,203.74301080876526,215.47989932308715,204.56220933832216,216.11317746657227,202.58568261655842,214.40410116967016,204.96029013013091,216.87641933039322,202.2682204185941,214.82737127777747,207.66134240288403,209.12805816363795,211.28700698063327,208.93798172624508
198.88496867498091,197.70763254149463,197.94787591151501,200.26187803304279,193.74742011751502,204.13434623757743,192.49616202677399,203.78272155884687,192.58381914934935,203.49946696368301,192.49783485657304,203.66082320257956,192.08130990465079,202.87041770226364,192.12137199759681,203.87240994347513,192.79333538056196,203.6759744605688,192.70400889657918,203.9664784999338,192.58298100025405,203.64814466076004,192.78580938066199,204.01312783437135,192.67230748423677,203.72447313778548,192.67686919055805,203.80441177856864,192.62806158259718,203.97113912269094,192.97655005484867,203.92375030958826,192.66394333524141,203.94981928841818,192.81044157618035,203.73027274134199,192.58465383005307,203.85549939771829,192.57796597924855,203.33603892347344,192.16227223963824,203.58048505966184,192.52581271168961,203.56598617125968,192.57963534065587,203.96613852340309,192.84966898842271,203.7183626743836,192.43648622770681,203.52948608280138,192.31211267178361,203.51933683682205,192.62220841249635,203.83008125526422,192.58130817045497,203.60112494087346,192.5216323713878,203.57113481795128,192.22278618780081,203.27631013235984,192.27205057883756,203.52948608280138,192.47654832065285,203.61158504669791,192.45777276362705,203.57940560446639,192.57963534065587,203.86482052274349,192.68606802025701,203.76822267044474,192.81127625688404,203.8781804303463,192.30876701218534,203.66582521458935,193.37429944974525,204.60598786717776,192.62304309319998,203.16336392839068,192.30793233148179,203.92266944167056,192.75326981922416,203.83770120540333,192.86844801384024,204.17633494925801,193.22863935790164,204.10287574460347,192.14182385281342,203.18724358791107,193.08465209585719,204.35312136385915,191.74741664912332,202.76040182948023,193.68356050975427,204.95436982166609,191.20734935358973,203.16120667169992,196.41520662856999,197.73722407847137,199.69383201588545,197.42940125530549
210.77036833076642,209.30990289445268,209.27496437730059,211.54376568730714,204.63615668740059,215.86569350090627,203.8676316822322,215.73796547498654,203.60226392167286,215.05472176450729,203.59202603340401,215.63939347847261,203.44195802128652,214.76802832543507,203.32366982877696,215.66472758676335,203.88830068012928,215.33968166046134,203.58162545318342,215.38532315504261,203.46648851718257,215.21351327030533,203.53352627810122,215.2867511585286,203.53991719242973,215.53682565348922,203.87934994055306,215.51149154519851,203.73092357771768,215.81449654209186,204.16041521640736,215.60104099124274,203.56018656770306,215.48389515155654,203.83159074200162,215.51149154519845,203.68643456639325,215.52051409566812,203.69593297599701,215.31608109528881,203.56453621012582,215.54984403242824,203.82036062810454,215.41465309180271,203.59927547760518,215.54082148195866,203.82903091675394,215.44727620744499,203.57215616026511,215.25412804288638,203.33523991920458,215.11667481690964,203.56638567339405,215.46758359373544,203.60399562596615,215.19720171248426,203.45136778860095,215.18991270513288,203.24694184961714,215.09134070861882,203.6611937085176,215.6190860921821,203.78809254358364,215.35270003940036,203.46296687522485,215.43096464962377,203.9935688210775,215.83480392838237,203.75921240526461,215.30306271634964,203.72012349536243,215.57744042607024,203.42202850205456,215.36501576875207,204.41038050522559,216.26397731543156,203.63213628562016,214.7753173327865,203.21380071116462,215.4309646496238,203.68924572588227,215.52780310301955,203.95792738298115,215.82178554944323,204.19821697761705,215.602774534361,202.84517684438796,214.64012639216094,204.21999583962796,216.36827868353316,203.1290227503236,214.5792042332894,204.72081547654466,216.63589612813524,202.28269031080012,215.21766343536393,208.18225271777337,209.38941749441938,211.25689800205771,208.79319023128124
199.62206992411424,198.09706414308124,197.86521049487598,199.90553461867356,193.37346476904139,204.09269750242768,192.87429771554946,203.96391867468603,192.24741838331911,203.14133373213846,192.60092187657622,204.38789116074597,193.06253087923332,203.61846551817209,192.49700017586943,203.98529803456242,192.83256279280423,203.79395167274396,192.64098743791382,203.81962114943937,192.73114860260029,203.90535939377915,192.6426602677129,203.61380489541492,192.59924904677709,204.06378683470098,192.94066830220453,203.80586173970215,192.64182211861757,204.10469609118587,193.10092361077201,203.8890996843981,192.39558598566543,203.62645444103825,192.74825479821871,203.97224898680466,192.74407098952517,203.80361277429964,192.69024836055883,203.83218205277353,192.66561616504052,203.80441177856858,192.63931460811474,203.57690530482233,192.3104398419845,203.55441608083191,192.54375358801167,203.77507261251137,192.80960342708499,203.93139925592379,192.55751412403194,203.47453696565256,192.41854535138475,203.80154109347549,192.70400889657915,203.73098310332136,192.64349494841656,203.77291228939805,192.47989398025101,203.72407363565085,192.93397698300819,204.19654479892753,192.87346303484563,203.6394743721105,192.26703208944036,203.69263367208416,193.04291717311216,204.25695354310224,192.72529543249942,203.61886502030652,192.76954133413895,204.00195724607795,192.37262661994617,203.42859811368365,192.91687425578152,204.35901102242704,192.80793059728589,203.59032485851813,192.60594383436504,203.90285909413541,192.68021138176445,203.90172011333595,192.8776468435392,203.97980941134009,192.95526005053676,203.8630001761606,191.93816079170176,203.13994341709758,193.242399893922,204.65636500385875,192.12806331679309,203.05997578011824,193.78832035955645,205.00107868170753,191.35133661563418,203.5215597519616,196.81212134276285,197.9546699485274,199.7654285611614,197.49483682601945
210.69246059048899,209.29331069015055,209.33859146026271,211.626026126,204.67848537561164,215.87471605137603,203.87414164776837,215.62308192065154,203.30743923608145,214.90321926606063,203.79244218600633,216.41947564234761,204.63026702883255,215.67201659411478,203.58449472555412,215.59774781236075,203.88034075345951,215.65570503629365,203.92852857083096,215.85511131467277,204.23918434698365,216.12149736745462,204.2190036139996,215.86240032202431,204.1212666604122,216.02292537094061,204.08550617110834,215.55713303977973,203.65644444347112,215.73623193186836,204.21391449291178,215.79818498427076,203.64052471062064,215.29976953746765,203.67529309478553,215.64841602894222,203.86877066303174,215.66698987211456,204.02944706935634,215.75427703280766,203.7540927547692,215.35270003940036,203.49696666403929,215.22653164924446,203.46867783649211,215.41465309180271,203.7664618494658,215.63037092800292,204.04891744036075,215.94239847536596,204.00411756919132,215.47886842955629,203.62460497777022,215.63939347847261,203.96286833617583,215.78187342644958,204.13141590639168,215.9007528092541,203.89122947810392,215.602774534361,203.98239823278419,215.90804181660553,204.02830808855683,215.46758359373544,203.4188178404311,215.45856104326577,204.16396585456144,216.02292537094061,203.85831055720723,215.51149154519851,204.12095580056715,215.87315641561213,203.40644874573459,214.90321926606063,203.60118446647724,215.83879975685173,203.97613960148936,215.62810864265171,203.9832263537385,215.69631980887473,203.73302425473784,215.63939347847261,203.94669726908401,215.75254348968949,204.23730588751923,215.97399069747732,203.48977533271983,215.0963674306191,204.19614529679311,215.97069751859524,202.72168035909371,214.69808361609384,205.24101542945445,217.0098767279006,202.35321918426894,214.92594327429146,207.64326234692018,208.93264771372822,211.04753091432502,208.83212072237967
198.26812916727482,197.27692010932097,197.77448220940695,200.10740073240936,193.45861091272246,203.90644026169687,192.49448919697491,203.77115146841913,192.33423735679915,203.22056201094199,192.5174485626942,204.31156268372067,193.16561789923631,203.58156592757962,192.10175829147562,203.47953744445121,192.51744856269423,203.64592481204289,192.5437535880117,203.79460250911976,192.80458493768776,204.09158751782465,193.02330346699097,204.17297611974155,193.03789868371499,204.05073778694356,192.66478148433674,203.56709603537371,192.32838071830659,203.765662845197,193.00368976086975,204.05758772901027,192.5550031451375,203.3203705248643,192.1051039510738,203.38731835126077,192.354685743624,203.63336390870887,192.72278792199668,203.76686135160008,192.4151996917866,203.44664764023989,192.35468574362406,203.57323561546076,192.54208075821262,203.77297181500188,192.65892831423596,203.67131383781151,192.52079422229235,203.84489112400053,192.81462191648222,203.78519274180528,192.51243007329703,203.69368401059458,192.60761319577239,203.80981187999075,192.80793059728592,203.88074025559393,192.47738646974821,203.41156839623005,192.37262661994615,203.81416152241346,192.81127625688404,203.71540334700157,192.37429944974517,203.70565360315658,192.93230415320917,204.04206749829416,192.54208075821259,203.62241565846068,192.85050366912637,203.89444013972732,192.14683887381884,203.02554583927272,192.26368642984218,203.6795540949191,192.43982841891324,203.44655899795066,192.41185403218847,203.44439867483743,192.20986033248414,203.50125678085823,192.47487895924553,203.74295269588362,193.05918521963514,204.23307388358211,192.41352686198755,203.16225406427671,192.62973441239623,203.64518380016656,191.17770213706586,202.68876297140824,193.89893337945941,204.99160938878936,191.14181691602994,202.96948980394325,195.99784352755233,197.13674409552567,199.14435842142913,197.15271892022653
209.49963144632525,208.60517734897476,209.36743757535666,211.80112918961919,204.59530695651947,215.58802261230372,203.52865796184705,215.7289429245169,203.8923989883109,215.22253582077497,203.52544730022365,215.73623193186845,203.8836705867798,215.11494127379143,203.23392191854489,215.32510364575842,203.6141448719456,215.20622426295395,203.49005719636861,215.42194209915419,203.64089521655879,215.37630060457292,203.72737293956365,215.68832815193588,203.9707991461602,215.6539714931755,203.77729246122851,215.42194209915417,203.53815637145075,215.57344459760085,204.14844562384542,215.9406649322477,203.93605987868079,215.33239265310985,203.26906068815876,215.00179126257461,203.34425018438446,215.2957737089983,203.59353552014176,215.18089015466316,203.33268009395678,215.32510364575842,203.79213132616135,215.65570503629371,203.92448978825311,215.69961298775675,203.86303070556826,215.38532315504256,203.36957968454951,215.32337010264021,203.87895043841877,215.72494709604746,203.80981187999055,215.42194209915422,203.59788516256455,215.38532315504261,203.63472522755322,215.34870421093089,203.42279851012711,215.09862971597039,203.47339798485314,215.62637509953353,204.05619741396939,215.71592454557788,203.86047088032052,215.85840449355493,204.28626371296326,215.84209293573375,203.6390748699761,215.40163471286368,203.90717974036198,215.68330142993565,203.56669653323914,215.34870421093095,203.95206825382073,215.70863553822642,203.51529805424431,215.09862971597036,203.47314665061185,215.29577370899827,203.46463905391437,215.24284320706553,203.44565682733369,215.39261216239404,204.14400733913314,215.9333759248963,203.39894796729217,214.94313138905429,204.03953820245385,215.78760279803723,202.55634345050129,214.47334322942399,204.86952229030706,216.57168079038169,202.10939347553784,214.9602999330518,207.74492032411055,208.83407571721426,210.89526578524485,208.82337881839101
198.68607662845258,197.74410546928479,198.36505631315362,200.48614472848024,193.53706573720706,203.94078002704194,192.54291543891637,204.20339474099427,193.12053731689312,203.73604322821308,192.47989398025106,204.02003730204183,192.91185576638432,203.72052299749677,192.60426753617429,203.92201860529474,192.58214631955036,203.45827725627143,192.51661388199057,203.98208737293902,192.77288699373707,203.55342526792546,192.34883257352311,203.70969238573412,192.70902738597638,203.9740984500728,192.99616376096989,204.02509742693331,192.64851343781388,203.82869094022325,192.88722357086596,204.21141419326773,193.12973614659222,204.06924646172709,192.59841436607331,203.59498536078613,192.60092187657617,203.95015926494872,192.7311486026002,203.52834710200207,192.28915330606429,203.67816377987839,192.74658196841958,203.95888907920195,192.8914039111678,204.1067968886955,193.0036897608698,203.93028939180985,192.47571363994919,203.68038362859551,192.86760986474474,204.18031420623188,192.90311371976125,203.80626124183655,192.61468241259641,203.79179134963067,192.6288997316926,203.82252095121768,192.76619567454082,203.94586914812973,192.87513586464468,204.17667492578855,193.07963707485177,204.20126494728842,193.12304482739589,204.53332920000307,193.47905929954729,204.25226392414876,192.66310865453778,203.83159074200151,192.89558771986128,204.13292539312923,192.91101761728893,204.21647431815941,193.35886955231757,204.34130147240134,192.74323630882151,203.81863033653315,192.8964258689567,204.13912449882014,192.89140391116777,203.87028014976937,192.56253261342914,203.84671147058316,193.14516604401987,204.23236352160234,192.37513759884055,203.53824642646219,193.44857393392815,204.61116563055481,192.0283219563882,203.0766349916338,193.70066670537278,204.66250446345666,191.04124087492139,203.47164023029674,196.83340787868306,197.88775123881649,199.91419006775115,198.02430743360503
210.90071063222291,209.58084433860148,209.81731846658681,211.96391652388672,204.80803267821457,215.94795393959922,203.81802302041251,215.9170643670752,204.05702553492381,215.36901159722149,203.59992631398083,215.99030225529839,204.34855091660262,215.70863553822639,203.85680107046966,215.75827286127708,203.65903338540434,215.16457859684209,203.69152368748118,215.96270586165645,204.13070554441208,215.3780341476911,203.39058853848795,215.37300742569087,203.72191331253759,215.65570503629371,204.08695601175279,215.73796547498657,203.65968422178003,215.4056305413331,203.80336144005841,215.82578137791268,204.17732576216423,215.84382647885201,203.80879053767691,215.57744042607018,204.07134713874734,216.14180475374505,204.24828325445301,215.5498440324283,203.50560642328102,215.3454110320489,203.57289563893022,215.45856104326575,203.91763984618652,215.87142287249395,204.10247624246898,215.70134653087496,203.74582196825418,215.57744042607024,203.94981928841818,215.83480392838237,203.98745835767579,215.64668248582402,203.86482052274334,215.78187342644964,204.04496730007241,215.96097231853827,204.36222168405044,216.15811631156612,204.17880471949428,215.78187342644964,203.91547952307329,215.80946982009155,204.12055629843266,216.09216743069442,204.42735057658635,215.96097231853827,203.79534198778467,215.61006354171244,204.06634665994886,215.96097231853824,204.06409769454623,215.90404598813615,204.30656220492207,215.94466076071717,203.78698255898041,215.65570503629368,204.20638318506178,216.09616325916383,204.16606653158175,215.81849237056119,203.9188079436714,215.85111548620341,204.42436213251878,216.0798517013427,203.5421951540286,215.40892372021509,204.73010607216222,216.52204346733106,203.21507185450855,214.93913556058482,205.0446089427443,216.55536923256062,201.98965544238382,215.03353782127508,208.03033524238757,209.29986804837509,211.56983431356832,209.57458606782896
199.21302972358637,197.83631015942319,197.88940202041286,200.0144130438685,193.52247052048313,204.13178641232972,192.55583782584122,203.76390202421797,192.48157027844169,203.2751711515603,192.28496949737067,204.02068813841754,192.98156854424587,203.5623468908164,192.30792886308998,203.68606406045527,192.39391315586633,203.24654234748272,192.37346130064981,203.9323900688301,192.72613011320306,203.41437955571911,192.2286393579017,203.58730588504329,192.47487549085378,203.46577803471396,192.35468574362397,203.44479817697183,192.2023343325842,203.44985830186346,192.60761319577233,203.86152121883077,192.69982508788561,203.64012520848632,192.31545833138168,203.54716663663089,192.74741664912327,204.0927264986239,192.8087687463813,203.4875568967247,192.16394506943729,203.40033828233285,192.29249896566242,203.53164640591467,192.68606802025704,203.82107099008397,192.43146773830964,203.36451955965791,192.31211267178355,203.64626478857329,192.60677504667706,203.75696343986206,192.65641733534147,203.76927300895483,192.65102094831659,203.93350005343325,192.86844454544843,204.03117877364974,192.9986712714726,204.04166799615959,192.54040792841354,203.36412005752356,192.26786677014402,203.65027445446569,192.56169446433375,203.64558483551232,192.64182211861757,203.78593222047041,192.4782211504519,203.66110506622837,192.80960342708499,203.9975189613659,192.6460024589193,203.69294453192941,192.68104953085984,203.65999508162523,192.18690096676485,203.43674972850187,192.708189236881,203.95658058819561,192.70400542818743,203.75335327610426,192.58381914934947,203.85072113647558,193.03455302411675,204.1031866044485,192.35301291382498,203.53482807134179,193.35719325412671,204.4409908146267,191.86593356655396,203.06133697847341,193.87764684353917,204.77021337844494,190.87094858755947,202.95067026931443,196.22613878418238,197.50931810259078,199.68392655689229,197.75358818392169
210.27267720385481,209.00316427460007,209.28841033449973,211.76277670238937,204.98926032346117,216.08643805910677,203.67332599303165,215.45856104326577,203.54046486245733,215.01810282039563,203.38649023030629,215.65570503629365,203.86888983472869,215.06201077185872,203.22121284731779,215.50420253784699,203.84751047485213,215.31208526681937,203.58841586964627,215.59375198389131,203.68288392823919,215.28675115852863,203.75955238179529,215.80720753474037,203.86698084585655,215.19720171248429,203.28063077858647,215.21750909877483,203.54392685832184,215.53682565348919,204.05983669441278,215.70863553822642,203.59202603340404,215.12795965273048,203.30669975741631,215.20622426295398,203.61300589114612,215.38532315504258,203.43510807921982,215.00908026992599,203.35076014992072,215.41465309180273,203.69988311628535,215.44727620744493,203.88580038048542,215.55713303977976,203.30266097483857,214.85757777147933,203.38879872131278,215.58246714807046,203.88540087835108,215.51149154519848,203.72487263991965,215.57344459760088,203.86948114550057,215.80547399162211,204.06526720475313,215.68659460881773,203.84887179369662,215.52780310301964,203.42930847566319,215.00908026992599,203.44880796335318,215.54584820395891,203.7425531937491,215.33065910999167,203.67853428581643,215.62637509953353,203.75881290313021,215.52780310301955,203.98060841560905,215.70863553822642,203.57900610233185,215.33968166046128,203.89092003098085,215.61006354171246,203.41727935749728,215.16058276837268,203.73974203426008,215.66299404364517,203.78044359724808,215.38532315504258,203.45216679286963,215.30306271634973,203.93492089788145,215.81849237056127,203.50421610824029,215.29906688788026,204.5195697902659,216.2516615860799,202.94159741210817,214.79492206948962,205.11948757912512,216.74851739711912,202.13182317392463,214.88932433017985,207.68957170482716,208.90331777696804,211.01500381839895,208.87630932032374
199.049341890524,197.9685979636325,198.38007847410859,200.80450909706153,194.34799789281948,204.71529632391483,192.85802966902631,204.00337809052644,192.72111509219761,203.55953573132737,192.46362593372803,203.97267760562465,192.80458840607946,203.52775579123002,192.41854535138478,204.12064494072186,193.18439692465387,204.00488757726384,192.74992762801776,203.98464719818674,192.70484704567457,203.84356033456362,193.04040966260936,204.40822018211222,193.02079595648829,203.77408179960491,192.60008719587242,204.02549692906774,192.97989571444691,204.15390525087122,193.09925078097291,203.97483792873783,192.39893164526362,203.44309700208586,192.4732061294464,203.74153185143521,192.62388124229548,203.69337315074927,192.47905929954726,203.66730417191943,192.78998972096377,204.11154603325275,192.80876874638125,203.77729246122857,192.85217649892542,204.10537604424724,192.60594036597334,203.51143655624523,192.66227397383412,204.18142407034591,192.99616376096981,203.8533100784087,192.62806505098902,203.9173289863414,192.93230415320906,204.27799292644818,193.18606975445303,204.15970485442779,192.93899547240542,204.06674616208332,192.70150138607644,203.69849280124464,192.7319867516957,204.18682417176797,193.03706400301127,204.05224727368093,193.02079595648826,204.29715243760756,192.99783659076894,203.986068042635,192.89391489006221,203.93108839607862,192.45609993382803,203.77698160138331,193.18774258425202,204.38618998586009,192.79082787005919,203.72027166325557,192.78581284905368,204.11709430256792,192.91938176628426,203.84824995351715,192.45191959352616,203.62861476415159,192.92188927678706,204.16618429055646,192.43230588740499,203.56647572840541,193.4552652531244,204.6806441655136,192.14600419311517,203.2470320251177,193.93565328119905,204.97179904125412,191.33005007971394,203.64203726378076,196.89726748644378,197.85631127524985,199.64549026075838,197.54317620306404
210.67633521156591,209.51990760148422,209.90126045268957,212.42970885504761,205.53220083460269,216.51058472415582,204.11830733303009,216.05954431505219,204.17130394105183,215.55713303977976,203.66289488340345,215.76556186862857,204.0254969290678,215.55713303977979,203.80870189538754,215.91706436707517,204.1585948698247,215.59375198389137,203.66619418731619,215.5335324746072,203.68180306032161,215.46758359373541,203.94981928841815,215.90804181660556,203.968638823047,215.59375198389137,203.94839844396981,216.03194792141025,204.30721304129779,215.91533082395702,203.96829884651629,215.50420253784705,203.46941731515719,215.36172258986997,203.83048075739842,215.67601242258417,203.8398309991091,215.62308192065152,203.89523914399612,215.77458441909812,204.11873595185,215.77458441909818,203.61849451436848,215.23781648506528,203.71324302388823,215.92608691754481,204.21064418519538,215.78187342644966,203.97588826724802,215.76556186862854,203.80475175509918,215.41465309180271,203.61488435061057,215.59375198389128,204.02540828677857,215.97728387635939,204.23418386818517,215.97728387635937,204.20990470653027,216.05954431505216,204.17195477742763,215.78187342644964,203.92232946513991,215.85511131467283,204.15313524279881,216.07585587287335,204.45012025150351,216.14909376109654,204.04206749829413,215.61006354171241,203.81962114943946,215.57744042607032,203.59927547760532,215.66299404364511,204.47439941315827,216.24766575761046,203.90021062659855,215.36901159722154,203.75674122230618,215.87142287249389,204.17112665647332,215.83480392838237,203.8583991994966,215.69961298775672,204.29811413382851,215.85684485779097,203.10014261200479,214.92681983123325,204.48594038690052,216.57497396926374,203.39447915317248,214.90251661647326,204.78236320151896,216.40386673411393,202.15749265061999,215.46271120832429,208.42897822828274,209.29986804837512,211.17389009150483,209.07802714568965
198.64311786088658,197.53778827059901,197.83919022362178,200.25311910210425,193.77288699373705,204.19722616471071,192.67853855196546,204.10173676380376,192.96362766792376,203.72117383387257,192.42728392961607,203.80796241672252,192.77539450423981,203.75295377396992,192.57712436176138,203.75440361461443,192.52079422229238,203.35866043049762,192.09924731258118,203.27110183957512,192.14683887381887,203.32682096479661,192.4339752488124,203.69473434910466,192.49616202677399,203.4972179982806,192.43732090841053,203.86112171669635,192.93481166371188,203.9371102171911,192.56002163453473,203.46287823293574,192.2465802342237,203.58005644084201,192.66561616504055,203.74428348532047,192.45860744433065,203.48820773310052,192.38889466646921,203.60868524491954,192.52246705209143,203.44118801321389,192.0591852196352,203.09320402764857,192.10343112127472,203.63401474508447,192.84883083932729,203.93711021719096,192.64600245891933,203.5069677421254,192.16645257994006,203.28958139767332,192.26452111054587,203.63071544117179,192.72947577280124,203.8893510186395,192.70651640708186,203.82314267090814,192.72278445360496,203.94612048237093,192.85802966902628,203.84230218206744,192.47152983125562,203.51964769666716,192.47989398025095,203.90527075149004,192.97571190575331,203.91829068256229,192.47654832065282,203.50662776559489,192.47822115045196,203.67230465071785,192.43397524881232,203.74320403012484,193.03957151351403,204.08066826377254,192.41185056379669,203.2909427165178,192.37847979004704,203.90302178608746,192.92895502521927,203.99677948270082,192.73365958149481,203.88216110004214,192.98863429267814,203.6933135046562,191.5045261757694,202.82038054211313,193.18272062646301,204.67574673257388,192.18690096676491,202.90034971230386,193.22529716669521,204.18201384790652,190.76953439735553,203.34675342996178,196.66311559132117,197.44850985628153,199.34146168314581,197.56841458005357
209.81385088675677,208.71534997966808,209.1221962447604,211.77179925285904,204.97510141158941,215.94222456801162,203.67338551863563,215.71592454557788,203.96653814602666,215.43825365697526,203.57030669699711,215.64668248582404,204.00522755379441,215.53682565348913,203.59853599894021,215.40563054133312,203.58776503327059,215.25915476488663,203.5439268583219,215.35270003940036,203.4303879308589,215.11667481690964,203.56348587161563,215.59375198389137,203.80006213614584,215.20622426295395,203.21189172229251,215.21750909877474,203.79716233436758,215.6190860921821,203.65212391773369,215.27946215117711,203.61775503570357,215.6466824858241,203.95777921508792,215.58975615542192,203.67347416092491,215.2867511585286,203.39996930960598,215.16058276837273,203.38805924264787,215.14427121055158,203.45531792888929,215.21524681342362,203.32872995366853,215.08231815814923,203.53056695071908,215.48389515155654,203.67671393923376,215.24284320706548,203.41807836176605,215.31608109528884,203.65789440460506,215.57344459760083,203.93645938081511,215.66299404364511,203.76822267044477,215.47487260108693,203.66696419538857,215.52780310301955,203.88796070359888,215.6793056014663,203.76137272837781,215.23382065659587,203.28458091887484,215.25915476488663,203.7548627628417,215.56442204713119,203.69840415895538,215.58073360495231,204.06850698306204,215.74525448233794,203.57394597744033,215.34870421093098,203.94481880961951,215.77285087598,203.6393857298213,215.29577370899821,203.75964102408449,215.74525448233803,203.97506014629383,215.69961298775675,203.8124603475276,215.54411466084071,203.96386056180424,215.47157942220488,202.84656715942867,214.91553499541229,204.650167431379,216.62790447119636,203.2577419319723,214.65244212151256,204.57327676026716,216.26641350813716,201.99181576549708,215.09375733055924,207.95147746952202,208.8942952264984,210.92537476382034,208.96817031335488
198.60290062324347,197.66687563456978,198.20515413236924,200.79913811232478,194.37263008833781,204.63575718526604,192.81294908668309,204.09167616011388,192.93314230230453,203.81567100915115,192.60594036597337,204.04431646369656,193.01661561618641,203.85080977876478,192.51995954158872,203.80089025709989,192.72780641139389,203.9575278808467,193.08298273444984,204.25670220886093,192.745747287716,203.57480462780208,192.58381914934935,204.13005470803625,193.04040966260945,203.69923227990955,192.18606975445289,203.42467696959145,192.57880065995221,203.78892066453778,192.48240495914544,203.62250430074977,192.82838245250247,204.27222243957709,193.08465556424895,204.07146631044424,192.95108317862667,204.13872499668574,192.9014408899622,203.91732898634146,192.65892831423591,203.86343020770269,192.93899547240545,204.1520849042887,192.76786850433984,203.59427499880678,192.47905929954732,203.82365993201728,192.64433309751197,203.68007276875036,192.68188767995525,204.06313599832544,192.98324137404498,204.05588655412438,192.89056923046405,203.99982745237224,192.79082787005922,203.88878882455302,192.6885789991515,203.88554904624425,192.91018293658527,204.2682722992887,193.16980170792993,203.89529879008919,192.30793233148171,203.50316576973015,192.66729246323135,204.08846549849034,193.03873683281029,204.35253158629857,193.45693808292339,204.24689293941222,192.4151996917866,203.49881612730738,192.79166601915458,204.14927374479961,192.81044157618035,203.83133940776023,192.808772214773,203.9239275941668,192.66812714393492,203.88298922099648,192.76536099383716,203.89415980928987,192.98407605474864,204.03959631533573,192.24323804301736,203.56937553018369,193.66729246323132,204.89263040854362,192.20484531147866,203.08570478241754,193.68774431844787,204.87378034450711,191.37262315155442,203.73684529890434,197.01996821256796,197.9605290776878,199.7093498685191,197.57140550500728
210.50143473802655,209.50631121867661,210.09760760935018,212.75128769511323,205.84220577437961,216.62546827849081,204.00436890343263,215.90804181660559,204.09858562778425,215.61006354171244,203.76310301994923,215.83480392838237,204.08192641626871,215.51149154519854,203.62059531187791,215.63939347847256,203.87462979219217,215.64668248582404,204.16214550797869,216.1744278693873,204.13903585653091,215.59201844077313,203.90172011333595,216.03923692876168,204.24970409890125,215.6466824858241,203.60257478151783,215.41465309180276,203.72481311431596,215.55713303977979,203.74039287063573,215.60104099124277,204.07245712335057,215.94968748271739,203.96863882304686,215.67427887946599,204.10213626593833,216.21104681349891,204.46637996088464,216.1124748169849,204.21971397597915,215.99759126264982,204.1780652408292,216.02292537094064,204.21320401044306,215.87142287249395,203.9914084979641,215.745254482338,203.8355408822901,215.58472943342173,203.94040952110365,215.94968748271737,204.19293463516968,215.89502343766651,204.12888661055155,215.91533082395702,203.96212885751089,215.63539765000314,203.89304982468653,215.80946982009161,204.0507377869435,216.04652593611314,204.5499884115186,216.11247481698496,203.76711268584157,215.4585610432658,204.00016742890281,216.1124748169849,204.31693366845741,216.13607538215749,204.48636900572041,215.83480392838234,203.35866043049759,215.2704396007075,204.04687628894428,215.94968748271742,203.90197144757732,215.56442204713116,203.82804010384748,215.42194209915419,203.48740872883175,215.55713303977976,203.97779725612003,215.80547399162211,204.32594393363738,215.99932480576811,203.3946273210656,215.18418333354523,204.61758848701291,216.5659514187941,203.21399239931293,214.71439517391502,204.78560297982776,216.7068717310072,202.52756635804138,215.68571805187599,208.62720506157541,209.55723155068719,211.2199984114651,208.77687867346015
199.13450233445323,198.1096829692045,198.56693381941557,200.89370933726596,194.22445901759983,204.38058360366307,192.49866953727678,203.82678195135125,192.7465819684196,203.67702479907882,192.5608563152384,203.98520939227322,192.85050366912634,203.66721552963017,192.5003423670758,203.78658305684601,192.49448919697497,203.43350995019301,192.51995607319697,204.13672736552462,193.12387950809961,204.09695850256131,192.97403907595424,204.20586592395267,192.93648449351099,203.87630197088191,192.66227050544236,203.81046271636652,192.62806158259727,203.86078174016572,192.8863854217706,204.09809748336073,192.93983015310909,203.86112171669626,192.43230241901333,203.53806772916158,192.62638875279811,204.06079839063361,192.97236624615516,204.03077927151517,192.95944385923025,204.0731079597262,192.68355704136263,203.77794329760414,192.85217649892539,204.14909646022096,192.9135251277917,203.91104123836098,192.74741664912329,203.91138121489169,192.77121069554633,203.97795994807197,192.84883083932732,204.08143827184503,193.16477975014098,204.27568443544183,192.72780294300213,203.59739701814078,192.64098396952213,204.05823856538584,192.79249723146651,203.96346105966975,193.24490740442471,204.42180230727112,192.76953786574722,203.71062508575875,192.87179020504661,204.22863559886989,192.91435980849533,203.98953003849965,192.9569363487276,203.78263291655756,192.20484184308691,203.62997596250685,192.99616376096992,204.07631862134966,192.68689923256898,203.89867214366464,192.8521764989255,203.66826586814022,192.30876354379365,203.76671318370703,192.8334009418997,203.94834033108796,193.05500141094163,204.04996777887078,192.08549024495267,203.24361354950815,193.35050193493046,204.69166646542439,192.03873336441868,202.79218176957747,193.35385106292031,204.65334603038363,191.3062525648993,203.72799772567635,197.02163757397531,197.86267307289282,199.45775584413704,197.22368477584916
210.69022865203647,209.47512475725259,209.76500491591696,212.08608908557329,204.97945105401243,215.7834330622135,203.4020699866262,215.46758359373547,203.768311312734,215.33239265310988,203.62130567385739,215.78187342644955,204.10398572920644,215.61006354171246,203.75770291852717,215.5498440324283,203.53494570982733,215.03841020668617,203.34570002502929,215.63037092800295,204.19293463516962,215.96599904053849,204.16180553144818,215.86240032202431,203.90172011333601,215.61006354171244,203.86772032452163,215.74525448233797,203.95922905573264,215.82578137791268,204.20595456624184,215.94968748271742,203.92738959003159,215.44224948544468,203.52624630449247,215.28848470164681,203.51572667306425,215.22653164924441,203.3576696175912,215.18089015466316,203.66079420638329,215.54584820395894,203.62281516059505,215.26141705023781,203.64163469522384,215.58246714807046,203.72481311431596,215.54811048931006,204.06054705639227,216.00261798465013,204.10028692315933,215.69059043728711,203.8228913366668,215.84209293573375,204.3791918759002,216.0482594792314,203.72882278020825,215.29803599434948,203.89521014779979,215.8894679734332,203.66909398909459,215.28675115852863,204.05008695056767,216.14909376109651,203.9808597498504,215.43825365697523,203.83272972280102,215.74525448233805,203.80972323770135,215.60104099124277,203.91087854640912,215.41465309180279,203.41650934942476,215.60277453436095,204.18037373183563,215.77285087597997,203.86507185698474,216.07585587287332,204.55368721756582,215.9243533744266,203.77066332399551,215.74525448233803,204.05628605625867,215.75983249704089,204.11577803719004,215.67601242258417,203.09329266993794,215.07832232967985,204.67944707183244,216.53106601780067,203.03782487895779,214.45703167160286,204.53563769100967,216.4292008424047,202.21321177584136,215.2452598290059,208.10123462179456,209.11903561316825,211.127951239536,209.05771975939919
199.19124632484653,197.97652619476438,198.14602825994251,200.34446514136306,193.68941714824683,204.00093743697548,192.41185403218853,203.80484039738849,192.66896529303031,203.5280957677607,192.41185403218847,203.92457843054248,192.93983362150084,203.82548027859983,192.55584129423289,203.69056199126024,192.44234286619945,203.35488757478768,192.18105126505569,203.58640371442598,192.70819270527272,203.8887888245529,192.77121416393794,203.85765972083149,192.62137373179269,203.70864204722395,192.62639222118983,203.92423845401183,192.86760986474474,204.027657252181,192.94234113200355,203.94299846303679,192.51661388199059,203.50026596795186,192.43565154700318,203.59615345827109,192.33256452700016,203.18159073952538,191.9152014259825,203.17218097221112,192.31127799107983,203.67174245663148,192.644333097512,203.67100297796642,192.51828671178964,203.58634418882238,192.29333711475775,203.59757430271941,192.91185576638432,204.34170097453583,193.12555580629035,203.94521831175408,192.64098743791382,203.93614852097025,192.96195483812477,203.92457843054254,192.38973281556454,203.56539486048774,192.91854708558063,203.967306620888,192.07963707485175,203.01773420098522,192.58298446864575,204.25488186227832,192.87346303484563,203.54947512763718,192.41520316017832,203.69056199126032,192.58298100025399,203.82331995548671,192.68272582905067,203.45250676940034,192.21069848157956,203.78241069900173,192.85217996731717,203.69238233784296,192.51828671178964,204.24334230125817,193.4561034022197,204.19484362404154,192.6664543141359,203.96798798667129,192.97571537414501,204.13147555248483,193.08549024495261,203.89708860726441,191.9953290802662,203.32989946387548,193.37346476904148,204.40932863350429,191.64684060801474,202.65957197324425,193.47404427854178,204.67845331299264,191.12805984840139,203.35776132630306,196.59925945195218,197.71420306931279,199.8426375000781,198.02646357505137
210.47824240900638,209.26426139987143,209.5303601764594,212.12270802968482,205.34986473796428,216.24922539337433,203.77322314924302,215.70863553822636,203.97088778844957,215.51149154519851,203.63938572982124,215.66299404364523,203.9730481115628,215.49118415890794,203.59128655473913,215.54811048931009,203.82508077646546,215.35772676140058,203.46577803471385,215.36901159722146,203.63768455493539,215.33968166046134,203.6477451586255,215.57344459760085,203.76211220704295,215.34870421093092,203.57215616026511,215.65397149317553,204.08368723724769,215.78516660533168,203.8973704709131,215.56442204713113,203.64814466075995,215.38532315504258,203.67671393923376,215.52051409566812,203.70565360315646,215.36901159722149,203.58230540624459,215.3780341476911,203.56999583715182,215.54811048931009,204.12311612368038,216.0026179846501,204.03771785587114,215.4585610432658,203.45281762924546,215.43825365697529,203.99177900390228,215.98457288371077,204.16362587803081,215.73223610339898,203.88219021672765,215.76885504751056,203.96971969096458,215.50246899472882,203.49946696368312,215.56944876913147,204.27034398011264,215.7891624338011,203.25851194004488,214.82095882736775,203.53460573329673,215.82351909256147,204.03657887507183,215.46585005061726,203.53426575676619,215.33239265310988,203.67085481007337,215.67201659411478,203.89816947518193,215.32337010264021,203.44260885766221,215.53682565348925,203.88441006544471,215.33968166046134,203.40101964811615,215.54411466084068,204.09855663158797,215.67028305099666,203.59418635651744,215.58073360495229,204.17272478550004,216.24193638602287,204.59330932535823,215.88773443031511,203.27920993413798,215.18418333354521,204.36401303443697,215.884441251433,202.51475424095514,214.5262737313567,205.03084953300717,216.77611379076106,202.25446100885682,215.14668783249195,208.085314888944,209.41301805959202,211.61352451617802,209.46241768850732
198.95588221585859,197.88098981325462,198.22840850951061,200.88429956995157,194.66143582473865,204.84540582060416,192.72863762370585,203.93927054030425,192.99616376096984,204.08217775051,192.81043810778863,204.05684825034524,192.95526351892846,203.9233508074538,192.74992415962606,204.18704638932383,193.11802633799871,203.93597123639171,192.64850996942209,203.97829992460274,192.82921713320616,203.7656337285116,192.66227050544236,204.01343869421649,192.81294908668312,203.71787452995997,192.61969743360194,204.19284599288051,193.29417179546152,204.23014508560743,192.84715800952827,203.97150950813989,192.85217649892542,204.00908905179358,192.85468400942818,204.06295871374687,192.97403907595421,204.19861647975156,193.14516604401976,204.16461669093712,192.70484357728287,203.92912129432489,193.20567999218238,204.58207921146115,193.18773911586024,203.90419129629433,192.6171899230992,204.03151875018017,193.10761146157651,204.27494495677689,192.99197995227635,204.00834957312847,192.92188927678703,204.28475422622566,193.13429438452172,204.00584927348461,192.69192119035796,204.20441608330805,193.4732026610547,204.48403139802858,192.87429771554932,203.68313526248053,192.49616202677402,203.96204021522158,193.10426580197839,204.20586592395262,192.80625776748684,203.69905499533107,192.58381568095768,204.02244895939634,192.97738473555242,203.98051977331971,192.80793059728583,204.09809748336065,193.01828497759382,203.96204021522158,192.58214285115861,203.80972323770141,192.91519795759078,204.0513886233193,192.66227050544234,203.89117136522211,193.14600419311523,204.72680676824933,193.70149791768466,204.3444234917354,192.52246705209149,203.85208245531996,193.45526178473261,204.22215462952997,191.64098396952218,203.22556402295191,194.31462365067799,205.28205531527254,191.36676651306183,203.56883080608949,197.00202386785415,198.37164432462765,200.34752579086211,198.04693391218316
210.38420928980597,209.27885565699327,209.71460370982459,212.48263935698029,205.83859561062187,216.51960727462549,203.58400658113041,215.47886842955634,204.04471596583107,215.79089597691919,203.82166230085588,215.71263136669583,204.02373610808891,215.72894292451693,204.04305831120033,216.14180475374508,204.276572082,215.57744042607024,203.69581380430009,215.99932480576808,204.39375028990645,215.76556186862851,203.75588257194434,215.66872341523273,203.83412003784176,215.47157942220488,203.80654157227426,216.01563636358912,204.41217032240078,215.8551113146728,203.75554259541377,215.57015141871884,203.85978951453728,215.63210447112115,203.83187107243916,215.74925031080738,204.09636577906718,215.96999486900791,204.26741364892692,215.95368331118678,203.87496976872276,215.54082148195863,203.92232946514002,215.86413386514249,203.92522926691822,215.48789098002592,203.75233193379046,215.86413386514246,204.2797232180196,215.91706436707517,203.87206996694454,215.57744042607027,203.9158194996038,215.95368331118678,204.22656391804588,215.82751492103091,203.90714921095443,215.89173025878443,204.34340214942162,216.23135419978934,204.36330113924615,215.83653747150055,203.72700243362544,215.57241370406999,204.021087640552,215.89849052390289,203.96104798959311,215.56112886824914,203.78994188636261,215.81849237056127,204.20268437901461,215.91706436707523,203.94910880594952,215.71263136669575,204.08078602274716,215.99932480576805,204.10102628133529,215.74925031080744,204.01170698992289,215.82022591367939,203.85720057260417,215.61405937018188,204.01352733650566,216.07585587287329,204.40523173804479,215.83879975685173,203.5410851694254,215.72494709604749,204.88566282799127,216.21174946308625,202.79038888597987,214.86260449347961,205.23234514080508,216.78913216970011,202.20309152605836,215.2858746015869,208.38772899526725,209.69242249131273,211.69878107609014,209.31005653971104
198.37666747716199,197.32841141227212,197.76089210179072,200.29306666236823,193.9602854767173,204.11595532176855,192.01661214779477,203.32045916715359,192.56169793272545,203.50745588654925,192.10426580197844,203.32730910922018,192.33005701649736,203.40545793282834,192.45693461453163,203.8558393742488,192.56337076252458,203.11393255114947,191.93230415320912,203.74227133010018,192.95777449782292,203.55376524445612,192.02163063719189,203.20757107606607,192.14182385281336,203.18480140114886,192.14600419311515,203.56462485241508,192.60008719587242,203.38407857295167,191.97905756535141,203.09033334255588,192.00118225036707,203.03683406605151,191.95191785933034,203.31178887850413,192.39809696455987,203.51942547911125,192.45442710402898,203.60877388720891,192.37513759884052,203.22244047040653,191.99783659076897,203.17323131072112,192.03873683281032,203.12763243528295,192.16896355883446,203.53929535225026,192.53622758811173,203.41560717880768,192.06504185812778,203.22605063416438,192.28330013596334,203.48863635192043,192.34009052690007,203.38987817650843,192.28497296576242,203.40039780793677,192.24909121311828,203.48468621163198,192.5412460775089,203.57693442150793,192.24909121311825,203.23256059970043,192.0975779511738,203.22278044693712,192.13308180619029,203.40619741149328,192.44690110412898,203.69343267635321,192.73365958149472,203.71003236226483,192.18188594575938,203.10156345645294,192.19192292455381,203.66628282960548,192.57545500035403,203.38052793479775,192.10594210016919,203.26402967995247,192.18523160535753,203.33381907475638,192.24741838331914,203.4152076766735,192.41854535138475,203.32514878610701,191.78580938066196,203.37543881370999,193.33423735679915,204.00738634369645,191.22696652810259,202.39871654705942,193.14433483170782,204.09059375898482,190.56169099594209,203.05531669057223,196.49784526174818,197.5090667683495,199.40945806661304,197.40505143576794
209.82027192463536,208.77097721564326,209.35436720856637,211.8922382714274,204.98963082939926,215.90560562389999,203.39152123851241,215.50749571672907,204.02521659863024,215.40892372021514,203.32460252880148,215.30306271634967,203.60124411257027,215.09463388750092,203.37816133090962,215.49118415890797,203.63268407613685,214.76403249696565,202.84715988292263,215.3030627163497,203.9864385485732,215.38861633392457,203.31744172688965,215.15156021790307,203.421748171617,215.06703749385895,203.3391610632967,215.38358961192435,203.74042340004343,215.19320588401493,203.21365254327154,215.0873448801494,203.40869912385924,215.01636927727751,203.18073362237499,215.10365643797059,203.47851763534845,215.22080227765679,203.50955809678072,215.40892372021517,203.65576461089915,215.1932058840149,203.29831133241572,215.15156021790301,203.44087856609087,215.1932058840149,203.51319737722406,215.40892372021514,203.65212533045579,215.22080227765684,203.33595040167341,215.28275533005922,203.7284538074812,215.40892372021511,203.4368689001987,215.1312528316125,203.44087856609082,215.1932058840149,203.32870095747228,215.0326808350986,203.2976313793545,215.13125283161253,203.48786787705907,215.20222843448454,203.23830209037536,214.81193627689808,203.13698408971553,215.23884737859615,203.67202432028034,215.60433417012482,204.11984734917513,215.6865946088177,203.33305059989516,214.76403249696565,203.14679335916426,215.21351327030538,203.48422859661591,215.0050844414566,203.10810395139663,214.9268198312331,203.37100052899785,215.32839682464046,203.54833614683778,215.27373277958955,203.74397403819734,215.34870421093098,202.94455685997949,214.96673195422679,204.33439341745282,215.84382647885198,202.45249615400152,214.25589185010554,204.42460047591231,216.05625113617015,201.85652850543059,215.10607305991095,208.0223768489289,208.85594273926856,210.76648849071449,208.76645248798891
199.16321419896786,198.29181383019159,199.05875794611461,201.34378133156358,194.53706573720703,204.91093421527449,193.14432789492446,204.74201613912038,193.77037948323428,204.48810071001387,193.09757448278216,204.61326784078636,193.46028374252151,204.12743676990698,192.84966552003098,204.4464809710602,193.33089169720105,203.91940066716546,192.54124260911723,204.29055382978231,193.56085978363015,204.58034891988976,193.30709418238635,204.54634913107552,193.29166428495876,204.31409351277205,193.24825306402289,204.71418633931179,193.53790041791083,204.30798304937045,192.93899547240548,204.45450042333394,193.59506870647522,204.65957719869343,193.27623091913935,204.36219268785425,193.1802131159603,204.39113235177703,193.29249896566236,204.57127912910593,193.41185403218844,204.46962115191562,193.27121242974218,204.58068889642041,193.45442710402892,204.56442918703925,193.39391315586639,204.64075766406464,193.43481339790773,204.49495065208058,193.28915330606426,204.66858746387342,193.66812714393495,204.69141666439444,193.24239989392197,204.31810317866422,193.20819097107685,204.47616023413718,193.3137855015826,204.34087285358152,193.0124318074929,204.22329514354064,193.27288525954123,204.50833967636882,193.14600419311523,204.07498783191284,192.94689936993316,204.32529309726158,193.21738980077586,204.65192825235781,193.927285663812,204.94209231519218,193.14934985271333,203.931769761862,192.84465049902548,204.25621406443733,193.13057082729588,204.22653492184952,193.03539117321219,204.22980510907692,193.24825306402283,204.60024790971403,193.31295082087897,204.43059176761716,193.61718992309915,204.74710526020829,192.85886781812172,203.99575967359829,193.7628500149427,204.90121205490365,192.41938003208841,203.74039440384718,194.41018467078112,205.41922256801479,191.9168673189981,204.51738341688974,197.74658890520305,198.40209347528804,199.98381835879837,197.91994225316094
210.69579133928985,209.73276670749368,210.47311408613857,212.86287807056624,205.65921730815418,216.55293303985505,204.0516980704422,216.20775363461678,204.53779648091162,215.97399069747732,204.11176683808648,216.34294457524243,204.53523665566388,215.74196130345598,203.77393209850061,216.08558107293035,204.4469385860765,215.78760279803717,203.8094108446449,216.04896212881877,204.51311781712243,216.1987310841472,204.39653091998778,216.30632563113076,204.35213055095284,216.04722858570054,204.4631096531682,216.6003080775545,204.70227485963133,216.01060964158893,203.93787869205227,216.09287008028176,204.64004576887382,216.51075863151016,204.59950689783781,216.16610796850495,204.14409444821129,215.97572424059553,204.28950195806087,216.19144207679571,204.35534121257623,216.14580058221446,204.4345694913799,216.41218663499626,204.64581625574488,216.32489947430309,204.36475097989066,216.17113469050523,204.41864975852931,216.33392202477279,204.54850792097756,216.29730308066112,204.42805952584362,216.15482313268416,204.22619341210788,216.00332063423747,204.24140278297858,216.24437257872844,204.61542663068846,216.3429445752424,204.3083214926896,216.05625113617018,204.3712609454268,216.33392202477276,204.50364852420412,216.17113469050523,204.27975221421582,215.95039013230479,203.97585773784067,216.07256269399127,204.7406242908684,216.43249402128671,204.1089556785976,215.68903080152327,204.08047504241287,216.08558107293035,204.2326438520401,216.06527368663978,204.40352902994752,216.19144207679577,204.33356235056539,216.10189263075142,204.10870434435611,216.02692119940997,204.75284521767193,216.60430390602394,204.05258571700034,215.63939347847258,204.64186611545645,216.50243873062789,203.47188696490431,215.58975615542192,205.81983418887475,217.36478133319579,202.88242928186958,216.09528670222215,209.00739748556859,209.8935623128101,211.57467054826949,209.19662588201314
197.94980711148943,196.87187715384283,197.29266559638521,199.55138064410252,192.95442883822474,203.23176159543152,191.52162890299613,202.83274810359842,191.82670962270333,202.68549125096976,191.67146933514144,203.11125355420495,191.97153156545144,202.5212642064914,191.31462018228632,202.85190761475781,191.93397698300817,202.67648098578977,191.47822115045196,202.83274810359836,191.87011737524747,202.8533284592061,191.81545659718583,203.00308561147844,191.80793059728583,202.84067891358274,191.97571190575323,203.344219654977,192.21069848157956,202.94844735417462,191.65725201604516,202.83194909932965,191.82047508658297,203.01175590012787,192.03120736451876,202.90543730018047,191.48156681004997,202.47424448660476,191.53873509861458,202.78208910326848,191.72780294300208,202.84431819402607,191.87179020504661,203.1159737025659,192.16645257994,203.15466311033364,191.76703035524446,202.66667171634094,191.68857553075983,203.08848387928771,192.07879892575633,202.83200862493339,191.47654832065285,202.5791131254185,191.6051022168779,202.76576986828368,191.70651640708189,202.90469782151553,192.01326648819659,203.1069039117821,191.8613753286244,202.88806772668551,191.88638542177057,203.16734306487535,192.18606628606116,203.2324415484928,192.00536259066888,202.73109012640802,191.32168939911026,202.58858241833681,191.85886781812164,202.89275734563881,191.51493758379979,202.59719318138224,191.81629474628122,202.94992631150487,191.63763830992394,202.74917018237193,191.93899547240548,203.03131491342177,191.74825132982696,202.64279205682067,191.41185403218847,202.77049001664474,192.2950064761651,203.41258820533261,191.59590338717894,202.39248691196096,192.02497629679004,203.21254102545711,191.01242833910118,202.41488761415124,193.31796931027614,204.11327479161267,190.34547997714157,202.57553643700146,195.91938870306768,196.97575682935607,198.79051247075543,196.63394862042779
209.6383045009988,208.37828354874117,208.62337441562499,211.03891821932905,204.17713560722731,215.17445813348829,202.92599007231391,214.91380145229411,203.2184918633294,214.67777622980333,202.94554908560772,214.95944294687533,203.14611352659244,214.52627373135667,202.83127067947964,214.97575450469651,203.29729152331319,214.61582317740093,202.69817273872269,214.64515311416116,203.02307618952568,214.71439517391497,203.03930678222116,214.82425200624979,202.99484688758247,214.62484572787068,202.95720781832469,214.96673195422676,203.39926036034862,215.13454601049457,203.36526057153424,214.8495861145405,202.75463134260917,214.44800912113328,202.92502837609314,214.7234177243846,202.81720040989725,214.35845967508888,202.65988283308937,214.571915225938,202.98793741991182,214.80394461995925,203.09252560779882,214.88447151553393,203.326171661632,215.1069496168526,203.1276048518088,214.64341957104298,202.9941074089173,214.95544711840589,203.18076415178248,214.56289267546833,202.60271386722331,214.45703167160286,202.9412880854743,214.76003666849621,202.97602735295345,214.65244212151265,203.01002714176795,214.78763306213813,202.94128808547418,214.67777622980338,203.13050465358702,215.0562814002711,203.33629179092603,215.00837762033865,203.23506243255562,214.78763306213816,202.8085010045624,214.56289267546831,202.97497701444343,214.64515311416119,202.74627191380486,214.66146467198223,203.28862123466365,214.93913556058484,202.84935073544355,214.55387012499864,203.069785049567,214.86589767236163,202.9947582452931,214.58320006175879,202.74241041580572,214.73070673173606,203.54136856628543,215.18418333354521,202.62588304427507,214.21927290599396,203.43038946407006,215.20622426295392,202.10559303635387,213.9652025825639,204.24155401729433,215.73796547498659,201.29112917921685,214.27132685098493,207.20303168469033,208.296605133594,210.37491676331754,208.3303937216148
200.24248269391353,199.07740414641879,199.35215832234556,201.63804382306867,195.00620420815591,205.53183186187584,193.94857219973224,205.43344265919063,194.17398551662333,204.95452105598176,193.63429611871763,205.10211788514093,193.88183065223268,204.93209135759508,193.90851010678622,205.4906116250566,194.29417526385316,205.07169926388823,193.61970090199361,204.91796144191972,193.75411143671133,204.96177050018284,193.84548864812089,205.06052867559498,193.75243860691225,204.7718435700906,193.49951115476392,204.94946093109024,194.05584302842877,205.47654135547435,194.3400939952918,205.13290701233183,193.40516618138392,204.5128680160924,193.54710271600152,205.05074852283158,193.93481513210364,204.94005116377579,193.59925251516876,204.89519176700256,193.89893337945941,205.26560545095435,194.03622932230763,205.14768776438299,194.00034756966338,205.32857402037692,194.060861517826,205.2077565320273,194.07880239414806,205.30034471843368,193.9185470855806,204.88868180146642,193.58131163884664,204.90210123467307,193.85050713751809,205.08875797753799,193.81127972527577,204.926320870724,193.77372514283246,204.96612014260572,193.59423402577158,204.84419279014202,193.9644658170192,205.32891399690749,193.9544288382248,204.99938045275508,193.88973454976042,205.24968571810388,194.02581444588543,205.13210800806297,193.84883430771905,204.85795219987932,193.49951115476384,205.0059195349767,194.18356224395021,205.30975448574804,193.83507377169872,205.01492980015658,193.93398045139998,205.15493720858407,193.89391489006221,205.03158901167208,193.68774431844784,204.98926032346097,194.18272409485479,205.2453650718773,193.27288872793292,204.49401948526724,194.32838418669834,205.45988061074749,192.79417352965729,203.93225943949696,194.51410983987958,205.57057784931413,192.02413814769466,204.62714948864311,197.93231455838432,198.8124547195039,200.70338397336755,198.80309667530025
211.48784032641393,210.42032204480097,210.94737887645104,213.37101871742635,206.21625720556372,217.19453108422246,204.84685271531524,217.00987672790058,205.14583535518156,216.47310879386777,204.44135978735349,216.617322284963,204.88319011182168,216.58799234820279,204.90007154089287,217.12702256758686,205.32919279413383,216.72318328882841,204.60382601085317,216.51146128109752,204.66574424176554,216.53506184627008,204.90553116791898,216.7964211770516,204.73192347281147,216.26641350813716,204.41611892947793,216.6082997344933,205.04408873570185,216.88197479462653,204.97139953911972,216.6246112923144,204.61795592652859,216.42920084240464,204.62159520697182,216.72318328882838,205.21917538813926,217.03747312154258,204.89976068104781,216.6246112923144,204.96633941422823,217.09040362347528,205.27233468811298,216.86566323680543,204.79850220599189,216.71416073835871,205.08567794524794,217.1962646273407,205.39247222340137,216.95521268284969,204.88094114641913,216.75980223293999,204.95041968137753,216.72318328882835,204.79810270385767,216.6082997344933,204.75435317119806,216.68656434471677,205.00357898135155,216.75980223293996,204.64328542669338,216.47310879386777,204.94390971584158,216.88370833774468,204.76336343637814,216.41115574146539,204.7475032291315,216.91130473138665,205.17826613165434,216.91130473138665,204.93199964888333,216.46581978651625,204.39038992717857,216.53506184627014,205.08863727263005,216.93890112502859,204.963380086846,216.83806684316343,205.07345701844454,216.92987857455898,205.11421810703618,216.87468578727498,204.72871281118822,216.48942035168884,204.98763013181542,216.73620166776743,204.17303269941198,216.10189263075145,205.37621251402032,217.07982143724175,203.69615224761947,215.48060197267452,205.46931937425813,217.16607770440405,202.99636629874496,216.47725895892623,209.41001960794839,210.11500952059794,211.8397136304952,209.70823408359732
197.03956609200773,196.12155832694719,196.71918354949887,199.04436190149485,192.38303802797651,202.48708713309838,190.79751225247207,202.1607919545327,191.2603373018523,201.95747600015213,190.7549391806316,202.10072318688847,191.19982335368974,202.08372399884237,191.08464862746555,202.43244746307261,191.41185056379672,202.00162503494582,190.68689923256906,201.86090714404969,190.86844107705673,202.02655503297643,191.33590324981478,202.45521713798976,191.03622238552421,201.70100074579778,190.76702688685268,202.29678969706791,191.43899026981791,202.23274167244975,190.99030365408558,202.15024320641896,191.31796237349269,202.32822966063452,190.99197648388468,202.11482398587839,191.53873163022268,202.78043144863781,191.37680349185629,202.1112138221205,191.17853681776953,202.57461519461333,191.6067715782853,202.34019925319663,190.88972761297697,201.97265625433761,191.35217129633784,202.87194017984865,191.77037254645094,202.29787056498566,191.01493584960386,202.35972914980505,191.47654485226121,202.35571948391274,191.1042623335866,202.06524444074424,190.99532214348278,202.24866140530034,191.45358548654178,202.4667872284175,191.16979477114648,202.0678042659919,191.09506350388767,202.16440211829067,190.93815385491831,201.92853633622931,191.06085458104255,202.27763018590858,191.24490393603293,202.21071147619762,191.10175482308395,201.97373570953317,190.79082093327571,202.07465420805852,191.33005007971394,202.34380941695454,191.14181691602994,202.25446100885702,191.35300944543329,202.54203625024732,191.600080259089,202.50513665965474,191.06085458104255,201.95963632326547,191.18438998787039,202.16258177170792,190.47654485226113,201.64204196275662,191.64349148002489,202.59775384225745,190.18355183877503,201.26653915771686,191.93815732331007,202.8028596138131,189.53454435313753,202.05984740574442,195.37597574793594,195.9239772290241,197.39956670709807,195.35265048909605
209.55297326975474,208.41244958924051,208.80677634189709,211.35806086668916,204.53416180010217,215.32179089611117,202.78854402234535,214.78346332631446,203.2879428148139,214.97661149087293,203.28233501989459,215.3551166613407,203.68294652026572,215.0571383864476,203.13331734628713,215.13939882514046,203.43622100975637,214.76315594002392,202.77882339518587,214.75586693267249,203.17141544328314,215.04082682862651,203.60794883267718,215.47902276614539,203.41774145165803,214.88030177971018,203.31062384744186,215.5319532680781,203.83480447004754,215.1669952187824,203.13772651431393,215.12308726731939,203.67165688076474,215.3365428181684,203.21621531445246,214.9698512257545,203.62247825048703,215.53195326807813,203.43070185712637,214.90563588800094,203.29115347643733,215.37142821916183,203.71102765431564,215.19232932707317,203.07049694475788,214.85270538606824,203.5316203556518,215.65812165823402,203.71472646036281,214.95856638993368,203.12686690635505,215.26556721529636,203.63583815808963,215.13939882514046,203.21044482758157,214.94398837523079,203.19378561606584,215.11406471684967,203.56675912526555,215.38045076963144,203.57650886911043,215.19232932707317,203.29726393983898,215.01549272033574,203.30411388190558,215.21766343536393,203.56314896150775,215.13037627467082,203.14204716054041,214.85270538606824,203.1833255102415,214.94398837523073,203.12865672353001,215.04984937909614,203.60729799630153,215.26556721529639,203.15540706814321,214.90563588800094,203.47420005554451,215.52293071760846,203.80688602794939,215.31849771722906,203.26005348940117,215.05713838644766,203.64845858702753,215.24196665012383,202.72029311047547,214.57103866899624,203.95420252667108,215.7646853116868,202.63915584279988,214.52140134594555,204.72485732554489,216.24349602178677,201.83771191673512,214.81121405654551,207.54416726140013,208.33807689235149,210.15776691037664,208.08857315499418
202.88334490318732,201.58117955002658,201.67707942515614,204.1654578713069,197.7804233988121,208.34105066463334,196.23989585181099,207.69787148753844,196.48492287482327,207.93373739008894,196.80626470427023,208.55448674830788,197.23032259287586,208.05347542324299,196.33173331468814,207.91926749788291,196.68524027633683,207.81109955515643,196.31211960856695,207.87150829933137,196.64601286409447,207.98149658864034,196.7040158333626,208.26040154138144,196.87598095052354,208.16380368908273,196.93565674959075,208.53856701545737,197.08131684143424,207.96847665756829,196.27205751562093,207.7955793244403,196.6409943746973,207.97282629999108,196.48073906612976,207.95255692471767,196.85302158480428,208.14717347376336,196.45443404081232,207.74708064722384,196.60678545185215,208.20974254105153,196.89141084795116,208.03900553103705,196.39643107154424,207.76590018185257,196.70736149296073,208.24883145095376,196.62138066857611,207.68016193751282,196.48073906612979,208.18515251955162,196.76954827092234,207.71925084741503,196.16311732551702,207.65992155843566,196.45945253020957,207.92506710143945,196.60343979225397,207.99741632149099,196.76620261132425,208.21915230836592,196.7532802243993,208.0346558886142,196.76620261132422,208.35191027259231,197.02080289327165,208.11749433117566,196.47739340653163,207.80458958962029,196.52163930817125,207.84367849952255,196.3079392682651,207.79773964755364,196.83508070848222,208.20107225240213,196.43482033469112,207.6960816703633,196.6869131061359,208.33673001840677,196.87346997162905,207.97498662310429,196.47823155562705,208.08531488894394,197.12305176417931,208.26509116033483,196.08298967123329,207.5231553410392,197.28999839194304,208.79251144076031,196.08215152213788,207.57344536864221,198.20652854645289,209.38685043089683,195.29082960425501,207.59877640201842,200.49952502833071,201.50480617420016,203.57594608279777,201.73433976121882
204.36122023095419,203.01905938625254,203.08874699387553,205.47791531734282,198.94268197516783,209.70700050601565,197.74438488038325,209.1940070445097,197.59770481446768,208.93993672107962,197.85076300593443,209.86249883293178,198.47851059460274,209.23391916750333,197.38668026765831,209.14836554992846,198.00822875063568,209.3527985503078,197.78532325355346,209.26324910426351,197.89790048479588,209.16467710774955,197.53390812409074,209.15565455727992,198.03355825080047,209.57354310850832,198.10328812000034,209.43332544588247,197.84400170615712,208.94895927154934,197.28431192848859,208.69159576923718,197.233372477232,208.68257321876763,197.51221790436915,209.34151371448695,198.0997374818464,209.13934299945876,197.33858109257628,208.89602876961661,197.76224271879119,209.3527985503078,197.93906107552201,209.20129605186116,197.57558597592606,209.00188977348199,197.76471390174962,209.2379149959728,197.5560269626323,208.8503872750353,197.6898643820542,209.36182110077752,197.78353343637849,208.73550372070028,197.08179497837679,208.69159576923721,197.52813763721969,208.99460076613056,197.45510846410701,208.77212266481192,197.49305839320974,209.26324910426351,198.00566892538782,209.36911010812889,197.91703087926973,209.43332544588256,198.03025894688781,209.4057290522405,197.88303109045532,209.31617960619619,197.91993068104813,209.05881610388417,197.18015365165431,208.69888477658867,197.78683274029117,209.45137054682178,197.7968933439812,209.08241666905667,197.88164077541475,209.35279855030782,197.63516659914669,208.88700621914697,197.50906676834958,209.27053811161491,198.25446611672118,209.38212848706794,197.08037413392856,208.58000539378423,198.32724395559251,209.87725075498895,197.01370675845888,208.4227735237499,198.96767149880219,210.31944252097733,196.25965164549675,208.74191617111003,201.74212191739494,202.842494129004,204.9445354657062,203.01939859136112
206.1159737234982,204.99470739539922,205.43725881516082,207.65802097924103,200.6244991492679,211.50316468038309,199.67638988662591,211.31953407655931,199.35550391784545,210.58232947373432,199.56418852373818,211.96157550895668,200.42690325125653,211.06111213835931,199.08266733514611,211.1672689474791,200.09798797591492,211.48958345634887,199.60311745616681,211.10042984630249,199.78671509708172,211.32373710323444,199.46336823777759,211.01500381839895,199.86604857987311,211.57242189891033,199.81377031628836,211.01080079172382,199.29745697097431,210.81484546003392,199.37048515658137,210.92520529582893,199.18673122602064,210.57295127637511,199.35136714213888,211.49620460037454,200.15603492278601,211.12795123953595,199.14435842142913,210.77132472541564,199.42513220889265,211.09363923428535,199.6648085424498,211.16726894747913,199.51584676861123,211.09784226096045,199.79228351311923,211.36725783785275,199.55625131897398,210.85174505062656,199.40384567297238,211.2199984114651,199.76326003968376,211.12536365419393,199.45543103301333,210.93199590784602,199.40167715149471,210.89768390259545,199.24497844014073,210.64237796289385,199.16564495734934,210.97390120113118,199.65342746552267,211.21337726743951,199.70738161429026,211.28700698063318,199.74414202524125,211.21337726743948,199.61666705457171,211.37663603521185,200.11346185094558,211.36725783785269,199.2350729811476,210.69268930952927,199.57389371548237,211.49620460037454,199.93350834944252,211.41094804046247,200.00707314894743,211.29362812465891,199.25074712342726,210.73200701747245,199.4384815400486,211.33052771525152,200.11149359671677,211.16968706482973,198.65726881679944,210.25339382083885,199.9356768709203,211.64409723478818,198.71117898796408,210.05518983978979,200.34396960665632,211.84230121583721,197.84068334532742,210.71276687353739,203.89712442062404,204.90780534310503,206.56109899926466,204.10079228044935
203.30277818245671,202.54011375186641,203.50330381410478,205.56477070551102,198.14488025026657,208.77057129800389,197.18518796660584,208.89379312830098,197.05263520520859,208.04198298184326,197.27073361242114,209.68918897568304,198.21716746382819,208.57516084809416,196.76309642089629,208.88505122431235,198.00419735850375,209.0275311722894,196.99316271989014,208.40249231300731,197.50424659333385,209.27574914258625,197.68987595416715,208.87630932032368,197.60688843281852,209.06415011640098,197.38106187826097,208.49435330603851,196.95940313303828,208.59777978137149,197.61503061613871,209.28962617187494,197.7027324034004,208.68089887041398,197.24422765143737,209.2205070936667,198.09742943067408,209.05771975939919,197.15271892022648,208.38849230217306,196.94827002476444,208.53097225015011,197.38278521922032,208.88505122431235,197.38450856017974,208.91292826443532,197.90284605949159,209.48503662178467,197.76472129219547,208.61409133919258,196.93886025745005,208.77687867346012,197.85623002340634,209.56815571082714,198.18386363394143,209.16114623473217,197.30025345483696,208.63439872548309,197.26477052702563,208.65302183029101,197.1621286875409,208.47804174821738,197.04918852328976,208.58390275208282,197.40160475384911,208.93798172624503,197.48542705870506,208.58390275208282,196.96536621843384,208.84612073321392,198.07860989604521,209.48503662178464,197.58895745564186,208.73382937234669,197.47774063235005,209.2205070936667,197.86391644976138,209.37286824246303,198.09915277163341,209.13095764762235,197.13217604463827,208.56116083725991,197.45166747185311,209.14726920544348,197.9088091448871,208.69607113140444,196.24648226254399,207.70652711248891,197.50252325237443,209.16874884189019,196.53130678094311,207.6774778222098,197.88572690934384,209.19779813216931,195.48007494860514,208.46539404397936,201.91010359777249,202.68163117501996,203.67086821088162,200.62398235378066
