191.23268846974034,190.16131271394514,190.13942069868426,192.78556044099852,186.71849846993317,196.07870069690028,184.71168790359656,195.46666197243948,184.73210053737483,195.6393305075263,185.1022942652211,195.34720458576632,184.37219047898489,195.46666197243948,185.07159796198647,195.77268133466995,185.36538944526407,196.43930479537224,185.53715845065102,195.73336362672677,185.11181519962952,196.26663626028537,185.40012633466102,195.56069509163987,184.85824095399497,196.14717887361226,185.68439688353021,196.06480725642979,185.11250058211027,195.81199904261305,185.11250058211027,195.81199904261302,185.11250058211027,195.6393305075263,184.72189422048569,195.60001279958311,185.3244868251403,196.31984740869908,185.60875737400949,196.06480725642984,185.18814009163103,195.81199904261311,185.03686107258955,195.81199904261311,185.18814009163103,195.81199904261311,185.03686107258955,195.81199904261311,185.18814009163103,196.06480725642984,185.60875737400949,196.49251594378589,185.71509318676485,196.06480725642979,185.08180427887564,195.81199904261305,185.14319688534491,195.98466757769987,185.47241064050021,196.10412496437297,185.11250058211027,195.77268133466984,185.32448682514027,196.14717887361226,185.21815101238488,195.77268133466984,185.21883639486566,195.93145642928619,184.97546846612025,195.77268133466984,185.46151894113029,196.14717887361226,185.08111889639488,195.77268133466984,185.35586851085566,196.27679349945981,185.61964907337938,196.44946203454657,185.74647487248026,195.98466757769992,184.86913265336486,195.6393305075263,184.96526214923111,195.77268133466987,185.47172525801946,196.01382804646863,184.46831997485111,194.9333893388808,185.11250058211027,196.17260314108495,184.58486210449564,195.66488545001479,186.95166008178944,197.2669352891433,183.7382161886149,195.30204941309034,188.76149404319546,189.9594465803961,192.04468892064233,190.21834306984738
190.16131271394556,189.09404028587815,189.07092651188674,191.65748794389268,185.57096020179705,194.92236708466595,183.72029417651422,194.5461404419683,183.94649212538127,194.74155089187803,184.16234671853806,194.32140005529843,183.42885058499706,194.4932099400356,184.11819768374434,194.63654853836223,184.1859204902851,195.19905634137331,184.40862920717564,194.62109563089078,184.10884835292771,195.1461258394406,184.273715101503,194.33613573493676,183.69138165073682,194.95800439688233,184.60618303801911,194.96714992889756,184.10524841055479,194.74155089187803,184.09583864324043,194.79448139381074,184.22498644370893,194.74155089187803,183.8838524002104,194.58361803642956,184.20827953078901,195.06386540074774,184.42100943415102,194.91421942696485,184.17068398126878,194.79448139381074,184.15014110568055,194.88403083985506,184.28101224710849,194.79448139381074,184.03981283984083,194.74155089187803,184.16127421395439,194.86128892503214,184.31068116831131,195.06386540074774,184.41085600650462,194.91421942696485,184.18083740891518,194.88403083985506,184.25031594387386,194.93696134178776,184.39282365194518,194.98260283636901,184.10524841055482,194.72609798440658,184.30919802931433,195.01093489881504,184.1081046925957,194.68947904029497,184.31575151458782,195.01922178048062,184.0806625707219,194.68947904029497,184.34319363646162,194.95800439688233,183.95437105229431,194.58361803642956,184.23000908858103,195.07215228241333,184.47063944963458,195.26756273232306,184.67206163060487,194.93696134178776,183.97107796521419,194.68862038994533,184.01802284555103,194.68947904029497,184.40583336163249,194.92052680242108,183.46638569801954,193.93156078737417,184.2249864437089,195.16072009656241,183.50946222822961,194.33711736683196,185.53216265612704,195.87287387335638,182.62256129863886,194.33179162327093,187.93832144397467,189.03807803023761,190.9842895999563,189.09425874907566
190.13942069868355,189.070926511887,189.04785651955075,191.57083097082267,185.40806658658389,194.81306169369799,183.74717554337363,194.74915887210543,184.25289851486122,194.9792251710993,184.26762566439433,194.38741547680294,183.52376684333169,194.62942083895138,184.20543888643269,194.56008401188976,183.97655998291793,194.98388702995837,184.25358037431076,194.55550557142593,184.11034330615561,195.07613523983426,184.11979705107305,194.1228627967165,183.47409471582236,194.79723028709327,184.52607755497723,194.94931723047048,184.13547119335266,194.76723892806928,184.11418465743242,194.88697696122338,184.40633952182313,194.97922517109927,184.11418465743242,194.6523322217657,184.06781421191818,194.82472011037152,184.20322638735189,194.82957919731638,184.18745403250753,194.88697696122338,184.33307014674801,195.08955343693898,184.43703582505776,194.88697696122338,184.08348835419778,194.76723892806928,184.16616749658729,194.70984116416227,183.95364459480166,194.61273386734152,184.04652767599794,194.82957919731638,184.34415274386149,195.08955343693898,184.42595322794429,194.99730522706307,184.34415274386149,194.95389567093434,184.13547119335266,194.76266048760542,184.29610946854817,194.91696832024738,183.9749311307219,194.67982204504392,184.47793606709917,195.24872035652581,184.25126966266521,194.67982204504392,184.20159753515586,194.79723028709327,183.79857473564374,194.44034597873571,184.11255580523641,194.94448590361992,184.34578159605752,195.17455220261377,184.63300592625711,194.99730522706307,184.13710004554866,194.85948713794519,184.11255580523638,194.67982204504389,184.34031139258468,194.89405693743305,183.47793606709917,194.02595272798152,184.40633952182313,195.26037877319934,183.4386646772538,194.00954640285272,185.01814208440885,195.467336461293,182.48449545348632,194.46771099796231,188.22026424853053,189.20301491819936,190.98923089712568,189.00878711443582
192.78556044099889,191.71041844582544,191.69056900397729,194.30323599249039,188.10864148919507,197.68056076482887,186.47345521219404,197.62607062713226,186.96368097896266,197.82148107704202,186.91550775421788,197.21320879790412,186.26879246302781,197.57314012519959,186.95635748509889,197.31906980176953,186.46741879845501,197.6097590693112,186.74832138235732,197.22952035572521,186.65737484523279,197.79788051186947,186.73561231113018,196.93553790930153,186.16111266472512,197.57314012519956,187.0640372834016,197.59674069037214,186.64731424154269,197.43794918457402,186.61257497406336,197.54381018843944,186.97903851772679,197.82148107704202,186.90015021545372,197.54381018843944,186.69146327633644,197.43794918457399,186.56842593926962,197.34839973852971,186.58113501049672,197.4908796865067,186.89074044813933,197.87441157897473,187.10818631819532,197.68629013641643,186.71349347258865,197.54381018843944,186.78587180932561,197.40133024046239,186.39117896371894,197.10734779403873,186.3691487674667,197.40133024046241,186.90015021545372,197.82148107704202,186.97903851772679,197.54381018843944,186.61257497406336,197.43794918457402,186.64731424154269,197.59674069037214,187.06403728340157,197.76855057510929,186.60316520674894,197.46154974974658,187.14292558567467,198.09915196564461,186.93159017902036,197.46154974974658,186.81450061340325,197.57314012519956,186.41064933472344,197.12365935185983,186.57107440680664,197.43794918457399,186.59656659892352,197.54381018843944,186.90279868299078,197.54381018843941,186.68881480879938,197.62607062713229,186.74832138235732,197.46154974974655,186.9977694100663,197.74495000993676,186.18323150326665,196.92251953036248,187.20910481672061,198.14150028134378,186.00333606017898,196.57889976088816,187.38505011951989,198.1015881583501,185.11979317021769,197.37112374676062,191.01861609852597,191.87207389717642,193.57609714238515,191.57768326384738
186.71849846993237,185.69069823495116,185.67893491505407,188.3206277322243,182.43815212072229,191.70979569493099,180.77288352534515,191.44535910118461,181.02162370040833,191.56509713433883,181.04375185381562,191.09302547319655,180.56336035734927,191.53760731106058,181.23114686840421,191.21276350635068,180.64683367123112,191.40845951059208,180.85551869013162,190.97544776315576,180.71069327899184,191.58570648614273,181.00034063287976,190.99136749600629,180.58548504236487,191.51227781089563,181.16812194134721,191.29560194891221,180.68857206236791,191.15778385979428,180.64767182032651,191.1852736830725,180.95944039083838,191.56509713433877,181.10593516338557,191.47284892446288,180.95944039083838,191.24278262546906,180.58548504236487,190.94579761676428,180.47989051185908,191.06553564991836,180.85635337083534,191.57450690165317,181.23030871930885,191.50758819194218,180.89725361287674,191.39725992610249,180.98072692675862,191.27752189294839,180.62638528440627,190.95520738407868,180.46027680573792,191.06553564991839,180.8759670769565,191.45476886849906,180.93982668471722,191.07494541723278,180.41770373389744,190.97112711692921,180.68857206236791,191.48225869177728,181.39809002777628,191.74234410988944,180.8759670769565,191.32309177219042,181.25159525522906,191.85992181993024,181.06336209154509,191.32309177219042,181.06420024064047,191.5122778108956,180.6894067430716,190.98269720735692,180.66812367554303,191.07278509411947,180.45943865664253,190.98994665155803,180.68941021146327,191.07494541723275,180.66812020715136,191.33503083534498,180.87680522605186,191.32309177219039,181.2507571061337,191.68736446333301,180.48156334165813,190.88791970164087,181.47989051185908,192.03753776820776,180.2098568640923,190.45274763109134,181.58548851075653,192.04006706404783,179.50033543029227,191.28764508866507,185.0020203994622,185.73741602995688,187.38232641855836,185.53820786635015
196.15884037563083,195.04210511782,194.96765017282161,197.86868220738714,191.87763290316798,201.66216198783582,190.09342895255952,201.12556796115723,190.04645416565012,201.17849846308999,190.21316698571363,200.86420863037574,189.86053690145005,201.35030834782717,190.44718342499587,200.91713913230848,189.8385067051978,201.15489789791744,190.02716107922427,200.53360723984048,189.63922953339494,201.15489789791741,190.22643825102713,200.86420863037577,189.93951384601243,201.26075890178282,190.25787821459375,200.90082757448738,189.80641590525551,200.84060806520321,189.78108640509058,200.75834762651036,189.96089320588896,201.12556796115726,190.17898991232065,201.08894901704565,190.06255118307928,200.89353856713592,189.73693737029683,200.65248662264494,189.67331796449861,200.70541712457765,189.85667540345094,201.08894901704565,190.29261748207307,201.23142896502267,190.17898991232065,201.23142896502267,190.29261748207307,201.17849846308997,190.05925187916654,200.94646906906863,189.85997470736365,200.84789707255467,189.99233316945561,201.03601851511294,189.94497347303843,200.66879818046604,189.59442966222551,200.74203606868926,189.92615393840961,201.19481002091106,190.55486322329855,201.45616935169255,190.08458137933147,201.00668857835282,190.31143701670189,201.40323884975984,190.11602134289811,201.00668857835282,190.27999705313528,201.26075890178282,189.9173950074709,200.81127812844309,190.03657084653867,200.98308801318021,189.78099776280126,200.75834762651039,189.86873363830242,200.75834762651036,189.78099776280123,200.98308801318026,190.03657084653867,201.0596190802855,190.47918558264882,201.43256878652002,189.6740574431636,200.66306880887845,190.81025902245727,201.86573800203863,189.3650141996074,200.17696909142711,190.97753403660715,202.01394732160321,188.75963678372207,200.93257413318798,194.15784788909991,194.97572360938165,196.90250726293297,195.18289072527725
184.8929778433909,183.77917626195432,183.61733178397714,186.43871594471358,180.96027853993377,190.26126616079472,179.33758301639705,189.61700611578217,179.08548677656074,189.61700611578215,179.33758301639708,189.44191946334482,179.10677331248095,189.87709153389437,179.50369149506542,189.34967125346893,178.9406648338126,189.65643500221495,179.17063638863334,188.96768747908931,178.58548851075656,189.47918802666425,179.31713116118053,189.45132923065918,179.14851170361771,189.69984455834367,179.25327155341984,189.32218143019068,178.92021644698772,189.35220054930909,178.92021644698772,189.20244339703657,178.98240322494937,189.49726808262804,179.16979823953795,189.41442964006654,179.00368976086961,189.29469160691247,178.89892991106751,189.29469160691247,179.00368976086961,189.29469160691247,178.89892991106751,189.40501987275218,179.25327155341984,189.70200488145693,179.37847979004678,189.81233314729664,179.50285334597007,189.81233314729664,179.37847979004678,189.70200488145693,179.25327155341984,189.52475790590628,179.16979823953795,189.49726808262807,178.98240322494937,189.2024433970366,178.92021644698772,189.4719385824632,179.19108477545819,189.64449593906039,179.50285334597007,189.81958259149778,179.16979823953798,189.44191946334479,179.27455808934008,189.6745150581788,179.0863249256561,189.44191946334479,179.35803140322193,189.69984455834373,179.04375185381562,189.43250969603039,179.37931793914217,189.75951382385358,179.19024662636284,189.49001863842693,179.17063638863334,189.40501987275218,178.98156507585401,189.4972680826281,179.17063638863334,189.56165749649892,179.54458826871516,189.84960171061613,178.79500821036078,189.22740392447463,179.98240322494937,190.3516924908767,178.48240149075352,188.69057387673473,180.10761492996801,190.55679826243238,178.00284814338255,189.32363433725772,182.83758821898459,183.69127719796791,185.71315571316705,184.2783599325704
195.9351926305828,194.65759159345686,194.36000907192053,197.24253873466429,191.41061983370602,201.31368940371559,189.8289923588132,200.777095377037,189.67168930606405,200.83002587896976,189.94873039196733,200.65821599423253,189.71583834085783,201.05476626563964,189.98017035553394,200.38054510562995,189.39682313590083,200.85935581572991,189.85713301846712,200.23806515765295,189.19754596409794,200.67123437317161,189.87916321471931,200.56866654818825,189.58282904239022,200.72416487510432,189.70586637945706,200.46280554432283,189.51664981134425,200.5816849271273,189.54197931150921,200.40987504239013,189.56079884613803,200.63461542906001,189.61756830986957,200.35694454045742,189.27322360474764,200.30401403852471,189.49783027671543,200.68754593099271,189.89252312232213,200.68754593099271,189.49783027671543,200.44649398650174,189.59553811361735,200.68754593099271,189.79481528542024,200.83002587896974,189.91785262248706,200.83002587896974,189.79481528542024,200.83002587896974,189.91785262248706,200.88295638090244,189.91455331857435,200.77709537703703,189.58612834630293,200.55235499036715,189.83896432021399,201.01814732152801,189.9587023533681,200.74776544027688,189.81619464529678,200.77709537703703,189.59223880970461,200.51573604625554,189.75001541425081,200.72416487510429,189.53868000759647,200.56866654818825,189.92331224951306,200.86664482308132,189.59544947132804,200.65821599423256,190.06911926149712,201.10769676757229,189.93112388780054,200.88295638090244,189.99353026313676,200.83002587896971,189.71913764477054,200.72416487510435,189.66180598695263,200.56866654818822,189.89243448003279,200.84304425790879,189.23237387386663,200.36752672669093,190.64023096170013,201.5701959198511,188.9233306303104,199.64037506474861,190.51052096714523,201.57592529143866,188.29262371426015,200.29011910264407,193.4766882534947,194.44815213317273,196.65186808994108,195.14500950278941
185.47103987553788,184.17936700501164,183.79473338436665,186.37912072886675,180.77204190785812,190.14811214283972,179.35635510503118,189.79142733921745,179.35551348754413,189.91116537237164,179.62722343350165,189.7614082200991,179.41770026550577,190.09566179212342,179.56503665554001,189.38158476883282,179.02162370040836,189.96651399165492,179.66895835624675,189.5335022442186,179.08548330816905,189.874265781779,179.60509874848606,189.64167018694502,179.16895662205093,189.68109907337779,179.29333017797418,189.53134192110531,179.23114340001254,189.70642857354272,179.27204364205394,189.53134192110534,179.25242993593278,189.68109907337777,179.20985686409233,189.29186585479712,178.77288005695348,189.29186585479709,179.20985686409233,189.91116537237161,179.77288005695348,189.91116537237158,179.20985686409233,189.41160388795123,179.04374838542395,189.50385209782709,179.20985686409233,189.62359013098123,179.31461671389442,189.6235901309812,179.20985686409233,189.73391839682094,179.56419850644465,190.03090340552569,179.68940674307163,189.91116537237161,179.29333017797418,189.76140822009916,179.75159352103324,190.32572809111721,179.75159352103324,189.76140822009916,179.29333017797418,189.68109907337777,179.16895662205093,189.53134192110534,179.35551695593583,189.70642857354269,179.14767008613069,189.65107995425944,179.64767182032651,190.00341358224748,179.33506510071928,189.77081798741358,179.73114513420839,190.14848111556651,179.5633603573493,189.97339446312918,179.75243167012863,190.03090340552569,179.50117357938765,189.79142733921753,179.21069501318769,189.43909371122942,179.31377856479904,189.73644769266107,178.85635337083536,189.44597418270371,180.29333017797418,190.5955922492706,178.58464689326951,188.62156889357351,179.91937829789237,190.36805524611688,177.83422521742807,189.216990284839,182.83507377169849,183.7705795264344,185.82891326026052,184.35402128959441
196.57265562251635,195.23653393583447,194.88706037961927,197.49087968650673,191.35311089130954,201.17849846308999,189.73674414893733,200.88295638090241,189.91116537237232,201.0783668308122,190.17879669096118,200.90655694607497,189.95531440716607,201.30310721748205,190.21023665452779,200.62888605747239,189.63629920220907,201.19724621361664,190.28977579317657,200.81700750003066,189.82625524898685,201.25017671554934,190.31180598942879,200.85362644414226,189.70256707554435,200.83002587896974,189.8256044126112,200.65821599423253,189.74671611033813,200.83002587896974,189.78145537781745,200.65821599423256,189.79086514513187,200.88295638090244,189.85704437617781,200.60528549229986,189.50328990374149,200.55235499036715,189.7373063430237,200.93588688283515,190.12258942131598,200.93588688283515,189.7373063430237,200.60528549229986,189.6230279368956,200.60528549229986,189.64505813314781,200.65821599423256,189.7427659700497,200.65821599423256,189.64505813314781,200.80069594220959,190.06508047891941,201.18422783467759,190.2643576507223,201.07836683081217,189.8256044126112,200.85362644414229,190.18876865236194,201.35603771941476,190.18876865236194,200.85362644414229,189.8256044126112,200.83002587896974,189.70256707554438,200.71114649616527,189.98949148055905,200.91957532501402,189.64900827343624,200.71114649616527,190.13529849254311,201.160627269505,189.89243448003285,200.85362644414229,190.1219385849403,201.02543632887944,189.75603723536318,200.85362644414229,190.16608761973407,201.13129733274485,190.04361247675357,200.88295638090244,189.60429704455612,200.43347560756266,189.80018627015696,200.9489052617742,189.47184994017488,200.61586767853336,190.87029726069397,201.81853687169354,189.16280669661865,199.79916657054673,190.5380107904235,201.53028379685742,188.22570500454924,200.30643066046514,193.58050655379833,194.5540131370382,196.65865870195822,195.01652956564664
186.03410062503002,184.84052832155271,184.61733178397711,187.00050651989159,181.02246531789538,190.20375721839824,179.33758301639705,189.94873039196634,179.62722343350165,190.17879669096016,179.85803313741775,190.00371003852277,179.64850996942189,190.43888210907235,180.02414161608613,189.91146182864688,179.48240149075352,190.32855384323267,179.94066830220424,189.93679132881181,179.6067750466768,190.44829187638672,180.08716307475146,190.00371003852274,179.41938003208818,189.93932062465197,179.52413988189028,189.76423397221458,179.44066656800842,189.91399112448704,179.46195310392866,189.76423397221456,179.50285334597007,190.05905865780605,179.7115348964789,189.97622021524455,179.52413988189031,189.85648218209045,179.44066656800842,189.85648218209045,179.52413988189031,189.85648218209045,179.44066656800842,189.85648218209045,179.52413988189031,189.85648218209045,179.44066656800842,189.85648218209045,179.52413988189031,189.85648218209045,179.44066656800842,189.97622021524455,179.79500821036078,190.29853472411426,179.96111668902913,190.17879669096016,179.52413988189031,189.88397200536866,179.7115348964789,190.23630563335675,179.7115348964789,189.88397200536866,179.52413988189031,189.93932062465194,179.41938003208818,189.88397200536869,179.81629474628099,190.11656760020264,179.3359067182063,189.67198576233869,179.6288997316924,190.11656760020264,179.52330173279492,189.8745622380543,179.69108650965401,189.91399112448701,179.21153316228305,189.76423397221456,179.75327328761566,190.17879669096016,179.73198328330375,189.94873039196639,179.23282316659495,189.50414855410239,179.54458826871516,190.18132598680035,179.33674486730169,189.78919449965261,180.50285334597007,190.91348306605465,179.02413814769446,189.142036186073,180.37848325843848,190.70186579575144,178.04374838542395,189.45278213772627,183.08884284133387,184.02300147415204,186.01304751507308,184.44471400180967
196.06480725643038,194.96714992889758,194.949317230471,197.59674069037214,191.29560194891289,200.95375807642012,189.44191946334581,200.65821599423253,189.76140822009981,200.90655694607503,190.00371003852374,200.68181655940509,189.68581922173948,201.07836683081217,190.12739821196627,200.64519761529348,189.66378902548723,201.02543632887947,189.93744216518846,200.40414567080251,189.46451185368434,200.93588688283515,190.02639107115164,200.5393366114281,189.43307189011773,200.60528549229986,189.65051776017378,200.48640610949539,189.59695895806561,200.65821599423256,189.60636872538001,200.43347560756268,189.52136995970525,200.65821599423256,189.77420593361629,200.76407699809798,189.85309423588936,200.71114649616527,189.56221969058629,200.38054510562998,189.35353275146898,200.38054510562998,189.56221969058629,200.71114649616527,189.85309423588936,200.71114649616527,189.65446790046218,200.65821599423256,189.73335620273525,200.65821599423256,189.65446790046218,200.71114649616527,189.85309423588936,200.85362644414229,189.884534199456,200.71114649616527,189.53077972701965,200.48640610949539,189.71669699121972,200.80069594220959,189.71669699121972,200.5393366114281,189.65051776017376,200.60528549229986,189.43307189011779,200.48640610949539,189.9066530379975,200.8463374367908,189.47392162099879,200.29828466693712,189.59630812168993,200.60528549229983,189.39503331872569,200.39685666345108,189.74211513367399,200.60528549229983,189.34147451661752,200.48640610949542,189.90600220162185,200.90655694607497,189.85911605700173,200.65821599423256,189.34421162644389,200.26166572282548,189.82767609343512,201.05476626563961,189.49933976345304,200.39112729186348,190.49047380942767,201.54086598309095,189.07055848674273,199.85209707247944,190.65774882357755,201.54659535467852,188.14286656198769,200.1712397198396,193.42133963421142,194.41882219641258,196.57582025939669,194.97991062153508
184.76279684060864,183.87090312702094,184.04421696435216,186.71084500505086,180.83422868581977,189.98027493460344,179.10677331248095,189.71583834085706,179.41770026550577,189.95531440716536,179.64850996942189,189.68581922173871,179.20901871499694,189.92782458388714,179.58632319146025,189.60298077917724,179.29249202887883,190.01066302644864,179.48156334165816,189.28066627030753,178.87680175766022,189.6883485175789,179.37680349185607,189.36350471286903,178.9602750715421,189.60551007501741,179.31461671389442,189.57549095589906,179.29333017797418,189.75057760833644,179.29333017797418,189.45575292274495,179.04374838542395,189.51326186514152,179.23114340001257,189.74332816413533,179.56419850644465,189.8355763740112,179.23114340001257,189.33601488959084,178.83506683491512,189.33601488959081,179.23114340001257,189.83557637401123,179.56419850644465,189.74332816413531,179.23114340001257,189.62359013098123,179.29333017797418,189.6235901309812,179.23114340001257,189.62359013098123,179.29333017797418,189.6235901309812,179.23114340001257,189.51326186514152,179.04374838542395,189.45575292274495,179.29333017797418,189.75057760833644,179.29333017797418,189.57549095589906,179.31461671389442,189.60551007501741,178.9602750715421,189.36350471286906,179.37680349185607,189.81749631804738,179.16895662205093,189.39824398034841,179.23030871930885,189.5205113093426,178.83590151561881,189.26258621434377,179.27288179114933,189.63083957518231,179.04291023632859,189.57549095589908,179.56503665554004,189.9553144071653,179.50117357938765,189.71583834085715,179.0232999985991,189.39099453614725,179.58464689326951,190.1604201787211,179.12722169930584,189.27813697446743,179.83506683491512,190.30801700788021,178.58464689326951,188.83355513660351,180.19024662636284,190.49720304658538,177.85551175334831,189.25172955231832,182.87597401373989,183.80531879391373,185.85019979618076,184.36343105690881
195.63933050752684,194.68862038994527,194.85948713794579,197.76855057510932,191.65734534421543,201.40323884975987,189.8770915338954,201.05476626563959,190.09566179212413,201.30310721748208,190.43888210907332,201.07836683081214,189.92782458388788,201.19724621361664,190.18274683124957,200.85362644414226,190.01612265347538,201.47491710221922,190.38202400305246,200.76407699809795,189.70651721583278,201.14431571168393,190.19206795627468,200.80069594220959,189.79481528542027,201.10769676757232,190.20542786387747,201.07836683081217,190.16127882908373,201.25017671554934,190.16127882908373,200.88295638090244,189.76337532185366,200.72416487510432,189.70981651974552,200.83002587896974,190.09509959803779,201.16062726950503,190.11712979429001,200.91957532501405,189.79811458933301,200.83002587896974,190.0068015284503,201.16062726950503,190.2054278638775,201.02543632887947,189.94929258605373,201.02543632887947,190.11317965400161,201.02543632887947,189.94929258605373,200.88295638090244,189.88311335500779,200.83002587896974,189.82955455289962,200.77709537703703,189.76337532185366,200.88295638090244,190.16127882908373,201.25017671554934,190.16127882908373,201.07836683081217,190.20542786387747,201.05476626563961,189.67507725226616,200.60528549229986,189.96200165728084,201.1443157116839,190.02883172470251,200.98881738476786,190.227546702419,201.00183576370688,189.53322038057053,200.55235499036715,189.98412049582237,201.05476626563959,189.89638462032127,201.02543632887949,190.35058403948585,201.30310721748202,190.18395986171163,201.05476626563961,189.7887934643079,200.85362644414226,190.50232423029294,201.64672698695639,189.85167339144115,200.51000667466795,190.43549416287127,201.5172654179184,189.1005776058611,199.9709764552839,190.83283547601499,201.80795468546,188.4952001899758,200.62072049317933,193.86592147207543,194.77875352370808,196.85444456565668,195.23455894883369
185.07159796198547,184.11819768374403,184.20543888643232,186.95635748509793,181.23114686840421,190.44718342499496,179.50369149506542,189.98017035553298,179.56503665554001,190.21023665452688,180.02414161608613,190.1273982119653,179.58632319146025,190.18274683124866,179.73198675169542,189.85790302653874,179.66979650534211,190.57198004982934,180.12806331679286,189.97764105969287,179.54458826871516,190.39473307427863,180.04459000291098,190.06988926956876,179.62806158259701,190.30248486440274,179.96111668902913,190.23772647780504,179.89892991106748,190.38748363007753,179.89892991106748,190.00766017881125,179.44066656800842,189.68318534682822,179.14851170361771,189.60034690426676,179.46195310392866,190.09990838868711,179.87764337514724,190.21023665452685,179.7115348964789,190.00766017881122,179.62806158259701,190.09990838868714,179.7115348964789,190.04239944629055,179.69024836055866,190.25438568932057,179.98240322494937,190.25438568932054,179.69024836055866,189.93207118045086,179.46195310392866,189.81233314729673,179.41938003208818,189.80292337998236,179.44066656800842,190.00766017881122,179.89892991106748,190.38748363007753,179.89892991106748,190.23772647780507,179.96111668902913,190.18274683124861,179.35719325412654,189.62783672754497,179.52413988189028,190.17333706393421,179.77288352534515,190.21239697764014,180.04626283271006,190.14800756376928,179.20986033248397,189.60901719291618,179.6288997316924,190.15741733108365,179.64850996942189,190.11798844465099,179.94066830220424,190.2102366545268,179.64850996942189,189.98017035553306,179.42021818118354,189.97764105969287,180.25243340432445,190.74706670226669,179.52413988189028,189.53305922182892,179.96111668902913,190.42728148923709,178.69108304126235,188.97814911812523,180.35719672251824,190.76804502679741,178.23114340001254,189.69620834432303,183.27623785592246,184.06385120503307,185.94145096979705,184.37927843109571
195.77268133467047,194.63654853836229,194.56008401189032,197.31906980176956,191.21276350635142,200.91713913230851,189.34967125346992,200.38054510562995,189.38158476883356,200.62888605747241,189.91146182864784,200.64519761529348,189.60298077917798,200.85362644414229,189.8579030265397,200.51000667466792,189.69127884876548,201.13129733274488,190.05718019834256,200.51000667466792,189.58424988683848,201.13129733274488,190.25645737014545,200.78767756327053,189.67254795642597,200.85362644414229,189.88058405916757,200.73474706133783,189.83643502437386,200.906556946075,189.83643502437383,200.5922671133608,189.55826955029787,200.43347560756268,189.29272450515973,200.1558047189601,189.27069430890751,200.48640610949539,189.79228598958008,200.86993800196339,189.889993826482,200.68181655940512,189.61503901402941,200.62888605747241,189.678007583452,200.62888605747241,189.7072872239053,200.81700750003068,189.94750276887856,200.81700750003068,189.70728722390533,200.57595555553971,189.55826955029789,200.48640610949539,189.50471074818972,200.43347560756268,189.43853151714376,200.5393366114281,189.83643502437386,200.906556946075,189.83643502437383,200.73474706133783,189.88058405916757,200.71114649616524,189.35023344755626,200.26166572282551,189.63715785257097,200.80069594220956,189.70398791999261,200.64519761529351,189.90270289770913,200.65821599423253,189.20837657586063,200.20873522089281,189.6592766911125,200.71114649616524,189.57154081561137,200.5393366114281,189.70342572590624,200.48640610949536,189.35955457258135,200.38054510562998,189.37170144972211,200.56293717660063,190.29721845873715,201.35603771941476,189.52682958673125,200.1663869051936,190.11065035816139,201.17364564844405,188.77573380115123,199.62735668580956,190.50799167130509,201.46433491598563,188.1703563852659,200.1875512776607,193.33850119164995,194.14115130780999,196.09703759477171,194.44673275528416
185.36538944526319,184.1859204902851,183.97655998291768,186.46741879845422,180.64683367123115,189.83850670519709,178.9406648338126,189.39682313590004,179.02162370040836,189.63629920220833,179.48240149075355,189.66378902548647,179.29249202887883,190.01612265347461,179.66979650534213,189.69127884876471,179.37596534276068,190.09896109603611,179.56503665554004,189.47929260573471,179.20985686409233,190.18395986171086,179.93982668471722,189.85911605700099,179.29333017797418,189.80413641044458,179.39809002777631,189.66378902548649,179.37680349185607,189.83887567792388,179.37680349185607,189.66378902548652,179.39809002777631,189.81354617775898,179.31461671389442,189.42431295917831,178.91854014879701,189.42431295917828,179.31461671389442,189.93328421091309,179.66895835624678,189.8663655012021,179.35551695593583,189.74662746804802,179.39809002777631,189.71188820056867,179.29333017797418,189.67714893308937,179.33590324981466,189.67714893308934,179.29333017797418,189.7024784332543,179.37680349185607,189.71188820056867,179.31461671389442,189.60155993472898,179.12722169930584,189.54405099233242,179.37680349185607,189.83887567792391,179.37680349185607,189.66378902548652,179.39809002777631,189.69380814460484,179.04374838542395,189.45180278245653,179.46027680573792,189.90579438763484,179.25242993593281,189.48654204993585,179.31378203319073,189.60880937893006,178.9193748295007,189.35088428393124,179.35635510503118,189.71913764476977,179.12638355021045,189.43372272649273,179.12805984840119,189.31398469333854,178.85551522174001,189.39682313590012,179.10677331248095,189.69127884876471,179.93898853562186,190.36845628146264,179.21069501318769,189.36643504405487,179.91854014879701,190.39631507746768,178.66812020715139,188.92185320619097,180.27371994024472,190.58550111617282,177.93898506723016,189.22969935606608,182.70986553507151,183.47689382164231,185.33191819663779,183.77197156052804
196.43930479537272,195.19905634137328,194.98388702995896,197.6097590693112,191.40845951059282,201.15489789791744,189.65643500221597,200.85935581572986,189.96651399165563,201.19724621361667,190.32855384323361,201.02543632887944,190.01066302644938,201.47491710221922,190.57198004983024,201.13129733274485,190.09896109603687,201.36905609835381,190.15195770405865,200.65821599423253,189.78935565839427,201.42198660028652,190.58130117485533,201.13129733274488,189.99739176113587,201.19724621361664,190.20542786387747,201.07836683081217,190.16127882908373,201.19724621361664,190.04154079592962,200.97250582694676,190.17793804059926,201.38536765617491,190.38662497971654,201.10769676757232,189.89036279920887,200.86664482308132,189.99739176113587,201.25017671554934,190.41741410690747,201.30310721748202,190.20937800416587,201.25017671554934,190.29767607375337,201.160627269505,190.00680152845027,200.86664482308134,189.78870482201859,200.777095377037,189.89647326261056,201.10769676757232,190.28826630643897,201.25017671554932,190.21878777148027,201.10769676757232,189.96595179756926,200.97250582694676,190.16127882908373,201.19724621361661,190.04154079592962,200.88295638090244,189.97536156488366,201.00183576370691,189.87765372798177,201.02543632887947,190.46156314170122,201.38536765617488,189.9185034588628,200.69483493834417,189.9211519263998,200.94890526177417,189.71987712343559,200.79340693485813,190.18669697153797,201.1443157116839,189.89638462032127,200.83002587896974,189.90853149746201,200.777095377037,189.77664658716714,201.00183576370691,190.07636870569829,201.13129733274485,190.59457244016883,201.59379648502369,189.82418356816294,200.73474706133783,190.81531761413754,201.937416254498,189.51514032460673,200.39112729186351,191.21265892728127,202.08562557406259,188.5874483998517,200.51485948931395,193.62644540576721,194.53041257186561,196.57144776473015,194.91941046576986
185.53715845065008,184.40862920717538,184.25358037431039,186.74832138235638,180.85551869013165,190.02716107922339,179.17063638863331,189.85713301846619,179.66895835624675,190.28977579317569,179.94066830220424,189.93744216518755,179.48156334165813,190.38202400305158,180.12806331679286,190.05718019834165,179.56503665554001,190.15195770405776,179.52413988189028,189.44729044808159,179.19024662636281,190.18669697153706,179.96111668902913,189.9815911999813,179.54458826871516,190.21418679481528,179.87764337514724,190.1494284082176,179.81545659718563,190.17944752733595,179.54458826871516,189.8177041320335,179.60677504667677,190.28977579317564,180.00285161177422,190.20693735061417,179.62806158259701,189.90995234190936,179.52330173279492,190.11252881762499,179.87764337514724,190.20693735061414,179.75326981922399,190.20693735061417,179.87764337514724,190.13134835225378,179.5658748046354,189.74936457787422,179.18941194565912,189.54678810215862,179.31629301208517,190.02102008641407,179.87764337514724,190.24167661809349,179.81545659718563,190.12193858493939,179.6067750466768,190.02969037506347,179.81545659718563,190.17944752733595,179.54458826871516,189.70737586619379,179.35719325412654,189.88246251863114,179.52330173279492,190.1494284082176,180.16979823953795,190.38202400305153,179.43982841891304,189.6151276563179,179.46195310392866,189.93997146102771,179.35635510503118,189.8177041320335,179.79500821036075,190.1794475273359,179.56503665554001,189.90995234190939,179.58632665985192,189.90995234190933,179.56503665554001,190.17944752733598,179.79500821036075,190.05718019834168,179.89809176197213,190.23479614661923,179.16979823953795,189.61259836047776,180.3359067182063,190.85662496003383,179.12805984840119,189.40749258892205,180.73198675169542,190.96732219860033,178.14767008613066,189.38651426439125,182.9006096776499,183.83048560212657,185.81954441516521,184.25781705698216
195.73336362672728,194.62109563089084,194.55550557142649,197.22952035572524,190.9754477631565,200.53360723984053,188.96768747909036,200.23806515765293,189.53350224421931,200.81700750003071,189.9367913288128,200.40414567080251,189.28066627030827,200.76407699809798,189.97764105969381,200.51000667466792,189.47929260573548,200.65821599423256,189.44729044808247,199.94737589011129,189.16968716809288,200.80069594220959,189.98696218471889,200.51000667466792,189.46997148071037,200.76407699809798,189.8805840591676,200.73474706133783,189.83643502437386,200.76407699809798,189.51412051550415,200.26166572282551,189.38102257474719,200.57595555553968,189.70003777970419,200.5922671133608,189.60241858509161,200.53933661142807,189.58029974655008,200.62888605747241,189.71274685093132,200.53933661142807,189.46997148071037,200.48640610949539,189.59300881777722,200.48640610949539,189.46997148071037,200.34392616151837,189.27069430890751,200.15580471896007,189.2927245051597,200.48640610949536,189.67800758345197,200.5922671133608,189.62444878134383,200.57595555553971,189.54885978298347,200.59226711336078,189.84584479168825,200.76407699809798,189.50471074818975,200.20873522089281,189.27069430890748,200.38054510562995,189.46056171339598,200.64519761529351,190.05388089442985,200.85362644414226,189.40700291128783,200.31459622475822,189.7001264219935,200.71114649616524,189.43844287485445,200.40414567080254,189.7790147242666,200.76407699809795,189.57154081561137,200.48640610949539,189.58368769275214,200.48640610949536,189.57154081561137,200.76407699809801,189.7790147242666,200.51000667466792,189.67791894116266,200.55235499036715,188.91693983647116,199.97097645528387,190.18623935652178,201.22657615037676,188.81988283594495,199.68028718774227,190.58358066966548,201.46433491598563,188.00251917702965,199.90988038905812,193.12651494861993,194.14115130780999,196.21677562792581,194.49966325721689
185.11181519962858,184.10884835292765,184.11034330615533,186.65737484523197,180.71069327899187,189.63922953339414,178.58548851075656,189.19754596409712,179.08548330816905,189.82625524898609,179.6067750466768,189.46451185368355,178.87680175766022,189.70651721583198,179.54458826871516,189.58424988683768,179.20985686409233,189.78935565839348,179.19024662636284,189.16968716809208,179.04374838542395,190.07693089978383,179.81461844809027,189.65983888519807,179.12722169930584,189.78210621419234,179.48156334165816,189.75208709507399,179.46027680573792,189.81684548167166,179.21069501318769,189.35418358784389,179.0232999985991,189.52927024028128,179.18940847726748,189.55676006355949,179.29416832706957,189.73400703911017,179.39809002777631,189.73400703911017,179.29416832706957,189.43702203040536,178.91854014879701,189.31728399725128,179.0232999985991,189.39287299561164,179.1059351633856,189.54479047099741,179.19108130706653,189.47787176128642,179.146835405427,189.59544947132727,179.23198154910793,189.52202079608017,179.18940847726748,189.60485923864167,179.21069501318769,189.64175882923428,179.48156334165816,189.81684548167166,179.18940847726745,189.3447738205295,179.0232999985991,189.49453097280195,179.12722169930584,189.64175882923428,179.56503665554004,189.81684548167163,179.1059351633856,189.58424988683771,179.64850996942189,190.02883172470163,179.29333017797418,189.58424988683774,179.46111495483331,189.81684548167163,179.20985686409233,189.5220207960802,179.21153316228308,189.52202079608014,179.20985686409233,189.81684548167169,179.46111495483331,189.58424988683768,179.29333017797418,189.55928935939966,178.58632319146028,189.02933978313405,179.73114513420839,190.08670963982505,178.31461671389442,188.61224776854834,180.0863249256561,190.47847215424579,177.83506336652346,189.15956998473166,182.81462538487361,183.8025076344247,185.72469307974009,184.01317096779567
196.26663626028591,195.14612583944057,195.07613523983485,197.79788051186947,191.58570648614349,201.15489789791744,189.4791880266653,200.67123437317159,189.87426578177971,201.25017671554937,190.44829187638771,200.93588688283512,189.68834851757964,201.14431571168393,190.39473307427957,201.13129733274485,190.18395986171163,201.42198660028652,190.18669697153797,200.80069594220956,190.07693089978466,201.75258799082181,190.79328741788535,201.13129733274488,189.87765372798177,201.14431571168393,190.20542786387747,201.07836683081217,190.16127882908373,201.19724621361661,190.04154079592962,200.88295638090244,189.97536156488366,201.05476626563961,189.99739176113587,200.97250582694676,190.12983886551709,201.25017671554934,190.28496700252626,201.16062726950503,190.0195105996774,200.77709537703703,189.66566748495177,200.72416487510432,189.80752435664741,200.77709537703703,189.87765372798177,201.05476626563961,190.18734780791365,201.16062726950503,190.20937800416587,201.19724621361664,190.08568983072337,200.97250582694676,190.04154079592959,201.10769676757232,190.05095056324404,201.02543632887947,190.19601809656305,201.19724621361661,190.0068015284503,200.88295638090244,190.01010083236298,201.05476626563961,189.96265249365655,201.02543632887947,190.28431616615055,201.19724621361661,189.9185034588628,201.07836683081217,190.54045144397429,201.47491710221919,190.0421916323053,200.93588688283518,190.18669697153797,201.1443157116839,189.89638462032124,200.83002587896974,189.90853149746201,200.83002587896971,189.89638462032124,201.19724621361664,190.30643500469208,201.13129733274485,190.27225793129909,201.17364564844408,189.53660832677255,200.5393366114281,190.56859210362822,201.46433491598569,188.93998984182596,199.9180459533512,190.96593341677195,202.08562557406259,188.74192570048513,200.76320044115636,194.03375868031168,195.05642441231063,197.01350030675397,195.11482091567962
185.40012633466009,184.27371510150286,184.11979705107271,186.7356123111293,181.00034063287978,190.22643825102628,179.31713116118053,189.87916321471843,179.60509874848606,190.31180598942794,180.08716307475146,190.02639107115075,179.37680349185604,190.19206795627383,180.04459000291098,190.25645737014457,179.93982668471722,190.58130117485447,179.96111668902913,189.98696218471801,179.81461844809024,190.79328741788447,180.35719325412654,190.08862016190832,179.43982841891304,190.11647895791342,179.79417006126539,190.06113033863011,179.73198328330375,190.20147772358817,179.71069674738351,190.01698130383639,179.73198328330375,190.16673845610885,179.64850996942189,190.01698130383642,179.79417006126539,190.31180598942788,179.89809176197213,190.10922951371231,179.54458826871516,189.78691500484257,179.37764164095142,189.87916321471849,179.54458826871516,189.83106403963629,179.46111495483331,190.05897001551682,179.83507030330679,190.2731165816601,179.96195136973284,190.33062552405667,179.77288352534515,190.05172057131571,179.73198328330375,190.21088749090256,179.73198328330375,190.05172057131571,179.77288352534515,190.20147772358817,179.66979650534211,190.02639107115078,179.79417006126539,190.20147772358817,179.64850996942189,190.05172057131574,179.85635683922703,190.20147772358817,179.58632319146025,190.13671933699052,180.12722516769747,190.36931493182445,179.50284987757837,189.81440482812081,179.69024836055866,190.08173969043406,179.48156334165816,189.82165427232195,179.50285334597007,189.82165427232187,179.48156334165816,190.2014777235882,179.96111668902913,190.25645737014457,180.02329999859907,190.34182510854626,179.33590671820633,189.69213749912655,180.19024662636281,190.43660261426226,178.56503665554001,188.98747024315048,180.58632665985192,191.16659937040325,178.58464689326951,189.9261860010277,183.52498149937733,184.44648581578841,186.21808798155405,184.36642198186246
195.56069509164047,194.33613573493676,194.1228627967171,196.93553790930156,190.99136749600703,200.8642086303758,189.45132923066021,200.56866654818822,189.64167018694573,200.85362644414229,190.00371003852376,200.53933661142807,189.36350471286977,200.74776544027688,189.95015123641559,200.64519761529348,189.74878779116204,201.07836683081217,189.97218143266781,200.51000667466792,189.66924865251326,201.13129733274488,190.07921039459481,200.45707617273521,189.35023344755629,200.71114649616524,189.8805840591676,200.73474706133783,189.83643502437386,200.85362644414226,189.71669699121972,200.5393366114281,189.65051776017378,200.71114649616527,189.672547956426,200.62888605747241,189.80499506080722,200.81700750003066,189.75754672210076,200.57595555553971,189.50801005210246,200.43347560756266,189.52748042310694,200.62159705012095,189.68525702765314,200.48640610949536,189.46997148071037,200.57595555553971,189.70333708361693,200.68181655940512,189.8016957568945,200.81700750003068,189.7608460260135,200.62888605747241,189.71669699121972,200.76407699809798,189.72610675853414,200.68181655940512,189.87117429185318,200.85362644414226,189.6819577237404,200.5922671133608,189.80499506080722,200.85362644414226,189.74813695478636,200.68181655940512,189.84914409560096,200.71114649616524,189.47392162099882,200.5922671133608,190.01303116354882,200.80069594220956,189.32811460901476,200.26166572282551,189.6592766911125,200.71114649616524,189.5715408156114,200.48640610949539,189.58368769275214,200.48640610949536,189.5715408156114,200.85362644414229,189.9815911999822,200.78767756327051,189.94741412658925,200.83002587896974,189.21176452206268,200.19571684195375,190.24374829891835,201.12071514651134,188.61514603711606,199.57442618387685,190.64108961206205,201.74200580458825,188.41708189577525,200.38296172757043,193.62607643304031,194.61423264632234,196.53909013679555,194.64214320519389
184.85824095399403,183.69138165073673,183.47409471582205,186.16111266472427,180.58548504236489,189.93951384601164,179.14851170361774,189.58282904238936,179.16895662205093,189.70256707554356,179.41938003208821,189.43307189011691,178.9602750715421,189.67507725226534,179.35719325412657,189.35023344755544,179.04374838542395,189.87765372798094,179.52330173279492,189.46997148070955,179.14850823522607,189.87765372798094,179.41854188299283,189.34082368024107,178.96111322063746,189.76007601794009,179.56503665554001,189.84038516466146,179.5437501196198,189.90514355125913,179.29416832706957,189.44248165743136,179.10677331248098,189.61756830986874,179.27288179114933,189.64505813314696,179.37764164095142,189.71197684285792,179.23198154910793,189.52532009999285,179.14767355452236,189.52532009999283,179.23198154910793,189.70256707554353,179.35635510503118,189.60090909835321,179.21069501318769,189.6678278080642,179.31545486298981,189.60090909835324,179.25159525522909,189.69315730822913,179.31545486298981,189.61031886566764,179.27288179114933,189.69315730822913,179.29416832706957,189.73005689882174,179.56503665554004,189.90514355125913,179.27288179114933,189.55280992327107,179.37764164095142,189.90514355125913,179.46027680573792,189.73005689882174,179.39892817687166,189.58282904238939,178.91854014879698,189.44248165743136,179.48240149075355,189.70981651974461,178.89725361287677,189.26523468188071,179.29500647616493,189.79481528541939,179.29333017797418,189.61031886566767,179.29500647616493,189.61031886566761,179.29333017797418,189.90514355125916,179.54458826871516,189.67254795642515,179.37680349185607,189.64758742898709,178.66979650534213,189.11763785272151,179.81461844809027,190.17500770941251,178.39809002777631,188.70054583813581,180.16979823953795,190.56677022383326,177.91853668040534,189.25727782163349,182.91938523467573,183.9161352041771,185.84659963437196,184.13463234190922
196.1471788736128,194.9580043968823,194.7972302870939,197.57314012519959,191.51227781089636,201.26075890178288,189.69984455834472,200.72416487510429,189.6810990733785,200.83002587896976,189.93932062465294,200.60528549229983,189.60551007501815,200.91228631766262,189.86043232237986,200.32761460369724,189.39682313590086,201.00183576370691,190.17944752733686,200.76407699809798,189.81684548167246,201.14431571168393,190.08173969043497,200.65821599423256,189.67507725226614,201.05476626563961,190.20542786387745,201.07836683081217,190.1612788290837,201.10769676757232,189.83896432021399,200.60528549229986,189.70586637945706,200.91957532501405,190.02488158441409,200.93588688283515,189.92726238980148,200.83002587896971,189.78540551810585,200.83002587896974,189.92726238980148,200.83002587896971,189.78540551810585,200.77709537703703,189.80752435664738,200.77709537703703,189.87765372798177,200.9652168195953,189.98477133219802,200.83002587896974,189.8201447855852,200.86664482308134,189.88311335500774,200.74047643292542,189.71922628705988,200.72416487510432,189.75396555453923,200.88295638090244,190.17068859639812,201.10769676757229,189.82955455289959,200.74776544027688,190.0375906556412,201.25017671554932,190.19271879265034,200.98881738476786,189.9714114245952,200.72416487510429,189.409532207128,200.60528549229986,190.13529849254309,201.05476626563959,189.65295841372463,200.60528549229986,189.98412049582237,201.05476626563959,189.89638462032124,200.88295638090244,190.02826953061611,200.97250582694673,190.00671288616095,201.10769676757232,189.99353026313676,200.71114649616524,189.88302471271842,200.84304425790879,189.24178364118106,200.31459622475822,190.51108316123165,201.5701959198511,189.14472664065482,199.9709764552839,190.78868644122124,201.66547473748298,188.21703471589981,200.34304960457678,193.76426349488511,194.92123347168507,197.09392063196489,195.34041995269914
185.6843968835293,184.60618303801903,184.52607755497689,187.06403728340072,181.16812194134721,190.25787821459295,179.25327155341981,189.70586637945618,179.29333017797418,189.82560441261037,179.52413988189028,189.6505177601729,179.31461671389442,189.97536156488283,179.44066656800842,189.26128454159223,178.91854014879698,189.9753615648828,179.83674313310584,189.88058405916675,179.52246358369956,190.20542786387662,179.75326981922399,189.77025579332704,179.35635510503118,190.02818088832592,179.71069674738351,189.97283226904264,179.64850996942189,190.00285138816099,179.37764164095142,189.64110799285854,179.43982841891307,190.1131796540007,179.83590498401048,190.03034121143924,179.46111495483328,189.72394643542003,179.33506856911094,189.91060317828513,179.69108304126235,189.9106031782851,179.33506856911094,189.61361816958032,179.21153316228305,189.62302793689472,179.35635510503118,189.82560441261032,179.46111495483331,189.74276597004882,179.37764164095142,189.82560441261032,179.43982841891307,189.62302793689472,179.12805984840119,189.50328990374061,179.1689600904426,189.73335620273443,179.64850996942189,190.00285138816099,179.37764164095142,189.76084602601264,179.71069674738351,190.3251658970307,179.83590498401048,189.97283226904267,179.52330173279492,189.70586637945621,179.02329999859907,189.64110799285857,179.79417006126539,190.17068859639727,179.41937656369652,189.72610675853335,179.60677504667677,189.9934416208466,179.39809002777628,189.85309423588859,179.69024836055866,190.05567071160411,179.64767182032651,190.00285138816105,179.37847979004678,189.55826955029704,179.46027680573792,189.93846197429019,179.00285161177422,189.4360022213028,180.1689600904426,190.68002882085889,178.96111322063746,189.11115841659301,180.29417179546121,190.46841155055569,177.73114166581669,189.31083662374169,183.21154009906638,184.36759751351534,186.48678778854679,184.84755321240351
196.06480725643038,194.96714992889756,194.94931723047105,197.59674069037214,191.29560194891292,200.90082757448741,189.3221814301917,200.4628055443228,189.53134192110605,200.65821599423259,189.76423397221555,200.48640610949536,189.5754909558998,200.88295638090247,189.79567393578216,200.20873522089278,189.25647575094277,200.88295638090244,190.11468914073916,200.7347470613378,189.78682636255411,201.07836683081217,190.02639107115166,200.59226711336078,189.55280992327189,200.74776544027688,189.7608460260135,200.5393366114281,189.60636872538004,200.65821599423256,189.59695895806564,200.57595555553971,189.85309423588939,201.04174788670056,190.06178117500667,200.76407699809798,189.565518994499,200.47009455167426,189.55280992327189,200.76407699809798,189.98224203635792,200.76407699809795,189.55280992327189,200.38054510562998,189.3629425187834,200.34392616151837,189.4699714807104,200.523025053607,189.58359905046282,200.48640610949539,189.57162945790068,200.62159705012095,189.64110799285939,200.38054510562998,189.27464444919593,200.23806515765295,189.31879348398965,200.43347560756266,189.71669699121975,200.65821599423256,189.48663069222593,200.5393366114281,189.97283226904349,201.13129733274485,189.96012319781639,200.68181655940512,189.72940606244686,200.60528549229983,189.35418358784472,200.48640610949539,189.98554134027063,200.93588688283512,189.59760979444133,200.48640610949539,189.74211513367399,200.60528549229983,189.34147451661755,200.48640610949539,189.90600220162185,200.90655694607497,189.85911605700178,200.65821599423256,189.34421162644389,200.26166572282548,189.82767609343514,201.05476626563961,189.49933976345307,200.33819678993078,190.37073577627359,201.45131653704664,189.07996825405712,199.85209707247944,190.55609084638726,201.30554341018754,187.85529132059736,200.08169027379529,193.59858660976209,194.7494235869479,196.8981347682664,195.12239056951208
185.11250058210933,184.10524841055468,184.13547119335234,186.64731424154181,180.68857206236794,189.80641590525468,178.92021644698772,189.5166498113434,179.23114340001257,189.7467161103373,179.44066656800842,189.59695895806476,179.29333017797418,190.0415407959288,179.62806158259701,189.51412051550329,179.12722169930584,190.0415407959288,179.79417006126539,189.836435024373,179.48156334165816,190.16127882908287,179.71069674738354,189.7166969912189,179.29416832706957,189.83896432021317,179.37764164095142,189.48663069222508,179.10677331248095,189.66171734466249,179.35635510503118,189.80894520109482,179.64850996942189,190.07844038652135,179.56503665554004,189.68920716794071,179.1689600904426,189.57887890210097,179.31545486298981,189.90119341097071,179.6894102114633,189.90119341097068,179.31545486298981,189.578878902101,179.1689600904426,189.57887890210097,179.31545486298981,189.7814553778166,179.41854188299283,189.68920716794068,179.31545486298981,189.75612587765167,179.37764164095142,189.56946913478657,179.08548677656074,189.45914086894689,179.12805984840119,189.578878902101,179.35635510503118,189.66171734466249,179.10677331248095,189.60636872537921,179.64850996942189,190.16127882908285,179.5437501196198,189.71669699121892,179.46111495483331,189.83896432021314,179.21069501318769,189.60636872537921,179.54458826871516,189.87370358769246,179.18940847726745,189.52136995970446,179.35719325412657,189.55138907882275,178.85635337083536,189.48663069222513,179.62806158259704,190.07844038652135,179.58548504236489,189.66171734466249,178.87764337514727,189.33687353995262,179.66895835624675,190.40328419123122,179.46111495483331,189.51159121966316,179.89809176197213,190.33889477736037,178.66895835624675,188.95668111595955,180.25327155341984,190.43367228307633,177.70985512989648,189.19109859058747,182.96195830651618,183.96028423897081,185.89690964372775,184.19065814530879
195.81199904261365,194.74155089187803,194.76723892806984,197.43794918457402,191.15778385979502,200.84060806520327,189.35220054931008,200.58168492712727,189.70642857354343,200.83002587896976,189.91399112448801,200.65821599423253,189.75057760833718,201.19724621361664,190.26774559692433,200.76407699809795,189.72854741208496,201.14431571168393,190.17003776002244,200.76407699809795,189.82625524898685,201.19724621361664,190.19206795627466,200.80069594220959,189.79481528542027,200.9652168195953,189.88311335500774,200.60528549229986,189.66171734466332,200.91957532501402,190.06903061920781,201.04174788670056,190.12258942131598,201.02543632887947,189.84763460886342,200.69483493834417,189.71527614677149,200.79340693485813,189.91455331857438,201.02543632887947,190.14791892148091,201.02543632887947,189.91455331857438,200.88295638090244,189.91785262248709,200.97250582694676,190.11712979428998,201.21355777143773,190.21483763119187,201.02543632887947,189.93988281873931,200.97250582694676,190.00285138816184,200.88295638090244,189.82955455289959,200.83002587896974,189.88311335500774,200.93588688283515,190.06903061920781,200.91957532501402,189.66171734466332,200.65821599423256,190.00285138816184,201.10769676757232,189.90514355125998,200.80069594220959,190.08173969043494,201.10769676757229,189.82625524898688,200.71114649616527,189.95805151699241,200.91957532501402,189.68044823700282,200.7111464961653,190.01161031910058,200.83002587896971,189.51656116905497,200.74776544027688,190.2583358296099,201.26648827337041,190.10112141915013,200.77709537703703,189.3995602457272,200.52302505360697,190.29974775457731,201.61010804284479,189.97141142459523,200.56293717660066,190.34324595299537,201.38207447729283,189.04306866346454,200.02390695721661,190.91783424168975,201.77133574134839,188.32736298173953,200.39598010650948,193.68142505232362,194.64356258308248,196.6151379673399,194.80724208644824
185.11250058210936,184.09583864324034,184.11418465743211,186.61257497406251,180.64767182032651,189.78108640508978,178.92021644698772,189.54197931150836,179.27204364205394,189.78145537781663,179.46195310392866,189.60636872537916,179.29333017797418,190.1612788290829,179.89892991106748,189.836435024373,179.37680349185607,190.0415407959288,179.54458826871516,189.51412051550329,179.21069501318769,190.04154079592877,179.71069674738351,189.7166969912189,179.29416832706954,189.83896432021317,179.37764164095142,189.59695895806482,179.35635510503118,190.06903061920698,179.83590498401048,190.1059302097996,179.64850996942189,189.89178364365628,179.33506856911094,189.68920716794071,179.39892817687166,189.86645414349135,179.5437501196198,189.97678240933109,179.64850996942189,189.97678240933107,179.5437501196198,189.97678240933109,179.64850996942189,190.08711067517081,179.79333191217,190.27376741803587,179.87847805585096,190.0965204424852,179.58465036166118,190.00211190949602,179.64850996942189,189.98619217664549,179.56503665554001,189.97678240933109,179.62722343350165,190.09652044248517,179.83590498401048,190.06903061920698,179.35635510503118,189.59695895806482,179.37764164095142,189.83896432021317,179.29416832706954,189.71669699121892,179.71069674738351,190.16127882908285,179.48156334165816,189.71669699121892,179.52330173279492,189.94929258605285,179.39809002777628,189.89394396676963,179.81545659718563,190.06903061920696,179.37680349185607,189.91927346693456,179.87764337514727,190.18876865236106,179.58548504236489,189.7467161103373,179.0863249256561,189.62444878134301,179.91854014879698,190.51361245707096,179.46111495483328,189.51159121966319,179.89809176197213,190.33889477736037,178.66895835624675,189.06700938179927,180.50285334597007,190.84098555762083,178.18940500887578,189.58900209781766,183.19025356314617,184.0358732373312,185.84659963437198,184.13463234190922
195.81199904261365,194.79448139381074,194.88697696122395,197.54381018843944,191.18527368307323,200.75834762651039,189.2024433970376,200.4098750423901,189.53134192110605,200.65821599423259,189.76423397221552,200.43347560756266,189.45575292274569,200.88295638090244,190.00766017881216,200.59226711336078,189.66378902548729,200.97250582694676,189.81770413203438,200.26166572282548,189.35418358784469,200.88295638090244,190.01698130383727,200.53933661142807,189.44248165743218,200.55235499036715,189.52136995970528,200.43347560756268,189.69861693525593,200.98881738476786,190.09652044248602,200.906556946075,189.85309423588939,200.74776544027685,189.64505813314778,200.56866654818825,189.63243770420999,200.65821599423256,189.7553863989875,200.80069594220959,189.86250400320381,200.71114649616527,189.64505813314778,200.71114649616527,189.86250400320381,200.85362644414229,189.8751244321416,200.85362644414229,189.86250400320378,200.76407699809795,189.76479616630189,200.80069594220959,189.85309423588939,200.76407699809798,189.77420593361632,200.80069594220959,189.84368446857496,200.906556946075,190.10593020980042,201.04174788670056,189.80894520109564,200.57595555553971,189.64110799285939,200.60528549229986,189.44248165743218,200.5393366114281,190.01698130383727,201.02543632887944,189.6764980967144,200.48640610949539,189.75547504127681,200.83002587896971,189.68044823700285,200.76407699809801,190.13134835225466,201.07836683081214,189.86636550120289,200.906556946075,190.08324917717255,200.85362644414226,189.65437925817287,200.60528549229986,189.5214586019946,200.59226711336078,190.14999060230485,201.19724621361664,189.49933976345307,200.33819678993078,190.37073577627356,201.39838603511393,188.96023022090304,199.79916657054673,190.64833905626318,201.63614480072283,188.35485280501771,200.5018411103749,193.80116308547773,194.69649308501519,196.6151379673399,194.80724208644824
185.11250058210936,184.22498644370879,184.40633952182282,186.97903851772594,180.95944039083838,189.96089320588814,178.98240322494937,189.56079884613715,179.25242993593278,189.79086514513105,179.50285334597007,189.5213699597044,179.04374838542395,189.76337532185281,179.44066656800842,189.55826955029701,179.39809002777628,190.17793804059841,179.6067750466768,189.38102257474634,179.0232999985991,189.9753615648828,179.73198328330375,189.65051776017293,179.10677331248095,189.5861283463021,179.1689600904426,189.53077972701882,179.39892817687166,190.00285138816099,179.62722343350165,189.84368446857414,179.43982841891307,189.79086514513099,179.31545486298978,189.58828866941539,179.19024662636284,189.61361816958032,179.35635510503118,189.82560441261032,179.46111495483331,189.62302793689472,179.10677331248095,189.62302793689472,179.46111495483331,189.83501417992471,179.37764164095142,189.64835743705964,179.23114686840424,189.62302793689472,179.33674139891002,189.80027491244539,179.43982841891307,189.73335620273443,179.37764164095142,189.82560441261032,179.43982841891307,189.85309423588853,179.64850996942189,190.1225894213151,179.64850996942189,189.85309423588853,179.43982841891307,189.70586637945621,179.10677331248095,189.65051776017293,179.73198328330375,190.08568983072249,179.27288179114933,189.43853151714296,179.29500647616493,189.76337532185278,179.18940847726745,189.64110799285857,179.62806158259704,190.11317965400067,179.64767182032651,190.03034121143924,179.64934811851725,189.7333562027344,179.16812194134724,189.70586637945624,179.37847979004678,189.77025579332701,179.73114513420839,190.0582000074443,179.00285161177422,189.4360022213028,180.1689600904426,190.56029078770479,178.69024489216699,188.78884390772328,180.04459000291101,190.46841155055569,177.98072345836695,189.52282286677163,183.23282663498665,184.08002227212495,185.89690964372778,184.19065814530879
195.63933050752684,194.74155089187803,194.97922517109984,197.82148107704202,191.56509713433951,201.12556796115729,189.49726808262909,200.63461542905998,189.6810990733785,200.88295638090247,190.05905865780704,200.65821599423253,189.51326186514225,200.72416487510432,189.68318534682916,200.43347560756266,189.81354617775975,201.38536765617491,190.28977579317655,200.57595555553968,189.52927024028207,201.05476626563961,190.16673845610973,200.76407699809798,189.73730634302368,200.91957532501405,189.90119341097156,200.71114649616527,189.79086514513182,200.88295638090244,189.85704437617781,200.74776544027688,189.82560441261117,200.79340693485813,189.71197684285875,200.55235499036715,189.52861940390639,200.60528549229986,189.83171487601285,200.93588688283515,189.93593267845088,200.60528549229986,189.42440160146836,200.60528549229986,189.93593267845088,200.93588688283515,189.83171487601285,200.60528549229986,189.52861940390639,200.55235499036715,189.71197684285875,200.79340693485813,189.82560441261117,200.74776544027688,189.85704437617778,200.88295638090244,189.79086514513185,200.65821599423256,189.78145537781742,200.97250582694676,190.06903061920781,201.04174788670056,190.12258942131595,200.97250582694676,189.72789657570928,200.85362644414229,190.28647648926383,201.160627269505,189.64900827343621,200.38054510562998,189.6357370081227,200.63461542905998,189.35813372813311,200.38054510562998,189.83436334354991,201.02543632887944,190.04361247675357,201.04174788670059,190.05575935389433,200.74776544027685,189.62688943489465,200.83002587896974,189.90128205326087,200.81700750003066,190.12250077902664,201.03845470781852,189.35211190702074,200.36752672669093,190.52049292854605,201.48064647380679,188.93274039762483,199.69330556668132,190.52860102310908,201.53028379685742,188.23511477186361,200.30643066046517,193.57109678648391,194.50108263510546,196.4953999341858,194.75431158451553
184.72189422048481,183.88385240021037,184.11418465743211,186.90015021545287,181.1059351633856,190.17898991231985,179.16979823953795,189.61756830986872,179.20985686409233,189.85704437617702,179.7115348964789,189.77420593361543,179.23114340001254,189.70981651974469,179.14851170361771,189.29272450515887,179.31461671389442,190.38662497971572,180.00285161177422,189.70003777970337,179.18940847726745,189.99739176113505,179.64850996942189,189.79228598957928,179.5437501196198,190.23686782744326,179.83590498401048,189.88453419945517,179.35635510503118,189.73730634302288,179.29416832706954,189.65446790046136,179.37764164095142,189.74671611033725,179.29416832706957,189.56005936747221,179.14767355452236,189.65446790046136,179.52413641349864,190.03429135172766,179.60593689758142,189.64505813314696,179.04458653451934,189.64505813314699,179.60593689758142,190.02488158441324,179.5028498775784,189.61972863298206,179.10677331248095,189.52532009999285,179.27288179114933,189.73730634302288,179.37764164095142,189.76479616630107,179.5437501196198,189.91455331857355,179.31545486298978,189.44248165743136,179.08548677656071,189.72789657570848,179.54375011961977,190.06178117500585,179.85719151993072,190.14461961756734,179.52246358369956,189.99486246529491,179.91937829789237,190.12653956160352,179.21069501318769,189.38497271503482,179.25243340432445,189.59948825390492,178.87763990675558,189.27464444919511,179.33590671820633,189.94929258605282,179.58548504236489,189.97678240933109,179.6067750466768,189.76479616630104,179.31461671389442,189.91455331857355,179.54458826871516,189.79228598957928,179.64767182032651,189.96990193785683,178.91937829789237,189.23737588587562,179.83590498401048,190.18441747672694,178.39809002777628,188.73528510561516,180.2319850174996,190.60150949131261,177.91853668040531,189.14694955579381,182.66980344212547,183.59382069530739,185.57573130590148,184.01489430875512
195.60001279958365,194.58361803642953,194.65233222176627,197.54381018843944,191.47284892446362,201.08894901704571,189.4144296400676,200.35694454045739,189.29186585479783,200.60528549229988,189.97622021524555,200.76407699809795,189.74332816413607,200.83002587896974,189.6003469042677,200.15580471896007,189.42431295917908,201.10769676757232,190.20693735061505,200.59226711336078,189.55676006356029,200.97250582694676,190.01698130383727,200.77136600544944,189.96737264201749,201.26648827337044,190.20758818699073,200.76407699809798,189.60420840226675,200.64190443641144,189.65446790046221,200.62159705012095,189.74276597004967,200.74776544027688,189.75538639898753,200.65821599423256,189.63243770420996,200.71114649616527,189.96737264201752,201.07836683081217,190.03034121144006,200.65821599423256,189.44973110163332,200.60528549229986,189.91060317828595,200.93588688283515,189.85704437617781,200.65821599423256,189.62302793689557,200.60528549229986,189.64505813314781,200.60528549229986,189.62302793689557,200.71114649616527,189.97678240933192,200.93588688283515,189.69861693525596,200.38054510562998,189.40163192655115,200.55235499036712,189.65446790046221,200.71114649616527,189.94534244576528,200.93588688283515,189.82230510869849,200.906556946075,190.21955777955284,201.02543632887944,189.56616983087471,200.48640610949539,189.86580330711652,200.777095377037,189.35813372813314,200.29099565958566,189.7240350777102,200.88295638090241,189.83162623372357,200.80069594220959,189.87851237834366,200.71114649616524,189.72129796788386,200.88295638090244,189.83436334354991,200.68181655940509,190.03966233646514,201.05476626563961,189.37960173029896,200.14278634002105,190.04842126740385,201.01485414264593,188.66324521219826,199.79916657054673,190.94532406496796,201.87719674521381,188.35485280501771,200.1183092179069,193.18186356790321,194.17048124457017,196.29282345847017,194.66476213847122
185.32448682513936,184.2082795307889,184.06781421191786,186.69146327633555,180.95944039083838,190.06255118307843,179.00368976086961,189.27322360474676,178.77288005695348,189.50328990374067,179.52413988189031,189.85309423588851,179.56419850644465,190.09509959803694,179.46195310392866,189.27069430890663,178.91854014879698,189.89036279920802,179.62806158259704,189.60241858509076,179.29416832706957,190.12983886551623,179.79417006126539,189.91532332664607,179.62722343350165,190.21483763119102,179.66979650534213,189.65051776017293,179.1689600904426,189.70586637945621,179.37764164095142,189.74276597004885,179.46111495483331,189.93593267845003,179.60593689758142,189.9200129455995,179.44150124871214,189.85309423588853,179.64683713962282,190.14791892148003,179.69108304126237,189.74276597004882,179.14767355452236,189.62302793689472,179.4202147127919,189.83501417992471,179.41854188299283,189.76809547021375,179.46111495483331,189.83501417992471,179.37764164095142,189.62302793689472,179.19024662636284,189.74276597004882,179.64850996942189,190.03759065564032,179.43982841891307,189.56551899449815,179.19024662636284,189.60494788093089,179.12805984840119,189.44578096134404,179.23114686840424,189.71527614677061,179.33674139891002,189.86250400320296,179.77288352534515,190.02818088832592,179.29416832706954,189.77025579332707,179.81545659718563,190.08568983072249,179.18940847726745,189.43853151714296,179.37847979004678,189.88311335500686,179.37680349185604,189.73335620273446,179.44066656800842,189.74276597004879,179.39809002777628,189.91785262248624,179.41938003208818,189.71274685093047,179.75243167012863,190.27959601778869,179.27371994024469,189.36041322294241,179.71069674738354,190.09546857076373,178.48156334165816,189.12056818390738,180.79500821036078,191.09712083544457,178.25159178683742,189.3455758912209,182.75327675600735,183.67270899758046,185.64732785117752,184.08032987946908
196.31984740869962,195.06386540074772,194.82472011037208,197.43794918457402,191.2427826254698,200.89353856713595,189.29469160691352,200.30401403852468,189.29186585479783,200.55235499036718,189.85648218209144,200.71114649616524,189.83557637401196,201.16062726950506,190.09990838868805,200.48640610949536,189.42431295917905,200.86664482308134,189.90995234191027,200.48640610949536,189.61426900595686,201.10769676757232,190.20147772358905,200.81700750003068,189.82230510869846,200.91957532501405,189.72394643542088,200.38054510562998,189.46855063626211,200.74047643292542,189.85704437617781,200.80069594220959,189.94534244576528,201.07836683081217,190.14461961756817,200.98881738476786,189.83501417992557,200.80069594220959,189.96737264201749,201.07836683081217,190.03034121144006,200.71114649616527,189.5694691347874,200.65821599423256,189.81835496841006,200.80069594220959,189.79953543378122,200.85362644414229,190.03034121144006,200.98881738476786,189.85704437617778,200.60528549229986,189.50328990374146,200.65821599423256,189.97678240933189,201.02543632887947,189.90119341097156,200.71114649616527,189.79086514513185,200.74047643292542,189.5347298673081,200.32761460369727,189.44578096134489,200.55235499036715,189.61031886566846,200.76407699809798,190.10922951371313,200.97250582694673,189.64900827343621,200.76407699809798,190.25503652569719,201.10769676757229,189.56071020384871,200.38054510562998,189.7240350777102,200.83002587896971,189.71188820056946,200.65821599423256,189.76818411250395,200.65821599423253,189.71188820056943,200.83002587896974,189.7240350777102,200.68181655940509,190.24223881218074,201.47491710221922,189.87916321471934,200.56293717660066,190.34324595299535,201.29252503124852,188.93274039762483,200.07683745914932,191.14790054068357,202.05629563730244,188.55742928073332,200.44891060844219,193.57109678648391,194.50108263510546,196.4953999341858,194.75431158451553
185.6087573740086,184.42100943415099,184.20322638735158,186.56842593926876,180.58548504236489,189.73693737029603,178.89892991106748,189.49783027671461,179.20985686409233,189.73730634302291,179.44066656800842,189.56221969058544,179.23114340001254,190.11712979428918,179.87764337514727,189.79228598957926,179.31461671389442,189.99739176113505,179.52330173279492,189.46056171339515,179.12722169930581,189.96265249365572,179.64850996942189,189.64721845626025,179.23198154910793,189.70040675243024,179.12638701860212,189.26523468188068,179.06587307043955,189.80422505273381,179.5437501196198,189.87512443214078,179.62722343350165,190.15402938488174,179.77371820604887,189.9673726420167,179.39725534707259,189.76479616630107,179.52413641349864,190.03429135172766,179.60593689758142,189.76479616630107,179.31545486298981,189.85704437617699,179.60593689758142,189.96737264201667,179.56503665554004,190.06178117500588,179.83590498401048,190.14461961756734,179.5437501196198,189.64505813314699,179.10677331248095,189.64505813314696,179.5437501196198,190.02488158441327,179.56503665554001,189.84979493197585,179.56503665554001,189.90514355125913,179.2728817911493,189.44248165743136,179.12805984840119,189.61756830986874,179.25159525522909,189.7647961663011,179.66979650534213,189.91455331857352,179.18940847726745,189.67254795642521,179.73198328330375,190.00680152844942,179.12722169930581,189.38497271503482,179.33590671820633,189.82955455289871,179.31461671389442,189.65446790046138,179.35719325412657,189.64505813314693,179.29333017797418,189.79481528541945,179.29500647616493,189.70003777970337,179.89725361287677,190.57979168811693,179.64850996942189,189.75501742625983,180.08548677656071,190.37974450824143,178.60677157828511,189.02286034700552,180.48156681004983,190.82216602299204,178.16811847295554,189.55426283033833,183.14935332110477,184.00113396985188,185.82531309845172,184.12522257459483
196.06480725643038,194.91421942696482,194.82957919731697,197.34839973852971,190.94579761676502,200.652486622645,189.29469160691349,200.68754593099268,189.91116537237232,200.93588688283518,189.85648218209144,200.38054510562995,189.33601488959158,200.91957532501405,190.21023665452779,200.81700750003066,189.81354617775975,201.10769676757232,190.00220055178616,200.43347560756266,189.40228276292686,200.77709537703703,189.82165427232277,200.48640610949539,189.61031886566846,200.83002587896974,189.73335620273528,200.43347560756268,189.57887890210185,200.88295638090244,189.97678240933192,200.85362644414229,189.94534244576528,200.98881738476786,189.94204314185259,200.74776544027688,189.6483574370605,200.65821599423256,189.83171487601288,200.93588688283515,189.93593267845088,200.74776544027688,189.7467161103381,200.93588688283515,190.11317965400156,201.07836683081217,190.06903061920781,201.13129733274488,190.23291768715566,201.07836683081217,189.85704437617781,200.60528549229986,189.50328990374146,200.60528549229986,189.85704437617781,200.88295638090244,189.79086514513185,200.71114649616527,189.90119341097153,200.97250582694673,189.85704437617781,200.71114649616527,189.83501417992557,200.88295638090241,189.81289534138406,200.85362644414229,190.10922951371316,200.88295638090241,189.44643179772061,200.43347560756268,189.86580330711652,200.83002587896971,189.47787176128722,200.48640610949539,189.95410137670402,201.02543632887944,189.83162623372357,200.71114649616527,189.76818411250395,200.65821599423253,189.71188820056946,200.83002587896974,189.7240350777102,200.68181655940509,190.24223881218074,201.47491710221922,189.87916321471934,200.61586767853336,190.46298398614945,201.39838603511393,188.96023022090304,199.94164651852375,190.878405355257,201.83155525063253,188.47459083817182,200.5547716123076,193.80116308547773,194.69649308501519,196.61513796733988,194.80724208644824
185.18814009163009,184.1706839812687,184.18745403250719,186.58113501049584,180.47989051185908,189.67331796449778,179.00368976086961,189.89252312232125,179.77288005695348,190.12258942131515,179.52413988189031,189.35353275146812,178.83506683491512,189.79811458933216,179.7115348964789,189.77025579332701,179.39809002777628,190.09509959803691,179.62806158259701,189.48268055193665,179.0232999985991,189.72252559097174,179.33590671820633,189.50801005210158,179.35635510503118,190.1045093653513,179.69108304126235,189.77025579332704,179.41854188299283,190.02818088832592,179.64850996942189,189.86250400320296,179.46111495483331,189.82560441261032,179.35635510503118,189.62302793689472,179.21153316228308,189.62302793689472,179.35635510503118,189.82560441261032,179.46111495483331,189.73335620273443,179.35635510503118,189.9106031782851,179.66979650534213,190.03034121143921,179.62722343350165,190.05567071160414,179.71069674738354,189.94534244576442,179.37764164095142,189.62302793689472,179.19024662636284,189.62302793689472,179.37764164095142,189.71527614677061,179.19024662636284,189.56551899449815,179.43982841891307,190.03759065564032,179.64850996942189,189.97283226904264,179.71069674738354,190.1225894213151,179.58632319146025,189.97283226904267,179.77288352534515,189.91785262248621,179.04458653451931,189.36294251878257,179.33590671820633,189.7981145893321,179.21069501318769,189.7702557933271,179.89892991106748,190.32516589703067,179.64767182032651,189.85309423588856,179.44066656800842,189.74276597004879,179.39809002777628,189.91785262248624,179.41938003208818,189.71274685093047,179.75243167012863,190.27959601778869,179.27371994024469,189.48015125609652,179.98156507585401,190.42719284694783,178.75243167012863,189.15530745138673,180.58632665985192,190.92928362720829,178.27287832275766,189.67730016740504,183.27372687702805,184.11476153960427,185.91819617964799,184.20006791262318
195.81199904261365,194.79448139381074,194.88697696122395,197.49087968650673,191.0655356499191,200.70541712457768,189.29469160691352,200.68754593099268,189.91116537237232,200.93588688283518,189.85648218209144,200.38054510562995,189.33601488959158,200.83002587896976,190.00766017881216,200.53933661142807,189.54405099233315,200.91957532501405,189.90995234191027,200.34392616151837,189.29195449708715,200.63461542906001,189.70191623916867,200.52302505360697,189.81289534138406,201.16062726950503,190.12258942131595,200.76407699809798,189.78145537781742,200.97250582694676,189.97678240933192,200.71114649616527,189.62302793689557,200.60528549229986,189.64505813314778,200.60528549229986,189.62302793689557,200.51573604625554,189.53472986730807,200.60528549229986,189.73335620273528,200.65821599423256,189.65446790046218,200.65821599423256,189.73335620273528,200.65821599423256,189.65446790046218,200.71114649616527,189.85309423588939,200.80069594220959,189.76479616630189,200.65821599423256,189.62302793689557,200.56866654818825,189.65446790046221,200.55235499036715,189.40163192655118,200.38054510562995,189.69861693525596,200.93588688283515,189.97678240933192,200.85362644414229,189.94534244576528,200.88295638090244,189.70256707554435,200.71114649616527,189.98949148055902,200.83002587896971,189.44643179772061,200.43347560756268,189.86580330711652,200.91957532501402,189.68044823700282,200.81700750003068,190.34333459528469,201.35603771941473,190.03420270943917,200.80069594220959,189.76818411250395,200.65821599423253,189.71188820056943,200.83002587896974,189.7240350777102,200.53933661142807,189.91992430331103,201.00183576370691,189.37960173029896,200.28526628799807,190.37073577627356,201.48793548115825,189.16280669661865,200.12976796108202,191.03757227484385,201.96674619125812,188.55742928073332,200.59139055641921,193.8011630854777,194.69649308501519,196.6151379673399,194.80724208644824
185.03686107258866,184.15014110568052,184.3330701467477,186.89074044813847,180.85635337083536,189.85667540345014,178.89892991106748,189.49783027671461,179.20985686409233,189.73730634302291,179.44066656800842,189.56221969058544,179.23114340001254,190.00680152844947,179.62806158259704,189.50471074818887,179.1059351633856,189.91239299546027,179.52330173279492,189.35023344755544,178.87763990675558,189.64033798478602,179.37764164095142,189.63780868894585,179.48156334165816,190.10772002697473,179.60593689758142,189.67254795642518,179.31545486298978,189.91455331857352,179.5437501196198,189.64505813314696,179.10677331248095,189.53472986730725,179.29416832706957,189.73730634302288,179.35635510503118,189.53472986730725,179.04458653451934,189.53472986730728,179.35635510503118,189.74671611033725,179.31545486298981,189.5694691347866,179.14767355452236,189.44973110163247,179.04458653451934,189.54413963462167,179.37764164095142,189.85704437617696,179.5437501196198,189.85704437617699,179.37764164095142,189.65446790046136,179.29416832706957,189.61756830986877,179.08548677656071,189.44248165743136,179.31545486298978,189.91455331857352,179.54375011961977,189.76479616630107,179.37764164095142,189.61756830986874,179.00201346267886,189.44248165743139,179.39892817687166,189.79481528541942,179.18940847726745,189.67254795642521,179.73198328330375,190.11712979428913,179.37680349185607,189.79228598957931,179.81545659718563,190.23686782744321,179.56419850644465,189.7647961663011,179.35719325412657,189.64505813314693,179.29333017797418,189.79481528541945,179.29500647616493,189.46997148070955,179.37680349185607,189.85016390470273,178.91937829789237,189.34770415171533,180.08548677656071,190.58232098395703,178.85635337083536,189.1078591126803,180.44066656800842,190.78742675551271,178.1468319370353,189.54485306302394,183.14935332110477,184.00113396985188,185.82531309845172,184.12522257459483
195.81199904261365,194.88403083985503,195.08955343693958,197.87441157897473,191.5745069016539,201.08894901704571,189.4050198727532,200.44649398650171,189.41160388795194,200.60528549229988,189.85648218209144,200.71114649616524,189.83557637401196,201.16062726950503,190.09990838868808,200.57595555553968,189.62688943489468,201.10769676757232,190.09660908477534,200.43347560756266,189.30787422993768,200.72416487510432,189.88857298203374,200.67452755205366,189.81289534138406,200.91957532501405,189.73335620273528,200.43347560756268,189.57887890210185,200.88295638090244,189.97678240933192,200.65821599423256,189.50328990374146,200.60528549229986,189.85704437617781,200.93588688283515,189.91060317828595,200.60528549229986,189.44973110163332,200.60528549229986,189.91060317828595,200.98881738476786,189.97678240933192,200.80069594220959,189.73335620273528,200.60528549229986,189.5347298673081,200.65821599423256,189.94534244576528,201.13129733274488,190.2643576507223,201.13129733274488,189.94534244576528,200.80069594220959,189.85704437617781,200.88295638090244,189.79086514513185,200.71114649616527,189.90119341097153,201.02543632887944,189.97678240933192,200.76407699809798,189.74276597004967,200.55235499036712,189.31333385696368,200.38054510562998,189.78691500484345,200.83002587896971,189.64900827343621,200.76407699809798,190.25503652569719,201.160627269505,189.68044823700285,200.57595555553971,189.95410137670402,201.02543632887944,189.83162623372357,200.71114649616527,189.76818411250395,200.65821599423253,189.71188820056946,200.83002587896974,189.7240350777102,200.48640610949536,189.80018627015693,200.89597475984149,189.35211190702074,200.42045722862363,190.64023096170015,201.67605692371652,189.16280669661867,199.88871601659105,190.64833905626318,201.6361448007228,188.35485280501774,200.5018411103749,193.80116308547773,194.69649308501519,196.61513796733988,194.80724208644824
185.18814009163009,184.28101224710841,184.43703582505742,187.10818631819444,181.23030871930885,190.29261748207227,179.25327155341984,189.59553811361647,179.04374838542395,189.62302793689477,179.52413988189031,189.85309423588851,179.56419850644465,190.20542786387665,179.7115348964789,189.66859781613672,179.37680349185604,190.27234657358758,179.85802966902608,189.59300881777637,179.04291370472026,189.83285385681145,179.5658748046354,189.69466679496665,179.35635510503118,189.80752435664652,179.21153316228305,189.36294251878255,179.1689600904426,189.91785262248621,179.64850996942189,189.74276597004885,179.19024662636284,189.73335620273443,179.62722343350165,190.1225894213151,179.66979650534213,189.73335620273443,179.14767355452236,189.73335620273443,179.66979650534213,190.23291768715481,179.87680522605189,190.14066947727892,179.66979650534213,189.9106031782851,179.35635510503118,189.84368446857414,179.71069674738354,190.35265572030892,180.10677331248095,190.35265572030892,179.71069674738354,189.96342250172825,179.62722343350165,190.1225894213151,179.66979650534213,189.97283226904264,179.6894102114633,190.14791892148003,179.64850996942189,189.86250400320293,179.46111495483331,189.71527614677061,179.10677331248095,189.56551899449818,179.52330173279492,189.91785262248621,179.29416832706954,189.77025579332707,179.81545659718563,190.09509959803688,179.21069501318769,189.47327078462229,179.41938003208818,189.91785262248618,179.39809002777628,189.74276597004885,179.44066656800842,189.74276597004879,179.39809002777628,189.91785262248624,179.41938003208818,189.59300881777637,179.48156334165816,189.94787174160459,179.00285161177422,189.4454119886172,180.19024662636284,190.60443982249851,178.75243167012863,188.85832244268195,180.10677678087262,190.5219703526638,178.0232965302074,189.56697190156535,183.27372687702805,184.11476153960427,185.91819617964799,184.20006791262318
195.81199904261365,194.79448139381074,194.88697696122395,197.68629013641646,191.50758819194292,201.2314289650227,189.70200488145798,200.68754593099268,189.50385209782783,200.60528549229988,189.85648218209144,200.71114649616524,189.74332816413607,200.97250582694679,189.92266141313738,200.48640610949536,189.60155993472972,201.16062726950503,190.24167661809437,200.62888605747241,189.51261102876657,200.83002587896974,189.83106403963717,200.48640610949536,189.60090909835404,200.77709537703703,189.62302793689557,200.29099565958566,189.45914086894771,200.83002587896974,189.97678240933192,200.65821599423256,189.50328990374146,200.60528549229986,189.85704437617778,200.93588688283515,189.91060317828595,200.60528549229986,189.44973110163329,200.60528549229986,189.91060317828595,201.07836683081217,190.17935888504749,201.13129733274488,190.12258942131595,200.93588688283515,189.73730634302368,200.74776544027688,189.94534244576528,201.13129733274488,190.26435765072227,201.13129733274488,189.94534244576528,200.80069594220959,189.85704437617781,200.93588688283515,189.91060317828595,200.85362644414226,190.01152167681124,201.02543632887947,189.86645414349221,200.71114649616527,189.82560441261117,200.83002587896974,189.70256707554435,200.71114649616527,189.98949148055902,200.83002587896971,189.44643179772061,200.48640610949539,189.98554134027063,200.97250582694673,189.58820002712693,200.48640610949539,189.8437731108643,200.88295638090241,189.71188820056946,200.65821599423256,189.76818411250395,200.65821599423253,189.71188820056943,200.88295638090244,189.8437731108643,200.68181655940509,190.03025256915075,201.00183576370691,189.26927346445925,200.14278634002105,190.25099774311946,201.34545553318122,188.96023022090304,199.79916657054673,190.64833905626318,201.63614480072283,188.35485280501771,200.5018411103749,193.8011630854777,194.69649308501519,196.6151379673399,194.80724208644824
185.03686107258866,184.03981283984081,184.08348835419747,186.7134934725878,180.89725361287677,190.17898991231985,179.37847979004678,189.79481528541939,179.20985686409233,189.64505813314702,179.44066656800842,189.65446790046133,179.23114340001254,189.8295545528988,179.41938003208821,189.39438248234916,179.06503492134419,190.03213102861437,179.83507030330679,189.79228598957926,179.35718978573487,189.97206226097012,179.43982841891307,189.46056171339518,179.21069501318769,189.87765372798094,179.35635510503118,189.35023344755547,179.04458653451931,189.79481528541942,179.5437501196198,189.64505813314696,179.10677331248095,189.53472986730725,179.29416832706957,189.73730634302288,179.35635510503118,189.53472986730725,179.04458653451934,189.53472986730728,179.35635510503118,189.85704437617696,179.56503665554004,189.97678240933109,179.62722343350165,189.85704437617696,179.29416832706957,189.65446790046138,179.37764164095142,189.85704437617696,179.5437501196198,189.85704437617699,179.37764164095142,189.65446790046136,179.29416832706957,189.73730634302288,179.35635510503118,189.76479616630107,179.56503665554001,189.91455331857355,179.29416832706954,189.55280992327107,179.35635510503118,189.90514355125913,179.48156334165816,189.84979493197588,179.64850996942189,189.79481528541942,178.93982668471722,189.38497271503482,179.52330173279492,190.03213102861434,179.37680349185604,189.6819577237396,179.5658748046354,189.9145533185735,179.29333017797418,189.64505813314699,179.35719325412657,189.64505813314693,179.29333017797418,189.91455331857355,179.5658748046354,189.91202402273336,179.89725361287677,190.18188818088683,178.9406648338126,189.06012891032495,179.60593689758142,190.17500770941254,178.60677157828511,188.99753084684059,180.44066656800842,190.78742675551271,178.1468319370353,189.54485306302394,183.14935332110477,184.00113396985188,185.82531309845172,184.12522257459483
195.81199904261365,194.74155089187801,194.76723892806984,197.54381018843944,191.39725992610323,201.23142896502273,189.81233314729769,200.83002587896971,189.62359013098194,200.65821599423259,189.85648218209144,200.65821599423253,189.62359013098197,200.83002587896974,189.81233314729769,200.34392616151834,189.38957369169975,201.00912477105837,190.26700611825933,200.86993800196336,189.87651474718231,201.10769676757232,189.93923198236359,200.523025053607,189.66782780806503,200.9652168195953,189.82560441261117,200.38054510562998,189.45914086894774,200.83002587896974,189.97678240933192,200.65821599423256,189.50328990374146,200.51573604625554,189.65446790046221,200.69483493834417,189.72394643542088,200.51573604625554,189.43381136878278,200.51573604625554,189.72394643542088,200.74776544027688,189.77420593361632,200.76407699809798,189.85309423588939,200.74776544027688,189.64505813314781,200.56866654818825,189.63243770420996,200.65821599423256,189.75538639898753,200.80069594220959,189.86250400320378,200.76407699809798,189.76479616630192,200.74776544027688,189.73335620273528,200.76407699809798,189.98619217664631,200.93588688283512,189.68920716794153,200.523025053607,189.73335620273528,200.88295638090241,189.82230510869846,200.76407699809798,189.98949148055905,200.83002587896971,189.44643179772061,200.57595555553971,190.18811781598623,201.30310721748202,189.97743324570763,200.81700750003068,190.04634958657991,200.97250582694673,189.71188820056946,200.65821599423256,189.76818411250395,200.65821599423253,189.71188820056946,200.97250582694676,190.04634958657991,201.01241794994039,190.41948578773142,201.3324371542422,189.47184994017485,200.17940528413266,190.13125970996535,201.29252503124852,189.05247843077893,200.07683745914932,191.02816250752946,201.91381568932539,188.4471010148936,200.44891060844219,193.68142505232362,194.64356258308248,196.6151379673399,194.80724208644824
185.18814009163009,184.16127421395427,184.16616749658698,186.78587180932473,180.98072692675862,190.29261748207225,179.50285334597007,189.91785262248618,179.31461671389442,189.74276597004888,179.52413988189031,189.7333562027344,179.29333017797418,189.88311335500694,179.46195310392866,189.43853151714291,179.10593516338557,190.08568983072252,179.89892991106748,189.88999382648115,179.48156334165816,190.12042909820184,179.58548851075656,189.59300881777637,179.31545486298978,189.9847713321972,179.46111495483331,189.47327078462226,179.1689600904426,189.91785262248621,179.64850996942189,189.74276597004882,179.19024662636284,189.62302793689472,179.37764164095142,189.82560441261032,179.43982841891307,189.62302793689472,179.12805984840119,189.62302793689472,179.43982841891307,189.82560441261032,179.37764164095142,189.74276597004882,179.46111495483331,189.82560441261032,179.35635510503118,189.62302793689472,179.21153316228308,189.62302793689472,179.35635510503118,189.94534244576442,179.73198328330378,190.06508047891853,179.62722343350165,189.94534244576442,179.46111495483331,189.86250400320293,179.64850996942189,190.03759065564032,179.43982841891307,189.68525702765226,179.46111495483331,189.9272623898006,179.37764164095142,189.68525702765228,179.52330173279492,189.91785262248621,179.29416832706954,189.88058405916678,180.06503838973586,190.50241287258137,179.69024489216699,189.88058405916678,179.66896182463842,190.02818088832589,179.39809002777628,189.74276597004885,179.44066656800842,189.74276597004879,179.39809002777628,190.02818088832595,179.66896182463842,190.00032209232086,179.96111322063746,190.35518501614908,179.25243340432445,189.4360022213028,179.91937829789237,190.39245357946851,178.75243167012863,189.14589768407234,180.56504012393168,190.80954559405419,178.02329653020743,189.35498565853538,183.00285854855758,183.99502350645017,185.91819617964799,184.20006791262318
196.06480725643038,194.86128892503211,194.70984116416284,197.40133024046241,191.27752189294912,201.17849846308999,189.81233314729769,200.83002587896971,189.62359013098194,200.65821599423259,189.85648218209144,200.65821599423253,189.62359013098197,200.83002587896976,189.81233314729769,200.43347560756266,189.59215016741533,201.16062726950503,190.25108638540877,200.68181655940509,189.62293929460625,200.97250582694676,189.95080207279128,200.5393366114281,189.60090909835407,200.83002587896974,189.74276597004967,200.48640610949539,189.68920716794153,201.02543632887947,190.09652044248602,200.71114649616527,189.50328990374146,200.60528549229986,189.85704437617778,200.93588688283515,189.91060317828595,200.60528549229986,189.44973110163329,200.60528549229986,189.91060317828595,200.93588688283515,189.85704437617778,200.80069594220959,189.94534244576528,200.93588688283515,189.82230510869846,200.60528549229986,189.53802917122078,200.60528549229986,189.82230510869846,201.07836683081217,190.26765695463499,201.13129733274488,190.03429135172846,200.93588688283515,189.82560441261117,200.80069594220959,189.97678240933192,201.07836683081217,190.02093144412564,200.906556946075,190.02093144412567,200.93588688283515,189.65446790046218,200.57595555553971,189.88783350336874,200.97250582694673,189.77815607390471,200.86993800196339,190.3653647915369,201.30310721748202,189.80018627015693,200.62888605747241,189.95410137670402,201.02543632887944,189.83162623372357,200.71114649616527,189.76818411250395,200.65821599423253,189.71188820056943,200.88295638090244,189.8437731108643,200.68181655940509,190.03025256915075,201.09138520975122,189.47184994017485,200.33090778257932,190.31791645283042,201.34545553318122,188.98555972106797,199.88871601659105,190.73333782193797,201.54659535467852,188.06727756362733,200.1712397198396,193.5891768424477,194.69649308501519,196.73487600049401,194.86017258838095
185.6087573740086,184.31068116831128,183.95364459480135,186.39117896371809,180.6263852844063,190.05925187916574,179.37847979004678,189.79481528541939,179.20985686409233,189.64505813314702,179.44066656800842,189.65446790046133,179.23114340001254,189.8295545528988,179.41938003208818,189.50471074818887,179.31461671389442,190.21878777147944,179.81545659718563,189.61503901402858,179.16812194134721,190.00680152844944,179.69108304126237,189.68195772373957,179.25159525522909,189.82014478558438,179.37764164095142,189.68195772373957,179.56503665554001,190.23686782744326,179.81461844809024,189.76479616630107,179.10677331248095,189.64505813314696,179.5437501196198,190.03429135172766,179.58632319146025,189.64505813314696,179.0642002406405,189.64505813314699,179.58632319146025,190.03429135172763,179.5437501196198,189.87512443214081,179.62722343350165,190.03429135172763,179.5028498775784,189.64505813314699,179.14767355452236,189.64505813314696,179.5028498775784,190.14461961756737,179.87680522605189,190.05237140769145,179.5028498775784,189.82230510869766,179.35635510503118,189.75538639898667,179.54375011961977,190.14461961756737,179.83590498401048,190.17210944084556,179.81461844809024,190.02488158441324,179.29416832706957,189.67254795642521,179.62722343350165,190.11712979428913,179.48156334165816,189.80169575689371,179.73198328330375,190.03213102861434,179.16812194134721,189.50471074818893,179.5658748046354,190.12653956160349,179.56419850644465,189.7647961663011,179.35719325412657,189.64505813314693,179.29333017797418,189.80422505273384,179.31629301208517,189.50471074818887,179.41770373389747,189.88490317218205,178.9406648338126,189.24678565319002,179.83590498401048,190.29474574256665,178.64767182032651,188.91253208116581,180.19108477545819,190.38952324828261,177.68856859397624,189.25727782163358,183.14935332110477,184.21312021288188,186.09618142692219,184.24496060774894
196.49251594378643,195.06386540074772,194.61273386734209,197.10734779403873,190.95520738407942,200.94646906906868,189.70200488145798,200.83002587896971,189.73391839682165,200.80069594220961,189.97622021524555,200.71114649616524,189.62359013098197,200.83002587896974,189.81233314729769,200.48640610949536,189.71188820056946,201.25017671554934,190.24167661809437,200.62888605747239,189.60485923864246,201.10769676757232,190.21088749090345,200.76407699809798,189.69315730822996,200.86664482308134,189.82560441261117,200.76407699809798,190.0784403865222,201.35603771941473,190.29909691820163,200.80069594220959,189.50328990374146,200.60528549229986,189.85704437617781,200.93588688283515,189.91060317828595,200.60528549229986,189.44973110163332,200.60528549229986,189.91060317828595,200.93588688283515,189.85704437617781,200.80069594220959,189.94534244576528,200.93588688283515,189.82230510869849,200.60528549229986,189.53802917122078,200.60528549229986,189.82230510869849,200.98881738476786,190.06508047891938,200.80069594220959,189.64505813314781,200.60528549229986,189.62302793689557,200.71114649616527,189.97678240933192,201.22084677878917,190.34324595299535,201.23715833661029,190.19817841967634,200.97250582694673,189.65230757734889,200.71114649616527,190.1319991886304,201.160627269505,189.80348557406964,200.62888605747241,189.9508020727913,200.91957532501402,189.50320126145218,200.48640610949539,190.02102008641498,201.160627269505,189.91446467628506,200.65821599423256,189.65785584666423,200.60528549229983,189.70247843325507,200.83002587896974,189.73344484502459,200.53933661142807,189.91051453599664,200.9489052617742,189.26927346445925,200.08985583808834,190.13125970996535,201.29252503124852,189.05247843077893,199.93435751117229,190.70584799865975,201.53028379685742,188.15011600618885,200.44891060844219,193.97841006102837,195.02709447555048,196.93745247620961,194.94972203442526
185.71509318676394,184.4108560065045,184.04652767599762,186.36914876746584,180.46027680573792,189.85997470736282,179.25327155341984,189.91785262248618,179.56419850644465,190.06508047891859,179.79500821036078,189.85309423588851,179.29333017797418,189.88311335500694,179.46195310392866,189.55826955029701,179.37680349185604,190.28826630643812,179.87764337514727,189.67800758345112,179.23198154910793,190.08568983072252,179.77288352534515,189.76084602601264,179.31545486298978,189.88311335500691,179.43982841891307,189.76084602601264,179.64850996942189,190.3251658970307,179.89809176197213,189.85309423588853,179.19024662636284,189.62302793689472,179.37764164095142,189.82560441261032,179.43982841891307,189.62302793689472,179.12805984840119,189.62302793689472,179.43982841891307,189.82560441261032,179.37764164095142,189.74276597004882,179.46111495483331,189.82560441261032,179.35635510503118,189.62302793689472,179.21153316228308,189.62302793689472,179.35635510503118,189.83501417992471,179.48240149075355,189.65776720437404,179.14767355452236,189.53802917121993,179.21153316228308,189.75217573736322,179.64850996942189,190.26765695463413,179.96027853993377,190.18481851207264,179.66979650534213,189.82560441261032,179.14767355452236,189.65051776017296,179.69108304126235,190.09509959803688,179.33506856911094,189.583599050462,179.54458826871516,189.97536156488277,179.21069501318769,189.55826955029707,179.62806158259701,190.08568983072246,179.37680349185604,189.53077972701885,179.19108477545819,189.62302793689469,179.37680349185604,189.90844285517184,179.41938003208818,189.67800758345115,179.69024489216699,190.12511871715526,179.00285161177422,189.13901721259802,179.6894102114633,190.2727155463144,178.71153142808723,189.00083015075327,180.29417179546124,190.58814958370979,178.00200999428719,189.64256089992577,183.48240842753688,184.40233678099466,186.16777797219822,184.3103961784629
196.06480725643038,194.91421942696482,194.82957919731695,197.40133024046241,191.06553564991913,200.8478970725547,189.52475790590731,200.88295638090241,190.03090340552643,201.18422783467761,190.29853472411526,200.85362644414226,189.62359013098197,200.83002587896976,189.81233314729769,200.48640610949536,189.71188820056943,201.25017671554934,190.24167661809437,200.59226711336078,189.52202079608097,200.97250582694676,190.05172057131659,200.62888605747241,189.61031886566846,200.74047643292542,189.62302793689557,200.43347560756268,189.68920716794153,201.02543632887947,190.09652044248602,200.76407699809798,189.62302793689557,200.65821599423256,189.76479616630189,200.80069594220959,189.85309423588939,200.71114649616527,189.65446790046218,200.65821599423256,189.73335620273528,200.65821599423256,189.65446790046218,200.71114649616527,189.85309423588939,200.80069594220959,189.76479616630189,200.71114649616527,189.74276597004967,200.65821599423256,189.64505813314778,200.65821599423256,189.74276597004967,200.71114649616527,189.76479616630189,200.74776544027688,189.73335620273528,200.76407699809798,189.98619217664631,201.13129733274488,190.13125970996535,200.906556946075,189.81835496841006,200.60528549229986,189.3574828917574,200.43347560756268,189.86250400320381,200.88295638090241,189.60090909835404,200.62888605747241,190.15337854850691,201.160627269505,189.68985800431722,200.5393366114281,189.95410137670402,200.97250582694673,189.61963999069357,200.38054510562998,189.48060887111356,200.56866654818822,189.79688696624422,200.97250582694676,189.86910261102923,200.68181655940509,190.09717127886171,201.18995720626518,189.47184994017485,200.23233578606536,190.25099774311946,201.39838603511393,189.07996825405715,199.94164651852375,190.75866732210289,201.68907530265554,188.36426257233211,200.5547716123076,193.91149135131741,194.83897303299221,196.73487600049401,194.86017258838095
185.0818042788747,184.18083740891507,184.34415274386117,186.90015021545287,180.87596707695653,189.99233316945478,179.16979823953795,189.9145533185735,179.68940674307163,190.26435765072151,179.96111668902913,189.88453419945515,179.23114340001254,189.8295545528988,179.41938003208818,189.50471074818887,179.31461671389442,190.21878777147944,179.81545659718563,189.62444878134301,179.18940847726745,190.04154079592877,179.73198328330378,189.7166969912189,179.27288179114933,189.71922628705906,179.12805984840119,189.27464444919508,179.08548677656071,189.82955455289877,179.56503665554001,189.77420593361549,179.37764164095142,189.85704437617696,179.5437501196198,189.97678240933109,179.64850996942189,189.97678240933107,179.5437501196198,189.85704437617699,179.37764164095142,189.65446790046136,179.29416832706957,189.85704437617699,179.62722343350165,189.97678240933107,179.56503665554004,189.97678240933109,179.62722343350165,189.85704437617696,179.29416832706957,189.64505813314699,179.35635510503118,189.94204314185174,179.77371820604887,190.14461961756737,179.60593689758142,189.87512443214078,179.56503665554001,190.03429135172766,179.56503665554001,189.76479616630107,179.35635510503118,189.62697807718314,179.04458653451934,189.47722092491071,179.41854188299283,189.82955455289874,179.23198154910793,189.80169575689371,179.98156507585398,190.32911603731912,179.39809002777628,189.62444878134303,179.6067750466768,190.04154079592871,179.31461671389442,189.47722092491071,179.14851170361774,189.65446790046133,179.52329826440325,190.12653956160355,179.6067750466768,189.73477704718272,179.64767182032651,190.18188818088683,179.19024662636284,189.47685195218384,180.10677331248095,190.62647001875075,178.91854014879698,189.17733764763895,180.50285334597007,190.84098555762083,178.18940500887578,189.58900209781763,183.19025356314617,184.0358732373312,185.84659963437196,184.13463234190922
195.81199904261365,194.88403083985506,195.08955343693955,197.82148107704202,191.4547688684998,201.036018515113,189.49726808262912,200.777095377037,189.91116537237232,201.0783668308122,190.17879669096115,200.71114649616524,189.51326186514225,200.77709537703703,189.80292337998327,200.43347560756266,189.60155993472975,201.10769676757232,190.12193858494027,200.57595555553971,189.60485923864246,201.10769676757232,190.21088749090345,200.76407699809798,189.69315730822996,200.72416487510432,189.50328990374146,200.23806515765295,189.45914086894771,200.83002587896971,189.97678240933192,200.80069594220959,189.82560441261117,200.88295638090244,189.91455331857438,200.93588688283515,190.03759065564117,201.02543632887947,190.02488158441409,200.88295638090244,189.71527614677149,200.55235499036715,189.6175683098696,200.88295638090244,190.12258942131598,201.07836683081217,190.05962085189341,201.07836683081217,190.12258942131595,200.93588688283515,189.7373063430237,200.64190443641147,189.70586637945706,200.93588688283515,190.24627759475848,201.26648827337044,190.11317965400156,200.8902453882539,189.89178364365716,200.93588688283512,189.8758639108066,200.80069594220959,189.92652291113649,200.83002587896974,189.60164857701903,200.56866654818825,189.86034368009055,200.86664482308132,189.6584180407506,200.81700750003068,190.3653647915369,201.25017671554932,189.68044823700285,200.57595555553971,190.04634958657991,201.160627269505,189.88913517612013,200.65821599423256,189.68318534682916,200.74776544027685,189.99946344195985,201.21355777143773,190.0557593538943,200.68181655940509,189.91051453599664,201.03845470781852,189.47184994017485,200.47338773055634,190.64023096170013,201.76560636976083,189.36538317233425,200.21931740712634,191.03757227484385,201.96674619125812,188.55742928073334,200.59139055641921,193.8011630854777,194.69649308501519,196.6151379673399,194.80724208644824
185.143196885344,184.25031594387372,184.42595322794398,186.97903851772594,180.93982668471722,189.94497347303761,178.98240322494937,189.58612834630208,179.29333017797418,189.82560441261037,179.52413988189031,189.5307797270188,179.04374838542395,189.76337532185283,179.44066656800842,189.43853151714291,179.12722169930581,189.96595179756841,179.6067750466768,189.54885978298262,179.21069501318769,190.05095056324319,179.73198328330375,189.72610675853329,179.29416832706954,189.75396555453838,179.1689600904426,189.31879348398883,179.12805984840119,189.88311335500688,179.62722343350165,189.84368446857414,179.43982841891307,189.79086514513099,179.31545486298978,189.6986169352551,179.43982841891307,189.90119341097071,179.56503665554001,189.79086514513099,179.19024662636284,189.40163192655032,179.08548677656071,189.79086514513099,179.66979650534213,190.02093144412481,179.60593689758142,190.02093144412481,179.66979650534213,189.9106031782851,179.35635510503118,189.61361816958032,179.19024662636284,189.73335620273443,179.62722343350165,190.1225894213151,179.66979650534213,189.85309423588853,179.41854188299283,189.82560441261032,179.39892817687166,189.85309423588853,179.6894102114633,189.9934416208466,179.31545486298978,189.61577849269361,179.46111495483328,189.87370358769249,179.27288179114933,189.76084602601267,179.81545659718563,190.08568983072249,179.18940847726745,189.54885978298267,179.62806158259701,190.17068859639724,179.58548504236487,189.81835496840924,179.44066656800842,189.84368446857411,179.6263852844063,190.20542786387662,179.64934811851725,189.67800758345112,179.46027680573792,189.93846197429019,179.00285161177422,189.4360022213028,180.1689600904426,190.6706190535445,178.93982668471722,189.19615718226777,180.52413988189031,190.87572482510018,178.23030525091718,189.63315113261135,183.23282663498665,184.08002227212495,185.89690964372778,184.19065814530879
195.98466757770046,194.93696134178776,194.99730522706366,197.54381018843944,191.07494541723352,200.66879818046607,189.2024433970376,200.55235499036712,189.76140822009987,200.85362644414232,189.88397200536966,200.48640610949536,189.45575292274569,200.88295638090244,190.00766017881216,200.53933661142807,189.54405099233318,200.97250582694676,190.02969037506438,200.59226711336078,189.64175882923507,201.02543632887947,190.05172057131659,200.68181655940509,189.73005689882257,200.88295638090244,189.73335620273528,200.43347560756268,189.57887890210182,200.93588688283515,190.096520442486,200.906556946075,189.85309423588939,200.65821599423256,189.44248165743218,200.38054510562998,189.56551899449903,200.71114649616527,189.84979493197667,200.71114649616527,189.56551899449903,200.38054510562995,189.44248165743218,200.71114649616527,189.97283226904349,200.90655694607497,189.884534199456,200.85362644414229,189.85309423588939,200.71114649616527,189.65446790046218,200.56866654818825,189.53077972701968,200.523025053607,189.70728722390535,200.85362644414229,189.93809300156417,200.81700750003068,189.80894520109564,200.80069594220956,189.80894520109564,200.95948744800771,190.26040751043388,201.07836683081217,189.64505813314778,200.48640610949539,189.78691500484345,200.88295638090241,189.67649809671443,200.68181655940512,190.10527937342474,201.02543632887944,189.58820002712693,200.5393366114281,189.96351114401841,201.07836683081214,189.94195449956328,200.906556946075,190.00766017881216,200.90655694607497,189.94195449956325,201.02543632887947,189.8437731108643,200.59226711336078,189.91992430331103,201.00183576370691,189.37960173029896,200.28526628799807,190.37073577627356,201.39838603511393,188.96023022090304,199.85209707247944,190.76807708941729,201.83155525063256,188.58491910401153,200.69725156028463,193.92090111863183,194.7494235869479,196.6151379673399,194.80724208644824
185.47241064049928,184.39282365194506,184.34415274386117,186.61257497406251,180.41770373389747,189.59442966222471,178.92021644698772,189.83896432021311,179.75159352103327,190.18876865236112,179.7115348964789,189.71669699121887,179.29333017797418,190.1612788290829,179.89892991106748,189.836435024373,179.37680349185607,190.16127882908287,179.81545659718563,189.8458447916874,179.48156334165816,190.1960180965622,179.77288352534515,189.87117429185233,179.56503665554004,190.17068859639727,179.64850996942189,189.7166969912189,179.35635510503118,190.06903061920698,179.83590498401048,190.1059302097996,179.64850996942189,189.78145537781657,179.08548677656074,189.40163192655032,179.19024662636284,189.79086514513097,179.56503665554004,189.90119341097071,179.43982841891307,189.69861693525507,179.31545486298981,189.90119341097071,179.6894102114633,190.02093144412478,179.58632319146028,189.90119341097071,179.41854188299283,189.68920716794068,179.31545486298981,189.75612587765167,179.37764164095142,189.68920716794068,179.35635510503118,189.89178364365631,179.62722343350165,189.98619217664546,179.58632319146025,189.97678240933107,179.60593689758142,190.21625847563931,180.12805984840119,190.28101686223695,179.33506856911097,189.53945001566825,179.46111495483331,190.05095056324313,179.48156334165816,189.83643502437303,179.79417006126539,190.16127882908285,179.39809002777628,189.72610675853335,179.62806158259704,190.10376988668628,179.6263852844063,190.13125970996455,179.89892991106751,190.10593020979957,179.58548504236489,189.94929258605291,179.33590671820633,189.62444878134301,179.66895835624675,190.19129794820122,179.19024662636284,189.39185318650905,179.89809176197213,190.22856651152065,178.41937656369652,188.77943414040888,180.29417179546124,190.87572482510015,178.46027333734625,189.92072637400176,183.46112189161664,184.15561127048531,185.84659963437196,184.13463234190922
196.10412496437357,194.98260283636901,194.95389567093494,197.43794918457402,190.97112711692995,200.74203606868929,189.47193858246419,201.01814732152798,190.32572809111792,201.35603771941479,190.23630563335772,200.80069594220956,189.75057760833718,201.25017671554934,190.38748363007844,200.90655694607497,189.83887567792468,201.19724621361664,190.17944752733683,200.76407699809795,189.81684548167246,201.19724621361664,190.20147772358905,200.85362644414226,189.90514355125995,201.10769676757232,190.00285138816187,200.65821599423256,189.66171734466332,200.91957532501402,190.06903061920781,201.04174788670056,190.12258942131595,200.97250582694676,189.72789657570931,200.55235499036715,189.60494788093177,200.74047643292542,189.90514355125998,200.97250582694676,190.0375906556412,200.93588688283515,189.91455331857438,201.02543632887947,190.14791892148091,201.07836683081217,190.03429135172848,200.93588688283515,189.8256044126112,200.69483493834417,189.7373063430237,200.88295638090244,190.00285138816187,200.93588688283515,189.9492925860537,200.97250582694676,189.99344162084745,200.93588688283515,189.9587023533681,200.97250582694676,189.98403185353303,201.13129733274488,190.41016466270636,201.16062726950503,189.61756830986957,200.47009455167429,189.86975344740495,201.10769676757229,189.94599328214099,200.906556946075,190.28036602586215,201.25017671554932,189.85769521255349,200.76407699809801,190.04634958657991,201.11498577492375,190.03420270943917,201.13129733274488,190.26774559692433,200.98881738476783,189.80413641044535,200.77709537703703,189.60429704455612,200.57595555553968,190.12250077902664,201.27950665230949,189.64909691572552,200.42045722862363,190.34324595299537,201.23959452931581,188.72075415459483,199.69330556668132,190.74058726613907,201.91381568932542,188.73467625628402,200.77951199897748,193.89341129535362,194.64356258308248,196.4953999341858,194.75431158451553
185.11250058210936,184.10524841055474,184.13547119335234,186.64731424154184,180.68857206236791,189.92615393840882,179.19108477545819,189.95870235336724,179.75159352103324,190.18876865236112,179.7115348964789,189.71669699121887,179.29333017797418,190.1612788290829,179.89892991106748,189.836435024373,179.37680349185604,190.0415407959288,179.54458826871516,189.5047107481889,179.18940847726745,190.00680152844944,179.66979650534211,189.68195772373957,179.2728817911493,189.82955455289877,179.37764164095142,189.48663069222511,179.10677331248095,189.66171734466249,179.35635510503118,189.80894520109482,179.64850996942189,190.06903061920698,179.54375011961977,189.65446790046138,179.12805984840119,189.53472986730728,179.2728817911493,189.85704437617699,179.64850996942189,189.97678240933109,179.54375011961977,189.97678240933109,179.64850996942189,189.97678240933109,179.54375011961977,189.86645414349138,179.39892817687166,189.68920716794071,179.33506856911094,189.89178364365631,179.64850996942189,189.98619217664549,179.56503665554001,189.86645414349138,179.37764164095142,189.68920716794071,179.35635510503118,189.7814553778166,179.37764164095142,189.80894520109482,179.62722343350165,189.83896432021317,179.04458653451931,189.39438248234922,179.43982841891304,190.04154079592874,179.48156334165816,189.83643502437306,179.79417006126539,190.16127882908285,179.39809002777628,189.71669699121895,179.6067750466768,190.06903061920696,179.58548504236489,189.98619217664552,179.62806158259701,189.68920716794068,179.1059351633856,189.55138907882281,179.10761146157631,189.54885978298262,179.70985859828815,190.22603721568058,179.21153316228305,189.40126295382348,179.89809176197213,190.21915674420626,178.39809002777628,188.74469487292956,180.25327155341984,190.72124752446675,178.16811847295554,189.47867383197797,182.96195830651618,183.74829799594082,185.62604131525731,184.07092011215468
195.77268133467047,194.72609798440658,194.76266048760598,197.59674069037214,191.48225869177801,201.19481002091109,189.64449593906141,200.74776544027685,189.76140822009987,200.85362644414232,189.88397200536963,200.53933661142807,189.5754909558998,201.07836683081217,190.23772647780598,200.7347470613378,189.66378902548729,200.88295638090244,189.70737586619467,200.20873522089278,189.34477382053029,200.88295638090244,190.02639107115166,200.53933661142807,189.43307189011779,200.55235499036715,189.53077972701968,200.34392616151837,189.48663069222593,200.60528549229986,189.59695895806564,200.57595555553971,189.85309423588939,201.04174788670056,190.06178117500667,200.71114649616527,189.44578096134489,200.32761460369724,189.44248165743218,200.71114649616527,189.97283226904349,200.85362644414226,189.76479616630189,200.76407699809798,189.86250400320378,200.85362644414226,189.8751244321416,200.85362644414229,189.86250400320378,200.76407699809795,189.76479616630189,200.80069594220959,189.85309423588939,200.76407699809795,189.77420593361629,200.71114649616527,189.64110799285939,200.57595555553971,189.71669699121975,200.71114649616527,189.60636872538004,200.48640610949539,189.64110799285939,200.60528549229986,189.44248165743218,200.5393366114281,190.01698130383727,201.07836683081214,189.7962361298685,200.73474706133783,190.10527937342474,201.07836683081214,189.70793806028104,200.68181655940512,190.07383940985812,201.13129733274485,189.95136426687768,200.76407699809801,189.67593590262805,200.38054510562995,189.33206474930316,200.55235499036715,189.63178686783431,200.64519761529348,190.15940036961925,201.25017671554934,189.60966802929278,200.4806767379078,190.49047380942767,201.45131653704664,188.96023022090304,199.85209707247944,190.76807708941729,201.68907530265554,188.26260459514182,200.22417022177231,193.42133963421145,194.41882219641261,196.57582025939672,194.97991062153505
185.32448682513936,184.30919802931419,184.29610946854785,187.06403728340072,181.39809002777628,190.5548632232977,179.50285334597007,189.81619464529589,179.29333017797418,189.82560441261037,179.52413988189031,189.6505177601729,179.31461671389442,190.20542786387662,179.96111668902913,189.88058405916672,179.39809002777628,189.9753615648828,179.35719325412657,189.27069430890663,179.0232999985991,190.01010083236213,179.79417006126539,189.68525702765226,179.10677331248095,189.5955381136165,179.19024662636284,189.53077972701882,179.37764164095142,189.88311335500688,179.37764164095142,189.64110799285854,179.43982841891307,190.1225894213151,179.85719151993072,189.94534244576442,179.23114686840424,189.44578096134404,179.12805984840119,189.83501417992471,179.71069674738354,189.94534244576442,179.37764164095142,189.74276597004882,179.46111495483331,189.94534244576442,179.62722343350165,190.05567071160414,179.71069674738354,190.03034121143921,179.58632319146025,189.9106031782851,179.43982841891307,189.73335620273443,179.37764164095142,189.82560441261032,179.43982841891307,189.85309423588853,179.64850996942189,190.00285138816099,179.37764164095142,189.53077972701882,179.19024662636284,189.70586637945621,179.35635510503118,189.97283226904264,180.00285161177422,190.3251658970307,179.5437501196198,189.88058405916678,179.81545659718563,190.20542786387657,179.46027680573792,189.88058405916678,179.89892991106751,190.32516589703067,179.64767182032654,189.73335620273446,179.16979823953795,189.41104169386469,179.12722169930584,189.87370358769252,179.60677504667677,189.9655828248415,179.96111322063746,190.46551328198879,179.50201519687468,189.86864499601222,180.43982841891307,190.799766854013,178.96111322063746,189.23089644974709,180.56504012393171,190.80013582673979,178.00200999428719,189.34557589122096,183.00285854855758,184.08002227212495,186.23720599599656,184.7372249465638
196.1471788736128,195.01093489881504,194.91696832024797,197.76855057510932,191.74234410989018,201.45616935169258,189.81958259149883,200.777095377037,189.6810990733785,200.83002587896976,189.93932062465294,200.60528549229983,189.60551007501815,201.05476626563961,190.18274683124955,200.71114649616524,189.69380814460564,201.00183576370691,189.88246251863205,200.38054510562995,189.49453097280275,201.05476626563961,190.20147772358905,200.71114649616527,189.58282904239024,200.67123437317161,189.58612834630298,200.46280554432283,189.72863605437428,200.9652168195953,189.9492925860537,200.74776544027688,189.82560441261117,201.02543632887947,190.14461961756817,200.93588688283515,189.71527614677146,200.55235499036715,189.61756830986957,200.88295638090244,190.12258942131595,200.88295638090244,189.61756830986957,200.55235499036715,189.71527614677146,200.88295638090244,190.02488158441406,201.02543632887947,190.03759065564117,200.98881738476786,190.03429135172846,201.02543632887947,189.93593267845088,200.74776544027688,189.74671611033807,200.88295638090244,189.99344162084745,201.02543632887947,190.16127882908373,201.01814732152801,189.72863605437428,200.55235499036715,189.69645661214267,200.86664482308134,189.91455331857435,201.04174788670056,190.36931493182533,201.25017671554932,189.86099451646621,200.85362644414229,190.2456267583828,201.19724621361661,189.77269644687871,200.71114649616527,190.10385852897647,201.160627269505,189.92387444359946,200.6948349383442,189.63903631203544,200.55235499036712,189.69380814460561,200.9652168195953,189.98412049582237,200.85362644414226,190.21474898890253,201.36905609835381,189.85167339144112,200.84060806520324,190.84280743741576,201.76560636976083,189.25505490649454,200.16638690519363,191.02816250752946,201.86088518739271,188.32736298173953,200.34304960457678,193.6539352290454,194.77875352370805,196.97418259881078,195.28748945076643
185.21815101238403,184.10810469259567,183.97493113072159,186.60316520674809,180.87596707695653,190.08458137933067,179.16979823953795,189.59223880970379,179.16895662205093,189.70256707554358,179.41938003208818,189.43307189011693,178.96027507154207,189.67507725226537,179.35719325412654,189.35023344755544,179.04374838542395,189.87765372798094,179.52330173279492,189.46056171339515,179.12722169930581,189.96265249365572,179.64850996942189,189.63780868894585,179.21069501318769,189.66566748495092,179.08548677656071,189.23049541440136,179.04458653451931,189.79481528541945,179.54375011961977,189.76479616630107,179.37764164095142,189.84763460886256,179.52246358369956,189.82230510869766,179.33674139891002,189.61031886566764,179.25159525522909,189.81289534138327,179.58632319146025,189.70256707554353,179.00201346267886,189.31333385696288,179.10677331248095,189.70256707554353,179.48156334165816,189.82230510869766,179.37764164095142,189.76479616630107,179.5437501196198,190.05962085189259,179.62722343350165,189.76479616630107,179.29416832706957,189.82230510869766,179.56503665554001,189.93263337453735,179.54375011961977,189.70256707554353,179.04458653451931,189.43307189011696,179.33506856911094,189.90514355125913,179.5028498775784,189.84979493197588,179.62722343350165,189.90514355125913,179.21069501318769,189.67254795642521,179.71069674738351,189.99739176113502,179.12722169930581,189.3502334475555,179.27371994024469,189.79481528541939,179.31461671389442,189.64505813314699,179.33590671820633,189.64505813314693,179.31461671389442,189.80422505273384,179.29500647616493,189.4953009808745,179.41770373389744,189.96990193785683,179.14934638432143,189.5343608945804,180.08548677656071,190.40507400840636,178.64767182032651,189.02286034700555,180.44066656800842,190.677098489673,177.89725014448507,189.22253855415423,182.8784849926343,183.88139593669777,185.82531309845172,184.12522257459483
195.77268133467047,194.68947904029494,194.67982204504452,197.46154974974658,191.32309177219116,201.00668857835285,189.44191946334581,200.51573604625551,189.53134192110605,200.7111464961653,189.88397200536966,200.48640610949536,189.3635047128698,200.60528549229986,189.62783672754588,200.26166572282548,189.45180278245726,201.02543632887947,190.14942840821848,200.64519761529348,189.64175882923507,201.02543632887947,190.05172057131659,200.68181655940512,189.73005689882257,200.79340693485813,189.53077972701971,200.1558047189601,189.30938371667526,200.74776544027685,190.00427223261013,200.86993800196339,189.86250400320378,200.85362644414229,189.87512443214163,200.85362644414229,189.86250400320378,200.76407699809798,189.76479616630189,200.85362644414229,189.97283226904349,200.71114649616527,189.44248165743218,200.38054510562998,189.565518994499,200.71114649616527,189.84979493197667,200.76407699809798,189.68525702765311,200.71843550351673,189.99486246529571,201.23715833661029,190.26981727774827,200.95948744800771,189.79953543378124,200.85362644414229,189.93809300156417,200.81700750003068,189.71669699121975,200.47009455167426,189.30938371667526,200.48640610949539,189.93809300156417,201.04174788670056,189.88453419945603,200.68181655940512,189.80499506080724,200.74776544027685,189.50866088847815,200.5922671133608,190.07054010594541,200.93588688283512,189.42036281889065,200.20873522089281,189.53953865795839,200.74776544027685,189.77411729132697,200.81700750003068,189.97292091133284,200.76407699809795,189.6543792581729,200.60528549229986,189.4292103921187,200.26166572282548,189.65042911788447,200.77709537703703,189.29676328773746,200.24864734388646,190.27848756639767,201.26319509448837,188.90272127850648,199.90502757441214,190.85307585509207,201.68907530265554,188.17760582946707,200.13462077572797,193.39601013404649,194.41882219641261,196.41935210364144,194.58921270326118
185.2188363948647,184.31575151458765,184.47793606709885,187.14292558567377,181.25159525522909,190.31143701670106,179.27455808934008,189.7500154142499,179.35551695593583,189.9894914805582,179.81629474628102,189.90665303799662,179.37680349185607,189.96200165727998,179.52413988189031,189.63715785257006,179.46027680573792,190.46156314170037,180.16979823953795,190.05388089442897,179.56503665554004,190.28431616614967,179.85635683922703,189.95947236143979,179.64850996942189,190.14865840014502,179.48240149075352,189.51741981941598,179.23114686840424,190.07232992311964,179.91937829789237,190.19422827938706,179.73198328330378,190.07449024623293,179.64850996942189,190.09981974639786,179.77288352534518,190.10922951371225,179.66979650534213,190.10922951371228,179.77288352534518,189.98949148055814,179.39892817687166,189.78691500484257,179.52330173279495,189.98949148055814,179.64850996942189,189.98949148055817,179.52330173279495,190.00757153652197,179.89809176197213,190.57405173065334,180.21153316228308,190.30455654522675,179.6894102114633,190.09981974639786,179.73198328330378,189.99890124787257,179.46111495483331,189.69250647185336,179.23114686840424,189.90665303799668,179.96195136973282,190.37872469913881,179.6894102114633,189.83973432828572,179.54458826871516,189.96200165727993,179.35635510503118,189.81440482812079,179.83674313310587,190.1392486328306,179.27288179114933,189.51741981941603,179.44066656800842,190.07232992311964,179.70985859828815,190.19422827938709,179.94150298290796,190.07449024623293,179.43899026981768,189.74060564693556,179.16979823953795,189.49209031925105,179.5028498775784,189.99202077639831,179.06503838973586,189.39515249042174,179.98156507585401,190.43660261426226,178.77371820604887,189.16471721870113,180.58632665985192,190.84428486153351,178.06419677224881,189.39913469332902,183.04543162039806,184.03917254124389,185.96850618900379,184.25609371602275
195.93145642928675,195.01922178048062,195.24872035652641,198.09915196564461,191.859921819931,201.40323884975987,189.67451505817979,200.72416487510429,189.70642857354343,200.91957532501408,190.11656760020361,200.8463374367908,189.81749631804814,201.14431571168396,190.17333706393518,200.80069594220956,189.90579438763564,201.38536765617491,190.38202400305246,200.85362644414229,189.81684548167246,201.19724621361664,190.20147772358905,200.85362644414226,189.90514355125995,201.05476626563961,189.88311335500774,200.60528549229986,189.75396555453921,201.10769676757232,190.24627759475851,201.02543632887947,189.90844285517269,200.83002587896974,189.80422505273464,200.88295638090244,190.0281808883268,200.97250582694676,189.91455331857435,200.88295638090244,189.91785262248709,200.83002587896974,189.79481528542024,200.83002587896974,189.91785262248709,200.83002587896974,189.79481528542024,200.83002587896974,189.91785262248709,201.02543632887947,190.23686782744409,201.35603771941476,190.32516589703155,201.07836683081217,189.9492925860537,200.97250582694676,189.99344162084745,200.88295638090244,189.83896432021399,200.77709537703703,189.75396555453923,200.93588688283515,190.29042662955226,201.25017671554934,189.93988281873928,200.80069594220959,190.04700042295559,201.05476626563959,189.7412564833121,200.65821599423256,190.01556045938898,201.00183576370688,189.6529584137246,200.60528549229986,189.98412049582237,201.10769676757229,190.01612265347535,201.0783668308122,190.25833582960993,201.02543632887944,189.80413641044532,200.72416487510432,189.57680722127787,200.56866654818822,190.06968145558349,201.17364564844408,189.55468838273634,200.40414567080254,190.40075489539194,201.42771597187408,189.02498860750072,199.9709764552839,190.90842447437532,201.80795468546,188.32736298173953,200.34304960457678,193.65393522904537,194.77875352370805,196.97418259881078,195.28748945076643
184.97546846611934,184.08066257072187,184.2512696626649,186.93159017901954,181.06336209154512,190.11602134289734,179.08632492565607,189.53868000759567,179.14767008613069,189.64900827343547,179.3359067182063,189.47392162099797,179.16895662205093,190.02883172470172,179.77288352534515,189.70398791999179,179.25242993593278,189.91850345886201,179.43982841891304,189.40700291128704,179.10593516338557,189.91850345886201,179.58632319146025,189.59365965415213,179.18940847726745,189.73184671599691,179.2728817911493,189.47392162099803,179.23198154910793,189.83566501630048,179.48156334165816,189.59149933103885,179.06420024064047,189.36143303204503,178.96111322063746,189.45584156503421,179.29416832706954,189.64900827343538,179.18940847726745,189.44643179771981,179.04458653451931,189.44643179771978,179.18940847726745,189.64900827343541,179.29416832706954,189.44643179771978,178.93982668471722,189.44643179771981,179.29416832706954,189.77815607390392,179.48156334165816,189.80348557406884,179.33506856911094,189.60090909835324,179.23198154910793,189.65841804074981,179.27288179114933,189.55676006355952,179.21069501318769,189.62367877327048,179.23198154910793,189.67649809671363,179.52246358369953,189.85158474915102,179.21069501318769,189.59365965415213,179.56503665554001,189.91850345886195,179.12722169930581,189.29667464544735,179.1689600904426,189.62151845015717,179.04374838542395,189.47392162099803,179.46111495483328,189.83566501630045,179.25242993593278,189.71123736419298,179.56420197483632,189.80348557406879,179.25242993593278,189.54808977491012,179.00285161177422,189.41641267860143,179.56419850644465,190.09359011129936,179.10677331248095,189.26881584944229,179.75243167012863,190.09611940713947,178.31461671389442,188.6469870360277,180.14851170361771,190.51321142172517,177.83506336652343,189.16897975204611,182.83591192079385,183.92224566757881,186.09401290544446,184.60635380513588
195.77268133467047,194.68947904029494,194.67982204504452,197.46154974974658,191.32309177219116,201.00668857835282,189.44191946334581,200.56866654818822,189.65107995426015,200.71114649616527,189.67198576233966,200.29828466693709,189.39824398034912,200.98881738476788,190.21239697764105,200.64519761529348,189.48654204993662,200.69483493834417,189.61512765631878,200.31459622475819,189.58424988683851,201.07836683081217,190.13671933699138,200.64519761529351,189.56221969058629,200.74776544027688,189.7514362586991,200.5393366114281,189.61577849269446,200.76407699809798,189.82702525705946,200.62888605747241,189.55826955029789,200.43347560756266,189.38497271503564,200.48640610949539,189.77025579332792,200.76407699809795,189.672547956426,200.43347560756268,189.36294251878343,200.43347560756266,189.672547956426,200.76407699809798,189.77025579332792,200.48640610949536,189.38497271503562,200.57595555553971,189.88058405916763,200.86993800196339,189.80169575689453,200.62888605747239,189.58359905046282,200.62888605747241,189.80169575689453,200.81700750003068,189.7608460260135,200.62888605747239,189.71669699121978,200.76407699809798,189.72610675853414,200.68181655940512,189.87117429185321,200.80069594220956,189.56221969058629,200.5922671133608,190.01698130383724,200.98881738476783,189.59365965415293,200.35121516886983,189.59630812168996,200.60528549229983,189.39503331872572,200.44978716538378,189.86185316682813,200.80069594220956,189.5715408156114,200.68181655940512,190.02574023477595,200.95948744800768,189.85911605700178,200.71114649616527,189.46394965959803,200.40414567080251,189.93800435927486,201.10769676757232,189.50874953076749,200.24864734388646,190.15874953324357,201.06778464457864,188.58040676963677,199.57442618387685,190.6758288795414,201.74200580458825,188.38234262829596,200.33003122563773,193.54107766736556,194.61423264632234,196.85881706032322,195.29505910459889
185.46151894112933,184.34319363646142,184.20159753515554,186.81450061340234,181.0642002406405,190.27999705313439,179.35803140322193,189.92331224951215,179.64767182032654,190.13529849254223,179.6288997316924,189.59630812168902,179.23030871930885,190.22754670241812,180.04626283271006,189.90270289770822,179.31378203319073,189.92115192639892,179.46195310392866,189.70012642199259,179.64850996942189,190.54045144397341,180.1272251676975,190.01303116354794,179.48240149075355,190.13529849254218,179.79417006126539,189.98554134026972,179.54458826871516,190.06837978283122,179.77288352534515,190.16278831582042,179.77455635514423,190.04305028266629,179.50201519687471,189.97613157295532,179.81545659718563,190.25503652569628,179.73198328330378,189.86580330711561,179.33590671820633,189.86580330711561,179.73198328330378,190.25503652569631,179.81545659718563,189.98554134026972,179.52330173279495,190.18811781598532,180.06503838973586,190.365364791536,179.73198328330378,189.9508020727904,179.54458826871516,190.153378548506,179.98156507585401,190.365364791536,179.81545659718563,190.10527937342383,179.79417006126539,190.28036602586121,179.79417006126539,190.10527937342385,179.81545659718563,190.13529849254218,179.46111495483331,189.89329313039383,179.87764337514727,190.33787496825778,179.64850996942189,189.89329313039386,179.69024836055866,190.01556045938807,179.31545486298978,189.78296486455415,179.77372167444054,190.15121822539268,179.52246358369956,190.07054010594456,180.02497629678984,190.45036355721075,179.98072692675862,190.23621699106752,179.52413988189031,189.80104492051791,179.81461844809024,190.36789408737616,179.37847979004681,189.56844932568399,180.04375185381562,190.39575288338119,178.58632319146025,189.04102904525851,180.6697999737338,191.22015817251136,178.60593342918975,189.89474603746089,183.39977326275039,184.34812714251078,186.40942255998419,184.91471212407691
196.1471788736128,194.95800439688233,194.79723028709384,197.57314012519959,191.51227781089636,201.26075890178288,189.69984455834469,200.86664482308132,190.00341358224821,201.16062726950506,190.11656760020361,200.60528549229983,189.52051130934336,201.00183576370691,190.14800756377025,200.65821599423253,189.60880937893086,200.9489052617742,189.93997146102862,200.71114649616527,190.02883172470246,201.47491710221922,190.36931493182533,200.80069594220959,189.70981651974546,201.05476626563961,190.17068859639812,200.93588688283515,189.87370358769331,201.00912477105834,190.1518690617693,201.21355777143773,190.27234657358844,201.10769676757232,189.91239299546109,200.91957532501405,190.09509959803776,201.10769676757232,189.99739176113584,200.77709537703703,189.68778632349327,200.77709537703703,189.99739176113587,201.10769676757232,190.09509959803776,200.97250582694676,190.0321310286152,201.30310721748205,190.50241287258225,201.30310721748205,190.0321310286152,200.91957532501405,189.97536156488366,201.16062726950503,190.32911603731998,201.25017671554934,190.08568983072334,201.02543632887947,190.1612788290837,201.25017671554932,190.1612788290837,201.07836683081217,190.20542786387747,201.05476626563961,189.67507725226614,200.60528549229986,189.96200165728084,201.1443157116839,190.02883172470246,200.98881738476786,190.22754670241898,201.05476626563959,189.6529584137246,200.74776544027688,190.21418679481619,201.19724621361661,189.89638462032124,200.93588688283515,190.24025577364611,201.30310721748202,190.29428812755131,201.19724621361664,189.90853149746198,200.71114649616524,190.0602716882691,201.12071514651137,189.44436011689663,200.31459622475822,190.40075489539191,201.5172654179184,189.13531687334043,200.11345640326093,191.12041071740532,202.191486577928,188.82692446615988,200.81613094308909,193.97624973791511,194.92123347168507,196.97418259881078,195.28748945076643
185.08111889639403,183.95437105229431,183.79857473564343,186.41064933472265,180.6894067430716,189.91739500747016,179.04375185381562,189.59544947132724,179.33506510071928,189.89243448003211,179.52330173279492,189.39503331872493,178.83590151561881,189.53322038056976,179.20986033248397,189.20837657585986,178.91937482950067,189.71987712343483,179.35635510503118,189.43844287485368,179.29333017797418,190.04219163230454,179.50284987757837,189.32811460901399,178.89725361287674,189.65295841372384,179.41937656369652,189.59760979444056,179.18940847726745,189.68044823700205,179.39809002777628,189.80018627015616,179.46027680573792,189.68044823700205,179.12722169930581,189.47787176128645,179.21069501318769,189.56071020384795,179.10593516338557,189.35813372813234,178.96111322063746,189.35813372813234,179.10593516338557,189.56071020384795,179.21069501318769,189.58820002712616,179.37680349185604,189.97743324570683,179.69024489216699,189.80018627015616,179.16812194134721,189.50320126145138,179.21069501318769,189.68985800431645,179.39809002777628,189.68044823700205,179.18940847726745,189.58820002712616,179.39809002777628,189.85769521255273,179.39809002777628,189.70793806028027,179.46027680573792,189.65295841372384,178.85635337083534,189.09804831002018,179.02329999859907,189.65295841372384,179.29333017797418,189.71734782759469,179.58632319146025,189.77269644687792,179.00117531358347,189.53069108472963,179.64850996942189,189.95935318974298,179.16895662205093,189.42036281888991,179.23114686840421,189.71518750448135,179.41853841460116,189.78210621419237,179.19024662636281,189.33752437632836,179.23114340001254,189.59797876716743,178.54375011961977,188.89294253846444,179.69024489216699,190.33954561373611,178.75159352103324,189.00074150846405,180.33590671820633,190.66438941844592,178.02245838111205,189.40299619132836,183.0020203994622,183.84335736530574,185.65309653446408,183.94773539708171
195.77268133467047,194.58361803642953,194.4403459787363,197.12365935185983,190.98269720735763,200.81127812844309,189.43250969603142,200.65821599423253,189.77081798741426,200.85362644414232,189.87456223805526,200.39685666345105,189.26258621434448,200.55235499036715,189.60901719291709,200.20873522089278,189.35088428393198,200.79340693485813,189.81770413203438,200.40414567080251,189.58424988683851,200.93588688283515,189.81440482812167,200.26166572282548,189.26523468188151,200.60528549229986,189.72610675853417,200.53933661142807,189.64110799285939,200.76407699809798,189.80169575689453,200.62888605747241,189.58359905046282,200.43347560756266,189.35964321487072,200.34392616151837,189.47327078462314,200.38054510562995,189.35023344755632,200.29099565958566,189.36294251878343,200.29099565958563,189.35023344755632,200.38054510562998,189.47327078462314,200.48640610949536,189.68195772374042,200.81700750003068,189.88058405916763,200.62888605747239,189.50471074818975,200.48640610949539,189.55826955029792,200.53933661142807,189.62444878134386,200.57595555553971,189.5488597829835,200.53933661142807,189.72610675853417,200.76407699809798,189.71669699121975,200.68181655940512,189.8805840591676,200.65821599423253,189.23049541440218,200.06625527291578,189.40709155357717,200.60528549229983,189.58424988683853,200.5922671133608,189.90270289770916,200.80069594220956,189.53069108473036,200.68181655940512,190.15883817553291,200.95219844065622,189.46121254977169,200.29828466693712,189.5167689830412,200.57595555553968,189.65653958128615,200.62159705012095,189.46394965959806,200.31459622475819,189.73542788355925,200.72416487510432,188.99977827903271,199.91804595335117,190.16815930055799,201.50424703897934,189.31003455305097,200.10043802432187,190.79556691269551,201.60681486396268,188.20509565274529,200.33003122563773,193.62607643304034,194.47175269834531,196.25609333586902,194.32699472213005
185.35586851085469,184.23000908858074,184.11255580523604,186.57107440680565,180.66812367554306,190.03657084653776,179.37931793914217,190.06911926149618,179.73114513420839,190.12193858493941,179.69108650965404,189.74211513367305,179.27288179114933,189.98412049582149,179.6288997316924,189.65927669111156,179.35635510503118,190.18669697153706,179.79500821036078,189.77901472426566,179.46111495483331,190.18669697153706,179.69024836055866,189.65927669111159,179.29500647616493,189.98412049582143,179.6067750466768,189.86185316682719,179.62806158259704,190.22359656212964,179.81545659718563,189.95410137670308,179.41938003208821,189.72403507770926,179.29500647616493,189.72403507770926,179.41938003208821,189.72403507770926,179.29500647616493,189.72403507770926,179.41938003208821,189.72403507770926,179.29500647616493,189.72403507770926,179.41938003208821,189.84377311086337,179.5658748046354,190.04634958657897,179.66896182463844,189.95410137670308,179.5658748046354,190.02102008641404,179.62806158259704,189.95410137670308,179.6067750466768,190.04634958657897,179.62806158259704,189.96351114401747,179.62806158259704,190.04634958657897,179.6067750466768,190.07383940985721,179.89892991106751,190.10385852897554,179.27371994024469,189.53953865795748,179.44066656800842,189.98412049582143,179.46111495483331,189.86185316682722,179.77372167444054,190.21418679481525,179.64850996942189,190.158838175532,180.06587653883122,190.21418679481522,179.35635510503118,189.74211513367311,179.60761319577216,190.01161031909962,179.56503665554004,189.89187228594557,179.33674486730169,189.76960495695127,179.89809176197213,190.33645412380952,179.19108477545819,189.44476115224145,180.1272251676975,190.89136422751315,179.39892817687166,189.62888859926633,180.75327328761568,190.91922302351816,178.20985686409233,189.75297780805454,183.44234633459084,184.19694914579003,185.77140292728711,183.84039805619568
196.27679349946038,195.07215228241336,194.94448590362049,197.43794918457402,191.07278509412023,200.98308801318026,189.75951382385455,201.10769676757229,190.14848111556725,201.02543632887949,189.91399112448798,200.60528549229983,189.63083957518307,201.05476626563961,190.15741733108462,200.71114649616524,189.71913764477057,201.14431571168393,190.17944752733683,200.76407699809795,189.81684548167246,201.14431571168393,190.08173969043494,200.71114649616527,189.79481528542024,201.05476626563961,189.99344162084745,200.74776544027688,189.87370358769334,201.10769676757232,190.12653956160437,200.88295638090244,189.79811458933295,200.77709537703703,189.79481528542027,200.83002587896974,189.91785262248706,200.83002587896974,189.79481528542027,200.83002587896974,189.91785262248706,200.83002587896974,189.79481528542027,200.83002587896974,189.91785262248706,200.88295638090244,189.91455331857438,200.97250582694676,190.02818088832677,201.02543632887947,190.12653956160437,201.16062726950503,190.08568983072334,200.97250582694676,190.04154079592959,201.16062726950503,190.17068859639812,201.07836683081217,190.10376988668713,201.11498577492378,190.06903061920781,201.13129733274488,190.32516589703155,201.16062726950503,189.79481528542024,200.74776544027688,190.07232992312052,201.10769676757232,189.83566501630125,200.80069594220959,190.15121822539362,201.19724621361661,189.95935318974378,200.89926793872354,190.09444876166205,200.95619426912563,189.71913764477054,200.93588688283518,190.32525453932087,201.21355777143771,190.00671288616093,200.86664482308134,189.69654525443201,200.85362644414226,190.50232423029291,201.55717754091208,189.74134512560141,200.51000667466795,190.54582242871095,201.85515581580515,189.66236818103903,200.54991879766163,191.24014875055943,202.05629563730244,188.64967749060921,200.8690614450218,194.180986536744,194.97416397361778,196.65445567528309,194.63457355136143
185.61964907337853,184.4706394496346,184.34578159605724,186.59656659892275,180.45943865664256,189.78099776280052,179.19024662636281,189.93112388779977,179.5633603573493,189.75603723536247,179.21153316228305,189.34147451661678,179.04291023632857,189.8963846203205,179.64850996942189,189.5715408156106,179.12638355021045,189.8963846203205,179.56503665554001,189.5715408156106,179.2098568640923,189.8963846203205,179.48156334165816,189.57154081561063,179.29333017797418,189.89638462032048,179.39809002777628,189.45180278245653,179.10593516338557,189.68439837729048,179.31461671389442,189.50931172485309,179.12722169930581,189.59215016741459,179.29333017797418,189.71188820056869,179.39809002777628,189.71188820056869,179.29333017797418,189.71188820056869,179.39809002777628,189.71188820056869,179.29333017797418,189.71188820056869,179.39809002777628,189.71188820056869,179.29333017797418,189.71188820056869,179.39809002777628,189.8316262337228,179.56419850644465,189.9144646762843,179.37680349185604,189.6196399906928,179.31461671389442,189.88913517611937,179.58548504236487,189.94195449956251,179.6263852844063,190.0342027094384,179.58548504236489,189.95136426687691,179.64767182032651,189.92387444359869,179.31461671389442,189.77411729132623,179.70985859828815,190.01612265347458,179.25242993593278,189.57154081561066,179.52246358369953,189.89638462032045,179.16895662205093,189.34147451661684,179.08548677656071,189.50715140173978,179.12638355021045,189.84103600103725,179.85719151993072,190.04361247675277,179.37596534276068,189.62688943489394,179.10677331248095,189.69127884876471,179.93898853562186,190.36845628146267,179.21069501318769,189.3664350440549,179.91854014879698,190.51605311062178,178.93898853562186,189.24416771506068,180.52330173279492,190.81556741516667,178.20985339570063,189.75675066376471,183.43899720660104,184.20652160505651,185.85236831765852,184.00203785952186
196.4494620345472,195.26756273232303,195.17455220261439,197.54381018843944,190.98994665155874,200.75834762651039,189.49001863842801,200.88295638090241,189.97339446312986,200.85362644414229,189.76423397221555,200.48640610949536,189.5754909558998,201.02543632887947,190.11798844465187,200.53933661142807,189.43372272649347,200.83002587896974,189.90995234191027,200.48640610949536,189.52202079608097,200.83002587896974,189.8216542723228,200.48640610949539,189.61031886566849,200.83002587896974,189.73335620273531,200.34392616151837,189.37630242638625,200.55235499036712,189.58754919075128,200.38054510562998,189.42045146117999,200.51573604625554,189.64505813314781,200.65821599423256,189.7427659700497,200.65821599423256,189.64505813314781,200.65821599423256,189.7427659700497,200.65821599423256,189.64505813314781,200.65821599423256,189.7427659700497,200.65821599423256,189.64505813314781,200.65821599423256,189.7427659700497,200.71114649616527,189.76479616630192,200.65821599423256,189.53077972701971,200.38054510562998,189.47722092491153,200.65821599423253,189.81835496841006,200.906556946075,190.13125970996538,201.13129733274488,189.98619217664634,200.76407699809798,189.73335620273531,200.69483493834414,189.64505813314778,200.81700750003068,190.19422827938794,201.07836683081214,189.71123736419375,200.68181655940512,190.07054010594544,200.93588688283512,189.42036281889065,200.1558047189601,189.41980062480431,200.60528549229983,189.66378902548729,200.81700750003068,190.08324917717255,200.85362644414226,189.65437925817287,200.60528549229986,189.52145860199462,200.59226711336078,190.14999060230485,201.19724621361664,189.49933976345307,200.39112729186348,190.4904738094277,201.59379648502366,189.19029651989686,199.99457702045646,190.76807708941729,201.74200580458825,188.47459083817188,200.6972515602846,194.03122938447154,194.89190353492492,196.73487600049401,194.86017258838095
185.7464748724793,184.67206163060456,184.63300592625674,186.90279868298973,180.6894102114633,189.86873363830145,179.17063638863331,189.99353026313582,179.75243167012863,190.1660876197331,179.75327328761566,189.90600220162091,179.56503665554001,190.35058403948491,179.94066830220427,189.7034257259053,179.12805984840119,189.9085314974611,179.58632665985192,189.5836876927512,179.21153316228305,189.9085314974611,179.50285334597007,189.5836876927512,179.29500647616493,189.90853149746107,179.41938003208818,189.47335942691151,179.12889799749658,189.74069428922479,179.39809349616797,189.59093713695233,179.19108477545819,189.6578558466633,179.35719325412657,189.76818411250301,179.44066656800842,189.76818411250301,179.35719325412657,189.76818411250301,179.44066656800842,189.76818411250301,179.35719325412657,189.76818411250301,179.44066656800842,189.76818411250301,179.35719325412657,189.76818411250301,179.44066656800842,189.76818411250301,179.35719325412657,189.6578558466633,179.19108477545819,189.48060887111262,179.14851170361774,189.68318534682822,179.44066656800842,190.00766017881122,179.89892991106751,190.26774559692339,179.62806158259704,189.67593590262712,179.16979823953795,189.63903631203451,179.33590671820633,189.9729209113319,179.94150298290796,190.258335829609,179.56420197483632,190.02574023477504,180.02497629678982,190.24025577364515,179.23114686840424,189.40644071720055,179.35803140322193,190.03767929792954,179.64850996942189,189.9982504114968,179.6697999737338,189.87851237834269,179.37764164095142,189.8256930548996,179.35803140322193,189.7034257259053,179.71069674738354,190.20335618305256,179.25327155341984,189.70089643006517,180.41938003208818,190.82518499646716,178.9406648338126,189.05373811648562,180.2950099445566,190.73330575931806,178.23114340001254,189.79712684284829,183.50453311255248,184.35142644642346,186.16200928891169,184.44299066085026
195.98466757770046,194.93696134178779,194.99730522706361,197.54381018843944,191.07494541723349,200.75834762651041,189.4050198727532,200.83002587896971,190.0309034055264,201.13129733274491,190.17879669096112,200.90655694607497,189.95531440716604,201.30310721748205,190.21023665452776,200.48640610949536,189.31398469333934,200.77709537703703,189.90995234191027,200.48640610949536,189.52202079608097,200.83002587896974,189.82165427232277,200.48640610949536,189.61031886566843,200.83002587896974,189.73335620273528,200.43347560756268,189.57887890210182,200.88295638090244,189.97678240933192,200.71114649616527,189.62302793689557,200.60528549229983,189.64505813314778,200.65821599423256,189.74276597004967,200.65821599423256,189.64505813314778,200.65821599423256,189.74276597004967,200.65821599423256,189.64505813314778,200.65821599423256,189.74276597004967,200.65821599423256,189.64505813314778,200.65821599423256,189.74276597004967,200.65821599423256,189.64505813314778,200.60528549229986,189.62302793689557,200.56866654818825,189.65446790046218,200.74776544027688,189.84368446857499,200.906556946075,190.10593020980042,200.98881738476786,189.68920716794153,200.38054510562998,189.41104169386557,200.55235499036715,189.64505813314778,200.76407699809798,190.07449024623381,201.02543632887947,189.80348557406961,200.95948744800771,190.45036355721169,201.30310721748202,189.71518750448215,200.57595555553971,190.01161031910058,201.26648827337041,190.16335050990764,200.99610639211932,189.98884064418334,200.85362644414226,189.84103600103793,200.93588688283518,189.83436334354991,200.68181655940509,190.03966233646511,201.14431571168393,189.58217820601456,200.61586767853336,190.75996899485426,201.72898742564922,189.16280669661865,199.88871601659105,190.64833905626315,201.68907530265554,188.47459083817182,200.69725156028463,194.03122938447152,194.89190353492489,196.73487600049401,194.86017258838098
184.86913265336401,183.97107796521422,184.13710004554841,186.68881480879861,180.66812020715139,189.78099776280052,178.98156507585401,189.71913764476975,179.50117357938765,190.04361247675283,179.73198328330378,189.85911605700096,179.50117357938765,190.18395986171089,179.64850996942189,189.35955457258058,178.85551522173998,189.7766465871664,179.56503665554001,189.5715408156106,179.20985686409233,189.8963846203205,179.48156334165816,189.57154081561063,179.29333017797418,189.89638462032048,179.39809002777628,189.56213104829624,179.35551695593583,190.09171165183497,179.79416659287372,189.91662499939758,179.37680349185607,189.70247843325427,179.29333017797418,189.71188820056869,179.39809002777631,189.71188820056867,179.29333017797418,189.71188820056869,179.39809002777631,189.71188820056867,179.29333017797418,189.71188820056869,179.39809002777631,189.71188820056867,179.29333017797418,189.71188820056869,179.39809002777631,189.71188820056867,179.29333017797418,189.7024784332543,179.37680349185607,189.79688696624348,179.52329826440325,189.99946344195908,179.6263852844063,189.94195449956251,179.58548504236489,189.80413641044458,179.1059351633856,189.33206474930242,179.12722169930584,189.69380814460484,179.31461671389442,189.65437925817213,179.43899026981768,189.80413641044456,179.25242993593278,189.85911605700102,179.98072692675862,190.29428812755054,179.41853841460116,189.76686784712516,179.81461844809024,190.41402616070465,179.85551522173998,190.06169253271665,179.62722343350165,189.95136426687685,179.60593342918975,190.12645091931432,179.60593689758142,189.80160711460442,179.68940674307163,190.15647003843267,179.18940847726745,189.53427225229117,180.12722169930584,190.48131384314249,178.66812020715139,188.91244343887658,180.25243340432445,190.69582938201256,178.20985339570063,189.75675066376471,183.43899720660104,184.20652160505651,185.85236831765849,184.00203785952186
195.63933050752681,194.68862038994527,194.85948713794579,197.62607062713229,191.33503083534572,200.98308801318026,189.49726808262912,200.72416487510429,189.79142733921825,200.88295638090247,189.94873039196736,200.65821599423253,189.71583834085789,201.05476626563961,189.98017035553397,200.38054510562995,189.39682313590086,201.00183576370691,190.17944752733686,200.76407699809798,189.81684548167249,201.19724621361664,190.20147772358908,200.85362644414226,189.90514355125995,201.10769676757232,190.00285138816187,200.74776544027688,189.86429382037895,201.10769676757229,190.1359493289188,200.93588688283515,189.90844285517269,200.91957532501402,189.91455331857438,200.88295638090244,189.91785262248709,200.83002587896971,189.79481528542027,200.83002587896974,189.91785262248709,200.83002587896971,189.79481528542027,200.83002587896974,189.91785262248709,200.88295638090241,189.91455331857438,200.97250582694676,190.0281808883268,200.88295638090241,189.80422505273467,200.83002587896974,189.90844285517269,200.97250582694676,190.1265395616044,201.21355777143773,190.20542786387745,201.02543632887944,189.94929258605373,200.777095377037,189.55138907882363,200.55235499036715,189.87370358769337,200.96521681959527,189.80422505273467,200.60528549229986,189.74060564693644,200.72416487510429,189.54808977491092,200.71114649616527,190.23621699106843,201.19724621361661,189.78210621419313,200.76407699809798,190.21418679481619,201.39265666352634,190.24618895246917,201.13129733274488,190.14800756377025,201.07836683081214,190.12645091931506,201.25017671554934,190.1038585289765,200.90655694607497,190.21474898890256,201.22657615037679,189.52935888257144,200.36752672669093,190.34324595299537,201.38207447729283,189.04306866346454,200.02390695721661,190.91783424168975,201.91381568932542,188.64967749060924,200.8690614450218,194.180986536744,194.97416397361778,196.65445567528309,194.6345735513614
184.96526214923014,184.01802284555083,184.11255580523604,186.74832138235638,180.87680522605189,190.03657084653778,179.17063638863331,189.66180598695169,179.21069501318769,189.60429704455524,179.23282316659495,189.34421162644296,179.02329999859907,189.78879346430699,179.42021818118357,189.3717014497212,179.10677331248095,190.07636870569738,179.79500821036075,189.77901472426569,179.46111495483328,190.30643500469117,179.96111668902913,189.9815911999813,179.54458826871516,190.10385852897556,179.62806158259701,189.7515249009875,179.35719325412654,189.81628328758518,179.35719325412657,189.66652613531272,179.41938003208818,189.93602132073929,179.5658748046354,189.8437731108634,179.41938003208818,189.72403507770929,179.29500647616493,189.72403507770929,179.41938003208818,189.72403507770929,179.29500647616493,189.72403507770929,179.41938003208818,189.8437731108634,179.5658748046354,190.046349586579,179.66896182463842,189.8437731108634,179.31629301208517,189.73344484502368,179.41938003208818,189.86910261102832,179.6067750466768,190.05575935389339,179.64934811851725,189.8437731108634,179.3359067182063,189.60429704455518,179.10761146157631,189.6317868678334,179.60677504667677,189.98412049582146,179.29500647616493,189.4292103921178,179.16979823953795,189.57680722127694,179.00285161177422,189.46394965959715,179.52413988189028,189.90853149746104,179.19024662636281,189.58368769275125,179.60761319577216,190.13859779645486,179.62722343350165,189.96351114401753,179.6288997316924,189.95410137670308,179.60593689758142,190.10385852897559,179.56671295373076,189.77901472426569,179.6894102114633,190.04887888241913,178.94150298290796,189.13910585488728,179.66896182463842,190.19647571157827,178.66979650534211,189.11124705888221,180.50369149506542,190.80889475767844,178.2098568640923,189.75297780805462,183.44234633459084,184.19694914579003,185.77140292728714,183.84039805619565
195.77268133467047,194.689479040295,194.67982204504446,197.46154974974658,191.32309177219113,201.05961908028556,189.56165749649992,200.56866654818822,189.43909371123013,200.43347560756268,189.50414855410335,200.26166572282548,189.39099453614796,200.85362644414229,189.97764105969381,200.56293717660063,189.69127884876548,201.13129733274488,190.05718019834259,200.51000667466792,189.58424988683848,201.13129733274488,190.25645737014545,200.78767756327051,189.67254795642597,200.85362644414229,189.88058405916757,200.64519761529351,189.63385854865825,200.57595555553968,189.44720180579316,200.40414567080254,189.678007583452,200.81700750003068,189.79228598958008,200.5393366114281,189.48268055193751,200.48640610949536,189.58029974655008,200.62888605747241,189.71274685093132,200.53933661142807,189.46997148071037,200.48640610949539,189.59300881777722,200.68181655940509,189.91202402273419,201.01241794994041,190.00032209232171,200.68181655940509,189.50471074818972,200.5393366114281,189.67800758345197,200.68181655940509,189.73477704718354,200.68181655940512,189.67800758345197,200.5922671133608,189.62444878134383,200.57595555553968,189.54885978298347,200.64519761529351,189.96558282484239,200.85362644414226,189.4953009808753,200.26166572282551,189.49209031925193,200.56866654818822,189.41641267860223,200.45707617273524,189.92078295367293,200.85362644414226,189.44785264216884,200.36752672669093,189.7790147242666,200.90655694607497,189.80160711460519,200.73474706133783,189.82316375906035,200.7347470613378,189.80160711460516,200.906556946075,189.7790147242666,200.56293717660063,189.88990518419266,200.88295638090244,189.20451507786154,200.1134564032609,190.22097862400111,201.36905609835378,189.10745807733534,200.01088857827756,190.79556691269548,201.65974536589539,188.32483368589936,200.52544167554746,193.85614273203413,194.66716314825501,196.3758313690231,194.37992522406279
185.47172525801858,184.40583336163252,184.3403113925844,186.9977694100655,181.25075710613373,190.47918558264806,179.54458826871516,189.89243448003199,179.31377856479907,189.80018627015619,179.54458826871516,189.82767609343432,179.58464689326951,190.50232423029217,180.25243340432448,190.29721845873635,179.93898853562186,190.59457244016804,179.89809176197213,189.67791894116186,179.29333017797418,190.27225793129833,180.0232999985991,189.94741412658846,179.37680349185607,190.00276274587176,179.73114513420839,190.03966233646435,179.66895835624678,190.00276274587173,179.43899026981771,189.82767609343435,179.69024489216699,190.18000972142241,179.6263852844063,189.70793806028027,179.23198154910793,189.80018627015613,179.6263852844063,190.12250077902584,179.75243167012863,189.91992430331024,179.37680349185607,189.80018627015613,179.48156334165816,190.03025256914995,179.89725361287677,190.41948578773062,179.96111322063746,190.03025256914995,179.41770373389747,189.91051453599584,179.69024489216699,190.09717127886091,179.64767182032654,189.91051453599584,179.46027680573795,189.91992430331024,179.66895835624678,190.12250077902584,179.70985859828818,190.15940036961845,179.96111322063746,190.21474898890173,179.41770373389747,189.6504291178837,179.5028498775784,190.0696814555827,179.56419850644465,190.0577423924282,180.08548677656074,190.38258619713798,179.4807251925628,189.73542788355849,179.64850996942189,190.18000972142238,179.66812020715139,190.03025256914998,179.71069674738354,190.03966233646432,179.68940674307163,190.21474898890176,179.6894102114633,189.88990518419186,179.77288005695351,190.24476810802011,179.27288179114933,189.73289858771832,180.46027680573792,190.97692518727442,179.23114340001257,189.40805478300851,180.58548851075656,190.89445571743971,178.29332670958252,189.84504873335214,183.52247052048293,184.28540990732955,185.92396486293453,184.06747343023585
196.01382804646917,194.92052680242105,194.89405693743365,197.74495000993676,191.68736446333378,201.43256878652002,189.84960171061718,200.84304425790876,189.73644769266181,200.9489052617742,190.18132598680131,201.05476626563959,190.16042017872181,201.64672698695642,190.74706670226766,201.35603771941473,190.36845628146341,201.59379648502369,190.23479614662014,200.55235499036712,189.55928935940045,201.17364564844408,190.34182510854711,200.83002587896974,189.64758742898795,200.89597475984149,190.05820000744515,201.05476626563961,190.19129794820208,201.22657615037679,190.10629918252729,201.05476626563961,190.23544698299582,201.22657615037676,189.96990193785766,200.67123437317161,189.66029650021508,200.9489052617742,190.25747717924804,201.3324371542422,190.27959601778957,201.00183576370691,189.85016390470355,200.89597475984149,189.94787174160547,201.00183576370691,190.18188818088765,201.3324371542422,190.35518501614996,201.09138520975122,189.88490317218287,200.9489052617742,190.12511871715611,201.18995720626518,190.18188818088768,201.03845470781852,189.93846197429104,201.00183576370691,190.19129794820208,201.27950665230949,190.2260372156814,201.19724621361664,190.34577524883554,201.22657615037676,189.85957367201794,200.77709537703703,190.1023490422389,201.26319509448837,190.09359011130016,201.16062726950503,190.57988033040706,201.50424703897934,190.00529204171269,200.86664482308134,190.15920714825978,201.22657615037676,190.0461417725937,201.05476626563961,190.2033561830535,201.1443157116839,190.15647003843341,201.22657615037679,190.04887888242007,200.88295638090244,190.24476810802091,201.43500497922557,189.90702201072443,200.95948744800771,191.08481279956413,202.07260719512357,189.48765050132852,200.17940528413268,190.85344482781892,201.83728462222015,188.56936834388787,200.79253037791653,194.11659712287317,194.95056340844522,196.73050350582747,194.79967243261578
184.46831997485023,183.46638569801939,183.47793606709882,186.18323150326577,180.48156334165813,189.67405744316278,178.79500821036075,189.23237387386575,178.85635337083534,189.47184994017405,179.33674486730169,189.49933976345216,179.12722169930581,189.8516733914403,179.52413988189028,189.5268295867304,179.21069501318766,189.82418356816208,179.16979823953795,188.91693983647031,178.58632319146025,189.53660832677167,179.3359067182063,189.2117645220618,178.66979650534211,189.24178364118018,179.00285161177422,189.37960173029811,179.19024662636281,189.64909691572467,179.21153316228305,189.49933976345221,179.25243340432445,189.56409815004989,178.94066483381258,189.09202648890772,178.79417006126539,189.471849940174,179.39892817687164,189.76883494887878,179.27371994024469,189.37960173029811,178.91937829789234,189.35211190701989,179.00285161177422,189.26927346445839,178.94066483381258,189.471849940174,179.25243340432445,189.471849940174,178.94066483381258,189.26927346445839,179.00285161177422,189.471849940174,179.19024662636281,189.471849940174,179.00285161177422,189.37960173029811,179.19024662636281,189.64909691572467,179.21153316228305,189.48992999613782,179.23114686840421,189.52935888257056,178.89976459177117,189.29676328773661,179.31462018228606,189.75726485845109,179.10677331248093,189.41650132089075,179.37847979004678,189.74134512560053,179.02329999859907,189.32209278790157,179.23198501749957,189.56409815004986,178.96111322063743,189.38901149761253,179.25327155341981,189.58217820601368,179.18940847726745,189.52935888257059,178.94150298290793,189.20451507786069,179.2728817911493,189.90702201072355,179.08632492565607,189.41397202505058,180.00285161177422,190.24127558274776,178.29416832706954,188.35009066961217,179.60761319577213,190.00432881227965,177.5437466512281,189.05874012849563,182.79584982784777,183.63185926669942,185.37862804418481,183.59919864892802
194.9333893388814,193.9315607873742,194.02595272798212,196.92251953036251,190.88791970164158,200.66306880887848,189.22740392447565,200.3675267266909,189.44597418270439,200.61586767853339,189.7891944996536,200.39112729186346,189.27813697446814,200.51000667466795,189.53305922182986,200.16638690519358,189.36643504405561,200.73474706133783,189.61259836047861,199.97097645528385,189.02933978313482,200.5393366114281,189.6921374991274,200.19571684195373,189.11763785272231,200.31459622475822,189.43600222130365,200.28526628799804,189.39185318650988,200.42045722862363,189.40126295382427,200.33819678993075,189.54633048714334,200.51000667466795,189.35711391903055,200.19571684195375,189.36041322294327,200.56293717660066,189.75501742626065,200.61586767853336,189.48015125609737,200.28526628799807,189.34770415171613,200.42045722862363,189.44541198861805,200.14278634002105,189.06012891032577,200.17940528413266,189.43600222130365,200.33090778257932,189.24678565319084,200.08985583808834,189.13901721259887,200.23233578606536,189.47685195218466,200.47338773055634,189.43600222130365,200.28526628799804,189.39185318650988,200.42045722862363,189.40126295382427,200.28526628799804,189.42659245398923,200.31459622475822,189.12704762003671,200.24864734388646,189.80246576496708,200.78767756327051,189.38855388259717,200.1134564032609,189.39120235013419,200.45707617273521,189.30025581300967,200.30157784581917,189.65674739527236,200.51000667466792,189.2466970109015,200.33819678993078,189.70089643006611,200.61586767853333,189.53427225229191,200.36752672669093,189.13910585488819,200.11345640326087,189.73289858771909,200.95948744800771,189.41397202505144,200.15336852625455,190.07338179484194,200.97250582694673,188.48562926392069,199.23080641440251,190.02867056596182,200.92530469660159,187.65018554904157,199.84393150818636,193.30123262833047,194.3072318209596,196.26046583053557,194.38749487789522
185.11250058210931,184.2249864437087,184.40633952182284,187.20910481671973,181.47989051185911,190.81025902245642,179.98240322494939,190.64023096169922,180.29333017797421,190.87029726069312,180.5028533459701,190.49047380942676,179.83506683491515,190.43549416287041,179.96111668902915,190.11065035816051,179.91854014879701,190.81531761413669,180.33590671820636,190.1862393565209,179.73114513420842,190.56859210362734,180.19024662636284,190.24374829891747,179.81461844809027,190.51108316123077,180.16896009044262,190.37073577627271,179.89809176197215,190.34324595299449,179.89809176197215,190.37073577627271,180.16896009044262,190.63082119438488,180.08548677656074,190.45573454194749,180.19024662636286,190.75055922753899,180.33506856911097,190.57331225198831,179.98156507585404,190.37073577627271,180.08548677656074,190.64023096169927,180.19024662636286,190.2509977431186,179.60593689758144,190.1312597099645,179.91937829789239,190.31791645282956,179.83590498401051,190.1312597099645,179.68941021146333,190.2509977431186,180.10677331248098,190.64023096169927,180.16896009044262,190.37073577627271,179.89809176197215,190.34324595299449,179.89809176197215,190.260407510433,179.91937829789239,190.22350791984039,179.60593689758144,190.27848756639682,180.46111495483331,190.90972614712581,180.02329999859913,190.10124059084615,179.83507030330682,190.42608439555596,179.93982668471725,190.46514430926192,180.35719325412657,190.63082119438485,179.89725361287677,190.48106404211245,180.41938003208821,190.75996899485335,180.12722169930584,190.34324595299452,179.66896182463844,190.22097862400022,180.46027680573795,191.08481279956325,180.00285161177425,190.07338179484105,180.41854188299286,190.90068535253826,179.21069501318772,189.51847169113742,180.77372167444057,190.99546285825423,178.25159178683745,189.86321743160508,183.73199022008714,184.80965005553912,186.75765611701721,184.96729124555762
196.17260314108546,195.16072009656241,195.26037877319993,198.14150028134381,192.03753776820855,201.86573800203871,190.35169249087772,201.5701959198511,190.59559224927139,201.8185368716936,190.91348306605565,201.54086598309095,190.30801700788101,201.51726541791845,190.42728148923806,201.17364564844405,190.3963150774685,201.93741625449803,190.85662496003476,201.22657615037679,190.0867096398259,201.46433491598572,190.43660261426317,201.12071514651137,190.17500770941339,201.57019591985113,190.68002882085977,201.45131653704667,190.33889477736125,201.38207447729286,190.33889477736125,201.45131653704667,190.68002882085977,201.76560636976086,190.61706025143724,201.54086598309098,190.60443982249939,201.67605692371654,190.58232098395789,201.48793548115827,190.42719284694874,201.48793548115827,190.58232098395789,201.67605692371654,190.60443982249942,201.34545553318125,190.17500770941342,201.29252503124854,190.39245357946942,201.34545553318125,190.29474574256753,201.29252503124854,190.27271554631528,201.39838603511396,190.62647001875163,201.76560636976086,190.67061905354538,201.39838603511396,190.22856651152154,201.23959452931584,190.21915674420714,201.25590608713694,190.35771431199007,201.23959452931584,189.99776073386272,201.2631950944884,190.84391588880766,201.95372781231913,190.53817194916414,201.3161255964211,190.51549091653624,201.65974536589542,190.44987387957664,201.50424703897937,190.78103596167438,201.71267586782812,190.3963150774685,201.54086598309101,190.82518499646815,201.72898742564922,190.48131384314328,201.38207447729286,190.19647571157924,201.36905609835378,190.97692518727524,202.0726071951236,190.2412755827487,200.91957532501405,190.78094731938506,202.03269507212991,189.82190407335275,200.76407699809801,191.46586387391918,202.1809043916945,188.60663690720733,200.8950982028999,194.43203116026865,195.58816562434325,197.60764850986652,195.64042912809805
184.58486210449482,183.50946222822961,183.43866467725346,186.00333606017821,180.20985686409227,189.36501419960666,178.48240149075349,188.92333063030964,178.58464689326948,189.16280669661793,179.02413814769443,189.07055848674196,178.58464689326948,189.10057760586037,178.69108304126232,188.77573380115047,178.66812020715136,189.51514032460597,179.12805984840116,188.81988283594421,178.3146167138944,188.9399898418252,178.56503665553998,188.61514603711532,178.39809002777625,189.14472664065408,178.96111322063743,189.07996825405638,178.66895835624672,189.04306866346377,178.66895835624672,189.07996825405638,178.96111322063743,189.37479293964788,178.91854014879695,189.10529775422131,178.7524316701286,189.05247843077817,178.60677157828508,188.9602302209023,178.7524316701286,189.16280669661788,178.85635337083531,189.16280669661791,178.7524316701286,188.96023022090228,178.60677157828508,189.05247843077819,178.7524316701286,188.9855597210672,178.64767182032648,189.05247843077819,178.7115314280872,189.07996825405638,178.91854014879695,189.36538317233351,178.93982668471719,188.96023022090228,178.41937656369649,188.72075415459406,178.39809002777625,188.84049218774817,178.69024489216696,188.93274039762406,178.39809002777625,188.90272127850571,179.02329999859904,189.45763138220937,178.8350668349151,189.10745807733463,179.06587307043952,189.43230188204444,178.75159352103321,189.01304954434545,178.91937829789234,189.25505490649374,178.6894067430716,189.07996825405641,178.94066483381255,189.16280669661785,178.66812020715136,189.0430686634638,178.66979650534208,189.1074580773346,179.23114340001251,189.48765050132775,178.29416832706951,188.36589123076587,178.93982668471719,189.60991783032196,178.25242993593275,188.54060891047646,179.79417006126536,189.81502360187764,177.04374491703226,188.5630401420745,182.48157027844147,183.52829230063719,185.33408671811557,183.41057836314113
195.66488545001539,194.33711736683193,194.00954640285332,196.57889976088816,190.45274763109202,200.17696909142711,188.69057387673581,199.64037506474853,188.62156889357416,199.7991665705467,189.14203618607402,199.85209707247935,188.83355513660419,199.97097645528387,188.9781491181262,199.6273566858095,188.92185320619168,200.39112729186348,189.40749258892288,199.68028718774221,188.61224776854908,199.91804595335117,188.98747024315128,199.5744261838768,188.70054583813658,199.97097645528385,189.11115841659378,199.85209707247938,188.95668111596032,200.02390695721655,189.06700938180006,199.9945770204564,189.23089644974789,200.27224790905899,189.2623364133145,199.9945770204564,188.9433212083575,199.74623606861397,188.70054583813658,199.7991665705467,189.15530745138753,200.12976796108197,189.10785911268107,199.88871601659099,188.85832244268275,199.79916657054667,188.99753084684136,200.07683745914926,189.14589768407311,199.88871601659099,188.91253208116657,199.93435751117224,189.00083015075407,199.9416465185237,189.17733764763975,200.21931740712628,189.19615718226856,199.85209707247938,188.77943414040968,199.69330556668126,188.74469487293035,199.79916657054667,189.11115841659378,200.02390695721655,188.91253208116657,199.90502757441212,189.27504548454166,200.25593635123789,189.08903957805225,200.15336852625455,189.66032856283391,200.49698829572887,189.00074150846476,199.71690613185385,189.00958908169281,200.02390695721655,188.92185320619168,199.85209707247941,189.05373811648656,199.88871601659096,188.91244343887729,200.02390695721658,189.11124705888312,200.0108885782775,189.40805478300925,200.23233578606533,188.46982870276707,199.28373691633519,189.42622348126238,200.62888605747239,188.48309996808058,199.32364903932887,190.12054980311086,200.86664482308126,187.46099951033636,199.55324224064472,192.96046909077009,193.91068154955252,195.7056353353662,193.68921813038997
186.95166008178836,185.53216265612653,185.01814208440851,187.38505011951861,181.58548851075659,190.97753403660593,180.10761492996804,190.51052096714406,179.91937829789239,190.53801079042225,180.37848325843851,190.65774882357638,180.19024662636286,190.83283547601377,180.35719672251827,190.50799167130393,180.27371994024472,191.21265892728007,180.73198675169544,190.58358066966434,180.0863249256561,190.96593341677075,180.58632665985195,190.64108961206091,180.16979823953798,190.78868644122008,180.29417179546124,190.5560908463861,180.25327155341986,190.91783424168858,180.5028533459701,190.87840535525578,180.56504012393174,191.14790054068234,180.71153489647892,190.94532406496674,180.31545833138148,190.52860102310785,179.96111668902915,190.64833905626196,180.58632665985195,191.03757227484269,180.44066656800845,190.64833905626202,180.10677678087265,190.64833905626196,180.44066656800845,191.02816250752824,180.56504012393171,190.73333782193671,180.19108477545822,190.7058479986585,180.29417179546127,190.75866732210164,180.5028533459701,191.03757227484266,180.52413988189033,190.76807708941612,180.29417179546127,190.74058726613791,180.25327155341986,190.7680770894161,180.56504012393171,191.02816250752832,180.44066656800845,190.85307585509091,180.58632665985195,191.02816250752829,180.41938003208821,191.11788142156399,181.19025009475453,191.44272522627389,180.33590671820636,190.47325240382457,180.23282316659498,190.79809620853447,180.25243340432448,190.64833905626202,180.29500994455663,190.64833905626205,180.25243340432448,190.91783424168858,180.50369149506545,190.79556691269431,180.58548851075659,190.97318286097183,179.87848152424266,190.3603948421447,181.04459000291104,191.62034117455144,179.85635683922706,190.15528907058891,181.42105633027896,191.82544694610723,179.12554886950679,190.5669535207675,184.11012937725417,184.88177705803471,186.53349763609376,184.67478030080349
197.26693528914379,195.87287387335641,195.46733646129357,198.10158815835015,192.04006706404866,202.01394732160333,190.55679826243343,201.57592529143869,190.36805524611768,201.5302837968575,190.7018657957525,201.54659535467854,190.49720304658621,201.80795468546009,190.76804502679846,201.46433491598572,190.5855011161737,202.08562557406268,190.96732219860135,201.46433491598572,190.4784721542467,202.08562557406265,191.16659937040421,201.7420058045883,190.5667702238342,201.66547473748304,190.46841155055662,201.3055434101876,190.43367228307727,201.77133574134845,190.84098555762176,201.83155525063262,190.91046409258044,202.0562956373025,191.00882276585801,201.87719674521387,190.68980756090102,201.53028379685747,190.38011348096913,201.63614480072289,190.92928362720926,201.96674619125818,190.78742675551362,201.63614480072289,190.52197035266477,201.63614480072289,190.78742675551362,201.91381568932547,190.80954559405512,201.54659535467857,190.38952324828352,201.53028379685747,190.58814958371073,201.6890753026556,190.84098555762176,201.96674619125818,190.87572482510112,201.83155525063262,190.87572482510109,201.91381568932547,190.72124752446766,201.6890753026556,190.80013582674076,201.86088518739277,190.67709848967391,201.6890753026556,190.84428486153448,201.86088518739277,190.63294945488016,201.93741625449803,191.45022447150617,202.33396652590508,190.66438941844677,201.46433491598575,190.68915672452536,201.86088518739274,190.69582938201341,201.68907530265562,190.73330575931911,201.68907530265557,190.69582938201341,201.9138156893255,190.80889475767947,201.65974536589545,190.89445571744056,201.97976457019723,190.32664332115033,201.45131653704667,191.61476237582968,202.75984673407226,190.25707614390231,201.15160471903542,191.93577521194806,202.96098655556955,189.52545072932674,201.56931936290954,194.66246643198932,195.45870405530528,197.28096150633024,195.43744902435586
183.73821618861419,182.62256129863891,182.48449545348606,185.11979317021709,179.50033543029224,188.75963678372153,178.00284814338249,188.29262371425955,177.83422521742804,188.22570500454867,178.0437483854239,188.14286656198709,177.85551175334825,188.49520018997524,178.23114340001248,188.17035638526531,177.93898506723013,188.58744839985113,178.14767008613063,188.00251917702906,177.8350633665234,188.74192570048456,178.58464689326945,188.41708189577469,177.91853668040528,188.21703471589922,177.73114166581666,187.85529132059676,177.70985512989643,188.32736298173893,178.18940500887572,188.47459083817125,178.25159178683737,188.55742928073272,178.16811847295551,188.35485280501715,178.00200999428714,188.23511477186301,177.89725014448504,188.35485280501715,178.27287832275761,188.55742928073275,178.14683193703527,188.35485280501715,178.02329653020738,188.35485280501715,178.14683193703527,188.44710101489304,178.02329653020738,188.06727756362673,177.68856859397621,188.15011600618826,178.00200999428714,188.36426257233154,178.18940500887572,188.55742928073275,178.23030525091713,188.58491910401096,178.46027333734619,188.73467625628342,178.16811847295548,188.26260459514126,178.00200999428714,188.32736298173893,177.89725014448504,188.17760582946647,178.06419677224878,188.32736298173893,177.8350633665234,188.38234262829539,178.60593342918969,188.82692446615928,178.02245838111199,188.20509565274472,178.20985686409227,188.64967749060861,178.20985339570061,188.47459083817128,178.23114340001251,188.47459083817122,178.20985339570061,188.64967749060867,178.20985686409227,188.32483368589877,178.29332670958246,188.67969660972702,177.79332844377831,188.16782708942523,178.9807234583669,189.42126345629569,177.77287658856176,187.97864105072006,179.37513066205693,189.63577899516577,177.04541427843964,188.27056746774466,181.78998972096352,182.54599123526401,184.32601037856747,182.69466656769319
195.30204941309105,194.33179162327087,194.46771099796291,197.37112374676059,191.28764508866567,200.93257413318793,189.32363433725882,200.29011910264393,189.2169902848396,200.30643066046508,189.45278213772735,200.17123971983946,189.25172955231895,200.62072049317928,189.69620834432396,200.18755127766059,189.22969935606673,200.51485948931386,189.38651426439208,199.909880389058,189.15956998473234,200.7632004411563,189.9261860010285,200.38296172757032,189.25727782163423,200.34304960457666,189.31083662374243,200.08169027379518,189.1910985905883,200.39598010650937,189.58900209781837,200.55477161230749,189.64256089992651,200.44891060844208,189.25727782163426,200.11830921790678,189.23524762538202,200.30643066046505,189.43452479718493,200.50184111037478,189.67730016740586,200.5913905564191,189.54485306302462,200.50184111037478,189.56697190156615,200.50184111037478,189.54485306302465,200.44891060844208,189.35498565853615,200.17123971983949,189.25727782163426,200.44891060844208,189.64256089992654,200.55477161230749,189.58900209781837,200.5913905564191,189.63315113261211,200.69725156028451,189.9207263740025,200.77951199897737,189.47867383197865,200.2241702217722,189.34557589122176,200.34304960457666,189.22253855415491,200.13462077572788,189.3991346933299,200.34304960457666,189.16897975204677,200.33003122563764,189.89474603746186,200.81613094308895,189.40299619132898,200.33003122563764,189.75297780805553,200.86906144502166,189.75675066376533,200.69725156028454,189.79712684284925,200.69725156028449,189.75675066376533,200.86906144502171,189.75297780805553,200.52544167554734,189.84504873335283,200.79253037791645,189.05874012849637,199.98641145616327,190.18553194047564,201.42111004334481,189.18233965964959,200.07925408108966,190.88926802963852,201.71179931088639,188.27056746774511,200.30884728240551,193.52661084158211,194.40892308900129,196.35642175709677,194.60561428930231
188.7614940431944,187.93832144397413,188.22026424853013,191.01861609852438,185.00202039946225,194.15784788909818,182.83758821898465,193.47668825349302,182.83507377169852,193.5805065537966,183.08884284133396,193.42133963420972,182.87597401373992,193.86592147207369,183.27623785592255,193.33850119164822,182.70986553507154,193.62644540576548,182.90060967764998,193.12651494861822,182.81462538487366,194.03375868030997,183.52498149937739,193.62607643303861,182.91938523467576,193.76426349488341,183.21154009906647,193.59858660976042,182.96195830651624,193.68142505232191,183.19025356314623,193.80116308547602,183.23282663498671,193.5710967864822,182.66980344212553,193.1818635679015,182.75327675600741,193.5710967864822,183.14935332110483,193.80116308547602,183.27372687702811,193.80116308547602,183.14935332110483,193.80116308547602,183.27372687702811,193.80116308547599,183.14935332110483,193.68142505232191,183.00285854855764,193.58917684244599,183.14935332110483,193.97841006102669,183.48240842753694,193.9114913513157,183.19025356314623,193.80116308547602,183.23282663498671,193.92090111863013,183.4611218916167,193.89341129535191,182.96195830651624,193.42133963420974,183.00285854855764,193.6539352290437,182.87848499263436,193.39601013404481,183.04543162039809,193.6539352290437,182.8359119207939,193.54107766736385,183.39977326275044,193.97624973791341,183.00202039946225,193.62607643303861,183.44234633459089,194.1809865367423,183.4389972066011,194.03122938446981,183.50453311255254,194.03122938446981,183.4389972066011,194.1809865367423,183.44234633459089,193.85614273203242,183.52247052048295,194.00626885703176,182.54626803529763,193.01365738693838,183.52330866957834,194.46677042774627,182.75243860691202,193.29219336695249,184.38099770572464,194.78220446514172,181.78998972096363,193.52661084158038,187.09303011841914,188.01288175084196,189.92434134506695,188.19748288310282
189.95944658039599,189.03807803023767,189.20301491819998,191.87207389717653,185.7374160299579,194.97572360938187,183.69127719796919,194.44815213317293,183.77057952643537,194.5540131370384,184.02300147415332,194.4188221964128,183.80531879391472,194.77875352370827,184.06385120503435,194.14115130781022,183.47689382164333,194.53041257186584,183.83048560212782,194.14115130781022,183.80250763442578,195.05642441231083,184.44648581578957,194.61423264632253,183.9161352041782,194.92123347168527,184.3675975135165,194.74942358694813,183.96028423897195,194.64356258308268,184.03587323733234,194.69649308501539,184.08002227212609,194.50108263510566,183.59382069530849,194.17048124457037,183.67270899758162,194.50108263510566,184.00113396985299,194.69649308501539,184.11476153960544,194.69649308501539,184.00113396985299,194.69649308501539,184.11476153960544,194.69649308501539,184.00113396985302,194.64356258308268,183.99502350645133,194.69649308501539,184.21312021288301,195.02709447555068,184.4023367809958,194.83897303299241,184.03587323733234,194.69649308501539,184.08002227212609,194.74942358694813,184.15561127048645,194.64356258308268,183.74829799594195,194.41882219641283,184.08002227212612,194.77875352370825,183.88139593669888,194.41882219641283,184.03917254124505,194.77875352370825,183.92224566757989,194.61423264632256,184.34812714251197,194.92123347168527,183.84335736530682,194.47175269834554,184.19694914579128,194.97416397361798,184.20652160505753,194.89190353492515,184.35142644642471,194.89190353492512,184.20652160505753,194.974163973618,184.19694914579128,194.66716314825524,184.2854099073306,194.8080834604684,183.30954475783091,193.83415048244751,184.31008857111988,195.25756423380813,183.43604409076235,193.96361205148551,185.0015150911901,195.51163455723812,182.54599123526486,194.4089230890016,188.01288175084346,188.94752307705966,190.84562013427421,189.06902012202912
192.04468892064239,190.98428959995636,190.98923089712557,193.57609714238518,187.38232641855816,196.90250726293311,185.71315571316677,196.65186808994113,185.82891326026035,196.65865870195836,186.01304751507283,196.57582025939678,185.85019979618059,196.85444456565682,185.94145096979676,196.09703759477179,185.33191819663759,196.57144776473029,185.81954441516493,196.21677562792593,185.72469307973989,197.01350030675408,186.21808798155379,196.53909013679564,185.84659963437173,197.09392063196501,186.48678778854656,196.89813476826652,185.89690964372753,196.61513796733999,185.84659963437176,196.61513796733999,185.89690964372755,196.49539993418588,185.57573130590129,196.29282345847028,185.64732785117732,196.49539993418588,185.82531309845152,196.61513796734002,185.91819617964777,196.61513796733999,185.82531309845152,196.61513796734002,185.91819617964777,196.61513796733999,185.82531309845152,196.61513796734002,185.91819617964777,196.73487600049413,186.09618142692199,196.93745247620973,186.167777972198,196.7348760004941,185.84659963437173,196.61513796733999,185.89690964372755,196.61513796733999,185.84659963437173,196.49539993418588,185.62604131525708,196.57582025939681,186.23720599599631,196.97418259881087,185.82531309845152,196.41935210364156,185.96850618900356,196.97418259881087,186.09401290544426,196.85881706032336,186.40942255998397,196.97418259881084,185.65309653446388,196.25609333586914,185.77140292728686,196.65445567528315,185.85236831765832,196.73487600049413,186.16200928891143,196.73487600049407,185.85236831765829,196.65445567528323,185.77140292728686,196.37583136902322,185.92396486293433,196.61076547267345,185.10775971571411,195.81841328851186,186.23720599599631,197.16559596784276,185.0632183896449,195.58589730221226,186.5334976360935,197.28096150633024,184.32601037856733,196.35642175709697,189.92434134506655,190.84562013427401,192.728137252252,190.91198376512713
190.21834306984729,189.09425874907558,189.0087871144359,191.57768326384735,185.53820786635015,195.18289072527722,184.27835993257045,195.14500950278935,184.35402128959439,195.01652956564664,184.44471400180973,194.979910621535,184.36343105690881,195.23455894883369,184.37927843109574,194.4467327552841,183.77197156052804,194.91941046576986,184.25781705698222,194.49966325721681,184.0131709677957,195.11482091567956,184.36642198186249,194.64214320519383,184.13463234190922,195.34041995269908,184.84755321240354,195.12239056951202,184.19065814530882,194.80724208644821,184.13463234190925,194.80724208644818,184.19065814530882,194.75431158451548,184.01489430875512,194.66476213847119,184.0803298794691,194.75431158451548,184.12522257459483,194.80724208644821,184.20006791262321,194.80724208644818,184.12522257459483,194.80724208644821,184.20006791262321,194.80724208644818,184.12522257459483,194.80724208644818,184.20006791262321,194.86017258838089,184.24496060774894,194.94972203442521,184.31039617846292,194.86017258838089,184.13463234190925,194.80724208644821,184.19065814530882,194.80724208644818,184.13463234190925,194.75431158451551,184.07092011215471,194.979910621535,184.73722494656383,195.28748945076637,184.12522257459483,194.58921270326115,184.25609371602278,195.28748945076637,184.60635380513588,195.29505910459886,184.91471212407694,195.28748945076637,183.94773539708171,194.32699472213002,183.84039805619571,194.63457355136134,184.00203785952186,194.86017258838092,184.44299066085028,194.86017258838089,184.00203785952186,194.6345735513614,183.84039805619571,194.3799252240627,184.06747343023585,194.74674193068304,183.47946061577395,194.19208442798544,184.73722494656383,195.44501867818826,183.29084032998702,193.63628762845724,184.67478030080352,195.43744902435577,182.69466656769316,194.60561428930234,188.19748288310294,189.06902012202895,190.91198376512708,189.12733026632495
