205.31473865464955,204.13243400261462,204.05153728319058,207.02952859826343,200.71179400160722,210.92081413815578,198.7806229447913,210.30877541369495,198.72539606904888,210.48144394878176,199.17122930641588,210.36198656210865,198.75609237228352,210.520761656725,198.92854676015122,210.10694640983942,198.86242818503891,210.77580180899423,198.9585576809051,209.64215195299269,198.08190084427051,210.34809312163821,199.21213192653968,210.36198656210865,198.71518975215972,210.48144394878176,199.18143562330505,210.65411248386857,199.10579611378429,210.48144394878184,198.79082926168044,210.44212624083858,199.31778235681432,210.98929231486773,199.28708605357966,210.44212624083858,198.82152556491511,210.48144394878176,199.07509981054966,210.65411248386857,199.21213192653968,210.65411248386857,199.07509981054966,210.65411248386857,199.21213192653968,210.65411248386857,199.07509981054966,210.48144394878176,198.82152556491511,210.18931802702184,198.71518975215972,210.48144394878176,199.18143562330505,210.65411248386857,199.10579611378429,210.40130427005184,198.60953932188511,209.97359558269579,198.57884301865045,210.22863573496511,198.74588605539435,210.36198656210865,199.18143562330505,210.52076165672494,198.50320350912972,209.85413819602269,198.71587513464047,210.52076165672503,198.96876399779427,210.36198656210865,198.95855768090513,210.30877541369495,198.54746133293509,210.44212624083852,199.56115028555973,210.98929231486773,199.04371812483427,210.26945770575176,198.67428713203591,210.26945770575176,199.04371812483427,210.98929231486773,199.56115028555971,210.61479477592533,198.93806769455966,210.17542458655132,197.96535871462598,209.94817131522308,200.06829877682884,211.73455119145649,198.57815763616969,209.5343560683375,199.56183566804049,211.0030550803225,197.1289191156344,210.14416285434581,203.43302168904478,204.53859456865979,206.61983209717198,204.63200477837253
204.13243400261473,202.99300399970733,202.96153543331977,205.92190864059216,199.60126389228282,209.69734671433901,197.58596713872018,209.03616017568734,197.51666321787943,209.17864012366434,197.90828164758989,209.09637968497151,197.67114051851286,209.47905292708987,198.00057755887019,208.99966421312132,197.66098709086643,209.48621895289574,197.81826023704301,208.61613232065332,197.22400489511912,209.33657297911284,198.12539867339419,209.14931018690422,197.57376152586266,209.32112007164136,198.08124963860047,209.47991157743948,198.02522383520088,209.3740505735741,197.74952536241634,209.21611771812559,198.00851692228096,209.55388513446675,197.96436788748724,209.21611771812559,197.79367439721005,209.37405057357407,197.98107480040716,209.42698107550677,198.00566064024008,209.37405057357407,197.86133676725305,209.37405057357407,198.00566064024008,209.42698107550677,197.98107480040716,209.37405057357407,197.79367439721008,209.09637968497148,197.69349955901677,209.37405057357407,198.08124963860044,209.42698107550677,197.90548580204677,209.25431254041996,197.69064327697586,209.05173606470436,197.65590400949657,209.05890209051026,197.49817252750228,209.09637968497148,198.08124963860044,209.47905292708984,197.59046843878258,208.87992617996719,197.80022788248357,209.53198342902257,197.99122822805359,209.29179013488121,197.93799827019708,209.17864012366437,197.39469838539631,209.07363777014857,198.13327760030717,209.50095463253408,197.71986917630693,209.02070726821586,197.59612056636658,209.02070726821589,197.7198691763069,209.50095463253405,198.1332776003072,209.321978721991,197.95648896057421,209.2307119752474,197.061190331755,208.75947091897996,198.73814470569513,210.32639764450937,197.31910938703595,208.3696316510557,198.58040048860747,209.95746000916321,196.11719109418104,208.92767236085538,202.11901176944482,203.12813133212194,205.1058797789054,203.10813582589836
204.05153728319007,202.96153543332014,202.99715253125555,205.9501950003318,199.57220259517629,209.59516055728773,197.44284427010018,208.88662871795566,197.37613428141222,208.99695698379549,197.69242606265041,208.95752809736263,197.68790285192409,209.64616444199876,198.23963292306419,209.08212521746159,197.53120414057014,209.31899084618419,197.75624169280809,208.78514020875684,197.53504549184694,209.53583617615902,198.14290849059108,209.07726613051676,197.50828875245386,209.31927149266517,198.08072171262944,209.46649934909746,198.05002540939481,209.43900952581924,197.80985338415897,209.11211657648568,197.71150009948985,209.17417619925178,197.64931332152821,209.1121165764857,197.87204016212061,209.43900952581924,197.98783863143316,209.34676131594338,197.87204016212061,209.22702328278925,197.71697030296269,209.22702328278928,197.87204016212061,209.34676131594335,197.98783863143316,209.43900952581927,197.87204016212061,209.16951434039268,197.77915708092434,209.43900952581927,198.08072171262944,209.34676131594335,197.77915708092434,209.28442104669628,197.93969714355509,209.381528343517,197.89879690151369,209.05435474770243,197.29960720194504,208.95752809736268,198.08072171262944,209.64616444199871,197.84681406235882,209.13952298136869,198.05386676067161,209.76590247515279,198.14453734278712,209.39958063938653,198.02711002127856,209.2089432268254,197.31231865125454,208.78980206761602,197.68858471137361,209.05443816609764,197.40136038117402,208.88205027749191,197.59954298145414,208.88205027749183,197.40136038117402,209.05443816609773,197.68858471137361,209.13960639976386,198.10363710074571,209.50834635288084,197.30344855322187,208.71580338169531,198.44063177101938,210.01228904967925,197.10363710074571,208.35434063287391,198.73332630469181,210.11153381736952,196.21712485841272,208.84465691012082,201.8482759938226,202.7282652226848,204.57714816179288,202.55298329887054
207.02952859826368,205.8689781386594,205.83045696717824,208.78773157304587,202.32584405354376,212.51925830109221,200.22583555960171,211.84018432643663,200.17235080715619,211.9460453303021,200.46531162590992,211.91671539354189,200.53881435081965,212.696797557417,201.11605110705105,212.02257639740731,200.21979914586262,212.20740466108356,200.57629072812534,211.8271659474976,200.40975519264043,212.44845660557453,200.77556789992823,211.86378489160921,200.20106825352315,212.17078571697195,200.69667959765513,212.19438628214451,200.68726983034071,212.41912666881439,200.77226859601549,212.1414557802118,200.39969458895035,211.89311482836936,200.21047802083754,211.99897583223478,200.73141886513449,212.41912666881439,200.72811956122175,212.1414557802118,200.4438436237441,211.99897583223478,200.40580505235204,212.08852527827909,200.55417188958381,212.1414557802118,200.61779129538203,212.27664672083736,200.61168083198035,212.08852527827909,200.53279252970725,212.27664672083736,200.69667959765513,212.08852527827909,200.35554555415661,212.08852527827909,200.69667959765513,212.38250772470278,200.77226859601549,212.03559477634639,200.06797031276622,211.86378489160921,200.81641763080924,212.50138710750724,200.48864349491353,211.91671539354192,200.69997890156782,212.64386705548426,200.92739673302466,212.38979673205424,200.89860523699502,212.22371621890466,200.11888064733736,211.66837444169948,200.32345475421428,211.84018432643666,200.07473161254359,211.85649588425775,200.5448507645587,211.94604533030204,200.1850598783833,211.84018432643666,200.2131264883746,211.96964589547463,201.002985731385,212.67319699224441,200.25792635954403,211.57309562406758,200.92674589664892,212.68621537118347,199.74630664027222,211.37195580257026,201.75672998450204,213.21795658321605,199.00527145838228,211.69109844993042,204.5181604720226,205.4234251796463,207.32696148103904,205.30129044600378
200.71179400160653,199.48152585912874,199.30133426670542,202.11385781051294,195.8930732725749,205.86223987268195,194.03873683281009,205.32614777039572,194.03789521532306,205.45529557086431,194.3308916972008,205.39994695158094,194.33005007971374,206.04710526516058,194.76786850433962,205.33302824186998,193.93397351461633,205.60505272313677,194.37262661994589,205.18796070855097,194.01744682849818,205.59564295582234,194.26786677014377,205.06822267539687,193.85133834982983,205.39306648010674,194.18439345626192,205.2707991511125,194.18439345626192,205.74287081225464,194.64265679932097,205.65062260237877,194.18439345626192,205.20857006035493,193.85133834982983,205.32830809350907,194.45526178473239,205.74287081225464,194.37178847085053,205.36304736098839,193.99699844167333,205.25271909514868,194.1222066783003,205.45529557086428,194.24658023422356,205.36304736098839,194.1222066783003,205.42055630338496,194.18439345626192,205.32830809350904,194.1222066783003,205.42055630338493,194.18439345626192,205.24330932783425,193.91352512779144,205.25271909514868,194.20567999218216,205.57503360401839,194.43397524881215,205.45529557086428,193.93481166371168,205.28020891842689,194.45526178473239,205.60505272313674,193.85133834982983,204.89097569984622,194.05918521963497,205.71538098897642,194.49699670747748,205.68752219297139,194.62220841249612,205.62313277910053,193.9339735146163,205.15106111795842,194.16394506943706,205.30081827023079,193.87178673665468,205.32830809350909,194.43481339790753,205.53088456922461,194.12136852920491,205.30081827023088,193.91436327688683,205.29828897439066,194.7252919641075,206.06771461696451,194.01828497759354,204.86311690384113,194.45526178473239,205.89299693725394,193.47571017155724,204.86058760800105,195.60176002567127,206.6070739605444,192.7252884957158,204.98393733812441,198.05919215641831,199.03361391966524,200.99909502196397,199.09345147860807
210.92081413815606,209.60779726829449,209.39258408157283,212.33113685853391,205.79532116297176,216.33633864671341,203.99303715639948,215.93493556066036,204.11389957772636,216.13034601057018,204.4350896984233,216.01146662776566,204.27778664567421,216.49756634521708,204.57685792782965,215.73379573916307,203.8484431748775,216.15967594733033,204.3340825576087,215.59131579118605,203.76890403622872,215.97155450477203,204.14412651083094,215.53838528925337,203.7468738399765,215.7924556126834,203.94550017540374,215.57500423336498,203.93609040808931,216.13034601057015,204.52065065818445,216.09372706645854,204.03774838527963,215.60433417012513,203.66187507430175,215.71019517399054,204.27722445158784,216.13034601057015,204.17951661468592,215.71019517399054,203.75958291120364,215.65726467205783,204.05977858153182,215.98786606259313,204.16689618574813,215.71019517399054,203.77220334014146,215.60433417012513,203.83517190956402,215.56771522601352,203.78161310745585,215.65726467205783,203.94550017540374,215.71019517399054,203.90135114060996,215.71019517399054,203.94550017540371,215.85267512196756,204.2236656494797,215.98786606259313,204.00300911780027,215.81605617785598,204.26781468427345,215.88200505872771,203.5348875969465,215.20778389871808,203.85655126944053,216.02448500670474,204.17621731077324,215.9219171817214,204.3340825576087,216.02448500670471,203.88318244235685,215.76312567592328,204.26790332656276,215.88200505872769,203.719295374409,215.65726467205786,204.19231432820237,215.9878660625931,204.12660864895349,215.88200505872774,203.86059005201827,215.73379573916307,204.56471105068889,216.47396578004452,203.80373194599741,215.19476551977903,204.26781468427342,216.34450421100649,203.37495066928707,215.37715759074976,205.63425984713956,217.10827481706042,202.43784897721764,215.329079903463,208.10160512773351,209.21187823809464,211.37842094453717,209.41705684040721
198.78062294479042,197.59537690603452,197.46413080601999,200.26057482707998,194.07963707485152,204.01836665656339,192.39642760315226,203.70327106248712,192.58130817045475,203.92392759416668,192.89559118825272,203.77417044189409,192.64349494841639,204.09901424660404,192.81211787437084,203.36901749046288,192.22780467719778,203.86894794761022,192.70735802456875,203.28401872478813,192.12388297649105,203.70111073937392,192.62388471068689,203.37626693466405,192.20735629037293,203.49853426365831,192.29082960425478,203.25652890150994,192.26954306833454,203.7286005626521,192.74909294731387,203.64576212009061,192.29082960425478,203.22903907823172,191.9986747398641,203.34877711138583,192.56169793272525,203.7286005626521,192.45693808292316,203.31403784390653,192.04124781170455,203.30462807659211,192.43565154700292,203.69386129517281,192.52079769068385,203.3140378439065,191.97738820394386,203.10930104507764,192.04124781170455,203.11871081239201,191.9986747398641,203.22903907823172,192.29082960425478,203.5260240869365,192.4782246188434,203.51661431962211,192.26954306833454,203.42436610974622,192.4782246188434,203.69386129517278,192.4782246188434,203.54410414290032,192.54041139680501,203.48912449634389,191.93648796190246,203.05395242579436,192.37430291813666,203.70111073937389,192.37346476904128,203.37626693466407,192.45777623201852,203.60886252949797,192.28999145515942,203.55351391021478,192.74993109640923,203.60886252949797,191.99783659076871,203.13679086835589,192.29166775335017,203.52602408693645,192.47738646974801,203.60886252949805,192.27038121742993,203.40375675794223,192.83172811210036,204.05344436736198,192.10343458966619,202.8394368869242,192.54041139680501,203.96372545332619,191.79082787005896,203.13389259978891,193.93649143029413,204.69372220946715,190.81043810778846,202.97256689030016,196.18858767013049,197.27834963297929,199.36111631148592,197.51882638352654
210.3087754136952,209.17864012366422,209.20894322682602,212.22371621890463,205.6231327791013,216.02448500670477,203.60886252949908,215.53353247460743,203.73913471814029,215.78187342644995,204.170653104677,215.69961298775698,203.89361201877375,215.95368331118712,203.97202676924982,215.18991270513308,203.46426854797704,215.84782230732168,204.0696459638624,215.33239265311011,203.59671565235828,215.95368331118709,204.26892313566526,215.61006354171272,203.68501372194578,215.62308192065177,203.77331179153327,215.41465309180299,203.73857252405395,215.72894292451718,203.95922905573335,215.50420253784731,203.5707353158177,215.30879208793758,203.51717651370953,215.4512720359146,203.89304982468741,215.63939347847287,203.6944234892602,215.30879208793758,203.48573655014292,215.39834153398189,203.80475175509991,215.63939347847287,203.7827215588477,215.30879208793758,203.39743848055542,215.25586158600487,203.5707353158177,215.30879208793758,203.51717651370953,215.39834153398189,203.7733117915333,215.63939347847287,203.9064097322902,215.58646297654016,203.6535737583792,215.4512720359146,203.84890078989366,215.72894292451718,203.84890078989363,215.55713303978001,203.89304982468738,215.62308192065174,203.56527568879167,215.46758359373572,204.15859486982555,215.95368331118704,203.707043918198,215.22653164924475,203.62759342183855,215.53353247460743,203.62815561592492,215.61006354171275,204.23353303181025,215.72894292451716,203.37202033810115,215.03112119933502,203.42831625003566,215.30879208793752,203.65959557949154,215.53353247460748,203.59615345827194,215.38532315504281,204.18994619110285,216.07256269399156,203.41955731909695,214.79336243372606,203.89304982468738,215.94310112495356,202.99077604238664,214.97575450469679,205.2594949875535,216.75980223294013,202.17341238347132,215.07015676538708,207.8371685339873,208.87971721179545,210.97131361578997,208.98847769964553
198.7253960690482,197.73731974955885,197.87529786651234,200.75691105725056,194.47654485226096,204.19889834340037,192.35134008402568,203.55247797527446,192.37178500245886,203.80136380889715,192.91436327688686,203.82885363217528,192.64265333092933,203.95112096116961,192.58130817045475,203.23704393787901,192.24657676583189,204.0339594037311,192.95609819963195,203.6443572124235,192.60091840818424,204.34902446839968,193.33088822880913,204.0241806636898,192.6843917220661,203.95979124981898,192.76786503594798,203.79411436469599,192.72696479390657,203.96920101713337,192.74657850002774,203.69970583170681,192.51828324339775,203.76662454141777,192.70567825798634,203.87695280725748,192.76786503594798,203.76662454141777,192.4560964654361,203.5893775658671,192.55918348543915,203.80136380889709,192.72696479390657,203.80136380889709,192.55918348543915,203.5893775658671,192.4560964654361,203.76662454141777,192.76786503594798,203.87695280725748,192.70567825798634,203.87695280725748,192.76786503594798,203.87695280725748,192.70567825798634,203.76662454141777,192.51828324339775,203.7091155990212,192.76786503594798,204.0039402846127,192.76786503594798,203.82885363217534,192.78915157186822,203.96920101713337,192.6843917220661,204.02418066368983,193.33088822880913,204.34902446839965,192.60091840818424,203.40488114611534,192.41436154269101,203.73913471813952,192.5387316302226,203.93918189801505,193.2678667701438,204.18118726016334,192.47654485226096,203.38680109015155,192.28915330606404,203.46963953271296,192.45525831634075,203.73913471813958,192.49783485657287,203.6443572124235,193.0591817512433,204.29404482184324,192.33088822880913,203.08944710871987,192.78915157186822,204.11932714213268,191.78831342277283,203.08691781287979,193.93564981280707,204.95314219857724,191.30876007540186,203.53258205187282,196.64266373610437,197.50882995816659,199.37625383986776,197.48243613375143
210.48144394878202,209.32112007164113,209.31927149266591,212.27664672083733,205.63254254641578,215.98786606259316,203.51661431962322,215.39834153398189,203.58937756586792,215.64668248582439,204.07840489480114,215.57344459760111,203.70044531037263,215.72894292451721,203.81285984966297,215.14427121055186,203.49175837125534,215.86413386514278,204.07905573117682,215.38532315504284,203.70704391819805,216.14909376109682,204.50839920197353,215.85840449355516,203.91508002093966,215.87142287249424,204.01278785784154,215.66299404364545,203.96863882304783,215.92435337442694,204.07896708888751,215.69961298775706,203.89304982468747,215.83480392838263,204.13647603128408,215.88773443031533,204.01278785784157,215.64668248582436,203.7472428127034,215.69961298775706,204.13252589099568,215.94066493224804,204.04422782140819,215.64668248582436,203.71580284913679,215.50420253784733,203.81416152241437,215.83480392838263,204.21536433355718,215.97728387635965,204.13647603128408,215.88773443031533,204.01278785784157,215.69961298775706,203.86698084585751,215.64668248582436,203.80080161481155,215.66299404364543,204.0883768562019,215.97728387635965,204.07896708888754,215.75254348968977,204.01278785784157,215.78187342644989,203.80475175509994,215.80547399162248,204.49898943465914,216.2020242630295,203.83619171866656,215.33239265311016,203.73792168767832,215.67601242258448,203.74789364907909,215.80547399162248,204.55584754067999,216.25495476496221,203.99131985567573,215.55713303978007,203.75063075890543,215.50420253784731,203.7793336126457,215.72894292451721,203.82621975726579,215.58073360495257,204.30968422425701,216.17842369785697,203.53929535225112,215.04170338556852,204.24285415683536,216.19144207679599,203.01826586566489,214.84056356407123,205.08224801200288,216.8127327348729,202.47039739217615,215.45368865785508,208.15948304285695,209.02219715977253,210.97131361579,208.9884776996455
199.17122930641503,197.91769141490423,197.7137125985702,200.38031286023411,194.10092361077176,204.02777642387775,192.39642760315226,203.73801032996644,192.64349494841639,203.95866686164601,192.89559118825272,203.67325194336877,192.41519969178637,203.93117703836776,192.85301811641224,203.60633323365781,192.49867300566825,203.9980957480787,192.72864456048899,203.4037567579422,192.37346476904128,204.14316328139773,193.16562136762781,203.93805750984197,192.7278064113936,204.06032483883621,192.83256626119572,203.81831947668786,192.78999318935524,204.17065310467592,193.01996127578431,203.99556645223853,192.81127972527548,204.07840489480003,192.99867473986407,204.08781466211443,192.83256626119572,203.90115791924936,192.768706653435,204.19814292795414,193.31211614017502,204.37538990350481,192.97738820394383,203.86641865177003,192.56169793272525,203.75609038593032,192.7278064113936,204.07840489480003,193.08214805374595,204.19814292795414,192.99867473986407,204.08781466211443,192.83256626119572,203.91056768656375,192.78999318935524,203.99340612912525,192.81127972527548,203.99556645223853,193.01996127578431,204.2556518703507,192.99867473986407,203.98615668492414,192.81127972527548,203.84833859580618,192.47822461884337,203.81831947668789,193.14433483170757,204.26290131455178,192.66561963343199,203.61574300097229,192.70735802456875,203.93117703836768,192.56085978362987,203.9033182423627,193.2703812174299,204.45822834606625,192.99783659076871,203.9861566849242,192.81211787437084,203.87582841908437,192.74825479821848,204.05091507152187,192.7908313384506,203.84580929996602,193.10259644057081,204.29292043367019,192.37430291813664,203.4012274621021,193.33172984629618,204.61776423838,192.0616961985294,203.07638365739234,193.7278098797853,204.81346024262126,191.28998798676773,203.59186640787465,196.70903779115116,197.5084159319731,199.36111631148594,197.51882638352654
210.36198656210891,209.00683023892705,208.75495162164768,211.53318350107389,204.89097569984696,215.48545478732069,203.34152766718577,215.46758359373564,203.82885363217605,215.66299404364545,203.78358020920962,215.05472176450749,203.1339651162412,215.50420253784733,204.02700641580623,215.40163471286388,203.51924819453347,215.4512720359146,203.42973709448393,214.74043193179332,203.11739454701498,215.50420253784731,203.85908056528064,215.21351327030564,203.41767885963247,215.41465309180299,203.54071619669932,215.10765226644025,203.49656716190557,215.61006354171272,203.90388043645007,215.43825365697555,203.54071619669932,215.33239265311011,203.57215616026593,215.33239265311013,203.54071619669932,215.33239265311011,203.66440437014182,215.71592454557813,204.16001571427381,215.80547399162242,203.77473263598154,215.33239265311013,203.43038793085961,215.18991270513308,203.45241812711183,215.33239265311013,203.66045422985343,215.38532315504281,203.57215616026593,215.33239265311013,203.54071619669932,215.38532315504281,203.78414240329593,215.61006354171272,203.7085534049356,215.38532315504281,203.70855340493557,215.61006354171272,203.78414240329596,215.38532315504284,203.54071619669932,215.13698220320038,203.13010361824209,215.10765226644025,203.81493153048689,215.55713303977998,203.37352982483873,215.07103332232865,203.67316330108056,215.50420253784728,203.39556002109094,215.2135132703057,203.88119940382217,215.75254348968969,203.74931449352729,215.43825365697555,203.69528213962209,215.38532315504278,203.62957646037316,215.55713303978004,203.65113310482835,215.26644377223835,203.83761256311476,215.62308192065177,203.06722369110886,214.81696299889859,204.27034398011352,216.20775363461706,202.93542742310333,214.52627373135701,204.61017635086066,216.25739095766767,201.90607752115801,214.8617279365383,207.60457293915337,208.51978588449998,210.5729512763759,208.68089887041415
198.75609237228284,197.55140248535875,197.41703452345328,200.09676180879501,193.80959995869307,203.83573410364963,192.37262661994592,203.89361201877296,192.91352165939981,204.02275981924154,192.66478148433663,203.24429338208012,191.95442190144121,203.78328375293333,193.08214458535429,203.84767316680407,192.51744509430236,203.68887521994415,192.28915330606407,203.05112667367894,192.10175482308378,203.75579392965508,192.66394333524124,203.33870191506932,192.18522813696563,203.54380768662509,192.30960169288892,203.21896388191522,192.26870145084752,203.7832837529333,192.76786503594798,203.63352660066082,192.33088822880916,203.403460301667,192.24741491492728,203.39405053435263,192.30960169288892,203.48845906734178,192.47738300135634,203.81077357621152,192.83005181390962,203.83610307637642,192.51828324339775,203.52319833482113,192.33088822880916,203.403460301667,192.24741491492728,203.40346030166702,192.33088822880916,203.403460301667,192.24741491492728,203.39405053435263,192.30960169288892,203.59878733318149,192.72696479390657,203.86828251860808,192.51828324339775,203.42154035763085,192.30960169288892,203.60603677738263,192.51828324339775,203.52319833482113,192.33088822880916,203.28372226851289,191.97654658645681,203.31121209179113,192.6017565572796,203.66354571977917,192.16394160104542,203.33870191506935,192.68522987116148,203.87553196280913,192.35133661563401,203.37344118254867,192.56002163453451,203.81802302041257,192.53873163022263,203.64293636797527,192.58130817045475,203.63352660066079,192.51744509430239,203.78328375293333,192.5191213924931,203.45843994822343,192.60091840818424,203.71889433906247,191.87262488575007,203.01385811035948,193.06001990033869,204.34072315247707,191.80959995869307,202.8087523388038,193.47738646974801,204.47023992567236,190.8504967323428,203.05908954628234,196.20568692896555,197.14566571841581,199.17698205667332,197.42813367131129
210.5207616567252,209.42612242515693,209.52642640884537,212.50138710750721,205.81703896616756,216.30215589530735,203.97927621345099,216.09616325916409,204.39317350319419,216.25495476496226,204.33849031291331,215.64668248582433,203.69828498725934,216.09616325916411,204.58191651950992,215.94066493224801,203.96383003239748,215.9903022552987,204.07689540806356,215.55713303978001,203.94179983614529,216.23135419978968,204.39591061302056,215.69961298775704,203.85285093018211,215.90075280925439,203.98529803456336,215.50420253784733,203.8214109666155,216.0066138131198,204.34846227431407,215.92435337442694,203.97588826724896,215.72894292451721,203.90640973229026,215.72894292451721,203.97588826724896,215.72894292451721,203.90640973229026,215.78187342644992,204.09562630040307,215.87142287249424,204.01673799812997,215.78187342644992,203.98529803456336,215.72894292451721,203.89699996497586,215.72894292451721,203.98529803456336,215.72894292451721,203.89699996497586,215.67601242258451,203.86556000140925,215.72894292451721,204.10898620800586,215.91706436707548,203.95055876708403,215.54082148195894,203.75449225690454,215.67601242258451,203.91581949960465,215.6923239804056,203.97588826724896,215.71263136669609,203.77726193182176,215.6923239804056,204.20669404490778,215.90075280925436,203.72370312971358,215.64668248582436,204.40532038033498,216.28428470172236,204.05212810198498,215.69961298775709,204.1966334412177,216.09616325916409,204.08356806555159,215.83480392838263,204.13045421017173,215.87142287249421,204.07415829823719,215.95368331118709,203.97597690953828,215.61006354171272,204.16245636782469,216.01963219205885,203.51180552897293,215.2135132703057,204.50293957494753,216.36325196153317,203.08302425226256,214.92282400276409,205.23200516427536,216.98454261961007,202.55323583473765,215.43737710003398,208.13199321957873,209.15738810039809,211.33035824726088,209.46872506396369
198.92854676015043,198.00057755887013,198.23963292306374,201.11605110705003,194.76786850433965,204.57685792782863,192.81211787437084,204.2020930682425,193.10175829147545,204.43215936723647,193.33256799539154,204.14674444895923,192.87346303484543,204.40466954395825,193.28999492355106,203.96008770609416,192.68606802025684,204.25960201063921,193.16562136762781,204.04508647176897,193.01912312668892,204.58191651950889,193.3530163822164,204.07982573924832,192.89391489006198,204.29434127811848,193.01996127578431,203.84975944025453,192.70651987547336,204.20209306824259,193.2073562903729,204.22958289152081,192.97738820394383,204.10984485836667,192.93648796190246,204.11925462568109,192.99867473986407,204.02484609269189,192.70651987547339,203.82226961697631,192.74909294731384,203.99951659252696,192.91520142598222,204.1098448583667,192.99867473986407,204.10984485836667,192.91520142598222,204.1098448583667,192.99867473986407,204.10984485836667,192.91520142598222,203.99951659252699,192.74909294731384,203.82226961697629,192.70651987547339,203.9145178268522,192.74909294731384,203.82226961697631,192.70651987547336,203.87977855937288,192.6869061693522,203.9072683826511,192.97738820394383,204.19268330092817,192.91520142598222,204.0270064158052,193.01996127578431,204.08235503508845,192.62304656159151,203.96008770609427,193.3530163822164,204.58191651950884,193.01912312668892,204.04508647176905,193.16562136762781,204.36993027647881,192.93564981280707,204.01759664849087,192.97822635303922,204.10984485836664,192.93564981280707,204.08235503508854,192.70735802456875,203.75751123037858,193.01912312668895,204.32436039723686,192.56169793272525,203.52491563554466,193.2482565324143,204.35221919324187,191.76954133413869,203.10782362095898,194.12388644488271,205.34446169060831,191.72696479390657,203.84396290312071,196.87514626981951,197.83684090424455,199.87939791102892,198.11028587990731
210.10694640983965,208.99966421312115,209.08212521746228,212.02257639740731,205.33302824187078,215.7337957391631,203.36901749046399,215.38532315504278,203.67909647990359,215.67028305099691,204.01364650820344,215.45456521479659,203.56009792541448,215.61006354171275,203.74810146306527,214.97246132581463,203.1394247432672,215.46758359373572,203.84646013634284,215.26644377223832,203.5500373217244,215.69961298775704,203.86849033259503,215.26644377223835,203.52800712547219,215.61006354171272,203.78019226300754,215.21351327030564,203.40431895202968,215.47487260108713,203.8463714940535,215.49118415890825,203.62571496237413,215.38532315504281,203.60689542774526,215.43825365697555,203.74545299552824,215.38532315504281,203.39490918471526,215.10765226644025,203.45787775413785,215.43825365697552,203.80222245925975,215.58073360495257,203.78019226300756,215.43825365697552,203.57215616026593,215.38532315504284,203.66045422985346,215.38532315504281,203.57215616026593,215.24284320706582,203.33813972098375,214.9122418165305,203.07259467584555,215.00179126257484,203.44846798682343,215.34870421093123,203.70130396073446,215.33239265311011,203.3193201863549,215.10765226644025,203.62571496237413,215.52051409566837,203.57215616026593,215.16058276837296,203.49261702161718,215.2794621511774,203.31602088244216,215.26644377223838,203.98822836574917,215.75254348968969,203.55003732172437,215.26644377223838,203.84646013634284,215.61006354171266,203.46173925213691,215.10765226644028,203.4832958965921,215.29577370899847,203.54673801781169,215.27946215117746,203.26189988624768,214.93584238170305,203.63503608739919,215.63939347847287,203.30669975741711,214.922824002764,204.08584756036171,215.74196130345621,202.37835699628639,214.24860284275442,204.69517511653544,216.55137340409135,202.23780179734212,215.05713838644803,207.71490120499308,208.662265832477,210.69268930953001,208.73382937234686
198.8624281850382,197.66098709086646,197.5312041405698,200.2197991458618,193.93397351461635,203.84844317487671,192.22780467719778,203.58400658113032,192.51744509430239,203.81407288012423,192.74825479821848,203.51924819453265,192.26786330175216,203.64151552352698,192.41519969178637,203.01968671011227,191.87178673665471,203.55651675785217,192.60259470637499,203.3514109862964,192.22612837900704,203.66684502369188,192.49783485657289,203.31667171881708,192.26870145084752,203.75184378936666,192.66394333524124,203.51924819453268,192.35217476472937,203.69433484697007,192.64265679932103,203.61149640440857,192.37346130064961,203.49175837125446,192.37178847085056,203.6020866370942,192.62304309319984,203.66900534680514,192.33088822880916,203.3995101613786,192.41436154269101,203.81407288012417,192.85133834982986,203.93381091327831,192.68522987116148,203.61149640440857,192.33088822880916,203.49175837125449,192.41436154269101,203.49175837125446,192.33088822880916,203.37202033810038,192.14349321422054,203.04970582923065,191.81043810778846,203.16003409507036,192.39307500677077,203.78874337995924,192.83172464370867,203.69433484697007,192.16310692034173,203.2222631858279,192.37346130064961,203.65092529084131,192.33088822880916,203.22226318582793,192.20567999218218,203.46426854797625,192.26870145084752,203.5286579618471,192.76870318504334,203.78658305684593,192.22612837900706,203.35141098629643,192.60259470637499,203.67625479100622,192.14265506512518,203.11193491998822,192.14433136331593,203.38143010541472,192.35133661563401,203.46426854797627,192.12304482739569,203.1394247432664,192.43480992951589,203.81660217596433,192.22696652810242,203.31414242297694,193.14349321422054,204.14144598067415,191.43480992951589,202.48973713384677,193.28999145515942,204.44820972942011,190.9552565821449,203.15679738318423,196.2891602428474,197.1395552550141,198.92956878560085,196.95641220808463
210.7758018089944,209.48621895289551,209.31899084618487,212.20740466108353,205.60505272313756,216.15967594733036,203.86894794761128,215.90075280925436,204.15369743688598,216.00661381311983,204.10842401391949,215.4512720359146,203.57854695410524,215.84782230732171,204.13986397748613,215.41465309180299,203.55651675785299,215.84782230732168,204.16189417373835,215.55713303978001,203.76455286059462,215.84782230732168,203.95385807099672,215.36172258987031,203.6227846311883,215.84782230732168,204.18787451027893,215.78187342644992,203.99865794216618,215.95368331118709,204.14372547548518,215.72894292451721,203.83082073392993,215.67601242258451,203.93173923245519,215.87142287249424,204.27287327595374,216.0066138131198,203.98924817485175,215.72894292451721,204.07754624443925,216.14909376109682,204.50688971523596,216.20202426302953,204.19728427759335,215.72894292451721,203.77726193182176,215.67601242258451,203.98529803456336,215.72894292451721,203.89699996497586,215.67601242258451,203.86556000140925,215.53353247460748,203.66693366598204,215.6230819206518,204.06813647712482,216.05954431505251,204.40597121671067,215.95368331118709,203.73641220094069,215.39834153398192,203.83082073392993,215.75827286127733,203.77726193182173,215.45127203591463,203.909709036203,215.90075280925439,204.02068813841836,215.88773443031533,204.40532038033498,216.04323275723138,203.7551430932802,215.55713303978004,204.17130394105274,215.95368331118706,203.78658305684684,215.45127203591463,203.808139701302,215.72894292451718,204.07415829823719,215.90075280925441,203.85623887638417,215.41465309180299,203.93239006883087,215.96670169012614,203.7143820046885,215.63366410688531,205.00250105936792,216.74678385400117,203.29501049529259,214.86989350083138,204.90028088809123,216.60101072714207,202.26566059334726,215.34782765398967,208.21699198525357,209.15738810039809,211.01063132373318,208.81580916455869
198.95855768090433,197.81826023704298,197.75624169280763,200.57629072812435,194.37262661994589,204.33408255760776,192.70735802456872,204.06964596386135,192.95609819963192,204.07905573117588,192.72864456048896,203.4297370944829,192.28915330606404,204.0768954080626,193.16562136762781,203.84646013634179,192.60259470637496,204.16189417373735,193.06086151782571,203.83705036902742,192.68606802025684,204.05156590789764,192.7278064113936,203.42973709448293,192.2899914551594,203.87431893234694,192.91520142598222,203.92929857890334,192.83172811210034,204.07905573117583,192.85301464802058,203.80956054574924,192.62304656159151,203.90180875562513,192.85301464802058,204.14128482193337,193.16478321853245,204.22412326449484,192.83172811210034,203.92929857890337,192.91520142598222,204.30912203016962,193.2899914551594,204.30912203016965,192.91520142598222,203.80956054574924,192.56085978362987,203.90180875562515,192.91520142598222,204.02154678877923,192.83172811210034,204.02154678877926,192.91520142598222,204.02154678877923,192.83172811210034,204.02154678877926,192.91520142598222,204.13187505461894,193.08130990465057,204.07905573117583,192.60343285547034,203.60698407003363,192.62304656159151,203.86490916503251,192.56085978362987,203.72672210318777,192.93648796190243,204.2816322068914,192.99783659076871,204.15936487789719,193.26954306833454,204.28163220689137,192.6647814843366,203.83705036902748,193.08214805374593,204.28163220689137,192.85217649892519,203.9292985789034,192.89475303915734,204.13187505461892,193.10175829147545,204.28163220689146,192.83256626119569,203.63447389331182,192.6647814843366,204.01466631730503,192.45693808292313,203.83452107318732,193.89391489006198,205.07854767274341,192.41519969178637,203.30710079276193,193.76954480253039,204.74719236928607,191.16394160104539,203.63592680037917,197.00035450644648,197.93519957752218,199.68806333259874,197.56199573769288
209.64215195299295,208.61613232065315,208.78514020875753,211.82716594749758,205.18796070855174,215.59131579118608,203.28401872478923,215.33239265311008,203.64435721242427,215.38532315504287,203.40375675794334,214.7404319317933,203.0511266736797,215.55713303978004,204.04508647177005,215.26644377223832,203.3514109862972,215.55713303978004,203.83705036902845,215.26644377223835,203.55944708903883,215.61006354171275,203.65650408956503,214.93584238170305,203.14818367420594,215.33239265311013,203.68794405313167,215.21351327030567,203.40431895202968,215.24284320706582,203.41372871934408,215.10765226644025,203.43905821950904,215.38532315504281,203.70130396073446,215.54411466084096,203.89052052884728,215.52780310301983,203.47990795039007,215.16058276837296,203.49261702161718,215.43825365697552,203.76748319178043,215.43825365697555,203.49261702161718,215.10765226644023,203.36016991723594,215.38532315504284,203.78019226300756,215.43825365697552,203.57215616026596,215.38532315504284,203.66045422985346,215.43825365697552,203.69189419342007,215.43825365697555,203.56820601997757,215.25013221441728,203.5146472178694,215.24284320706582,203.30340045350437,215.07103332232865,203.55879625266314,215.42194209915442,203.47990795039007,215.26644377223838,203.82434129780131,215.6629940436454,203.60359612383257,215.35599321828269,203.90322960007441,215.61006354171269,203.40496978840537,215.2135132703057,203.87178963650777,215.75254348968969,203.75872426084169,215.49118415890828,203.80561040546183,215.58073360495251,203.8690525266814,215.66299404364545,203.55888489495248,214.93584238170305,203.33805107869441,215.25586158600487,202.98438524854743,214.922824002764,204.40816206923145,216.26797314390123,202.9976565138609,214.63213473522242,204.69517511653544,216.31032145960037,201.94081678863736,215.05713838644803,208.01188621369786,209.04579772494503,211.01500381839972,208.87630932032388
198.08190084426974,197.22400489511912,197.53504549184657,200.40975519263955,194.01744682849821,203.76890403622789,192.12388297649105,203.5967156523574,192.60091840818424,203.7070439181972,192.37346476904128,203.11739454701413,192.10175482308378,203.94179983614444,193.01912312668895,203.55003732172355,192.22612837900704,203.76455286059377,192.68606802025684,203.55944708903797,192.58047002135939,204.08686736946345,192.85217649892522,203.55944708903797,192.41436154269101,203.88429089374785,192.76870318504336,203.53195726575976,192.22696652810242,203.38472940932743,192.22696652810242,203.41221923260568,192.49783485657289,203.79204268387193,192.68522987116148,203.81953250715014,192.76870318504336,203.79204268387193,192.41436154269101,203.41221923260565,192.31043984198431,203.50446744248154,192.41436154269101,203.50446744248157,192.31043984198431,203.41221923260565,192.41436154269101,203.79204268387195,192.76870318504336,203.69979447399604,192.41436154269101,203.58005644084193,192.49783485657289,203.69979447399604,192.68522987116148,203.79204268387193,192.49783485657289,203.41221923260565,192.22696652810242,203.38472940932743,192.22696652810242,203.53195726575979,192.76870318504336,204.00402892690192,192.68522987116148,203.7620235647536,192.83088996300498,203.88429089374782,192.35217476472937,203.4397090558839,192.64349494841639,203.76455286059371,192.26870145084752,203.43970905588392,192.72696826229824,203.9946191595875,192.70567825798634,203.8195325071502,192.74825479821848,203.81953250715011,192.70567825798636,203.88429089374785,192.47738646974801,203.26246208033317,192.30960169288892,203.5069967383217,191.81127625688381,203.00453698533431,193.01828497759359,204.26448331774094,191.78915157186822,202.90975947961834,193.64433309751175,204.65624583216169,191.03872989602678,203.36483348592577,196.64350188519975,197.66049609931099,199.6413534850517,197.7347686492929
210.34809312163836,209.33657297911265,209.53583617615973,212.44845660557451,205.59564295582317,215.97155450477206,203.701110739375,215.95368331118706,204.34902446840044,216.14909376109685,204.14316328139884,215.50420253784731,203.75579392965588,216.23135419978971,204.58191651950992,215.69961298775704,203.66684502369273,215.84782230732168,204.05156590789861,215.61006354171272,204.08686736946433,216.41045309187831,204.56374782125684,215.88773443031533,204.04675711724829,216.23135419978968,204.47544975166932,215.87142287249424,203.82141096661547,215.6230819206518,203.82141096661547,215.78187342644992,204.27287327595371,216.14909376109682,204.21931447384557,215.92435337442694,204.19728427759335,216.0066138131198,204.06483717321211,215.72894292451721,203.90970903620297,215.67601242258451,203.85285093018211,215.67601242258451,203.90970903620297,215.72894292451721,204.06483717321211,216.0066138131198,204.19728427759335,215.78187342644992,203.89699996497586,215.81849237056153,204.09562630040307,215.92435337442694,204.22872424115997,216.05954431505251,204.15313524279961,215.72894292451721,203.82141096661547,215.57015141871909,203.70167293346137,215.72894292451721,204.3651214858296,216.28428470172238,204.27682341624214,215.97728387635965,204.35176157822681,216.04323275723138,203.80870189538837,215.55713303978004,204.1177451389446,215.90075280925436,203.72040382580087,215.50420253784736,204.08630517537796,215.95368331118706,203.96383003239751,215.78187342644995,204.13045421017171,215.87142287249421,204.07415829823719,215.95368331118709,203.97597690953828,215.55713303978001,204.04271833467058,215.87715224408183,203.40147726313322,215.16058276837299,204.49352980763311,216.36325196153317,203.09243401957698,214.92282400276409,205.22259539696094,216.98454261961007,202.56264560205202,215.49030760196669,208.24232148541853,209.29986804837512,211.45009628041498,209.5216555658964
199.21213192653892,198.12539867339416,198.14290849059068,200.77556789992727,194.2678667701438,204.14412651083001,192.62388471068687,204.26892313566429,193.33088822880913,204.50839920197262,193.16562136762781,203.85908056527967,192.66394333524124,204.39591061301962,193.35301638221642,203.86849033259409,192.49783485657287,203.95385807099578,192.7278064113936,203.65650408956409,192.85217649892519,204.56374782125587,193.35217823312104,203.94407933095448,192.68606802025684,204.26892313566435,193.26870491923916,204.11916598339189,192.74825479821848,203.88909968439808,192.74825479821848,204.12857575070629,193.2899914551594,204.42340043629778,192.99783659076871,203.95132877515562,192.83172811210034,204.10108592742804,192.93564981280707,204.00883771755221,192.83172811210034,203.88909968439808,192.6647814843366,203.8890996843981,192.83172811210034,204.00883771755218,192.93564981280707,204.10108592742807,192.83172811210034,203.8410005093159,192.74825479821848,204.1358251949074,193.08130990465057,204.16331501818561,193.01912312668895,204.22082396058218,193.01912312668892,204.00883771755218,192.74825479821848,203.76936165124397,192.47738646974801,203.79685147452219,193.01912312668892,204.26892313566435,192.93564981280707,204.0363275408304,193.10259644057081,204.18392436998954,192.64349494841636,203.74875229944004,192.93648796190243,204.07359610414983,192.56002163453451,203.62901426628594,192.74909294731384,203.87101962843423,192.49783485657287,203.72126247616185,192.81127972527548,203.92383895187734,192.7474166491231,203.98134789427402,192.74909294731384,203.83375106511474,193.03957151351381,204.21394348910795,192.37346476904128,203.41449872741575,193.26870491923916,204.42845902797805,191.81127625688381,203.00681648014447,193.93565328119874,205.15845578411901,191.56001816614284,203.65795699663141,196.68691310613556,197.64432503221911,199.68589481112102,197.9233889350798
210.36198656210888,209.14931018690402,209.07726613051747,211.86378489160919,205.06822267539766,215.5383852892534,203.37626693466513,215.61006354171269,204.02418066369057,215.85840449355521,203.93805750984305,215.21351327030561,203.33870191507009,215.69961298775706,204.0798257392494,215.26644377223835,203.3166717188179,215.36172258987031,203.42973709448395,214.93584238170305,203.55944708903883,215.88773443031533,203.94407933095545,214.93584238170305,202.95285664269147,215.27946215117743,203.85578126136795,215.49118415890825,203.61630519505971,215.33239265311013,203.4965671619056,215.43825365697555,203.94802947124384,215.71592454557813,203.69189419342007,215.25013221441728,203.48320725430281,215.33239265311011,203.53741689278661,215.29577370899852,203.5848652314931,215.33239265311013,203.52800712547221,215.38532315504284,203.7046032646472,215.43825365697555,203.64774515862632,215.33239265311013,203.3728789884631,215.10765226644023,203.57215616026596,215.71592454557813,204.06776750439795,215.58073360495254,203.60689542774531,215.38532315504284,203.6257149623741,215.43825365697555,203.72663346089942,215.33239265311013,203.29399068619,215.01810282039594,203.44846798682346,215.27946215117743,203.36016991723596,215.21351327030567,203.82434129780134,215.61006354171272,203.48385809067847,215.2135132703057,203.7929013342347,215.55713303977998,203.39556002109097,215.07103332232867,203.55888489495248,215.2794621511774,203.24975300910691,215.10765226644028,203.60303392974623,215.2957737089985,203.42699998465761,215.27946215117746,203.47388612927773,215.21351327030564,203.80287329563546,215.58646297654016,203.11137272590264,214.86989350083132,204.25368476859802,216.01963219205882,202.59034323931641,214.30153334468713,204.69517511653547,216.64092285013567,202.34813006318186,215.11006888838074,207.72431097230748,208.71519633440974,210.85594807730243,208.99604735347799
198.71518975215898,197.57376152586264,197.5082887524535,200.20106825352224,193.85133834982986,203.74687383997565,192.20735629037293,203.68501372194487,192.68439172206612,203.91508002093877,192.72780641139363,203.41767885963159,192.18522813696563,203.85285093018123,192.89391489006198,203.52800712547131,192.26870145084752,203.62278463118741,192.28999145515942,203.14818367420506,192.41436154269101,204.04675711724741,192.68606802025684,202.95285664269059,191.56002163453451,203.27770044740043,192.60259470637499,203.72191331253754,192.58130817045475,203.59276551206904,192.31043984198428,203.50051730219315,192.58130817045475,203.77001248761971,192.51912139249313,203.50051730219315,192.37262661994592,203.4730274789149,192.24825306402266,203.39018903635343,192.39391315586616,203.59276551206901,192.49783485657289,203.71250354522314,192.66478148433663,203.71250354522311,192.49783485657289,203.47302747891493,192.12304482739569,203.28853105916312,192.49783485657289,204.05758772901009,193.06085804943405,203.78809254358353,192.28915330606404,203.38077926903904,192.33172637790452,203.71250354522314,192.83088996300498,203.80475175509903,192.33172637790452,203.22235182811716,192.12304482739569,203.27770044740043,192.03957151351381,203.33268009395687,192.6647814843366,203.86226069749557,192.43564807861125,203.52800712547136,192.72696826229824,203.85285093018118,192.35217476472937,203.41767885963168,192.56085978362989,203.67560395463047,192.30960169288892,203.50051730219317,192.58214631955011,203.56743601190408,192.26870145084752,203.47302747891496,192.35217823312104,203.44300835979655,192.6017565572796,203.71503284106328,191.95693634872731,203.21257308807589,193.31043984198428,204.4450295972043,191.66394333524124,202.61823409793953,193.4782246188434,204.83679211162504,191.37178500245886,203.46254132282766,196.49867994245162,197.45180916019368,199.49239171121309,197.73649199025232
210.48144394878199,209.32112007164119,209.31927149266585,212.17078571697192,205.39306648010754,215.79245561268345,203.49853426365939,215.62308192065174,203.95979124981977,215.87142287249426,204.06032483883735,215.41465309180299,203.54380768662588,215.90075280925441,204.29434127811953,215.61006354171272,203.75184378936748,215.84782230732171,203.87431893234793,215.33239265311013,203.8842908937487,216.23135419978968,204.26892313566532,215.27946215117746,203.27770044740134,215.6230819206518,204.18062506607782,215.88773443031533,204.06088703292369,215.78187342644992,203.84890078989369,215.59375198389165,203.88364005737304,215.72894292451721,203.90640973229023,215.6923239804056,203.98529803456336,215.67601242258448,203.68501372194581,215.45127203591463,203.81746082632708,215.72894292451718,203.97258896333619,215.78187342644992,204.02944706935708,215.78187342644989,203.97258896333619,215.67601242258451,203.69772279317297,215.4512720359146,203.89699996497583,216.05954431505251,204.39261130910782,215.78187342644992,203.60942472358548,215.34541103204921,203.6535737583792,215.72894292451721,204.22872424115997,215.86413386514278,203.71108270077576,215.3087920879376,203.65357375837922,215.57015141871906,203.68501372194584,215.55713303978004,204.14918510251121,215.95368331118706,203.80870189538834,215.55713303978004,204.11774513894457,215.90075280925436,203.72040382580087,215.50420253784733,204.08630517537793,215.95368331118706,203.96383003239748,215.78187342644995,204.13045421017171,215.72894292451718,203.75184378936748,215.67601242258451,203.91846796714168,215.61006354171272,204.03546889046945,215.74196130345626,203.25896955506187,215.2664437722384,204.87551358201267,216.74678385400117,203.23750155289602,214.78763306213853,205.02001892124534,216.98454261961007,202.67297386789173,215.5432381038994,208.25173125273292,209.3527985503078,211.6133550481874,209.78387354702753
199.18143562330428,198.08124963860044,198.08072171262904,200.6966795976542,194.18439345626194,203.94550017540286,192.29082960425478,203.77331179153236,192.76786503594798,204.01278785784066,192.83256626119572,203.54071619669838,192.30960169288889,203.98529803456245,193.01996127578431,203.78019226300663,192.66394333524124,204.18787451027802,192.91520142598222,203.68794405313076,192.76870318504334,204.47544975166841,193.26870491923916,203.85578126136704,192.60259470637496,204.18062506607691,193.1852316053573,204.15060594695854,192.93564981280707,204.13252589099471,192.93564981280707,203.95527891544407,192.72696826229824,203.83554088228993,192.6647814843366,203.92994941527914,192.95693634872731,204.01278785784061,192.64349494841639,203.74329267241407,192.74825479821848,204.01278785784061,192.85217649892522,203.92053964796474,192.74825479821848,203.92053964796472,192.85217649892522,204.01278785784064,192.74825479821848,203.75270243972844,192.6647814843366,204.04752712531996,192.99783659076871,203.84495064960433,192.41519969178637,203.51322637342025,192.45609993382777,203.80080161481061,192.87346303484543,203.85831055720718,192.39391315586613,203.49656716190475,192.6647814843366,204.06088703292278,192.85217649892519,203.94802947124296,193.01912312668892,204.0956263004021,192.56002163453451,203.66045422985258,192.85301464802058,203.98529803456239,192.47654832065263,203.65104446253818,192.91520142598222,204.19003483339128,192.89391142167031,204.04027768111888,192.97738820394383,203.94586914812962,192.66394333524124,204.01278785784066,192.93648796190243,203.9574392385573,192.95609819963192,203.94839844396981,192.08130990465057,203.44593869098242,193.6647814843366,204.95946047596507,192.24825306402263,203.14858470955085,193.85217996731689,205.07015771453158,191.47654485226096,203.67998719288366,196.85302158480391,197.97275000449056,200.20417641066396,198.51484843146056
210.65411248386883,209.47991157743931,209.46649934909814,212.19438628214448,205.27079915111327,215.57500423336504,203.25652890151102,215.41465309180296,203.79411436469675,215.66299404364548,203.81831947668897,215.10765226644023,203.21896388191598,215.50420253784733,203.84975944025558,215.21351327030564,203.5192481945335,215.78187342644992,203.92929857890437,215.21351327030567,203.53195726576064,215.87142287249424,204.11916598339283,215.49118415890825,203.72191331253842,215.88773443031531,204.15060594695944,215.67028305099689,203.81888167077534,215.80547399162245,204.11586667948009,215.76885504751084,203.82829143808974,215.42194209915445,203.48715739459118,215.38532315504287,203.83770120540416,215.61006354171272,203.65499460282746,215.38532315504287,203.76211220704377,215.66299404364543,203.85032163434195,215.47487260108718,203.5848652314931,215.38532315504284,203.73999336850224,215.66299404364545,203.87244047288348,215.43825365697555,203.57215616026596,215.47487260108716,203.77078249569317,215.38532315504284,203.46182789442628,215.18991270513314,203.42097816354524,215.24284320706582,203.58156592758041,215.22653164924472,203.19958215320082,215.05472176450755,203.71796317225002,215.74525448233828,203.83224157837813,215.43825365697558,203.79685147452312,215.50420253784731,203.36412005752436,215.16058276837299,203.7929013342347,215.55713303978001,203.395560021091,215.16058276837299,203.76146137066809,215.61006354171272,203.63898622768761,215.43825365697558,203.80561040546183,215.47487260108713,203.62957646037322,215.61006354171275,203.8631193478584,215.54411466084093,204.00544977135107,215.67601242258451,203.11137272590267,214.95944294687564,204.45626124431365,216.35023358259411,202.97957645789708,214.57920423328974,204.77801355909696,216.53506184627028,202.11806376418804,215.00420788451532,207.80714941486897,208.99286722301233,211.33473074192742,209.52922521972889
199.10579611378355,198.02522383520088,198.05002540939444,200.68726983033977,194.18439345626194,203.93609040808843,192.26954306833454,203.73857252405301,192.72696479390657,203.96863882304692,192.78999318935524,203.49656716190466,192.26870145084752,203.82141096661459,192.70651987547339,203.40431895202877,192.35217476472937,203.99865794216527,192.83172811210034,203.4043189520288,192.22696652810242,203.82141096661456,192.74825479821848,203.6163051950588,192.58130817045475,204.06088703292278,192.93564981280707,203.81888167077443,192.64349494841639,204.0789670888866,193.12304482739569,204.17337562187578,192.87346303484546,203.75665258001686,192.37262661994592,203.57940560446622,192.6647814843366,203.84890078989275,192.58130817045475,203.67381413745539,192.68606802025684,203.96863882304686,192.83088996300498,203.79139184749621,192.47738646974801,203.58881537178058,192.58130817045475,203.96863882304689,192.93564981280707,203.87639061317097,192.58130817045475,203.75665258001686,192.66478148433663,203.75665258001686,192.58130817045475,203.64632431417718,192.4151996917864,203.47848710594087,192.39391315586616,203.47632678282761,192.18523160535733,203.42097816354433,192.68606802025684,203.95055876708307,192.58130817045475,203.49656716190472,192.47738646974801,203.61883449089893,192.24825306402263,203.49656716190472,192.81044157618012,203.94114899976864,192.43564807861125,203.50597692921912,192.64433309751175,203.76390202421794,192.39307500677077,203.58881537178064,192.66561963343199,203.76606234733123,192.6017565572796,203.84890078989281,192.64433309751175,203.72663346089851,192.93481166371171,204.09090615204113,192.24909121311802,203.29146139034899,193.16394506943709,204.32134142376177,191.70651640708172,202.76404110992357,193.54041139680501,204.59336590502841,190.93480819532004,203.10878685039131,196.311284927863,197.41095942931261,199.56398825648913,197.80192756096628
210.48144394878202,209.3740505735739,209.43900952581996,212.41912666881436,205.74287081225543,216.13034601057018,203.72860056265321,215.72894292451716,203.96920101713414,215.92435337442697,204.17065310467706,215.61006354171269,203.7832837529341,215.95368331118712,204.08235503508956,215.33239265311011,203.58400658113121,215.95368331118709,204.18938399701653,215.38532315504284,203.50446744248245,215.67601242258451,203.88909968439901,215.33239265311013,203.59276551206995,215.72894292451721,204.01278785784154,215.61006354171275,203.84890078989369,215.92435337442694,204.29095333191751,216.03021437829236,204.18062506607782,215.78187342644992,203.72916275673956,215.50420253784733,203.89304982468744,215.72894292451718,203.80475175509994,215.50420253784733,203.81746082632708,215.78187342644992,204.09232699649033,215.78187342644992,203.81746082632708,215.50420253784733,203.80475175509994,215.92435337442694,204.33510236671125,215.97728387635965,204.01673799812994,215.78187342644992,203.98529803456333,215.78187342644992,204.01673799812997,215.72894292451721,203.7733117915333,215.50420253784733,203.84890078989369,215.72894292451721,203.84890078989369,215.61006354171275,204.01278785784154,215.72894292451721,203.59276551206992,215.22653164924475,203.6496236180908,215.53353247460745,203.60612541967274,215.61006354171275,204.34781143793839,216.14909376109679,203.95987989210906,215.66299404364548,204.11379499865618,215.8184923705615,203.69433484697092,215.50420253784736,203.9278777344561,215.69232398040558,203.87158182252159,215.67601242258451,203.70648172411168,215.42194209915445,204.07020815794877,216.03594374987995,203.6409533294414,215.31937427417111,204.52101963091133,216.2280610209076,202.82293883415039,214.55560366811719,204.81744244552974,216.56439178303043,202.17341238347132,215.12308726731979,207.95690656714146,209.07512766170521,211.25431041671652,209.30362618270934
198.79082926167973,197.74952536241634,197.80985338415857,200.77226859601458,194.642656799321,204.5206506581836,192.74909294731384,203.95922905573244,192.74657850002774,204.07896708888663,193.01996127578431,203.90388043644916,192.76786503594798,204.22872424115909,192.93648796190243,203.52405698518291,192.39307500677077,204.1437254754843,193.10259644057081,203.73604322821291,192.49783485657287,203.94114899976867,192.74825479821848,203.49656716190469,192.31043984198428,203.72916275673867,192.6647814843366,203.67381413745539,192.60259470637496,203.96863882304689,192.91436327688686,204.02145814649003,192.91436327688683,203.96863882304689,192.60259470637499,203.67381413745539,192.6647814843366,203.84890078989278,192.58130817045475,203.57940560446622,192.45609993382777,203.75665258001689,192.78998972096358,203.93389955556756,192.6647814843366,203.664404370141,192.58130817045475,204.0789670888866,193.1852316053573,204.19870512204071,192.85217649892522,203.876390613171,192.6647814843366,203.876390613171,192.85217649892522,203.95922905573249,192.64349494841636,203.77473263598071,192.85217649892522,204.22147479695795,193.06085804943405,204.07171764468549,192.91436327688683,203.83949102257836,192.31043984198428,203.37682912875061,192.47738646974801,203.72916275673865,192.49783485657287,203.90388043644924,193.2899914551594,204.45879054015285,192.93481166371171,204.01420870228895,193.10259644057081,204.13647603128314,192.6017565572796,203.66440437014103,192.64433309751175,203.75665258001686,192.6017565572796,203.7291627567387,192.37346476904128,203.4043189520288,192.68522987116148,204.08149638472673,192.47738646974801,203.57903663173937,193.39391315586613,204.40634018943655,191.68522987116148,202.75463134260917,193.54041139680501,204.70369417086812,191.18438998787028,203.5161001249358,196.7908348068423,197.8182727038571,199.81357004903938,197.91225582680599
210.4421262408388,209.21611771812542,209.11211657648639,212.14145578021177,205.65062260237957,216.0937270664586,203.64576212009172,215.50420253784728,203.6997058317076,215.69961298775709,203.99556645223964,215.43825365697552,203.63352660066161,215.78187342644992,203.90726838265218,215.16058276837293,203.43424942885875,215.87142287249424,204.21687382029475,215.49118415890825,203.62420547563653,215.78187342644992,204.00883771755312,215.38532315504284,203.50051730219403,215.45127203591463,203.63296440657527,215.24284320706585,203.5540761043022,215.55713303978004,203.81888167077531,215.52780310301986,203.82829143808976,215.61006354171272,203.66440437014188,215.38532315504287,203.75270243972938,215.61006354171272,203.73999336850227,215.33239265311016,203.46512719833899,215.27946215117743,203.62025533534816,215.46758359373572,203.64237417388966,215.33239265311013,203.65499460282749,215.75254348968977,204.16001571427387,215.71592454557813,203.66440437014188,215.27946215117746,203.42097816354527,215.33239265311013,203.78414240329599,215.61006354171275,203.70855340493566,215.47487260108718,203.91112988065123,215.88773443031533,204.05363758872258,215.71592454557816,203.95527891544498,215.64668248582433,203.62025533534813,215.38532315504287,203.79685147452312,215.50420253784731,203.45636826740028,215.43825365697558,204.172724785501,215.97728387635962,203.8101227398366,215.5807336049526,204.14128482193439,215.88773443031528,203.73123443756353,215.33239265311016,203.56613433915362,215.2794621511774,203.5192481945335,215.41465309180302,203.5313950716743,215.16058276837296,203.71787452996071,215.6230819206518,203.27920993413895,215.14756438943391,204.55791922150394,216.29730308066141,202.85042865742861,214.47334322942433,204.66768529325725,216.53506184627028,202.32064023990367,215.42435872109493,208.30671089928936,209.32346861354765,211.3740484498706,209.35655668464204
199.31778235681352,198.00851692228096,197.71150009948946,200.39969458894942,194.18439345626194,204.03774838527875,192.29082960425478,203.57073531581676,192.51828324339775,203.89304982468656,192.81127972527548,203.54071619669841,192.33088822880913,203.86556000140834,192.7278064113936,203.44846798682252,192.41436154269101,204.1531352427987,193.10259644057081,203.73604322821291,192.49783485657287,204.06088703292281,193.01912312668895,203.8282914380888,192.58130817045475,203.77331179153242,192.47738646974801,203.42097816354433,192.39391315586613,203.77331179153239,192.6647814843366,203.71796317224911,192.68606802025684,203.8930498246865,192.64349494841639,203.74329267241404,192.74825479821848,204.01278785784061,192.85217649892522,203.810211382125,192.49867300566825,203.51322637342022,192.37262661994592,203.60547458329611,192.49867300566825,203.63296440657433,192.64349494841639,204.01278785784061,192.95693634872731,203.810211382125,192.39391315586616,203.39348834026612,192.20651814127754,203.51322637342022,192.66478148433663,203.90245959200089,192.68606802025684,203.75270243972844,192.72696826229824,203.92778909216582,192.6647814843366,203.75270243972844,192.74825479821848,204.01278785784061,192.85217649892522,204.04027768111885,193.01912312668895,203.89304982468647,192.31043984198428,203.54071619669847,192.83172811210034,203.98529803456236,192.49783485657289,203.66045422985258,192.91520142598222,204.10503606771647,192.68522987116148,203.63296440657436,192.45693808292316,203.5132263734202,192.41436154269101,203.78272155884682,192.66561963343199,203.66045422985252,192.74741664912312,203.8380701781301,192.04040966260919,203.3356104251427,193.45609993382777,204.66247546726029,191.97738473555216,202.918518410557,193.60259817476665,204.86758123881594,191.47654485226096,203.88256366859923,197.10260337735417,197.97275000449056,199.8348565849596,197.92166559412038
210.98929231486798,209.55388513446658,209.17417619925249,211.89311482836933,205.20857006035573,215.60433417012518,203.22903907823283,215.30879208793755,203.76662454141854,215.83480392838266,204.07840489480114,215.33239265311011,203.40346030166782,215.67601242258451,203.99010682521364,215.38532315504281,203.70374461428528,216.05954431505251,204.30912203017064,215.47487260108716,203.49505767516803,215.67601242258451,203.99075766158933,215.5205140956684,203.7606027203062,215.67601242258451,203.72521261645116,215.27946215117743,203.63691454686366,215.72894292451721,203.96863882304777,215.61006354171275,203.89304982468741,215.78187342644992,203.92448978825405,215.69961298775706,204.04752712532087,215.97728387635965,204.21206502964444,215.88773443031533,203.93719885948119,215.50420253784731,203.59276551206995,215.45127203591463,203.72521261645116,215.55713303978001,203.92448978825405,215.83480392838263,204.01278785784154,215.50420253784733,203.51717651370956,215.3087920879376,203.5707353158177,215.50420253784733,203.95922905573337,215.83480392838263,203.97804859036219,215.66299404364545,203.91112988065123,215.59375198389162,203.54466633698777,215.27946215117746,203.72521261645116,215.78187342644992,204.0923269964903,215.94066493224804,204.26892313566529,215.72894292451718,203.42887844412206,215.27946215117746,203.93324871919279,215.72894292451718,203.58005644084278,215.38532315504287,204.02154678878026,215.92435337442689,203.93381091327913,215.61006354171275,203.83562952458018,215.50420253784728,203.69433484697089,215.72894292451721,204.00346673281646,215.71592454557813,204.18994619110288,215.84782230732168,203.25172011086073,215.13125283161281,204.64075766406543,216.52204346733129,203.11992384285517,214.69808361609421,204.84277194569466,216.75980223294016,202.59013542533023,215.64909910776481,208.38954934185085,209.21760760968223,211.0910516489441,209.04140820157824
199.28708605357892,197.96436788748724,197.64931332152784,200.21047802083663,193.85133834982983,203.66187507430089,191.99867473986407,203.51717651370862,192.70567825798634,204.13647603128319,192.99867473986407,203.57215616026505,192.24741491492728,203.89699996497498,192.91520142598222,203.69189419341916,192.6017565572796,204.22872424115909,193.10259644057081,203.6068954277444,192.20567999218218,203.60942472358457,192.49867300566825,203.46182789442537,192.49783485657287,203.89699996497492,192.6647814843366,203.57215616026508,192.58130817045475,204.01673799812903,192.85217649892522,203.77473263598068,192.64349494841639,203.92448978825314,192.78998972096358,203.95197961153139,192.91436327688683,204.15455608724696,193.03957151351381,204.15455608724699,192.91436327688683,203.83224157837725,192.5191213924931,203.71250354522317,192.64349494841636,203.83224157837725,192.78998972096358,203.92448978825314,192.64349494841639,203.53525656967247,192.31043984198428,203.60217527938343,192.60259470637499,203.83224157837725,192.83088996300498,204.03481805409288,192.85217649892522,203.95197961153136,192.85217649892522,203.80475175509903,192.31043984198428,203.3326800939569,192.39391315586613,203.80475175509903,192.76870318504334,203.95197961153139,192.93564981280707,203.80475175509903,192.22696652810239,203.452418127111,192.74825479821848,203.89699996497492,192.41436154269101,203.57215616026511,192.83172811210034,204.12706626396871,192.85133834982983,203.95197961153139,192.85301464802058,203.83224157837722,192.58047002135936,203.9150800209388,192.83172811210034,203.97946943480957,193.14349321422054,204.15708538308712,192.20651814127754,203.35764062139495,193.37262661994592,204.57417739767283,191.89391142167031,202.83022034096956,193.51912486088477,204.77928316922851,191.3930715383791,203.68393733317208,196.76954827092206,197.486548427673,199.17338189486455,197.1993349563117
210.44212624083883,209.21611771812542,209.11211657648639,211.99897583223475,205.32830809350983,215.65726467205786,203.22903907823283,215.30879208793755,203.76662454141857,215.83480392838266,204.07840489480114,215.33239265311011,203.40346030166782,215.72894292451721,204.10984485836775,215.43825365697552,203.61149640440942,215.92435337442694,204.25161308777407,215.49118415890825,203.49721799828131,215.45127203591463,203.54401550061209,215.05472176450755,203.4657780347147,215.6393934784729,203.84495064960527,215.38532315504287,203.7566525800178,215.83480392838263,203.99612864632601,215.52780310301989,203.74329267241498,215.69961298775706,203.95197961153227,215.71592454557816,203.96468868275937,215.75254348968974,203.94256984421784,215.75254348968977,203.9646886827594,215.61006354171272,203.71250354522402,215.55713303978004,203.84495064960529,215.61006354171275,203.83224157837816,215.55713303978004,203.63296440657527,215.22653164924472,203.42492830383367,215.41465309180302,203.81021138212594,215.66299404364545,203.98671887901162,215.78916243380138,203.91112988065123,215.66299404364545,203.97804859036219,215.69232398040558,203.63691454686369,215.27946215117746,203.63296440657527,215.50420253784731,203.62025533534813,215.38532315504287,203.79685147452312,215.50420253784731,203.45636826740028,215.38532315504287,204.05298675234687,215.78187342644989,203.58005644084281,215.38532315504287,204.02154678878026,215.92435337442691,203.93381091327913,215.66299404364545,203.95536755773429,215.61006354171272,203.72182467024913,215.64668248582436,203.85370958054401,215.63366410688528,204.21743601438109,215.95368331118709,203.37145814401484,215.0946338875012,204.43818118834983,216.2443725787287,202.85042865742861,214.47334322942433,204.66768529325728,216.53506184627028,202.32064023990364,215.28187877311791,207.98439639041965,208.79745677310262,210.61226898431912,208.50823033532731
198.82152556491431,197.79367439721005,197.87204016212021,200.73141886513352,194.45526178473241,204.15748641843285,192.29082960425478,203.57073531581676,192.51828324339775,203.89304982468656,192.81127972527548,203.54071619669841,192.33088822880913,203.98529803456245,192.99867473986407,203.66045422985252,192.41436154269101,204.09562630040213,193.16478321853245,203.95743923855733,192.72780294300193,203.98529803456242,192.60176002567127,203.36346922114777,192.33172637790452,203.87496976872271,192.74825479821848,203.66045422985255,192.6647814843366,204.1050360677165,192.93564981280707,203.87244047288254,192.74825479821848,204.04752712531993,192.91436327688686,203.96468868275846,192.76954133413872,203.84495064960433,192.64349494841639,203.84495064960436,192.76954133413872,203.84495064960433,192.64349494841639,203.84495064960436,192.76954133413872,203.84495064960433,192.64349494841639,203.72521261645025,192.49867300566825,203.52263614073462,192.39391315586616,203.72521261645022,192.74825479821848,203.96468868275844,192.93564981280707,204.04752712531996,192.72696826229824,203.75270243972844,192.68606802025684,203.90245959200092,192.6647814843366,203.75270243972847,192.74825479821848,203.81746082632611,192.39391315586616,203.46512719833808,192.56085978362989,203.81746082632611,192.58130817045475,203.87244047288257,193.10259644057081,204.10503606771647,192.49783485657287,203.66045422985258,192.91520142598222,204.10503606771647,192.68522987116148,203.75270243972847,192.72780641139363,203.8449506496043,192.68522987116148,203.93719885948025,192.72780641139363,203.81493153048595,193.01828497759357,204.1697944543142,192.31127799107963,203.3450201924571,193.20651814127754,204.37490022586991,191.76870318504334,202.84292941219664,193.62388471068689,204.79199224045558,191.26786330175213,203.48466016136916,196.60343979225368,197.45510846410636,199.24497844014061,197.26477052702566
210.48144394878202,209.3740505735739,209.43900952581996,212.41912666881436,205.74287081225546,215.98786606259318,203.4062860537835,215.25586158600484,203.46963953271376,215.45127203591466,203.75609038593143,215.18991270513308,203.40346030166782,215.72894292451721,204.10984485836775,215.38532315504281,203.49175837125529,215.81849237056153,204.22412326449586,215.71592454557813,203.96928965942348,216.0066138131198,204.01608716175423,215.27946215117743,203.43828821143649,215.53353247460748,203.72521261645116,215.27946215117746,203.63691454686369,215.72894292451721,203.96863882304777,215.66299404364545,204.01278785784152,215.97728387635965,204.15455608724787,215.75254348968977,203.84495064960527,215.55713303978001,203.71250354522402,215.55713303978004,203.84495064960527,215.55713303978001,203.71250354522402,215.55713303978004,203.84495064960527,215.55713303978001,203.71250354522402,215.50420253784733,203.72521261645116,215.41465309180302,203.60217527938434,215.50420253784733,203.83554088229087,215.75254348968977,204.16396585456226,215.88773443031533,203.80080161481152,215.27946215117743,203.46907733862741,215.45127203591463,203.75665258001777,215.66299404364545,204.13252589099565,215.78187342644989,203.59276551206992,215.27946215117746,203.76936165124491,215.72894292451718,203.83619171866656,215.66299404364545,204.14523496222279,215.72894292451718,203.46031840768867,215.33239265311016,204.02154678878028,215.78187342644986,203.61149640440942,215.27946215117746,203.65838254902951,215.55713303978001,203.89907164579978,215.83480392838266,203.9459577904199,215.58073360495254,204.09769798122699,215.90075280925439,203.37145814401484,215.0417033855685,204.31844315519572,216.19144207679599,202.9426768673045,214.75101411802692,205.04750874452355,216.81273273487287,202.41288844977953,215.31849771722952,208.06723483298117,209.07512766170518,211.0910516489441,209.04140820157821
199.07509981054892,197.98107480040716,197.98783863143279,200.72811956122084,194.37178847085053,204.06918834884536,192.2073562903729,203.39743848055451,192.22612837900704,203.5171765137087,192.47822461884337,203.34208986127123,192.24741491492728,203.89699996497498,192.91520142598222,203.57215616026505,192.33088822880913,203.89699996497498,192.83172811210034,203.68248442610479,192.66394333524124,204.18457520636534,192.95693634872731,203.53741689278576,192.22696652810239,203.56527568879082,192.39391315586616,203.33268009395687,192.31043984198428,203.68501372194493,192.58130817045475,203.73999336850136,192.85217649892522,204.21206502964353,193.03957151351381,203.94256984421696,192.64349494841639,203.71250354522314,192.5191213924931,203.71250354522314,192.64349494841639,203.71250354522314,192.5191213924931,203.71250354522314,192.64349494841639,203.71250354522314,192.5191213924931,203.71250354522314,192.64349494841639,203.71250354522314,192.5191213924931,203.71250354522314,192.64349494841639,203.94256984421696,193.03957151351381,204.10173676380381,192.60259470637499,203.33268009395687,192.10175829147545,203.50776674639425,192.58130817045475,203.95197961153136,193.12304482739569,204.09232699648942,192.49783485657287,203.52800712547136,192.6647814843366,203.97258896333531,192.68522987116148,203.73999336850139,192.74825479821848,203.6850137219449,192.14349321422054,203.452418127111,192.83172811210034,203.8969999649749,192.33088822880913,203.3326800939569,192.37346476904128,203.71250354522311,192.78915157186822,204.09232699648945,192.83172811210034,203.76748319177955,192.87262488575007,204.03734734993301,192.20651814127754,203.23790258824084,193.10175829147545,204.36219115464283,191.89391142167031,203.11779558235995,193.97738820394383,205.06685841061889,191.3930715383791,203.58227935598177,196.74826173500182,197.77412366906339,199.76326003968356,197.85623002340643
210.6541124838688,209.4269810755066,209.34676131594406,212.14145578021177,205.36304736098916,215.71019517399057,203.31403784390758,215.30879208793755,203.58937756586789,215.50420253784736,203.75609038593143,215.18991270513308,203.40346030166782,215.72894292451721,204.10984485836775,215.43825365697552,203.61149640440942,215.78187342644992,203.92929857890437,215.25013221441728,203.52254749844624,215.78187342644992,204.01824748486754,215.29577370899855,203.38077926903995,215.39834153398192,203.63296440657527,215.24284320706585,203.5540761043022,215.4512720359146,203.57940560446713,215.33239265311016,203.81021138212594,215.88773443031533,204.15455608724787,215.75254348968977,203.84495064960527,215.55713303978001,203.71250354522405,215.55713303978004,203.84495064960527,215.55713303978001,203.71250354522405,215.55713303978004,203.84495064960527,215.55713303978001,203.71250354522405,215.55713303978004,203.84495064960527,215.55713303978001,203.71250354522405,215.50420253784733,203.72521261645116,215.61006354171272,204.04422782140816,215.83480392838263,203.80080161481155,215.27946215117746,203.46907733862741,215.50420253784731,203.87639061317191,215.85840449355518,204.36259218998947,215.97728387635962,203.71250354522405,215.38532315504287,203.88909968439901,215.78187342644989,203.74394350879066,215.38532315504287,203.76541151095651,215.39834153398189,203.24833216465868,215.24284320706585,204.03095655609465,215.78187342644986,203.60208663709503,215.27946215117746,203.66779231634393,215.61006354171272,204.00939991163952,215.97728387635965,204.065695823574,215.63366410688528,204.09769798122699,215.90075280925439,203.37145814401484,215.0417033855685,204.31844315519572,216.19144207679599,202.9426768673045,214.75101411802692,205.04750874452355,216.81273273487287,202.41288844977956,215.37142821916223,208.18697286613525,209.27053811161494,211.37404844987063,209.35655668464204
199.21213192653892,198.00566064024005,197.87204016212021,200.44384362374313,193.99699844167336,203.86991117704247,192.29082960425478,203.78272155884676,192.78915157186822,204.01278785784066,192.81127972527548,203.54071619669841,192.33088822880913,203.98529803456245,192.99867473986407,203.78019226300663,192.68522987116148,204.19728427759242,192.91520142598222,203.49261702161627,192.31043984198428,203.90970903620203,192.83172811210034,203.58486523149219,192.39391315586613,203.81746082632614,192.74825479821848,203.76211220704283,192.68606802025684,203.81746082632614,192.45609993382777,203.46512719833808,192.49867300566825,203.93719885948022,192.91436327688683,203.96468868275846,192.76954133413872,203.84495064960433,192.64349494841639,203.84495064960436,192.76954133413872,203.84495064960433,192.64349494841639,203.84495064960436,192.76954133413872,203.84495064960433,192.64349494841639,203.84495064960436,192.76954133413872,203.84495064960433,192.64349494841639,203.72521261645025,192.49867300566825,203.64237417388873,192.6647814843366,203.92778909216585,192.72696826229824,203.75270243972844,192.68606802025684,204.02219762515503,192.93564981280707,204.19475498175228,193.26870491923918,204.25951336834993,192.6647814843366,203.70460326464629,192.83172811210034,204.02944706935611,192.58130817045475,203.58486523149219,192.64433309751175,203.69772279317201,192.22696652810239,203.55012596401289,192.93648796190246,204.10503606771647,192.66394333524124,203.75270243972847,192.74909294731384,203.96468868275841,192.93481166371171,204.25951336834999,192.99867473986407,203.93466956364006,193.01828497759357,204.1697944543142,192.31127799107963,203.3450201924571,193.20651814127754,204.37490022586991,191.76870318504334,202.84292941219664,193.62388471068689,204.79199224045558,191.26786330175213,203.60439819452327,196.87430812072415,197.89716100613018,199.88516659431542,197.97769139751995
210.65411248386883,209.3740505735739,209.22702328278993,211.99897583223475,205.25271909514947,215.79974462003491,203.62694258546293,215.78187342644986,204.09834881760264,215.88773443031536,203.95866686164703,215.2794621511774,203.40346030166782,215.72894292451721,204.10984485836775,215.58073360495254,203.9338109132791,216.20202426302953,204.30912203017064,215.43825365697555,203.50446744248242,215.67601242258451,203.88909968439901,215.33239265311013,203.59276551206992,215.72894292451721,204.01278785784154,215.66299404364543,203.9686388230478,215.78187342644992,203.7566525800178,215.27946215117743,203.51322637342113,215.50420253784731,203.83224157837816,215.61006354171275,203.84495064960527,215.55713303978001,203.71250354522402,215.55713303978004,203.84495064960527,215.55713303978001,203.71250354522402,215.55713303978004,203.84495064960527,215.55713303978001,203.71250354522402,215.55713303978004,203.84495064960527,215.61006354171272,203.83224157837813,215.55713303978004,203.63296440657527,215.27946215117746,203.54466633698777,215.50420253784733,203.80080161481152,215.61006354171272,203.9686388230478,215.83480392838263,203.9686388230478,215.80547399162245,204.24285415683534,215.92435337442691,203.71250354522402,215.38532315504287,203.88909968439901,215.72894292451718,203.62420547563653,215.33239265311016,203.8576597208324,215.58646297654016,203.42557914020935,215.33239265311016,204.05628605625961,215.92435337442689,203.89907164579981,215.66299404364545,203.99010682521362,215.75254348968971,204.00939991163949,215.97728387635965,204.065695823574,215.63366410688525,204.09769798122699,215.90075280925439,203.37145814401484,215.0946338875012,204.43818118834983,216.2443725787287,202.85042865742861,214.47334322942433,204.66768529325728,216.48213134433757,202.20090220674953,215.2289482711852,208.07664460029557,209.12805816363789,211.25431041671652,209.30362618270934
199.07509981054892,197.86133676725302,197.71697030296232,200.40580505235113,194.1222066783003,204.17951661468507,192.70651987547339,204.12706626396871,192.97654658645681,204.0442278214073,192.7278064113936,203.45241812711095,192.24741491492728,203.89699996497498,192.91520142598222,203.80222245925887,192.85133834982983,204.50688971523505,193.28999145515942,203.76748319177955,192.41436154269101,203.85285093018123,192.6647814843366,203.52800712547136,192.49783485657287,203.97258896333531,192.85217649892522,203.85032163434107,192.83088996300498,204.09232699648942,192.78998972096358,203.62025533534725,192.37262661994592,203.59276551206904,192.5191213924931,203.71250354522314,192.64349494841639,203.71250354522314,192.5191213924931,203.71250354522314,192.64349494841639,203.71250354522314,192.5191213924931,203.71250354522314,192.64349494841639,203.71250354522314,192.5191213924931,203.71250354522314,192.64349494841639,203.83224157837725,192.78998972096358,203.92448978825314,192.64349494841639,203.53525656967247,192.31043984198428,203.60217527938343,192.60259470637499,203.83224157837725,192.83088996300498,203.91508002093875,192.58130817045475,203.73999336850136,192.85217649892522,203.97258896333531,192.49783485657287,203.52800712547136,192.6647814843366,203.85285093018118,192.41436154269101,203.52800712547139,192.74825479821848,203.86226069749557,192.35217476472937,203.56274639295071,192.87262835414174,204.12706626396871,192.81043810778843,203.95197961153139,192.89391489006198,203.94256984421693,192.78915157186822,204.09232699648945,192.83172811210034,203.76748319177955,192.87262488575007,204.03734734993301,192.20651814127754,203.35764062139495,193.37262661994592,204.57417739767283,191.89391142167031,202.83022034096956,193.51912486088477,204.6595451360744,191.12220320990863,203.35221305698795,196.49867994245159,197.45180916019368,199.49239171121309,197.73649199025232
210.6541124838688,209.3740505735739,209.22702328278996,212.08852527827906,205.45529557086508,216.04079656452586,203.81359932832797,215.78187342644986,203.9116920747376,215.64668248582439,203.75609038593143,215.18991270513308,203.40346030166782,215.72894292451721,204.10984485836775,215.58073360495254,203.93381091327913,216.20202426302953,204.30912203017064,215.43825365697555,203.50446744248245,215.67601242258451,203.88909968439904,215.38532315504287,203.71250354522405,215.78187342644992,203.92053964796565,215.47487260108718,203.79139184749712,215.78187342644989,203.93389955556847,215.46758359373572,203.60547458329705,215.45127203591463,203.71250354522405,215.55713303978004,203.84495064960527,215.55713303978001,203.71250354522405,215.55713303978004,203.84495064960527,215.55713303978001,203.71250354522405,215.55713303978004,203.84495064960527,215.55713303978001,203.71250354522405,215.55713303978004,203.84495064960527,215.75254348968974,204.15455608724787,216.03021437829236,204.13252589099565,215.61006354171272,203.63691454686366,215.50420253784733,203.80080161481155,215.61006354171275,203.87639061317191,215.50420253784731,203.46907733862741,215.33239265311016,203.92053964796565,215.78187342644989,203.71250354522405,215.38532315504287,203.88909968439901,215.72894292451718,203.62420547563656,215.33239265311016,203.8576597208324,215.58646297654016,203.42557914020935,215.33239265311016,204.05628605625958,215.92435337442689,203.89907164579981,215.66299404364545,203.99010682521364,215.75254348968974,204.00939991163952,215.92435337442694,203.9459577904199,215.49118415890825,203.98736971538727,215.84782230732168,203.36204837670044,215.18418333354552,204.65016743137983,216.57497396926399,203.23025210869488,214.89349406600394,205.08224801200288,216.81273273487287,202.37814918230023,215.1760177692525,207.77965959159076,208.74452627116992,210.93199590784681,209.16114623473231
199.21213192653892,198.00566064024005,197.87204016212021,200.55417188958285,194.24658023422359,204.16689618574725,192.52079769068385,203.78272155884676,192.55918348543915,203.71580284913588,192.56169793272525,203.4303879308587,192.33088822880913,203.98529803456245,192.99867473986407,203.78019226300663,192.68522987116148,204.19728427759242,192.91520142598222,203.49261702161627,192.31043984198428,203.90970903620203,192.83172811210034,203.70460326464629,192.6647814843366,204.02944706935614,192.74825479821848,203.58486523149216,192.47738646974801,203.81746082632614,192.6647814843366,203.64237417388875,192.49867300566825,203.72521261645022,192.64349494841636,203.84495064960436,192.76954133413872,203.84495064960433,192.64349494841639,203.84495064960436,192.76954133413872,203.84495064960433,192.64349494841639,203.84495064960436,192.76954133413872,203.84495064960433,192.64349494841639,203.84495064960436,192.76954133413872,204.07501694859815,193.16394506943709,204.45484039986445,193.22780467719778,204.04968744843322,192.6647814843366,203.83554088228996,192.72696826229824,203.84495064960433,192.68606802025684,203.61488435061054,192.20651814127754,203.46512719833808,192.74825479821848,204.02944706935611,192.6647814843366,203.70460326464629,192.83172811210034,204.02944706935611,192.58130817045475,203.58486523149219,192.64433309751175,203.69772279317201,192.22696652810239,203.55012596401289,192.93648796190246,204.10503606771647,192.66394333524124,203.75270243972847,192.74909294731384,203.96468868275841,192.93481166371171,204.13977533519588,192.7278064113936,203.61235505477035,192.76870318504334,204.05005642116009,192.2899914551594,203.45534845829681,193.47738646974801,204.7822135004144,192.22696652810239,203.36057095258084,194.1443348317076,205.19930551500008,191.47654485226096,203.48466016136916,196.39475824174485,197.27786148855569,199.36471647329472,197.74762509852613
210.65411248386883,209.4269810755066,209.34676131594404,212.14145578021177,205.36304736098919,215.7101951739906,203.31403784390761,215.30879208793755,203.58937756586786,215.50420253784736,203.75609038593143,215.18991270513308,203.40346030166782,215.72894292451721,204.10984485836775,215.43825365697552,203.61149640440939,215.72894292451721,203.80956054575026,215.10765226644025,203.41221923260653,215.72894292451721,204.00883771755312,215.43825365697555,203.71250354522402,215.78187342644992,203.92053964796565,215.38532315504284,203.58881537178152,215.50420253784733,203.66440437014191,215.33239265311013,203.63296440657524,215.55713303978001,203.83224157837813,215.61006354171275,203.84495064960527,215.55713303978001,203.71250354522402,215.55713303978004,203.84495064960527,215.55713303978001,203.71250354522402,215.55713303978004,203.84495064960527,215.55713303978001,203.71250354522402,215.55713303978004,203.84495064960527,215.75254348968974,204.15455608724784,216.03021437829236,204.13252589099565,215.66299404364545,203.75665258001777,215.64668248582436,203.91112988065123,215.61006354171272,203.76606234733219,215.36172258987031,203.34933930547331,215.27946215117743,203.92053964796563,215.78187342644989,203.71250354522402,215.38532315504287,203.88909968439901,215.78187342644989,203.74394350879064,215.38532315504287,203.76541151095651,215.39834153398189,203.24833216465868,215.24284320706585,204.03095655609465,215.78187342644986,203.60208663709503,215.27946215117746,203.66779231634391,215.61006354171269,204.00939991163949,215.83480392838263,203.74338131470429,215.30306271634996,203.92045100567631,215.90075280925439,203.45645690968962,215.14756438943391,204.47292045582915,216.38685252670572,203.13800389881899,214.94642456793665,205.20198604515699,216.86566323680557,202.37814918230021,215.1760177692525,207.77965959159079,208.74452627116989,210.93199590784681,209.16114623473231
199.07509981054892,197.98107480040713,197.98783863143279,200.61779129538112,194.1222066783003,203.77220334014058,191.97738820394386,203.39743848055451,192.4560964654361,203.81416152241349,192.7278064113936,203.45241812711095,192.24741491492728,203.89699996497498,192.91520142598222,203.57215616026505,192.33088822880913,203.77726193182085,192.56085978362989,203.36016991723505,192.41436154269101,204.06483717321123,192.93564981280707,203.64774515862547,192.49783485657287,203.97258896333531,192.85217649892522,203.73999336850136,192.58130817045475,203.80475175509903,192.58130817045475,203.65499460282658,192.64349494841639,203.92448978825314,192.78998972096358,203.83224157837725,192.64349494841639,203.71250354522314,192.5191213924931,203.71250354522314,192.64349494841639,203.71250354522314,192.5191213924931,203.71250354522314,192.64349494841639,203.71250354522314,192.5191213924931,203.71250354522314,192.64349494841639,203.83224157837725,192.78998972096358,203.92448978825314,192.64349494841639,203.65499460282658,192.58130817045475,203.92448978825314,192.85217649892522,203.83224157837725,192.58130817045475,203.59276551206904,192.31043984198428,203.62025533534725,192.85217649892522,203.97258896333531,192.49783485657287,203.52800712547136,192.6647814843366,203.97258896333528,192.68522987116148,203.73999336850139,192.74825479821848,203.6850137219449,192.14349321422054,203.452418127111,192.83172811210034,203.8969999649749,192.33088822880913,203.3326800939569,192.37346476904128,203.71250354522311,192.78915157186822,203.98199873064974,192.58214631955011,203.59023621622887,192.91352512779147,204.24933359296301,192.43648622770661,203.36705038870934,193.16394506943709,204.39693042212215,191.89391142167031,203.04220658399956,193.78999318935524,204.77928316922851,191.12220320990863,203.35221305698795,196.49867994245159,197.45180916019368,199.49239171121309,197.73649199025232
210.48144394878199,209.3740505735739,209.43900952581996,212.27664672083733,205.42055630338575,215.60433417012516,203.10930104507872,215.25586158600484,203.76662454141857,215.83480392838266,204.07840489480114,215.33239265311011,203.40346030166782,215.72894292451721,204.10984485836775,215.38532315504281,203.49175837125532,215.67601242258451,203.90180875562615,215.38532315504284,203.79204268387284,216.0066138131198,204.10108592742904,215.33239265311016,203.47302747891584,215.67601242258451,204.01278785784154,215.66299404364545,203.9686388230478,215.92435337442691,204.07896708888751,215.75254348968977,204.01278785784154,215.83480392838263,203.92448978825405,215.55713303978004,203.72521261645116,215.50420253784731,203.71250354522405,215.55713303978004,203.84495064960527,215.55713303978001,203.71250354522405,215.55713303978004,203.84495064960527,215.55713303978001,203.71250354522405,215.55713303978004,203.84495064960527,215.61006354171272,203.83224157837816,215.50420253784733,203.51322637342116,215.27946215117743,203.75665258001777,215.88773443031533,204.20811488935604,215.75254348968977,203.79139184749712,215.4512720359146,203.52658628102398,215.46758359373572,204.01278785784154,215.72894292451718,203.59276551206995,215.27946215117746,203.76936165124491,215.72894292451718,203.83619171866656,215.66299404364545,204.14523496222279,215.72894292451718,203.4603184076887,215.33239265311016,204.02154678878026,215.78187342644989,203.61149640440942,215.27946215117746,203.65838254902954,215.55713303978001,203.89907164579981,215.78187342644992,203.82621975726579,215.58073360495257,204.30968422425698,216.23135419978968,203.65903338540522,215.23711383547823,204.47292045582915,216.38685252670572,203.13800389881899,214.80394461995962,204.87967153628728,216.48213134433757,202.08116417359545,215.12308726731979,207.95690656714143,208.93264771372819,210.97131361579,208.9884776996455
198.82152556491434,197.79367439721005,197.87204016212021,200.61168083197941,194.18439345626194,203.83517190956314,192.04124781170455,203.57073531581676,192.76786503594798,204.21536433355627,193.08214805374595,203.66045422985252,192.33088822880913,203.98529803456245,192.99867473986407,203.66045422985252,192.41436154269101,203.98529803456242,192.91520142598222,203.78019226300665,192.76870318504334,204.19728427759242,192.83172811210034,203.37287898846216,192.12304482739566,203.69772279317203,192.74825479821848,203.87244047288254,192.93564981280707,204.33510236671034,193.1852316053573,204.16001571427296,192.95693634872731,204.01278785784061,192.64349494841639,203.63296440657436,192.49867300566825,203.72521261645022,192.64349494841639,203.84495064960436,192.76954133413872,203.84495064960433,192.64349494841639,203.84495064960436,192.76954133413872,203.84495064960433,192.64349494841639,203.84495064960436,192.76954133413872,203.84495064960433,192.64349494841639,203.60547458329614,192.22780467719778,203.43038793085873,192.6647814843366,204.22477410087063,193.20651814127754,204.07501694859815,192.72696826229824,203.72521261645025,192.41519969178637,203.64237417388875,192.74825479821848,203.81746082632611,192.39391315586613,203.46512719833808,192.56085978362987,203.81746082632611,192.58130817045475,203.87244047288257,193.10259644057081,204.1050360677165,192.49783485657287,203.66045422985258,192.91520142598222,204.10503606771647,192.68522987116148,203.75270243972847,192.7278064113936,203.8449506496043,192.68522987116148,203.92778909216588,192.70651987547336,203.89993029616073,193.24825306402263,204.45736969570459,192.53957324770963,203.56567672413652,193.47738646974801,204.7822135004144,192.22696652810239,203.13050465358702,193.62388471068689,204.58000599742559,190.99699497328166,203.36492212821506,196.60343979225368,197.45510846410636,199.24497844014061,197.26477052702566
210.1893180270221,209.09637968497131,209.16951434039336,212.08852527827906,205.32830809350983,215.56771522601358,203.11871081239312,215.30879208793755,203.87695280725825,215.97728387635968,204.19814292795525,215.38532315504281,203.40346030166782,215.72894292451721,204.10984485836775,215.38532315504281,203.49175837125529,215.72894292451721,204.02154678878026,215.43825365697555,203.69979447399692,215.78187342644992,203.84100050931684,215.10765226644025,203.28853105916403,215.45127203591463,203.75270243972938,215.43825365697555,203.87639061317188,215.97728387635965,204.19870512204159,215.71592454557816,203.81021138212594,215.50420253784731,203.53525656967335,215.22653164924475,203.52263614073556,215.41465309180299,203.71250354522402,215.55713303978004,203.84495064960527,215.61006354171272,203.83224157837813,215.75254348968977,204.07501694859909,215.75254348968974,203.83224157837813,215.61006354171275,203.84495064960527,215.61006354171272,203.83224157837813,215.50420253784733,203.51322637342116,215.27946215117746,203.75665258001777,215.88773443031533,204.20811488935601,215.80547399162245,203.91112988065123,215.50420253784733,203.43433807114809,215.18991270513311,203.63296440657524,215.50420253784731,203.62025533534813,215.38532315504287,203.79685147452312,215.50420253784731,203.45636826740028,215.38532315504287,204.05298675234687,215.78187342644989,203.58005644084278,215.38532315504287,204.02154678878026,215.87142287249418,203.81407288012502,215.52051409566843,203.84503929189458,215.55713303977998,203.71241490293471,215.59375198389165,203.74338131470429,215.54411466084093,204.21743601438109,216.04323275723141,203.48178640985455,215.23711383547823,204.65016743137983,216.6279044711967,203.34999014184899,214.89349406600394,204.87026176897288,216.48213134433757,202.09057394090982,215.08646832320818,207.86465835726557,208.74452627116989,210.61226898431912,208.50823033532731
198.71518975215898,197.69349955901677,197.77915708092397,200.53279252970634,194.1222066783003,203.781613107455,191.99867473986407,203.51717651370862,192.70567825798634,204.13647603128319,192.99867473986407,203.57215616026505,192.24741491492728,203.89699996497498,192.91520142598222,203.57215616026505,192.33088822880913,203.89699996497498,192.83172811210034,203.57215616026508,192.41436154269101,203.89699996497495,192.74825479821848,203.57215616026508,192.49783485657287,203.89699996497492,192.66478148433663,203.57215616026508,192.58130817045475,204.01673799812903,192.85217649892522,203.66440437014097,192.39391315586616,203.51717651370865,192.31043984198428,203.42492830383276,192.39391315586616,203.60217527938343,192.5191213924931,203.71250354522314,192.64349494841639,203.83224157837725,192.78998972096358,204.15455608724696,193.16394506943709,204.15455608724696,192.78998972096358,203.83224157837725,192.64349494841639,203.83224157837725,192.78998972096358,203.92448978825314,192.64349494841639,203.65499460282658,192.58130817045475,203.92448978825314,192.85217649892522,203.95197961153136,192.85217649892522,203.80475175509903,192.31043984198428,203.33268009395687,192.39391315586616,203.80475175509903,192.76870318504334,203.95197961153139,192.93564981280707,203.80475175509903,192.22696652810242,203.452418127111,192.74825479821848,203.89699996497492,192.41436154269101,203.57215616026511,192.83172811210034,204.00732823081461,192.58047002135936,203.62966510266168,192.60343285547034,203.71250354522311,192.55918348543915,203.80475175509906,192.60343285547034,203.69189419341916,192.91352512779147,204.07208661741234,192.22780467719778,203.36705038870934,193.37262661994592,204.69391543082693,192.16477975014078,203.15253484983927,193.768706653435,204.77928316922851,191.14348974582887,203.36162282430234,196.49867994245159,197.36681039451889,199.17338189486455,197.1993349563117
210.48144394878202,209.3740505735739,209.43900952581996,212.27664672083733,205.42055630338572,215.65726467205786,203.22903907823283,215.39834153398186,203.87695280725828,215.88773443031536,204.08781466211553,215.33239265311011,203.39405053435343,215.67601242258451,203.99951659252804,215.24284320706579,203.37202033810121,215.67601242258451,204.02154678878026,215.38532315504284,203.58005644084281,215.81849237056153,204.13582519490836,215.71592454557816,204.05758772901098,216.05954431505251,204.04752712532087,215.47487260108718,203.7566525800178,215.78187342644992,203.87639061317191,215.27946215117746,203.39348834026706,215.3087920879376,203.60217527938434,215.41465309180302,203.72521261645116,215.50420253784733,203.71250354522405,215.50420253784733,203.72521261645116,215.55713303978001,203.92448978825405,216.03021437829236,204.45484039986536,216.03021437829233,203.92448978825405,215.50420253784733,203.60547458329705,215.50420253784731,203.92448978825405,215.88773443031533,204.13252589099565,215.75254348968977,203.86698084585748,215.64668248582436,203.80080161481155,215.66299404364545,204.0883768562019,215.78187342644989,203.63691454686369,215.22653164924475,203.60547458329705,215.72894292451718,204.09232699649033,215.94066493224804,204.26892313566529,215.72894292451718,203.42887844412209,215.27946215117746,203.93324871919276,215.72894292451718,203.58005644084281,215.38532315504287,204.02154678878026,215.78187342644989,203.61149640440942,215.27946215117746,203.65838254902951,215.50420253784731,203.7793336126457,215.6393934784729,203.71589149142608,215.38532315504284,203.97795994807288,215.84782230732168,203.37145814401484,215.0946338875012,204.43818118834983,216.38685252670572,203.17274316629832,214.89349406600394,205.04750874452355,216.67025278689584,202.18282215078574,215.12308726731979,207.94749679982704,209.0221971597725,211.0910516489441,209.04140820157821
199.18143562330425,198.08124963860044,198.08072171262904,200.6966795976542,194.18439345626194,203.94550017540286,192.29082960425478,203.77331179153236,192.76786503594798,204.01278785784066,192.83256626119572,203.54071619669841,192.30960169288889,203.86556000140834,192.74909294731384,203.33813972098281,192.14349321422054,203.86556000140831,192.91520142598222,203.66045422985255,192.49783485657287,204.09562630040213,193.08130990465057,204.06776750439704,193.06085804943405,204.39261130910691,192.99783659076871,203.77078249569226,192.6647814843366,203.98529803456239,192.6647814843366,203.42097816354433,192.20651814127754,203.57073531581679,192.60259470637499,203.81021138212503,192.74825479821848,203.83554088228993,192.64349494841639,203.72521261645025,192.49867300566825,203.63296440657433,192.64349494841639,204.13252589099474,193.22780467719778,204.13252589099471,192.64349494841639,203.51322637342025,192.22780467719778,203.51322637342022,192.64349494841639,204.13252589099471,193.22780467719778,204.25226392414882,192.91436327688683,203.83554088228996,192.47738646974801,203.75270243972844,192.93564981280707,204.10503606771653,192.6647814843366,203.54071619669847,192.47738646974801,203.8930498246865,192.85217649892522,204.04027768111885,193.01912312668895,203.8930498246865,192.31043984198428,203.54071619669847,192.83172811210034,203.98529803456236,192.49783485657287,203.66045422985258,192.91520142598222,203.99470780187676,192.43564807861125,203.45571743102369,192.49783832496456,203.72521261645019,192.64432962912008,203.78272155884682,192.43565154700292,203.44846798682252,192.70651640708169,204.01531715368077,192.2899914551594,203.3356104251427,193.20651814127754,204.48522849170962,192.01828497759357,203.13050465358702,193.83256626119572,204.75725297297626,190.99699497328166,203.26326415102477,196.58215325633344,197.74268370549675,199.83485658495962,197.92166559412038
210.65411248386883,209.4269810755066,209.34676131594406,212.08852527827906,205.24330932783505,215.7101951739906,203.52602408693761,215.63939347847284,203.87695280725825,215.69961298775709,203.91056768656486,215.38532315504281,203.59878733318232,215.72894292451721,203.82226961697737,214.9122418165305,203.04970582923147,215.53353247460748,204.02154678878026,215.43825365697555,203.69979447399692,215.92435337442694,204.16331501818658,215.58073360495257,203.78809254358438,215.78187342644992,203.84495064960527,215.38532315504284,203.75665258001777,215.78187342644992,203.87639061317188,215.33239265311016,203.51322637342113,215.50420253784733,203.83224157837816,215.66299404364545,203.96468868275937,215.75254348968974,203.94256984421784,215.61006354171275,203.64237417388966,215.27946215117743,203.53525656967335,215.61006354171275,204.04968744843416,215.66299404364543,203.65499460282746,215.27946215117746,203.43038793085967,215.27946215117746,203.65499460282749,215.75254348968977,204.25226392414973,216.04652593611345,204.16396585456226,215.69961298775706,203.62355463926085,215.47487260108716,203.99612864632599,215.88773443031533,203.87639061317188,215.38532315504287,203.63296440657527,215.50420253784731,203.62025533534813,215.38532315504287,203.79685147452309,215.50420253784731,203.45636826740028,215.38532315504287,204.05298675234687,215.78187342644989,203.58005644084278,215.38532315504287,204.02154678878026,215.78187342644986,203.61149640440942,215.33239265311016,203.77812058218362,215.61006354171272,203.80682343592389,215.50420253784736,203.44639630599949,215.10765226644023,203.77538347235725,215.75827286127736,203.37145814401484,215.0946338875012,204.43818118834983,216.38685252670572,203.17274316629832,214.85687512189233,204.96467030196206,216.53506184627028,202.02365523119886,215.04082682862693,207.98439639041968,209.1809886655706,211.37404844987063,209.35655668464204
199.10579611378355,197.90548580204677,197.77915708092397,200.35554555415567,193.91352512779147,203.90135114060911,192.47822461884337,203.90640973228929,192.70567825798634,203.86698084585663,192.78999318935524,203.78414240329505,192.72696479390657,204.10898620800498,192.70651987547339,203.07259467584467,191.81043810778843,203.66693366598116,192.83172811210034,203.69189419341919,192.68522987116148,204.22872424115906,193.01912312668895,203.6068954277444,192.28915330606404,203.60942472358457,192.41519969178637,203.4618278944254,192.58130817045475,204.01673799812903,192.85217649892522,203.78414240329508,192.66478148433663,203.95922905573246,192.83088996300498,203.98671887901068,192.9356498128071,204.16396585456135,193.03957151351381,204.04422782140725,192.66478148433663,203.54466633698686,192.31043984198428,203.63691454686276,192.66478148433663,203.75665258001686,192.58130817045475,203.75665258001686,192.66478148433663,203.75665258001686,192.58130817045475,203.86698084585657,192.91436327688686,204.16396585456135,193.06085804943405,204.04422782140725,192.64349494841639,203.77473263598068,192.85217649892522,204.13647603128314,192.85217649892522,203.78414240329511,192.6647814843366,203.72916275673865,192.31043984198428,203.37682912875061,192.47738646974801,203.72916275673865,192.49783485657287,203.78414240329511,193.01912312668895,204.01673799812903,192.41436154269101,203.57215616026511,192.83172811210034,204.00732823081461,192.58047002135936,203.74940313581578,192.87430118394082,204.04422782140722,192.83005181390962,203.83949102257839,192.39475130496152,203.40431895202877,192.66394333524124,203.96175835157263,192.22780467719778,203.36705038870934,193.37262661994592,204.69391543082693,192.16477975014078,203.16194461715367,193.78999318935524,204.81402243670783,191.18438998787028,203.5161001249358,196.7908348068423,197.8182727038571,199.81357004903936,197.91225582680599
210.40130427005209,209.25431254041979,209.28442104669696,212.08852527827906,205.25271909514947,215.71019517399057,203.51661431962322,215.58646297654013,203.76662454141857,215.64668248582439,203.99340612912636,215.61006354171269,203.86828251860888,215.91706436707548,203.91451782685326,215.00179126257481,203.16003409507121,215.6230819206518,204.02154678878026,215.43825365697555,203.79204268387281,216.05954431505251,204.22082396058315,215.38532315504284,203.38077926903992,215.34541103204921,203.51322637342116,215.18991270513314,203.64632431417809,215.72894292451721,203.9592290557334,215.61006354171275,203.90245959200183,215.83480392838263,204.03481805409376,215.78916243380138,204.04752712532087,215.88773443031533,204.10173676380472,215.83480392838263,203.92778909216676,215.50420253784733,203.60217527938434,215.50420253784733,203.83554088229087,215.64668248582436,203.92448978825405,215.88773443031533,204.22477410087154,215.88773443031533,203.92448978825405,215.64668248582436,203.83554088229087,215.69961298775706,204.04422782140816,215.88773443031533,204.01278785784154,215.75254348968977,204.07896708888751,215.92435337442694,203.9686388230478,215.66299404364545,204.01278785784154,215.72894292451718,203.59276551206995,215.27946215117746,203.76936165124491,215.72894292451718,203.83619171866658,215.71592454557816,204.26497299537689,215.87142287249421,203.57064667352842,215.33239265311016,203.91121852294057,215.72894292451718,203.69433484697092,215.55713303978004,204.04761576761018,215.8348039283826,203.98191008836127,215.72894292451721,203.71589149142608,215.38532315504284,203.97795994807288,215.84782230732168,203.37145814401484,215.18418333354555,204.64075766406543,216.57497396926399,203.23966187600928,214.89349406600394,205.07283824468848,216.90228218091718,202.5901354253302,215.5595496617205,208.27922107601114,209.21760760968223,211.25431041671652,209.30362618270934
198.60953932188431,197.69064327697586,197.9396971435547,200.6966795976542,194.20567999218218,203.94550017540283,192.26954306833454,203.65357375837826,192.51828324339775,203.80080161481067,192.81127972527548,203.70855340493469,192.51828324339772,203.95055876708312,192.74909294731384,203.44846798682252,192.39307500677077,204.06813647712391,192.91520142598222,203.56820601997663,192.49783485657287,204.1531352427987,193.01912312668895,203.62571496237322,192.33172637790452,203.65357375837829,192.45609993382777,203.42097816354433,192.41519969178637,203.77331179153239,192.64349494841636,203.70855340493472,192.68606802025684,203.97804859036128,192.85217649892522,203.91112988065032,192.72696826229824,203.80080161481061,192.60259470637499,203.80080161481061,192.72696826229824,203.80080161481061,192.60259470637499,203.80080161481061,192.72696826229824,203.91112988065032,192.85217649892522,204.2081148893551,193.20651814127754,204.2081148893551,192.85217649892522,203.80080161481061,192.47738646974801,203.62355463925994,192.64349494841639,204.01278785784061,192.95693634872731,204.04027768111882,192.91436327688683,204.00337809052621,192.6647814843366,203.82829143808883,192.93564981280707,204.06088703292278,192.58130817045475,203.61630519505883,192.74825479821848,204.06088703292278,192.76870318504334,203.94802947124296,193.10259644057081,204.09562630040207,192.47654832065263,203.54071619669847,192.66561963343199,203.78272155884676,192.41436154269101,203.62355463925996,192.70651987547339,203.80080161481058,192.62304309319984,203.8583105572072,192.64433309751175,203.73604322821291,192.95609819963195,204.12564541952048,192.28999145515942,203.44593869098242,193.45609993382777,204.66247546726029,191.97738473555216,203.02884667639674,193.85217996731689,205.15515648020636,191.68522640276979,203.84782440111994,196.83173504888367,197.64102572830646,199.56398825648915,197.80192756096628
209.97359558269602,209.05173606470419,209.38152834351772,212.38250772470275,205.57503360401915,215.85267512196759,203.4243661097473,215.45127203591457,203.70911559902197,215.66299404364548,203.99556645223961,215.38532315504281,203.42154035763164,215.54082148195894,203.82226961697737,215.3487042109312,203.78874337996007,216.05954431505251,204.13187505461997,215.25013221441728,203.41221923260653,215.72894292451721,204.00883771755312,215.43825365697555,203.71250354522405,215.72894292451721,203.80080161481155,215.24284320706582,203.47848710594178,215.50420253784731,203.77473263598159,215.47487260108718,203.75270243972938,215.66299404364545,203.95197961153227,215.66299404364545,203.75270243972938,215.27946215117743,203.33268009395778,215.27946215117746,203.75270243972938,215.61006354171272,203.83224157837816,215.61006354171275,203.84495064960527,215.61006354171272,203.83224157837816,215.75254348968977,204.07501694859909,215.80547399162245,203.95197961153227,215.66299404364545,203.75270243972938,215.47487260108716,203.77473263598159,215.75254348968977,204.04027768111973,215.76885504751087,203.99612864632599,215.69961298775704,203.69914363762121,215.52780310301989,204.04027768111973,215.83480392838263,203.71250354522405,215.38532315504287,203.88909968439901,215.78187342644989,203.74394350879066,215.5807336049526,204.20746405298033,215.97728387635959,203.77538347235728,215.43825365697558,203.85370958054398,215.55713303977998,203.5192481945335,215.38532315504287,203.80561040546186,215.47487260108713,203.62957646037322,215.55713303978004,203.74338131470429,215.49118415890825,204.09769798122699,215.95368331118709,203.49119617716894,215.29004433741093,204.66824748734365,216.43978302863843,202.97016669058269,214.66875367933406,204.98999980212699,216.91859373873828,202.61762524860842,215.42435872109493,208.0097258905846,208.93993672107962,211.05173394100089,209.21407673666505
198.57884301864971,197.65590400949654,197.89879690151329,200.77226859601456,194.43397524881217,204.22366564947882,192.47822461884337,203.84890078989272,192.76786503594798,204.08837685620102,193.01996127578431,203.70855340493466,192.30960169288892,203.75449225690363,192.70651987547339,203.70130396073355,192.83172464370867,204.40597121670976,193.08130990465057,203.51464721786851,192.22696652810242,203.82141096661456,192.74825479821848,203.72663346089851,192.83088996300498,204.22872424115906,192.87346303484543,203.5815659275795,192.39391315586616,203.84890078989278,192.85217649892522,203.91112988065032,192.72696826229824,203.91112988065029,192.85217649892522,203.97804859036128,192.68606802025684,203.46907733862648,192.10175829147545,203.46907733862651,192.68606802025684,203.96863882304686,192.83088996300498,203.876390613171,192.68606802025684,203.76606234733126,192.58130817045475,203.79139184749621,192.72696826229824,203.91112988065029,192.85217649892522,204.08837685620099,192.93564981280707,203.9961286463251,192.85217649892522,204.0789670888866,192.91436327688686,203.99612864632508,192.87346303484546,203.96863882304689,192.64349494841639,203.81888167077443,192.93564981280707,204.06088703292278,192.58130817045475,203.61630519505883,192.74825479821848,203.94114899976864,192.49783485657287,203.72663346089857,193.08130990465057,204.34846227431314,192.89391142167031,203.90388043644924,192.89391489006198,203.95922905573246,192.6017565572796,203.88580038048542,192.93648796190246,203.91112988065026,192.642656799321,203.88364005737213,192.66561963343199,203.73604322821291,192.93481166371171,204.20123441788084,192.49867300566825,203.69877466489348,193.64349494841639,204.72865469830626,191.95609819963195,202.99410740891739,193.81127972527548,205.03541844705222,191.45525831634075,203.55083939241513,196.58215325633347,197.53069746246672,199.56398825648915,197.80192756096628
210.22863573496528,209.05890209051006,209.05435474770312,212.03559477634636,205.45529557086508,215.98786606259318,203.69386129517386,215.72894292451716,204.00394028461349,215.97728387635968,204.25565187035181,215.61006354171269,203.60603677738342,215.67601242258451,203.87977855937396,215.33239265311011,203.69433484697092,215.95368331118709,204.07905573117682,215.24284320706582,203.38472940932834,215.57015141871909,203.76936165124491,215.33239265311013,203.80475175509994,215.86413386514278,203.85831055720811,215.22653164924475,203.47632678282852,215.72894292451721,204.22147479695886,215.88773443031533,203.92778909216676,215.59375198389162,203.80475175509994,215.6923239804056,203.90245959200186,215.45127203591463,203.50776674639516,215.50420253784733,204.02219762515597,215.83480392838263,203.91508002093966,215.50420253784733,203.61488435061148,215.36172258987031,203.59276551206995,215.45127203591463,203.72521261645119,215.50420253784733,203.80475175509994,215.78187342644992,204.10503606771744,215.88773443031533,204.13647603128408,215.92435337442694,204.00337809052712,215.69961298775706,203.9686388230478,215.78187342644992,203.84890078989369,215.61006354171275,204.01278785784154,215.72894292451718,203.59276551206992,215.33239265311016,203.88909968439901,215.72894292451718,203.62420547563656,215.47487260108718,204.17997422970211,216.05954431505248,203.92514062462973,215.61006354171275,204.02879623298139,215.8184923705615,203.87158182252159,215.88773443031536,204.36993027647992,215.97728387635959,203.98191008836127,215.72894292451721,203.71589149142608,215.33239265311013,203.85822191491877,215.79489180538897,203.46370635389073,215.37230477610382,204.81800463961611,216.6115929133756,203.1452533430201,214.75101411802692,204.93718047868384,216.75980223294016,202.40347868246513,215.26556721529681,207.95690656714146,208.93264771372819,210.97131361579,208.9884776996455
198.74588605539364,197.49817252750228,197.29960720194464,200.06797031276531,193.93481166371171,204.00300911779939,192.47822461884337,203.84890078989272,192.76786503594798,204.07896708888666,192.99867473986407,203.78414240329505,192.51828324339775,203.91581949960377,192.6869061693522,203.31932018635402,192.1631069203417,203.73641220093981,192.60343285547034,203.30340045350349,192.22696652810239,203.70167293346046,192.47738646974801,203.29399068618909,192.33172637790452,203.71108270077485,192.39391315586613,203.19958215319994,192.1852316053573,203.84890078989278,193.06085804943405,204.05363758872167,192.6647814843366,203.54466633698689,192.31043984198428,203.63691454686278,192.6647814843366,203.75665258001689,192.58130817045475,203.876390613171,192.93564981280707,203.96863882304689,192.58130817045475,203.46907733862651,192.20651814127754,203.3493393054724,192.31043984198428,203.52658628102307,192.41519969178637,203.43433807114718,192.31043984198428,203.63691454686278,192.6647814843366,203.876390613171,192.85217649892522,203.96863882304689,192.6647814843366,203.69914363762032,192.64349494841639,203.84890078989278,192.60259470637499,203.67381413745539,192.6647814843366,203.72916275673865,192.31043984198428,203.49656716190472,192.74825479821848,203.94114899976864,192.49783485657287,203.61630519505886,192.83172811210034,203.94114899976864,192.41436154269101,203.49656716190475,192.64433309751175,203.84890078989275,192.6017565572796,203.98671887901074,193.16478321853245,204.16396585456135,192.81043810778843,203.81416152241349,192.37346476904128,203.2845809188747,192.41436154269101,203.67418311018224,192.01912312668895,203.29146139034899,193.39391315586613,204.61832643246655,191.95609819963195,202.87436937576328,193.54041139680501,204.70369417086812,191.18438998787028,203.3963620917817,196.51996647837183,197.37622016183329,199.17338189486458,197.1993349563117
210.36198656210888,209.09637968497131,208.95752809736337,211.86378489160919,205.28020891842769,215.81605617785598,203.5441041429014,215.55713303977998,203.82885363217611,215.7525434896898,203.98615668492525,215.38532315504281,203.5231983348219,215.6923239804056,203.90726838265218,215.10765226644023,203.22226318582875,215.39834153398192,203.60698407003466,215.07103332232865,203.53195726576064,215.72894292451721,203.79685147452312,215.01810282039594,203.22235182811806,215.3087920879376,203.49656716190566,215.05472176450758,203.42097816354524,215.61006354171275,204.07171764468637,215.71592454557816,203.75270243972938,215.27946215117743,203.33268009395778,215.27946215117746,203.75270243972938,215.66299404364543,203.95197961153227,215.85840449355518,204.19475498175319,215.80547399162245,203.73999336850227,215.33239265311016,203.46512719833899,215.27946215117743,203.62025533534816,215.46758359373572,203.64237417388966,215.18991270513311,203.33268009395778,215.22653164924475,203.54071619669938,215.38532315504284,203.78414240329599,215.66299404364545,203.82829143808974,215.52780310301989,203.81888167077534,215.61006354171275,203.6738141374563,215.38532315504287,203.74329267241498,215.50420253784731,203.50992706950842,215.43825365697558,204.11916598339283,215.97728387635962,203.86368154194477,215.54411466084099,204.00488757726472,215.64668248582433,203.38615025377661,215.16058276837299,203.77087113798251,215.61006354171269,203.62957646037324,215.52780310301992,204.01759664849183,215.7159245455781,203.80682343592389,215.50420253784733,203.44639630599951,215.01810282039594,203.57280699664167,215.48060197267478,203.10196295858827,214.95944294687564,204.46567101162805,216.35023358259411,202.97016669058272,214.52627373135704,204.66768529325725,216.53506184627028,202.32064023990367,215.28187877311791,207.98439639041965,208.79745677310262,210.61226898431909,208.50823033532731
199.18143562330425,198.08124963860044,198.08072171262907,200.8164176308083,194.45526178473241,204.26781468427254,192.54041139680501,203.89304982468644,192.78915157186822,204.01278785784066,192.81127972527548,203.54071619669838,192.33088822880913,203.97588826724805,192.97738820394383,203.62571496237319,192.37346130064961,203.83082073392899,192.62304656159151,203.55879625266223,192.76870318504334,204.36512148582869,193.01912312668895,203.44846798682252,192.12304482739569,203.65357375837829,192.6647814843366,203.71796317224911,192.68606802025684,204.01278785784061,192.91436327688686,203.95527891544404,192.74825479821848,203.72521261645022,192.39391315586616,203.63296440657433,192.74825479821848,204.13252589099471,193.12304482739569,204.36259218998853,193.26870491923918,204.24285415683443,192.85217649892522,203.92053964796472,192.74825479821848,203.92053964796472,192.85217649892522,204.01278785784061,192.74825479821848,203.63296440657433,192.39391315586616,203.60547458329611,192.47738646974801,203.63296440657433,192.66478148433663,204.01278785784061,192.93564981280707,204.04027768111882,192.93564981280707,204.01278785784061,192.66478148433663,203.74329267241404,192.72696826229824,203.8930498246865,192.60259470637499,203.94802947124296,193.26870491923918,204.50293957494657,193.03957151351381,204.06776750439707,193.10259644057081,204.09562630040207,192.47654832065265,203.66045422985258,192.93648796190246,204.10503606771647,192.66394333524124,203.75270243972847,192.74909294731387,203.8449506496043,192.66394333524124,203.80805105901175,192.45693808292316,203.45787775413692,192.70651640708172,204.01531715368074,192.28999145515942,203.44593869098242,193.45609993382777,204.66247546726029,191.97738473555219,202.918518410557,193.60259817476665,204.86758123881594,191.47654485226096,203.77223540275952,196.85302158480394,197.56543672994607,199.24497844014059,197.26477052702566
210.5207616567252,209.4790529270897,209.64616444199939,212.50138710750721,205.60505272313753,215.88200505872777,203.48912449634497,215.62308192065174,203.96920101713417,215.78187342644995,203.84833859580732,215.13698220320038,203.28372226851371,215.71263136669612,204.19268330092925,215.52051409566837,203.65092529084214,215.75827286127736,203.86490916503354,215.42194209915445,204.00402892690281,216.28428470172238,204.26892313566532,215.27946215117743,203.27770044740134,215.57015141871909,204.06088703292372,215.74525448233831,203.95055876708398,215.72894292451721,203.83949102257927,215.64668248582436,204.01278785784152,215.78187342644992,203.80475175509994,215.50420253784733,203.81746082632705,215.78187342644992,204.09232699649033,215.97728387635965,204.25951336835089,215.92435337442691,203.97258896333622,215.78187342644992,204.02944706935708,215.78187342644989,203.97258896333622,215.72894292451721,203.81746082632705,215.50420253784731,203.80475175509994,215.72894292451721,203.89304982468744,215.50420253784733,203.72916275673958,215.72894292451721,204.06088703292369,215.83480392838263,204.06088703292369,215.72894292451721,203.72916275673956,215.50420253784733,203.89304982468744,215.6230819206518,203.56527568879173,215.46758359373572,204.15859486982558,216.09616325916409,204.02935842706776,215.75254348968977,204.24689293941307,216.00661381311977,203.83073209164056,215.69961298775706,204.32578124168617,216.05954431505248,203.87158182252159,215.55713303978007,203.87036879205951,215.59375198389159,203.76992384533128,215.53353247460748,203.48582519243229,215.18991270513311,203.95047012479466,216.01963219205885,203.63154356212701,215.31937427417108,204.62267760810161,216.41618246346587,202.99077604238667,214.5922226122288,204.73244367985495,216.56439178303043,202.35065935902202,215.40075815592238,208.15948304285703,209.0221971597725,210.97131361579,208.98847769964553
198.50320350912898,197.59046843878258,197.84681406235845,200.48864349491262,193.85133834982983,203.53488759694565,191.93648796190243,203.56527568879079,192.6843917220661,203.80475175509909,192.47822461884337,203.13010361824124,191.97654658645681,203.77726193182087,192.91520142598222,203.57215616026505,192.33088822880913,203.77726193182087,192.56085978362987,203.47990795038919,192.68522987116148,204.27682341624123,192.93564981280707,203.36016991723508,192.03957151351381,203.68501372194496,192.85217649892519,203.83224157837725,192.58130817045475,203.59276551206904,192.31043984198428,203.62025533534725,192.85217649892522,204.09232699648942,192.76870318504334,203.62025533534725,192.39391315586613,203.59276551206904,192.49783485657287,203.71250354522317,192.6647814843366,203.71250354522314,192.49783485657287,203.71250354522317,192.6647814843366,203.71250354522314,192.49783485657287,203.59276551206906,192.39391315586613,203.62025533534725,192.76870318504334,204.09232699648942,192.85217649892522,203.62025533534725,192.31043984198428,203.59276551206904,192.58130817045475,203.71250354522314,192.58130817045475,203.59276551206904,192.31043984198428,203.50992706950757,192.60259470637496,203.56527568879082,192.01828497759357,203.13010361824126,192.43648622770661,203.77726193182082,192.45526178473239,203.56274639295071,192.76954133413872,203.98199873064968,192.6017565572796,203.8503216343411,193.08130990465057,204.09232699648939,192.53956977931796,203.62025533534728,192.62304656159151,203.70309377790872,192.51828324339772,203.53994618862595,192.0616961985294,203.14818367420506,192.642656799321,204.12018579249451,192.41519969178637,203.33231112123002,193.12304482739569,204.24245312148872,191.6017565572796,202.59074427466135,193.26954306833454,204.33723062720469,190.85133488143816,203.23247502383387,196.49867994245159,197.45180916019368,199.49239171121309,197.73649199025232
209.85413819602292,208.87992617996701,209.13952298136937,211.91671539354189,204.89097569984699,215.20778389871811,203.05395242579542,215.46758359373567,204.02418066369057,215.80547399162251,203.81831947668897,215.10765226644023,203.3112120917919,215.6923239804056,204.02700641580626,215.16058276837293,203.22226318582872,215.45127203591463,203.72672210318876,215.26644377223838,203.76202356475449,215.97728387635965,204.03632754083137,215.21351327030567,203.33268009395775,215.55713303978004,203.94802947124387,215.43825365697558,203.49656716190563,215.22653164924472,203.37682912875152,215.38532315504287,204.04027768111976,215.94066493224804,203.95197961153227,215.38532315504287,203.46512719833902,215.27946215117743,203.52800712547224,215.38532315504287,203.70460326464723,215.38532315504284,203.52800712547224,215.38532315504287,203.70460326464723,215.38532315504284,203.52800712547224,215.27946215117746,203.46512719833902,215.38532315504287,203.95197961153227,215.94066493224804,204.04027768111976,215.38532315504287,203.37682912875152,215.27946215117746,203.61630519505974,215.38532315504287,203.61630519505974,215.27946215117743,203.37682912875152,215.29577370899855,203.83770120540416,215.41465309180299,203.12069385092778,214.77705087590499,203.41702802325685,215.41465309180299,203.44911882319917,215.16058276837299,203.70790256855994,215.55713303978001,203.57280699664167,215.49118415890828,204.0837758795378,215.69961298775701,203.5192481945335,215.38532315504287,203.89785861533773,215.66299404364543,203.80682343592392,215.41465309180302,203.24381983028391,215.02539182774737,203.94794082895453,216.0066138131198,203.48394673296784,214.92282400276403,204.09309700456288,215.96670169012611,202.72344118007337,214.38379378338001,204.499848085021,216.11491100969067,201.78633948800393,214.89834688064991,207.80714941486897,208.85038727503533,211.05173394100089,209.21407673666502
198.7158751346397,197.80022788248354,198.05386676067121,200.69997890156685,194.059185219635,203.85655126943962,192.37430291813666,204.15859486982458,193.33088822880916,204.4989894346582,193.1443348317076,203.81493153048595,192.6017565572796,204.20669404490684,193.01996127578431,203.49261702161624,192.20567999218218,203.90970903620206,192.93648796190246,203.82434129780037,192.83088996300498,204.35176157822585,193.10259644057081,203.8243412978004,192.6647814843366,204.14918510251024,193.01912312668895,203.79685147452216,192.47738646974801,203.64962361808986,192.47738646974801,203.79685147452219,193.01912312668895,204.26892313566435,192.93564981280707,203.79685147452219,192.56085978362989,203.76936165124394,192.66478148433663,203.88909968439808,192.83172811210036,203.88909968439805,192.66478148433663,203.88909968439808,192.83172811210036,203.88909968439805,192.66478148433663,203.76936165124397,192.56085978362989,203.79685147452216,192.93564981280707,204.26892313566435,193.01912312668895,203.79685147452216,192.47738646974801,203.76936165124397,192.74825479821848,203.88909968439805,192.74825479821848,203.76936165124397,192.47738646974801,203.79685147452219,193.01912312668895,204.03885683667053,192.41519969178637,203.40761825594151,192.60176002567127,203.9191188035164,192.56169446433358,203.59427499880658,192.68523333955315,203.85220009380544,192.5191213924931,203.80626124183661,192.9986747398641,203.97193812695951,192.47654832065265,203.79685147452221,193.01996127578431,204.18608469310283,192.95609819963195,203.9719381269596,192.51912486088477,203.76683235540378,193.31043984198428,204.60317670768859,192.58214631955011,203.32225051753986,193.06002336873036,204.41904926066363,191.9986712714724,203.06432542254103,193.68607148864854,204.62415503221931,191.0182815092019,203.40907116300878,196.66562657021532,197.60958576473979,199.63558480176519,197.86736313168024
210.5207616567252,209.53198342902238,209.7659024751535,212.64386705548424,205.71538098897722,216.02448500670479,203.701110739375,215.95368331118704,204.34902446840042,216.20202426302956,204.26290131455292,215.55713303977998,203.66354571977996,215.90075280925441,204.08235503508953,215.2794621511774,203.4642685479771,215.90075280925439,204.28163220689243,215.66299404364543,203.8842908937487,216.04323275723141,204.18392436999054,215.61006354171272,203.86226069749651,215.95368331118709,204.09562630040304,215.50420253784731,203.61883449089984,215.53353247460748,203.72916275673958,215.50420253784733,203.89304982468744,215.72894292451718,203.80475175509991,215.50420253784733,203.81746082632705,215.72894292451718,203.97258896333619,215.78187342644992,204.02944706935708,215.72894292451718,203.85285093018209,215.72894292451721,204.02944706935708,215.78187342644989,203.97258896333619,215.72894292451721,203.81746082632708,215.50420253784731,203.80475175509994,215.72894292451721,203.89304982468744,215.50420253784731,203.72916275673956,215.72894292451721,204.06088703292369,215.78187342644989,203.94114899976958,215.58646297654019,203.61883449089987,215.59375198389165,204.20595456624275,215.95368331118706,203.75193243165677,215.41465309180302,203.94444830368232,215.84782230732165,203.77396262790901,215.41465309180302,203.83016989755419,215.57015141871906,203.50841758277085,215.41465309180302,204.00346673281643,215.67601242258445,203.57459681381681,215.50420253784736,204.04761576761021,215.8348039283826,203.98191008836127,215.76556186862882,203.79872993398757,215.7159245455781,204.57917940968355,216.40316408452685,203.62213379481261,215.0253918277474,204.21536433355712,216.27370251548885,203.16802301793734,214.86989350083138,204.93502015557056,216.51146128109772,202.12059306002817,215.20534770601265,208.03974500970295,208.96926665783977,210.97131361579,208.9884776996455
198.96876399779359,197.99122822805356,198.14453734278672,200.92739673302378,194.49699670747751,204.17621731077242,192.37346476904128,203.70704391819714,192.60091840818424,203.83619171866573,192.66561963343199,203.37352982483787,192.16394160104539,203.72370312971273,192.62304656159151,203.31602088244131,192.26870145084752,204.02068813841751,192.99783659076871,203.60359612383172,192.35217476472937,203.80870189538749,192.64349494841636,203.48385809067761,192.43564807861122,203.80870189538749,192.56002163453451,203.36412005752351,192.24825306402263,203.60612541967188,192.49783485657287,203.45636826739943,192.31043984198428,203.42887844412118,192.22696652810239,203.45636826739943,192.58130817045475,203.83619171866567,192.68522987116148,203.74394350878981,192.58130817045475,203.62420547563568,192.41436154269101,203.6242054756357,192.58130817045475,203.74394350878978,192.68522987116148,203.8361917186657,192.58130817045475,203.4563682673994,192.22696652810239,203.42887844412121,192.31043984198428,203.45636826739943,192.49783485657287,203.8361917186657,192.76870318504334,203.74394350878981,192.49783485657287,203.51387720979596,192.24825306402263,203.56669653323914,192.80960342708474,203.91903016122717,192.43564807861122,203.45852859051271,192.60259470637496,203.79929212807306,192.37178847085053,203.36412005752354,192.43648622770661,203.48638738651775,192.03873336441842,203.24438202436943,192.49867300566825,203.60612541967186,192.24741491492728,203.45636826739945,192.56085978362987,203.65894474311497,192.49699670747751,203.71645368551162,192.49867300566822,203.6885948895065,193.06001990033866,204.15162575606115,192.10175829147542,202.94702804293777,192.78998972096358,204.16356481921565,191.78915157186819,202.82476071394359,193.43565154700292,204.36867059077133,190.78914810347652,203.1535867215608,196.41520662856973,197.28792209224582,199.10178534958851,197.13389938559774
210.36198656210888,209.29179013488101,209.39958063938721,212.38979673205421,205.68752219297218,215.92191718172143,203.37626693466515,215.22653164924469,203.40488114611611,215.33239265311019,203.61574300097337,215.07103332232862,203.33870191507012,215.64668248582436,203.96008770609532,215.26644377223838,203.52865796184793,215.88773443031533,204.15936487789818,215.35599321828269,203.43970905588478,215.55713303978004,203.74875229944098,215.21351327030567,203.52800712547224,215.55713303978001,203.66045422985349,215.16058276837296,203.49656716190563,215.61006354171275,203.90388043645009,215.43825365697558,203.54071619669935,215.27946215117743,203.45241812711188,215.38532315504287,203.87244047288351,215.66299404364543,203.73999336850227,215.38532315504287,203.58486523149313,215.33239265311013,203.52800712547224,215.33239265311016,203.58486523149313,215.38532315504284,203.73999336850224,215.66299404364545,203.87244047288348,215.38532315504284,203.45241812711188,215.27946215117746,203.54071619669938,215.38532315504284,203.78414240329599,215.71592454557816,203.94802947124387,215.5807336049526,203.72663346089945,215.47487260108718,203.61630519505971,215.54411466084099,204.06776750439798,215.75254348968974,203.5627463929516,215.2135132703057,203.71401303196163,215.55713303978001,203.4744483233641,215.16058276837299,203.68257306839502,215.41465309180299,203.27582198793689,215.10765226644028,203.76146137066812,215.61006354171272,203.63898622768764,215.43825365697558,203.80561040546183,215.52780310301983,203.74931449352735,215.66299404364545,203.77087113798251,215.46185422214811,204.06767886210864,215.81849237056153,203.18696172426306,214.78034405478704,204.06776750439795,216.01963219205882,202.86850871339243,214.57920423328974,204.70458488384989,216.31032145960043,201.93140702132297,215.00420788451532,207.90155794785812,208.90331777696804,210.89526578524564,208.82337881839115
198.95855768090431,197.93799827019706,198.02711002127813,200.89860523699403,194.62220841249615,204.33408255760776,192.45777623201852,203.62759342183753,192.41436154269101,203.73792168767736,192.70735802456875,203.67316330107957,192.68522987116148,204.40532038033402,193.35301638221642,203.98822836574817,192.76870318504334,204.40532038033402,193.26954306833454,203.90322960007342,192.64349494841639,204.1177451389436,192.93648796190246,203.79290133423373,192.72696826229824,204.1177451389436,192.85301464802058,203.79290133423376,192.81044157618012,204.34781143793739,193.28999145515942,204.17272478550001,192.83172811210036,203.93324871919179,192.74825479821848,204.05298675234593,193.10259644057081,204.14523496222179,192.74825479821848,203.76541151095554,192.64433309751175,203.85765972083141,192.74825479821848,203.85765972083144,192.64433309751175,203.76541151095552,192.74825479821848,204.14523496222182,193.10259644057081,204.0529867523459,192.74825479821848,203.93324871919179,192.83172811210036,204.0529867523459,193.01912312668895,204.26497299537593,193.10259644057084,204.20746405297933,193.0813099046506,204.29030249554083,193.0813099046506,204.30187258596854,193.33256452699987,204.35722120525179,192.78915504025989,203.81823083439869,192.91520142598222,204.12715490625797,192.68606802025684,203.79290133423376,192.97738820394386,204.11774513894355,192.60259470637499,203.79290133423376,193.06086151782571,204.34781143793737,193.03957151351381,204.17272478550007,193.08214805374595,204.17272478549998,193.03957151351381,204.35722120525182,193.08214805374595,204.05770690070685,193.16394506943709,204.30224155869539,192.41603784088176,203.47746729683828,193.35217823312107,204.61767559609081,192.12304482739569,203.27236152528261,193.99951288895946,205.03476761067648,191.39223685767541,203.72743553159006,196.97906797052627,197.98545907571764,199.95676313959146,198.04312696823393
210.3087754136952,209.1786401236642,209.20894322682608,212.22371621890463,205.62313277910133,216.02448500670477,203.60886252949908,215.53353247460743,203.73913471814032,215.67601242258453,203.93117703836882,215.50420253784728,203.87553196280996,216.28428470172241,204.58191651950992,215.75254348968971,203.78658305684681,216.04323275723141,204.28163220689243,215.61006354171272,203.76455286059459,215.90075280925439,204.07359610415079,215.55713303978001,203.85285093018209,215.90075280925439,203.98529803456333,215.55713303978001,203.94114899976955,216.14909376109679,204.45879054015379,215.97728387635965,203.98529803456333,215.72894292451721,203.89699996497583,215.78187342644992,204.10503606771744,215.72894292451718,203.68501372194581,215.39834153398189,203.69772279317297,215.58646297654016,203.86226069749648,215.58646297654019,203.69772279317297,215.39834153398189,203.68501372194581,215.72894292451721,204.10503606771744,215.78187342644989,203.89699996497583,215.72894292451721,203.98529803456333,215.78187342644989,204.01673799812994,215.87142287249421,204.09562630040301,215.97728387635962,204.34846227431407,216.2020242630295,204.26346350863929,216.03021437829236,204.39261130910782,216.14909376109679,204.00732823081552,215.69961298775704,204.14918510251118,215.95368331118706,203.80870189538834,215.55713303978004,204.11774513894454,215.90075280925436,203.72040382580084,215.55713303978004,204.20604320853204,216.14909376109676,204.1938963313913,215.97728387635968,204.25019224332581,215.97728387635959,204.19389633139127,216.14909376109682,204.20604320853207,215.80547399162242,204.28219440097877,216.07256269399156,203.5118055289729,215.21351327030567,204.5029395749475,216.41618246346587,203.20276228541664,215.06530395074111,205.34233343011505,217.03747312154275,202.56264560205199,215.49030760196669,208.24232148541856,209.29986804837506,211.45009628041498,209.5216555658964
198.54746133293432,197.39469838539631,197.31231865125417,200.11888064733651,193.93397351461633,203.88318244235606,192.2899914551594,203.62815561592407,192.5387316302226,203.74789364907826,192.56085978362987,203.39556002109012,192.35133661563401,204.05212810198415,193.01912312668895,203.55003732172358,192.22612837900704,203.75514309327937,192.6647814843366,203.40496978840454,192.26870145084749,203.72040382580005,192.56002163453451,203.39556002109015,192.35217476472937,203.72040382580002,192.47654832065263,203.39556002109015,192.43564807861125,203.95987989210823,192.93481166371171,203.81012273983578,192.49783485657287,203.58005644084196,192.41436154269101,203.58005644084196,192.49783485657287,203.46031840768785,192.14349321422054,203.24833216465785,192.22696652810239,203.4255791402085,192.35217476472937,203.42557914020853,192.22696652810239,203.24833216465782,192.14349321422054,203.46031840768785,192.49783485657287,203.58005644084196,192.41436154269101,203.58005644084196,192.49783485657287,203.58005644084196,192.41436154269101,203.57064667352756,192.47654832065263,203.77538347235645,192.89391142167031,204.04487865778299,192.68522987116148,203.70846476264549,192.72613011320286,203.95047012479381,192.62304309319984,203.69254502979496,192.76870318504334,203.8307320916397,192.30960169288889,203.39556002109018,192.60259470637496,203.72040382579999,192.22612837900704,203.3955600210902,192.68606802025684,203.95987989210821,192.6843917220661,203.8101227398358,192.74825479821848,203.81012273983575,192.6843917220661,203.95047012479387,192.6647814843366,203.60029681991904,192.72696479390657,203.86075121075808,192.01828497759357,203.06130644906591,192.95609819963192,204.19500478278229,191.72696479390657,202.96652894334994,193.8513418182215,204.89967203875835,191.20651120449421,203.29535495096715,196.35134702080902,197.31936205581249,199.37048515658125,197.6150306161388
210.4421262408388,209.07363777014837,208.78980206761671,211.66837444169946,205.15106111795919,215.76312567592331,203.55351391021583,215.61006354171272,203.93918189801582,215.80547399162251,203.90331824236375,215.21351327030564,203.37344118254947,215.69961298775706,204.04508647177011,215.26644377223838,203.35141098629725,215.55713303978004,203.83705036902847,215.21351327030567,203.43970905588475,215.50420253784733,203.62901426628687,215.07103332232865,203.41767885963253,215.50420253784733,203.65104446253909,215.16058276837296,203.50597692922003,215.66299404364545,204.01420870228984,215.5807336049526,203.66045422985349,215.38532315504284,203.57215616026599,215.38532315504287,203.66045422985351,215.33239265311013,203.45241812711188,215.24284320706585,203.5501259640138,215.33239265311013,203.5627463929516,215.33239265311016,203.55012596401377,215.24284320706582,203.45241812711188,215.33239265311016,203.66045422985349,215.38532315504284,203.57215616026599,215.38532315504287,203.66045422985349,215.38532315504284,203.57215616026602,215.33239265311016,203.54071619669938,215.43825365697558,203.90388043645012,215.66299404364545,203.61630519505974,215.30306271635001,203.7707824956932,215.75254348968974,203.85973140165638,215.54411466084099,203.91658950767723,215.55713303978001,203.36412005752439,215.16058276837299,203.79290133423473,215.55713303978001,203.395560021091,215.16058276837299,203.76146137066812,215.61006354171272,203.63898622768764,215.43825365697558,203.80561040546186,215.52780310301983,203.74931449352735,215.61006354171275,203.6511331048284,215.26644377223838,203.83761256311482,215.67601242258451,203.18696172426306,214.86989350083135,204.17809577023769,216.07256269399153,202.87791848070682,214.72168418126677,205.0174896254052,216.69385335206843,202.23780179734217,215.05713838644803,207.71490120499305,208.66226583247706,210.69268930953001,208.73382937234683
199.56115028555885,198.13327760030717,197.68858471137318,200.32345475421329,194.16394506943709,204.26790332656176,192.74993109640923,204.2335330318092,193.26786677014383,204.55584754067903,193.27038121742993,203.88119940382111,192.56002163453451,204.1966334412167,193.16562136762781,203.84646013634182,192.60259470637499,204.17130394105178,193.08214805374595,203.87178963650675,192.72696826229824,204.08630517537696,192.74909294731384,203.55888489495146,192.56085978362989,204.08630517537694,192.91520142598222,203.76146137066709,192.64433309751175,204.11379499865512,193.10259644057081,204.14128482193337,192.91520142598222,204.02154678877926,192.83172811210036,204.02154678877926,192.91520142598222,204.02154678877923,192.83172811210036,204.03095655609366,192.93648796190246,204.05628605625856,192.87262835414177,204.05628605625859,192.93648796190246,204.03095655609363,192.83172811210036,204.02154678877926,192.91520142598222,204.02154678877926,192.83172811210036,204.02154678877926,192.91520142598222,204.02154678877926,192.83172811210034,203.91121852293955,192.66561963343199,203.85370958054295,192.89391489006198,204.02879623298037,192.64433309751175,203.77087113798149,192.93648796190246,204.32578124168515,193.0813099046506,204.0837758795368,192.9986747398641,204.00346673281541,192.49867300566825,203.76146137066712,193.06086151782571,204.20604320853099,192.68606802025684,203.76146137066712,192.87346650323713,203.99405696550099,192.60259470637499,203.81897031306372,192.89475303915737,204.0215467887792,192.85217649892522,204.00346673281547,192.64517124660713,203.70395242827047,192.97655005484847,204.27080159512875,192.49951115476361,203.56576536642572,193.43565154700292,204.70597366567824,192.20651814127754,203.36065959487007,194.08298620284134,205.12306568026392,191.4757101715573,203.70540533533779,196.8129594918579,197.65703410344619,199.43848154004849,197.45166747185317
210.98929231486798,209.50095463253393,209.05443816609832,211.84018432643663,205.30081827023162,215.88200505872774,203.60886252949908,215.72894292451716,204.18118726016414,216.25495476496226,204.45822834606741,215.75254348968971,203.81802302041339,216.09616325916414,204.36993027647992,215.61006354171269,203.67625479100707,215.95368331118709,204.2816322068924,215.75254348968971,203.99461915958838,215.95368331118709,203.87101962843519,215.27946215117743,203.67560395463138,215.95368331118706,204.19003483339219,215.61006354171272,203.76390202421888,215.8184923705615,204.13647603128405,215.88773443031533,204.10503606771741,215.92435337442691,204.12706626396965,215.92435337442694,204.10503606771744,215.78187342644989,203.89699996497581,215.78187342644989,204.10503606771744,215.92435337442691,204.12706626396962,215.92435337442691,204.10503606771744,215.78187342644989,203.89699996497583,215.78187342644989,204.10503606771741,215.87142287249421,204.00732823081555,215.78187342644989,203.99470780187769,215.78187342644989,204.00732823081555,215.72894292451718,203.78272155884767,215.55713303978001,203.95922905573337,215.8184923705615,203.84890078989366,215.61006354171275,204.10503606771744,216.05954431505248,204.09232699649027,215.69961298775704,203.97193812696048,215.67601242258448,203.60612541967271,215.61006354171275,204.34781143793836,216.14909376109676,203.95987989210906,215.61006354171275,203.99405696550204,215.67601242258445,203.58400658113118,215.50420253784736,204.03820600029579,215.83480392838257,203.99131985567567,215.72894292451721,203.70648172411165,215.47487260108713,204.18994619110285,216.17842369785697,203.75128159528109,215.46185422214811,204.73300587394129,216.6115929133756,203.32250031857075,215.0286850066295,205.13975695439942,216.84935167898448,202.49572689234103,215.5432381038994,208.33673001840774,209.21031860233074,211.01063132373318,208.81580916455871
199.04371812483356,197.71986917630693,197.40136038117365,200.07473161254276,193.87178673665468,203.7192953744082,191.99783659076871,203.37202033810033,192.47654485226096,203.99131985567493,192.99783659076871,203.74931449352647,192.5387316302226,204.08356806555079,192.93564981280707,203.46173925213611,192.14265506512518,203.78658305684601,192.85217649892522,203.75872426084089,192.70567825798634,203.96383003239669,192.49783485657287,203.24975300910612,192.30960169288889,203.96383003239666,192.89391142167031,203.63898622768681,192.39307500677077,203.69433484697009,192.6017565572796,203.7312344375627,192.68522987116148,203.93381091327831,192.85133834982983,203.93381091327831,192.68522987116148,203.6114964044086,192.33088822880913,203.6020866370942,192.66394333524124,203.89907164579898,192.81043810778843,203.89907164579898,192.66394333524124,203.6020866370942,192.33088822880913,203.6114964044086,192.68522987116148,203.8140728801242,192.58047002135936,203.6114964044086,192.43564807861125,203.6114964044086,192.58047002135936,203.69433484697009,192.41436154269101,203.51924819453271,192.6017565572796,203.87158182252077,192.6017565572796,203.62957646037242,192.66394333524124,203.87158182252074,192.53956977931796,203.51924819453271,192.47654832065263,203.57459681381596,192.24741491492728,203.63898622768684,193.03957151351381,204.19389633139045,192.6843917220661,203.63898622768684,192.60259470637496,203.58400658113035,192.14265506512518,203.43424942885795,192.6647814843366,203.82348264743857,192.62220494410448,203.69433484697012,192.37262661994589,203.5467380178109,192.91435980849516,204.22391545050885,192.47654832065263,203.5347989546564,193.39307500677077,204.54875925521867,191.91435980849516,202.88764064107687,193.51828671178941,204.63412699362024,191.16393813265373,203.52937139024939,196.74742358590646,197.5374587622442,199.17915057815111,197.06674047392434
210.26945770575202,209.02070726821566,208.8820502774926,211.85649588425773,205.32830809350989,215.65726467205786,203.13679086835694,215.03112119933496,203.38680109015232,215.55713303978007,203.98615668492528,215.43825365697555,203.64293636797603,215.83480392838263,204.01759664849189,215.10765226644025,203.11193491998904,215.45127203591463,203.92929857890439,215.49118415890825,203.81953250715102,215.78187342644992,203.72126247616276,215.10765226644025,203.50051730219403,215.78187342644992,204.04027768111976,215.43825365697558,203.58881537178152,215.50420253784733,203.66440437014191,215.33239265311016,203.63296440657527,215.61006354171275,203.95197961153227,215.66299404364545,203.75270243972938,215.27946215117746,203.33268009395778,215.27946215117746,203.75270243972938,215.66299404364545,203.95197961153227,215.66299404364545,203.75270243972938,215.27946215117746,203.33268009395778,215.27946215117746,203.75270243972938,215.52051409566843,203.62966510266256,215.27946215117746,203.4557174310246,215.33239265311016,203.74940313581666,215.55713303978004,203.62355463926087,215.38532315504287,203.8858003804863,215.88773443031533,203.98671887901162,215.52780310301989,203.75270243972938,215.55713303978001,203.62025533534813,215.38532315504287,203.79685147452312,215.50420253784731,203.45636826740031,215.43825365697558,204.172724785501,215.97728387635962,203.81012273983663,215.43825365697558,203.81897031306468,215.50420253784731,203.43424942885875,215.38532315504287,203.98285738101254,215.80547399162245,203.95189096924295,215.69961298775706,203.74338131470429,215.54411466084096,204.21743601438109,216.09616325916411,203.60152444300866,215.29004433741096,204.55791922150394,216.29730308066141,202.85042865742864,214.47334322942433,204.66768529325728,216.53506184627031,202.32064023990367,215.28187877311791,207.98439639041959,208.79745677310265,210.61226898431912,208.50823033532731
198.67428713203509,197.59612056636655,197.59954298145371,200.54485076455771,194.43481339790753,204.19231432820138,192.29166775335014,203.42831625003458,192.28915330606404,203.75063075890444,192.81211787437084,203.69528213962101,192.58130817045475,204.13045421017071,192.97822635303922,203.48329589659104,192.1443313633159,203.808139701301,192.89475303915734,203.80561040546075,192.74825479821848,204.13045421017068,192.81127972527548,203.60303392974518,192.58214631955011,204.13045421017065,192.97738820394386,203.80561040546078,192.66561963343199,203.92787773445505,192.64433309751175,203.5661343391526,192.45693808292316,203.83562952457916,192.85301464802058,203.95536755773327,192.72780641139363,203.65838254902849,192.37346476904128,203.66779231634288,192.74909294731387,203.99010682521259,192.89391489006198,203.99010682521259,192.74909294731387,203.66779231634288,192.37346476904128,203.65838254902849,192.72780641139363,203.84503929189356,192.60343285547034,203.65838254902849,192.49783832496456,203.77812058218259,192.87430118394082,204.04761576760916,192.70651987547339,203.80561040546081,192.93648796190246,204.36993027647887,193.16478321853245,204.01759664849081,192.74909294731387,203.87036879205846,192.62304656159151,203.89785861533673,193.01996127578431,204.04761576760913,192.56085978362989,203.80561040546081,193.08214805374595,204.25019224332473,192.74825479821848,203.80561040546084,192.89475303915734,204.03820600029471,192.6647814843366,203.98285738101151,193.18690790354805,204.38801033244263,193.16394506943709,204.27768206660303,192.93732611099782,204.045086471769,193.24741838331894,204.42527889576218,192.56169793272525,203.60991440121944,193.45693808292316,204.52005640147814,191.74825479821848,202.78550911208927,193.62472285978225,204.93714841606379,191.49699670747751,203.63922610429182,196.62556447726931,197.40419812953513,199.23920975685411,197.39736500941302
210.26945770575202,209.02070726821574,208.88205027749251,211.94604533030204,205.53088456922541,215.98786606259316,203.52602408693758,215.30879208793752,203.46963953271373,215.50420253784736,203.87582841908551,215.38532315504278,203.63352660066161,215.87142287249426,204.10984485836772,215.29577370899847,203.38143010541555,215.72894292451721,204.13187505461994,215.58073360495254,203.819532507151,215.87142287249424,203.92383895187834,215.29577370899852,203.56743601190496,215.72894292451721,203.94586914813056,215.47487260108716,203.76606234733214,215.69232398040558,203.75665258001774,215.27946215117743,203.51322637342113,215.50420253784731,203.83224157837813,215.61006354171272,203.84495064960524,215.55713303978001,203.71250354522402,215.61006354171272,203.96468868275934,215.75254348968974,203.94256984421784,215.75254348968974,203.96468868275934,215.61006354171272,203.71250354522402,215.55713303978001,203.84495064960524,215.55713303978001,203.71250354522402,215.50420253784731,203.72521261645113,215.61006354171272,204.04422782140813,215.8348039283826,203.80080161481152,215.47487260108716,203.9111298806512,215.97728387635962,204.16396585456224,215.71592454557813,203.84495064960524,215.59375198389162,203.70309377790963,215.66299404364545,204.18608469310377,215.8348039283826,203.65894474311585,215.52780310301986,204.17272478550095,215.97728387635959,203.8101227398366,215.52780310301989,204.02154678878023,215.83480392838257,203.82348264743939,215.80547399162248,204.38801033244371,216.17269432626932,204.22138615466946,215.88773443031533,203.83562952458016,215.58073360495254,204.20802624706667,216.04323275723141,203.49119617716892,215.14756438943391,204.4381811883498,216.19144207679599,202.73069062427447,214.42041272749162,204.75993350313314,216.72318328882852,202.49788721545428,215.31849771722952,207.88998785743047,208.74452627116989,210.76873714007436,208.89892825360121
199.04371812483356,197.71986917630693,197.40136038117367,200.18505987838248,194.12136852920494,204.1266086489527,192.47738646974801,203.65959557949071,192.45525831634075,203.7793336126449,192.74825479821848,203.62957646037236,192.51744509430236,204.0741582982364,192.93564981280707,203.54673801781087,192.35133661563401,204.0741582982364,193.10175829147545,203.8690525266806,192.70567825798634,204.07415829823637,192.7474166491231,203.42699998465679,192.26870145084752,203.75184378936666,192.66394333524124,203.62957646037239,192.6017565572796,203.87158182252077,192.6017565572796,203.51924819453268,192.41436154269101,203.69433484697007,192.58047002135939,203.72182467024831,192.68522987116148,203.89907164579895,192.78915157186822,204.0093999116387,192.93481166371171,204.00939991163867,192.78915157186822,204.0093999116387,192.93481166371171,204.00939991163867,192.78915157186822,203.89907164579898,192.68522987116148,203.71241490293389,192.55918348543915,203.77933361264488,192.64432962912008,203.80682343592306,192.83005181390962,203.98191008836048,192.62304309319984,203.62957646037239,192.642656799321,203.98191008836045,192.81043810778843,203.80682343592306,192.66394333524124,203.76992384533045,192.51828324339775,203.80682343592309,192.95609819963195,203.98191008836045,192.49699670747751,203.74931449352653,193.03957151351381,204.19389633139045,192.6843917220661,203.74931449352653,192.85217649892522,203.99131985567482,192.62220494410448,203.95189096924216,193.16394506943709,204.22138615466864,192.83088649461331,203.77933361264488,192.37262661994592,203.5373282504965,192.89307327257495,204.10417741735472,192.22696652810242,203.21248444578666,193.1222066783003,204.30928318891043,191.64349148002469,202.67565439804687,193.51828671178941,204.81137396917089,191.37261968316255,203.519961622935,196.51745549947739,197.3254725192142,199.24857860194939,197.49356924202527
210.98929231486795,209.50095463253385,209.05443816609841,211.84018432643663,205.30081827023164,215.88200505872777,203.60886252949911,215.53353247460745,203.73913471814035,215.72894292451721,204.05091507152295,215.55713303978001,203.7832837529341,215.95368331118712,204.08235503508956,215.27946215117743,203.4642685479771,215.90075280925439,204.28163220689245,215.66299404364543,203.88429089374873,215.95368331118709,203.98134789427496,215.27946215117746,203.47302747891584,215.67601242258451,204.01278785784157,215.61006354171275,203.84890078989369,215.67601242258448,203.72916275673958,215.41465309180302,203.78272155884773,215.72894292451721,203.91508002093968,215.64668248582436,203.93719885948119,215.83480392838263,204.09232699649033,215.97728387635965,204.25951336835089,215.97728387635962,204.09232699649033,215.92435337442694,204.13977533519679,215.8348039283826,203.98199873065062,215.78187342644992,203.92778909216679,215.59375198389162,203.80475175509994,215.6393934784729,203.78272155884775,215.50420253784733,203.8394910225793,215.72894292451721,203.85831055720811,215.55713303978004,203.88364005737301,215.72894292451718,203.81416152241437,215.50420253784733,203.80805105901268,215.53353247460748,203.53994618862683,215.41465309180302,203.97193812696054,215.76556186862879,203.71645368551248,215.66299404364545,204.35722120525278,216.14909376109679,203.95047012479469,215.61006354171275,204.00346673281646,215.72894292451718,203.69433484697095,215.69961298775706,204.27768206660403,215.88773443031531,203.7793336126457,215.39834153398195,203.41890648272133,215.33239265311013,204.15520692362358,215.98301324794724,203.34396832073665,214.93584238170311,204.29095333191751,216.22077201355614,202.88044777654699,214.50267316618448,204.73244367985498,216.65394122907477,202.46098762486173,215.40075815592238,208.04915477701726,208.87971721179551,210.85157558263589,208.93554719771279
199.56115028555888,198.13327760030717,197.68858471137318,200.2131264883736,193.91436327688683,203.86059005201727,192.2703812174299,203.59615345827086,192.49783485657287,203.82621975726482,192.7908313384506,203.6511331048273,192.5191213924931,203.97597690953728,192.70735802456875,203.26189988624665,192.12304482739566,203.85623887638317,192.83256626119569,203.55888489495143,192.47738646974801,203.97597690953725,192.74909294731384,203.47388612927668,192.35217823312104,203.91846796714066,192.93648796190243,203.86311934785735,192.64433309751175,203.70648172411066,192.37346476904128,203.53139507167327,192.66561963343199,204.00346673281544,192.83172811210034,203.85370958054298,192.7278064113936,203.94595779041884,192.83172811210034,204.06569582357298,192.99867473986407,204.06569582357295,192.83172811210034,203.94595779041887,192.7278064113936,203.74338131470324,192.58214631955011,203.82621975726477,192.70651987547336,203.74338131470324,192.60343285547034,203.71589149142505,192.43565154700292,203.44639630599846,192.39475130496152,203.71589149142505,192.64433309751175,203.74338131470324,192.66561963343199,203.71589149142503,192.37346476904128,203.44639630599849,192.45693808292313,203.48582519243121,192.0616961985294,203.24381983028289,192.51912486088477,203.79872993398652,192.49867300566822,203.77087113798152,193.08214805374595,204.20604320853099,192.6647814843366,203.65113310482741,192.64517124660711,203.7064817241106,192.37262661994589,203.7433813147033,192.93732611099782,203.8356295245791,192.37262661994592,203.41890648272033,192.18690790354805,203.48329589659104,192.93564981280707,204.04073529613493,192.01996127578431,202.94646584885123,192.91520142598222,204.24584106769061,191.68606802025684,202.63103181145584,193.35385453131178,204.59601437256529,191.2048418430868,203.48474880365839,196.5846642352279,197.36945886205581,199.21792322093387,197.38795524209863
210.61479477592565,209.32197872199089,209.13960639976455,211.9696458954746,205.29828897439145,215.73379573916313,203.40375675794334,215.38532315504278,203.64435721242427,215.58073360495263,203.84580929996716,215.26644377223832,203.4584399482242,215.61006354171278,203.75751123037966,214.93584238170303,203.1394247432672,215.41465309180302,203.63447389331284,214.93584238170305,203.26246208033405,215.55713303978001,203.83375106511571,215.21351327030564,203.44300835979743,215.61006354171272,203.95743923855824,215.54411466084096,203.72663346089939,215.42194209915445,203.40431895202968,215.16058276837296,203.66045422985346,215.71592454557813,203.97946943481045,215.63366410688528,203.81493153048689,215.58073360495254,203.76748319178043,215.63366410688528,203.93466956364102,215.63366410688525,203.76748319178043,215.49118415890825,203.61235505477131,215.30306271634996,203.59023621622975,215.58073360495257,203.89993029616167,215.54411466084096,203.69189419342004,215.38532315504284,203.44846798682346,215.10765226644025,203.40431895202968,215.38532315504284,203.73604322821382,215.49118415890825,203.73604322821382,215.33239265311011,203.28458091887558,215.01810282039594,203.45787775413785,215.18991270513308,203.14818367420594,215.0253918277474,203.76683235540474,215.7159245455781,203.68859488950736,215.46185422214813,204.05770690070784,215.80547399162242,203.60029681991986,215.2664437722384,203.70395242827149,215.4748726010871,203.54673801781169,215.54411466084099,204.04508647177002,215.58073360495254,203.5373282504973,215.33239265311016,203.48329589659213,215.31937427417105,204.03293959462925,215.72894292451718,203.01912451602675,214.64515311416145,204.08584756036174,216.0725626939915,202.78567027083088,214.35446384661984,204.52733790829919,216.36325196153308,202.13614382015183,215.11006888838074,207.84404900546159,208.76812683634245,210.85594807730243,208.99604735347799
198.93806769455887,197.95648896057423,198.10363710074537,201.00298573138411,194.72529196410753,204.56471105068806,192.83172811210036,204.18994619110197,193.05918175124333,204.30968422425619,193.10259644057084,203.83761256311391,192.60091840818424,204.16245636782384,193.01912312668895,203.63503608739833,192.43480992951589,203.93239006883002,192.66478148433663,203.33805107869355,192.30960169288892,204.04271833466973,193.03957151351381,203.80287329563464,192.6017565572796,204.03546889046859,192.95609819963195,204.00544977135024,192.93481166371171,204.07020815794792,192.68522987116148,203.71787452995986,192.74741664912312,204.18994619110202,193.14349321422054,204.21743601438024,193.01828497759359,204.0976979812261,192.8726248857501,204.09769798122613,193.01828497759359,204.0976979812261,192.8726248857501,203.98736971538642,192.76870318504336,203.92045100567543,192.9135251277915,204.30968422425613,193.24825306402266,204.21743601438021,192.9135251277915,203.97795994807203,192.70651640708172,203.77538347235642,192.66394333524124,203.97795994807203,192.95609819963195,204.09769798122613,192.93481166371171,203.85822191491792,192.41436154269101,203.57280699664082,192.70651640708172,203.95047012479381,192.642656799321,203.94794082895368,193.31043984198428,204.57917940968267,193.06001990033869,204.06767886210781,193.16394506943709,204.28219440097789,192.72696479390657,203.83761256311399,192.9765500548485,204.189946191102,192.91435980849519,204.21743601438027,193.24741838331897,204.20802624706582,192.89307327257495,204.15520692362273,192.9356498128071,204.03293959462843,193.22612837900704,204.30280375278187,192.31043984198428,203.42052054852823,193.47654832065265,204.83963380052168,192.24741491492728,203.20600500965813,193.87262835414177,205.01941007191243,191.45609299704444,203.72799772567654,196.87179714182975,197.84641336351106,199.96036330140024,198.27192568323352
210.17542458655154,209.23071197524723,209.50834635288152,212.67319699224439,206.06771461696533,216.47396578004455,204.05344436736308,216.07256269399153,204.29404482184404,216.178423697857,204.2929204336713,215.62308192065177,203.7188943390633,216.01963219205888,204.32436039723791,215.63939347847287,203.81660217596519,215.96670169012617,204.01466631730602,215.2558615860049,203.50699673832258,215.87715224408183,204.21394348910891,215.58646297654019,203.71503284106419,215.74196130345626,203.94839844397072,215.67601242258451,204.09090615204207,216.03594374987995,204.08149638472767,215.6230819206518,203.83807017813103,215.84782230732165,204.157085383088,215.95368331118709,204.16979445431517,215.90075280925436,204.0373473499339,215.90075280925439,204.16979445431517,215.90075280925436,204.0373473499339,215.84782230732168,204.05005642116106,215.90075280925436,204.24933359296389,216.23135419978968,204.45736969570555,216.04323275723138,204.07208661741322,215.84782230732168,204.01531715368171,215.75827286127736,203.96175835157354,215.84782230732168,204.12564541952139,215.95368331118709,204.20123441788178,215.79489180538897,203.67418311018318,215.48060197267478,204.01531715368171,216.01963219205882,204.12018579249539,216.0066138131198,204.60317670768956,216.40316408452682,204.15162575606203,215.81849237056153,204.30224155869638,216.07256269399153,203.86075121075893,215.67601242258451,204.27080159512974,216.17842369785694,204.22391545050968,216.09616325916411,204.42527889576323,216.04323275723138,204.10417741735557,215.98301324794724,204.04073529613595,215.72894292451718,204.30280375278275,216.13851157486332,203.5765639155706,215.38532315504287,204.85527320293559,216.86566323680563,203.55509591340476,215.18418333354558,205.28735378355864,217.01387255637022,202.59266472117039,215.55625648283845,208.29767010470178,209.32919798513527,211.52614411095934,209.68675444715075
197.96535871462515,197.06119033175497,197.30344855322144,200.25792635954309,194.01828497759357,203.80373194599647,192.10343458966616,203.41955731909599,192.33088822880913,203.53929535225021,192.37430291813664,203.0672236911079,191.87262488575004,203.51180552897199,192.56169793272522,203.30669975741614,192.22696652810239,203.71438200468759,192.45693808292313,202.98438524854646,191.81127625688379,203.40147726313225,192.37346476904125,203.11137272590167,191.95693634872728,203.25896955506087,192.08130990465057,203.1113727259017,192.24909121311799,203.64095332944044,192.47738646974798,203.27920993413798,192.04040966260916,203.25172011085976,192.20651814127751,203.3714581440139,192.31127799107963,203.37145814401387,192.20651814127754,203.37145814401387,192.31127799107963,203.37145814401387,192.20651814127754,203.36204837669948,192.2899914551594,203.45645690968865,192.43648622770661,203.65903338540426,192.53957324770963,203.48178640985358,192.22780467719778,203.37145814401387,192.2899914551594,203.37145814401387,192.22780467719775,203.37145814401387,192.2899914551594,203.49119617716798,192.49867300566822,203.46370635388976,192.01912312668892,203.10196295858731,192.2899914551594,203.63154356212604,192.41519969178634,203.4839467329669,192.58214631955008,203.62213379481162,192.10175829147542,203.18696172426212,192.41603784088173,203.51180552897191,192.01828497759354,203.18696172426212,192.49951115476361,203.75128159528012,192.47654832065263,203.60152444300775,192.56169793272522,203.49119617716792,192.22696652810239,203.34396832073571,192.01996127578428,203.01912451602576,192.31043984198425,203.57656391556964,191.85301464802055,202.98185595270635,193.01912312668892,204.30872099482394,191.78998972096355,202.77675018115067,193.43648969609828,204.42882800070481,190.80959995869307,203.01116765577871,196.16646298511483,197.09194422435559,199.04570665694621,197.21046806458551
209.94817131522339,208.75947091897979,208.71580338169599,211.57309562406755,204.8631169038419,215.19476551977905,202.83943688692526,214.793362433726,203.08944710872061,215.04170338556852,203.40122746210321,214.81696299889856,203.01385811036025,215.2135132703057,203.52491563554571,214.92282400276397,203.31414242297774,215.63366410688531,203.83452107318831,214.922824002764,203.00453698533516,215.16058276837296,203.41449872741669,214.8698935008313,203.21257308807677,215.26644377223838,203.4459386909833,214.95944294687561,203.29146139034984,215.31937427417108,203.57903663174022,215.14756438943391,203.33561042514359,215.13125283161278,203.3576406213958,215.0946338875012,203.34502019245801,215.04170338556847,203.2379025882417,215.0417033855685,203.34502019245801,215.09463388750117,203.3576406213958,215.18418333354552,203.45534845829772,215.14756438943388,203.3670503887102,215.23711383547823,203.56567672413743,215.2371138354782,203.3670503887102,215.0946338875012,203.33561042514361,215.0946338875012,203.36705038871023,215.18418333354552,203.4459386909833,215.29004433741093,203.69877466489433,215.37230477610379,203.29146139034984,214.95944294687564,203.4459386909833,215.31937427417105,203.33231112123087,214.92282400276403,203.32225051754079,215.02539182774737,202.9470280429386,214.78034405478701,203.47746729683925,215.21351327030564,203.06130644906671,214.86989350083132,203.56576536642672,215.46185422214808,203.53479895465716,215.29004433741096,203.60991440122049,215.14756438943385,203.21248444578742,214.93584238170311,202.94646584885226,214.64515311416139,203.42052054852903,215.38532315504284,202.98185595270729,214.57920423328969,203.85325196552779,215.72894292451716,202.55307467599692,214.28851496574808,204.49006934497973,216.10918163810305,201.7263012497672,214.62396917092937,207.37413766743271,208.26571556106998,210.13785881436064,208.03555262484161
200.06829877682802,198.73814470569516,198.44063177101901,200.92674589664799,194.45526178473244,204.26781468427251,192.54041139680504,203.89304982468644,192.78915157186825,204.24285415683445,193.33172984629621,204.27034398011256,193.06001990033869,204.50293957494659,193.24825653241433,204.0858475603608,193.14349321422057,205.00250105936698,193.89391489006201,204.40816206923051,193.01828497759359,204.49352980763217,193.26870491923921,204.25368476859708,193.31043984198431,204.87551358201173,193.66478148433663,204.45626124431271,193.16394506943709,204.52101963091039,193.39391315586616,204.557919221503,193.4560999338278,204.64075766406447,193.37262661994595,204.43818118834889,193.20651814127757,204.31844315519476,193.10175829147548,204.31844315519479,193.20651814127757,204.43818118834886,193.37262661994595,204.65016743137889,193.47738646974804,204.47292045582819,193.16394506943712,204.47292045582822,193.47738646974804,204.65016743137886,193.37262661994595,204.43818118834889,193.20651814127757,204.43818118834886,193.37262661994595,204.64075766406449,193.4560999338278,204.66824748734271,193.64349494841639,204.81800463961517,193.39391315586616,204.46567101162711,193.4560999338278,204.62267760810067,193.12304482739572,204.09309700456194,193.06002336873038,204.21536433355615,192.7899897209636,204.06776750439701,193.35217823312107,204.50293957494654,192.95609819963195,204.17809577023675,193.43565154700295,204.73300587394036,193.3930750067708,204.55791922150303,193.45693808292319,204.43818118834884,193.12220667830033,204.2909533319166,192.91520142598225,204.0858475603608,193.47654832065268,204.85527320293463,193.01912312668898,203.85325196552688,193.4560999338278,204.68055552322406,192.22696652810242,203.52840816081707,194.33172984629621,205.38522277920015,191.72612664481122,203.96756243427399,197.0617031353128,197.85301197133643,199.49456023269082,197.37509879286537
211.7345511914566,210.3263976445092,210.01228904967994,212.68621537118344,205.89299693725479,216.34450421100658,203.9637254533273,215.94310112495356,204.1193271421335,216.19144207679605,204.61776423838114,216.20775363461709,204.34072315247792,216.36325196153322,204.352219193243,215.74196130345624,204.14144598067503,216.74678385400122,205.07854767274446,216.26797314390126,204.26448331774185,216.36325196153319,204.42845902797905,216.01963219205885,204.44502959720526,216.74678385400119,204.95946047596604,216.35023358259414,204.32134142376273,216.22806102090763,204.40634018943749,216.29730308066144,204.66247546726126,216.52204346733132,204.57417739767376,216.24437257872873,204.37490022587087,216.19144207679602,204.36219115464377,216.19144207679602,204.37490022587087,216.24437257872873,204.57417739767376,216.57497396926402,204.78221350041537,216.38685252670575,204.39693042212309,216.38685252670575,204.78221350041537,216.62790447119673,204.69391543082787,216.38685252670575,204.48522849171059,216.38685252670575,204.69391543082787,216.57497396926402,204.66247546726126,216.43978302863846,204.7286546983072,216.61159291337563,204.61832643246748,216.35023358259414,204.66247546726126,216.4161824634659,204.24245312148966,215.96670169012614,204.41904926066462,216.27370251548888,204.16356481921656,216.01963219205885,204.61767559609183,216.41618246346587,204.19500478278317,216.07256269399159,204.70597366567932,216.6115929133756,204.54875925521952,216.29730308066146,204.52005640147922,216.19144207679599,204.30928318891131,216.2207720135562,204.24584106769169,216.07256269399153,204.83963380052262,216.86566323680566,204.30872099482494,215.72894292451721,204.68055552322505,216.54808022520939,203.38037823369422,215.3853231550429,205.69719635394327,217.41042282777727,202.95224779335956,215.9528067542455,208.70751267508649,209.636198810498,211.48504149369163,209.28848687504441
198.57815763616904,197.31910938703595,197.10363710074532,199.74630664027137,193.47571017155724,203.37495066928628,191.79082787005891,202.99077604238579,191.7883134227728,203.01826586566412,192.06169619852938,202.93542742310254,191.80959995869304,203.08302425226179,191.76954133413867,202.37835699628559,191.43480992951584,203.29501049529176,192.41519969178634,202.99765651386011,191.78915157186816,203.09243401957616,191.81127625688379,202.59034323931562,191.66394333524121,203.23750155289517,192.24825306402261,202.97957645789629,191.70651640708166,202.82293883414957,191.68522987116145,202.85042865742778,191.97738473555214,203.11992384285435,191.89391142167028,202.85042865742778,191.76870318504331,202.94267686730367,191.89391142167028,202.94267686730367,191.76870318504331,202.85042865742778,191.89391142167028,203.23025210869406,192.22696652810237,203.13800389881817,191.89391142167028,203.13800389881817,192.22696652810237,203.34999014184817,192.16477975014075,203.17274316629749,192.01828497759354,203.17274316629749,192.16477975014075,203.23966187600846,191.97738473555214,202.97016669058189,191.95609819963192,203.14525334301928,191.95609819963192,202.97016669058189,191.97738473555214,202.99077604238585,191.60175655727957,202.7234411800726,191.99867127147238,203.16802301793652,191.78915157186816,202.86850871339163,192.12304482739563,203.20276228541582,191.72696479390655,202.87791848070603,192.20651814127751,203.32250031856992,191.91435980849513,202.85042865742781,191.74825479821845,202.73069062427365,191.64349148002466,202.88044777654616,191.68606802025681,202.78567027083008,192.24741491492725,203.55509591340393,191.78998972096355,202.55307467599616,192.22696652810237,203.38037823369336,190.99783312237702,202.22823087128637,193.10259644057078,204.09445525698382,190.51827977500605,202.80304291074793,196.10176522825876,197.09870552413309,199.00116533087694,197.02184777879862
209.53435606833784,208.36963165105553,208.3543406328746,211.37195580257023,204.86058760800179,215.37715759074973,203.1338925997899,214.97575450469671,203.0869178128805,214.84056356407123,203.07638365739339,214.52627373135692,202.80875233880451,214.92282400276406,203.10782362096,214.24860284275437,202.48973713384754,214.86989350083135,203.30710079276287,214.63213473522237,202.90975947961914,214.92282400276406,203.00681648014537,214.3015333446871,202.61823409794036,214.78763306213847,203.1485847095517,214.57920423328969,202.76404110992442,214.55560366811713,202.75463134261,214.47334322942427,202.91851841055788,214.69808361609415,202.83022034097038,214.47334322942427,202.84292941219749,214.75101411802686,203.11779558236077,214.75101411802686,202.84292941219749,214.47334322942427,202.83022034097038,214.89349406600388,203.3605709525817,214.94642456793659,203.04220658400038,214.80394461995957,203.13050465358788,214.89349406600388,203.15253484984009,214.89349406600388,203.13050465358788,214.85687512189227,203.16194461715449,214.89349406600388,203.02884667639756,214.668753679334,202.99410740891821,214.75101411802686,202.87436937576413,214.52627373135698,202.91851841055788,214.59222261222874,202.59074427466214,214.38379378337996,203.06432542254191,214.86989350083132,202.82476071394436,214.57920423328972,203.27236152528351,215.06530395074103,202.96652894335068,214.72168418126674,203.36065959487098,215.02868500662942,202.88764064107764,214.4733432294243,202.78550911209027,214.42041272749154,202.67565439804761,214.50267316618445,202.63103181145681,214.35446384661978,203.20600500965892,215.18418333354552,202.77675018115153,214.28851496574805,203.52840816081795,215.38532315504284,202.22823087128711,213.94489519627373,204.16522554026986,215.76556186862874,201.40145744505736,214.42282934943205,207.37160837159254,208.48472657615227,210.6210139736522,208.62923064685765
199.56183566803955,198.58040048860744,198.73332630469142,201.75672998450096,195.60176002567133,205.63425984713851,193.93649143029415,205.25949498755239,193.93564981280713,205.08224801200183,193.72780987978533,204.61017635085955,193.47738646974807,205.23200516427428,194.12388644488277,204.69517511653436,193.28999145515945,204.90028088809015,193.76954480253042,204.69517511653436,193.64433309751178,205.22259539695986,193.9356532811988,204.69517511653439,193.47822461884343,205.02001892124426,193.85217996731691,204.77801355909588,193.54041139680507,204.81744244552863,193.54041139680507,204.66768529325617,193.60259817476668,204.84277194569356,193.51912486088483,204.6676852932562,193.62388471068692,205.04750874452247,193.97738820394389,205.04750874452247,193.62388471068692,204.6676852932562,193.51912486088483,205.0822480120018,194.14433483170762,205.20198604515591,193.7899931893553,204.8796715362862,193.62388471068692,204.8702617689718,193.76870665343506,205.04750874452247,193.83256626119575,204.96467030196098,193.7899931893553,205.0728382446874,193.85217996731691,204.98999980212591,193.81127972527554,204.93718047868273,193.54041139680507,204.66768529325617,193.60259817476668,204.73244367985384,193.2695430683346,204.49984808501992,193.68607148864857,204.93502015556945,193.43565154700295,204.70458488384881,193.99951288895949,205.34233343011394,193.85134181822156,205.01748962540415,194.08298620284137,205.13975695439831,193.51828671178944,204.66768529325623,193.62472285978231,204.75993350313203,193.51828671178944,204.7324436798539,193.35385453131184,204.52733790829808,193.8726283541418,205.28735378355753,193.43648969609833,204.49006934497865,194.33172984629621,205.69719635394213,193.10259644057086,204.16522554026884,194.74909641570557,205.80789359250863,192.10092014238012,204.49405154788607,197.73032432707146,198.77450479040033,200.84076440302994,198.99897058695527
211.00305508032261,209.95746000916307,210.1115338173702,213.21795658321605,206.60707396054531,217.10827481706053,204.69372220946835,216.75980223294019,204.95314219857809,216.81273273487298,204.81346024262248,216.25739095766772,204.47023992567324,216.98454261961015,205.34446169060951,216.55137340409144,204.44820972942105,216.60101072714215,204.74719236928721,216.31032145960046,204.65624583216265,216.98454261961012,205.15845578412009,216.64092285013575,204.83679211162604,216.98454261961012,205.0701577145326,216.53506184627037,204.59336590502943,216.56439178303052,204.70369417086911,216.53506184627037,204.86758123881697,216.75980223294025,204.7792831692295,216.53506184627037,204.79199224045661,216.81273273487295,205.06685841061986,216.81273273487295,204.79199224045661,216.48213134433766,204.65954513607537,216.81273273487295,205.1993055150011,216.86566323680566,204.77928316922947,216.48213134433766,204.58000599742661,216.48213134433766,204.77928316922947,216.67025278689593,204.75725297297728,216.53506184627037,204.81402243670883,216.90228218091727,205.15515648020735,216.91859373873837,205.03541844705325,216.75980223294025,204.70369417086911,216.53506184627037,204.86758123881697,216.56439178303052,204.33723062720566,216.11491100969076,204.62415503222036,216.51146128109781,204.36867059077227,216.31032145960052,205.03476761067756,217.0374731215428,204.89967203875929,216.69385335206852,205.12306568026506,216.84935167898453,204.63412699362115,216.53506184627039,204.93714841606499,216.72318328882861,204.81137396917177,216.65394122907486,204.59601437256646,216.36325196153317,205.01941007191337,217.01387255637027,204.42882800070589,216.05625113617046,205.26548474604704,217.26794287980027,203.98412699114502,215.76556186862885,205.91822185834954,217.6481815933862,203.14143383206473,216.10101607381014,208.81820991365302,209.83733863199529,211.92013395570686,209.93383312061698
197.12891911563381,196.11719109418107,196.21712485841238,199.00527145838163,192.72528849571577,202.43784897721704,190.81043810778837,202.17341238347066,191.30876007540181,202.47039739217553,191.28998798676767,201.90607752115739,190.85049673234272,202.55323583473702,191.72696479390652,202.23780179734149,190.95525658214484,202.26566059334664,191.16394160104534,201.94081678863674,191.03872989602672,202.56264560205139,191.56001816614278,202.34813006318123,191.37178500245881,202.6729738678911,191.4765448522609,202.11806376418741,190.93480819531999,202.17341238347069,191.18438998787022,202.32064023990304,191.47654485226093,202.59013542532958,191.39307153837905,202.32064023990301,191.2678633017521,202.4128884497789,191.39307153837905,202.41288844977893,191.2678633017521,202.20090220674891,191.12220320990858,202.37814918229961,191.47654485226093,202.37814918229958,191.12220320990858,202.08116417359483,190.99699497328163,202.0905739409092,191.14348974582882,202.18282215078511,190.99699497328163,202.02365523119823,191.18438998787022,202.59013542532958,191.68522640276976,202.61762524860779,191.45525831634069,202.40347868246451,191.18438998787022,202.32064023990304,191.47654485226093,202.35065935902136,190.85133488143811,201.78633948800334,191.01828150920184,202.12059306002755,190.78914810347649,201.93140702132237,191.39223685767536,202.56264560205133,191.20651120449415,202.23780179734155,191.47571017155721,202.49572689234037,191.16393813265367,202.32064023990307,191.49699670747745,202.49788721545366,191.37261968316253,202.46098762486113,191.20484184308674,202.1361438201512,191.45609299704438,202.59266472116974,190.80959995869301,201.6065632166125,191.45525831634069,202.62993328448917,190.26869798245579,201.40145744505682,192.35050193493026,203.34401030777963,189.76953092896366,201.74620318552456,194.8488343077187,195.76660012661202,197.65279263906007,195.75936918209567
210.14416285434623,208.92767236085515,208.8446569101215,211.69109844993034,204.98393733812503,215.32907990346294,202.97256689030098,215.07015676538694,203.53258205187348,215.453688657855,203.59186640787544,214.86172793653816,203.05908954628302,215.4373771000339,203.84396290312151,215.05713838644789,203.15679738318491,215.34782765398958,203.63592680037993,215.05713838644792,203.36483348592651,215.49030760196661,203.65795699663215,215.11006888838062,203.4625413228284,215.54323810389928,203.6799871928844,215.00420788451521,203.10878685039205,215.12308726731968,203.51610012493654,215.42435872109482,203.8825636686,215.6490991077647,203.68393733317279,215.2818787731178,203.4846601613699,215.31849771722941,203.58227935598251,215.37142821916211,203.60439819452401,215.22894827118509,203.35221305698869,215.17601776925238,203.4846601613699,215.17601776925238,203.35221305698869,215.12308726731968,203.3649221282158,215.08646832320807,203.36162282430308,215.12308726731968,203.26326415102548,215.04082682862682,203.51610012493651,215.55954966172038,203.84782440112065,215.42435872109482,203.55083939241587,215.2655672152967,203.39636209178244,215.2818787731178,203.77223540276029,215.40075815592226,203.23247502383458,214.8983468806498,203.40907116300954,215.20534770601253,203.15358672156151,215.00420788451524,203.72743553159083,215.49030760196658,203.29535495096786,215.05713838644795,203.70540533533858,215.54323810389926,203.52937139025008,215.28187877311782,203.63922610429265,215.31849771722938,203.51996162293568,215.40075815592229,203.48474880365919,215.11006888838062,203.72799772567726,215.60918698477104,203.13090568893355,214.62396917092926,203.75557619124478,215.56927486177736,202.39572963620409,214.33327990338765,204.79103655659173,216.52116691038955,202.05910792708036,214.81121405654594,207.50726767080829,208.56281727902143,210.63654957500245,208.62175102124525
203.4330216890437,202.1190117694444,201.84827599382214,204.51816047202112,198.05919215641839,208.10160512773211,196.18858767013054,207.83716853398576,196.64266373610442,208.1594830428555,196.70903779115125,207.60457293915184,196.20568692896558,208.13199321957734,196.8751462698196,207.71490120499155,196.28916024284746,208.21699198525209,197.00035450644657,208.01188621369633,196.64350188519978,208.24232148541705,196.68691310613562,207.72431097230597,196.49867994245164,208.25173125273145,196.853021584804,207.80714941486744,196.31128492786306,207.95690656713995,196.79083480684235,208.30671089928788,197.10260337735423,208.38954934184937,196.76954827092212,207.98439639041817,196.60343979225377,208.06723483297966,196.7482617350019,208.18697286613377,196.87430812072424,208.07664460029406,196.49867994245167,207.77965959158928,196.39475824174494,207.77965959158928,196.49867994245167,207.95690656713995,196.60343979225377,207.86465835726406,196.49867994245164,207.94749679982559,196.58215325633353,207.9843963904182,196.79083480684238,208.27922107600969,196.83173504888376,208.00972589058304,196.58215325633353,207.95690656713995,196.51996647837188,207.98439639041817,196.853021584804,208.15948304285556,196.49867994245164,207.80714941486747,196.66562657021538,208.03974500970145,196.41520662856979,207.9015579478567,196.97906797052633,208.24232148541705,196.35134702080907,207.71490120499158,196.81295949185795,208.33673001840623,196.74742358590652,207.98439639041817,196.62556447726936,207.88998785742899,196.51745549947745,208.04915477701581,196.58466423522796,207.84404900546005,196.8717971418298,208.41740813785441,196.43733131358539,207.58612391046111,197.06170313531283,208.41052766638018,195.62221534927954,207.16903189587541,197.96029241350055,209.31777139807187,195.34799789281928,207.72792420248638,200.73451160415667,201.8300204848471,203.91259829565456,201.98451613531395
204.53859456865993,203.12813133212185,202.72826522268551,205.42342517964642,199.03361391966632,209.21187823809487,197.27834963298071,208.87971721179565,197.50882995816761,209.02219715977276,197.50841593197455,208.51978588450021,197.14566571841686,209.15738810039832,197.83684090424595,208.66226583247723,197.13955525501521,209.15738810039829,197.93519957752352,209.04579772494526,197.66049609931213,209.29986804837532,197.64432503222039,208.71519633440997,197.45180916019487,209.35279855030799,197.97275000449179,208.99286722301255,197.41095942931383,209.07512766170541,197.81827270385833,209.32346861354785,197.97275000449179,209.2176076096824,197.48654842767419,208.79745677310282,197.45510846410761,209.07512766170541,197.77412366906458,209.27053811161514,197.89716100613143,209.12805816363812,197.45180916019487,208.74452627117012,197.27786148855694,208.74452627117012,197.45180916019487,208.93264771372839,197.45510846410761,208.74452627117012,197.36681039452009,209.0221971597727,197.742683705498,209.18098866557082,197.8182727038583,209.21760760968243,197.64102572830768,208.93993672107985,197.53069746246797,208.93264771372839,197.37622016183451,208.79745677310282,197.56543672994729,209.02219715977267,197.45180916019484,208.85038727503553,197.60958576474107,208.96926665783997,197.28792209224699,208.90331777696827,197.98545907571892,209.29986804837526,197.3193620558136,208.66226583247729,197.65703410344753,209.21031860233094,197.53745876224531,208.79745677310285,197.40419812953652,208.74452627117009,197.32547251921528,208.87971721179571,197.36945886205717,208.76812683634265,197.8464133635122,209.52460843504517,197.53399676638071,208.79172740151523,198.26032524588214,209.63619881049817,196.69139224958974,208.15412518561726,198.77450479040172,210.1679400225307,196.17391340115742,208.70529722699877,201.74502171917413,202.85880568682492,204.99484681234213,203.10020613341689
206.61983209717204,205.10587977890546,204.57714816179273,207.32696148103906,200.99909502196368,211.37842094453731,199.36111631148557,210.97131361579005,199.37625383986756,210.97131361579014,199.36111631148557,210.57295127637599,199.17698205667313,211.33035824726102,199.87939791102858,210.6926893095301,198.92956878560062,211.01063132373332,199.68806333259843,211.01500381839983,199.64135348505147,211.4500962804151,199.6858948111207,210.85594807730254,199.49239171121283,211.61335504818751,200.20417641066368,211.33473074192753,199.56398825648884,211.25431041671663,199.8135700490391,211.37404844987074,199.83485658495931,211.09105164894422,199.17338189486429,210.61226898431923,199.24497844014033,211.09105164894419,199.7632600396833,211.37404844987074,199.88516659431514,211.25431041671661,199.49239171121283,210.93199590784693,199.36471647329444,210.9319959078469,199.49239171121283,210.97131361579011,199.24497844014033,210.6122689843192,199.17338189486429,211.09105164894422,199.83485658495934,211.37404844987071,199.8135700490391,211.25431041671663,199.56398825648887,211.051733941001,199.56398825648887,210.97131361579008,199.17338189486429,210.61226898431923,199.2449784401403,210.97131361579008,199.49239171121283,211.05173394100103,199.63558480176488,210.97131361579008,199.10178534958825,210.89526578524575,199.95676313959115,211.45009628041507,199.370485156581,210.69268930953015,199.43848154004817,211.01063132373326,199.17915057815085,210.61226898431926,199.23920975685377,210.76873714007445,199.24857860194913,210.85157558263603,199.21792322093353,210.85594807730251,199.96036330139998,211.80914091188598,199.6858948111207,211.06289704768471,200.45375820321388,211.92450645037349,198.75158353832646,210.14223130902738,200.50046805076084,211.95945166365007,197.87335095817454,210.59302884038442,203.59358847930557,204.67511988881424,206.82956958793841,204.96192024010912
204.63200477837282,203.1081358258983,202.55298329887066,205.30129044600378,199.09345147860807,209.41705684040718,197.51882638352663,208.98847769964544,197.48243613375143,208.98847769964547,197.51882638352663,208.68089887041407,197.42813367131129,209.46872506396366,198.11028587990737,208.73382937234678,196.95641220808463,208.81580916455866,197.56199573769291,208.8763093203238,197.7347686492929,209.52165556589637,197.92338893507986,208.99604735347791,197.73649199025235,209.7838735470275,198.51484843146059,209.52922521972883,197.80192756096631,209.30362618270931,197.91225582680602,209.35655668464202,197.92166559412041,209.04140820157818,197.19933495631173,208.50823033532728,197.26477052702569,209.04140820157818,197.85623002340645,209.35655668464202,197.97769139751998,209.30362618270931,197.73649199025235,209.16114623473229,197.74762509852616,209.16114623473229,197.73649199025235,208.98847769964547,197.26477052702569,208.50823033532728,197.19933495631173,209.04140820157818,197.92166559412041,209.35655668464202,197.91225582680602,209.30362618270931,197.80192756096631,209.21407673666499,197.80192756096631,208.98847769964547,197.19933495631173,208.50823033532728,197.26477052702569,208.98847769964547,197.73649199025232,209.21407673666499,197.86736313168029,208.98847769964547,197.13389938559774,208.82337881839112,198.04312696823396,209.52165556589637,197.6150306161388,208.7338293723468,197.4516674718532,208.81580916455863,197.06674047392437,208.50823033532728,197.39736500941308,208.89892825360113,197.49356924202527,208.93554719771279,197.38795524209866,208.99604735347791,198.27192568323352,210.00190293021456,197.92338893507983,209.14609695528739,198.6251766973003,209.99433327638209,196.9115195129589,208.09605278060673,198.45240378570031,209.76116458553005,195.82308141185015,208.41246354204685,201.44735910137354,202.44729023401169,204.5319961705413,202.69760486887458
