174.63610907946028,173.88719608785064,174.16299637743742,176.84118955096329,171.37209391358996,180.03806474921234,169.7251934056433,179.73427732543453,169.94334537940009,179.73427732543442,169.7251934056433,179.01444271631854,169.05648222587629,179.3088005765309,169.64955389612254,179.01444271631854,169.13212173539705,179.38894025526082,169.75520432639718,179.48297337446132,169.94670058308168,180.14959683516355,170.22076481506176,179.4829733744613,169.4811400944171,179.38894025526085,169.4061859673771,179.01444271631848,169.37548966414246,179.56160879034766,169.90244275927631,179.52229108240448,169.58747590717249,179.34962254731767,169.51183639765173,179.34962254731767,169.58747590717252,179.34962254731767,169.51183639765173,179.34962254731767,169.58747590717252,179.34962254731767,169.51183639765173,179.34962254731767,169.58747590717252,179.34962254731767,169.51183639765173,179.34962254731767,169.58747590717252,179.34962254731767,169.51183639765173,179.09681433350093,169.01557960575258,178.8417741812317,169.37548966414246,179.56160879034766,169.90244275927631,179.52229108240445,169.58747590717246,179.52229108240448,169.90244275927631,179.98708553925121,170.33799232718701,179.8144170041644,169.51183639765173,179.23016516064456,169.61817221040715,179.38894025526088,169.26915385138707,179.01444271631846,169.51252178013252,179.30880057653096,169.19351434186635,179.01444271631846,169.5881612896533,179.38894025526091,169.29916477214098,179.05749662555769,169.44023747429335,179.34962254731769,169.6590748305309,179.56160879034763,169.61885759288791,179.18711125140533,169.55342440025626,179.428257963204,169.12191541850794,179.02833615678901,170.29304912090095,180.09488142390634,168.84785118652789,178.44185237481662,170.28284280401181,180.21657074903203,168.39181163227164,179.09097686876805,172.94884361570698,173.64057815141857,175.23256947228549,173.57587411911899
173.76995408338976,172.90390564202468,173.01679150047033,175.63507418341985,170.26594506563904,178.93757014261882,168.6934445144322,178.57579853307851,168.80606001609874,178.62872903501122,168.81318254758631,178.14848167069303,168.2689029821581,178.4031299979917,168.74774697687235,178.05893222464871,168.22401028703237,178.38038808316878,168.74119349159886,178.31286332411426,168.75238703637046,178.87537112712533,169.03162501503013,178.31286332411426,168.4619555129392,178.43331858510149,168.62298629884614,178.20141217262574,168.5788372640524,178.57579853307851,168.82841905660263,178.32831623158572,168.45180208529277,178.2224552277203,168.49669478041852,178.27538572965301,168.5715401184469,178.27538572965301,168.49669478041852,178.27538572965301,168.5715401184469,178.27538572965301,168.49669478041852,178.27538572965301,168.5715401184469,178.27538572965301,168.49669478041852,178.27538572965301,168.5715401184469,178.27538572965301,168.49669478041852,178.1027171945662,168.18093375682233,178.00600172271601,168.5788372640524,178.62872903501122,168.94815708975676,178.47079617956274,168.56213035113248,178.41786567763003,168.82841905660263,178.85432807203074,169.30116790186108,178.74846706816533,168.49669478041852,178.14019478902745,168.60627938592623,178.43331858510149,168.47866242585911,178.20141217262574,168.72316113703943,178.4031299979917,168.29348882199102,178.05893222464871,168.67826844191367,178.43331858510152,168.40667336987167,178.08726428709474,168.48431455344311,178.27538572965301,168.58392034542231,178.43331858510149,168.59326967623892,178.20141217262574,168.70080209653551,178.48539043668455,168.16137056186153,177.9612188784844,169.27047159862644,179.10082874162833,168.001870616356,177.57137961056017,169.43789817244937,179.24961606506159,167.43728419563496,178.09194272589855,172.00608016192476,172.73082735535627,174.37461508064558,172.76730903678458
173.8394081206242,172.82469089022209,172.73865044945595,175.32006677308968,170.06200576687576,178.81374038552207,168.58850973825406,178.37382531436782,168.55722978813463,178.4935633475219,168.85937806672453,178.32117545891612,168.46818805821519,178.52347128815072,168.80739522756966,178.11859898320051,168.27058910481983,178.355745258404,168.62556862901866,178.05176369188482,168.3848569345011,178.4755667099534,168.6737101168967,178.05176369188482,168.33671544662303,178.47548329155813,168.8303106156859,178.44091349207019,168.76812383772426,178.58581155739779,168.6484840171349,178.05634213234865,168.18001673526908,178.02885230907049,168.37761568866443,178.14859034222459,168.45088506373955,178.14859034222459,168.37761568866443,178.14859034222459,168.45088506373955,178.14859034222459,168.37761568866443,178.14859034222459,168.45088506373955,178.14859034222459,168.37761568866443,178.14859034222459,168.45088506373955,178.14859034222459,168.37761568866443,178.08625007297749,168.3098604946652,178.21084719307646,168.76812383772426,178.70554959055195,168.91935234560538,178.37865664121833,168.42959852781931,178.25891860806422,168.6484840171349,178.67564164992314,169.18001673526908,178.64815182664498,168.37761568866443,177.98942342263769,168.49178530578095,178.47548329155813,168.67524075652798,178.44091349207019,168.92319369688221,178.52347128815072,168.35238958890264,178.11859898320051,168.72559474348685,178.47548329155819,168.44143131882211,178.08167163251358,168.4279696756233,178.14859034222454,168.40053107678071,178.26349704852808,168.49562665705778,178.22892724904023,168.83193946788194,178.56290017458352,168.13187524739104,177.86260541327388,169.16893413815561,179.10644122580624,168.11389039346588,177.7131289074824,169.55067040174751,179.28124723176265,167.40930296224863,178.08828559203889,172.03090214017632,172.79794288782483,174.51918241068401,172.96833756001533
176.84118955096349,175.63507418341996,175.32006677309059,177.73673397956352,172.31713494381725,181.1360996813107,170.71338863038281,180.56288671052053,170.58761418348968,180.75829716043029,171.15544117240665,180.86415816429567,170.91933845967381,181.03596804903287,171.11129213761291,180.58648727569309,170.67591225307717,180.98303754710017,171.14273210117955,180.63941777762579,170.76421032266467,180.98303754710017,171.05443403159208,180.58648727569309,170.73277035909805,180.98303754710017,171.17812220503458,180.91708866622841,171.10864367007591,181.03596804903287,170.92198692721081,180.4806262718277,170.53349318729516,180.61581721245327,170.88724765973151,180.811227662363,170.97554572931898,180.81122766236297,170.88724765973151,180.811227662363,170.97554572931898,180.81122766236297,170.88724765973151,180.811227662363,170.97554572931898,180.81122766236297,170.88724765973151,180.811227662363,170.97554572931898,180.81122766236297,170.88724765973151,180.75829716043029,170.85580769616487,180.86415816429567,171.21897193591562,181.2313784989426,171.25371120339497,180.8641581642957,170.82106842868552,180.75829716043029,170.92198692721081,181.00663811227273,171.38285900386347,181.08889855096558,170.76750962657738,180.53355677376041,170.89995673095862,180.98303754710014,171.01093583317402,180.91708866622841,171.27583004193644,180.98303754710014,170.63506252219616,180.53355677376041,171.03240383533984,181.03596804903285,170.99822676194688,180.8641581642957,171.07655287013355,180.81122766236297,170.78624051891688,180.70536665849758,170.74482859394945,180.63941777762579,171.16211382989474,181.06529798579302,170.50205322372855,180.33241695226309,171.48377750238873,181.60432820517707,170.53414402367088,180.31939857332404,172.03954625645426,181.8583985286071,169.77974893417812,180.67516016479578,174.62043046451137,175.47165239739914,177.24751940879105,175.63286443925367
171.8683507054883,170.60052562386372,170.17233403271524,172.31713494381637,166.90143048478689,175.32684842798363,165.15268857552783,174.66666865012056,165.00702501529267,174.89673494911435,165.67313869654856,175.12680124810822,165.52747513631337,175.28596816769505,165.63223845450716,174.8573060626816,165.35969382784594,175.47913487609628,166.02831501960458,175.23928983706122,165.65184869223663,175.55472387445667,165.92355516980248,175.11955180390709,165.48574021356828,175.26714863306631,165.63140030541177,175.0345530382323,165.56921352745013,175.27655840038062,165.56921352745013,174.91481500507814,165.3605319769413,175.1843101905047,165.77789507795896,175.41437648949855,165.880982097962,175.41437648949855,165.77789507795896,175.41437648949855,165.880982097962,175.41437648949855,165.77789507795896,175.41437648949855,165.880982097962,175.41437648949855,165.77789507795896,175.41437648949855,165.880982097962,175.41437648949855,165.77789507795896,175.30404822365884,165.63140030541177,175.23712951394788,165.81879532000036,175.50662469937447,165.8400818559206,175.21180001378298,165.56921352745013,175.18431019050473,165.56921352745013,175.23712951394785,165.880982097962,175.38688666622036,165.50702674948852,175.00922353806737,165.65268684133201,175.26714863306626,165.46445367764804,175.03455303823225,165.73616015521387,175.16623013454091,165.15268510713616,174.73756802952747,165.56837884674644,175.38688666622036,165.81963000070408,175.50878502248776,166.06921526164598,175.41437648949858,165.58966191427501,175.09931142482995,165.34008359011645,174.866715829996,165.67313522815687,175.3413167869783,165.19442349827293,174.71911900083677,166.11095018439107,175.88681712336762,165.17229881325733,174.68185043751726,166.67481152634761,176.19574119522699,164.50535045129777,175.13476412071131,169.36053891372467,170.23820487433051,171.93570791234691,170.28044017802466
180.54591311529848,179.25988465148862,178.8712215678253,181.1360996813107,175.41184719365927,184.27410605227638,173.6243439391381,183.70089308148621,173.59007822345583,183.94923403332868,174.18613451431602,184.05509503719406,173.92180249963991,184.17397441999856,174.02224744636817,183.77742414859148,173.8903625360733,184.59412525657817,174.66357716019488,184.3034359890365,174.19064684869079,184.59412525657817,174.45554105745327,184.10802553912677,173.95663040940858,184.17397441999853,173.9874195365995,183.86697359463579,173.94327050180576,184.22690492193124,174.12051747735643,184.00216453526136,173.95992971332129,184.22690492193124,174.28835468559271,184.42231537184097,174.4019822553451,184.42231537184097,174.28835468559271,184.42231537184097,174.4019822553451,184.42231537184097,174.28835468559271,184.42231537184097,174.4019822553451,184.42231537184097,174.28835468559271,184.42231537184097,174.4019822553451,184.42231537184097,174.28835468559271,184.27983542386394,174.07966774647539,184.09171398130567,174.11110771004203,184.22690492193124,174.04492847899607,184.00216453526136,174.03551871168165,184.22690492193124,174.12051747735643,184.14464448323838,174.18999601231511,184.17397441999853,173.84630214356886,183.91261508921707,174.12381678126917,184.12104391806582,173.70049513158483,183.7244936466588,174.00012860782664,184.03149447202151,173.62160682931176,183.7244936466588,174.07901691009971,184.31645436797555,174.18734754477811,184.38569642772939,174.51239916347413,184.42231537184097,174.17793777746368,184.17397441999856,173.85836037842031,183.77742414859148,174.05424960402115,184.29285380280299,173.72591327403907,183.76440576965246,174.68230805253435,184.83188402218707,173.45160929796219,183.42078600017811,175.04491009819873,185.12257328972868,172.88097114955622,184.01759953614086,177.9235187936257,178.83839498350403,180.61566535463265,178.87642327268878
169.93717964867241,168.78706586735146,168.49956622089908,170.71338863038159,165.36137012603669,173.80159091468738,163.86388283912697,173.47023561123015,163.98574194776413,173.70971167753834,164.40561949606791,173.62687323497687,164.00702848368437,173.67281208694575,164.09217809575696,173.33204854938538,164.07088809144506,174.18178333868053,164.77873669544601,173.79943059157412,164.21654818328855,174.01394613044425,164.44568158901393,173.5693642925803,164.02915316869996,173.69163162157454,164.11262648258182,173.44962625942617,164.09133994666161,173.80195988741426,164.30002149717043,173.62687323497684,164.11262648258185,173.70971167753834,164.27873496125019,173.82944971069244,164.38349481105232,173.82944971069244,164.27873496125019,173.82944971069244,164.38349481105232,173.82944971069244,164.27873496125019,173.82944971069244,164.38349481105232,173.82944971069244,164.27873496125019,173.82944971069244,164.38349481105232,173.82944971069244,164.27873496125019,173.70971167753834,164.11262648258185,173.50713520182273,164.02915316869996,173.47964537854455,163.84175815411137,173.32988822627206,164.09133994666161,173.80195988741426,164.30002149717043,173.62687323497684,164.11262648258182,173.47964537854455,163.75828484022949,173.32988822627206,164.17481326054346,173.57189358842044,163.69609806226785,173.12731175055646,163.98741824595487,173.56248382110604,163.86220654093623,173.42429675926124,164.30085964626579,173.80195988741426,164.09050179756622,173.65220273514177,164.36304642422743,173.82944971069247,164.29918334807505,173.7672206199349,164.02999131779532,173.32263878207095,164.11178833348646,173.82256923921821,163.92523146799323,173.41235769610668,164.82047161819114,174.27656084439658,163.42522973379741,172.79993865000642,164.94568332320978,174.49758634880288,162.9652900925476,173.36352057557076,167.53166935018191,168.37542348129401,170.08293956604081,168.50950837080126
179.52229108240462,178.3649351756975,178.13918057491105,180.56288671052056,174.95424389151174,184.03149447202156,173.68222185426148,183.96798178385529,173.94494114728397,184.12677328965347,174.1336841635997,183.84910240105083,173.65736590589358,183.91505128192264,173.75781085262187,183.48188206640393,173.63533570964137,184.29858317439061,174.30689235657269,183.81977246429068,173.6661248368323,184.02091228578803,173.89627977811546,183.62436201438098,173.63468487326571,184.02091228578803,174.01996795155796,183.95496340491627,174.01055818424356,184.21632273569776,174.08614718260395,183.90203290298356,173.7323927101676,183.79617189911815,173.75442290641982,183.84910240105086,173.85213074332171,183.84910240105086,173.75442290641982,183.84910240105086,173.85213074332171,183.84910240105086,173.75442290641982,183.84910240105086,173.85213074332171,183.84910240105086,173.75442290641982,183.84910240105086,173.85213074332171,183.84910240105086,173.75442290641982,183.79617189911815,173.7323927101676,183.70662245307383,173.64409464058011,183.60076144920842,173.40066843398347,183.51850101051556,173.79857194121354,184.07384278772074,173.97581891676424,183.81248345693925,173.7323927101676,183.69031089525274,173.42269863023569,183.57143151244827,173.89627977811546,183.93136283974371,173.55579657099264,183.5714315124483,173.85543004723442,183.96798178385529,173.67948474443514,183.81248345693928,174.12097509237259,184.07384278772074,173.65341576560519,183.66098095849262,173.77589090858567,183.84910240105083,173.83066274115589,183.93136283974371,173.7136618178281,183.62436201438098,173.90955104342896,184.13979166859249,173.58121471344688,183.61134363544193,174.53760949194216,184.58927244193225,173.1043342616544,183.02667192147663,174.71355479474141,184.79041226342952,172.51777638039789,183.39145606341805,177.08319223843358,177.9345806221786,179.80340507445428,178.26874523983847
169.55273901777463,168.48374550722855,168.30764799558423,170.58761418348868,165.25660680784293,173.91239273232455,164.2566102762346,174.06467918043717,164.5904965949787,174.09216900371536,164.52747860470507,173.70293578513471,164.1109467159994,173.83461288144338,164.21571003419319,173.32311233386844,163.96445194345222,174.03718935715898,164.61178659929061,173.62009734257319,164.04792525733407,173.82520311412898,164.25744495693829,173.50035930941911,164.13139857121595,174.05526941312277,164.69442176407711,174.1196588269936,164.69442176407711,174.29474547943104,164.67313522815689,173.91492202816474,164.23615842101805,173.68485572917092,164.15268510713619,173.68485572917092,164.23615842101805,173.68485572917092,164.15268510713619,173.68485572917092,164.23615842101805,173.68485572917092,164.15268510713619,173.68485572917092,164.23615842101805,173.68485572917092,164.15268510713619,173.68485572917092,164.23615842101805,173.68485572917092,164.15268510713619,173.68485572917092,164.23615842101805,173.68485572917092,164.15268510713619,173.56511769601678,163.96529009254758,173.592607519295,164.42355343560666,174.0646791804372,164.42355343560666,173.71234555244911,164.23615842101805,173.76769417173239,164.13139857121595,173.71234555244911,164.52831328540876,174.06467918043722,164.31879358580454,173.82267381828885,164.5905000633704,174.06467918043722,164.2566068078429,173.82267381828882,164.65268684133201,174.06467918043722,164.19442002988129,173.59260751929503,164.19442349827295,173.68485572917095,164.19442002988129,173.77710393904684,164.19442349827295,173.6548366100526,164.52747513631337,174.1294375670349,164.04876340642946,173.50723978089334,164.96529009254758,174.56460963758445,163.77705692886363,173.17298620886905,165.29918334807505,174.76320544360419,163.09049486078288,173.28550532722957,167.23449252800236,168.00912262958261,169.8137031451503,168.4487683014886
179.56160879034778,178.48624908703425,178.38323508168321,180.75829716043029,175.00706321495491,184.0917139813057,173.82944971069384,184.17970379158612,174.09216900371632,184.04451285096059,173.86418897817319,183.62436201438095,173.57452746333215,183.93136283974371,173.78530067590009,183.34669112577836,173.36584052421486,184.02091228578803,174.10431588085709,183.73022301824636,173.66612483683235,184.02091228578803,173.89627977811548,183.67729251631366,173.75442290641982,184.21632273569773,174.25003425055183,184.15037385482597,174.1302962173977,184.32218373956314,174.20588521575806,184.09744335289327,173.96245900916145,183.99158234902785,173.87416093957395,183.90203290298354,173.85213074332174,183.84910240105083,173.75442290641985,183.84910240105083,173.85213074332174,183.90203290298354,173.87416093957395,183.99158234902785,173.96245900916145,183.90203290298354,173.76383267373424,183.90203290298354,173.96245900916145,183.99158234902785,173.87416093957395,183.90203290298354,173.85213074332174,183.90203290298354,173.87416093957395,183.93865184709514,173.84272097600734,184.00789390684895,174.21529498307248,184.32218373956314,174.02863824020741,183.909321910335,173.96245900916142,184.12677328965341,173.93166988197052,184.00789390684898,174.21859428698519,184.35880268367475,174.10817737885617,184.15037385482597,174.27215308909334,184.12677328965341,173.62197580203863,183.766841962358,174.13905514833641,184.26925323763044,173.98514004178935,184.00789390684898,174.07287591729047,184.04451285096056,173.88348206459906,183.99158234902788,173.86088967426045,183.9785639700888,174.37909340873102,184.44106312236764,173.60870453672513,183.52908319674907,174.48010054954563,184.78468289184195,173.51164753619892,183.46313431587731,175.0452790709256,184.98582271333925,172.62810464623763,183.53393601139501,177.20293027158777,177.98751112411134,179.80340507445428,178.26874523983844
169.72519340564239,168.81318254758577,168.85937806672425,171.1554411724054,165.67313869654856,174.18613451431463,164.40561949606789,174.13368416359839,164.52747860470507,173.8641889781718,164.19693794555906,173.45903602674059,164.02831501960458,173.89420809729015,164.36304642422741,173.3667878168647,163.86220654093623,173.89420809729015,164.52915490289578,173.68910232573441,164.21654818328855,174.01394613044425,164.44568158901393,173.68910232573441,164.30002149717043,174.13368416359836,164.63307660360252,173.89167880144998,164.36220827513205,174.04143595372247,164.57088982564088,174.06892577700069,164.63307660360252,174.15176421956218,164.54960328972066,173.94918774384658,164.38349481105229,173.82944971069247,164.27873496125019,173.82944971069247,164.38349481105229,173.94918774384658,164.54960328972066,174.15176421956218,164.63307660360252,173.94918774384658,164.30002149717043,173.94918774384658,164.63307660360252,174.15176421956218,164.54960328972066,173.94918774384658,164.38349481105229,173.94918774384658,164.54960328972066,174.15176421956218,164.63307660360252,174.18866381015479,164.84175815411135,174.36375046259218,164.61179006768228,174.00200706728972,164.63307660360252,174.21868292927317,164.50870304767926,173.97667756712477,164.69526338156416,174.35434069527778,164.73699830430925,174.18866381015479,164.73783645340461,173.92169792056836,163.92439331889784,173.5693642925803,164.55044143881602,174.2440124294381,164.63223845450716,174.18866381015479,164.84259630320673,174.27150225271629,164.61095191858692,174.15176421956218,164.57172797473626,174.21615363343301,165.17397511144807,174.59634605742616,164.1960997964637,173.47458678686425,164.88265839615275,174.71861338642043,164.15436140532691,173.53897620073505,165.48741998015069,174.84739068095081,163.21487188509781,173.6858350844405,167.80253767865236,168.49516151444809,170.08293956604081,168.50950837080126
179.01444271631863,178.14848167069317,178.32117545891703,180.8641581642957,175.12680124810896,184.05509503719412,173.62687323497821,183.90203290298354,173.82267381828973,183.76684196235803,173.56936429258167,183.31007218166675,173.31444204521992,183.79617189911818,173.80338073186388,183.31007218166675,173.1726738158136,183.65369195114113,173.71508266227639,183.45255212964381,173.49103818439494,183.84910240105086,173.746522625843,183.45255212964381,173.4595982208283,183.75955295500654,173.6676343235699,183.3996216277111,173.3265002800714,183.57143151244827,173.62348528877615,183.73022301824639,173.8702107992855,183.95496340491627,173.79132249701243,183.67729251631368,173.58263555789514,183.62436201438098,173.57933625398243,183.67729251631368,173.70237359104925,183.81977246429071,173.90165076285214,184.00789390684898,173.87962056659993,183.67729251631368,173.49433748830765,183.766841962358,173.98994883243964,184.00789390684898,173.79132249701243,183.62436201438098,173.46289752474104,183.62436201438098,173.79132249701243,183.95496340491627,173.8702107992855,183.87270296622341,173.94579979764586,184.09744335289329,173.94579979764586,183.92563346815612,173.98994883243961,183.90203290298356,173.45959822082833,183.45255212964381,173.746522625843,184.04451285096056,173.93309072641875,183.83608402211181,173.80008142795114,183.57143151244824,173.14990414089641,183.45255212964381,173.963968495899,184.09744335289327,173.83538288951684,183.92563346815612,174.10036574056863,184.15037385482597,174.00322009775311,184.04451285096059,173.86088967426042,184.03149447202154,174.4988314418851,184.49399362430034,173.51645632684921,183.25141230814648,174.10027709827932,184.41746255719505,173.21682285060737,183.09591398123044,174.57320740978338,184.52003038217839,172.35860946081104,183.55024756921617,177.41707683773097,178.09337212797672,179.64693691869897,177.87804732156459
169.05648222587538,168.26890298215756,168.46818805821499,170.91933845967276,165.5274751363134,173.92180249963891,164.00702848368437,173.77710393904675,164.3818150444699,173.89684197220083,164.27789681215484,173.42477031105867,163.92355170141082,173.86935214892264,164.46529182674342,173.42477031105869,163.73615668682223,173.54703764005293,164.13223672031131,173.42477031105869,164.06921179325431,173.86935214892264,164.31963173489993,173.42477031105869,163.88181677866572,173.54703764005296,163.98657662846782,173.19470401206485,163.69442176407711,173.36979066450223,163.9652900925476,173.51701852093458,164.23615842101805,173.78651370636121,164.17397164305643,173.51701852093464,164.02747687050922,173.60926673081053,164.17397164305643,173.72900476396464,164.29834519897969,173.83933302980435,164.42355343560666,173.90625173951531,164.25744495693829,173.51701852093464,163.94400355662737,173.71959499665024,164.50702674948852,173.90625173951531,164.17397164305643,173.39728048778053,163.75660854203875,173.39728048778053,164.17397164305643,173.78651370636118,164.23615842101805,173.62734678677427,164.21487188509784,173.8968419722008,164.4448399715269,173.93374156279344,164.50702674948852,173.692105173372,163.67313522815689,173.13719506966828,164.0700499423497,173.87876191623707,164.34008012172478,173.63675655408869,164.13223672031134,173.48952869765634,163.79834346478384,173.63675655408866,164.67397337725225,174.10882821523089,164.25660680784293,173.74708481992835,164.46529182674342,174.01658000535494,164.46528835835176,173.8968419722008,164.19442349827295,173.77457464320665,164.79834346478384,174.3414238100649,164.04876340642946,173.2196645395029,164.50702674948852,174.1667061303543,163.5274751363134,172.86733091151478,164.84092000501599,174.29838322666302,162.88181331027405,173.50690133757385,167.7353289429019,168.34084690576671,169.74427512135199,168.02193953338769
179.30880057653104,178.40312999799178,178.52347128815171,181.03596804903287,175.28596816769587,184.17397441999856,173.67281208694715,184.11046173183232,174.2766654234681,184.45737468018874,174.30152137183603,183.99158234902785,173.90409141640296,184.44106312236764,174.45269936855675,183.90203290298354,173.55033694396664,183.91505128192262,173.95708802442476,183.90203290298354,174.04594828809863,184.44106312236764,174.31084249686111,183.90203290298354,173.69219381566231,183.96798178385532,173.93496918588323,183.84910240105083,173.85608088361016,184.020912285788,173.89082015108949,183.90203290298354,174.01996795155802,184.21632273569773,174.07673741528959,183.99158234902785,173.94437895319763,184.12677328965341,174.13424635768615,184.26925323763044,174.26669346206734,184.32218373956314,174.25398439084023,184.26925323763044,174.05470721903734,183.93865184709514,173.84667111629577,184.12677328965341,174.23195419458801,184.12677328965341,173.84667111629577,183.74324139718541,173.61265467701352,183.79617189911812,173.96640914944987,184.12677328965341,174.01996795155799,183.99158234902785,174.0011484169292,184.21632273569773,174.18780515979427,184.28556479545153,174.34228246042773,184.11046173183232,173.51494684011163,183.57143151244827,173.98852798799138,184.35151367632329,174.16568632125274,183.99158234902788,173.94767825711034,183.96798178385529,173.77173295431106,184.17970379158615,174.61112680947858,184.49399362430032,173.95765021851113,183.99158234902788,174.15571435985197,184.26925323763044,174.15297725002563,184.07384278772074,173.71366181782813,183.81977246429068,174.35160358545281,184.61287300710481,173.86878995483727,183.66427413737463,174.46202049358183,184.67882188797654,173.38249973573042,183.30434281007919,174.81521277193178,184.84334276536222,172.72035285611352,183.95408684797462,177.8128200218479,178.46059246262365,179.96246081555157,178.14900720668433
169.64955389612163,168.74774697687184,168.80739522756937,171.11129213761163,165.63223845450716,174.02224744636678,164.09217809575694,173.98787715161436,164.73616015521389,174.40460019347321,164.8425963032067,174.04285679817076,164.52747860470504,174.48743863603471,165.02999131779532,173.93252853233105,164.09050179756622,173.86813911846022,164.46696812493414,173.93252853233105,164.65352499042737,174.48743863603471,164.90394493207299,173.93252853233105,164.21654818328855,173.98787715161433,164.61179006768228,174.13510500804665,164.75828484022949,174.28486216031911,164.54960328972066,173.93252853233105,164.57088982564088,174.31019166048404,164.77789854635066,174.13510500804665,164.59217636156112,174.19261395044322,164.71571176838901,174.30294221628293,164.84175815411135,174.31235198359732,164.73699830430925,174.21794345060815,164.61179006768228,174.01536697489254,164.48741651175902,174.08228568460351,164.57088982564088,173.89562894173844,164.25744842532995,173.78530067589872,164.32130803309065,173.90503870905283,164.52831675380042,174.10761518476843,164.57088982564088,174.02477674220694,164.54960328972066,174.10761518476843,164.54960328972066,174.13510500804665,164.82047161819111,174.165124127165,164.21654818328855,173.72054228930102,164.63307660360252,174.36770060288063,164.65352499042737,173.92311876501665,164.44568158901393,173.953137884135,164.32046988399529,174.10036574056733,164.98741824595484,174.27545239300474,164.29918334807505,173.81279049917694,164.55044143881602,174.10761518476843,164.54876514062528,173.87754888577462,164.02999131779532,173.55270508106477,164.63223845450716,174.43245898947831,164.38349481105229,173.72742276077528,165.09133994666158,174.78479261746639,164.11178833348646,173.48541739862691,165.42523320218905,174.89765017914624,163.42355343560664,174.07432882435614,168.28041472783258,168.89306502167818,170.30349788515548,168.57322060055577
179.01444271631863,178.05893222464886,178.11859898320142,180.58648727569312,174.8573060626824,183.77742414859154,173.33204854938671,183.67729251631366,173.76516487589316,183.87270296622344,173.77410109141056,183.55841313350919,173.57924761169309,184.09744335289332,174.12785556384688,183.55841313350919,173.22549313925677,183.57143151244827,173.63224421971489,183.55841313350919,173.72110448338873,184.09744335289329,173.98599869215121,183.55841313350922,173.36735001095241,183.766841962358,173.93243989004304,183.97856397008883,174.03079856332064,184.00789390684898,173.65822455625548,183.59503207762083,173.77796258940961,184.150373854826,174.14112682916036,183.97856397008883,173.82211162420336,183.87270296622339,173.80940255297625,183.92563346815612,173.94184965735747,183.92563346815609,173.80940255297625,183.87270296622341,173.82211162420336,183.78315352017907,173.69907428713654,183.73022301824639,173.61012538117336,183.48917107375539,173.40208927843176,183.58774307026937,173.67704409088432,183.73022301824636,173.72440378730147,183.81977246429071,173.78737235672401,183.83608402211181,173.85355158776997,183.81977246429071,173.56597634637959,183.64796257955354,173.89770062256372,183.95496340491627,173.5793362539824,183.55841313350922,173.86626065899711,184.09744335289327,173.84084251654286,183.70089308148624,173.74257248555458,183.67729251631366,173.3546409397253,183.50548263157651,173.78672152034832,183.62436201438095,173.19075387177745,183.36300268359949,173.72054228930236,183.87270296622339,173.81872367800133,183.67729251631371,173.27848974727854,183.33367274683931,173.9070217475888,184.21632273569776,173.5439461501274,183.3572733120119,174.22001513143343,184.47039305912776,173.21682285060737,183.09591398123044,174.57320740978341,184.5729608841111,172.47834749396515,183.7456580191259,177.64714313672482,178.28878257788645,179.76667495185308,177.9309778234973
169.13212173539611,168.22401028703177,168.27058910481963,170.67591225307604,165.35969382784594,173.89036253607222,164.07088809144506,173.75507374279445,164.23532027192269,173.68815503308349,164.11178833348646,173.40274011480639,164.0070250152927,173.95765021851005,164.54876514062528,173.5130683806461,163.81963000070408,173.63533570964034,164.21571003419319,173.5130683806461,164.15268510713619,173.95765021851005,164.40310504878178,173.5130683806461,163.96529009254758,173.86540200863419,164.5905000633704,174.01262986506646,164.50702674948852,173.86540200863411,164.04876340642946,173.50365861333168,164.29834519897969,174.16238701733897,164.73699483591759,174.01262986506654,164.36053197694133,173.80789306623765,164.25744495693829,173.81730283355202,164.38181851286157,173.80789306623763,164.23615842101805,173.7825635660727,164.34091827082017,173.78256356607272,164.23615842101805,173.68815503308355,164.1109501843911,173.48557855736794,163.98657662846782,173.66282553291859,164.31963173489993,173.7731537987583,164.23615842101805,173.77315379875827,164.31963173489993,173.89289183191235,164.50702674948852,173.86540200863411,164.04876340642946,173.51306838064608,164.31963173489993,173.95765021851008,164.23615842101805,173.63280641380018,164.40310504878178,174.07738825166419,164.42355343560666,173.84479265683018,164.48657836266366,173.78981301027375,163.88181677866572,173.31774134913158,164.02831501960461,173.34776046824999,163.54876167223361,173.28300208165226,164.29918334807508,173.98514004178824,164.5274751363134,173.86540200863411,164.02831501960461,173.54055820392426,164.61094845019525,174.30998384649814,164.13223672031134,173.29855284177592,164.56921352745016,174.22026493246241,163.57004820815385,172.92088971362287,164.90310678297763,174.36786176162164,162.94400008823567,173.56046013968199,167.77790201474235,168.38499594056046,169.79458513070779,168.07796533678726
179.38894025526093,178.38038808316887,178.35574525840499,180.98303754710017,175.47913487609708,184.59412525657817,174.18178333868192,184.35151367632329,174.156927390314,184.16339223376505,174.00453636313122,183.84910240105083,173.87876191623803,184.44106312236764,174.47802886872168,184.04451285096056,173.84732195267142,184.29858317439061,174.27940253329447,184.04451285096056,174.04594828809863,184.44106312236764,174.31084249686111,183.99158234902788,173.89477029137791,184.35151367632332,174.44394043761801,184.32218373956317,174.16898562516548,184.11046173183234,173.78049188524977,183.84910240105086,174.10280639411951,184.49399362430034,174.46597063387026,184.32218373956317,174.14695542891323,184.21632273569776,174.13424635768612,184.26925323763047,174.26669346206737,184.21632273569776,174.01450832453202,184.07384278772074,174.03662716307352,184.07384278772074,174.01450832453204,184.11046173183234,174.02721739575912,183.98429334167642,173.91358982600673,184.16339223376505,174.24787392743855,184.21632273569776,174.03332785916083,184.07384278772074,174.01780762844473,184.21632273569776,174.35564236803054,184.35151367632332,173.98306836096538,183.99158234902788,174.22254442727362,184.44106312236764,174.13424635768612,184.04451285096059,174.19110446370698,184.44106312236764,174.25793453112863,184.32218373956317,174.44723974153075,184.29858317439061,173.77173295431106,183.79617189911815,173.99182729190409,183.91505128192259,173.51559767648732,183.79617189911815,174.24796256972783,184.54692412623302,174.53280070129188,184.44106312236764,174.00848650341962,184.09744335289327,174.62109877087937,184.8905438957074,174.0713664305529,183.70089308148624,174.3422824604277,184.48341143806681,173.15243343673657,183.10893236016949,174.69547473877768,184.73748176149681,172.60061482295941,183.75867639806492,177.58275372285405,178.26518201271392,179.84272278239746,178.09607670475162
169.75520432639621,168.7411934915983,168.62556862901837,171.14273210117827,166.02831501960458,174.66357716019351,164.77873669544601,174.30689235657135,164.61178659929061,174.10431588085572,164.52915490289578,173.83482069542919,164.40310504878178,174.39914056644724,164.98741824595484,174.0742967617374,164.48657836266364,174.39914056644724,164.90394493207299,174.07429676173737,164.57005167654552,174.39914056644724,164.82047161819111,173.95455872858327,164.3826566619569,174.19656409073164,164.75828484022949,174.04680693845916,164.44484343991854,173.89957908202686,164.21654818328855,173.73390219690384,164.48741651175902,174.22189359089657,164.69442523246877,174.04680693845921,164.50870304767926,174.10431588085578,164.63223845450713,174.21464414669549,164.75828484022949,174.10431588085578,164.3826566619569,173.807330872151,164.27873496125019,173.807330872151,164.3826566619569,173.98457784770167,164.48741651175902,173.90173940514018,164.40394319787714,174.12964538102071,164.77789854635066,174.1390551483351,164.42522973379738,173.81674063946537,164.25744842532995,173.92706890530505,164.67481152634761,174.19656409073164,164.46612997583878,173.95455872858327,164.73699830430925,174.39914056644724,164.65352499042737,173.95455872858327,164.54960328972064,174.18715432341725,164.57005167654552,174.12239593681954,164.82047161819111,174.15241505593792,164.2369965701134,173.80008142794983,164.63307660360252,174.06741629026314,164.21571003419317,173.83482069542916,164.7165499174844,174.42663038972546,164.94484170572272,174.30689235657132,164.44568158901393,173.98204855186148,165.02831501960458,174.75147419443533,164.54960328972064,173.63912469118779,164.75828484022949,174.28918127333441,163.54876514062528,172.98980605449492,165.09217809575696,174.58869557787935,163.09049832917455,173.57871748022419,167.71739153497143,168.40686344486062,169.98231954732918,168.39745676400213
179.48297337446138,178.3128633241144,178.05176369188572,180.63941777762582,175.23928983706199,184.30343598903653,173.79943059157546,183.81977246429068,173.62009734257413,183.73022301824639,173.68910232573575,183.50548263157648,173.54450834421377,184.09744335289329,174.1625948313262,183.75382358341892,173.63280641380126,184.09744335289329,174.07429676173871,183.75382358341892,173.72110448338876,184.09744335289329,173.98599869215121,183.55841313350922,173.36735001095244,183.62436201438098,173.61012538117336,183.50548263157651,173.53123707890029,183.67729251631368,173.56597634637961,183.50548263157651,173.57538611369401,183.73022301824639,173.64156534473997,183.59503207762083,173.61012538117336,183.73022301824639,173.69907428713654,183.7831535201791,173.82211162420336,183.73022301824639,173.48708804410654,183.3996216277111,173.32255013978298,183.3996216277111,173.48708804410654,183.58774307026937,173.49979711533365,183.3996216277111,173.40208927843176,183.73022301824639,173.90711038987814,183.7831535201791,173.52182731158587,183.3996216277111,173.28781087230362,183.45255212964381,173.64156534474,183.67729251631368,173.4556480805399,183.55841313350922,173.89770062256372,184.09744335289327,173.80940255297625,183.55841313350922,173.5439461501274,183.62436201438095,173.43352924199837,183.50548263157651,173.70783321807525,183.62436201438095,173.26964217405052,183.50548263157651,173.963968495899,183.95496340491624,173.51306838064716,183.50548263157651,173.72054228930236,183.87270296622339,173.81872367800133,183.67729251631368,173.27848974727854,183.33367274683931,173.90702174758883,184.21632273569776,173.5439461501274,183.26772386596758,174.01743865571783,184.13979166859247,172.8275896320267,182.76531259069515,174.3706309340678,184.34093149008976,172.15603298509544,183.27257668061358,177.14758165230444,177.95818118735116,179.72735724390989,178.10364635858411
169.94670058308071,168.7523870363699,168.3848569345009,170.7642103226635,165.65184869223665,174.19064684868965,164.21654818328858,173.66612483683116,164.0479252573341,173.66612483683113,164.21654818328858,173.4910381843938,164.06921179325431,174.04594828809749,164.6535249904274,173.72110448338762,164.15268510713619,174.04594828809749,164.57005167654552,173.72110448338762,164.23615842101805,174.04594828809749,164.48657836266366,173.4910381843938,163.79918161387923,173.426648770523,163.92355516980248,173.37130015123967,164.09133647826994,173.84337181238183,164.38181851286157,173.68420489279498,164.13223672031131,173.64079533666629,164.09133647826994,173.57387662695535,164.17313696235271,173.66612483683124,164.09133647826994,173.58328639426969,164.19442349827295,173.66612483683119,164.0700499423497,173.46354836111558,163.94484170572272,173.46354836111558,164.0700499423497,173.55579657099153,163.94484170572272,173.27689161825057,163.84008185592063,173.64079533666632,164.38349134266062,173.75112360250597,164.08966364847086,173.45413859380116,163.90394146368132,173.46354836111556,164.1109501843911,173.54638680367705,163.88265492776111,173.49103818439377,164.40310504878178,174.04594828809749,164.31963173489993,173.4910381843938,163.96612824164296,173.43605853783734,163.77789507795899,173.29571115287922,164.04960155552484,173.47079780531666,163.75660854203878,173.5257774518731,164.59133821246576,174.05535805541189,164.15268510713619,173.49103818439377,164.1330748694067,173.66612483683116,164.13139857121595,173.43605853783731,163.612624748386,173.11121473312747,164.21487188509784,173.99096864154106,163.96612824164296,173.27652264552361,164.65268684133201,174.30856300204982,163.65352152203573,173.00918778321028,164.98658009685948,174.33642179805494,162.75660507364708,173.32644370039966,167.61179353607398,168.4638842428335,170.23550150168819,168.73658374484143
180.14959683516363,178.87537112712545,178.47556670995434,180.98303754710017,175.55472387445747,184.5941252565782,174.01394613044562,184.020912285788,173.82520311412989,184.02091228578806,174.01394613044565,183.84910240105083,173.86935214892364,184.44106312236767,174.48743863603607,184.09744335289327,173.95765021851113,184.44106312236764,174.39914056644858,184.09744335289329,174.04594828809863,184.44106312236764,174.31084249686108,183.90203290298356,173.69219381566228,183.91505128192262,173.8152311527291,183.79617189911815,173.94832909348605,184.35151367632332,174.39038163550987,184.26925323763047,174.10280639411951,184.16339223376505,174.05865735932574,184.12677328965344,174.11221616143391,184.07384278772074,173.84667111629574,183.88572134516247,173.93496918588323,184.07384278772074,174.02391809184641,184.07384278772074,174.02721739575912,184.02091228578803,173.9041800586923,183.87843233781101,173.70490288688941,183.69031089525274,173.72693308314163,184.02091228578803,174.11221616143391,184.07384278772074,173.93891932617163,184.02091228578803,173.99247812827977,184.12677328965344,174.17839539247987,184.11046173183234,173.77108211793538,183.84910240105086,174.11221616143388,184.29858317439061,174.01450832453202,183.84910240105086,173.86878995483727,183.96798178385529,173.75837304670824,183.84910240105086,174.03267702278515,184.02091228578803,173.71422401191452,184.04451285096059,174.51887859960269,184.49399362430032,173.95765021851113,183.84910240105086,173.92564806085812,184.07384278772071,174.03323921687149,183.96798178385532,173.59392378467402,183.62436201438098,174.12153728645896,184.41746255719508,173.74905192168316,183.64796257955354,174.5448589361433,184.8140128286021,173.54166665531724,183.43953375070478,174.89805121449328,184.77410070560842,172.48087678980531,183.70574589613221,177.67500193272997,178.59578340324921,180.48476421479486,178.89147255213365
170.22076481506076,169.03162501502956,168.67371011689644,171.0544340315908,165.92355516980248,174.455541057452,164.44568158901393,173.89627977811423,164.25744495693829,173.89627977811421,164.44568158901393,173.74652262584172,164.3196317348999,174.31084249685981,164.90394493207299,173.98599869214996,164.40310504878178,174.31084249685981,164.82047161819111,173.98599869214993,164.48657836266364,174.31084249685981,164.73699830430925,173.86626065899583,164.29918334807505,173.9885279879901,164.40394319787714,173.74652262584172,164.36137012603669,174.21859428698392,164.86220654093623,174.25549387757653,164.65352499042737,174.15167557727301,164.61095191858692,174.13575584442248,164.63391128430621,174.01601781126837,164.34008359011645,173.82936106840324,164.40394319787714,174.01601781126831,164.57005167654552,174.12634607710802,164.65352499042737,174.00660804395395,164.29918334807505,173.68429353508424,164.13307486940667,173.69370330239866,164.32046988399529,173.92160927827916,164.4235569039983,173.83877083571767,164.34175641991553,174.01601781126831,164.63223845450716,174.24608411026207,164.86220654093623,174.21859428698386,164.36137012603669,173.74652262584169,164.40394319787714,173.98852798799012,164.29918334807505,173.74652262584169,164.46612997583878,174.09885625382981,164.48657836266364,174.03409786723211,164.73699830430925,174.18385501950459,164.42439158470202,174.15383590038618,165.07005341074134,174.42117076269955,164.40310504878178,173.74652262584169,164.36220827513205,174.01601781126828,164.61178659929061,174.09885625382975,164.34092173921181,173.77401244911991,164.69525991317249,174.34086161597818,164.19526164736831,173.54141685428593,164.92439331889784,174.60819647829149,163.94484170572272,173.30882125945195,165.25828657442531,174.61072577413165,163.00702501529267,173.60074767647643,167.8835000136398,168.73528841713204,170.50060114687213,168.98891626038287
179.48297337446138,178.3128633241144,178.05176369188575,180.58648727569312,175.11955180390788,184.1080255391268,173.56936429258167,183.62436201438095,173.50035930942002,183.67729251631371,173.68910232573577,183.45255212964378,173.42477031105966,183.90203290298359,173.93252853233238,183.55841313350919,173.51306838064716,183.99158234902788,173.95455872858463,183.55841313350919,173.49103818439494,183.90203290298356,173.86626065899713,183.64796257955354,173.68966451982214,183.95496340491627,173.78737235672403,183.50548263157651,173.44623831322551,183.766841962358,173.85355158777,183.83608402211181,173.78737235672403,183.87270296622339,173.84414182045558,183.87270296622341,173.78737235672403,183.73022301824636,173.61407552146176,183.67729251631368,173.66763432356996,183.67729251631366,173.61407552146176,183.73022301824639,173.78737235672406,183.67729251631368,173.40208927843176,183.29376062384569,173.26032104902544,183.44526312229232,173.58874602129683,183.62436201438098,173.48097758070486,183.34669112577839,173.30117077990647,183.53481256833666,173.6582245562555,183.87270296622341,174.0655378308,184.00789390684898,173.62348528877618,183.45255212964381,173.49038734801923,183.57143151244824,173.36735001095244,183.45255212964381,173.746522625843,183.95496340491624,173.82276246057907,183.92563346815612,174.11298616950646,184.09744335289327,173.7786134257853,184.03149447202154,174.39661127060842,184.23992330087029,173.63280641380126,183.45255212964381,173.48106622299417,183.67729251631366,173.80064362203751,183.90203290298356,173.64890343123042,183.55841313350919,173.88894169162501,184.02091228578803,173.30447008381918,183.16186286210217,174.01743865571783,184.13979166859247,172.8275896320267,182.76531259069515,174.3706309340678,184.34093149008976,172.15603298509544,183.27257668061358,177.14758165230447,177.95818118735116,179.72735724390989,178.10364635858411
169.48114009441613,168.46195551293863,168.33671544662283,170.7327703590968,165.48574021356828,173.95663040940735,164.02915316869996,173.63468487326449,164.13139857121595,173.75442290641857,164.30002149717043,173.4595982208271,163.88181677866572,173.69219381566106,164.21654818328855,173.36735001095121,163.96529009254758,173.89477029137669,164.38265666195693,173.36735001095121,163.79918161387923,173.69219381566108,164.29918334807505,173.68966451982092,164.40310504878178,174.1342463576849,164.48657836266366,173.57933625398121,163.96612824164296,173.63468487326449,164.19442349827295,173.66217469654273,164.23699657011343,173.84883143940783,164.42439158470202,173.86475117225837,164.2566102762346,173.66217469654276,164.17480979215179,173.72909340625372,164.21571003419319,173.54243666338866,163.94484170572272,173.55184643070305,164.23699657011343,173.64409464057894,163.94484170572272,173.25486142199827,163.75744669113413,173.43210839754894,164.15352325623155,173.60935537309962,163.96612824164296,173.22012215451892,163.67397337725225,173.31237036439478,163.96612824164296,173.66217469654268,164.46529182674342,173.93166988196924,164.17480979215179,173.4595982208271,164.00702848368437,173.51494684011041,163.88265492776108,173.4595982208271,164.29918334807505,173.93166988196933,164.34091827082017,173.90165076285092,164.63223845450716,174.07673741528831,164.31963173489993,174.021388796005,164.92439331889787,174.25398439083901,164.23615842101805,173.45959822082708,163.94567985481811,173.54243666338857,164.21487188509784,173.81193184881511,164.15436140532694,173.48708804410526,164.29834519897969,173.86728046809847,163.77873322705435,173.1347544161172,164.48657836266366,173.98954779709274,163.25744495693829,172.6901725782532,164.82047161819114,174.31439160180264,162.84007838752896,173.30441350414739,167.4456850574056,168.13545927056208,169.71721990214525,168.14512424846066
179.38894025526093,178.4333185851016,178.47548329155907,180.98303754710017,175.26714863306708,184.17397441999859,173.69163162157591,184.020912285788,174.05526941312371,184.21632273569779,174.13368416359972,183.75955295500651,173.54703764005393,183.96798178385532,173.98787715161569,183.76684196235797,173.86540200863524,184.35151367632332,174.19656409073298,183.62436201438095,173.42664877052414,183.91505128192262,173.98852798799138,183.95496340491627,174.1342463576861,184.44106312236764,174.22254442727359,183.90203290298356,173.78049188524977,184.02091228578803,173.96640914944985,183.93865184709517,173.93496918588323,184.17970379158615,174.26339415815463,184.26925323763047,174.04529745172294,183.93865184709517,173.85608088361013,183.98429334167642,173.90022991840391,183.74324139718544,173.55909587490535,183.79617189911815,174.01996795155802,184.12677328965344,173.96640914944985,183.79617189911815,173.61265467701352,183.74324139718544,173.84667111629574,183.93136283974371,173.7899016525642,183.65369195114113,173.55909587490535,183.69031089525274,173.68824367537388,183.84910240105086,174.01055818424359,184.07384278772074,173.85608088361016,183.84910240105086,173.9349691858832,184.02091228578803,173.81193184881641,183.90203290298356,174.09885625383109,184.21632273569776,173.99784911301646,184.09744335289329,174.26274332177894,184.21632273569773,173.8339620450686,184.09744335289332,174.51887859960269,184.54692412623302,174.07738825166524,183.90203290298359,173.83339985098223,183.93865184709514,173.97573027447493,184.07384278772076,173.79866058350291,183.67729251631366,173.94429031090829,184.13979166859249,173.54647544596756,183.55841313350922,174.45261072626741,184.53634193999952,173.16184320405097,183.1618628621022,174.80580300461739,184.87996170947383,172.72035285611352,183.81160689999766,177.58275372285405,178.26518201271392,179.84272278239746,178.09607670475165
169.40618596737616,168.62298629884557,168.83031061568568,171.17812220503333,165.63140030541177,173.98741953659828,164.11262648258182,174.01996795155674,164.69442176407711,174.25003425055053,164.63307660360252,173.66763432356871,163.98657662846782,173.93496918588201,164.61179006768228,173.93243989004185,164.59050006337037,174.44394043761679,164.75828484022949,173.61012538117214,163.92355516980248,173.81523115272793,164.40394319787714,173.78737235672281,164.48657836266364,174.2225444272724,164.57005167654552,173.77796258940842,164.29918334807505,174.01996795155674,164.50786489858388,173.87021079928428,164.36137012603669,174.07278727499997,164.75744669113411,174.25944401786506,164.59133821246576,173.87021079928439,164.27789681215481,173.84272097600618,164.32046988399529,173.64014450029057,164.02831501960458,173.75047276613029,164.57005167654552,174.25003425055067,164.75744669113411,174.04745777483507,164.32046988399529,173.75047276613029,164.27789681215481,173.84272097600615,164.32046988399529,173.7598825334446,164.29918334807505,173.84272097600606,164.29918334807505,173.75988253344457,164.32046988399529,173.84272097600606,164.27789681215481,173.87021079928428,164.59133821246576,174.13970598471093,164.48657836266364,173.98994883243842,164.65352499042737,174.1650354848758,164.46529182674342,173.98994883243833,164.67481152634761,174.01996795155674,164.13223672031131,173.77796258940839,164.73699830430925,174.34228246042653,164.59050006337037,173.98994883243839,164.54960328972066,174.08219704231428,164.5905000633704,174.05470721903603,164.27873496125019,173.61012538117205,164.40310504878178,174.08472633815444,164.1330748694067,173.66510502772852,165.09050179756622,174.63963644185816,163.88265492776108,173.34026122301862,165.42439505309369,174.96448024656806,163.46528835835176,173.95450214891281,168.04960849230815,168.65640011485897,170.05968477589175,168.33029785232873
179.0144427163186,178.20141217262585,178.44091349207119,180.91708866622841,175.0345530382331,183.86697359463582,173.44962625942753,183.95496340491624,174.11965882699451,184.15037385482603,173.89167880145138,183.39962162771107,173.19470401206584,183.84910240105086,174.13510500804799,183.9785639700888,174.01262986506754,184.32218373956317,174.04680693846052,183.50548263157648,173.37130015124083,183.79617189911815,173.74652262584303,183.50548263157648,173.57933625398243,183.90203290298356,173.77796258940964,183.59503207762083,173.6582245562555,183.95496340491627,173.91106053016657,183.73022301824639,173.58263555789514,183.766841962358,173.90165076285217,184.00789390684898,173.87962056659995,183.73022301824636,173.61407552146179,183.766841962358,173.77796258940967,183.67729251631366,173.50374725562207,183.67729251631368,173.87021079928556,184.09744335289327,174.11363700588217,184.00789390684898,173.75988253344585,183.62436201438095,173.49433748830768,183.57143151244827,173.54789629041582,183.67729251631368,173.82606176449178,183.95496340491627,173.83547153180618,183.73022301824639,173.6582245562555,183.71391146042529,173.61407552146179,183.73022301824639,173.87962056659993,183.90203290298354,173.66217469654393,183.73022301824639,173.92376960139367,184.04451285096056,173.84809196074397,183.92563346815612,174.08765666934156,183.90203290298356,173.36189038392644,183.45255212964381,173.84423046274492,184.04451285096056,173.83538288951686,183.87270296622341,173.98062770741456,184.06082440878166,174.01262986506751,184.04451285096059,173.75923169707016,183.64796257955351,173.88894169162504,184.07384278772074,173.51645632684918,183.58201369868178,174.50759037282384,184.61287300710478,173.25156211808672,183.23839392920746,174.86078265117379,184.90356227464639,172.69033373699517,183.74565801912587,177.52740510357074,178.23585207595374,179.7666749518531,177.9309778234973
169.37548966414155,168.57883726405186,168.76812383772406,171.10864367007466,165.56921352745016,173.94327050180448,164.09133994666161,174.01055818424231,164.69442176407713,174.13029621739639,164.36220827513208,173.32650028007012,163.69442176407711,173.85608088360888,164.75828484022949,174.03079856331939,164.50702674948852,174.1689856251642,164.44484343991854,173.53123707889904,164.09133647826991,173.94832909348477,164.36137012603669,173.44623831322423,163.96612824164296,173.78049188524852,164.29918334807505,173.6582245562542,164.29918334807508,174.01055818424231,164.48657836266366,173.71573349865082,164.04960155552482,173.59599546549674,164.21571003419319,173.79857194121234,164.29918334807505,173.71573349865088,164.23699657011343,173.91830997436645,164.54876514062528,173.91830997436648,164.23699657011343,173.71573349865085,164.29918334807505,173.91830997436648,164.48657836266366,173.91830997436645,164.29918334807505,173.59599546549677,163.96612824164296,173.47625743234263,164.02831501960458,173.70632373133643,164.48657836266366,174.0955569499171,164.5078648985839,173.82606176449053,164.27789681215484,173.79857194121237,164.23699657011343,173.71573349865082,164.29918334807505,173.67883390805824,163.94484170572272,173.50374725562077,164.32046988399529,173.97581891676299,164.40310504878178,173.94579979764461,164.6535249904274,173.89082015108823,163.86136839184087,173.33591004738454,164.21654818328855,173.89082015108823,164.29834519897969,173.82606176449048,164.48741651175902,174.00330874004121,164.50702674948852,174.08614718260273,164.46612997583878,173.85355158776875,164.5905000633704,174.1509055692004,164.11178833348646,173.62095599293477,165.02831501960458,174.59548740706441,163.86136839184087,173.29611218822487,165.36220827513205,174.8005931786202,163.17313349396105,173.5880386052493,167.73783992179631,168.50192281422554,170.03839823997151,168.32088808501433
179.56160879034778,178.57579853307865,178.58581155739878,181.03596804903287,175.27655840038145,184.22690492193129,173.80195988741562,184.21632273569773,174.29474547943192,184.3221837395632,174.04143595372383,183.57143151244824,173.36979066450326,184.02091228578806,174.28486216032047,184.00789390684895,173.86540200863521,184.11046173183234,173.89957908202817,183.67729251631368,173.843371812383,184.35151367632332,174.21859428698519,183.766841962358,173.63468487326571,184.02091228578803,174.01996795155799,183.95496340491627,174.01055818424356,184.21632273569776,174.08614718260395,183.84910240105086,173.6126546770135,183.70662245307383,173.76383267373424,183.93865184709517,173.95304924184703,183.99158234902788,173.97581891676424,184.23263429351886,174.3422824604277,184.26925323763047,173.96640914944985,183.84910240105086,173.7323927101676,183.84910240105086,173.87416093957395,183.93865184709517,173.84272097600731,183.70662245307383,173.53376637474042,183.60076144920842,173.6032449096991,183.79617189911815,173.97581891676424,184.12677328965344,174.01055818424359,183.99158234902788,174.01055818424356,184.12677328965344,173.97581891676424,183.90203290298356,173.84272097600731,183.69031089525271,173.312370364396,183.42895156447125,173.77654174496135,184.07384278772074,173.99784911301649,184.09744335289329,174.26274332177894,184.07384278772071,173.51164753619889,183.57143151244827,173.8995790820282,184.07384278772071,173.87481177594961,183.90203290298356,173.94372811682194,183.93865184709514,173.86540200863524,184.12677328965347,174.12097509237262,184.150373854826,174.35160358545281,184.33520211850222,173.58121471344688,183.61134363544193,174.53760949194216,184.73175238990925,173.42664877052414,183.41020381394463,175.01053980344625,184.93289221140654,172.54310588056285,183.53393601139507,177.38017724713842,178.31811251464663,180.12571958332398,178.41122518781549
169.90244275927537,168.82841905660209,168.64848401713468,170.92198692720956,165.56921352745016,174.12051747735521,164.30002149717041,174.08614718260279,164.67313522815689,174.20588521575687,164.57088982564088,173.62348528877496,163.96529009254758,173.89082015108821,164.54960328972066,173.65822455625423,164.04876340642946,173.78049188524849,164.21654818328855,173.56597634637836,164.38181851286154,174.39038163550865,164.86220654093623,173.85355158776878,164.19442349827295,173.96640914944862,164.50786489858388,173.91106053016534,164.48657836266364,174.08614718260279,164.48657836266366,173.70632373133648,164.02831501960458,173.59599546549677,164.23699657011343,173.91830997436645,164.54876514062528,174.02863824020619,164.48657836266366,174.12304677319534,164.77873322705435,174.20588521575687,164.46529182674342,173.70632373133645,164.04960155552482,173.59599546549677,164.21571003419319,173.79857194121234,164.29918334807505,173.59599546549677,163.96612824164296,173.47625743234263,164.02831501960458,173.59599546549677,164.23699657011343,173.79857194121234,164.27789681215481,173.82606176449059,164.50786489858388,174.09555694991721,164.48657836266364,173.82606176449059,164.29918334807505,173.56850564221853,163.69525991317249,173.21617201423044,164.11178833348646,173.89082015108829,164.40310504878178,173.9457997976447,164.65352499042737,173.9758189167631,164.07004994234967,173.61407552146059,164.44484343991854,173.97581891676307,164.27873149285853,173.71573349865088,164.25744842532995,173.62132496566176,164.04876340642946,173.80798170852682,164.48741651175902,174.06553783079883,164.8400818559206,174.15090556920046,163.86220654093623,173.29864148406512,164.75744669113411,174.47574937391036,163.86136839184084,173.29611218822492,165.36220827513205,174.69026491278052,162.92355170141082,173.29105359654454,167.50787183536724,168.50192281422554,170.37869459224027,168.86745488626934
179.52229108240459,178.32831623158583,178.05634213234961,180.4806262718277,174.91481500507899,184.00216453526141,173.62687323497823,183.90203290298354,173.91492202816565,184.09744335289329,174.06892577700205,183.73022301824636,173.51701852093555,183.90203290298356,173.93252853233241,183.5950320776208,173.50365861333276,183.84910240105086,173.73390219690518,183.50548263157651,173.68420489279615,184.26925323763047,174.25549387757781,183.83608402211181,173.66217469654393,183.93865184709517,173.87021079928553,183.73022301824639,173.7157334986521,183.90203290298356,173.82606176449178,183.62436201438098,173.42815825726171,183.57143151244827,173.70632373133768,184.00789390684898,174.16719580799031,184.09744335289329,173.81665199717736,183.81977246429071,173.87962056659993,183.95496340491627,173.78191272969804,183.62436201438098,173.47230729205543,183.62436201438098,173.78191272969804,183.95496340491627,173.87962056659993,183.67729251631368,173.49433748830768,183.57143151244827,173.54789629041582,183.53481256833666,173.50374725562207,183.57143151244827,173.53848652310143,183.67729251631368,173.83547153180618,183.90203290298356,173.70632373133768,183.67729251631368,173.75988253344582,183.70662245307381,173.33986018767422,183.34669112577839,173.62678459268889,183.84910240105083,173.70302442742496,183.73022301824639,173.88291987051267,183.84910240105083,173.53913735947708,183.67729251631368,173.92706890530641,183.84910240105083,173.49498832468336,183.53481256833669,173.64890343123045,183.57143151244824,173.39333034749305,183.57143151244827,173.64890343123045,183.83608402211178,174.17651693301539,184.02091228578803,173.10914305230472,183.05600185823675,174.0655378308,184.36453205526234,173.13182408493262,183.04298347929773,174.63071635217995,184.56567187675964,172.24828119497133,183.30919562472516,177.23042009486599,178.23585207595377,180.20613990853491,178.63682422483501
169.58747590717155,168.45180208529223,168.18001673526885,170.53349318729391,165.36053197694133,173.95992971331998,164.11262648258182,173.73239271016635,164.23615842101805,173.96245900916014,164.63307660360252,173.87021079928428,164.23615842101805,174.01996795155671,164.5708898256409,173.77796258940833,164.29834519897969,174.1028063941182,164.48741651175902,173.57538611369276,164.13223672031131,174.10280639411823,164.6535249904274,173.78737235672276,164.23699657011343,173.93496918588195,164.36137012603669,173.58263555789387,164.04960155552482,173.73239271016632,164.29918334807505,173.64014450029043,164.04960155552482,173.63073473297607,164.27789681215484,174.0474577748349,164.80001976297459,174.13970598471082,164.27789681215484,173.57322579057944,164.11178833348646,173.73239271016632,164.23699657011343,173.6401445002904,164.11178833348646,173.75047276613014,164.48657836266366,174.13970598471084,164.59133821246576,173.87021079928431,164.27789681215484,173.84272097600606,164.32046988399529,173.64014450029043,164.02831501960461,173.5204064671363,164.04960155552482,173.64014450029043,164.29918334807505,173.72298294285193,164.02831501960458,173.54789629041454,164.32046988399529,173.90022991840263,164.21571003419319,173.65822455625425,164.38265666195693,173.9002299184026,164.15352325623155,173.54789629041449,164.19526164736831,173.72298294285193,164.13223672031131,173.75988253344454,164.48741651175902,173.72298294285201,163.84008185592063,173.42815825726046,164.23783471920879,173.69765344268703,164.04876340642946,173.51099669982193,164.00786663277972,173.66763432356862,164.61178659929061,173.9649883050003,163.6535249904274,173.04580551015397,164.57005167654552,174.2898321097102,163.61178659929061,172.89820868099477,164.90394493207299,174.40268967139008,162.92355170141082,173.51244960688894,167.80002669975795,168.65640011485897,170.42900460159609,168.92348068966891
179.34962254731775,178.22245522772045,178.0288523090714,180.61581721245327,175.18431019050556,184.22690492193129,173.7097116775397,183.79617189911812,173.68485572917183,183.99158234902788,174.15176421956355,183.95496340491624,173.78651370636214,184.21632273569779,174.3101916604854,184.15037385482597,174.16238701734,184.49399362430034,174.22189359089791,183.73022301824639,173.64079533666742,184.16339223376505,174.15167557727423,183.87270296622341,173.848831439409,184.17970379158615,174.07278727500113,183.766841962358,173.59599546549796,183.84910240105086,173.91830997436767,183.90203290298356,173.80798170852799,183.84910240105086,173.79857194121357,184.04451285096059,174.25003425055181,184.23263429351886,173.88357070688832,183.71391146042529,173.66547400045667,183.79617189911815,173.72909340625489,183.70662245307383,173.64739394449285,183.79617189911815,173.93166988197049,184.12677328965344,174.05470721903734,183.99158234902788,173.96640914944985,184.12677328965344,174.01996795155799,183.84910240105086,173.67883390805946,183.79617189911815,173.80798170852799,183.90203290298356,173.91830997436767,183.79617189911815,173.47625743234386,183.57143151244827,173.84272097600731,184.07384278772074,173.93166988197052,183.95496340491627,174.09885625383106,184.07384278772071,173.67553460414675,183.62436201438098,173.76318183735853,183.88572134516244,173.74171383519271,183.86541395887198,173.99398761501737,183.74324139718541,173.28084175854005,183.51850101051556,173.91839861665702,184.0372238436091,173.86540200863521,183.79617189911815,173.62141360795223,183.76684196235797,174.13961734242278,184.10317272448088,173.26830997189157,183.28074224490663,174.35095274907712,184.58927244193222,173.19874279464358,182.99005297736502,174.5363078191908,184.69184026691556,172.62810464623763,183.82791845781875,177.71190152332255,178.51352296455633,180.2889783510964,178.67344316894662
169.51183639765077,168.49669478041795,168.37761568866421,170.88724765973024,165.77789507795899,174.28835468559146,164.27873496125019,173.75442290641865,164.15268510713619,173.87416093957273,164.54960328972066,173.79132249701127,164.1739716430564,174.07673741528842,164.77789854635066,174.14112682915922,164.73699483591759,174.46597063386909,164.69442523246877,173.64156534473884,164.09133647826991,174.0586573593246,164.61095191858692,173.84414182045444,164.42439158470202,174.26339415815349,164.75744669113411,173.90165076285098,164.21571003419319,173.87416093957276,164.48657836266366,173.99389897272687,164.48657836266364,173.88357070688716,164.23699657011343,173.81665199717614,164.52747860470504,174.08614718260276,164.44567812062226,173.79132249701127,164.27789681215481,173.75442290641865,164.15352325623155,173.55184643070305,164.02831501960458,173.55184643070305,164.15352325623155,173.75442290641868,164.27789681215481,173.78191272969687,164.42439158470202,174.05140791512346,164.48657836266364,173.78191272969687,164.21571003419319,173.87416093957276,164.48657836266366,173.99389897272687,164.48657836266366,173.76383267373305,163.96612824164296,173.49433748830648,164.27789681215481,173.96640914944871,164.42439158470202,173.91106053016537,164.57005167654552,173.96640914944862,164.13223672031131,173.61407552146051,164.38265666195693,173.96640914944862,164.31963173489993,173.79132249701121,164.40394319787714,173.64409464057897,163.77789507795899,173.49433748830648,164.46612997583878,174.08614718260276,164.50702674948852,173.88357070688713,164.21654818328855,173.72440378730025,164.54792699152992,173.99642826856703,163.82130629889483,173.3742304824255,164.9857419477641,174.64358658214664,163.82046814979947,173.08412594519493,165.13224018870298,174.79118341130587,163.38181504446987,173.87561384663979,167.98742171434654,168.69724984574003,170.35740805632003,168.85804511895495
179.34962254731775,178.27538572965312,178.14859034222548,180.811227662363,175.4143764894994,184.42231537184102,173.82944971069381,183.84910240105083,173.68485572917183,183.90203290298359,173.94918774384794,183.67729251631366,173.51701852093558,183.99158234902788,174.13510500804801,183.9785639700888,174.01262986506757,184.32218373956317,174.04680693846052,183.5950320776208,173.57387662695643,184.12677328965344,174.1357558444237,183.87270296622341,173.86475117225953,184.26925323763047,174.2594440178662,184.00789390684898,173.79857194121357,183.93865184709517,173.91830997436767,184.00789390684898,174.0474577748362,184.04451285096056,173.81665199717736,183.766841962358,173.75988253344585,183.90203290298356,173.87416093957393,183.95496340491627,173.97186877647584,183.90203290298354,173.66217469654393,183.57143151244827,173.47230729205546,183.48188206640395,173.45959822082833,183.57143151244827,173.58263555789514,183.67729251631366,173.79132249701246,183.90203290298356,173.75047276613142,183.62436201438098,173.59599546549796,183.90203290298356,174.03804800752178,184.09744335289329,174.03804800752178,183.90203290298356,173.59599546549796,183.67729251631368,173.87021079928553,183.99158234902785,173.78191272969804,183.73022301824639,173.80403156823957,183.79617189911812,173.49828762859607,183.67729251631368,174.06016684606334,184.17970379158612,173.86145186834682,183.81977246429071,173.92706890530641,183.84910240105083,173.49498832468333,183.67729251631368,173.97121794010016,184.04451285096056,173.89289183191343,183.90203290298356,173.74115164110634,183.73022301824639,173.93704086670721,183.91505128192262,173.20139126218058,183.38660324877205,174.56509931522041,184.78468289184195,173.33440056064822,183.18546342727475,174.84270259520997,185.03875321527195,172.85817094523145,183.78227696323751,177.44240633789599,178.23585207595374,180.0864018753808,178.58389372290227
169.58747590717152,168.57154011844634,168.45088506373932,170.97554572931773,165.880982097962,174.4019822553438,164.38349481105229,173.85213074332046,164.23615842101805,173.85213074332043,164.38349481105229,173.58263555789392,164.02747687050922,173.94437895319641,164.59217636156112,173.82211162420214,164.3605319769413,174.14695542891201,164.50870304767926,173.61012538117214,164.17313696235271,174.11221616143271,164.63391128430621,173.78737235672281,164.25661027623457,174.04529745172172,164.59133821246576,173.8796205665987,164.29918334807505,173.84272097600606,164.29918334807505,173.87962056659862,164.59133821246576,174.16503548487572,164.52747860470504,173.75988253344451,164.0921746273653,173.6401445002904,164.2566102762346,173.96245900916011,164.612624748386,173.97186877647451,164.27789681215484,173.67488376776973,164.1330748694067,173.56455550193002,164.02831501960461,173.56455550193002,164.1330748694067,173.68429353508412,164.29918334807505,173.76713197764562,164.11178833348646,173.47230729205413,164.04960155552482,173.85213074332046,164.57005167654552,174.08219704231428,164.57005167654552,173.96245900916017,164.29918334807505,173.87962056659867,164.59133821246576,174.05470721903615,164.27789681215481,173.58263555789389,164.1330748694067,173.61265467701224,163.94484170572272,173.66763432356859,164.67481152634761,174.23195419458671,164.40310504878178,173.81270185688763,164.52831675380042,174.05470721903606,164.34091827082017,173.87962056659865,164.54960328972066,173.96245900916017,164.31963173489993,173.84272097600604,164.27873496125019,173.67704409088302,164.36220480674038,173.7877413294496,163.6944252324688,173.37752978633807,165.07088809144506,174.73188465173405,163.90226863388224,173.24801301314272,165.40478134697253,175.03139895627902,163.44400182243152,173.65751714020803,167.59134514924909,168.36882487346858,170.17942280904586,168.81315242382919
179.34962254731775,178.27538572965315,178.14859034222548,180.811227662363,175.4143764894994,184.42231537184099,173.82944971069381,183.84910240105083,173.68485572917183,183.84910240105089,173.82944971069384,183.62436201438095,173.60926673081144,184.12677328965344,174.19261395044458,183.87270296622339,173.80789306623865,184.21632273569776,174.10431588085709,183.73022301824636,173.66612483683232,184.07384278772074,174.01601781126959,183.73022301824636,173.66217469654393,183.93865184709517,173.87021079928553,183.73022301824639,173.71573349865207,183.84910240105086,173.70632373133768,183.766841962358,173.96245900916139,184.23263429351886,174.17114594827873,183.90203290298356,173.55514573461696,183.51850101051556,173.55184643070422,183.90203290298356,174.08219704231556,184.04451285096059,173.87416093957393,183.90203290298356,173.85213074332174,183.84910240105086,173.75442290641982,183.84910240105086,173.85213074332174,183.90203290298356,173.87416093957395,183.84910240105086,173.64014450029171,183.57143151244827,173.58658569818357,183.84910240105086,173.92771974168207,183.95496340491627,173.91830997436767,183.93865184709517,173.79857194121357,183.95496340491627,174.13970598471209,184.12677328965341,173.75442290641982,183.62436201438098,173.68429353508546,183.74324139718541,173.49828762859607,183.67729251631368,174.06016684606331,184.12677328965341,173.74171383519268,183.76684196235803,174.0193171151823,184.12677328965341,173.87481177594961,183.95496340491627,174.06346614997605,183.99158234902785,173.77315379875932,183.84910240105086,173.74115164110634,183.73022301824636,173.93704086670718,183.91505128192262,173.20139126218058,183.38660324877205,174.56509931522041,184.78468289184195,173.33440056064822,183.18546342727475,174.84270259520997,185.03875321527195,172.85817094523145,183.78227696323748,177.44240633789599,178.23585207595374,180.0864018753808,178.5838937229023
169.51183639765077,168.49669478041795,168.37761568866421,170.88724765973024,165.77789507795899,174.28835468559146,164.27873496125019,173.75442290641865,164.15268510713619,173.75442290641863,164.27873496125019,173.57933625398127,164.1739716430564,174.13424635768499,164.71571176838901,173.80940255297511,164.25744495693829,174.13424635768499,164.63223845450713,173.6990742871354,164.09133647826991,173.8466711162946,164.34008359011645,173.61407552146062,164.17480979215179,173.856080883609,164.27789681215481,173.61407552146059,164.23699657011343,173.85608088360891,164.21571003419319,173.60466575414617,164.27789681215484,174.06081768243783,164.65435967113109,173.87416093957273,164.04792872572577,173.37459945515235,163.92522799960156,173.76383267373299,164.52747860470507,173.98448920541244,164.42439158470202,173.95915970524749,164.48657836266366,173.94974993793312,164.40310504878178,173.94974993793315,164.48657836266366,173.94974993793315,164.40310504878178,173.83942167209344,164.23699657011343,173.66217469654273,164.19442349827295,173.75442290641863,164.23699657011343,173.67158446385716,164.21571003419319,173.75442290641865,164.21571003419319,173.78191272969687,164.48657836266364,173.93166988196938,164.15352325623155,173.57933625398127,164.29918334807505,173.84667111629452,164.13223672031131,173.61407552146051,164.38265666195693,173.84667111629452,164.04876340642946,173.57933625398124,164.40394319787714,173.93166988196936,164.23615842101805,173.78191272969687,164.46612997583878,173.87416093957276,164.23615842101805,173.76383267373302,164.21654818328855,173.72440378730025,164.54792699152992,173.996428268567,163.82130629889483,173.37423048242547,164.98574194776413,174.64358658214664,163.82046814979947,173.08412594519493,165.13224018870298,174.79118341130587,163.38181504446987,173.87561384663979,167.98742171434654,168.69724984574003,170.35740805632003,168.85804511895495
179.34962254731775,178.27538572965312,178.14859034222548,180.811227662363,175.4143764894994,184.42231537184102,173.82944971069381,183.84910240105083,173.68485572917183,183.84910240105089,173.82944971069384,183.67729251631366,173.72900476396558,184.26925323763047,174.30294221628429,183.92563346815609,173.81730283355304,184.26925323763047,174.2146441466968,183.78315352017907,173.58328639427083,183.88572134516247,173.82936106840452,183.67729251631368,173.72909340625489,183.98429334167642,173.84272097600731,183.766841962358,173.91830997436767,184.17970379158615,174.00330874004248,183.81977246429071,173.78521203361078,184.04451285096059,174.07889773840282,183.95496340491627,173.67488376777106,183.57143151244827,173.55184643070422,183.90203290298356,174.08219704231556,184.04451285096059,173.87416093957393,183.90203290298356,173.85213074332174,183.90203290298356,173.87416093957395,184.04451285096059,174.08219704231556,184.09744335289329,173.99389897272806,184.04451285096059,173.96245900916142,183.95496340491627,173.88357070688835,183.84910240105086,173.63073473297729,183.57143151244827,173.59599546549796,183.75955295500654,173.71573349865207,183.81977246429071,173.98053906512524,183.99158234902785,173.67158446385832,183.73022301824639,174.00660804395517,184.12677328965341,173.79527263730085,183.67729251631368,173.76318183735856,183.74324139718541,173.419399326323,183.53481256833666,173.81674063946673,183.79617189911812,173.48557855736894,183.62436201438098,173.86088967426045,183.90203290298354,173.77315379875932,183.84910240105086,173.74115164110634,183.87270296622339,174.25935537557692,184.29858317439061,173.49837627088539,183.47615269481636,174.4706907822312,184.64220294386493,173.19874279464358,183.04298347929773,174.6560458523449,184.88725071682529,172.85817094523145,184.02332890772848,177.83163955647666,178.56645346648904,180.2889783510964,178.67344316894659
169.58747590717152,168.57154011844634,168.45088506373932,170.97554572931773,165.880982097962,174.4019822553438,164.38349481105229,173.85213074332046,164.23615842101805,173.85213074332043,164.38349481105229,173.70237359104803,164.29834519897969,174.26669346206606,164.84175815411135,173.94184965735622,164.38181851286154,174.26669346206612,164.75828484022949,173.82211162420208,164.19442349827295,173.93496918588198,164.40394319787714,173.66763432356871,164.21571003419317,173.90022991840269,164.32046988399529,173.77796258940842,164.54876514062528,174.34228246042645,164.77873322705435,173.99935859975272,164.38265666195693,173.98778850932507,164.52747860470504,173.97186877647451,164.36304295583577,173.75988253344451,164.2566102762346,173.96245900916011,164.612624748386,173.97186877647451,164.27789681215484,173.67488376776973,164.1330748694067,173.68429353508412,164.29918334807505,174.00660804395386,164.6535249904274,174.126346077108,164.57005167654552,174.11693630979357,164.63223845450716,174.09160680962862,164.52915143450412,173.85213074332046,164.09050179756622,173.46289752473979,164.04960155552482,173.74180247748075,164.32046988399529,173.91435983407794,164.63223845450716,174.08944648651536,164.29918334807505,173.82211162420205,164.6535249904274,174.23195419458673,164.42439158470202,173.66763432356859,164.19526164736831,173.61265467701224,163.88265492776108,173.47230729205413,164.27873496125019,173.6473939444916,163.86136839184084,173.47230729205418,164.30002149717043,173.85213074332046,164.31963173489993,173.84272097600604,164.27873496125019,173.90711038987683,164.88265492776108,174.40704084702409,164.1739751114481,173.48785805217778,164.84092000501599,174.40957014286434,163.61178659929061,173.01794671414891,165.17481326054346,174.84474221341395,163.44400182243152,173.95450214891281,168.07089502822839,168.77613814801308,170.42900460159609,168.92348068966891
179.34962254731775,178.27538572965315,178.14859034222548,180.811227662363,175.4143764894994,184.42231537184099,173.82944971069381,183.84910240105083,173.68485572917183,183.90203290298359,173.94918774384794,183.81977246429068,173.83933302980526,184.32218373956317,174.31235198359869,183.92563346815609,173.80789306623865,184.21632273569776,174.10431588085709,183.73022301824636,173.66612483683232,184.07384278772074,174.01601781126959,183.67729251631368,173.54243666338982,183.74324139718544,173.64014450029171,183.67729251631368,173.91830997436767,184.26925323763047,174.20588521575806,184.00789390684898,173.85213074332171,183.93865184709514,173.86475117225953,183.90203290298356,173.86154051063613,183.90203290298356,173.86475117225953,183.99158234902788,173.97186877647584,183.81248345693925,173.55184643070422,183.51850101051556,173.46289752474107,183.57143151244827,173.67158446385832,183.95496340491627,174.08219704231553,184.09744335289329,173.99389897272806,184.04451285096059,173.96245900916142,183.95496340491627,173.88357070688835,183.84910240105086,173.63073473297729,183.57143151244827,173.59599546549796,183.84910240105086,173.91830997436767,184.150373854826,174.36977228370591,184.32218373956314,173.87416093957393,183.81977246429071,174.00660804395517,184.12677328965344,173.79527263730085,183.67729251631368,173.76318183735853,183.74324139718541,173.41939932632297,183.53481256833666,173.8167406394667,183.79617189911812,173.48557855736894,183.62436201438101,173.86088967426045,183.90203290298354,173.77315379875932,183.84910240105086,173.74115164110634,183.92563346815609,174.37909340873099,184.44106312236764,173.60870453672507,183.38660324877205,174.15778604067592,184.25867105139693,172.8923480186244,182.99005297736502,174.84270259520997,185.03875321527195,172.85817094523145,183.78227696323748,177.44240633789599,178.23585207595374,180.0864018753808,178.5838937229023
169.51183639765077,168.49669478041795,168.37761568866421,170.88724765973024,165.77789507795899,174.28835468559146,164.27873496125019,173.75442290641865,164.15268510713619,173.87416093957273,164.54960328972066,173.90165076285098,164.42355343560666,174.25398439083907,164.73699830430925,173.80940255297509,164.23615842101805,174.01450832453085,164.38265666195693,173.48708804410538,164.07004994234967,174.02391809184525,164.57005167654552,173.61407552146059,163.94484170572272,173.55909587490422,164.02831501960458,173.50374725562088,164.23699657011343,173.96640914944862,164.46529182674342,173.78191272969684,164.23699657011343,173.72909340625372,164.15352325623155,173.66217469654273,164.27789681215484,173.87416093957273,164.42439158470202,173.8741609395727,164.27789681215484,173.55184643070302,163.90394146368132,173.43210839754889,164.00702848368437,173.54243666338863,164.15352325623155,173.83942167209344,164.48657836266366,173.94974993793315,164.40310504878178,173.83942167209344,164.23699657011343,173.66217469654273,164.19442349827295,173.75442290641863,164.23699657011343,173.67158446385716,164.21571003419319,173.86475117225834,164.46529182674342,174.18922600424133,164.96612824164296,174.33898315651382,164.40310504878178,173.68966451982095,164.29918334807505,173.84667111629452,164.13223672031131,173.61407552146051,164.38265666195693,173.84667111629452,164.04876340642946,173.57933625398124,164.40394319787714,173.93166988196936,164.23615842101805,173.78191272969687,164.46612997583878,173.87416093957276,164.23615842101805,173.76383267373302,164.21654818328855,173.84414182045435,164.81879532000039,174.31874277743671,164.07088809144506,173.26390221658576,164.48657836266366,174.02428706457215,163.31963173489993,172.96438791204082,165.36220827513205,174.97784015417093,163.38181504446987,173.57862883793501,167.50787183536724,168.28993657119554,170.10782626376979,168.74771685311524
179.34962254731775,178.27538572965312,178.14859034222548,180.811227662363,175.4143764894994,184.42231537184102,173.82944971069381,183.84910240105083,173.68485572917183,183.99158234902791,174.15176421956355,184.00789390684895,173.90625173951625,184.26925323763049,174.21794345060951,183.87270296622339,173.78256356607375,184.07384278772074,173.80733087215231,183.3996216277111,173.46354836111675,184.07384278772074,174.12634607710928,183.73022301824636,173.55184643070422,183.79617189911815,173.75047276613142,183.67729251631368,173.71573349865207,183.84910240105086,173.7063237313377,183.62436201438098,173.64014450029174,183.70662245307383,173.55184643070422,183.57143151244827,173.67488376777106,183.90203290298356,173.95915970524871,183.90203290298356,173.67488376777106,183.51850101051556,173.43210839755011,183.70662245307383,173.85213074332174,183.84910240105086,173.75442290641985,183.84910240105086,173.85213074332174,183.90203290298356,173.87416093957395,183.84910240105086,173.64014450029171,183.57143151244827,173.58658569818357,183.84910240105086,173.92771974168207,183.95496340491627,173.91830997436767,183.99158234902788,173.9183099743677,184.150373854826,174.36977228370594,184.32218373956317,173.87416093957393,183.73022301824639,173.80403156823957,183.88572134516244,173.60861589443579,183.73022301824639,174.06957661337773,184.12677328965341,173.73230406787832,183.766841962358,174.02872688249673,184.17970379158612,173.98514004178932,184.09744335289329,174.18320418313016,184.04451285096056,173.77315379875932,183.84910240105086,173.74115164110634,183.92563346815609,174.37909340873102,184.44106312236764,173.6087045367251,183.38660324877205,174.15778604067589,184.31160155332964,173.01208605177851,183.13253292534205,174.95303086104968,185.03875321527195,172.74784267939174,183.63979701526048,177.32266830474188,178.18292157402104,180.0864018753808,178.58389372290227
169.58747590717152,168.57154011844634,168.45088506373932,170.97554572931773,165.880982097962,174.4019822553438,164.38349481105229,173.85213074332046,164.23615842101805,173.96245900916014,164.63307660360252,173.8796205665987,164.25744495693829,174.05470721903612,164.61179006768228,173.82211162420214,164.34091827082014,174.0366271630723,164.27873496125019,173.3225501397817,163.94484170572272,174.02721739575787,164.65352499042737,173.78737235672281,164.2369965701134,174.01996795155679,164.57005167654552,173.87021079928431,164.29918334807505,173.73239271016635,164.04960155552482,173.47230729205413,164.11178833348646,173.64739394449154,164.02831501960458,173.47230729205413,164.1330748694067,173.8521307433204,164.48657836266366,173.8521307433204,164.1330748694067,173.46289752473973,164.00702848368437,173.8521307433204,164.612624748386,173.97186877647451,164.27789681215481,173.67488376776976,164.1330748694067,173.68429353508418,164.29918334807505,173.76713197764565,164.11178833348646,173.47230729205413,164.04960155552482,173.85213074332046,164.57005167654552,174.08219704231428,164.57005167654552,173.97186877647457,164.32046988399529,173.91435983407794,164.63223845450716,174.08944648651536,164.29918334807505,173.71178335836234,164.40394319787717,173.93496918588195,164.19442349827295,173.7873723567227,164.69609806226785,174.23195419458673,164.38181851286154,173.81270185688766,164.54960328972066,174.1744452521902,164.59050006337037,174.20193507546838,164.82047161819114,174.08219704231428,164.31963173489993,173.84272097600604,164.27873496125019,173.90711038987683,164.88265492776108,174.40704084702409,164.1739751114481,173.48785805217778,164.84092000501599,174.52930817601845,163.88265492776108,173.34026122301862,165.42439505309369,174.84474221341395,163.19442002988129,173.6321876400431,167.80002669975792,168.65640011485897,170.42900460159609,168.92348068966891
179.34962254731775,178.27538572965315,178.14859034222548,180.811227662363,175.4143764894994,184.42231537184099,173.82944971069381,183.84910240105083,173.68485572917183,183.90203290298359,173.94918774384794,183.67729251631366,173.51701852093555,183.93865184709517,174.01536697489391,183.78315352017907,173.78256356607372,184.07384278772074,173.80733087215231,183.45255212964378,173.58328639427083,184.21632273569776,174.23667434294902,183.87270296622341,173.76383267373421,184.17970379158615,174.25003425055181,184.09744335289329,173.91830997436767,183.84910240105086,173.59599546549796,183.62436201438098,173.75047276613142,183.79617189911812,173.55184643070422,183.48188206640395,173.56455550193135,183.84910240105086,173.94974993793431,183.90203290298356,173.68429353508546,183.57143151244827,173.54243666338982,183.84910240105086,173.97186877647584,183.86541395887195,173.67158446385832,183.66098095849259,173.57322579058075,183.62436201438098,173.68099423117272,183.75955295500654,173.63073473297732,183.57143151244827,173.59599546549796,183.90203290298356,174.03804800752178,184.09744335289329,174.03804800752178,183.95496340491627,173.71573349865207,183.81977246429071,173.98053906512524,183.99158234902785,173.67158446385832,183.73022301824639,174.00660804395517,184.12677328965344,173.79527263730085,183.81977246429071,174.08549634622824,184.17970379158612,173.83612236818186,183.87270296622341,174.07213643862545,184.13406229700487,173.90230159922783,184.06082440878171,174.18320418313016,184.04451285096056,173.77315379875932,183.79617189911815,173.62141360795223,183.73022301824636,174.14902710973718,184.24565267245791,173.48896650357096,183.42322219288366,174.36036251639152,184.64220294386493,173.40131927035918,183.32065436790032,174.83329282789558,184.74477076884827,172.45085767068696,183.63979701526046,177.61965331344666,178.56645346648904,180.40871638425051,178.72637367087933
169.51183639765077,168.49669478041795,168.37761568866421,170.88724765973024,165.77789507795899,174.28835468559146,164.27873496125019,173.75442290641865,164.15268510713619,173.76383267373302,164.30002149717043,173.49433748830648,163.94400355662734,173.8466711162946,164.48741651175902,173.6990742871354,164.23615842101805,174.01450832453088,164.38265666195693,173.60682607725948,164.34091827082014,174.34623260071496,164.81963346909575,173.84414182045441,164.21571003419319,174.08614718260282,164.75744669113411,174.11363700588097,164.48657836266366,173.87416093957273,164.21571003419319,173.78191272969684,164.48657836266366,173.93166988196933,164.15352325623155,173.45959822082713,164.02831501960461,173.75442290641863,164.40310504878178,173.8741609395727,164.29918334807508,173.67158446385713,164.15352325623155,173.7544229064186,164.27789681215484,173.67158446385713,164.17480979215179,173.7544229064186,164.2566102762346,173.66217469654273,164.17480979215179,173.72909340625372,164.21571003419319,173.66217469654273,164.21571003419319,173.87416093957273,164.48657836266366,173.99389897272687,164.48657836266366,173.87416093957273,164.21571003419319,173.78191272969684,164.48657836266366,173.93166988196933,164.15352325623155,173.68966451982095,164.54876514062528,174.1436561249993,164.36220480674038,173.72440378730022,164.40227036807809,173.96640914944862,164.30001802877877,173.91106053016529,164.69442523246877,174.07673741528833,164.25744495693829,173.79132249701124,164.46612997583878,173.87416093957276,164.23615842101805,173.64409464057891,163.94567985481808,173.40208927843054,164.29834519897969,173.87669023541289,163.80001976297459,173.25449244927137,164.73616015521389,174.43160033911664,163.79918161387923,173.14163488759149,165.09133994666158,174.46886890243616,162.90226516549058,173.57862883793501,167.98742171434654,168.90923608877003,170.6282763847905,168.97778315210905
179.34962254731775,178.27538572965312,178.14859034222548,180.811227662363,175.4143764894994,184.42231537184102,173.82944971069381,183.84910240105083,173.68485572917183,183.90203290298359,173.94918774384794,183.76684196235797,173.71959499665118,184.12677328965344,174.08228568460487,183.73022301824636,173.68815503308457,184.11046173183234,173.98457784770298,183.73022301824639,173.87811107986235,184.40444417825603,174.30359305265998,183.81977246429068,173.57717593086915,183.93865184709517,174.0474577748362,184.00789390684898,173.91830997436767,183.93865184709517,173.79857194121359,183.95496340491627,174.13970598471212,184.12677328965344,173.75442290641985,183.57143151244827,173.56455550193135,183.84910240105086,173.94974993793431,184.04451285096059,174.00660804395517,183.95496340491627,173.8394216720946,183.84910240105086,173.67488376777106,183.71391146042529,173.87416093957393,184.17970379158615,174.13970598471212,183.90203290298356,173.67883390805946,183.79617189911815,173.80798170852799,183.90203290298356,173.91830997436767,184.04451285096059,174.03804800752178,184.09744335289329,174.03804800752178,183.99158234902788,173.79857194121359,183.95496340491627,174.13970598471212,184.12677328965344,173.75442290641985,183.766841962358,174.00660804395517,184.12677328965341,173.79527263730085,183.67729251631368,173.76318183735856,183.88572134516244,173.74171383519268,184.06082440878168,174.43604015704122,184.32218373956314,173.80789306623865,183.766841962358,173.86088967426045,183.90203290298354,173.77315379875932,183.70662245307383,173.41883713223663,183.39962162771107,173.75979389115653,183.91505128192262,173.28639002785539,183.24412330079502,174.15778604067589,184.31160155332964,173.01208605177851,182.99005297736502,174.63071635217997,184.65522132280395,172.45085767068696,183.63979701526048,177.61965331344666,178.56645346648904,180.40871638425051,178.7263736708793
169.58747590717152,168.57154011844634,168.45088506373932,170.97554572931773,165.880982097962,174.4019822553438,164.38349481105229,173.85213074332046,164.23615842101805,173.96245900916014,164.63307660360252,173.98994883243842,164.50702674948852,174.23195419458679,164.57088982564088,173.61012538117214,164.11095018439107,174.0272173957579,164.48741651175902,173.61012538117214,164.19442349827295,174.11221616143271,164.61262474838597,173.66763432356871,164.00702848368434,173.72298294285201,164.32046988399529,173.7598825334446,164.29918334807505,173.84272097600606,164.29918334807505,173.87962056659867,164.59133821246576,174.05470721903609,164.27789681215481,173.58263555789384,164.1330748694067,173.85213074332046,164.48657836266366,174.08219704231428,164.6535249904274,174.08219704231428,164.48657836266366,173.85213074332046,164.1330748694067,173.69296382373355,164.52747860470507,174.35169222774078,164.82130629889483,173.87962056659862,164.06921526164598,173.66547400045533,164.32046988399529,173.97186877647451,164.57005167654552,174.08219704231428,164.57005167654552,174.08219704231428,164.57005167654552,173.96245900916017,164.29918334807505,173.87962056659867,164.59133821246576,174.05470721903615,164.27789681215481,173.702373591048,164.40394319787717,173.93496918588195,164.19442349827295,173.55730605772888,164.17564794124715,173.72298294285193,164.15185042643247,173.9899488324383,164.98825292665856,174.35169222774084,164.36053197694133,173.69296382373358,164.30002149717043,173.85213074332046,164.31963173489993,173.73239271016632,164.02915316869996,173.49979711533234,164.40310504878178,173.9997275724796,163.92439331889787,173.26720152049836,164.59133821246576,174.12199490147395,163.40310504878178,172.93294794847412,165.17481326054346,174.73441394757424,163.19442002988129,173.6321876400431,167.80002669975792,168.65640011485897,170.42900460159609,168.92348068966891
179.34962254731775,178.27538572965315,178.14859034222548,180.811227662363,175.4143764894994,184.42231537184099,173.82944971069381,183.84910240105083,173.68485572917183,183.99158234902791,174.15176421956355,184.00789390684895,173.90625173951622,184.12677328965344,173.8956289417398,183.48917107375539,173.48557855736894,183.98429334167642,173.90173940514148,183.45255212964378,173.39662965140576,183.88572134516247,173.9237696013937,183.64067357220205,173.55184643070422,183.79617189911815,173.75047276613142,183.62436201438098,173.59599546549796,183.70662245307383,173.59599546549796,183.67729251631368,173.87021079928553,183.99158234902785,173.78191272969804,183.67729251631368,173.68429353508546,183.90203290298356,173.94974993793431,184.09744335289329,174.12634607710928,184.09744335289329,173.94974993793431,183.90203290298356,173.68429353508546,183.766841962358,173.98448920541364,184.23263429351886,174.05686754215063,183.67729251631368,173.40933872263287,183.66098095849259,173.83547153180621,184.00789390684898,174.03804800752178,184.09744335289329,174.03804800752178,184.09744335289329,174.03804800752178,183.90203290298356,173.59599546549796,183.67729251631368,173.87021079928553,183.99158234902785,173.78191272969804,183.7831535201791,173.92376960139367,183.93865184709514,173.60861589443579,183.58774307026937,173.747262104508,183.79617189911812,173.55505709232762,183.81977246429074,174.23346368132559,184.23263429351883,173.80789306623865,183.766841962358,173.86088967426045,183.90203290298354,173.77315379875932,183.79617189911815,173.62141360795223,183.73022301824636,174.14902710973718,184.24565267245791,173.48896650357096,183.33367274683934,174.15778604067592,184.31160155332964,173.01208605177851,183.07960242340934,174.83329282789558,184.89627326729493,172.63751441355203,183.63979701526046,177.43299657058159,178.32540152199806,180.20613990853491,178.63682422483501
169.51183639765077,168.49669478041795,168.37761568866421,170.88724765973024,165.77789507795899,174.28835468559146,164.27873496125019,173.75442290641865,164.15268510713619,173.87416093957273,164.54960328972066,173.79132249701127,164.1739716430564,173.8466711162946,164.25744842532995,173.40208927843062,163.98657662846782,173.91358982600556,164.40394319787714,173.41149904574502,163.86136839184084,173.76167235061982,164.36137012603669,173.62348528877502,164.17480979215179,173.856080883609,164.27789681215481,173.49433748830648,163.96612824164296,173.53376637473923,163.96612824164296,173.49433748830648,164.27789681215484,173.96640914944862,164.42439158470202,173.79132249701118,164.29918334807505,173.87416093957273,164.40310504878178,173.99389897272687,164.57005167654552,173.99389897272687,164.40310504878178,173.87416093957273,164.29918334807505,173.79132249701124,164.42439158470202,173.96640914944859,164.27789681215484,173.4943374883064,163.96612824164296,173.76383267373299,164.48657836266366,173.99389897272684,164.48657836266366,173.99389897272684,164.48657836266366,173.99389897272687,164.48657836266366,173.76383267373305,163.96612824164296,173.49433748830648,164.27789681215481,173.96640914944871,164.42439158470202,173.91106053016537,164.57005167654552,173.96640914944862,164.13223672031131,173.61407552146051,164.38265666195693,173.85608088360891,164.0700499423497,173.61407552146051,164.44484343991854,173.96640914944862,164.25744495693829,173.79132249701124,164.46612997583878,173.87416093957276,164.23615842101805,173.75442290641863,164.19526164736831,173.80940255297503,164.77789507795899,174.28400350995739,164.04960155552482,173.36482071511108,164.73616015521389,174.43160033911664,163.79918161387923,173.25196315343121,165.34092173921181,174.76585391114094,163.13223325191964,173.57862883793501,167.75745362791747,168.61225108006525,170.37869459224027,168.86745488626934
179.09681433350102,178.10271719456631,178.08625007297837,180.75829716043029,175.30404822365969,184.279835423864,173.7097116775397,183.79617189911812,173.68485572917183,183.90203290298359,173.94918774384794,183.62436201438095,173.39728048778147,183.74324139718544,173.78530067590009,183.58774307026934,173.66282553291964,184.16339223376505,174.12964538102202,183.73022301824636,173.6407953366674,184.07384278772074,174.04134731143452,183.81977246429071,173.8394216720946,184.07384278772074,173.84272097600731,183.48188206640395,173.36592916650415,183.60076144920842,173.58658569818357,183.71391146042529,173.96245900916139,184.17970379158615,174.05140791512463,183.95496340491627,173.88687001080106,183.99158234902788,173.94974993793431,184.04451285096059,174.00660804395517,183.90203290298354,173.7196836389405,183.84910240105086,173.88687001080106,183.95496340491627,173.95915970524871,183.93865184709517,173.66547400045667,183.57143151244827,173.65350440789453,184.03722384360913,174.13029621739773,183.99158234902788,173.79857194121359,183.84910240105086,173.80798170852796,183.90203290298356,173.91830997436767,183.79617189911815,173.47625743234386,183.57143151244827,173.84272097600731,184.12677328965341,174.0514079151246,184.09744335289329,174.20918451967077,184.07384278772071,173.56520633830704,183.62436201438098,173.96575831307416,184.07384278772071,173.71638433502775,183.67729251631368,173.84207013963166,183.93865184709514,173.78256356607372,184.00789390684898,174.18320418313016,184.04451285096056,173.77315379875932,183.84910240105086,173.74115164110634,183.87270296622339,174.25935537557692,184.29858317439061,173.49837627088539,183.42322219288366,174.35095274907712,184.58927244193222,173.29099100451947,183.17817441992329,174.71355479474147,184.69184026691556,172.45085767068696,183.58686651332778,177.49991528029256,178.37104301657931,180.12571958332398,178.41122518781546
169.01557960575158,168.18093375682176,168.30986049466497,170.85580769616362,165.63140030541177,174.07966774647409,164.11262648258182,173.73239271016635,164.23615842101805,173.85213074332043,164.38349481105229,173.46289752473982,163.75660854203875,173.6126546770123,164.32130803309065,173.6770440908831,164.3196317348999,174.24787392743733,164.77789854635066,173.89770062256252,164.36220480674038,174.1972149271075,164.65352499042737,173.88829085524813,164.4652918267434,174.10280639411829,164.32046988399529,173.345319814699,163.77873322705435,173.60324490969785,164.27789681215481,173.87021079928428,164.59133821246576,174.1397059847109,164.48657836266364,173.87021079928425,164.38265666195693,173.96245900916017,164.48657836266366,173.96245900916017,164.38265666195693,173.64014450029046,163.96612824164296,173.64014450029046,164.38265666195693,173.96245900916017,164.48657836266366,173.84272097600604,164.11178833348646,173.54789629041454,164.2369965701134,174.01996795155677,164.57005167654552,173.75047276613017,164.02831501960458,173.52040646713635,164.04960155552482,173.64014450029046,164.29918334807505,173.72298294285196,164.02831501960458,173.54789629041457,164.32046988399529,174.01996795155682,164.48657836266364,173.98053906512399,164.63223845450716,173.90022991840263,163.90394146368132,173.45564808053859,164.44484343991854,174.1028063941182,164.34091827082014,173.66763432356859,164.27873496125019,173.84272097600606,164.31963173489993,174.08219704231425,164.82047161819114,174.08219704231428,164.31963173489993,173.85213074332043,164.30002149717043,173.82211162420205,164.65268684133201,174.11946560563376,163.94567985481811,173.37752978633813,164.81963346909575,174.40957014286434,163.63307313521085,172.90761844830919,164.90394493207299,174.42801917155506,162.96445194345222,173.51244960688899,167.75912645771652,168.51133258153993,170.03839823997151,168.32088808501433
178.84177418123178,178.00600172271615,178.21084719307734,180.8641581642957,175.23712951394873,184.0917139813057,173.5071352018241,183.70662245307381,173.68485572917183,183.90203290298359,173.94918774384794,183.62436201438095,173.39728048778144,183.79617189911815,173.9050387090542,183.73022301824636,173.77315379875932,184.21632273569776,174.13905514833641,183.73022301824636,173.631385569353,184.07384278772074,174.05075707874892,183.87270296622339,173.94974993793431,184.12677328965344,173.75988253344582,183.34669112577839,173.29901045679318,183.79617189911815,174.00330874004246,184.06082440878168,174.08219704231553,184.04451285096059,173.78191272969804,183.766841962358,173.79462180092517,183.95496340491624,173.95915970524871,183.95496340491627,173.79462180092517,183.57143151244827,173.33986018767422,183.57143151244827,173.79462180092517,183.95496340491627,173.95915970524871,183.90203290298356,173.67488376777106,183.62436201438098,173.67158446385835,183.90203290298356,173.87021079928553,183.67729251631368,173.50374725562207,183.57143151244827,173.5384865231014,183.62436201438098,173.71573349865207,183.75955295500654,173.59599546549796,183.67729251631368,173.87021079928553,183.99158234902785,173.78191272969804,183.7831535201791,173.92376960139367,183.84910240105083,173.40603941872018,183.54210157568812,174.00265790366674,184.17970379158612,173.82671260086747,183.73022301824642,173.85147990694603,183.99158234902785,173.89289183191343,184.150373854826,174.30294221628426,184.09744335289327,173.77315379875932,183.84910240105086,173.74115164110634,183.78315352017907,174.05677889986131,184.11046173183234,173.4314575611744,183.43953375070475,174.36252283950481,184.36453205526234,172.83483907622784,182.65945158682973,174.30840184331026,184.51274137482693,172.45085767068696,183.49731706728343,177.29733880457695,178.04044162604401,179.646936918699,177.87804732156459
169.3754896641415,168.57883726405183,168.76812383772403,171.21897193591434,165.81879532000039,174.11110771004078,164.02915316869996,173.64409464057894,164.15268510713619,173.87416093957273,164.54960328972066,173.79132249701127,164.1739716430564,173.96640914944865,164.52831675380042,173.72440378730028,164.23615842101805,174.03332785915967,164.42522973379738,173.41149904574496,163.8400818559206,173.76167235061976,164.38265666195693,173.74322332192907,164.42439158470202,174.06806712663891,164.29918334807505,173.43682854590986,164.00702848368437,173.97581891676305,164.71654644909273,174.12304677319531,164.54876514062528,173.90890020705206,164.21571003419319,173.70632373133643,164.29918334807505,173.8835707068871,164.42439158470202,173.8835707068871,164.29918334807505,173.58658569818232,163.94484170572272,173.58658569818232,164.29918334807505,173.8835707068871,164.42439158470202,173.8835707068871,164.29918334807505,173.70632373133643,164.21571003419319,173.79857194121234,164.29918334807505,173.71573349865082,164.23699657011343,173.79857194121237,164.27789681215484,173.70632373133648,164.23699657011343,173.77324244104744,164.23699657011343,173.82606176449053,164.54876514062528,174.00114841692795,164.21571003419319,173.63289505608932,164.34175641991553,173.89082015108823,164.17313696235271,173.76855282209394,164.67481152634764,174.18780515979302,164.31963173489993,173.73381355461461,164.46612997583878,174.08614718260273,164.50702674948852,174.11363700588095,164.73699830430925,173.99389897272687,164.23615842101805,173.75442290641863,164.19526164736831,173.69907428713532,164.52831328540876,174.10675653440668,164.09050179756622,173.58621672545544,164.98741477756317,174.3560113407562,163.36053197694133,172.66740290333598,164.84175815411135,174.54519737946151,163.13223325191964,173.4683005720953,167.50787183536724,168.20493780552076,169.78881644742125,168.21055981917462
179.56160879034775,178.62872903501133,178.70554959055286,181.2313784989426,175.50662469937529,184.22690492193129,173.47964537854591,183.60076144920839,173.56511769601772,183.9386518470952,174.15176421956355,183.95496340491624,173.78651370636211,184.12677328965344,174.1076151847698,183.81977246429068,173.77315379875932,184.07384278772074,173.8167406394667,183.25714167973405,173.13182408493262,183.69031089525274,173.83877083571892,183.73022301824639,173.8394216720946,184.07384278772074,173.84272097600731,183.62436201438098,173.68824367537385,184.12677328965344,174.20588521575806,184.09744335289329,173.96245900916142,183.99158234902785,173.87416093957393,183.90203290298356,173.85213074332174,183.84910240105086,173.75442290641982,183.84910240105086,173.85213074332174,183.84910240105086,173.75442290641982,183.84910240105086,173.85213074332174,183.84910240105086,173.75442290641982,183.84910240105086,173.85213074332174,183.90203290298356,173.87416093957393,183.93865184709517,173.84272097600731,183.90203290298356,173.97581891676424,184.17970379158615,174.1302962173977,183.99158234902788,173.79857194121357,183.79617189911815,173.68824367537385,183.90203290298356,174.1302962173977,184.07384278772071,173.64409464058011,183.62436201438098,173.88687001080106,184.16339223376505,173.99784911301646,184.06082440878168,174.27215308909334,184.21632273569773,173.73230406787829,183.766841962358,174.02872688249673,184.17970379158612,173.98514004178935,184.09744335289329,174.18320418313016,184.04451285096056,173.77315379875932,183.79617189911815,173.62141360795223,183.67729251631368,174.02928907658307,184.24565267245791,173.70095274660096,183.75382358341895,174.64793775778188,184.58927244193222,172.99400599581469,182.88419197349961,174.59381676158736,184.79041226342952,172.63751441355203,183.58686651332778,177.31325853742749,178.12999107208833,179.92314310760838,178.32167574177114
169.90244275927537,168.94815708975619,168.91935234560515,171.25371120339372,165.8400818559206,174.04492847899482,163.84175815411135,173.40066843398225,163.96529009254758,173.84272097600604,164.63307660360252,173.87021079928428,164.23615842101805,174.01996795155677,164.57088982564088,173.78737235672281,164.31963173489993,174.01780762844348,164.25744842532995,173.16807283914829,163.63307313521085,173.67016361940884,164.38265666195693,173.65822455625425,164.21571003419319,173.89082015108823,164.29918334807505,173.63289505608932,164.25828310603364,174.01055818424231,164.52747860470504,173.86080103196986,164.32046988399529,173.92771974168085,164.48657836266366,173.92771974168085,164.32046988399529,173.63073473297609,164.00702848368437,173.63073473297607,164.32046988399529,173.92771974168087,164.48657836266366,173.92771974168085,164.32046988399529,173.63073473297609,164.00702848368437,173.63073473297607,164.32046988399529,173.92771974168087,164.48657836266366,173.91830997436645,164.29918334807505,173.82606176449059,164.48657836266364,174.21529498307129,164.77873322705435,174.03804800752056,164.27789681215481,173.62132496566167,164.02831501960458,173.71573349865082,164.50786489858388,173.86549065092331,163.96612824164296,173.43682854590986,164.34008359011645,174.17839539247865,164.63307313521085,174.04020833063382,164.65352499042737,174.00114841692792,164.11095018439107,173.65822455625425,164.48741651175902,174.01996795155679,164.31963173489993,173.87021079928428,164.54960328972066,173.96245900916017,164.31963173489993,173.73239271016632,164.02915316869996,173.49038734801795,164.38181851286154,174.08472633815441,164.15436140532694,173.65569526041406,165.04792872572574,174.4851591412247,163.59217289316945,172.98320744666955,165.13224018870298,174.71559441294545,163.19442002988129,173.6227778727287,167.77874016383768,168.62166084737964,170.37869459224029,168.86745488626934
179.52229108240456,178.47079617956285,178.37865664121932,180.8641581642957,175.21180001378377,184.00216453526139,173.32988822627343,183.51850101051554,173.59260751929591,184.00789390684901,174.18866381015616,183.87270296622339,173.62734678677526,183.99158234902788,174.0247767422083,183.83608402211178,173.89289183191343,184.21632273569776,173.92706890530638,183.39962162771107,173.34381032796261,183.98429334167642,174.13575584442367,183.87270296622341,173.77250296238364,183.93865184709517,173.75988253344582,183.64067357220208,173.71573349865207,183.99158234902788,173.93639003033149,183.81977246429071,173.75988253344582,183.95496340491627,173.99389897272806,183.95496340491627,173.75988253344582,183.57143151244827,173.37459945515357,183.57143151244827,173.75988253344582,183.95496340491627,173.99389897272806,183.95496340491627,173.75988253344582,183.57143151244827,173.37459945515357,183.57143151244827,173.75988253344582,183.95496340491627,173.99389897272806,183.95496340491627,173.75988253344582,183.766841962358,173.81665199717739,184.09744335289329,174.16719580799031,184.06082440878168,173.82606176449178,183.71391146042529,173.5384865231014,183.67729251631368,173.83547153180621,183.70662245307383,173.26427118931383,183.34669112577839,173.79462180092517,184.12677328965341,173.91501067045496,183.7831535201791,173.88291987051267,183.93865184709514,173.64946562531682,183.73022301824642,173.93647867262081,183.90203290298354,173.60531659052305,183.766841962358,173.97121794010016,183.95496340491624,173.78256356607372,183.75955295500654,173.52916539807634,183.54210157568809,173.87953192431061,184.07384278772074,173.5258660941636,183.52908319674907,174.37844257235531,184.36453205526234,172.91116755325319,182.90050353132071,174.62130658486558,184.74477076884827,172.57059570384106,183.69272751719316,177.61965331344663,178.56645346648904,180.40871638425051,178.72637367087933
169.58747590717155,168.56213035113194,168.42959852781911,170.82106842868427,165.56921352745016,174.03551871168037,164.09133994666161,173.79857194121232,164.42355343560666,174.21529498307117,164.84175815411137,173.94579979764461,164.21487188509781,174.00114841692792,164.54960328972066,173.85355158776872,164.50702674948852,174.35564236802927,164.67481152634761,173.64156534473875,164.11095018439107,174.17839539247859,164.86220654093623,174.06553783079872,164.46529182674342,174.01055818424234,164.32046988399529,173.65822455625425,164.27789681215484,174.01055818424237,164.5078648985839,173.83547153180493,164.29918334807505,173.91830997436645,164.48657836266366,173.91830997436645,164.29918334807505,173.59599546549677,163.96612824164296,173.59599546549674,164.29918334807505,173.91830997436648,164.48657836266366,173.91830997436645,164.29918334807505,173.59599546549677,163.96612824164296,173.59599546549674,164.29918334807505,173.91830997436648,164.48657836266366,173.92771974168085,164.32046988399529,173.7504727661302,164.27789681215484,173.95304924184578,164.57005167654552,174.04745777483492,164.5078648985839,173.92771974168087,164.29918334807508,173.75047276613014,164.29918334807505,173.60324490969785,163.75744669113413,173.34531981469894,164.34175641991553,173.99247812827855,164.19442349827295,173.48097758070361,164.19526164736834,173.90022991840266,164.34091827082017,173.83547153180493,164.46612997583878,173.79857194121234,164.04876340642946,173.70632373133643,164.46612997583878,173.88357070688716,164.25744495693829,173.76383267373302,164.19526164736831,173.73381355461464,164.5905000633704,174.1509055692004,164.11178833348646,173.51062772709506,164.77873322705435,174.18817413251992,163.38181851286157,172.88879891368038,165.11262648258182,174.69026491278049,163.17313349396105,173.7077766384034,168.00870825026678,168.94397535624935,170.67858639414629,169.03380895550862
179.34962254731778,178.22245522772045,178.0288523090714,180.56288671052056,175.06457215735145,184.17397441999859,173.80195988741562,184.07384278772071,174.06467918043808,184.26925323763049,174.24401242943944,183.90203290298354,173.66677567320801,184.02091228578806,173.98787715161569,183.76684196235797,173.86540200863521,184.35151367632332,174.19656409073295,183.67729251631368,173.54638680367822,184.11046173183234,174.21859428698519,184.00789390684898,173.93166988197049,184.07384278772074,173.84272097600731,183.71391146042529,173.79857194121357,184.12677328965344,174.09555694991835,183.90203290298356,173.72298294285321,183.79617189911815,173.76383267373424,183.84910240105086,173.84272097600731,183.79617189911815,173.64409464058014,183.75955295500654,173.85213074332171,183.99158234902788,173.98448920541367,183.99158234902788,173.85213074332171,183.75955295500654,173.64409464058014,183.79617189911815,173.84272097600731,183.84910240105086,173.76383267373424,183.84910240105086,173.84272097600731,183.90203290298356,173.88357070688835,183.99158234902788,173.95304924184703,184.04451285096059,174.09555694991835,184.17970379158615,174.01055818424356,183.90203290298356,173.80798170852799,183.69031089525271,173.34710963187533,183.48188206640395,173.86154051063613,183.93136283974368,173.49828762859607,183.38331006989,173.64344380420445,183.93136283974368,173.80863254490367,183.81248345693925,173.8995790820282,183.83279084322973,173.57782676724486,183.75955295500654,173.91839861665702,183.79617189911812,173.56841699993046,183.69031089525274,173.6789225503488,183.86541395887195,174.2412753196131,184.33520211850222,173.6915429792866,183.61134363544193,174.33503301622656,184.25867105139693,172.80734925294965,182.88419197349961,174.68822529457654,184.79041226342952,172.54310588056285,183.58686651332778,177.49991528029256,178.51352296455636,180.40871638425051,178.72637367087933
169.5118363976508,168.38636651457827,168.12803389611398,170.47993438518577,165.29834519897969,174.00077944420107,164.30002149717041,173.97581891676302,164.42355343560666,173.90890020705203,164.34092173921181,173.50374725562082,163.92438985050617,173.74575261776917,164.27873496125019,173.44623831322423,164.04876340642946,173.9830683609641,164.46612997583878,173.45564808053865,163.88265492776108,173.7710821179341,164.36137012603669,173.6234852887749,164.17480979215179,173.85608088360891,164.27789681215481,173.61407552146059,164.2369965701134,173.9758189167631,164.48657836266364,173.70632373133648,164.02831501960458,173.47625743234266,163.96612824164296,173.59599546549674,164.29918334807505,173.79857194121237,164.21571003419319,173.71573349865085,164.32046988399529,173.91830997436648,164.46529182674342,173.91830997436645,164.32046988399529,173.71573349865088,164.21571003419319,173.79857194121234,164.29918334807505,173.59599546549677,163.96612824164296,173.58658569818235,164.27789681215481,173.88357070688716,164.44567812062226,173.88357070688713,164.27789681215481,173.81665199717619,164.48657836266364,174.08614718260282,164.48657836266364,173.79132249701127,164.2369965701134,173.64409464057894,163.94484170572272,173.49433748830648,164.29918334807505,173.73634285045489,163.88265492776108,173.29176101259088,164.11178833348643,173.73634285045489,164.07004994234967,173.50374725562088,164.19526164736831,173.67883390805827,164.04876340642946,173.60540523281114,164.23783471920879,173.51099669982207,163.81879532000039,173.39125866666794,163.96696639073832,173.63289505608941,164.59050006337037,174.15090556920046,164.11178833348646,173.50121795978072,164.75744669113411,174.15343486504065,163.34091827082014,172.85405964620111,165.09133994666158,174.57052687962641,162.92355170141082,173.29105359654454,167.50787183536724,168.50192281422554,170.37869459224029,168.86745488626934
179.52229108240459,178.32831623158583,178.05634213234961,180.4806262718277,174.91481500507899,184.00216453526141,173.62687323497823,183.81248345693922,173.71234555245002,183.76684196235803,173.67969255842138,183.39962162771107,173.31444204521995,183.75955295500657,173.81279049917831,183.50548263157648,173.51306838064716,183.99158234902788,173.9545587285846,183.55841313350922,173.49103818439494,183.84910240105086,173.74652262584303,183.45255212964381,173.45959822082833,183.84910240105086,173.87021079928553,183.73022301824639,173.71573349865207,183.90203290298356,173.82606176449178,183.67729251631368,173.54789629041582,183.57143151244827,173.49433748830768,183.67729251631368,173.87962056659993,183.95496340491627,173.78191272969806,183.81977246429071,173.91435983407925,184.150373854826,174.18922600424253,184.150373854826,173.91435983407925,183.81977246429071,173.78191272969804,183.95496340491627,173.87962056659993,183.67729251631368,173.49433748830768,183.71391146042529,173.87021079928553,184.00789390684898,174.00330874004246,183.95496340491627,173.75047276613142,183.766841962358,173.82606176449178,183.90203290298356,173.71573349865207,183.67729251631368,173.75047276613142,183.84910240105086,173.67158446385835,183.73022301824639,173.91435983407928,183.93865184709514,173.61802566175018,183.64067357220208,173.85759037034774,183.84910240105083,173.47221864976612,183.54210157568812,173.84423046274492,183.95496340491624,173.72505462367718,183.73022301824639,173.76864146438456,183.67729251631366,173.51306838064716,183.57143151244827,173.43691718820045,183.50548263157648,173.88894169162501,184.07384278772074,173.51645632684921,183.52908319674907,174.38785233966971,184.41746255719505,173.02149581909291,183.04298347929773,174.74104461801966,184.70815182473666,172.36801922812543,183.3621261266579,177.23042009486599,178.23585207595374,180.20613990853488,178.63682422483501
169.97808226879613,168.89385462731605,168.70046685628955,170.9755457293177,165.6314003054118,174.07966774647406,164.11262648258182,173.73239271016629,164.23615842101808,173.85213074332037,164.38349481105229,173.58263555789384,164.02747687050922,173.93496918588193,164.5708898256409,173.78737235672273,164.31963173489993,174.22254442727231,164.73699830430925,173.89770062256247,164.40310504878178,174.1122161614326,164.40394319787717,173.49038734801795,164.00702848368437,173.93496918588195,164.59133821246576,173.87962056659865,164.29918334807505,173.84272097600604,164.29918334807505,173.75988253344454,164.32046988399529,173.84272097600606,164.27789681215484,173.87021079928428,164.59133821246576,174.13970598471087,164.48657836266366,173.98053906512393,164.63223845450716,174.36977228370463,164.96612824164296,174.36977228370461,164.63223845450716,173.98053906512396,164.48657836266366,174.13970598471084,164.59133821246576,173.87021079928431,164.27789681215484,173.96245900916017,164.59133821246576,174.08219704231425,164.54876514062531,173.96245900916011,164.32046988399529,173.75988253344454,164.29918334807505,173.73239271016632,164.04960155552482,173.58263555789387,164.36137012603669,174.05470721903606,164.5078648985839,173.99935859975275,164.6535249904274,174.16503548487574,164.46529182674342,173.9993585997527,164.69609806226785,174.05470721903603,164.17313696235271,173.81270185688768,164.75828484022949,174.35169222774087,164.5905000633704,173.98053906512396,164.52831675380042,174.04745777483495,164.549599821329,174.01996795155671,164.25744842532995,173.60071561385766,164.40310504878178,174.08472633815441,164.1330748694067,173.66510502772846,165.09050179756622,174.63963644185813,163.88265492776108,173.34026122301859,165.42439505309369,174.84474221341389,163.19442002988129,173.63218764004304,167.80002669975795,168.65640011485897,170.42900460159609,168.92348068966891
179.81441700416448,178.69553656623276,178.52841379349178,180.94641860298856,175.27655840038145,184.17397441999859,173.58997364438562,183.83279084322973,173.88743220488743,184.17970379158618,174.21868292927451,183.90203290298354,173.69210517337297,184.11046173183237,174.16512412716637,183.95496340491624,173.95765021851111,184.44106312236764,174.39914056644858,184.09744335289329,174.0459482880986,184.29858317439061,173.98852798799138,183.57143151244827,173.51494684011161,184.02091228578803,174.13970598471209,183.90203290298356,173.67883390805946,183.69031089525274,173.56850564221975,183.70662245307383,173.90022991840388,184.07384278772074,173.96640914944985,183.99158234902788,174.05470721903734,184.12677328965344,173.93166988197052,183.99158234902788,174.08944648651666,184.32218373956317,174.33898315651498,184.32218373956317,174.08944648651666,183.99158234902788,173.93166988197049,184.12677328965344,174.05470721903734,183.99158234902788,173.96640914944985,184.17970379158615,174.13970598471209,183.99158234902788,173.78916217389917,183.79617189911815,173.69765344268828,183.75955295500654,173.79857194121357,183.74324139718544,173.47625743234386,183.57143151244827,173.84272097600731,184.07384278772074,173.93166988197052,183.95496340491627,174.09885625383106,184.21632273569773,173.99784911301646,184.09744335289329,174.26274332177891,184.21632273569773,173.8339620450686,184.09744335289329,174.51887859960269,184.54692412623302,174.07738825166524,183.99158234902788,174.03597632669783,184.26925323763044,174.3649634930556,184.40444417825603,174.00123705921851,183.76684196235797,173.94429031090829,184.13979166859249,173.54647544596756,183.61134363544193,174.57234875942152,184.73175238990925,173.39190950304479,183.35727331201193,174.92554103777147,184.93289221140654,172.72035285611352,183.86453740193036,177.70249175600816,178.46059246262362,180.12571958332398,178.41122518781549
169.87174645604071,168.78427002180834,168.58629723917304,170.85250839225097,165.50702674948852,173.95663040940741,164.00786663277972,173.74501313910426,164.40226689968642,174.16173618096312,164.75828484022949,173.86691149537165,164.15268510713616,173.92226011465499,164.46612997583878,173.68966451982101,164.23615842101805,174.13424635768499,164.65352499042737,173.80940255297511,164.3196317348999,174.01450832453088,164.29918334807505,173.3673500109513,163.88265492776108,173.81193184881528,164.48657836266364,173.66217469654276,163.94484170572272,173.31237036439484,163.69525991317249,173.33986018767305,164.21571003419317,173.93166988196941,164.42439158470202,173.78191272969696,164.27789681215481,173.75442290641874,164.15352325623155,173.67158446385716,164.29918334807505,173.87416093957276,164.40310504878178,173.87416093957276,164.29918334807505,173.67158446385716,164.15352325623155,173.75442290641874,164.27789681215481,173.78191272969696,164.42439158470202,174.05140791512352,164.48657836266364,173.66217469654276,163.94484170572272,173.43210839754894,163.96612824164296,173.55184643070305,164.21571003419319,173.63468487326455,163.94484170572272,173.45959822082716,164.2369965701134,173.81193184881528,164.13223672031131,173.56992648666687,164.29918334807505,173.9316698819693,164.34091827082014,173.8922409955365,164.61095191858692,174.04199814780901,164.27873149285853,173.98664952852576,164.9031067829776,174.24457462352473,164.23615842101805,173.57933625398127,164.21654818328855,173.98448920541247,164.73532200611851,174.25398439083901,164.42522973379738,173.60682607725943,164.29834519897969,173.86728046809853,163.77873322705435,173.2544924492714,164.75744669113411,174.43160033911664,163.77789507795899,173.1322251202771,165.09133994666158,174.55386766811094,163.1109467159994,173.74646604617129,167.9661351784263,168.57751181258593,169.98808823061569,168.26486228161477
179.69495961749138,178.47079617956285,178.16667039818932,180.53355677376041,174.92422477239339,184.00216453526141,173.61746346766381,183.90203290298354,173.92433179548004,184.15037385482603,174.17925404284176,183.87270296622339,173.63675655408966,183.90203290298356,173.81279049917831,183.50548263157648,173.51306838064716,183.99158234902788,173.95455872858463,183.55841313350919,173.49103818439494,183.84910240105086,173.74652262584303,183.45255212964381,173.45959822082833,183.90203290298356,173.98994883243964,183.73022301824639,173.50374725562207,183.42895156447125,173.21617201423169,183.34669112577839,173.65822455625553,183.95496340491627,173.91106053016657,183.73022301824639,173.58263555789517,183.62436201438095,173.57933625398243,183.73022301824639,173.82211162420339,183.81977246429068,173.68966451982214,183.73022301824639,173.71178335836368,183.73022301824639,173.68966451982214,183.766841962358,173.70237359104928,183.78315352017907,173.91106053016657,184.09744335289329,173.98053906512524,183.73022301824639,173.51315702293647,183.62436201438098,173.64881478894111,183.81977246429071,173.95520956496028,183.95496340491627,173.70632373133768,183.73022301824639,173.87962056659993,183.90203290298354,173.56992648666804,183.54210157568812,173.746522625843,183.95496340491624,173.82276246057907,183.92563346815612,174.11298616950648,184.04451285096056,173.65887539263122,183.83608402211181,174.16654497161463,184.04451285096056,173.51306838064716,183.45255212964381,173.60080425614828,183.87270296622339,174.03070992103136,184.09744335289329,173.76864146438456,183.61134363544193,173.88894169162504,184.02091228578803,173.30447008381918,183.25141230814648,174.22001513143346,184.47039305912776,173.2168228506074,183.09591398123044,174.57320740978341,184.5729608841111,172.47834749396515,183.7456580191259,177.64714313672485,178.28878257788645,179.7666749518531,177.9309778234973
170.00877857203076,168.81826562895566,168.49178530578072,170.72270975540667,165.44400529082318,174.12381678126778,164.38349481105229,174.07352675366482,164.52831328540876,174.12634607710794,164.69526338156416,173.94909910155727,164.31963173489993,173.98852798799001,164.38349481105229,173.54394615012606,164.13223672031131,174.07136643055154,164.54960328972066,173.54394615012606,163.96612824164296,173.86878995483593,164.46612997583878,173.74652262584166,164.29918334807505,174.09885625382975,164.6535249904274,173.92376960139234,164.32046988399529,173.77654174496004,164.11178833348646,173.62678459268756,164.38265666195693,174.09885625382975,164.57005167654552,173.80403156823826,164.1330748694067,173.68429353508415,164.29918334807505,174.00660804395383,164.6535249904274,174.00660804395383,164.29918334807508,173.80403156823823,164.40394319787717,174.00660804395383,164.54876514062528,174.00660804395386,164.40394319787717,173.92376960139239,164.57005167654552,174.20918451966946,164.63223845450716,173.92376960139234,164.34175641991553,174.00660804395383,164.61095191858692,174.23667434294765,164.86220654093623,174.30359305265867,164.57005167654552,174.03409786723205,164.6535249904274,174.09885625382975,164.29918334807505,173.74652262584166,164.46612997583881,174.09885625382975,164.48657836266366,174.04350763454642,164.75828484022949,174.09885625382978,164.19442349827295,173.74652262584166,164.5708898256409,173.98852798799004,164.13223672031131,173.62678459268756,164.36220827513208,174.01601781126823,164.61178659929064,174.09885625382975,164.34092173921184,173.77401244911988,164.69525991317249,174.3408616159781,164.19526164736834,173.5320070869715,164.90310678297763,174.57345721081208,163.90394146368132,173.27408199197259,165.2370000385051,174.71164427265691,163.25660680784293,173.88832291786676,168.09218156414863,168.70054914965272,170.10999478524755,168.38632365572829
179.56160879034778,178.38038808316892,178.14375901537494,180.56288671052056,174.98898315899106,184.17397441999856,173.87754888577601,184.07384278772071,173.89684197220183,183.99158234902791,174.03202618640944,183.90203290298354,173.78651370636211,184.02091228578803,173.86813911846158,183.62436201438095,173.7550737427955,184.29858317439061,174.18715432341858,183.62436201438095,173.43605853783851,183.96798178385532,174.09885625383109,183.95496340491627,173.93166988197049,184.21632273569776,174.16503548487702,184.04451285096059,173.97581891676424,184.07384278772074,173.89082015108946,183.84910240105086,173.90022991840388,184.07384278772074,173.96640914944985,183.79617189911815,173.6126546770135,183.74324139718544,173.84667111629571,184.12677328965344,174.23195419458801,184.12677328965344,173.84667111629571,183.88572134516247,173.93496918588323,184.12677328965344,174.14365612500049,184.12677328965344,173.9349691858832,183.93865184709517,173.96640914944985,184.07384278772074,173.90022991840388,183.84910240105086,173.89082015108946,184.21632273569776,174.29813342563398,184.32218373956317,174.22254442727359,184.12677328965344,173.85608088361013,183.99158234902788,174.16503548487702,184.21632273569773,173.93166988197049,183.95496340491627,174.09885625383106,184.16339223376505,173.87811107986235,183.9549634049163,174.15241505593923,184.020912285788,173.5022377688845,183.57143151244827,173.90898884934259,184.020912285788,173.74566397548111,183.84910240105089,174.04538609401223,184.17970379158612,174.1529772500256,184.16339223376505,173.82399008366784,183.81977246429068,174.2412753196131,184.52332356106049,173.86878995483724,183.70089308148624,174.45261072626738,184.53634193999952,173.16184320405097,183.1618628621022,174.80580300461736,184.87996170947383,172.72035285611352,183.81160689999766,177.58275372285402,178.26518201271392,179.84272278239746,178.09607670475165
169.26915385138614,168.23918635955033,168.13350409958684,170.48604484858754,165.23615842101805,173.91248137461372,164.19526164736831,173.79311231418649,164.13139857121595,173.61802566174907,164.21654818328855,173.59269616158417,164.09049832917455,173.75837304670719,164.17397511144807,173.43352924199732,164.1739716430564,174.14760626528786,164.57005167654552,173.43352924199726,163.77789507795899,173.75837304670713,164.48657836266364,173.82276246057796,164.34091827082014,173.99784911301535,164.46529182674342,173.84809196074286,164.40310504878178,173.99784911301535,164.40310504878178,173.70302442742383,164.15352325623155,173.67553460414561,164.13223672031131,173.49828762859494,163.94484170572272,173.49828762859494,164.13223672031131,173.79527263729972,164.42439158470202,173.79527263729972,164.13223672031131,173.60861589443465,164.19442349827295,173.79527263729972,164.36220480674038,173.79527263729972,164.19442349827295,173.60861589443465,164.13223672031131,173.5652063383059,163.90394146368132,173.40603941871905,164.17313696235271,173.99784911301538,164.63307313521085,173.91501067045388,164.19442349827295,173.49828762859502,163.88265492776108,173.61802566174907,164.46529182674342,173.99784911301532,164.34091827082014,173.82276246057793,164.48657836266364,173.87811107986124,164.04876340642946,173.52577745187318,164.29918334807505,173.64804478086748,163.71570829999735,173.20346294300347,164.11178833348646,173.75837304670716,164.15268510713616,173.70302442742386,164.40394319787714,173.90560090313951,164.4022668996864,173.87811107986127,164.13307486940667,173.55326727515143,164.48574021356828,174.2304447078493,164.2369965701134,173.49791865586806,164.67397337725225,174.05572702813879,163.23615842101805,172.75635180929925,165.00786663277972,174.56722757571382,163.04875993803779,173.37059273519344,167.40311198556512,168.09131023576836,169.66690989278942,168.0890984450611
179.18711125140541,178.14848167069314,178.10918921588708,180.58648727569312,174.95896403987271,184.1080255391268,173.82220026649273,184.04451285096056,173.85741308576908,183.81977246429074,173.74661126813234,183.64067357220205,173.63675655408969,183.99158234902788,173.92311876501802,183.64796257955351,173.72505462367715,184.23263429351886,174.13180570413527,183.64796257955351,173.51636768455987,183.99158234902788,174.04350763454781,183.83608402211181,173.78191272969804,184.04451285096059,173.98994883243964,183.92563346815612,173.94579979764589,184.09744335289329,173.94579979764589,183.73022301824639,173.54789629041582,183.62436201438098,173.61407552146176,183.67729251631368,173.66763432356993,183.67729251631368,173.61407552146176,183.67729251631368,173.66763432356993,183.67729251631368,173.61407552146176,183.73022301824639,173.78737235672403,183.81977246429071,173.72440378730147,183.67729251631368,173.55730605773022,183.58774307026937,173.61407552146176,183.62436201438098,173.45564808053993,183.54210157568812,173.76855282209522,184.06082440878168,174.0402083306351,183.7831535201791,173.48097758070483,183.38331006988997,173.29176101259208,183.64067357220208,173.99935859975403,184.09744335289329,173.89224099553775,183.92563346815612,174.04350763454778,183.95496340491627,173.52577745187429,183.59503207762083,173.91040969379088,183.90203290298354,173.44688914960119,183.45255212964381,173.75923169707013,183.90203290298354,173.69031535619783,183.73022301824642,173.80338073186391,183.81977246429068,173.80064362203754,183.95496340491627,173.76864146438456,183.70089308148621,173.99926995746472,184.21632273569776,173.63619436000332,183.49246425263746,174.1852758639541,184.08686116665976,172.63226260051223,182.71238208876244,174.53846814230408,184.67153288062505,172.48775726127957,183.41505662859058,177.1381718849901,177.90525068541848,179.5640984761375,177.84142837745298
169.90312814175618,168.93514738006888,168.92319369688195,171.20891133222423,165.7770603972553,174.40744188236974,164.675649675443,174.43999029732828,164.84008185592063,174.17049511190169,164.46696812493417,173.79067166063544,164.38181851286154,174.3549915316535,164.92523146799323,174.03014772694365,164.46529182674342,174.3549915316535,164.84175815411137,174.03014772694362,164.54876514062528,174.3549915316535,164.75828484022949,173.91040969378952,164.36137012603669,174.14300528862347,164.67481152634761,174.08765666934019,164.6535249904274,174.26274332177761,164.6535249904274,173.8829198705113,164.19526164736834,173.76318183735719,164.38265666195693,174.06016684606197,164.67481152634764,174.06016684606197,164.38265666195693,173.76318183735719,164.19526164736834,173.76318183735719,164.38265666195693,174.06957661337637,164.69609806226788,174.0854963462269,164.40227036807809,173.76318183735719,164.17564794124718,173.74726210450666,164.38265666195693,173.9657583130728,164.44484343991857,174.00265790366544,164.67481152634764,174.27215308909197,164.6535249904274,173.8829198705113,164.19526164736834,173.64344380420312,164.11178833348646,173.85759037034637,164.69609806226788,174.26274332177758,164.61095191858692,174.11298616950512,164.75828484022949,174.15241505593789,164.29918334807505,173.91040969378952,164.82047161819114,174.3549915316535,164.48657836266366,173.91040969378949,164.63307660360252,174.15241505593789,164.42439158470202,173.8829198705113,164.42439505309369,173.88291987051133,164.42439158470202,174.15241505593787,164.63307660360252,174.03014772694362,164.75744669113413,174.32750170837528,164.27873496125019,173.67781409895554,164.92439331889787,174.33003100421544,163.5078648985839,173.03065578537596,165.25828657442534,174.85745128464092,163.34008012172478,173.76463474442423,167.90478654956004,168.65969941877165,170.18159133052362,168.45175922644225
179.77359503337777,178.78666189045984,178.82045629685643,181.1784479970099,175.31129766786077,184.31645436797561,173.9697970956519,184.35151367632329,174.2766654234681,184.12677328965347,173.80195988741562,183.60805045655985,173.69210517337294,184.35151367632335,174.46210913587112,184.00789390684895,173.78040324296043,184.20001117787666,174.18715432341855,184.00789390684898,174.05535805541302,184.35151367632332,174.09885625383106,183.71391146042527,173.63468487326568,184.02091228578803,174.01996795155802,183.90203290298356,173.89082015108946,184.07384278772074,173.97581891676424,183.84910240105086,173.72298294285321,183.88572134516247,173.96640914944982,184.17970379158615,174.23195419458798,184.12677328965344,173.84667111629571,183.74324139718544,173.6126546770135,183.74324139718544,173.84667111629571,184.12677328965344,174.23195419458798,184.17970379158615,173.96640914944982,183.88572134516247,173.72298294285321,183.79617189911815,173.8560808836101,184.07384278772074,174.10280639411948,184.17970379158615,174.18780515979424,184.21632273569776,174.0011484169292,183.93865184709517,173.90022991840385,183.93136283974371,173.73634285045603,183.84910240105086,174.05470721903731,184.21632273569776,174.0419981478102,184.04451285096059,174.09885625383106,184.02091228578803,173.64804478086853,183.90203290298356,174.35499153165483,184.44106312236761,174.00179925330488,183.90203290298356,174.00123705921851,184.020912285788,173.74566397548111,183.79617189911818,173.83339985098223,183.79617189911812,173.74566397548111,184.02091228578803,174.00123705921851,184.00789390684895,174.24127531961307,184.28227161656952,173.57180494613249,183.50548263157651,174.30754319294834,184.39386199202249,173.07684443837621,183.10893236016949,174.77106373713801,184.82703120754113,172.63535409043874,183.81160689999766,177.7600006984047,178.59578340324921,180.16503729126717,178.23855665272868
169.55342440025535,168.70080209653494,168.83193946788174,171.05178556405389,165.42355343560666,173.76667436262971,163.9031067829776,173.71422401191347,164.27789334376314,173.63138556935195,163.92439331889784,173.14990414089536,163.79834346478384,173.89147098746406,164.59133821246576,173.56662718275419,163.88181677866572,173.70481424459899,164.27789681215481,173.56662718275419,164.19525817897664,173.89147098746409,164.19442349827295,173.26964217404944,163.79918161387923,173.6038957460737,164.13223672031131,173.36189038392538,163.86136839184084,173.5116475361979,164.07004994234967,173.53913735947606,164.13223672031131,173.74171383519163,164.31963173489993,173.86145186834574,164.40310504878178,173.74171383519163,164.04876340642946,173.41939932632192,163.88265492776108,173.41939932632192,164.04876340642946,173.73230406787724,164.38181851286154,173.83612236818081,164.30001802877877,173.74171383519163,164.15185042643247,173.55505709232656,164.0700499423497,173.7163843350267,164.34091827082014,173.82671260086641,164.31963173489993,173.73230406787724,164.11095018439107,173.64946562531577,164.34091827082014,173.80863254490268,164.07004994234967,173.4722186497651,164.17313696235271,173.83396204506752,164.27873149285853,173.65887539263014,164.19442349827295,173.5022377688835,163.71570829999735,173.44688914960017,164.48657836266364,174.00179925330389,164.15268510713616,173.44688914960017,164.04960155552482,173.50223776888348,163.86053024274548,173.41939932632195,164.07088809144506,173.41939932632204,163.86053024274548,173.50223776888348,164.04960155552482,173.5666271827543,164.42355343560664,173.85457139687151,163.67397337725225,173.00230731173616,164.34091827082014,173.9768387258658,163.42355343560664,172.88003998274189,164.92439331889784,174.3016825305757,162.75660507364708,173.40203269876011,167.79918855066256,168.63172145106978,170.11576346853408,168.25372917334096
179.18711125140541,178.34389212060287,178.55124175791093,180.97001916816112,175.04396280554749,183.77742414859151,173.23764001639756,183.57143151244824,173.62009734257416,183.67729251631368,173.56936429258167,183.31007218166675,173.31444204521998,183.84910240105086,173.92311876501802,183.50548263157648,173.40274011480744,183.84910240105086,173.83482069543052,183.50548263157651,173.49103818439494,183.84910240105086,173.74652262584303,183.50548263157651,173.57933625398243,183.90203290298356,173.77796258940967,183.45255212964381,173.33591004738582,183.57143151244827,173.61407552146179,183.67729251631368,173.75988253344582,183.86541395887195,173.79132249701246,183.81977246429071,173.81270185688896,183.766841962358,173.57933625398243,183.53481256833666,173.47230729205546,183.53481256833666,173.57933625398243,183.766841962358,173.81270185688899,183.87270296622341,173.91106053016654,184.06082440878168,173.98994883243964,183.81977246429071,173.61407552146176,183.67729251631368,173.66763432356993,183.73022301824639,173.73381355461586,183.766841962358,173.65822455625553,183.73022301824639,173.83547153180621,183.81248345693925,173.50374725562207,183.54210157568812,173.81270185688896,184.09744335289329,173.98664952852695,183.83608402211181,173.746522625843,183.57143151244824,173.20346294300458,183.45255212964381,173.91040969379088,183.90203290298354,173.44688914960119,183.31007218166678,173.43691718820043,183.51850101051554,173.39333034749305,183.53481256833666,173.65831319854485,183.53481256833663,173.39333034749305,183.51850101051556,173.43691718820045,183.50548263157648,173.88894169162501,183.93136283974371,173.1941418179795,183.05600185823675,173.88829085524932,184.08686116665976,172.92924760921704,182.95343403325342,174.53846814230408,184.43048093613407,172.19077225257479,183.41505662859058,177.43515689369485,178.28878257788648,179.88641298500721,177.98390832542998
169.61885759288697,168.82333597523217,169.01607677807823,171.35471834420827,165.79834693317554,174.05368740993339,164.02999131779532,173.78925081618715,164.38181851286157,174.01931711518094,164.55044143881602,173.73390219690384,164.15352325623155,173.99182729190272,164.50786836697557,173.66698348719288,164.23699657011343,174.17848403476779,164.65436313952276,173.66698348719288,164.09050179756622,173.99182729190272,164.5708898256409,173.96396849589766,164.6535249904274,174.39914056644722,164.73699830430925,173.84423046274355,164.21654818328855,173.89957908202683,164.44484343991854,173.92706890530508,164.48741651175902,173.99398761501604,164.40394319787717,173.92706890530505,164.52831675380042,174.01931711518097,164.40394319787717,173.81674063946534,164.27873496125019,173.81674063946537,164.40394319787717,174.02872688249536,164.54960328972066,174.07213643862411,164.6944252324688,174.43604015703986,164.98825292665856,174.23346368132425,164.44484343991857,173.84207013963029,164.27873496125019,173.85147990694466,164.46612997583881,174.02872688249536,164.48741651175902,173.93647867261947,164.46612997583878,173.89957908202683,164.19526164736831,173.84423046274355,164.75828484022949,174.51887859960135,164.90310678297763,174.16654497161326,164.5708898256409,173.90898884934126,164.11178833348646,173.75923169706877,164.63307660360252,174.00123705921715,164.04960155552482,173.43691718819906,164.17481326054346,173.78925081618715,164.23699657011343,173.81674063946534,164.44568158901393,173.81674063946537,164.23699657011343,173.78925081618712,164.17481326054346,173.66698348719288,164.57005167654552,174.1509942114896,164.0504397046202,173.4343878923589,164.77789854635066,174.40891930648851,163.80001976297459,173.29620083051412,165.34175988830719,174.73376311119839,163.15268510713619,173.73319478085762,167.98825986344193,168.73858772104472,170.25318787579965,168.51719479715624
179.56160879034778,178.62872903501136,178.70554959055283,181.1784479970099,175.38688666622116,184.17397441999859,173.5718935884218,183.87843233781098,173.94494114728397,184.21632273569779,174.24401242943946,183.90203290298354,173.66677567320801,183.96798178385535,173.86813911846158,183.57143151244824,173.6353357096414,184.15610322641359,174.07682605757887,183.57143151244824,173.42664877052411,183.91505128192262,173.98852798799138,183.95496340491627,174.1342463576861,184.49399362430034,174.3422824604277,184.04451285096059,173.89082015108946,184.07384278772074,173.97581891676424,183.84910240105086,173.72298294285321,183.74324139718544,173.64409464058011,183.84910240105086,174.05470721903734,184.12677328965344,173.93166988197049,183.79617189911815,173.64739394449285,183.79617189911815,173.93166988197049,184.17970379158615,174.17444525219142,184.1340622970049,174.07673741528953,184.32218373956317,174.35169222774209,184.23263429351886,173.96640914944982,183.93865184709517,173.84272097600731,183.99158234902788,174.08614718260395,184.17970379158615,174.01996795155799,183.90203290298356,173.79857194121357,183.83279084322976,173.67883390805946,183.95496340491627,174.35169222774209,184.54692412623305,174.24457462352581,184.04451285096059,173.98852798799135,184.020912285788,173.75837304670824,183.90203290298356,174.15241505593923,184.020912285788,173.50223776888447,183.51850101051556,173.78925081618848,183.93136283974368,173.7550737427955,183.79617189911818,173.82399008366784,183.79617189911812,173.7550737427955,183.93136283974371,173.78925081618848,183.766841962358,174.06402834406239,184.1927221705252,173.54647544596756,183.55841313350922,174.45261072626738,184.58927244193222,173.28158123720507,183.30434281007922,174.91613127045704,184.93289221140654,172.72976262342792,183.86453740193036,177.69308198869368,178.40766196069092,179.96246081555157,178.14900720668436
169.65907483053002,168.70365837857594,168.67139940525098,170.99822676194583,165.58966191427501,173.8903625360723,163.84092000501599,173.54308749976454,164.19442002988129,173.98514004178836,164.63223845450716,173.71564485636176,163.98573847937243,173.63533570964043,164.04960155552482,173.19075387177648,163.79834346478384,173.71817415220193,164.21571003419317,173.19075387177648,163.63223498611546,173.51559767648635,164.13223672031131,173.51306838064619,164.23615842101805,174.07738825166427,164.59050006337037,173.83538288951587,164.29834519897969,173.87481177594867,164.27873149285853,173.4949883246824,163.84008185592063,173.28084175853908,163.77789507795899,173.49498832468237,164.34091827082014,173.87481177594864,164.23615842101805,173.485578557368,163.86136839184084,173.485578557368,164.23615842101805,173.98514004178836,164.59050006337037,173.90230159922686,164.25744495693829,173.80789306623765,164.36053197694133,173.80789306623765,164.25744495693829,173.78256356607272,164.31963173489993,173.89289183191246,164.50702674948852,173.98514004178836,164.31963173489993,173.60531659052205,164.04876340642946,173.57782676724383,164.04876340642946,173.72505462367616,164.59050006337037,174.07738825166427,164.23615842101805,173.51306838064616,164.13223672031131,173.74566397548014,164.15268510713616,173.69031535619683,164.42439158470202,173.74566397548014,163.86053024274548,173.39333034749203,164.2369965701134,173.75507374279454,164.06921179325431,173.48557855736792,164.02831501960458,173.48557855736794,164.06921179325431,173.75507374279445,164.2369965701134,173.63280641380027,164.40226689968642,173.92075062791756,163.86136839184084,173.36547155148696,164.7991816138792,174.34000296561661,163.61094845019525,173.0565474796276,165.15268857552786,174.66484677032648,163.17396817466474,173.6454589053568,167.75661547882208,168.37558617324606,169.79458513070782,168.07796533678726
179.52229108240456,178.47079617956285,178.37865664121935,180.8641581642957,175.2118000137838,184.00216453526141,173.32988822627345,183.51850101051554,173.59260751929594,184.00789390684901,174.18866381015619,183.87270296622339,173.62734678677529,183.84910240105086,173.70246223333859,183.36300268359946,173.39333034749305,183.88572134516247,173.83482069543052,183.36300268359946,173.26097188540112,183.65369195114113,173.62678459268892,183.3996216277111,173.45959822082833,183.90203290298356,173.98994883243964,183.87270296622341,173.82606176449181,183.90203290298356,173.7157334986521,183.53481256833666,173.42815825726174,183.51850101051554,173.49433748830768,183.67729251631368,173.87962056659995,183.95496340491624,173.78191272969806,183.62436201438098,173.47230729205546,183.62436201438095,173.78191272969806,184.09744335289329,174.20193507546966,184.06082440878168,173.79132249701246,183.766841962358,173.69296382373489,183.766841962358,173.79132249701246,184.00789390684898,174.08219704231556,184.150373854826,174.11363700588217,184.09744335289329,173.87021079928553,183.766841962358,173.7063237313377,183.75955295500654,173.60540523281239,183.73022301824639,173.98053906512524,183.93865184709514,173.45959822082833,183.31007218166678,173.51645632684921,183.79617189911812,173.69361466011057,183.73022301824639,173.89232963782706,183.84910240105083,173.52972759216271,183.67729251631368,173.93647867262084,183.84910240105083,173.48557855736897,183.48188206640395,173.53857516539074,183.57143151244824,173.59590682320865,183.84910240105086,173.82615040678112,183.83608402211181,174.09151816734064,184.11046173183234,173.3967182936951,183.38660324877205,174.27752407383002,184.41746255719505,173.13182408493262,183.13253292534205,174.74104461801969,184.70815182473666,172.46026743800135,183.55024756921614,177.40766707041666,178.18292157402107,179.7666749518531,177.93097782349727
169.83084383591699,168.80662906231228,168.67755146817325,171.0765528701323,165.81963346909575,174.19008465460303,164.09217809575696,173.65615287543022,164.19442349827295,174.07287591728908,164.84259630320673,174.10036574056733,164.46529182674342,174.15571435985058,164.55044143881602,173.72054228930102,164.29918334807505,174.24796256972647,164.7165499174844,173.72054228930102,164.1330748694067,173.92564806085679,164.36220827513205,173.48106622299281,163.94567985481808,173.8333998509809,164.54960328972066,173.98062770741319,164.48741651175902,173.94372811682061,164.25744842532995,173.64890343122909,164.23783471920879,173.91839861665565,164.46612997583878,173.9712179400988,164.54960328972066,174.06346614997469,164.46612997583878,173.86088967425908,164.30002149717043,173.86088967425908,164.46612997583878,174.18320418312879,164.82047161819114,174.18320418312879,164.46612997583878,173.86088967425908,164.30002149717043,173.86088967425908,164.46612997583878,174.18320418312879,164.82047161819114,174.3029422162829,164.73699830430925,174.18320418312879,164.54960328972066,173.9712179400988,164.46612997583878,173.91839861665568,164.23783471920879,173.76864146438319,164.52831675380042,173.91623829354239,163.94567985481808,173.27848974727721,164.11262648258182,173.92564806085679,164.38265666195693,173.80338073186252,164.44568158901393,173.953137884135,164.32046988399529,173.98062770741319,164.7165499174844,173.94372811682061,164.02831501960458,173.53857516538937,164.21738633238394,173.74115164110498,164.27789681215484,173.94372811682058,164.46696812493417,174.00811753069141,164.84092000501599,174.30547151212306,164.11262648258182,173.47853692715265,164.7991850822709,174.45306834128223,163.86220654093623,173.34034986530784,165.36304642422743,174.65817411283803,162.94400355662737,173.45502930678165,167.75996460681191,168.66299872268434,170.30349788515548,168.5732206005558
179.52229108240459,178.41786567763018,178.25891860806516,180.811227662363,175.30404822365966,184.279835423864,173.70971167753973,183.79617189911812,173.6848557291718,184.04451285096061,174.27150225271765,184.15037385482597,174.01658000535593,184.26925323763047,174.10761518476977,183.87270296622339,173.98514004178932,184.54692412623305,174.42663038972677,183.87270296622341,173.66612483683232,184.07384278772074,174.01601781126956,183.67729251631368,173.54243666338979,183.93865184709517,174.0821970423155,184.06082440878168,174.00330874004246,183.93865184709517,173.62132496566289,183.57143151244827,173.69765344268828,184.03722384360913,174.08614718260392,184.04451285096059,173.96245900916142,183.99158234902788,173.87416093957393,183.90203290298356,173.85213074332171,183.90203290298356,173.87416093957393,184.04451285096059,174.08219704231553,184.04451285096059,173.87416093957393,183.90203290298356,173.85213074332171,183.90203290298356,173.87416093957393,184.04451285096059,174.08219704231553,184.09744335289329,173.99389897272803,184.04451285096059,173.96245900916142,183.95496340491627,173.88357070688835,183.79617189911815,173.51099669982318,183.67729251631368,174.0474577748362,184.07384278772071,173.54243666338982,183.34669112577839,173.60870453672507,183.98429334167642,173.87086163566124,183.81977246429071,173.91765913799199,183.99158234902785,173.82671260086749,184.00789390684901,174.13905514833641,183.84910240105083,173.37525029152923,183.57143151244827,173.85147990694603,183.90203290298354,173.78256356607369,183.84910240105089,173.73174187379195,183.87270296622341,174.26876514289128,184.35151367632332,173.60870453672507,183.47615269481636,174.2681143065156,184.50701200323937,173.34381032796261,183.37358486983302,174.91829159357036,184.65522132280395,172.16328242929654,183.25626512279248,177.2879290372625,178.37104301657931,180.24545761647809,178.4641556897482
169.65907483052999,168.58392034542177,168.40053107678051,170.7862405189158,165.58966191427501,174.17793777746263,164.29918334807505,173.8306627411549,164.19442002988129,173.88348206459801,164.61095191858692,174.00322009775209,164.46528835835176,174.15297725002455,164.54876514062528,173.81872367800031,164.52747513631337,174.53280070129082,164.94484170572272,173.81872367800031,164.13139857121595,174.03323921687044,164.61178659929061,173.80064362203649,164.21487188509781,173.9757302744739,164.5905000633704,174.01262986506651,164.50702674948852,173.86540200863425,164.04876340642946,173.39333034749205,164.04876340642946,173.86540200863422,164.50702674948852,173.89289183191244,164.31963173489993,173.77315379875833,164.23615842101805,173.77315379875833,164.31963173489993,173.77315379875833,164.23615842101805,173.77315379875833,164.31963173489993,173.77315379875833,164.23615842101805,173.77315379875833,164.31963173489993,173.77315379875833,164.23615842101805,173.77315379875833,164.31963173489993,173.77315379875833,164.23615842101805,173.77315379875833,164.31963173489993,173.78256356607275,164.25744495693829,173.5684169999295,163.81879532000039,173.51306838064619,164.549599821329,174.13489719406078,164.21487188509781,173.41141040345585,164.13223672031131,173.92291095103081,164.36136665764502,173.80064362203655,164.46529182674342,173.97573027447399,164.34008012172478,173.89289183191244,164.48657836266366,173.66282553291862,163.81963000070408,173.59590682320757,164.52747860470507,173.9851400417883,164.29917987968338,173.66282553291862,164.00702848368437,173.6233966464859,164.61094845019525,174.21773563662231,164.13223672031131,173.47579981732665,164.77789507795899,174.45033123145629,163.88181677866572,173.35353248833232,165.36137012603669,174.5451087371724,162.69441829568544,173.13648765362205,167.48574715035164,168.55283314879671,170.3844632755268,168.73486040388198
179.56160879034775,178.43331858510157,178.2634970485291,180.70536665849758,175.09931142483077,184.17397441999856,173.76722061993632,183.93136283974368,173.77710393904772,183.99158234902791,174.15176421956357,184.04451285096056,173.89684197220186,184.07384278772074,173.87754888577598,183.67729251631366,173.86540200863521,184.44106312236764,174.30689235657269,183.67729251631366,173.43605853783851,183.96798178385532,174.09885625383109,183.90203290298356,173.81193184881639,184.07384278772074,174.05470721903734,184.04451285096059,174.08614718260398,184.12677328965344,173.80798170852799,183.57143151244827,173.51099669982324,183.79617189911815,173.88357070688835,183.90203290298356,173.84272097600734,183.84910240105086,173.76383267373424,183.84910240105086,173.84272097600734,183.84910240105086,173.76383267373424,183.84910240105086,173.84272097600734,183.79617189911815,173.64409464058014,183.70662245307383,173.73239271016763,183.79617189911815,173.75442290641985,183.84910240105086,173.85213074332174,183.84910240105086,173.75442290641985,183.79617189911815,173.73239271016763,183.75955295500654,173.76383267373427,183.69031089525274,173.3912586666691,183.57143151244827,174.01996795155802,184.2090337283463,173.81193184881641,183.57143151244827,173.6915429792866,183.96798178385532,173.84337181238305,183.95496340491627,174.18715432341858,184.21632273569773,173.90955104342899,183.90203290298356,173.90898884934262,183.74324139718541,173.45808873409075,183.84910240105086,174.24071312552672,184.17970379158612,173.86540200863524,183.74324139718547,173.50167557479813,183.62436201438095,174.0292890765831,184.1927221705252,173.58121471344691,183.55841313350922,174.41787145878808,184.58927244193222,173.31632050468443,183.35727331201193,175.00113003613188,184.87996170947383,172.43277761472314,183.39145606341802,177.26043921398434,178.26518201271392,180.12571958332398,178.41122518781546
169.618857592887,168.59326967623838,168.4956266570575,170.74482859394817,165.34008359011645,173.85836037841892,164.02999131779532,173.71366181782679,164.19442349827295,173.86088967425908,164.57172797473626,173.86088967425911,164.19442349827295,173.71366181782676,164.02999131779532,173.27848974727721,164.02831501960458,174.00848650341825,164.44568158901393,173.27848974727721,163.612624748386,173.59392378467268,164.34092173921181,173.64890343122909,164.15436140532691,173.79866058350154,164.27873496125019,173.7592316970688,164.46612997583878,174.12097509237128,164.48741651175902,173.64890343122909,164.00786663277972,173.62141360795087,164.21654818328855,173.74115164110498,164.27873496125019,173.74115164110498,164.21654818328855,173.74115164110498,164.27873496125019,173.74115164110498,164.21654818328855,173.74115164110498,164.27873496125019,173.62141360795087,163.94567985481808,173.41883713223527,164.02915316869996,173.62141360795087,164.19526164736831,173.74115164110498,164.30002149717043,173.74115164110498,164.19526164736831,173.62141360795087,164.02915316869996,173.52916539807498,164.19526164736831,173.67892255034747,163.96696639073832,173.43691718819909,164.25744842532995,173.88149902606304,164.15436140532691,173.44632695551348,164.09133994666158,173.70425205051239,164.11178833348643,173.76864146438319,164.65436313952276,174.12097509237128,164.29918334807505,173.64890343122909,164.1960997964637,173.61200384063648,164.00702848368434,173.82615040677976,164.69693621136321,174.02872688249539,164.25661027623457,173.61200384063648,163.94651800391344,173.44632695551348,164.29918334807505,173.85400920278485,163.84175815411135,173.32405962651922,164.73699830430925,174.29859104064883,163.59133821246576,173.11895385496345,165.34175988830719,174.8260113210743,163.15268510713619,173.42029003930233,167.48909627834144,168.33127444650023,170.03262955668501,168.45348256740169
179.18711125140544,178.20141217262588,178.22892724904113,180.63941777762582,174.86671582999682,183.77742414859154,173.32263878207232,183.62436201438095,173.65483661005345,183.97856397008883,174.21615363343435,184.03149447202151,173.77457464320759,183.81977246429071,173.55270508106611,183.33367274683931,173.54055820392534,184.09744335289329,173.98204855186282,183.33367274683934,173.11121473312866,183.62436201438098,173.77401244912122,183.55841313350922,173.48708804410651,183.67729251631368,173.61012538117336,183.64796257955354,173.85355158776997,184.150373854826,174.06553783079997,183.83608402211181,173.66763432356993,183.766841962358,173.72440378730147,183.73022301824639,173.67704409088432,183.73022301824639,173.72440378730147,183.87270296622341,173.90711038987814,183.92563346815612,173.84414182045558,183.92563346815612,173.90711038987814,183.73022301824639,173.40208927843176,183.3996216277111,173.49979711533365,183.73022301824639,173.80940255297625,183.87270296622341,173.82211162420336,183.7831535201791,173.69907428713654,183.67729251631368,173.49038734801925,183.54210157568812,173.73381355461586,183.86541395887195,173.63289505609055,183.50548263157651,173.60071561385897,183.71391146042529,173.48708804410654,183.4688636874649,173.66368418328148,183.766841962358,173.54385750783811,183.70089308148624,174.03955749425936,184.06082440878166,173.67695544859501,183.59503207762083,173.66698348719422,183.67729251631366,173.52247814796155,183.83608402211183,174.11844579653248,184.01518291420041,173.74313467964097,183.73022301824639,173.56606498866893,183.6113436354419,173.90702174758883,183.93865184709517,173.25637090873704,183.21479336403488,174.09302765407818,184.19272217052517,172.87173866682045,183.01365354253758,174.88827247445198,185.0094232785118,172.71782356027336,183.57384813438873,177.26731968545855,178.15359163726089,180.01035404483642,178.41879484164795
169.55342440025532,168.70080209653494,168.83193946788174,171.16211382989357,165.67313522815689,174.05424960402004,164.11178833348646,173.90955104342791,164.5274751363134,174.37909340872991,165.1739751114481,174.49883144188405,164.79834346478387,174.35160358545167,164.63223845450716,173.90702174758769,164.61094845019525,174.62109877087826,165.02831501960461,173.90702174758769,164.21487188509784,174.12153728645782,164.69525991317249,173.88894169162384,164.29834519897969,173.94429031090712,164.40310504878181,173.88894169162387,164.5905000633704,174.3516035854517,164.84008185592063,174.17651693301426,164.61178659929064,174.13961734242164,164.54792699152992,173.93704086670604,164.36220480674041,173.93704086670604,164.54792699152992,174.25935537557575,164.88265492776111,174.37909340872986,164.81879532000039,174.37909340872986,164.88265492776111,174.14902710973604,164.29834519897969,173.75979389115537,164.40310504878181,174.14902710973604,164.77789507795899,174.25935537557575,164.65268684133204,174.05677889986015,164.52831328540876,174.02928907658193,164.38181851286157,173.87953192430948,164.5905000633704,174.24127531961199,164.5905000633704,173.88894169162387,164.40310504878181,173.94429031090715,164.29834519897969,173.88894169162387,164.69525991317249,174.24127531961201,164.48574021356828,173.99926995746361,164.75744669113413,174.24127531961201,164.42355343560666,173.87953192430948,164.54876514062531,174.03869884389638,164.38265319356526,174.09151816733953,164.86053371113715,174.29409464305516,164.63223498611549,174.15843687705049,164.57005167654552,174.11900799061772,164.94400355662737,174.41636197204934,164.21571003419319,173.564097886914,164.86136839184087,174.41889126788953,163.69442176407713,173.34958234804381,165.71571176838904,175.36303459017398,163.75660507364708,174.07415153977772,168.11095712117447,168.98152578321771,170.82537964650717,169.39347881193615
179.42825796320412,178.48539043668467,178.56290017458443,181.06529798579302,175.34131678697918,184.29285380280305,173.82256923921958,184.13979166859247,174.12943756703581,184.44106312236767,174.59634605742752,184.49399362430032,174.34142381006581,184.61287300710484,174.43245898947967,184.21632273569773,174.30998384649919,184.8905438957074,174.75147419443664,184.21632273569773,173.9909686415422,184.41746255719508,174.34086161597943,184.02091228578803,173.86728046809969,184.13979166859249,174.08472633815569,184.07384278772074,174.15090556920165,184.33520211850222,174.15090556920165,184.02091228578803,173.96498830500158,184.10317272448088,173.9964282685682,183.91505128192262,173.78774132945091,183.91505128192262,173.9964282685682,184.29858317439061,174.4070408470254,184.44106312236764,174.3187427774379,184.44106312236764,174.4070408470254,184.24565267245791,173.87669023541409,183.91505128192262,173.99972757248091,184.24565267245791,174.28400350995858,184.29858317439061,174.11946560563501,184.11046173183234,174.10675653440791,184.24565267245791,174.08472633815569,184.07384278772074,174.15090556920165,184.33520211850222,174.15090556920165,184.07384278772074,174.08472633815569,184.13979166859249,173.86728046809969,184.02091228578803,174.34086161597943,184.52332356106049,174.23044470785044,184.21632273569776,174.32750170837662,184.3352021185022,173.97430943002666,184.02091228578803,174.14158444417657,184.10317272448086,173.81983212939323,184.11046173183234,174.40639001064974,184.44106312236761,174.2271454039377,184.24565267245791,174.05658567850179,184.21632273569773,174.59360894760115,184.69513344579767,173.93354834143497,183.81977246429071,174.59295811122547,184.70815182473669,173.34633962380278,183.5290831967491,175.38820293159927,185.52485293272332,173.19242451725569,184.12589673271182,177.85008858516736,178.82052378991909,180.84380884626577,179.37171991645187
169.12191541850697,168.16137056186096,168.13187524739075,170.5020532237273,165.19442349827293,173.72591327403779,163.9252314679932,173.58121471344563,164.04876340642943,173.60870453672385,164.19609979646367,173.51645632684799,164.04876340642943,173.86878995483605,164.38349481105226,173.5439461501262,164.13223672031131,174.07136643055168,164.54960328972064,173.54394615012617,163.96612824164293,173.74905192168194,164.19526164736831,173.30447008381793,163.77873322705435,173.54647544596631,164.13307486940667,173.51645632684793,164.11178833348643,173.5812147134456,163.8622065409362,173.10914305230344,163.65352499042737,173.26830997189035,163.82130629889483,173.20139126217933,163.69442523246877,173.20139126217933,163.82130629889483,173.49837627088408,164.17397511144807,173.60870453672382,164.07088809144506,173.60870453672379,164.17397511144807,173.48896650356971,163.80001976297459,173.28639002785408,163.92439331889784,173.48896650356971,164.04960155552482,173.49837627088414,163.94567985481808,173.43145756117315,164.09050179756622,173.70095274659971,164.15436140532691,173.52586609416232,164.11178833348643,173.69154297928532,164.11178833348643,173.51645632684793,164.13307486940667,173.54647544596634,163.77873322705435,173.30447008381793,164.19526164736831,173.86878995483602,164.2369965701134,173.63619436000201,164.27873496125017,173.69154297928532,163.94484170572269,173.40612806100822,164.05043970462017,173.36922847041569,163.65268684133201,173.39671829369385,164.32130803309065,173.78595151227455,164.13223672031131,173.47955673625532,163.82047161819111,173.42420811697201,164.42439158470199,174.01854710710847,163.94567985481808,173.30194078797777,164.63223845450713,174.1661439362677,163.44567812062223,172.98650675058229,165.23700003850507,174.6935642166932,163.00702501529267,173.27843316760678,167.36304989261907,168.29323587510825,170.22973281840169,168.86917822722876
179.02833615678912,177.96121887848452,177.86260541327485,180.33241695226309,174.71911900083765,183.76440576965246,173.41235769610805,183.6113436354419,173.50723978089428,183.52908319674907,173.47458678686561,183.25141230814646,173.2196645395039,183.66427413737463,173.72742276077665,183.35727331201187,173.298552841777,183.70089308148624,173.63912469118915,183.26772386596755,173.27652264552481,183.64796257955354,173.54141685428726,183.16186286210217,173.13475441611845,183.55841313350922,173.66510502772977,183.58201369868178,173.62095599293602,183.6113436354419,173.29864148406634,183.05600185823675,173.0458055101553,183.28074224490663,173.37423048242667,183.38660324877205,173.37752978633941,183.38660324877202,173.37423048242667,183.47615269481636,173.48785805217912,183.38660324877202,173.26390221658696,183.38660324877205,173.48785805217912,183.42322219288363,173.25449244927256,183.24412330079502,173.2672015204997,183.33367274683931,173.3648207151123,183.42322219288366,173.37752978633938,183.43953375070473,173.58621672545669,183.75382358341895,173.65569526041537,183.52908319674907,173.51062772709631,183.6113436354419,173.50121795978194,183.52908319674907,173.66510502772979,183.61134363544193,173.25449244927256,183.25141230814648,173.53200708697284,183.70089308148621,173.4979186558692,183.49246425263746,173.6778140989569,183.70089308148621,173.44435985376106,183.43953375070475,173.51938665803507,183.37029169095092,173.1032258102625,183.38660324877205,173.74078266837947,183.71720463930731,173.51053908480699,183.42322219288366,173.23181141664469,183.35727331201187,173.79416418590898,183.92563346815612,173.31135055529344,183.29132443114014,174.18274656811397,184.26925323763044,172.92671831337688,182.94770466166582,174.65567687961803,184.55994250517205,172.1535036892553,182.98188741307195,176.71240958175491,177.65118036198842,179.61199170542235,178.11121601241658
170.29304912089998,169.27047159862587,169.16893413815541,171.48377750238748,166.1109501843911,174.68230805253299,164.82047161819114,174.53760949194086,164.9652900925476,174.48010054954426,164.88265839615278,174.10027709827801,164.50702674948855,174.46202049358044,165.09133994666161,174.22001513143212,164.56921352745016,174.34228246042633,164.75828484022952,174.01743865571649,164.65268684133204,174.54485893614196,164.92439331889787,174.01743865571649,164.48657836266366,174.45261072626604,165.09050179756625,174.50759037282248,165.02831501960461,174.53760949194088,164.75744669113413,174.06553783079869,164.57005167654555,174.35095274907579,164.98574194776413,174.56509931521904,165.07088809144508,174.56509931521904,164.98574194776415,174.47069078222987,164.84092000501602,174.15778604067455,164.48657836266369,174.15778604067455,164.84092000501602,174.36036251639015,164.73616015521392,174.15778604067455,164.59133821246579,174.15778604067455,164.73616015521389,174.35095274907579,164.81963346909578,174.36252283950344,164.9874147775632,174.64793775778054,165.04792872572577,174.37844257235398,164.77873322705437,174.33503301622528,164.75744669113413,174.3878523396684,165.09050179756625,174.57234875942018,164.75744669113413,174.22001513143209,164.90310678297766,174.45261072626604,164.67397337725228,174.18527586395277,164.92439331889787,174.53760949194088,164.86136839184087,174.38785233966837,164.98658009685951,174.36036251639018,164.5905000633704,174.27752407382863,165.00786663277975,174.48010054954426,164.84008185592066,174.36977228370458,164.75828484022952,174.3397531645862,165.17313696235274,174.74743541185757,164.65352499042743,174.192156335427,165.57005167654555,175.15727798224225,164.38181851286157,173.85790276340273,165.90394493207302,175.25205548795833,163.44400182243155,173.7425159058827,167.80002669975798,168.65640011485894,170.42900460159609,168.92348068966891
180.0948814239064,179.10082874162848,179.10644122580706,181.6043282051771,175.88681712336842,184.83188402218713,174.27656084439792,184.58927244193222,174.56460963758536,184.78468289184201,174.71861338642177,184.41746255719505,174.16670613035527,184.6788218879766,174.7847926174677,184.47039305912776,174.22026493246344,184.48341143806684,174.28918127333574,184.13979166859249,174.30856300205093,184.81401282860213,174.60819647829274,184.13979166859249,173.98954779709393,184.53634193999955,174.63963644185935,184.61287300710481,174.59548740706563,184.73175238990927,174.4757493739115,184.36453205526237,174.28983210971143,184.58927244193225,174.64358658214775,184.78468289184198,174.73188465173527,184.78468289184198,174.64358658214775,184.64220294386496,174.40957014286556,184.25867105139696,174.02428706457326,184.31160155332967,174.52930817601967,184.64220294386496,174.43160033911775,184.31160155332967,174.12199490147518,184.31160155332967,174.43160033911775,184.58927244193225,174.40957014286553,184.36453205526237,174.35601134075739,184.58927244193225,174.48515914122592,184.36453205526237,174.18817413252114,184.25867105139696,174.15343486504179,184.41746255719508,174.63963644185935,184.73175238990927,174.43160033911775,184.47039305912779,174.57345721081339,184.53634193999955,174.0557270281399,184.08686116665982,174.33003100421678,184.58927244193225,174.41889126789061,184.55994250517213,174.69649454788023,184.64220294386493,174.26441396725716,184.3645320552624,174.40891930648988,184.45408150130669,174.37474223309687,184.64220294386499,174.58616628204055,184.66580350903752,174.86094380991443,184.90356227464645,174.16614393626892,184.26925323763047,175.15727798224356,185.3001125460535,173.90124972750644,183.92563346815615,175.51047026059351,185.44832186561806,173.01770683754515,183.99643516367385,177.76036967113157,178.65444327676951,180.48039172012832,178.83097239636851
168.84785118652698,168.00187061635552,168.11389039346565,170.5341440236698,165.17229881325733,173.4516092979612,163.42522973379735,173.10433426165343,163.7770569288636,173.5116475361979,164.15436140532688,173.21682285060643,163.52747513631334,173.38249973572943,164.11178833348643,173.21682285060643,163.57004820815382,173.15243343673563,163.54876514062525,172.82758963202576,163.65352152203567,173.54166665531631,163.94484170572269,172.82758963202576,163.25744495693826,173.16184320405006,163.88265492776105,173.25156211808579,163.86136839184081,173.42664877052317,163.86136839184081,173.13182408493165,163.61178659929058,173.19874279464267,163.82046814979944,173.33440056064731,163.90226863388222,173.33440056064731,163.82046814979944,173.19874279464267,163.61178659929058,172.89234801862349,163.3196317348999,173.0120860517776,163.88265492776105,173.40131927035827,163.7991816138792,173.0120860517776,163.40310504878175,173.0120860517776,163.7991816138792,173.29099100451856,163.63307313521082,172.83483907622687,163.3605319769413,172.99400599581372,163.59217289316942,172.91116755325223,163.38181851286151,172.80734925294868,163.34091827082011,173.02149581909194,163.88265492776105,173.39190950304388,163.77789507795896,173.21682285060641,163.90394146368129,173.16184320405,163.23615842101802,172.63226260051124,163.50786489858385,173.19658247152935,163.69442176407708,173.25156211808576,164.04960155552479,173.40131927035827,163.63223498611546,173.01208605177752,163.57005167654549,173.01208605177757,163.63223498611546,173.39190950304382,164.02831501960455,173.44688914960022,164.17397164305638,173.54166665531633,163.42439158470199,172.91730854606149,164.38181851286151,173.90124972750553,163.19525817897662,172.60187450866601,164.71571176838899,174.10635549906132,162.50702328109682,172.88439115837605,167.07005687913301,167.90209366765561,169.59531334751341,168.02366287434714
178.44185237481676,177.57137961056029,177.71312890748345,180.31939857332404,174.68185043751816,183.42078600017811,172.79993865000785,183.02667192147658,173.17298620887001,183.46313431587731,173.53897620073647,183.09591398123038,172.86733091151584,183.30434281007919,173.4854173986283,183.09591398123038,172.92088971362401,183.10893236016946,172.98980605449631,182.76531259069509,173.0091877832115,183.43953375070475,173.30882125945331,182.76531259069512,172.6901725782545,183.16186286210217,173.34026122301992,183.23839392920743,173.29611218822618,183.41020381394458,173.2961121882262,183.0429834792977,172.89820868099613,182.99005297736497,173.08412594519618,183.18546342727473,173.24801301314406,183.1854634272747,173.08412594519618,183.0429834792977,173.01794671415024,182.99005297736497,172.96438791204207,183.13253292534202,173.34026122301995,183.32065436790026,173.14163488759274,182.990052977365,172.93294794847546,183.07960242340928,173.25196315343246,183.17817441992327,172.9076184483105,182.65945158682968,172.66740290333729,182.88419197349958,172.98320744667089,182.90050353132068,172.88879891368168,182.88419197349955,172.85405964620239,183.0429834792977,173.34026122301995,183.35727331201187,173.13222512027832,183.09591398123041,173.27408199197396,183.16186286210214,172.75635180930044,182.71238208876241,173.03065578537735,183.16186286210214,172.99977801589711,183.09591398123041,173.4065290963552,183.35727331201187,173.06595724694304,182.990052977365,173.00862558912513,182.99005297736497,173.06595724694304,183.3572733120119,173.4065290963552,183.34425493307282,173.56156859107503,183.52908319674907,172.86676871742949,182.89477415973309,173.8579027634041,183.92563346815609,172.60187450866704,182.60408489219148,174.33083307490818,184.30587218174202,172.03123636026106,182.96886903413287,176.77679899562574,177.67478092716098,179.535943874878,177.94611713116223
170.2828428040109,169.43789817244885,169.55067040174725,172.03954625645306,166.67481152634767,175.04491009819728,164.94568332320981,174.71355479474008,165.2991833480751,175.04527907092418,165.48741998015075,174.57320740978201,164.84092000501605,174.81521277193036,165.4252332021891,174.57320740978201,164.90310678297766,174.69547473877626,165.09217809575699,174.37063093406638,164.98658009685954,174.89805121449186,165.25828657442537,174.37063093406638,164.82047161819116,174.80580300461594,165.42439505309372,174.86078265117237,165.3622082751321,175.01053980344486,165.3622082751321,174.63071635217855,164.90394493207302,174.53630781918937,165.13224018870304,174.84270259520855,165.40478134697256,174.84270259520858,165.13224018870304,174.65604585234348,165.17481326054349,174.84270259520858,165.3622082751321,174.95303086104826,165.42439505309372,174.83329282789418,165.09133994666163,174.63071635217855,165.17481326054349,174.83329282789418,165.34092173921186,174.71355479474005,164.90394493207302,174.30840184330887,164.8417581541114,174.59381676158594,165.13224018870304,174.62130658486416,165.11262648258187,174.68822529457515,165.09133994666163,174.74104461801826,165.42439505309372,174.92554103777007,165.09133994666163,174.57320740978199,165.23700003850513,174.80580300461597,165.00786663277978,174.53846814230266,165.25828657442537,174.77106373713664,164.9243933188979,174.53846814230266,165.34175988830722,174.91613127045565,165.15268857552789,174.63071635217855,165.11346463167723,174.63071635217855,165.15268857552789,174.92554103777005,165.36304642422746,174.8126834760902,165.50703021788024,175.10062769020746,164.9874182459549,174.54534861377689,165.90394493207302,175.51047026059211,164.71571176838907,174.33083307490674,166.50870651607096,176.03789054101759,164.27705866305948,174.63216925924561,168.65604290610523,169.53374389912918,171.38460241031069,169.94475987910423
180.216570749032,179.24961606506173,179.28124723176342,181.85839852860713,176.19574119522773,185.12257328972876,174.49758634880419,184.79041226342954,174.76320544360493,184.98582271333933,174.84739068095215,184.52003038217842,174.2983832266639,184.84334276536231,174.89765017914755,184.57296088411115,174.36786176162261,184.73748176149689,174.58869557788066,184.34093149008982,174.33642179805599,184.7741007056085,174.61072577413287,184.34093149008982,174.31439160180378,184.87996170947389,174.9644802465692,184.90356227464645,174.80059317862134,184.9328922114066,174.69026491278163,184.56567187675969,174.40268967139127,184.69184026691562,174.79118341130695,185.03875321527201,175.03139895628016,185.03875321527201,174.79118341130695,184.88725071682535,174.84474221341509,185.03875321527201,174.97784015417201,185.03875321527201,174.84474221341509,184.74477076884833,174.46886890243724,184.65522132280401,174.73441394757538,184.89627326729499,174.76585391114202,184.69184026691562,174.4280191715562,184.51274137482699,174.54519737946259,184.79041226342957,174.71559441294659,184.74477076884833,174.69026491278163,184.79041226342957,174.57052687962752,184.70815182473672,174.84474221341509,184.9328922114066,174.55386766811199,184.57296088411115,174.71164427265816,184.87996170947389,174.56722757571481,184.67153288062514,174.85745128464222,184.82703120754118,174.30168253057664,184.43048093613416,174.73376311119969,184.93289221140657,174.66484677032739,184.70815182473675,174.65817411283933,184.70815182473672,174.66484677032739,184.93289221140662,174.73376311119972,184.67882188797657,174.86347310575457,185.05177159421106,174.37124970782466,184.41746255719508,175.25205548795955,185.44832186561811,174.10635549906218,184.3058721817421,176.03789054101892,186.0329935795834,173.52920738512009,184.42960437919254,178.10113320869189,179.05099354817656,181.03522221529767,179.52924914387376
168.3918116322709,167.43728419563476,167.40930296224846,169.77974893417755,164.50535045129774,172.88097114955573,162.96529009254755,172.51777638039732,163.09049486078285,172.62810464623715,163.21487188509778,172.35860946081047,162.88181331027403,172.72035285611301,163.42355343560661,172.47834749396461,162.94400008823564,172.6006148229589,163.09049832917452,172.1560329850949,162.75660507364705,172.48087678980477,163.00702501529264,172.15603298509492,162.84007838752891,172.72035285611298,163.4652883583517,172.69033373699463,163.17313349396102,172.54310588056231,162.92355170141079,172.24828119497082,162.92355170141076,172.62810464623709,163.38181504446985,172.85817094523091,163.44400182243146,172.85817094523091,163.38181504446985,172.85817094523091,163.44400182243146,172.85817094523091,163.38181504446985,172.7478426793912,163.19442002988123,172.45085767068642,162.90226516549055,172.45085767068642,163.19442002988123,172.63751441355149,163.13223325191962,172.45085767068642,162.96445194345216,172.45085767068642,163.13223325191962,172.63751441355149,163.19442002988123,172.57059570384052,163.17313349396102,172.54310588056231,162.92355170141079,172.36801922812492,163.19442002988123,172.72035285611298,163.11094671599938,172.47834749396463,163.25660680784287,172.72035285611298,163.04875993803773,172.48775726127906,163.34008012172475,172.6353540904382,162.75660507364705,172.19077225257425,163.15268510713614,172.72976262342738,163.17396817466471,172.57059570384055,163.19358534917754,172.5705957038405,163.17396817466471,172.72035285611301,163.1313985712159,172.38609928408871,163.23615495262635,172.75037197523136,162.73615668682217,172.03376565610068,163.44400182243149,173.01770683754461,162.50702328109679,172.03123636026052,164.27705866305942,173.52920738511946,161.82046121301607,172.01676800126575,166.15018106502507,167.05618984695209,168.90841534579161,167.48351491545287
179.09097686876837,178.09194272589863,178.08828559204008,180.67516016479576,175.13476412071225,184.01759953614081,173.36352057557221,183.39145606341791,173.2855053272306,183.53393601139496,173.68583508444192,183.55024756921603,173.50690133757502,183.95408684797459,174.07432882435756,183.74565801912576,173.56046013968319,183.75867639806484,173.57871748022561,183.27257668061347,173.32644370040094,183.70574589613213,173.60074767647782,183.27257668061347,173.30441350414873,183.81160689999754,173.95450214891414,183.74565801912578,173.58803860525069,183.53393601139496,173.29105359654591,183.30919562472508,173.51244960689033,183.82791845781864,173.87561384664107,183.78227696323739,173.65751714020939,183.78227696323739,173.87561384664107,184.02332890772837,173.95450214891417,183.78227696323739,173.57862883793629,183.63979701526037,173.63218764004446,183.63979701526037,173.57862883793629,183.63979701526037,173.63218764004446,183.63979701526037,173.57862883793629,183.58686651332766,173.51244960689036,183.49731706728335,173.46830057209658,183.58686651332766,173.62277787273004,183.69272751719308,173.70777663840479,183.58686651332766,173.29105359654591,183.36212612665778,173.63218764004444,183.86453740193025,173.74646604617254,183.74565801912578,173.88832291786821,183.81160689999754,173.37059273519469,183.41505662859049,173.76463474442565,183.81160689999754,173.4020326987613,183.41505662859052,173.73319478085904,183.86453740193025,173.64545890535797,183.69272751719308,173.77734381565278,183.78227696323739,173.75578717119768,183.86453740193025,173.62286651501935,183.52091763245588,173.84408524078515,183.93048628280201,173.15869513445401,182.92895691113912,173.74251590588415,183.99643516367377,172.88439115837713,182.96886903413281,174.63216925924709,184.4296043791924,172.01676800126637,183.0030517855389,176.87555870424904,177.83513206872297,179.74726533992674,178.15666688873685
172.94884361570618,172.00608016192433,172.03090214017604,174.62043046451035,169.36053891372475,177.92351879362431,167.53166935018197,177.0831922384323,167.23449252800239,177.20293027158641,167.80253767865244,177.4170768377297,167.73532894290193,177.81282002184651,168.28041472783269,177.64714313672349,167.77790201474241,177.58275372285269,167.71739153497151,177.14758165230313,167.61179353607403,177.67500193272861,167.88350001363989,177.14758165230313,167.44568505740568,177.58275372285271,168.04960849230824,177.52740510356944,167.73783992179636,177.38017724713714,167.5078718353673,177.23042009486466,167.80002669975801,177.71190152332119,167.98742171434662,177.4424063378946,167.59134514924918,177.44240633789462,167.98742171434662,177.83163955647527,168.07089502822848,177.44240633789462,167.50787183536733,177.32266830474049,167.80002669975801,177.6196533134453,167.98742171434662,177.61965331344527,167.80002669975801,177.43299657058023,167.75745362791756,177.49991528029116,167.7591264577166,177.29733880457559,167.50787183536733,177.31325853742612,167.77874016383777,177.61965331344533,168.00870825026684,177.49991528029125,167.5078718353673,177.23042009486466,167.80002669975801,177.70249175600682,167.96613517842638,177.64714313672354,168.09218156414872,177.58275372285271,167.4031119855652,177.13817188498876,167.90478654956013,177.76000069840339,167.79918855066265,177.43515689369355,167.98825986344198,177.6930819886924,167.75661547882217,177.52740510356941,168.03083293528246,177.72998157928498,168.0061972713724,177.70249175600679,167.75996460681199,177.38705771861135,168.11095712117449,177.85008858516599,167.36304989261919,176.71240958175358,167.80002669975801,177.76036967113026,167.07005687913309,176.7767989956244,168.65604290610526,178.10113320869061,166.15018106502515,176.87555870424771,171.03502021236761,171.94858071612526,173.74465160348453,172.15194898625469
173.64057815141828,172.73082735535647,172.79794288782531,175.47165239739925,170.23820487433142,178.83839498350426,168.37542348129503,177.9345806221788,168.00912262958343,177.98751112411153,168.49516151444914,178.09337212797692,168.34084690576756,178.46059246262385,168.89306502167923,178.28878257788665,168.38499594056131,178.26518201271412,168.40686344486161,177.95818118735136,168.46388424283438,178.59578340324941,168.73528841713303,177.95818118735136,168.13545927056302,178.26518201271412,168.65640011485993,178.23585207595394,168.50192281422645,178.31811251464683,168.50192281422645,178.23585207595397,168.65640011485993,178.51352296455653,168.69724984574097,178.23585207595394,168.36882487346955,178.23585207595394,168.69724984574097,178.56645346648924,168.77613814801404,178.23585207595394,168.28993657119648,178.18292157402124,168.65640011485993,178.56645346648924,168.90923608877097,178.56645346648924,168.65640011485993,178.32540152199826,168.61225108006619,178.37104301657951,168.5113325815409,178.04044162604421,168.20493780552169,178.12999107208853,168.62166084738061,178.56645346648924,168.94397535625026,178.51352296455656,168.50192281422648,178.23585207595397,168.65640011485993,178.46059246262382,168.57751181258683,178.28878257788668,168.70054914965365,178.26518201271409,168.09131023576924,177.90525068541868,168.65969941877265,178.59578340324938,168.63172145107066,178.28878257788668,168.73858772104572,178.40766196069112,168.37558617324694,178.23585207595397,168.78273675583949,178.56645346648924,168.78289944779141,178.46059246262385,168.45101247965539,178.20652213919379,168.98152578321859,178.82052378991926,168.29323587510922,177.65118036198865,168.65640011485988,178.65444327676968,167.90209366765652,177.67478092716124,169.53374389913017,179.05099354817668,167.05618984695283,177.83513206872325,171.94858071612626,172.84837303105755,174.64357104585139,173.04865186222534
175.23256947228549,174.37461508064564,174.51918241068387,177.24751940879108,171.93570791234677,180.61566535463277,170.08293956604055,179.8034050744543,169.81370314515016,179.80340507445439,170.08293956604055,179.64693691869903,169.74427512135185,179.96246081555168,170.30349788515522,179.76667495185313,169.79458513070765,179.84272278239754,169.98231954732896,179.72735724390995,170.23550150168802,180.48476421479495,170.50060114687193,179.72735724390998,169.71721990214505,179.84272278239752,170.05968477589155,179.76667495185316,170.03839823997131,180.12571958332404,170.37869459224009,180.20613990853496,170.42900460159589,180.28897835109646,170.35740805631988,180.08640187538089,170.17942280904566,180.08640187538086,170.35740805631988,180.28897835109649,170.42900460159589,180.08640187538086,170.10782626376965,180.08640187538089,170.42900460159589,180.40871638425057,170.62827638479035,180.4087163842506,170.42900460159589,180.20613990853496,170.37869459224012,180.12571958332407,170.03839823997131,179.64693691869905,169.78881644742111,179.92314310760844,170.37869459224009,180.40871638425057,170.67858639414612,180.40871638425057,170.37869459224012,180.20613990853496,170.42900460159589,180.12571958332404,169.98808823061552,179.76667495185316,170.10999478524735,179.84272278239752,169.66690989278928,179.56409847613759,170.18159133052339,180.16503729126723,170.11576346853391,179.8864129850073,170.25318787579943,179.96246081555162,169.79458513070767,179.76667495185319,170.30349788515522,180.24545761647815,170.38446327552666,180.12571958332407,170.03262955668475,180.01035404483648,170.82537964650703,180.84380884626583,170.22973281840149,179.61199170542244,170.42900460159586,180.48039172012835,169.59531334751324,179.53594387487811,171.38460241031038,181.03522221529767,168.90841534579147,179.74726533992691,173.74465160348413,174.64357104585119,176.47345366247038,174.89408606856577
173.57587411911877,172.7673090367845,172.96833756001541,175.63286443925361,170.28044017802466,178.87642327268878,168.50950837080129,178.26874523983844,168.4487683014886,178.26874523983844,168.50950837080129,177.87804732156457,168.02193953338769,178.14900720668433,168.57322060055583,177.93097782349724,168.07796533678726,178.09607670475162,168.39745676400216,178.10364635858409,168.73658374484143,178.89147255213365,168.98891626038289,178.10364635858409,168.14512424846066,178.09607670475162,168.33029785232875,177.93097782349727,168.32088808501436,178.41122518781546,168.86745488626937,178.63682422483498,168.92348068966893,178.67344316894659,168.85804511895495,178.58389372290227,168.81315242382922,178.58389372290227,168.85804511895495,178.67344316894659,168.92348068966893,178.58389372290227,168.74771685311524,178.58389372290227,168.92348068966893,178.7263736708793,168.97778315210905,178.7263736708793,168.92348068966893,178.63682422483498,168.86745488626934,178.41122518781546,168.32088808501436,177.87804732156457,168.21055981917462,178.32167574177114,168.86745488626937,178.7263736708793,169.03380895550865,178.7263736708793,168.86745488626934,178.63682422483498,168.92348068966893,178.41122518781546,168.26486228161477,177.93097782349727,168.38632365572832,178.09607670475162,168.0890984450611,177.84142837745296,168.45175922644228,178.23855665272865,168.25372917334096,177.98390832542998,168.51719479715626,178.14900720668433,168.07796533678726,177.93097782349727,168.57322060055583,178.46415568974817,168.73486040388198,178.41122518781546,168.45348256740172,178.41879484164792,169.39347881193615,179.37171991645184,168.86917822722879,178.11121601241655,168.92348068966893,178.83097239636848,168.02366287434711,177.94611713116223,169.94475987910428,179.5292491438737,167.48351491545282,178.15666688873688,172.15194898625478,173.04865186222523,174.89408606856571,173.36551147783862
