212.07412629874844,210.67285904407427,210.34638921472649,213.27978435589111,206.7684107075427,217.17106989578346,204.47732959233687,216.51971346337939,204.99399901801439,217.41221660758217,205.75479910748524,216.86505053355302,204.49774222611518,216.55903117132263,204.76160014120606,216.5729246117931,205.13103113400442,217.27886578043859,205.01517438684061,215.89240771062032,203.77860749181605,216.3062229575059,204.90883857408522,216.61224231973628,204.77180645809523,216.73169970640939,204.87814227085062,216.86505053355302,205.3743990627498,217.41221660758222,205.3743990627498,216.86505053355302,204.87814227085062,216.73169970640939,204.77180645809523,216.43957378464947,204.51823221246067,216.26690524956265,204.38120009647065,216.26690524956265,204.51823221246067,216.26690524956265,204.38120009647065,216.43957378464947,204.90883857408525,216.9043682414962,205.13171651648517,216.9043682414962,204.90883857408525,216.61224231973628,204.77180645809523,216.9043682414962,205.26874863247519,217.07703677658301,205.1624128197198,216.9043682414962,204.87814227085062,216.86505053355302,205.3743990627498,216.98673985867867,204.41189639970528,215.7197391755335,203.99127911732683,216.30622295750584,204.6961669485745,216.61224231973628,204.98447808360598,216.73169970640944,204.66547064533984,216.61224231973628,205.01517438684061,216.55903117132257,204.24416798048063,216.40025607670623,205.25785693310527,217.06687953740854,204.7097284691452,216.22758754161947,204.40169008281612,216.26690524956265,204.49774222611521,216.55903117132257,204.76160014120606,216.5729246117931,205.13103113400442,216.93352871026497,204.23396166359146,215.98644082982071,205.3743990627498,217.52001249223733,204.27486428371526,215.7846118259651,205.61845237397597,217.25331083795001,202.82562576317994,216.10229269021352,209.12972833659035,210.19070504229688,212.0941535975156,209.81957953944675
210.67285904407422,209.32971042345864,209.07607662058513,211.98385544797833,205.45871042066113,215.81222402365785,203.25675692423337,215.22513402357905,203.6977973981713,215.95372233973964,204.35570453335194,215.52640547735419,203.37262660726068,215.38306687902752,203.59863462806393,215.1958040868189,203.72238323800423,215.91624474527842,203.90577306441511,214.87348957794919,202.89479468063234,215.26332884587342,203.8055982262218,215.40666744420008,203.65186458592035,215.57847732893723,203.76144919142806,215.52640547735419,203.96688194918457,215.90079183780696,203.96688194918457,215.47347497542148,203.64171115827395,215.43599738096023,203.54153632008067,215.15832649235762,203.35413591688356,215.10539599042494,203.32955007705064,215.15832649235762,203.47387395003767,215.15832649235765,203.32955007705064,215.30080644033464,203.79618845890738,215.68433833280267,203.94884959462513,215.63140783086993,203.67645042575327,215.30080644033467,203.54153632008064,215.63140783086993,204.08376370029777,215.82681828077969,203.98358886210448,215.63140783086993,203.64171115827395,215.47347497542148,203.96688194918457,215.58564335474313,203.25396107869028,214.67807912803946,203.10455412433333,215.26332884587342,203.59583878252081,215.35373694226735,203.74188599646723,215.43599738096023,203.44136148188736,215.35373694226735,203.89636329710069,215.43599738096023,203.19463597137803,215.19580408681887,204.03413368481424,215.75831188982994,203.4850674948093,215.00039363690914,203.30164961935913,215.10539599042494,203.38203637457511,215.29351743298318,203.4788965949098,215.1958040868189,203.84212127115833,215.61497329150328,203.01225821305309,214.66348487091761,204.08661998233865,216.20022300933724,203.10963720570328,214.6799194102843,204.66791331597958,216.21481726645908,201.78798087969423,214.85442822761595,207.79921132227241,208.82199915451156,210.72110178003959,208.50526759456224
210.34638921472609,209.0760766205855,208.92447347532791,211.82200728557504,205.22830529436322,215.58671087568499,203.1185606754083,215.07617707160472,203.46374358426513,215.59836929235857,203.99892085481895,215.33373319387675,203.37470185434566,215.4030700209384,203.54612771523273,214.94449997529608,203.34794511495261,215.69519594269829,203.93279451301572,215.09900503602387,203.21076189715507,215.46046778484535,203.83991143181944,215.39113095778379,203.66355503674129,215.63313631993216,203.7777246538578,215.33373319387678,203.5958980553068,215.47863125920438,203.5958980553068,215.2139951607227,203.50685632538733,215.31082181106245,203.41397324419106,215.04132662563589,203.2981747748785,215.13357483551175,203.41397324419106,215.25331286866589,203.56904310334897,215.25331286866586,203.41397324419106,215.3636411345056,203.81862489589921,215.66062614321035,203.89352312317035,215.54088811005627,203.54775656742873,215.15165489147557,203.41397324419106,215.54088811005627,204.02730644640803,215.77095440905006,203.93442336521176,215.54088811005627,203.50685632538733,215.21399516072267,203.5958980553068,215.30596272411756,203.20529169368223,214.86893873703008,203.41781459546786,215.46046778484535,203.63285873350665,215.27139292462971,203.59973940658361,215.31082181106243,203.32109016299478,215.27139292462971,203.91150797709548,215.52280805409242,203.28018992095338,215.15648621832617,203.88475123770243,215.58028923639463,203.32833140883145,214.92641991933235,203.31615962880366,215.13357483551172,203.39598839026593,215.2004935452228,203.27525938676226,214.94449997529608,203.61881344342308,215.43763982042626,202.87060773505408,214.47270896063495,203.86676638377727,216.0291688682415,203.05022183452431,214.78794349329505,204.90987912489948,216.42539864463652,201.89284126372081,214.76928851880717,207.54527893505096,208.51965718271708,210.42276683434724,208.26899913583
213.27978435589117,211.98385544797819,211.82200728557561,214.70314947962481,207.9563702342609,218.48760670960382,205.9326902173442,218.10251518137193,206.31184823960814,218.52995502530305,206.71513732420158,218.26859569452151,206.24566900856215,218.52266601795159,206.51651098877437,217.93799430398624,206.03698206944489,218.61221546399591,206.83552619373137,218.32152619645424,206.33726638206238,218.66514596592859,206.74722812414387,218.41107564249856,206.53589271748956,218.71807646786129,206.6683398218708,218.26859569452154,206.29246651089292,218.33454457539329,206.29246651089295,218.07318524461181,206.22628727984699,218.24499512934898,206.24831747609917,218.10980418872342,206.26102654732631,218.29792563128169,206.42556445164985,218.44040557925871,206.58334105619602,218.44040557925871,206.42556445164985,218.44040557925871,206.58334105619602,218.49333608119142,206.54530248480395,218.44040557925871,206.37135481316602,218.10980418872342,206.13798921025949,218.35085613321439,206.6683398218708,218.63581602916844,206.69037001812302,218.44040557925871,206.22628727984696,218.07318524461181,206.29246651089292,218.28161407346059,206.17272847773884,218.07318524461181,206.43827352287698,218.52266601795156,206.41615468433545,218.16273469065612,206.30517558212006,218.19206462741627,206.049691140672,218.21566519258883,206.79137715893762,218.66514596592859,206.29311734726863,218.26859569452154,206.75993719537101,218.66514596592859,206.32455731083525,218.16273469065612,206.39677295562026,218.29792563128166,206.28981804335592,218.1920646274163,206.06504867943613,217.93799430398622,206.4884443787831,218.49906545277901,205.78753404173588,217.54144403257919,206.73451905291674,218.98516517023037,205.77547580688443,217.7238361035499,207.77648938379988,219.51690638226296,204.82245438196449,217.90778781028447,210.60014896207798,211.61651397482777,213.59837613324072,211.45024763032714
206.76841070754219,205.45871042066111,205.2283052943628,207.95637023426005,201.38972934717262,211.61250408655317,199.49616549516546,211.34806749280679,199.97320092685865,211.79012003483072,200.28748394465663,211.43778640684255,199.78580591227004,211.76263021155248,200.20401063077477,211.23520993112695,199.61969743360169,211.76263021155248,200.37011910944312,211.55752443999668,199.97403907595401,211.88236824470658,200.28664579556127,211.55752443999668,200.05751238983586,211.88236824470656,200.20317248167939,211.4377864068426,199.8701173752473,211.56005373583685,199.8701173752473,211.20772010784879,199.68272236065869,211.38280676028617,199.84883083932706,211.41029658356439,199.95359068912916,211.58754355911506,200.05751238983589,211.69787182495477,200.20317248167939,211.69787182495477,200.05751238983589,211.58754355911506,199.95359068912916,211.41029658356439,199.84883083932706,211.50254479344028,199.95359068912916,211.29996831772468,199.59924904677683,211.29996831772468,199.95359068912916,211.62228282659439,200.11969916779753,211.50254479344028,199.68272236065869,211.20772010784879,199.8701173752473,211.56005373583685,199.8701173752473,211.3180483736885,199.93230415320892,211.56005373583685,199.80793059728563,211.20772010784881,199.74490913862033,211.26306872713204,199.51577573289495,211.32745814100292,200.30793233148148,211.87295847739213,199.93146600411356,211.52278517251742,200.35050540332196,211.95795724306691,200.09757448278191,211.60562361507891,200.16311038873337,211.58754355911503,199.84799269023168,211.37339699297181,199.66227397383383,211.23520993112697,200.16143409054263,211.79264933067083,199.4953273460701,210.90095635910276,200.39056749626801,212.11749313538061,199.18272062646287,210.69585058754706,201.05751585822756,212.53458514996629,198.4322989506214,211.27066262700862,204.32755297438601,205.37568782783271,207.35303534308298,205.27404723421938
217.17106989578355,215.81222402365759,215.58671087568578,218.48760670960377,211.61250408655388,222.304687055225,209.5132350712768,221.95621447110466,210.05082053446267,222.5351568134825,210.48233892099924,222.17522548618695,209.91772259370572,222.57177575759411,210.51377888456585,222.13860654207537,209.89569239745353,222.57177575759408,210.53580908081807,222.28108649005239,210.1037285001951,222.62470625952679,210.4475110112306,222.28108649005239,210.1920265697826,222.62470625952676,210.35921294164311,222.22815598811971,210.16058660621596,222.48222631154974,210.16058660621593,221.97981503627727,209.79742236646521,222.15162492101445,210.11643757142221,222.31041642681257,210.24888467580342,222.39996587285688,210.22676583726192,222.45289637478959,210.36862270895753,222.45289637478959,210.22676583726189,222.31041642681257,210.04630820008782,222.1222949842543,210.04951886171125,222.39996587285688,210.33388344147821,222.22086698076825,209.82886233003182,222.06936448232159,210.14722669861314,222.45289637478959,210.35591363773042,222.25748592487986,209.79742236646521,221.97981503627727,210.16058660621596,222.48222631154974,210.16058660621593,222.03274553820998,209.91716039961932,222.15162492101445,209.90445132839218,222.03274553821001,210.08104746756717,222.15162492101442,209.74056426044436,222.08567604014272,210.45692077854503,222.57177575759403,209.97458069972657,222.08567604014272,210.31515254913867,222.57177575759403,210.20859713900882,222.3633469287453,210.36871135124682,222.39996587285685,210.10693916181853,222.2941048689915,210.03698707506271,222.19153704400807,210.49222224011078,222.69065514039855,209.77539217021297,221.74205627066834,210.60263914823977,222.74931501391882,209.02429638463295,221.12076561259147,211.06220955214098,223.21910317354903,208.48509819979364,222.03516216015046,214.81230290267766,215.98390937565381,218.13540887338095,215.97071195383873
204.4773295923361,203.25675692423331,203.11856067540782,205.93269021734312,199.49616549516549,209.51323507127583,197.37263355672926,209.04622200181382,197.83005528230129,209.66552151938845,198.37263355672926,209.42351615723996,197.89224206026293,209.86809799510405,198.56002857131787,209.54325419039407,197.97571537414478,209.86809799510402,198.47655525743599,209.54325419039409,198.05918868802667,209.86809799510402,198.39308194355414,209.54325419039409,198.14266200190852,209.86809799510399,198.30960862967225,209.54325419039412,198.2261353157904,209.86809799510397,198.2261353157904,209.30377812408591,197.76787197273134,209.45353527635837,198.16394853782876,209.69301134266661,198.30960862967228,209.71834084283151,198.20484877987016,209.72775061014593,198.33089516559249,209.7277506101459,198.20484877987016,209.6080125769918,198.06002683712202,209.51576436711591,198.20484877987016,209.89558781838221,198.51829018018111,209.69301134266658,197.95526698731993,209.50635459980154,198.28832209375204,209.89558781838218,198.43481686629923,209.5732733095125,197.76787197273134,209.30377812408591,198.2261353157904,209.86809799510397,198.2261353157904,209.3131878914003,197.78915850865155,209.36853651068358,197.93398045139969,209.51576436711593,198.33089516559249,209.66552151938836,197.87179367343808,209.42351615724004,198.39308194355414,209.75776972926423,197.80960689547643,209.13594091584966,197.99700537845669,209.58052275371355,197.99700191006502,209.52517413443036,198.2891602428474,209.71834084283145,198.22529716669504,209.78525955254253,198.248260000806,209.6629922235482,198.55835227312713,210.04318464754138,197.87263182253344,209.10808211984457,198.49700364426087,209.81564764438767,196.80960689547643,208.2836768307144,198.9143702136702,210.42590636737452,196.53706226881522,209.25929217918434,202.43733478197703,203.59509404098182,205.69377009668469,203.69001237182346
216.51971346337947,215.22513402357885,215.07617707160543,218.10251518137193,211.34806749280762,221.95621447110474,209.04622200181501,221.27714049644911,209.28682245629594,221.80315233689421,209.89558781838332,221.68427295408966,209.54295773411971,222.22330317347382,210.24934229081964,221.87968340399939,209.63125580370721,222.22330317347382,210.16104422123215,221.87968340399942,209.71955387329467,222.17037267154112,209.95300811849054,221.68427295408969,209.57778564388838,222.02789272356407,209.86471004890305,221.82675290206674,209.89615001246966,222.22330317347379,209.89615001246969,221.63134245215701,209.42265750687923,221.80315233689419,209.85200097767594,222.05149328873662,209.98444808205716,222.05149328873662,209.85200097767594,222.05149328873662,209.98444808205716,222.05149328873659,209.85200097767591,221.99856278680392,209.86471004890305,222.05149328873662,210.06398722070594,222.32916417733921,210.15228529029343,221.99856278680392,209.65667394616145,221.99856278680392,210.15228529029343,222.32916417733921,210.06398722070594,221.80315233689419,209.30291947372513,221.57841195022431,209.89615001246966,222.22330317347379,209.89615001246969,221.63134245215701,209.42265750687923,221.69729133302874,209.6125249113677,221.9090133407596,210.0861060592475,222.08082322549677,209.56837587657398,221.77382240013404,210.07274615164465,222.08082322549674,209.39723936442499,221.35367156355446,209.54174470365766,221.75022183496145,209.4286793279916,221.63134245215704,209.7978799814814,221.99856278680389,209.91883104509756,222.13375372742951,209.85538892387797,221.87968340399942,210.11745738052474,222.34218255627826,209.51095557646673,221.39358368654808,210.1356260787779,222.15979048530755,208.4628747821819,220.71936252653848,210.86469166810573,222.9692025859427,208.1103333402076,221.39270712960652,214.03889505719681,215.26821645688662,217.52572506891821,215.4525833670327
204.9939990180138,203.69779739817133,203.46374358426479,206.31184823960729,199.97320092685868,210.05082053446191,197.83005528230129,209.28682245629514,197.82754083501518,209.60913696516494,198.35050540332199,209.55378834588157,198.11969569940587,210.10869844958532,198.78748221046081,209.78385464487539,198.20316901328775,210.10869844958532,198.70400889657896,209.78385464487542,198.2866423271696,209.98896041643118,198.3496672542266,209.3418021028516,197.84966552003078,209.66664590756147,198.26619394034475,209.66411661172131,198.45358895493334,210.10869844958529,198.45358895493334,209.5537883458816,198.01661214779452,209.72887499831899,198.43230241901313,209.95894129731283,198.53706226881522,209.93361179714788,198.39140217697172,209.92420202983351,198.51577573289498,209.92420202983348,198.39140217697172,209.92420202983351,198.51577573289498,210.04394006298759,198.66227050544219,210.13618827286351,198.51577573289498,209.74695505428281,198.1827206264629,209.9336117971479,198.74574381932405,210.13618827286348,198.43230241901313,209.51688875528902,197.74574381932405,209.43405031272749,198.45358895493334,210.10869844958529,198.45358895493334,209.5443785785672,197.99532561187428,209.57439769768555,198.12053384850125,209.72162555411791,198.53706226881522,209.89671220655526,198.09924731258101,209.66411661172134,198.62053558269707,209.98896041643115,198.01577399869913,209.34180210285166,198.18355877555825,209.66664590756142,197.93230068481728,209.42464054541315,198.2457455535199,209.81387376399374,198.41185056379658,209.89671220655529,198.22445901759966,209.57186840184539,198.49532387767846,210.13871756870364,198.07879892575616,209.33927280701147,198.72445728340381,210.16657636470867,197.2866423271696,208.92218079242579,199.60008719587222,210.94757209771009,196.76618873775723,209.20000782318257,202.1606063466223,203.32385255863548,205.48061236843657,203.55270362352303
217.41221660758225,215.95372233973939,215.59836929235934,218.529955025303,211.79012003483143,222.5351568134825,209.66552151938942,221.80315233689419,209.6091369651657,221.99856278680397,210.01532585153731,221.82675290206674,209.65328599995948,222.27623367540656,210.25875205813395,221.93261390593216,209.74158406954695,222.36578312145087,210.2807822543862,221.98554440786489,209.83929190644884,222.27623367540653,209.98049794176873,221.60201251539689,209.42802849161592,221.94563228487124,209.89219987218124,221.93261390593219,210.01588804562377,222.32916417733924,210.01588804562377,221.82675290206677,209.65272380587305,222.05149328873665,210.09147704398416,222.29983424057909,210.21451438105098,222.24690373864638,209.97173901083002,222.15735429260207,210.10418611521123,222.24690373864638,210.08206727666973,222.24690373864638,210.10418611521123,222.21028479453477,210.09147704398416,222.24690373864638,210.00252813802098,221.91630234811109,209.68416376943966,222.01487434462504,210.06944684773194,222.10442379066936,209.79449203527938,221.66796139626865,209.33040929700334,221.68427295408975,210.01588804562377,222.32916417733924,210.01588804562377,221.82675290206677,209.65272380587305,221.85608283882692,209.64942450196031,221.87968340399951,210.04667717281467,222.14104273478097,209.7156037330063,221.98554440786492,210.31222221795284,222.41871362338355,209.82988213913441,221.87968340399951,210.05071595539241,222.13375372742948,209.63125580370723,221.77382240013409,209.91761801463548,222.10442379066933,209.94632086837581,222.05149328873668,209.70563177160545,221.79742296530662,210.14494720380301,222.44804356014373,209.63069360962078,221.58899413645784,210.45794058764761,222.68580232575263,209.08217429975639,221.29830486891626,211.30674421012949,223.30709298382951,208.34039963920151,221.58811757951625,214.15863309035069,215.32114695881941,217.52572506891815,215.45258336703267
205.75479910748447,204.35570453335185,203.99892085481846,206.71513732420047,200.28748394465666,210.48233892099822,198.37263355672926,209.8955878183821,198.35050540332199,210.01532585153635,198.64350188519973,209.74583066610964,198.14182385281313,209.98783602825813,198.58131510723808,209.66299222354817,198.22529716669501,210.19041250397373,198.74742358590646,209.78273025670228,198.33005701649711,210.1998222712881,198.66395027202458,209.69773149102753,198.20484877987016,210.02257529573743,198.58047695814273,209.87497846657823,198.49700364426084,210.10757406141218,198.49700364426084,209.74583066610973,198.28832209375202,210.01532585153629,198.7056851947697,210.25480191784453,198.83005875069296,210.16039338485533,198.47571710834063,209.96722667645412,198.60176349406296,210.16980315216972,198.72529890089086,210.16980315216972,198.60176349406296,209.96722667645412,198.47571710834063,210.05006511901561,198.58047695814273,209.84748864330001,198.2261353157904,209.7277506101459,198.30960862967225,209.7277506101459,198.2261353157904,209.6080125769918,198.03874030120178,209.63550240027001,198.49700364426084,210.10757406141218,198.49700364426084,209.75524043342412,198.30960862967225,209.81999882002179,198.2261353157904,209.78997970090344,198.64266373610437,210.14231332889148,198.41353033037899,209.99471649973236,198.93481860049505,210.42988857028186,198.57963880904734,209.98530673241797,198.74742358590646,210.10757406141212,198.24658370261525,209.75524043342418,198.56002857131784,210.05006511901556,198.49616549516549,209.93973685317596,198.31044677876761,209.81746952418163,198.8292206015976,210.37490892372549,198.14350015100388,209.45788645199249,199.01745376528154,210.66501346095598,197.80960689547641,209.25278068043679,199.70568866316137,211.09802520839216,197.05751238983592,209.70134472120813,202.70820311044747,203.71483207413593,205.69377009668472,203.69001237182343
216.8650505335531,215.52640547735399,215.33373319387746,218.26859569452148,211.43778640684337,222.175225486187,209.42351615724112,221.68427295408964,209.55378834588237,221.87968340399948,209.86556869926497,221.56539357128517,209.27562287180641,221.77382240013407,209.71976168728091,221.43020263065964,209.3639209413939,221.96194384269231,209.80871059324409,221.43020263065964,209.36722024530661,222.05149328873662,210.00798776504695,221.76080402119496,209.6675045579241,222.10442379066933,209.91968969545948,221.70787351926225,209.5438163844816,221.77382240013401,209.5438163844816,221.45953256741981,209.35789912028153,221.68427295408969,209.71165359271788,221.93261390593216,209.91968969545948,221.87968340399942,209.49966734968785,221.60201251539684,209.6321144540691,221.93261390593213,209.90698062423235,221.93261390593213,209.6321144540691,221.60201251539684,209.49966734968785,221.87968340399945,209.91968969545945,221.84306445988781,209.50907711700228,221.54908201346416,209.41071844372468,221.54908201346413,209.50907711700228,221.5947235080454,209.35789912028153,221.45953256741981,209.5438163844816,221.77382240013401,209.5438163844816,221.56539357128523,209.59737518658974,221.77382240013401,209.49025758237346,221.65494301732954,209.85351046441349,221.96194384269228,209.50361748997628,221.65494301732957,209.93239876668659,222.10442379066927,209.654795486697,221.70787351926228,209.80871059324409,221.77382240013398,209.27892217571912,221.51246306935255,209.74253136219815,221.87968340399939,209.67682568294919,221.82675290206674,209.62279332904401,221.81373452312764,210.17243702708117,222.22330317347379,209.15862194847867,221.08658286118532,210.10560695965953,222.42444299497109,208.81483943744308,220.79589359364371,210.65742557343668,222.75175120662428,208.0455749536099,221.46194918936033,214.07579464778942,215.04347607021671,217.04694240429319,214.91940550078183
204.49774222611458,203.37262660726071,203.37470185434532,206.24566900856129,199.78580591227009,209.91772259370495,197.89224206026293,209.54295773411886,198.1196956994059,209.77302403311279,198.41269218128363,209.48760911483558,197.89140044277588,209.74553420983457,198.37011910944315,209.42069040512462,197.97487375665776,209.81245291954551,198.2457455535199,209.20870416209465,197.82837898411054,209.9133714180708,198.6205355826971,209.79326441218981,198.39140217697172,210.11810821689969,198.53706226881522,209.58852761336092,197.99532561187428,209.53354796680452,197.99532561187428,209.24813304852742,197.76703035524429,209.33097149108892,197.97403907595407,209.56103779008274,198.28748047626499,209.62795649979367,197.93313883391266,209.34905154705274,198.05751238983592,209.73828476563338,198.41268871289196,209.73828476563341,198.05751238983592,209.34905154705271,197.93313883391266,209.73828476563341,198.53706226881522,209.85802279878749,198.20400716238314,209.56103779008274,198.05751238983592,209.56103779008271,198.20400716238314,209.6279564997937,198.01661214779452,209.3584613143671,197.99532561187428,209.53354796680452,197.99532561187428,209.47819934752124,198.28748047626499,209.82112320819488,198.16143409054266,209.55378834588163,198.30876701218523,209.67605567487584,197.82837898411054,209.25680333717685,198.16227223963801,209.71079494235516,198.03706053461937,209.47819934752127,198.2457455535199,209.53354796680446,197.74490567022869,209.35846131436716,198.26703208944014,209.73828476563335,198.20316901328775,209.72887499831901,198.2457455535199,209.79326441218981,198.76619220614893,210.06312857034325,197.6205355826971,208.88386035738483,198.53706226881522,210.19264534353857,197.30792886308984,208.55901655267502,198.93314230230433,210.37242161492932,196.516606945207,209.19133753453315,202.18189288254254,203.03627731724509,204.89073422361756,202.89580855642831
216.55903117132266,215.38306687902724,215.40307002093914,218.52266601795154,211.76263021155324,222.57177575759411,209.86809799510505,222.22330317347379,210.10869844958611,222.41871362338358,210.31015053712886,222.05149328873662,209.80304315223194,222.44804356014373,210.43383871057137,222.15735429260204,210.01107925497354,222.53759300618805,210.24388266379358,221.82675290206677,209.70147381733094,222.395113058211,210.3234218024424,222.10442379066936,210.0017581299484,222.50097406207641,210.35486176600904,222.19397323671367,209.98839822234558,222.22330317347382,209.98839822234558,221.90901334075966,209.71023274826962,221.89270178293853,209.76700221200116,221.99856278680394,210.04195702445372,222.13375372742951,209.82451115439773,221.94563228487124,209.95695825877897,222.27623367540653,210.23182442894225,222.27623367540653,209.95695825877897,221.94563228487124,209.82451115439775,222.27623367540653,210.36427153332343,222.47164412531626,210.26656369642154,222.41871362338355,210.24453350016933,222.32916417733924,210.15623543058183,222.22330317347382,209.91280922398522,221.99856278680394,209.98839822234558,222.17037267154112,209.86866018919147,222.05149328873668,210.24453350016933,222.50097406207641,210.11208639578811,222.05149328873668,210.00110729357269,222.02789272356409,209.53363660909466,221.72089189820139,209.98774738596987,222.17037267154112,209.77706281569129,222.01487434462507,210.25329243110801,222.31285261951811,209.83383227942284,222.05149328873668,210.18711320006204,222.2762336754065,210.00166948765911,222.17037267154114,209.9476371337538,222.15735429260207,210.4972808317911,222.5669229429482,209.48346575318851,221.48313313259243,210.55018879752353,222.91054271242251,209.2500115079927,221.19244386505085,210.99167914546092,223.05875203198707,208.27817054844397,221.6174475162764,214.1311432670725,215.07280600697698,217.12299023483757,215.08450438203613
204.76160014120535,203.59863462806385,203.54612771523222,206.51651098877332,200.20401063077477,210.51377888456489,198.56002857131784,210.24934229081848,198.78748221046081,210.36908032397272,198.83089689978831,209.88759889551602,198.30793233148151,210.30685123321518,198.9773916723355,210.10174546165933,198.66227397383383,210.53475720909569,198.91353206457481,209.81417022026895,198.26787023853547,210.11152420170066,198.55919042222249,209.60943342144009,198.14266200190852,210.05401525930407,198.74658543681107,210.1089949058605,198.68439865884946,210.25875205813296,198.68439865884946,209.98925687270639,198.4757171083406,209.96176704942815,198.41353033037899,209.87892860686668,198.49700364426084,209.96176704942815,198.39224379445875,209.87892860686668,198.51829018018108,210.08150508258228,198.64182558700898,210.08150508258228,198.51829018018108,209.87892860686668,198.39224379445875,210.08150508258228,198.76787197273131,210.31157138157607,198.91269391547945,210.48881835712677,198.97655352324014,210.28624188141114,198.66311212292922,210.07209531526789,198.4757171083406,209.98925687270639,198.68439865884946,210.13901402497885,198.41353033037899,209.8970086628305,198.74658543681107,210.35100026800882,198.62221188088782,209.82141966447011,198.35050887171366,209.76644001791365,198.08047522394688,209.71109139863043,198.64266373610434,210.05401525930401,198.24658370261525,209.90641843014492,198.93481860049505,210.4613285338485,198.68356050975407,210.10899490586053,198.74742358590646,210.08150508258223,198.4126921812836,209.85143878358852,198.22697346488576,209.72917145459417,198.74574728771572,210.28661085413805,198.06002683712202,209.48932641555913,199.20484877987016,210.89902990023822,197.97571537414478,209.28422064400345,199.64350188519973,211.01913690611909,196.97403907595404,209.52804788594591,202.41604824605676,203.34836853047247,205.37259175885845,203.51424853526979
216.57292461179318,215.19580408681867,214.94449997529682,217.93799430398619,211.23520993112777,222.13860654207542,209.54325419039526,221.87968340399937,209.78385464487619,221.98554440786489,209.78273025670347,221.3772721287269,209.08896612894134,221.68427295408975,209.7038419544304,221.53606363452505,209.61931674055265,222.24690373864635,210.01344739207298,221.44651418848073,209.19938303707036,221.68427295408972,209.50117683642546,221.15253174205708,209.01818592123129,221.54908201346416,209.62486500986796,221.67125457515064,209.66355441763574,221.87968340399945,209.66355441763571,221.70787351926225,209.70770345242946,221.93261390593213,209.7391434159961,221.70787351926225,209.53986624419321,221.60201251539684,209.40741913981196,221.56539357128526,209.5492760115076,221.65494301732954,209.51774740565168,221.65494301732957,209.5492760115076,221.56539357128523,209.40741913981196,221.65494301732954,209.65960427734731,221.85035346723927,209.84947168183578,222.03847490979754,209.83685125289799,221.76080402119496,209.56189644044539,221.74449246337386,209.61545524255357,221.76080402119496,209.78329245078984,221.79013395795513,209.341239908766,221.43020263065966,209.65019451003289,221.87968340399942,209.49241790548675,221.28772268268267,209.17670200444246,221.3536715635544,209.20879280438476,221.61832407321796,209.95988858996483,221.82675290206669,209.15523400227661,221.43020263065969,209.92844862639822,222.21028479453469,209.80597348341772,221.76080402119499,209.68502241980156,221.65494301732951,209.38200099735769,221.45953256741984,209.15072166790185,221.20546224398976,209.5806273327849,221.80315233689419,208.95604547276307,221.04996391707371,210.22534499281366,222.56692294294811,208.9251677032828,220.90175459750915,210.78657337390521,222.85761221048966,208.06365500957372,221.32675824873476,213.81570922967722,214.81873568354683,217.00762469635001,215.09207403586862
205.13103113400379,203.72238323800423,203.34794511495221,206.03698206944398,199.61969743360171,209.89569239745271,197.97571537414478,209.63125580370632,198.20316901328775,209.75099383686052,198.24658370261525,209.16859390987855,197.49532387767846,209.31619073903781,197.95442883822457,209.2214132333217,198.09924731258101,210.11273723216297,198.55918695383082,209.30641199899651,197.7031707474836,209.60376598042816,198.20484531147849,209.27892217571829,197.78664406136545,209.51151777055227,198.12137199759664,209.45616915126897,198.07879892575616,209.62184603639196,198.07879892575616,209.56649741710871,198.37095379014687,210.03856907825084,198.53706226881522,209.76907389282428,198.16227223963804,209.53900759383046,198.01661214779452,209.53900759383049,198.16227223963804,209.53900759383046,198.01661214779452,209.53900759383049,198.16227223963804,209.53900759383046,198.01661214779452,209.53900759383049,198.16227223963804,209.65874562698457,198.28748047626499,209.75099383686049,198.16227223963804,209.4814986514339,198.07879892575616,209.75099383686049,198.37095379014687,209.7784836601387,198.34966725422663,209.63125580370635,197.82921713320593,209.27892217571832,198.16227223963804,209.71409424626785,197.99532561187428,209.12444487508489,197.66310865453755,209.26479226004292,197.91185229799243,209.73433462534499,198.72529543249919,209.79909301194263,197.64098396952195,209.17726419852806,198.32921886740175,210.0110792549726,198.30792886308984,209.56649741710874,198.14182385281316,209.53900759383046,198.0370605346194,209.5115177705523,197.87095552434269,209.1866739658424,198.12053384850125,209.63378509954651,197.45442710402872,208.86183016113256,198.6205355826971,210.28094341312604,197.39140217697172,208.76705265541659,199.28748394465666,210.7830341933865,196.84966205163911,209.39937363727472,202.28665273234463,203.23490365267227,205.33165059459793,203.55442696448245
217.27886578043862,215.91624474527816,215.69519594269906,218.61221546399585,211.76263021155327,222.57177575759411,209.86809799510507,222.22330317347379,210.10869844958611,222.41871362338358,210.31015053712886,221.96194384269231,209.60046667651633,222.06451166767573,209.92486745883662,221.77382240013404,209.90075098913383,222.636165002702,210.42112963934431,221.86337184617838,209.60706528434176,222.34218255627832,210.39034051215339,222.23961473129492,210.08459657250992,222.39511305821102,210.12479546701522,221.99856278680394,209.8686601891915,222.11744216960841,209.8686601891915,221.99856278680394,210.12479546701525,222.55390456400912,210.44381067197224,222.41871362338355,210.15953473449457,222.22330317347382,210.00175812994843,222.22330317347385,210.15953473449457,222.22330317347382,210.00175812994843,222.22330317347385,210.15953473449457,222.22330317347382,210.00175812994843,222.22330317347385,210.15953473449457,222.27623367540653,210.12149616310253,222.22330317347385,209.94754849146457,222.08811223284826,210.15623543058189,222.60683506594185,210.53210874155974,222.52457462724897,210.31071273121532,222.31285261951814,209.8686601891915,222.05149328873665,210.24453350016935,222.4480435601437,209.99234836263403,221.85608283882695,209.7710409945789,222.0645116676757,209.93878956052586,222.32916417733927,210.55422758010124,222.30556361216668,209.4525879837083,221.66796139626868,210.13355439795393,222.44804356014367,210.01107925497354,221.99856278680397,209.98237640123321,222.22330317347382,210.17891646320982,222.44804356014373,210.15021360946943,222.10442379066936,210.26721453279731,222.37151249303844,209.36372772003443,221.43020263065972,210.55018879752356,222.91054271242251,209.25001150799272,221.33492381302787,211.31399365433066,223.53183337049938,208.77773203286432,222.09052885478874,214.54570598581816,215.54588734548929,217.76503166723501,215.87990022941818
205.01517438683993,203.90577306441506,203.93279451301527,206.83552619373037,200.37011910944315,210.53580908081716,198.47655525743599,210.16104422123104,198.70400889657896,210.391110520225,198.99700537845669,210.09628583463336,198.4544271040287,210.20914339631335,198.64266373610434,209.68172311588776,198.28831862536035,210.30139160618921,198.80877221477272,209.70705261605272,198.16311038873337,210.20914339631329,198.93398045139966,210.1812846003082,198.72613358159452,210.32888142946737,198.64182558700898,209.79930082592864,198.33005701649711,209.93097792223728,198.33005701649711,209.68897256008893,198.39224379445875,210.16104422123109,198.78832035955617,210.18853404450931,198.66311212292922,210.0687960113552,198.51745203108572,210.06879601135523,198.66311212292922,210.0687960113552,198.51745203108572,210.06879601135523,198.66311212292922,210.0687960113552,198.51745203108572,210.06879601135523,198.66311212292922,210.0687960113552,198.51745203108572,209.94905797820113,198.39224379445875,209.97654780147931,198.78832035955617,210.56835749577562,199.12137546598828,210.41860034350313,198.85050713751781,210.27137248707081,198.57963880904734,210.09628583463342,198.87179367343805,210.33829119678177,198.5174520310857,209.80871059324306,198.4757171083406,210.07604545555628,198.49616549516549,210.02069683627306,198.76787197273131,209.93097792223725,197.8922420602629,209.48639608437338,198.58047695814273,210.13355439795282,198.32921886740175,209.68897256008898,198.39308194355411,210.06879601135518,198.78748221046081,210.44861946262154,198.85134528661317,210.12377565791158,198.87095552434266,210.27390178291097,197.9552669873199,209.3916185786573,199.12137546598828,210.81073183065078,197.8922420602629,209.30625084025573,199.8096103638681,211.33815211107614,197.37011564105148,209.95739135674268,202.83173851727537,203.78712176858363,205.89087335840139,204.10570803165052
215.89240771062038,214.87348957794893,215.09900503602461,218.32152619645419,211.55752443999748,222.28108649005242,209.54325419039526,221.87968340399939,209.78385464487619,222.07509385390921,209.9853067324191,221.7608040211949,209.59793738067611,222.15735429260207,210.01674669598572,221.53606363452505,209.30641199899733,221.91630234811109,209.82679064920791,221.44651418848076,209.29379157005954,221.82675290206674,209.72908281230602,221.53606363452508,209.50182767280114,221.93261390593213,209.7605227758726,221.57268257863669,209.46097794192013,221.64765400997811,209.34123990876603,221.23479218074996,209.2081419680091,221.60201251539684,209.64689520612018,221.76080402119499,209.65960427734734,221.65494301732954,209.40741913981196,221.51246306935255,209.42953797835352,221.51246306935252,209.40741913981196,221.65494301732957,209.65960427734734,221.70787351926225,209.52715717296607,221.70787351926228,209.65960427734734,221.70787351926225,209.52715717296607,221.65494301732957,209.53986624419321,221.76080402119496,209.8588814491502,222.12802435584189,209.93776975142328,221.90328396917201,209.78329245078984,221.93261390593216,209.66355441763574,221.76080402119499,209.82744148558359,221.87968340399942,209.40741913981196,221.43020263065969,209.58401527898695,221.79013395795511,209.448268870693,221.4831331325924,209.57065537138416,221.49615151153139,208.95265752656101,221.25110373857106,209.72587215068262,221.87968340399939,209.41674026483707,221.43020263065972,209.48244594408598,221.70787351926222,209.70431550622743,221.93261390593219,209.65028315232223,221.58899413645776,209.79261357581493,221.94563228487121,209.06637373860278,221.19244386505073,210.34508302596777,222.61985344488082,208.92516770328282,220.90175459750915,210.78657337390524,222.85761221048969,208.06365500957375,221.37968875066747,213.93544726283133,215.01414613345659,217.29062149727653,215.40722251893249
203.77860749181542,202.89479468063232,203.21076189715467,206.33726638206144,199.97403907595407,210.10372850019428,198.05918868802667,209.71955387329379,198.28664232716963,209.83929190644801,198.33005701649714,209.48695827845984,198.09924731258101,210.14352635935387,198.7883203595562,209.6414355790933,197.97403907595407,209.84654135064909,198.43397871720387,209.50577781308866,198.03789868371476,209.73621308480938,198.12053731689292,209.23412230454883,197.91269044708778,209.85595111796346,198.51661388199037,209.69894452148989,198.18355877555825,209.60922560745414,197.91269044708778,209.13715394631197,197.72529543249919,209.43197863190346,198.16227223963801,209.67145469821168,198.26703208944014,209.55171666505757,197.89140391116757,209.22940215618786,197.74658196841943,209.22940215618786,197.89140391116757,209.55171666505757,198.26703208944014,209.67145469821168,198.16227223963804,209.67145469821168,198.26703208944014,209.67145469821168,198.16227223963804,209.67145469821168,198.26703208944014,209.79119273136578,198.43314056810848,209.87403117392728,198.2457455535199,209.57920648833579,198.18355877555825,209.72896364060824,198.18355877555825,209.57920648833579,198.2457455535199,209.63455510761906,197.89140391116754,209.36722024530582,198.26703208944011,209.78647258300481,198.03789868371476,209.36722024530582,198.12053731689292,209.51481707446493,197.74574381932405,209.37663001262021,198.43397871720387,209.93154011632382,198.1827206264629,209.57920648833581,198.24658370261525,209.67145469821165,198.1827206264629,209.64396487493349,197.97571537414478,209.31912107022359,198.26619394034475,209.87656046976744,197.80876874638105,209.28185250690416,198.97487722504943,210.48897951586761,197.47487549085358,208.74502245916435,199.12137546598831,210.46401898842947,196.45358548654167,209.08976819963209,202.14183078959653,203.23820295658496,205.45355714922977,203.67588833859597
216.30622295750592,215.26332884587316,215.46046778484612,218.61221546399585,211.7626302115533,222.48222631154979,209.75776972926539,222.17037267154109,210.09928868227172,222.27623367540656,209.9972457955736,221.77382240013401,209.73612444252095,222.59052350812075,210.63857550940031,222.21028479453474,209.92608048929876,222.53759300618805,210.42112963934434,222.15735429260204,210.02378832620064,222.4480435601437,210.12084532672685,221.86337184617838,209.81510138708336,222.4480435601437,210.42178047572006,222.29254523322763,210.08064643222153,222.25992211758543,209.97898845503124,221.94563228487124,209.80248095814557,222.0808232254968,210.03649739742778,222.27623367540656,210.24453350016938,222.22330317347382,209.82451115439778,221.75022183496151,209.51490571675518,221.75022183496151,209.82451115439775,222.22330317347382,210.24453350016938,222.27623367540653,210.03649739742778,222.27623367540653,210.24453350016938,222.36578312145085,210.14682566326749,222.27623367540653,210.13420523432967,222.32916417733924,210.2665636964216,222.36578312145085,210.03254725713938,222.05149328873665,209.98839822234564,222.22330317347382,209.98839822234564,222.05149328873665,210.03254725713936,222.17037267154112,209.82451115439775,222.05149328873668,210.28868253496313,222.4480435601437,209.94819932784029,222.05149328873668,210.25724257139652,222.39511305821097,209.85990125825279,222.05149328873668,210.34554064098396,222.5905235081207,210.21365573068914,222.32916417733927,210.27936140993799,222.32916417733921,210.12140752081322,222.31285261951817,209.96571718971771,221.96923285004377,210.20970559040072,222.47737349690388,209.66071272873921,221.76080402119501,210.75276527323916,222.91054271242251,209.13968324215301,221.19244386505085,211.10200741130069,223.14830147803139,208.27817054844394,221.6174475162764,214.22339147694845,215.40340739751227,217.76503166723498,215.87990022941818
204.9088385740846,203.80559822622178,203.83991143181899,206.6274900909888,200.0157774670908,210.12519650235998,198.14350015100388,209.95300811848949,198.59924904677683,210.07274615164374,198.41436847947435,209.50842628062554,198.14098570371777,210.32342180244152,199.03874030120178,210.00073832084482,198.4544271040287,210.40842056811627,198.93398045139966,210.01665805369535,198.57880065995198,210.40842056811624,198.80960689547641,209.87159052037637,198.39140564536336,210.19643432508622,198.72613358159455,209.97324849756666,198.49616549516549,210.17366465016897,198.74574728771572,210.09082620760748,198.51745203108572,209.94575867428844,198.43397871720384,210.05608694012815,198.76703382363596,210.14833515000404,198.43397871720384,209.64877366558366,198.03790215210643,209.64877366558366,198.43397871720384,210.14833515000407,198.76703382363596,210.05608694012815,198.43397871720384,210.05608694012815,198.76703382363596,210.25866341584376,198.68356050975407,210.05608694012815,198.51745203108572,210.05608694012815,198.68356050975407,210.14833515000404,198.51745203108572,209.88824973189188,198.49616549516549,210.06333638432926,198.49616549516549,209.88824973189188,198.51745203108572,210.03800688416433,198.43397871720384,210.00798776504601,198.85050713751781,210.26591286004484,198.39140564536339,209.91573955517012,198.89308020935829,210.41783033543058,198.51661388199034,209.90632978785573,198.74658543681107,210.35091162571959,198.70400889657893,210.17582497328232,198.76787197273131,210.1758249732822,198.70400889657896,210.3509116257197,198.74658543681107,210.02606782100978,198.78748221046081,210.27060247899831,198.08047522394688,209.47115771730611,199.01661561618619,210.51044751803332,197.55918695383082,209.09821473751418,199.70485051406598,211.1301160083346,197.03706053461937,209.53736901097113,202.45611033900281,203.55375616567716,205.76896680376956,203.984246657537
216.61224231973637,215.40666744419983,215.39113095778453,218.26859569452148,211.2352099311278,221.89755459758445,209.24626918169048,221.68427295408966,209.63878711155718,221.79013395795519,209.57799345787461,221.37727212872693,209.38595113764612,222.10442379066939,210.01674669598572,221.53606363452505,209.39866020887325,222.10442379066936,210.00403762475861,221.62561308056939,209.52169754594007,222.10442379066933,209.97324849756765,221.67125457515067,209.49966734968788,221.82675290206674,209.61545524255359,221.51975207670401,209.48630744208506,221.93261390593216,209.96053942634052,221.89599496182055,209.58796541927541,221.54908201346413,209.33183014145163,221.65494301732957,209.82744148558362,221.93261390593213,209.61940538284199,221.45953256741984,209.19006191204531,221.45953256741981,209.61940538284199,221.93261390593216,209.82744148558362,221.65494301732954,209.33183014145163,221.65494301732957,209.82744148558362,221.98554440786484,209.73914341599612,221.65494301732957,209.42012821103913,221.65494301732954,209.73914341599612,221.93261390593216,209.70770345242948,221.70787351926228,209.66355441763574,221.87968340399945,209.66355441763574,221.70787351926228,209.70770345242951,221.87968340399945,209.61940538284199,221.81373452312769,209.99132855353147,221.96923285004377,209.35386033770382,221.48313313259243,209.84956032412515,222.01487434462499,209.442809243667,221.43020263065972,209.64087338500784,221.87968340399942,209.59398724038775,221.70787351926231,209.68502241980158,221.79742296530657,209.79656371610335,222.21028479453477,210.03010660358854,221.86666502506037,209.88486178569084,221.94563228487121,209.06637373860278,221.13951336311806,210.1330967829378,222.28925205434552,208.63759246189244,220.84882409557645,210.95441058214149,223.04573365304796,208.16531298676404,221.32675824873476,213.8062994623628,214.90828512959118,217.12736272950411,215.14500453780133
204.77180645809457,203.65186458592035,203.66355503674089,206.42556445164891,199.80793059728569,209.89504156107697,197.91269391547945,209.57778564388744,198.07963360645985,209.60527546716577,198.18356224394992,209.4555183148932,198.14182038442149,210.00175812994755,198.39224379445875,209.23017216426038,197.80793059728569,209.91675936427274,198.51745203108572,209.41682890712545,197.91269044708778,209.82451115439684,198.41269218128363,209.50907711700137,198.0174502968899,209.65667394616054,198.12053731689292,209.4052588166978,198.05835053893128,209.8266714775101,198.4970001758692,209.73442326763421,198.05835053893128,209.34302972594026,197.78748221046084,209.47217752640876,198.35050540332199,209.85200097767503,198.2457455535199,209.43743825892943,197.83005528230129,209.43743825892943,198.2457455535199,209.85200097767503,198.35050540332199,209.47217752640876,197.78748221046084,209.47217752640876,198.35050540332199,209.86141074498943,198.26703208944014,209.47217752640876,197.87095552434269,209.47217752640876,198.26703208944014,209.85200097767503,198.32921886740175,209.66750455792325,198.26703208944014,209.81726171019571,198.26703208944014,209.66750455792325,198.32921886740175,209.84259121036064,198.2457455535199,209.78724259107739,198.62137373179246,209.9095099200716,197.91269044708778,209.287681106657,198.22529716669501,209.70477312124268,197.82921713320593,209.17735284081729,198.05918868802667,209.62193467868119,198.01661214779452,209.47217752640879,198.12137546598831,209.58250579224844,198.26619394034475,210.02924795322573,198.53873856700596,209.70440414851583,198.34966725422663,209.78761156380423,197.6835605097541,209.17482354497713,198.80876874638105,210.28970234406469,197.34966725422663,208.83332052875181,199.41353033037899,210.84930206672172,196.80792712889399,209.29780430237366,202.22530410347838,203.23209249318322,205.20614387815729,203.20416687536934
216.55903117132266,215.43599738095998,215.52280805409322,218.66514596592856,211.87295847739301,222.62470625952682,209.87750776241953,222.08082322549674,209.77697417340198,222.03518173091561,210.02257529573856,222.01487434462499,210.00777995106077,222.50097406207644,210.16434352514491,221.63863145950847,209.51151777055313,222.30556361216671,210.21855316362874,221.79013395795513,209.64396487493437,222.25992211758546,210.13892538269067,221.87968340399948,209.74167271183626,222.22330317347382,210.14287552297907,222.10442379066936,209.99780798966003,222.27623367540653,210.09872648818532,221.99856278680394,209.71023274826965,221.80315233689421,209.6566739461615,221.99856278680394,210.15228529029349,222.27623367540653,209.94424918755189,221.80315233689421,209.51490571675518,221.80315233689421,209.94424918755186,222.27623367540653,210.15228529029349,221.99856278680394,209.6566739461615,221.99856278680394,210.15228529029349,222.32916417733924,210.063987220706,221.99856278680394,209.744972015749,221.99856278680394,210.063987220706,222.27623367540653,210.03254725713938,222.05149328873665,209.98839822234564,222.22330317347382,209.98839822234564,222.10442379066936,210.15228529029346,222.36578312145085,210.05457745339157,222.24690373864638,210.40842056811724,222.41142461603209,209.74562285212465,221.77382240013409,209.98774738596995,222.11744216960838,209.56507657266127,221.68427295408978,209.96571718971774,222.22330317347379,209.91883104509762,222.05149328873668,210.00986622451146,222.05149328873659,209.91883104509762,222.22330317347385,209.96571718971771,221.87968340399945,210.00712911468511,222.28925205434558,209.59379401902828,221.81373452312772,210.84717380622834,222.96347321435522,209.16501274231794,221.13951336311811,210.95693987798168,223.00582153005436,208.19317178276916,221.61744751627643,214.30839024262326,215.40340739751224,217.44530474370728,215.22698433001318
204.48753590922536,203.43913468255835,203.52814286130715,206.65893005455544,200.43146773830941,210.65619795034704,198.56086325202156,209.98444808205613,198.28580764646591,209.91752937234534,198.60176349406296,209.92909946277285,198.53706226881522,210.35486176600816,198.74658543681107,209.6154552425526,198.10008546167637,210.09005619953498,198.60092534496758,209.6154552425526,198.24574555351987,210.23512373285402,198.76703382363596,209.81803171826823,198.32921886740175,210.22787428865288,198.8922420602629,210.181935436684,198.64266026771267,210.08536658058154,198.43230588740479,209.70554312931526,198.18439692465361,209.74713233886129,198.35050540332199,209.96778887054072,198.68356050975407,210.06003708041661,198.35050540332199,209.56047559599622,197.95442883822454,209.56047559599622,198.35050540332199,210.06003708041661,198.68356050975407,209.96778887054072,198.35050540332199,209.96778887054072,198.68356050975407,210.17036534625632,198.60008719587222,209.96778887054072,198.43397871720384,209.96778887054072,198.60008719587222,210.06003708041661,198.43397871720384,209.79995166230444,198.4126921812836,209.97503831474179,198.4126921812836,209.91968969545854,198.70484704567431,210.2720233234466,198.60008719587222,210.03001796129826,198.76703382363596,210.15228529029247,198.26703208944011,209.70770345242858,198.57963880904734,210.03254725713836,198.18355877555825,209.70770345242858,198.66311212292922,210.26261355613215,198.62053558269707,210.08752690369488,198.68439865884946,209.97719863785505,198.37095379014684,209.85530028158774,198.18356224394992,209.53045647687782,198.45442710402872,210.18230440941088,198.24658370261525,209.79017292226317,199.4126921812836,210.82946272299037,197.72529543249917,208.89017863477264,199.10092707916343,210.42251842117267,196.47403734175819,209.32933290822956,202.58131857562975,203.65211483895479,205.57763222533939,203.43595651532257
216.22758754161956,215.00039363690891,214.92641991933306,218.2156651925888,211.72536164823379,222.55875737865503,209.75524043342529,221.82675290206669,209.544378578568,221.87968340399951,209.87497846657942,221.70787351926225,209.58852761336175,222.1939732367137,210.10899490586164,221.67125457515064,209.45616915126985,221.99856278680394,209.79930082592972,221.57268257863669,209.69894452149077,222.38209467927194,210.17582497328328,221.70787351926228,209.47217752640967,222.05149328873665,210.08752690369576,222.03847490979757,209.87554066066576,221.96923285004377,209.65414465032137,221.60201251539686,209.47763715343569,221.73720345602243,209.71165359271791,221.93261390593216,209.91968969545951,221.87968340399945,209.49966734968791,221.40660206548714,209.19006191204531,221.40660206548714,209.49966734968791,221.87968340399945,209.91968969545951,221.93261390593216,209.71165359271791,221.93261390593216,209.91968969545951,222.02216335197647,209.82198185855762,221.87968340399945,209.68962339646569,221.79013395795513,209.71165359271791,221.82675290206674,209.58796541927538,221.65494301732957,209.66355441763574,221.82675290206674,209.54381638448163,221.70787351926228,209.91968969545951,222.15735429260204,209.78724259107827,221.70787351926231,209.67626348886287,221.77382240013404,209.41136928010039,221.70787351926231,210.05213679984075,222.1044237906693,209.53505745354292,221.70787351926231,210.02069683627414,222.24690373864632,209.88881192597927,221.98554440786489,209.95451760522818,221.93261390593213,209.67682568294924,221.77382240013407,209.41080708601405,221.43020263065966,209.76512375253674,222.0808232254968,209.33586892402934,221.41718425172064,210.42792146852929,222.56692294294814,208.81483943744314,220.65341364566675,210.33511106456703,222.27866986811196,207.54601346918957,221.13134779882503,213.98354643791345,215.09640657214948,217.1666804374473,214.97233600271451
204.62388264273463,203.34758243161005,203.11634817632708,206.18213824505227,200.1000854616764,210.36316308193071,198.24574902191156,209.68416376943873,198.16310692034173,209.87082051230391,198.47571710834063,209.53440661716624,197.99532561187428,209.98839822234473,198.68439865884946,209.67296418494917,198.1000854616764,209.90339945666992,198.37095725853854,209.60604547523823,198.45442710402872,210.37763144092537,198.70484704567431,209.4609779419192,197.80876874638105,209.70082298095429,198.41269218128363,209.78113212767565,198.39140564536339,209.90555977978318,198.30960516128059,209.61073509419168,198.14182385281316,209.71890303691811,198.32921886740175,209.84805083738661,198.43397871720387,209.72831280423247,198.05835053893128,209.40599829536279,197.91352859618317,209.40599829536279,198.05835053893128,209.7283128042325,198.43397871720387,209.84805083738661,198.32921886740175,209.84805083738661,198.43397871720387,209.84805083738661,198.32921886740175,209.7283128042325,198.1631103887334,209.5257363285169,198.07963707485152,209.60857477107839,198.14182385281316,209.63606459435661,198.35050540332199,209.78582174662907,198.07963707485152,209.54381638448072,198.41269218128363,209.98839822234467,198.26703208944011,209.43348811864104,197.97571537414478,209.48883673792426,197.97487722504943,209.75580262751075,198.7883203595562,210.10813625549875,198.16227223963801,209.66355441763486,198.60092534496758,210.10813625549872,198.34966725422663,209.75580262751075,198.41353033037899,209.83864107007216,198.32838071830639,209.7858217466291,198.10176175986712,209.4609779419192,198.41185403218824,209.93341857578827,197.72613358159455,209.05113537153457,198.66227397383386,210.25826238049805,197.39224032606708,208.69155229934546,199.01745376528157,210.3183006187347,196.37095032175517,209.15603607296731,202.30877741736023,203.31098079545629,205.27774042343333,203.2696024460833
216.77475361564871,215.37477999736168,215.07131798466065,218.19206462741624,211.64505250151245,222.48222631154979,209.69085101955449,221.89270178293847,209.78638394071638,222.18668422936224,210.10757406141335,221.77382240013401,209.53354796680534,222.17037267154114,210.13901402497999,221.79013395795511,209.63125580370723,222.25992211758546,210.15163445391781,221.98554440786486,210.06068791679323,222.55390456400912,210.13892538269067,221.54908201346416,209.24211122741588,221.80315233689421,209.8480508373876,221.91630234811109,209.93088927994904,222.18668422936221,209.96306872218068,221.96194384269234,209.85530028158868,222.08811223284826,209.97173901083008,222.10442379066936,209.98444808205718,221.99856278680392,209.73226294452186,221.85608283882692,209.75438178306339,221.85608283882692,209.73226294452186,221.99856278680394,209.98444808205721,222.05149328873665,209.85200097767597,222.05149328873665,209.98444808205721,222.10442379066936,209.97173901083008,222.05149328873665,209.77246183902719,221.72089189820136,209.56442573628559,221.85608283882692,209.82997078142375,222.10442379066936,210.21846452133946,222.27623367540653,209.78582174663001,221.82675290206677,209.97503831474279,222.22330317347379,209.81726171019662,221.68427295408975,209.62128384230647,221.8927017829385,209.7637029080885,222.21028479453477,210.52420846098295,222.41871362338352,209.71014410598033,221.87968340399951,210.1704539885466,222.2762336754065,209.74158406954695,221.77382240013409,209.80728974879585,222.05149328873659,210.0291593109373,222.22330317347385,209.85538892387802,221.79013395795513,210.00712911468509,222.14677210636856,209.17923130028268,221.20546224398981,210.29010337941139,222.6858023257526,209.15776329811681,221.19244386505082,210.99167914546101,222.96920258594272,208.1678422826042,221.61744751627643,214.24147153291233,215.21528595495397,217.24272826799168,215.13743488396887
204.9837927011246,203.64456744031483,203.34631626275615,206.17272847773788,199.84883083932706,210.05025834037539,197.99784005916038,209.60857477107831,198.22362086850427,209.93088927994816,198.51829018018108,209.55322615179503,197.99532561187428,209.86866018919062,198.41353033037899,209.45156817460477,198.07879892575613,210.15623543058098,198.78832035955617,209.86829121646366,198.45442710402872,210.1909746980603,198.47487895924525,209.36656940893002,197.80876874638105,209.66608371347496,198.35050540332199,209.72106336003137,198.35050540332199,209.89615001246878,198.32921886740175,209.74639286019632,198.41269218128363,210.01588804562289,198.53790041791058,209.923639835747,198.41269218128363,209.80390180259289,198.26703208944011,209.80390180259289,198.41269218128363,209.80390180259286,198.26703208944011,209.80390180259289,198.41269218128363,209.80390180259286,198.26703208944011,209.80390180259289,198.41269218128363,209.92363983574697,198.53790041791058,210.01588804562289,198.41269218128363,209.62665482704222,198.05835053893128,209.69357353675318,198.37179193924223,210.0433778689011,198.84966898842245,210.21846452133846,198.35050540332199,209.66355441763483,198.41269218128363,209.98839822234464,198.26703208944011,209.54381638448075,198.22529716669501,209.89615001246875,198.45442710402872,210.16311590205521,199.03790215210643,210.21846452133843,198.16227223963801,209.66355441763486,198.60092534496758,209.98839822234461,198.07879892575613,209.42407835132664,198.14266200190852,209.81331156990723,198.55834880473546,210.09872648818441,198.37095725853851,209.57130620775888,198.39224032606708,209.89867930830894,197.68356050975407,209.12672436989496,198.89224206026293,210.66557565504255,197.89140391116754,209.24393310720899,199.55919042222249,210.8706814265982,196.87011390685564,209.5633493475118,202.5387455037893,203.39597956113107,205.25645388751312,203.26019267876887
216.69238199846629,215.3309950274442,215.10366689488376,218.02025474267904,211.19831034053522,221.9798150362773,209.31318789140147,221.63134245215699,209.544378578568,221.8267529020668,209.75524043342529,221.51246306935252,209.35846131436796,221.85608283882695,209.66694236383779,221.37727212872696,209.48149865143478,222.32916417733924,210.27353281018517,221.81373452312769,209.61394575581599,222.08811223284826,209.84410069709918,221.51246306935255,209.36184926056995,221.85608283882692,209.84805083738758,221.79013395795513,209.64547436167194,221.77382240013407,209.53440661716724,221.69156196144118,209.7999516623054,222.06780484655775,209.88890056826858,221.87968340399948,209.71495289663065,221.77382240013407,209.55717629208448,221.73720345602246,209.72436266394504,221.82675290206674,209.66750455792419,221.82675290206677,209.72436266394504,221.73720345602243,209.55717629208448,221.82675290206677,209.83469092978473,222.02216335197647,209.99922883410829,222.21028479453477,210.0119379053354,221.87968340399948,209.59191555956383,221.77382240013407,209.6802136291513,221.98554440786486,210.16311590205615,222.24690373864635,209.74639286019723,221.65494301732957,209.68962339646569,221.9090133407596,209.54776652477008,221.54908201346419,209.64877366558468,221.9090133407596,209.68086446552698,221.98554440786489,210.25471327555636,222.19397323671362,209.53505745354295,221.6549430173296,209.90095880312003,221.96194384269228,209.45616915126985,221.54908201346421,209.648122829209,221.87968340399942,209.86348242581431,221.96194384269236,209.49364552857557,221.37727212872699,209.65479548669703,221.97496222163139,209.20672112356087,221.36425374978793,210.52957944571958,222.84459383155072,209.18525312139502,221.07356448224635,210.75908355062703,222.75175120662431,208.03616518629556,221.55149863540467,214.19553268094342,215.09640657214948,217.04694240429322,214.91940550078181
204.87814227084991,203.64171115827392,203.50685632538691,206.22628727984602,199.68272236065872,209.90775063230404,198.01745376528154,209.71023274826862,198.22529369830335,209.73772257154695,198.28832209375202,209.46822738612028,198.01661214779452,209.80248095814463,198.2261353157904,209.32788000116221,198.16227223963801,210.33678171004433,198.87179367343805,209.65019451003195,198.03706400301107,209.91280922398431,198.45526525312408,209.56263591910948,198.07963707485152,209.82056101410842,198.4126921812836,209.68021362915033,198.1631103887334,209.65272380587211,198.14182385281316,209.68021362915033,198.43397871720387,209.94970881457689,198.35050540332199,209.68021362915033,198.22529716669501,209.65272380587209,198.07963707485152,209.56988536331065,198.24658370261525,209.77246183902622,198.32921886740175,209.77246183902625,198.24658370261525,209.56988536331062,198.07963707485152,209.77246183902625,198.49616549516549,210.00252813802004,198.60008719587222,210.17977511357074,198.70484704567434,209.97719863785511,198.35050540332199,209.76305207171183,198.2040106307748,209.79995166230441,198.6426602677127,210.1522852902925,198.39140564536339,209.58796541927444,198.18439692465361,209.71023274826868,198.05835053893128,209.46822738612033,198.24658370261525,209.71023274826865,197.99616376096964,209.58796541927447,198.57963880904737,210.03254725713836,198.18355877555825,209.5879654192745,198.39224379445875,209.82997078142273,198.12137199759661,209.68021362915039,198.45443057242039,209.88279010486588,198.37095379014687,209.71964251558313,197.89308020935829,209.20814196800811,198.22445901759966,209.97756761058199,197.99700191006502,209.50259768087281,199.2040106307748,210.70972468983629,197.66310865453755,208.85543936729331,199.10092707916343,210.50751718684745,196.68271889226705,209.53190938394516,202.62221881767118,203.47486786340411,205.32805043278915,203.32562824948286
216.73169970640947,215.43599738096,215.31082181106319,218.24499512934895,211.382806760287,222.2941048689915,209.77584978522924,222.13375372742945,209.90612197387046,222.05149328873668,209.93032708586267,221.82675290206672,209.73828476563423,222.22330317347385,209.96176704942931,221.65494301732954,209.75099383686134,222.55390456400914,210.3563712527467,221.74449246337389,209.4667178993837,222.02789272356409,209.88352958353192,221.5947235080454,209.44468770313145,221.89270178293853,209.84805083738758,221.82675290206674,209.72831280423344,221.99856278680394,209.89615001246972,222.01487434462504,209.94970881457786,221.99856278680394,209.6747540021253,221.77382240013407,209.78187160634161,221.9090133407596,209.64001473464594,221.77382240013407,209.81661087382093,222.10442379066933,210.04732800919044,222.10442379066936,209.81661087382093,221.72089189820133,209.52027670149184,221.90901334075963,209.99385784937161,222.10442379066933,209.96232924351571,222.14104273478097,209.98444808205721,222.01487434462501,209.86141074499039,221.99856278680394,209.76305207171279,221.96923285004377,210.13562607877793,222.38209467927194,210.01588804562383,221.87968340399948,209.77246183902719,221.94563228487124,209.64001473464597,221.73720345602246,209.82602064113536,221.80315233689419,209.26414142366809,221.54908201346419,210.02464697656254,222.32916417733921,209.91488090480919,221.87968340399951,209.87346897984182,221.94563228487118,209.63125580370723,222.01487434462507,210.21460302334037,222.19397323671362,209.85191233538663,221.80315233689424,209.33049793929271,221.45953256741981,209.94021040497412,222.34218255627829,209.59595434214154,221.69485514032323,210.73215592143518,222.82828227372963,208.94577705508681,220.82522353040392,210.6212654615091,222.83401164531716,208.29625060440773,221.86578846811886,214.49035736653494,215.37407746075206,217.4059870357641,215.39965286509999
204.77180645809457,203.54153632008064,203.41397324419063,206.24831747609826,199.84883083932709,210.23617560457549,198.43481686629923,210.063987220705,198.43230241901313,209.91423006843266,198.49700364426087,209.83139162587102,198.45358895493334,210.26656369642069,198.66311212292922,209.64689520611927,198.28748047626499,210.32407263881726,198.76703382363596,209.52715717296516,197.91269044708778,209.71418288855713,198.16311038873337,209.21209210829659,197.78748221046081,209.65667394616057,198.35050540332199,209.71165359271697,198.32921886740175,209.97173901082917,198.53790041791058,209.88890056826767,198.35050540332199,209.67475400212439,198.03706400301104,209.59191555956289,198.37179193924223,209.86141074498943,198.2457455535199,209.7022438254026,198.41269218128363,210.09147704398325,198.72529543249919,210.09147704398328,198.41269218128363,209.58250579224847,197.97487722504943,209.64942450195946,198.37179193924223,209.76916253511354,198.24574555351987,209.67475400212439,198.14182385281316,209.59191555956286,198.26703208944011,209.86141074498946,198.35050540332199,209.82198185855668,198.57880065995198,210.18372525385917,198.55918695383082,209.83139162587111,198.39140564536339,209.88674024515439,198.26703208944011,209.72106336003139,198.43397871720384,209.65667394616054,197.70400889657896,209.33183014145075,198.51745203108572,210.27597346373503,198.62053558269707,209.83139162587113,198.33005701649711,209.67475400212433,198.05751238983592,209.8889005682677,198.83089343139665,210.09147704398322,198.30709418238615,209.55501596897031,197.80960689547641,209.41682890712545,198.62053558269707,210.29658281553901,198.16311038873337,209.53403764443945,199.14182385281316,210.53642785457404,197.3496672542266,208.58989432215517,199.03874030120181,210.71620412596479,197.05750892144422,209.84151482158779,202.78832729633953,203.59130659264557,205.57546370386166,203.79734971270952
216.43957378464955,215.15832649235739,215.04132662563663,218.10980418872339,211.41029658356521,222.36334692874533,209.81274937582185,222.05149328873659,209.74695505428363,221.96923285004382,209.96722667645528,221.98554440786484,209.96835106462802,222.47164412531629,210.20124311573753,221.76080402119496,209.65874562698545,222.36578312145087,210.17912427719597,221.61832407321793,209.35854995665727,221.80315233689421,209.5471156883944,221.27141112486157,209.26960105069409,221.90901334075963,209.96778887054168,221.93261390593219,209.84805083738755,222.10442379066936,209.92363983574793,221.87968340399948,209.6802136291513,221.77382240013404,209.5919155595638,221.87968340399948,210.01193790533543,222.10442379066933,209.75975276780005,221.82675290206677,209.81661087382093,222.15735429260204,210.16706604234454,222.24690373864638,209.92693913966065,221.68427295408972,209.32710999309066,221.63134245215704,209.71495289663065,221.82675290206677,209.67691432523858,221.68427295408975,209.39263838776094,221.49615151153145,209.5919155595638,221.96194384269234,209.85746060470197,221.93261390593219,209.95837910322726,222.19397323671367,209.92363983574793,221.93261390593219,209.89219987218129,222.05149328873662,209.75975276780008,221.93261390593219,210.05608694012918,221.94563228487121,209.26414142366809,221.45953256741987,209.91431871072285,222.32916417733921,210.02520917064891,221.98554440786492,209.91036857043443,221.86337184617832,209.47208888412038,221.87968340399951,210.13176458077885,222.06780484655769,209.64933585967103,221.61503089433594,209.26357922958172,221.56539357128523,210.15435697111744,222.4480435601437,209.52903563243058,221.50673369776496,210.52957944571958,222.649183381641,208.74320057937121,220.63710208784565,210.55434675179816,222.88694214724987,208.39065913739691,221.82916952400726,214.31311039098424,215.18595601819382,217.36666932782092,215.57232140018681
204.51823221245999,203.35413591688354,203.29817477487808,206.26102654732534,199.95359068912919,210.24888467580257,198.30960862967225,209.86471004890205,198.26619394034475,209.89219987218038,198.58047695814273,209.91968969545849,198.53706226881522,210.36427153332255,198.76787197273131,209.65960427734632,198.16227223963801,210.15953473449363,198.66311212292922,209.54927601150663,198.01745029688988,209.83722022562392,198.28748394465666,209.42012821103813,198.10092361077176,210.04195702445278,198.68356050975407,209.91968969545854,198.43397871720387,209.98444808205622,198.41269218128363,209.71495289662965,198.22529716669501,209.78187160634062,198.37179193924223,210.01193790533443,198.74574728771572,210.0947763478959,198.35050540332199,209.68962339646475,198.24658370261525,209.89219987218033,198.60008719587222,210.09477634789596,198.49616549516549,209.57929513062501,197.85134181822153,209.48488659763584,198.26619740873642,209.80720110650554,198.37179193924223,209.6715433405009,197.97571537414478,209.39263838775994,198.14182385281316,209.86471004890211,198.43397871720384,209.80936142961883,198.43397871720387,209.97503831474182,198.39140564536339,209.79995166230444,198.45526525312408,209.94970881457689,198.32921886740175,209.91027992814415,198.76703382363596,210.03254725713836,197.99616376096964,209.38538894355887,198.33005701649711,210.03254725713836,198.43314056810848,209.91968969545857,198.68439865884946,209.98444808205616,198.16227223963801,209.71495289662971,198.47571710834063,209.78187160634056,198.12137199759661,209.54239554003246,197.93398045139969,209.53986624419221,198.72529543249919,210.30929188676609,198.03790215210643,209.32535070532211,198.95442883822454,210.48906815815687,197.41352686198732,208.67819239174264,199.14182732120483,210.71950342987745,196.91268697869612,209.54131915125956,202.41353726716235,203.29762088785344,205.44778846594326,203.80848282098333
216.26690524956274,215.10539599042468,215.13357483551252,218.29792563128163,211.58754355911589,222.39996587285694,209.71834084283267,221.99856278680389,209.81387376399456,222.10442379066939,210.05006511901681,221.87968340399942,209.73828476563421,222.27623367540656,210.08150508258342,221.65494301732954,209.53900759383131,222.22330317347382,210.06879601135628,221.65494301732954,209.55171666505848,222.22330317347382,210.14833515000507,221.93261390593216,209.85200097767597,222.27623367540653,210.06003708041757,221.87968340399945,209.72831280423344,221.99856278680392,209.80390180259383,221.77382240013404,209.65272380587308,221.9090133407596,209.86141074499037,222.15735429260204,210.214514381051,222.19397323671365,209.75975276780008,221.68427295408975,209.49429636495123,221.77382240013404,209.87008103363976,222.10442379066936,209.90160963949572,221.68427295408972,209.35243949325559,221.72089189820133,209.89219987218129,222.10442379066933,209.97173901083008,221.9090133407596,209.54239554003337,221.63134245215701,209.68416376943969,221.99856278680392,209.84805083738758,221.87968340399945,209.84805083738755,221.99856278680392,209.68416376943972,221.73720345602243,209.78187160634158,221.99856278680392,209.75034300048569,222.0221633519765,210.26807318315917,222.23961473129489,209.56112643237287,221.54908201346419,209.72766196785778,221.94563228487118,209.59256639593949,221.93261390593219,210.31552152186563,222.38209467927189,209.83599260253609,221.82675290206677,209.74037103908489,221.7208918982013,209.50426832635202,221.71360289084993,209.47556547261175,221.65494301732954,210.14494720380301,222.395113058211,209.41870736659087,221.36425374978793,210.4098414125655,222.6858023257526,208.94577705508681,220.87815403233662,210.7410034946632,222.88694214724987,208.20400239453187,221.58811757951628,214.11053391526866,215.09640657214948,217.36666932782092,215.57232140018681
204.38120009647,203.32955007705064,203.41397324419063,206.42556445164894,200.05751238983592,210.2267658372611,198.20484877987016,209.852000977675,198.39140217697172,209.97173901082922,198.47571710834063,209.49966734968692,197.93313883391264,209.82451115439687,198.39224379445875,209.40741913981105,198.01661214779452,210.00175812994755,198.51745203108572,209.51774740565077,198.14098570371777,210.23182442894134,198.91352859618314,210.02671865738557,198.4953273460701,210.05457745339066,198.35050540332199,209.49966734968697,198.05835053893128,209.73226294452095,198.26703208944011,209.55717629208357,198.07963707485152,209.64001473464504,198.2457455535199,209.87949080095328,198.62137373179246,209.97173901082914,198.2457455535199,209.47217752640879,197.89224206026293,209.47217752640876,198.2457455535199,209.86141074498946,198.37179193924223,209.58250579224847,198.01577746709083,209.75975276779917,198.58047348975106,210.05673777650392,198.49532734607013,209.75034300048478,198.07963707485152,209.55717629208354,198.26703208944011,209.85200097767506,198.32921886740175,209.70224382540258,198.32921886740175,209.74167271183535,198.01745029688988,209.38933908384729,198.14182385281316,209.76700221200028,198.24574555351987,209.83139162587111,198.70484704567431,210.07339698801943,198.18355877555825,209.53440661716635,198.28748394465666,209.65667394616054,197.85050366912614,209.61940538284114,198.8292206015976,210.35156246209539,198.49616202677382,209.6769143252377,198.12137546598828,209.46276775909433,197.99532561187428,209.62193467868127,198.08047522394688,209.52715717296516,198.59924904677683,210.1768447823849,197.91352859618314,209.21172313556974,198.87095552434269,210.52701808725965,197.59924904677683,208.88687933085995,199.26870838763088,210.71620412596479,196.82754083501516,209.54452981288301,202.5387455037893,203.48097832680585,205.57546370386166,203.79734971270952
216.26690524956274,215.15832649235739,215.25331286866665,218.44040557925868,211.69787182495557,222.45289637478965,209.7277506101471,222.05149328873659,209.9242020298343,222.15735429260209,209.96722667645528,221.60201251539684,209.34905154705353,221.94563228487127,209.87892860686782,221.56539357128523,209.53900759383134,222.22330317347385,210.06879601135628,221.65494301732957,209.55171666505845,222.27623367540653,210.26807318315917,221.98554440786486,209.75975276780005,221.94563228487124,209.56047559599719,221.40660206548716,209.40599829536373,221.85608283882692,209.80390180259383,221.73720345602246,209.56988536331158,221.72089189820133,209.58250579224941,221.82675290206677,209.90160963949572,222.01487434462501,209.75975276780008,221.72089189820136,209.48488659763683,221.68427295408972,209.76916253511448,222.10442379066936,210.00252813802103,221.86337184617835,209.56442573628559,221.87239439664802,209.95911858189228,222.10442379066933,209.90482030111912,221.86337184617838,209.56988536331158,221.73720345602246,209.80390180259383,222.05149328873665,209.84805083738755,221.87968340399948,209.84805083738755,221.90901334075963,209.48158729372412,221.49615151153148,209.59521486347651,221.85608283882689,209.61468523448104,221.79013395795516,209.97108817445439,222.08811223284823,209.67145469821259,221.84306445988787,210.03405674387696,221.99856278680392,209.40590965307442,221.74449246337394,210.23268307930414,222.43502518120459,209.94632086837584,221.87968340399951,209.74978080639929,221.77382240013401,209.6145965921917,221.85608283882692,209.59530350576583,221.70787351926225,210.14494720380301,222.395113058211,209.41870736659087,221.36425374978793,210.40984141256547,222.6858023257526,208.94577705508681,220.87815403233662,210.7410034946632,222.97649159329418,208.40657887024744,221.91871897005154,214.4997671338493,215.4270079626848,217.56924580353652,215.66187084623112
204.51823221245999,203.47387395003764,203.56904310334855,206.58334105619505,200.20317248167942,210.36862270895668,198.33089516559249,209.98444808205616,198.51577573289498,210.10418611521038,198.60176349406296,209.63211445406807,198.05751238983592,209.95695825877806,198.51829018018108,209.54927601150661,198.16227223963801,210.15953473449363,198.66311212292922,209.54927601150663,198.01745029688988,209.95695825877803,198.55835227312713,209.63211445406813,198.10092361077176,209.63464374990832,197.95442883822454,209.19006191204434,197.91352859618314,209.7543817830624,198.41269218128363,209.72436266394405,198.24658370261525,209.69687284066583,198.14182385281316,209.60462463078994,198.24658370261525,209.78187160634062,198.35050540332199,209.77246183902622,198.22529716669501,209.68962339646473,198.37179193924223,210.09477634789593,198.72446075179548,209.89219987218033,198.122210146692,209.57929513062501,198.22529716669501,209.80720110650554,198.41269218128363,209.81661087381994,198.24658370261525,209.72436266394405,198.41269218128363,209.98444808205622,198.43397871720384,209.80936142961883,198.43397871720387,209.86471004890211,198.14182385281316,209.50296665359966,198.22529716669501,209.71964251558308,198.03873683281012,209.47763715343476,198.28748394465666,209.84589051427329,198.24574555351987,209.89436019529364,198.83089343139665,210.15228529029247,198.20317248167942,209.7424427199079,198.7056851947697,210.19643432508619,198.41185403218824,209.83469092978382,198.49700364426087,209.90160963949467,198.37095379014684,209.86471004890217,198.20484877987016,209.65960427734632,198.72529543249919,210.30929188676609,198.03790215210643,209.32535070532211,198.95442883822454,210.48906815815687,197.41352686198732,208.67819239174261,199.14182732120483,210.82983169571716,197.16226877124635,209.94863242580405,202.89308714614165,203.70493416239793,205.69737025849349,203.91881108682304
216.26690524956274,215.15832649235739,215.25331286866663,218.44040557925865,211.6978718249556,222.45289637478965,209.7277506101471,222.05149328873659,209.92420202983428,222.24690373864641,210.16980315217091,221.93261390593213,209.73828476563421,222.27623367540656,210.08150508258342,221.65494301732954,209.53900759383131,222.22330317347382,210.06879601135628,221.56539357128523,209.34914018934285,221.94563228487124,209.8788399645785,221.65494301732957,209.55717629208445,221.85608283882692,209.56047559599719,221.40660206548714,209.40599829536373,221.85608283882689,209.8039018025938,221.82675290206674,209.77246183902719,221.9090133407596,209.64942450196037,221.63134245215701,209.4848865976368,221.72089189820133,209.75975276780008,221.96194384269231,209.78187160634158,221.82675290206674,209.7944920352794,222.24690373864635,210.29951314672579,222.06780484655772,209.48158729372409,221.44322100959874,209.38322862044652,221.77382240013404,209.88890056826858,222.01487434462501,209.77246183902719,221.82675290206674,209.8039018025938,222.05149328873662,209.84805083738758,221.87968340399945,209.84805083738755,221.99856278680392,209.68416376943972,221.73720345602243,209.78187160634158,221.85608283882689,209.42802849161598,221.54908201346419,209.76851169873879,221.99856278680392,209.67145469821259,221.93261390593219,210.23663321959253,222.32916417733918,209.79514287165509,221.93261390593219,210.11294504615003,222.14104273478091,209.64933585967103,221.87968340399948,210.04676581510407,222.15735429260201,209.93691110106141,221.99856278680397,209.59530350576586,221.70787351926225,210.14494720380301,222.395113058211,209.41870736659087,221.36425374978793,210.4098414125655,222.59625287970829,208.74320057937121,220.63710208784565,210.55434675179814,222.88694214724987,208.39065913739694,221.82916952400726,214.31311039098426,215.18595601819379,217.36666932782092,215.57232140018681
204.38120009647,203.32955007705064,203.41397324419063,206.42556445164894,200.05751238983592,210.2267658372611,198.20484877987016,209.85200097767498,198.39140217697172,210.08206727666891,198.72529890089086,209.90698062423141,198.41268871289193,210.23182442894137,198.64182558700898,209.51774740565077,198.01661214779452,210.00175812994755,198.51745203108572,209.40741913981105,197.89140391116754,209.82451115439684,198.43397871720384,209.61940538284108,198.2457455535199,209.94424918755095,198.35050540332199,209.49966734968697,198.05835053893128,209.73226294452093,198.26703208944011,209.66750455792328,198.32921886740175,209.81726171019571,198.20484531147849,209.43743825892946,197.87095552434269,209.46276775909436,198.2457455535199,209.86141074498946,198.37179193924223,209.70224382540258,198.2866457955613,210.09147704398328,198.85134181822153,209.98114877814353,198.03706400301107,209.28552078354372,197.87095552434269,209.64942450195943,198.47571363994896,209.93699974334982,198.32921886740175,209.66750455792325,198.26703208944011,209.85200097767506,198.32921886740175,209.70224382540258,198.32921886740175,209.85200097767506,198.26703208944011,209.68632409255207,198.37179193924223,209.76700221200025,198.01577746709083,209.53440661716633,198.45526525312408,209.96306872217971,198.18355877555825,209.64473488300604,198.53706573720689,210.06398722070503,198.33005354810544,209.79665235839181,198.55835227312713,209.84259121036061,198.01661214779452,209.6769143252377,198.60092534496758,210.08206727666882,198.51577573289498,209.85200097767509,198.08047522394688,209.52715717296516,198.59924904677686,210.1768447823849,197.91352859618314,209.21172313556974,198.87095552434269,210.41668982141994,197.3496672542266,208.58989432215517,199.03874030120181,210.60587586012508,196.80792712889399,209.4342015470433,202.30877741736023,203.18399331810107,205.32588191131143,203.68702144686981
216.43957378464955,215.30080644033441,215.36364113450637,218.44040557925868,211.58754355911586,222.31041642681262,209.60801257699296,221.99856278680389,209.9242020298343,222.24690373864641,210.16980315217089,221.93261390593213,209.73828476563423,222.27623367540656,210.08150508258339,221.65494301732954,209.53900759383134,222.22330317347385,210.06879601135628,221.65494301732957,209.55171666505845,222.22330317347382,210.14833515000507,221.93261390593219,209.85200097767597,222.27623367540653,210.06003708041757,221.87968340399948,209.72831280423347,221.99856278680394,209.80390180259383,221.82675290206677,209.77246183902719,221.90901334075963,209.64942450196037,221.63134245215704,209.4848865976368,221.72089189820133,209.75975276780008,221.96194384269234,209.78187160634161,221.82675290206674,209.7944920352794,222.24690373864638,210.29951314672581,222.15735429260204,209.68416376943969,221.77382240013407,209.77246183902722,222.10442379066936,210.09147704398418,222.10442379066936,209.77246183902719,221.82675290206677,209.80390180259383,222.05149328873665,209.84805083738755,221.87968340399948,209.84805083738758,222.05149328873665,209.80390180259383,221.93261390593219,210.0119379053354,222.14104273478094,209.75034300048566,221.93261390593219,210.15774491731946,222.23961473129489,209.67145469821259,221.69156196144121,209.84740000101189,221.99856278680392,209.59256639593951,221.79013395795519,209.99320701299592,221.99856278680389,209.53900759383134,221.87968340399951,210.15709408094378,222.29983424057903,210.05664913421552,222.05149328873668,209.59530350576586,221.70787351926228,210.14494720380301,222.395113058211,209.41870736659087,221.31132324785523,210.29010337941136,222.54332237777558,208.8354487892471,220.87815403233662,210.85133176050292,222.97649159329418,208.20400239453184,221.44563763153923,213.88046761627481,214.90099612223977,217.24693129466681,215.5193908982541
204.90883857408457,203.79618845890738,203.81862489589878,206.58334105619505,199.95359068912919,210.04630820008697,198.06002683712202,209.86471004890205,198.51577573289498,210.10418611521038,198.60176349406296,209.63211445406807,198.05751238983592,209.95695825877806,198.51829018018108,209.54927601150661,198.16227223963801,210.15953473449363,198.66311212292922,209.65960427734635,198.26703208944011,210.24453350016842,198.76703382363596,209.82744148558263,198.35050540332199,210.1522852902925,198.68356050975407,209.91968969545854,198.43397871720384,209.98444808205622,198.41269218128363,209.72436266394405,198.24658370261525,209.69687284066583,198.14182385281316,209.60462463078994,198.24658370261525,209.78187160634062,198.35050540332199,209.77246183902622,198.22529716669501,209.68962339646473,198.37179193924223,210.09477634789593,198.72446075179548,210.00252813802004,198.37179193924223,209.98660840516951,198.70484704567431,210.21451438105004,198.66227397383386,209.92693913965965,198.24658370261525,209.72436266394405,198.41269218128363,209.98444808205622,198.43397871720384,209.80936142961883,198.43397871720384,209.98444808205622,198.41269218128363,209.94501919562347,198.74574728771572,210.2720233234466,198.55918695383082,210.00468846113336,198.76703382363596,210.14287552297807,198.24574555351987,209.59737518658886,198.35134355241735,209.74497201574798,197.95359068912919,209.51237642091408,198.43481686629923,209.87411981621648,198.16227223963801,209.83469092978382,198.7465854368111,210.22392414836438,198.64182211861731,209.98444808205628,198.20484877987016,209.65960427734632,198.72529543249919,210.30929188676609,198.03790215210643,209.205612672168,198.68356050975407,210.27708191512687,197.41352686198732,208.97517740044739,199.62137720018413,211.03240817143276,196.93230068481728,209.32933290822956,202.12305523257072,203.1525533545344,205.42650193002302,203.79907305366893
216.90436824149629,215.68433833280241,215.66062614321112,218.49333608119136,211.41029658356518,222.12229498425435,209.51576436711707,222.05149328873659,210.04394006298838,222.2102847945348,209.96722667645528,221.60201251539684,209.34905154705353,221.94563228487127,209.87892860686782,221.56539357128523,209.53900759383131,222.22330317347382,210.06879601135628,221.70787351926225,209.67145469821259,222.27623367540653,210.05608694012918,221.65494301732957,209.47217752640969,221.99856278680394,209.96778887054168,221.93261390593216,209.84805083738755,222.05149328873662,209.8039018025938,221.73720345602243,209.56988536331158,221.72089189820133,209.58250579224941,221.82675290206674,209.90160963949569,222.01487434462501,209.75975276780008,221.72089189820133,209.4848865976368,221.68427295408972,209.76916253511448,222.10442379066933,210.00252813802101,221.91630234811106,209.68416376943969,222.06780484655772,210.18918488088607,222.29983424057906,210.02455833427322,221.91630234811106,209.56988536331158,221.73720345602243,209.8039018025938,222.05149328873662,209.84805083738758,221.87968340399948,209.84805083738755,222.05149328873662,209.8039018025938,222.02216335197647,210.214514381051,222.38209467927192,209.93699974335075,221.98554440786489,210.0908262076085,222.23059218082525,209.7817829640523,221.84306445988787,209.92372847803722,221.85608283882686,209.28617161992031,221.49615151153148,209.79063053728032,221.90901334075957,209.53900759383131,221.82675290206677,210.03735604778967,222.15735429260201,209.94632086837581,222.05149328873668,209.70563177160557,221.79742296530657,210.14494720380301,222.35849411409939,209.42811713390526,221.31132324785523,210.18844540222111,222.35520093521731,208.66761158101082,220.93108453426933,211.1389070018933,223.30709298382948,208.41598863756187,221.44563763153926,213.76072958312074,214.84806562030704,217.24693129466681,215.5193908982541
205.13171651648452,203.94884959462513,203.89352312316993,206.54530248480305,199.84883083932709,210.04951886171042,198.20484877987016,210.063987220705,198.66227050544219,210.0914770439833,198.47571710834063,209.49966734968694,197.93313883391264,209.82451115439687,198.39224379445875,209.40741913981105,198.01661214779452,210.00175812994755,198.51745203108572,209.52715717296516,198.16227223963801,210.03649739742684,198.43397871720384,209.33183014145069,197.78748221046081,209.65667394616057,198.35050540332199,209.71165359271697,198.32921886740175,209.85200097767506,198.26703208944011,209.55717629208357,198.07963707485152,209.64001473464504,198.2457455535199,209.87949080095328,198.62137373179246,209.97173901082914,198.2457455535199,209.47217752640879,197.89224206026293,209.47217752640876,198.2457455535199,209.86141074498946,198.37179193924223,209.59191555956286,198.03706400301107,209.79449203527849,198.62137373179246,210.09147704398325,198.51661388199037,209.75975276779914,198.07963707485152,209.55717629208354,198.26703208944011,209.85200097767506,198.32921886740175,209.70224382540258,198.32921886740175,209.85200097767506,198.26703208944011,209.79665235839178,198.62137373179246,210.06398722070506,198.2457455535199,209.65414465032043,198.49616549516549,210.09872648818435,198.43314056810848,209.83139162587111,198.51745203108572,209.74167271183532,197.8292171332059,209.37992931653292,198.3087704805769,209.7322629445209,198.01661214779452,209.5571762920836,198.33005701649711,209.75975276779911,198.26619394034475,209.85200097767509,198.33005701649711,209.72973364868076,198.59924904677686,210.09400633982341,197.93481513210338,209.30397134544563,198.84966898842245,210.23944284586926,197.16227223963801,208.70963235530928,199.49700364426087,211.10543734454546,197.07879545736446,209.34195333716741,202.03790908888976,203.06425528494697,205.32588191131143,203.68702144686981
216.90436824149629,215.6314078308697,215.54088811005704,218.44040557925868,211.50254479344107,222.39996587285694,209.89558781838335,222.32916417733918,210.1361882728643,222.24690373864641,210.05006511901678,221.87968340399942,209.73828476563423,222.27623367540656,210.08150508258339,221.65494301732954,209.53900759383134,222.22330317347385,210.06879601135628,221.70787351926228,209.67145469821256,222.27623367540653,210.05608694012918,221.65494301732957,209.47217752640969,221.99856278680394,209.96778887054168,221.93261390593219,209.84805083738758,222.05149328873665,209.80390180259383,221.82675290206677,209.77246183902719,222.05149328873665,209.97173901083008,222.15735429260207,210.10418611521132,222.05149328873662,209.64001473464597,221.63134245215704,209.49429636495123,221.77382240013404,209.87008103363979,222.10442379066936,209.90160963949572,221.73720345602243,209.47217752640969,221.86337184617838,210.00252813802103,222.21028479453477,210.10088681129858,222.10442379066936,209.76305207171282,221.77382240013407,209.69357353675412,221.90901334075963,209.72831280423344,221.82675290206677,209.84805083738755,222.05149328873665,209.80390180259383,221.93261390593219,210.0119379053354,222.05149328873665,209.54776652477008,221.74449246337392,210.0908262076085,222.38209467927192,209.96843970691737,221.98554440786489,210.05938624404189,222.08811223284823,209.58315662862512,221.73720345602248,209.88287874715621,221.85608283882686,209.41926956067724,221.63134245215707,209.71504153891996,221.77382240013401,209.64933585967103,221.99856278680397,209.88287874715624,221.89599496182055,210.0346189379633,222.20699161565273,209.44403686675579,221.64192463839052,210.67208715379093,222.649183381641,208.69294108117575,220.77958203582267,210.9269207588633,223.21754353778516,208.42539840487623,221.49856813347193,213.87105784896042,214.99054556828409,217.36666932782092,215.57232140018681
204.90883857408457,203.67645042575325,203.54775656742831,206.37135481316506,199.95359068912919,210.33388344147735,198.51829018018108,210.15228529029244,198.51577573289498,210.0025281380201,198.58047695814273,209.91968969545849,198.53706226881522,210.36427153332255,198.76787197273131,209.65960427734632,198.16227223963801,210.15953473449363,198.66311212292922,209.65960427734635,198.26703208944011,210.24453350016842,198.76703382363596,209.82744148558263,198.35050540332199,210.1522852902925,198.68356050975407,209.91968969545854,198.43397871720384,209.98444808205622,198.41269218128363,209.83469092978376,198.49616549516549,210.10418611521033,198.62137373179246,210.01193790533443,198.49616549516549,209.77246183902622,198.07963707485152,209.56988536331062,198.24658370261525,209.89219987218033,198.60008719587222,210.09477634789593,198.49616549516549,209.68962339646473,198.10092361077176,209.77246183902622,198.47487895924525,210.01193790533443,198.6426602677127,210.10418611521033,198.47487895924525,209.71495289662965,198.1631103887334,209.66213357318651,198.16311038873337,209.68962339646473,198.43397871720387,209.98444808205622,198.41269218128363,209.83469092978376,198.49616549516549,209.86471004890211,198.07963707485152,209.70770345242855,198.76703382363596,210.32953226584314,198.47571363994894,209.82744148558268,198.64182558700898,210.1776147904574,198.43314056810848,209.80936142961886,198.43481686629923,209.66213357318645,197.89140391116754,209.48488659763589,198.2261353157904,209.60462463078989,198.16227223963801,209.86471004890217,198.41353033037899,209.72652298705728,198.47571363994896,210.03038693402513,198.05751585822759,209.70517415658838,199.39307847516244,210.69380495698576,197.45442710402872,208.78852065758232,199.35050887171366,210.92207990559305,196.95358722073752,209.44907094138367,202.37263702512095,203.47486786340411,205.69737025849349,203.91881108682304
216.61224231973637,215.30080644033441,215.15165489147634,218.10980418872336,211.2999683177255,222.22086698076831,209.69301134266775,221.99856278680389,209.7469550542836,221.91630234811112,209.8474886433012,221.84306445988781,209.85802279878831,222.47164412531629,210.31157138157724,221.85035346723927,209.65874562698542,222.27623367540653,210.06879601135628,221.70787351926225,209.67145469821259,222.36578312145085,210.25866341584478,221.98554440786486,209.86141074499037,222.32916417733924,210.17036534625728,222.02216335197647,209.84805083738755,222.10442379066933,209.92363983574791,222.02216335197647,210.00252813802101,222.15735429260204,209.88890056826858,221.87968340399945,209.71495289663062,221.72089189820133,209.43743825893037,221.68427295408972,209.81661087382091,222.15735429260204,210.16706604234454,222.24690373864635,209.92693913966062,221.82675290206674,209.64942450196034,221.96194384269231,209.89219987218129,221.96923285004377,209.91423006843351,222.15735429260204,209.97719863785608,221.87968340399945,209.62665482704313,221.72089189820133,209.52573632851787,221.73720345602243,209.84805083738755,222.10442379066933,209.92363983574793,222.02216335197647,210.00252813802101,221.99856278680392,209.52968646880626,221.79013395795516,210.14833515000507,222.2762336754065,209.67145469821259,221.74449246337392,210.05938624404189,222.32916417733918,209.88014163732987,221.79013395795516,209.70563177160554,221.66796139626859,209.32702135080132,221.68427295408975,209.83477957207407,221.87968340399942,209.76907389282516,222.05149328873668,209.79063053728035,221.70787351926225,209.85737196241263,222.11744216960841,209.41870736659087,221.64192463839052,210.69741665395588,222.79166332961802,208.98992608988053,221.02063398031365,210.9269207588633,222.97649159329418,208.12841339617145,221.49856813347196,214.16804285766523,215.37407746075206,217.68898383669062,215.71480134816383
204.77180645809457,203.54153632008064,203.41397324419063,206.13798921025855,199.59924904677686,209.828862330031,197.95526698731993,209.65667394616051,198.1827206264629,209.68416376943884,198.2261353157904,209.50907711700131,198.20400716238311,210.26656369642069,198.91269391547945,209.84947168183487,198.28748047626499,210.12149616310165,198.51745203108572,209.52715717296516,198.16227223963801,210.14682566326655,198.68356050975407,209.73914341599519,198.26703208944011,210.06398722070506,198.60008719587222,209.82198185855668,198.32921886740175,209.97173901082917,198.53790041791058,209.99922883410738,198.60008719587222,209.97173901082917,198.26703208944014,209.59191555956289,198.14182385281316,209.56442573628465,197.99616376096967,209.59191555956289,198.41269218128363,210.09147704398325,198.72529543249919,210.09147704398328,198.41269218128363,209.70224382540258,198.2457455535199,209.86141074498946,198.37179193924223,209.70224382540258,198.2866457955613,209.97173901082917,198.58047348975106,209.88890056826764,198.30793233148151,209.67475400212439,198.07963707485152,209.59191555956286,198.32921886740175,209.97173901082917,198.53790041791058,209.99922883410738,198.60008719587222,209.85200097767506,197.99616376096964,209.5090771170014,198.43397871720384,209.85925042187614,197.95359068912919,209.44215840729046,198.51745203108572,210.13090593041599,198.3087670121852,209.49966734968703,198.10008893006807,209.55501596897022,198.01661214779452,209.76916253511359,198.60092534496758,209.99922883410733,198.53706226881522,210.06398722070509,198.33005701649711,209.55248667313009,198.39056749626801,209.9836780739837,197.89391489006198,209.30397134544563,198.89056923046385,210.46950914486308,197.64182211861731,209.09886557388995,199.49700364426087,210.71620412596479,196.59924557838517,209.34195333716741,202.51745896786906,203.68355480252146,205.84633203233213,203.91708774586363
216.90436824149629,215.6314078308697,215.54088811005704,218.35085613321436,211.2999683177255,222.06936448232165,209.50635459980268,221.99856278680389,209.9336117971487,222.01487434462507,209.72775061014707,221.54908201346413,209.56103779008353,222.41871362338358,210.48881835712791,222.03847490979754,209.75099383686134,222.22330317347385,209.94905797820218,221.65494301732957,209.67145469821256,222.27623367540653,210.05608694012918,221.65494301732957,209.47217752640969,221.99856278680394,209.96778887054168,221.87968340399948,209.72831280423344,222.05149328873665,210.01588804562383,222.21028479453477,210.17977511357168,222.19397323671367,209.7944920352794,221.82675290206677,209.78187160634161,221.9090133407596,209.64001473464594,221.77382240013407,209.81661087382093,222.10442379066933,210.04732800919044,222.10442379066936,209.81661087382093,221.77382240013404,209.64001473464597,221.90901334075963,209.78187160634161,221.77382240013404,209.6747540021253,221.99856278680394,209.94970881457789,222.01487434462504,209.89615001246972,221.99856278680394,209.72831280423347,221.77382240013407,209.72831280423344,222.05149328873665,210.01588804562383,222.21028479453477,210.17977511357168,221.99856278680392,209.35243949325559,221.45953256741987,209.73377243125947,221.8927017829385,209.37446968950781,221.51246306935258,209.92372847803725,222.13375372742948,209.5737468613107,221.49615151153151,209.59530350576586,221.85608283882686,209.70684480206762,222.05149328873668,210.12960425766556,222.15735429260201,210.0385690782517,222.32916417733924,209.99320701299592,221.88697241135088,210.05994843812826,222.21601416612236,209.28304960058622,221.25839274592252,210.21377490238601,222.55061138512704,209.0843346228697,221.26168592480462,211.12949723457893,222.97649159329418,208.01808513033174,221.44563763153926,214.1586330903508,215.32114695881938,217.52572506891821,215.4525833670327
205.26874863247451,204.08376370029774,204.02730644640761,206.66833982186984,199.95359068912919,210.14722669861226,198.28832209375202,210.15228529029244,198.74574381932405,210.06944684773106,198.30960862967225,209.41071844372371,198.05751238983592,210.24453350016844,198.97655352324014,209.83685125289699,198.16227223963801,209.94754849146364,198.39224379445875,209.53986624419224,198.26703208944011,210.1342052343287,198.51745203108572,209.42012821103813,197.87095552434269,209.744972015748,198.43397871720384,209.68962339646473,198.1631103887334,209.77246183902622,198.41269218128363,210.01193790533443,198.70484704567431,210.09477634789593,198.39140564536339,209.79995166230444,198.45526525312408,209.94970881457687,198.32921886740175,209.68021362915036,198.24658370261525,209.77246183902622,198.32921886740175,209.77246183902625,198.24658370261525,209.56988536331062,198.07963707485152,209.65272380587211,198.22529716669501,209.56988536331062,198.10092361077176,209.65272380587211,198.20401063077477,209.68021362915033,198.37179193924223,209.94970881457689,198.4126921812836,209.68021362915033,198.1631103887334,209.77246183902622,198.41269218128363,210.01193790533443,198.70484704567431,209.86471004890211,197.87095552434269,209.30039017788405,198.24658370261525,209.80248095814454,197.99616376096964,209.39479871087326,198.35134355241735,209.82781045830947,197.93230415320895,209.30039017788408,198.185235073749,209.83938054873713,198.3496672542266,209.88279010486599,198.47571710834063,209.79995166230438,198.37095379014684,210.15228529029255,198.66311212292922,209.9471795187367,198.72529543249919,210.09730564373609,197.76703382363596,209.08587463901389,198.68356050975407,210.39681994828098,197.68439519045779,209.17775387616302,199.60009066426389,210.82983169571716,196.70400542818729,209.32933290822956,202.35135048920071,203.35512983025001,205.32805043278915,203.32562824948286
217.0770367765831,215.82681828077943,215.77095440905083,218.63581602916838,211.62228282659521,222.45289637478965,209.89558781838335,222.32916417733918,210.13618827286427,222.10442379066939,209.7277506101471,221.54908201346413,209.56103779008353,222.32916417733927,210.28624188141231,221.76080402119496,209.48149865143475,222.08811223284826,209.97654780148039,221.76080402119496,209.79119273136666,222.32916417733924,210.05608694012918,221.65494301732957,209.47217752640969,221.99856278680394,209.96778887054168,221.79013395795513,209.52573632851784,221.72089189820133,209.62665482704315,221.87968340399945,209.97719863785608,222.15735429260204,209.91423006843351,222.02216335197647,210.0119379053354,222.15735429260204,209.87949080095416,221.87968340399948,209.72436266394504,221.82675290206674,209.66750455792416,221.82675290206677,209.72436266394504,221.73720345602243,209.55717629208445,221.77382240013404,209.71495289663062,221.73720345602243,209.56658605939887,221.63134245215701,209.38322862044652,221.49615151153145,209.60132532687823,222.01487434462501,209.96778887054165,221.87968340399945,209.63606459435755,221.77382240013404,209.63606459435755,221.93261390593216,210.08752690369579,222.05149328873662,209.47217752640969,221.60201251539689,209.93634890697507,222.13375372742948,209.56112643237287,221.51246306935258,209.73707173517218,221.89270178293847,209.37117038559509,221.45953256741987,209.71504153891996,221.96194384269228,209.73433462534581,221.82675290206677,209.6575325965234,221.54908201346413,209.44675938395542,221.99856278680397,209.99320701299595,222.00185596568593,210.1637667384318,222.25992211758543,209.34237888956551,221.40087269389954,210.38451191240054,222.61256443752939,208.98992608988053,221.11018342635796,211.03724902470302,223.02942209522689,208.13782316348585,221.40901868742765,213.95605661463523,214.99054556828406,217.04694240429322,214.91940550078181
205.16241281971915,203.98358886210445,203.93442336521133,206.69037001812208,200.11969916779756,210.3559136377296,198.43481686629923,210.063987220705,198.43230241901313,209.79449203527855,198.2261353157904,209.50907711700131,198.20400716238311,210.15623543058098,198.66311212292922,209.56189644044449,198.07879892575616,210.15623543058098,198.7883203595562,209.85888144914929,198.43314056810848,210.26656369642066,198.68356050975407,209.73914341599519,198.26703208944011,210.06398722070506,198.60008719587222,209.71165359271697,198.07963707485152,209.56442573628468,198.05835053893128,209.59191555956289,198.35050540332199,209.98114877814356,198.53790041791058,210.03396810158671,198.66227397383386,210.12621631146257,198.53790041791061,209.923639835747,198.41269218128363,209.80390180259286,198.26703208944014,209.80390180259289,198.41269218128363,209.80390180259286,198.26703208944014,209.80390180259289,198.41269218128363,209.80390180259286,198.26703208944011,209.57383550359907,197.89224206026293,209.30434031817248,198.05835053893128,209.89615001246878,198.62137373179246,209.923639835747,198.32921886740175,209.68416376943878,198.07963707485152,209.711653592717,198.60008719587222,210.06398722070506,198.26703208944011,209.73914341599522,198.68356050975407,210.15623543058092,198.18355877555825,209.44215840729046,198.28748394465666,209.83392092171121,198.05918521963497,209.50907711700142,198.37095725853851,209.88674024515433,198.28748047626499,209.69357353675321,198.14266200190852,209.30434031817245,197.80793059728569,209.65667394616059,198.33005701649711,209.74855318330955,198.64182211861731,210.23907387314244,198.20401063077477,209.62628585431534,199.10092361077176,210.45358941201255,197.41185403218824,208.91220883102488,199.49700364426087,210.92819036899479,196.87011390685564,209.35136310448181,202.26787717531883,203.27624152797696,205.25645388751312,203.2601926787689
216.90436824149629,215.6314078308697,215.54088811005701,218.44040557925868,211.5025447934411,222.25748592487992,209.57327330951364,221.80315233689416,209.51688875528981,221.66796139626868,209.60801257699296,221.59472350804538,209.62795649979449,222.17037267154114,209.95235728211492,221.54908201346413,209.52092753786752,222.41142461603212,210.44861946262259,222.07509385390918,209.87403117392819,222.36578312145085,210.14833515000507,221.93261390593216,209.85200097767597,222.27623367540653,210.06003708041757,221.82675290206677,209.60857477107933,221.85608283882692,209.69357353675412,221.77382240013407,209.76305207171282,222.05149328873662,209.98114877814447,222.15735429260207,210.09477634789693,222.19397323671365,209.97173901083008,222.10442379066936,209.98444808205721,222.05149328873662,209.85200097767597,222.05149328873665,209.98444808205721,222.05149328873662,209.85200097767597,222.05149328873665,209.98444808205721,222.05149328873665,209.85200097767597,221.90901334075963,209.66213357318748,221.77382240013404,209.79449203527943,222.19397323671367,210.17977511357168,222.21028479453477,210.01588804562383,222.05149328873665,209.72831280423344,221.9692328500438,210.17036534625728,222.32916417733921,209.86141074499037,221.93261390593219,210.13892538269067,222.22330317347379,209.56112643237287,221.54908201346419,209.81991017773368,222.08082322549677,209.65007533833605,221.73720345602248,209.90820824732114,222.0881122328482,209.8265828352217,221.96194384269236,209.80728974879588,221.63134245215701,209.41926956067724,221.80315233689424,209.67089250412621,221.74449246337386,210.05994843812823,222.4480435601437,209.80794058517154,221.83004608094879,210.57767862080178,222.49768088319433,208.69294108117575,220.96770347838094,211.10416773441401,223.16461303585245,208.22066160604737,221.39270712960655,213.92856679135699,215.12573650890965,217.4059870357641,215.39965286509999
204.87814227084993,203.64171115827392,203.50685632538691,206.22628727984602,199.68272236065872,209.79742236646433,197.76787197273131,209.30291947372413,197.74574381932405,209.33040929700246,198.03874030120178,209.35789912028056,198.01661214779452,209.79307119083023,198.20484877987016,209.17340270052878,197.85050366912614,210.09005619953501,198.85050713751781,209.8180317182682,198.2457455535199,210.03254725713842,198.51745203108572,209.70770345242852,198.32921886740175,210.03254725713839,198.43397871720384,209.58796541927444,198.14182385281316,209.82997078142279,198.37179193924223,209.68021362915033,198.20401063077477,209.7630520717118,198.35050540332199,209.857460604701,198.43397871720384,209.84805083738661,198.32921886740175,209.84805083738661,198.43397871720384,209.84805083738661,198.32921886740175,209.84805083738661,198.43397871720384,209.84805083738661,198.32921886740175,209.84805083738661,198.43397871720384,209.84805083738661,198.32921886740175,209.84805083738661,198.43397871720384,209.96778887054072,198.60008719587222,210.17036534625632,198.6835605097541,210.08752690369479,198.62137373179246,210.06003708041661,198.41269218128363,209.91027992814415,198.68356050975407,210.1522852902925,198.35050540332199,209.70770345242855,198.49616549516549,209.91280922398425,197.99616376096964,209.38538894355887,198.33005701649711,209.91280922398425,198.16227223963801,209.58796541927447,198.41353033037899,209.94029904726244,198.3496672542266,209.84805083738667,198.41353033037899,209.64547436167095,198.10008546167637,209.71023274826871,198.14266200190852,209.52104670956342,198.47404081014989,210.18230440941088,198.22696999649409,209.56010662326938,198.91185576638409,210.20075343810149,197.20484531147849,208.85543936729331,199.55919042222249,210.88734063811373,196.68271889226705,209.10793689788517,202.08048216073024,203.32039056277068,205.6470602491377,203.86278528342348
216.8650505335531,215.47347497542123,215.21399516072344,218.07318524461175,211.20772010784958,221.97981503627733,209.30377812408707,221.57841195022428,209.43405031272829,221.68427295408978,209.63550240027121,221.45953256741981,209.35846131436793,221.85608283882695,209.66694236383782,221.23479218074993,209.15918414256507,221.99856278680397,210.0962858346345,221.76080402119496,209.57920648833667,222.05149328873665,209.8882497318929,221.70787351926228,209.66750455792416,222.05149328873665,209.7999516623054,221.65494301732957,209.63606459435755,222.10442379066933,210.04337786890204,221.93261390593216,209.6802136291513,221.77382240013404,209.5919155595638,221.73720345602243,209.68962339646569,221.82675290206674,209.70224382540351,221.87968340399945,209.8093614296198,221.87968340399945,209.70224382540351,221.82675290206674,209.68962339646569,221.73720345602243,209.5919155595638,221.82675290206674,209.7999516623054,221.82675290206674,209.5919155595638,221.82675290206674,209.89219987218129,222.21028479453474,210.21121507713832,222.29983424057906,210.00252813802098,222.07509385390918,210.04337786890204,222.29983424057906,210.07811713638137,222.12802435584189,210.08752690369579,222.10442379066933,209.59191555956377,221.6549430173296,209.84410069709918,221.99856278680392,209.50361748997631,221.56539357128528,209.82207050084693,221.99856278680389,209.52564768622852,221.60201251539689,209.79063053728032,221.96194384269228,209.65874562698545,221.8267529020668,209.82536980475967,221.82675290206672,209.65874562698542,221.90901334075963,209.67089250412621,221.70787351926225,209.97710999556674,222.22330317347382,209.44619718986908,221.45380319583225,210.30818343537518,222.37151249303841,208.67702134832521,220.93108453426933,211.03724902470302,223.02942209522689,208.04557495360996,221.22089724486935,213.77880963908456,215.04347607021677,217.48640736097502,215.62525190211952
205.37439906274915,203.96688194918454,203.59589805530638,206.29246651089198,199.87011737524733,210.16058660621511,198.2261353157904,209.89615001246872,198.45358895493337,210.01588804562294,198.49700364426087,209.54381638448064,197.99532561187428,209.87806995650502,198.43481686629923,209.37597917624439,197.87011737524733,209.90339945666992,198.60092534496761,209.67296418494919,198.18355877555825,209.9883982223447,198.49616549516549,209.6635544176348,198.26703208944011,209.98839822234467,198.41269218128363,209.6635544176348,198.35050540332199,210.21846452133849,198.84966898842245,210.0433778689011,198.37179193924223,209.69357353675318,198.05835053893128,209.5163265612025,198.1631103887334,209.7283128042325,198.32921886740175,209.84805083738661,198.43397871720387,209.84805083738661,198.32921886740175,209.7283128042325,198.1631103887334,209.5257363285169,198.07963707485152,209.7283128042325,198.41269218128363,209.7283128042325,198.07963707485152,209.63606459435661,198.41269218128363,210.13562607877699,198.80876874638105,210.13562607877699,198.41269218128363,209.86613089335043,198.60008719587222,210.3382025544926,198.87095552434269,210.16311590205521,198.62137373179246,209.89615001246878,198.05835053893128,209.54381638448075,198.43397871720384,209.98839822234464,198.2457455535199,209.66355441763486,198.51745203108572,209.98839822234464,198.16227223963801,209.54381638448075,198.33005701649711,209.78582174662901,198.1000854616764,209.63606459435664,198.39224379445875,209.83864107007216,198.34966725422663,209.89615001246881,198.33005701649711,209.75796295062398,198.66310865453755,210.16348487478209,197.99532908026595,209.36404011308989,198.89224206026293,210.35267091348726,197.39224032606708,208.92161859833928,199.53790388630227,210.96292963647412,196.89140044277588,209.39551213927552,202.33006395328047,203.4307188286104,205.64706024913767,203.86278528342348
217.41221660758225,215.90079183780671,215.47863125920514,218.33454457539327,211.56005373583767,222.48222631154979,209.86809799510516,222.22330317347377,210.10869844958609,222.32916417733927,210.10757406141335,221.77382240013401,209.53354796680534,222.17037267154114,210.13901402497999,221.7372034560224,209.51151777055313,222.11744216960844,210.0413061880781,221.73720345602243,209.60922560745502,222.17037267154112,210.06333638433031,221.87968340399945,209.81726171019662,222.22330317347382,209.97503831474282,221.82675290206674,209.78582174663001,222.27623367540653,210.21846452133943,222.10442379066936,209.82997078142375,221.85608283882692,209.56442573628559,221.72089189820136,209.77246183902719,222.05149328873665,209.97173901083008,222.10442379066936,209.98444808205718,222.05149328873665,209.85200097767597,221.90901334075963,209.6621335731875,221.72089189820136,209.6747540021253,222.05149328873665,210.06944684773197,221.96194384269234,209.56442573628559,221.72089189820136,209.77246183902719,222.10442379066936,210.09147704398418,222.05149328873665,209.65272380587308,221.77382240013407,209.89615001246972,222.32916417733924,210.22787428865382,222.15735429260207,209.94029904726349,221.8927017829385,209.44468770313148,221.68427295408975,209.99385784937164,222.22330317347379,209.79844217556783,221.87968340399948,210.0821559189591,222.22330317347379,209.71014410598033,221.68427295408978,209.72840144652278,221.80315233689419,209.45400882815656,221.77382240013409,210.00261678031035,222.1044237906693,209.86132210270102,221.94563228487127,209.64340268084803,221.79013395795513,210.12686714783919,222.34218255627829,209.50154580915236,221.53606363452511,210.46735035496206,222.54332237777558,208.75045002357234,220.91477297644823,211.01916896873922,223.25416248189677,208.50823684743776,221.72330852014184,214.14055303438701,215.12573650890965,217.28624900260999,215.34672236316729
205.37439906274918,203.96688194918454,203.59589805530638,206.29246651089198,199.8701173752473,210.16058660621511,198.22613531579037,209.89615001246869,198.45358895493334,210.01588804562294,198.49700364426084,209.54381638448064,197.99532561187428,209.97898845503033,198.66311212292922,209.62881515015545,198.03789868371473,209.83392092171127,198.30877048057687,209.33183014145067,197.91269044708778,209.86866018919059,198.49616549516549,209.6635544176348,198.26703208944011,209.98839822234467,198.4126921812836,209.54381638448072,198.07963707485152,209.78582174662907,198.35050540332199,209.63606459435661,198.14182385281316,209.60857477107839,198.07963707485152,209.63606459435661,198.41269218128363,210.01588804562289,198.53790041791058,209.923639835747,198.41269218128363,209.80390180259289,198.26703208944011,209.69357353675318,198.1631103887334,209.62665482704219,198.30793233148151,210.01588804562289,198.6426602677127,209.81331156990728,198.05835053893128,209.5163265612025,198.1631103887334,209.7283128042325,198.32921886740175,209.60857477107839,197.89224206026293,209.3137500854869,198.07963707485152,209.78582174662907,198.35050540332199,209.63606459435661,198.14182385281313,209.48883673792426,197.80876874638105,209.43348811864101,198.43397871720384,209.98839822234464,198.24574555351987,209.66355441763486,198.51745203108572,209.98839822234464,198.16227223963801,209.43348811864104,198.08047522394688,209.48883673792423,197.8701173752473,209.63606459435664,198.62221188088782,210.02529781293723,198.34966725422663,209.60857477107842,197.87179367343805,209.36656940892999,198.41185403218824,210.01841734146305,197.93481513210338,209.31338111276006,198.87095552434269,210.24885261318366,197.16227223963801,208.63404335694889,199.30960862967225,210.96292963647409,197.11969569940587,209.5633493475118,202.28916371123907,203.07366505226136,204.98558555904265,203.14045464561477
216.8650505335531,215.52640547735393,215.33373319387758,218.21566519258877,211.31804837368932,222.03274553821001,209.31318789140147,221.63134245215699,209.544378578568,221.8267529020668,209.75524043342529,221.51246306935252,209.35846131436796,221.99856278680397,209.9892568727075,221.61832407321793,209.45616915126985,221.99856278680394,209.79930082592975,221.37727212872699,209.25689197946696,221.90901334075963,209.8882497318929,221.70787351926228,209.66750455792416,222.10442379066936,209.91968969545951,221.70787351926228,209.54381638448166,221.82675290206677,209.66355441763574,221.65494301732957,209.58796541927541,221.82675290206677,209.71165359271791,221.93261390593219,210.0119379053354,222.21028479453477,209.99922883410829,222.0221633519765,209.83469092978476,221.87968340399948,209.67691432523858,221.82675290206677,209.71495289663062,221.87968340399945,209.88890056826858,222.21028479453477,210.12226617117511,221.9692328500438,209.5919155595638,221.73720345602246,209.68962339646569,221.87968340399948,209.82198185855762,221.82675290206677,209.47763715343569,221.51246306935255,209.54381638448166,221.82675290206677,209.66355441763574,221.65494301732957,209.58796541927541,221.63134245215701,209.26960105069409,221.51246306935255,209.84410069709915,222.05149328873662,209.62335552313041,221.70787351926231,209.93239876668665,222.05149328873662,209.53505745354295,221.51246306935258,209.57864429425032,221.7208918982013,209.48149865143478,221.93261390593221,210.24209284661856,222.26321529646742,209.88881192597924,221.77382240013409,209.29106905285994,221.37727212872699,209.76512375253674,222.0808232254968,209.33586892402937,221.41718425172064,210.42792146852929,222.51399244101543,208.69510140428903,220.79589359364377,210.86941181646674,223.13528309909231,208.45288822815445,221.60442913733738,213.89854767223864,214.71287467968148,216.72462789542351,214.77692555280478
204.87814227084991,203.76144919142803,203.77772465385738,206.54860178871573,199.93230415320895,209.91716039961844,197.78915850865155,209.42265750687824,197.99532561187428,209.65272380587217,198.30960862967225,209.47763715343467,198.01661214779452,209.92221899129873,198.49700364426087,209.53986624419221,198.16227223963801,210.15953473449366,198.66311212292922,209.53986624419221,197.99616376096967,209.92221899129871,198.51745203108572,209.70770345242852,198.32921886740175,210.1522852902925,198.70484704567431,209.91968969545854,198.41269218128363,209.97503831474182,198.41269218128363,209.79995166230444,198.43397871720387,210.06003708041661,198.60008719587222,210.08752690369482,198.70484704567434,210.17977511357071,198.60008719587222,210.00252813802004,198.49616549516549,209.8921998721803,198.35050540332199,209.88279010486596,198.47487895924525,209.97719863785511,198.58047348975106,210.17977511357074,198.7244607517955,209.99311837070564,198.35050540332199,209.857460604701,198.43397871720387,209.96778887054072,198.60008719587222,210.06003708041661,198.43397871720387,209.79995166230444,198.41269218128363,209.97503831474182,198.41269218128363,209.79995166230444,198.43397871720384,209.82997078142279,198.07963707485152,209.58796541927444,198.49616549516549,210.03254725713839,198.26703208944011,209.70770345242858,198.57963880904737,210.03254725713836,198.18355877555825,209.5879654192745,198.39224379445875,209.94029904726244,198.37095379014684,210.08752690369488,198.93398045139969,210.29010337941037,198.6205355826971,209.94029904726253,198.14266200190852,209.50512697671292,198.45442710402872,210.09730564373609,198.03790215210643,209.52792718103771,199.2040106307748,210.71913445715069,197.68439519045779,209.08550566628713,199.60009066426389,211.12681670442194,197.18355530716659,209.65164741709927,202.39225073124211,203.17788285469933,205.07846864023892,203.21529998364315
216.55903117132266,215.43599738096,215.52280805409319,218.57559651988424,211.67038200167738,222.2941048689915,209.48827454383886,221.75022183496145,209.57439769768635,221.85608283882695,209.81999882002299,221.63134245215699,209.49880869932602,222.02789272356412,209.8514387835896,221.49615151153142,209.50210800323873,222.30556361216671,210.22796293094316,221.73720345602243,209.51481707446584,222.11744216960841,210.03800688416536,221.87968340399945,209.84259121036155,222.36578312145085,210.27202332344757,222.15735429260204,209.98839822234561,222.22330317347382,209.98839822234561,222.05149328873665,210.03254725713936,222.27623367540653,210.063987220706,222.05149328873665,209.86471004890311,221.99856278680394,209.85200097767597,222.05149328873665,209.98444808205721,222.05149328873662,209.85200097767594,221.99856278680394,209.86471004890311,221.9090133407596,209.74167271183629,221.99856278680394,209.97503831474282,221.99856278680394,209.74167271183629,221.85608283882692,209.744972015749,221.99856278680394,210.063987220706,222.27623367540653,210.03254725713936,222.10442379066933,210.10813625549972,222.41871362338355,210.21846452133943,222.24690373864638,210.15228529029349,222.13375372742951,209.62193467868215,221.77382240013404,210.01918734953654,222.17037267154109,209.65337464224876,221.73720345602246,209.99715715328432,222.17037267154109,209.67540483850098,221.77382240013409,209.96571718971771,222.13375372742945,209.80850277925791,222.05149328873668,210.12019449035117,222.14104273478091,209.91883104509762,222.08082322549683,209.73565089072392,221.73720345602243,210.00712911468509,222.28925205434558,209.50154580915236,221.67854358250213,210.78966486383175,223.0164037162879,209.2500115079927,221.24537436698353,211.11141717861508,223.25416248189677,208.50823684743776,221.81285796618616,214.25088130022672,215.12573650890963,217.12299023483757,215.08450438203616
204.38120009647,203.32955007705064,203.41397324419063,206.42556445164894,200.05751238983592,210.2267658372611,198.20484877987016,209.73226294452087,198.12053384850125,209.64942450195952,198.2261353157904,209.37992931653281,197.9118522979924,209.70477312124279,198.14266200190852,209.07569486362695,197.72445728340381,209.84728082931412,198.47655178904432,209.37267987233173,197.8701173752473,209.81510138708245,198.43397871720384,209.61940538284108,198.24574555351987,210.05457745339066,198.60008719587222,209.78724259107736,198.26703208944011,209.81726171019574,198.26703208944011,209.66750455792328,198.32921886740175,209.85200097767503,198.26703208944011,209.47217752640879,197.87095552434269,209.35243949325465,197.99616376096964,209.64942450195946,198.35050540332199,209.75975276779914,198.2457455535199,209.64942450195946,198.10092361077176,209.35243949325465,197.76619567454057,209.35243949325468,198.10092361077176,209.53909623611972,197.99616376096964,209.35243949325468,197.87095552434269,209.47217752640876,198.26703208944011,209.85200097767506,198.32921886740175,209.78724259107736,198.53790041791058,210.25931425221955,198.78748221046081,210.1095570999471,198.60008719587222,209.85200097767503,197.99616376096964,209.499667349687,198.4126921812836,209.82451115439682,197.91269044708778,209.29709087397143,198.24658370261525,209.82451115439682,198.07879892575613,209.49966734968703,198.33005701649711,209.74167271183529,198.01661214779452,209.47217752640881,198.12137546598828,209.47217752640873,198.01661214779452,209.62193467868127,198.05918868802664,209.40741913981105,198.3496672542266,209.96485853935491,197.8922420602629,209.37956034380602,199.07963707485152,210.61201685293443,197.59924904677683,208.87746956354556,199.24742185171064,210.7067943586504,196.82754083501516,209.50979054540369,202.47655872582766,203.32650102617242,205.18485734223708,203.19475710805494
216.57292461179318,215.28535353286296,215.14707645101251,218.2156651925888,211.50470511655439,222.41627743067804,209.83807887598678,222.05149328873659,209.7216255541187,221.87968340399951,209.78997970090461,221.65494301732954,209.55378834588242,222.05149328873668,209.82141966447122,221.28772268268264,209.12444487508574,221.85608283882695,209.80871059324409,221.43020263065969,209.3672202453067,222.05149328873665,210.00798776504701,221.81373452312769,209.78724259107827,222.24690373864638,210.03001796129922,221.70787351926231,209.43348811864195,221.68427295408975,209.54381638448166,221.6549430173296,209.70770345242951,221.93261390593216,209.73914341599612,221.6549430173296,209.42012821103913,221.54908201346416,209.49966734968791,221.79013395795516,209.80936142961983,221.87968340399945,209.70224382540351,221.73720345602246,209.48704692075012,221.40660206548716,209.20268234098313,221.49615151153148,209.5973751865898,221.64765400997811,209.3893390838482,221.40660206548716,209.30039017788502,221.60201251539686,209.73914341599612,221.87968340399948,209.58796541927541,221.6549430173296,209.75580262751166,222.21028479453477,210.16311590205615,222.18095485777462,210.03001796129922,221.96923285004377,209.49966734968791,221.76080402119501,210.08357676340736,222.10442379066933,209.41136928010042,221.43020263065972,209.76456155845037,222.10442379066933,209.73038448505741,221.76080402119504,209.85285962803786,221.87968340399942,209.47424920723364,221.65494301732963,209.68502241980158,221.65494301732954,209.47424920723364,221.68427295408975,209.41080708601405,221.48313313259237,209.88486178569084,222.22330317347382,209.44619718986908,221.47011475365335,210.43733123584369,222.56692294294814,208.80542967012875,220.79589359364377,210.66683534075113,222.80468170855701,208.15590321944967,221.60442913733735,214.19553268094342,215.0964065721495,217.04694240429322,214.91940550078181
205.51143117873914,204.10179605485718,203.72968137854406,206.41550384795877,199.97487722504943,210.37803247627107,198.58047695814273,210.19643432508616,198.53706226881522,210.04667717281382,198.64266373610437,209.96383873025218,198.55834880473546,210.4084205681163,198.83005875069296,209.59342504630033,197.93397698300802,209.91610852789699,198.51661735038203,209.61875454646528,198.28831862536035,210.29809230227653,198.85050713751784,209.99132855353048,198.62137373179246,210.40842056811624,198.76703382363596,209.67626348886188,197.97571537414478,209.62128384230544,198.22529716669504,209.76851169873777,198.51745203108572,210.14833515000404,198.6835605097541,210.05608694012815,198.51745203108572,209.93634890697405,198.41269218128363,209.93634890697405,198.51745203108572,209.93634890697405,198.41269218128363,209.81661087381994,198.24658370261525,209.61403439810434,198.1631103887334,209.81661087381994,198.49616549516549,209.81661087381994,198.1631103887334,209.61403439810434,198.24658370261525,209.93634890697405,198.6835605097541,210.02859711684994,198.24658370261525,209.55652545570777,198.22529716669501,210.02859711684994,198.70484704567431,210.17582497328226,198.76703382363596,210.13892538268965,198.41269218128363,210.0835767634064,199.05918868802667,210.40842056811621,198.32921886740175,209.69434354482573,198.66311212292922,210.40842056811618,198.72529543249919,210.08357676340643,198.7465854368111,210.13892538268962,198.43314056810848,210.05608694012821,198.76787197273134,210.0560869401281,198.43314056810848,209.90885908369589,198.2261353157904,209.70375331214007,198.78748221046084,210.47317895471392,198.33005701649714,209.58148598314585,199.01661561618619,210.47570825055402,197.49700017586918,208.93432766956636,199.4126956496753,210.88339049782527,196.996160292578,209.70520621920738,202.68440559563282,203.54434639836276,205.39964697806519,203.39106382019682
217.45153431552544,216.02210574914358,215.72268576597719,218.47702452337026,211.49313502612671,222.34703537092423,209.78525955254366,222.13375372742945,209.89671220655606,222.141042734781,210.1423133288927,222.1044237906693,209.99837018374637,222.50097406207644,210.26600150233523,221.7372034560224,209.47677850307377,222.20699161565273,210.1863737213971,221.93261390593213,209.90621061615983,222.50097406207641,210.26591286004589,221.96923285004377,209.90950992007254,222.41142461603209,210.15228529029346,221.77382240013407,209.48883673792525,221.8927017829385,209.89615001246969,222.05149328873662,210.03254725713936,222.2762336754065,210.15623543058186,222.32916417733921,210.24453350016935,222.2762336754065,209.94424918755186,221.99856278680392,209.86471004890308,221.99856278680392,209.85200097767597,221.94563228487121,209.74497201574897,221.85608283882689,209.83392092171215,222.13375372742948,210.03254725713936,221.8927017829385,209.53693591300737,221.80315233689419,209.92221899129964,222.32916417733921,210.38630172957568,222.2762336754065,209.71023274826965,221.57841195022431,209.48883673792523,221.8927017829385,209.89615001246969,222.10442379066933,210.15228529029346,222.22330317347379,209.82451115439775,222.10442379066936,210.40842056811724,222.44804356014367,209.73621308481026,221.77382240013407,210.08940536316021,222.44804356014367,210.05522828976726,222.10442379066939,210.17770343274773,222.31285261951808,210.00166948765911,222.32916417733927,210.39909944309213,222.32916417733918,210.00166948765911,222.11744216960844,209.73565089072389,221.87968340399942,210.32944362355479,222.67278394681358,209.79853081785714,221.67854358250213,210.49267985512697,222.6328718238199,208.92769699912299,221.0499639170738,210.99167914546098,223.11168253391975,208.39790858159805,221.81285796618616,214.36120956606646,215.26821645688665,217.24272826799168,215.13743488396887
205.02538070372918,203.85808452374624,203.82192657789389,206.4917436826949,199.80625776748661,209.88563179376257,197.89308020935829,209.57778564388744,198.09924731258101,209.71560373300548,198.41353033037899,209.62335552312948,198.09924731258101,209.85595111796354,198.33005701649711,209.31912107022359,197.9118522979924,210.02378832619979,198.70484704567431,209.7358441120825,198.28748047626496,210.05852759367909,198.39140564536339,209.35386033770294,197.91269044708778,209.74562285212377,198.26703208944011,209.41136928009954,197.9748772250494,209.76370290808759,198.45442710402872,209.79119273136581,198.24574555351987,209.6714546982117,198.18355877555825,209.79119273136581,198.51661388199034,209.8834409412417,198.18355877555825,209.50361748997543,198.05835053893128,209.59586569985132,198.18355877555825,209.59586569985132,198.05835053893128,209.50361748997543,198.18355877555825,209.77311267540199,198.26703208944011,209.38387945682132,197.70400889657896,209.38387945682132,198.26703208944011,210.00317897439581,198.70400889657896,209.8834409412417,197.99616376096964,209.18130298110572,197.72529543249917,209.3563896335431,197.9748772250494,209.50361748997543,198.26703208944011,209.65337464224788,197.91269044708778,209.41136928009954,198.32921886740175,209.73621308480935,197.8292171332059,209.20879280438396,198.16311038873337,209.73621308480935,197.99532561187428,209.41136928009956,198.24658370261525,209.76370290808757,198.18272062646287,209.79119273136584,198.51745203108572,209.79119273136575,198.18272062646287,209.64396487493352,197.97571537414478,209.43885910337772,198.53706226881522,210.20828474595154,198.07963707485152,209.32600154169791,198.78748221046081,210.23614354195658,197.26619394034475,208.67884322811841,199.16394853782876,210.62790605637733,196.76535405705354,209.45623174329555,202.43398565398721,203.2823519913787,205.13454733288125,203.13873130465535
216.35720216746714,215.34657091646125,215.59856652044505,218.65212758698951,211.64977264987343,222.22815598811977,209.42351615724115,221.77382240013401,209.66411661172211,221.98554440786492,209.99471649973347,221.70787351926225,209.37654137033175,221.77382240013409,209.61884318875562,221.43020263065966,209.55708764979516,222.38209467927197,210.31768184497886,221.8666650250604,209.68953475417641,222.19397323671367,209.91573955517111,221.4831331325924,209.28768110665791,221.77382240013407,209.70770345242951,221.70787351926231,209.75580262751168,222.21028479453477,210.16311590205615,221.98554440786489,209.58796541927541,221.54908201346416,209.33183014145166,221.6549430173296,209.82744148558362,221.93261390593216,209.61940538284205,221.6549430173296,209.63211445406913,221.93261390593216,209.90698062423243,221.93261390593219,209.63211445406913,221.65494301732957,209.61940538284205,221.93261390593219,209.82744148558362,221.60201251539686,209.21209210829755,221.45953256741987,209.5973751865898,221.98554440786486,210.06145792486586,222.0221633519765,209.58796541927541,221.51246306935258,209.43348811864195,221.68427295408972,209.54381638448166,221.6549430173296,209.70770345242951,221.73720345602246,209.29709087397231,221.43020263065972,209.69434354482672,221.77382240013404,209.20879280438481,221.25110373857109,209.56198508273479,221.77382240013404,209.34115126647674,221.43020263065975,209.65028315232223,221.79013395795511,209.47424920723367,221.65494301732963,209.68502241980156,221.65494301732954,209.47424920723367,221.68427295408978,209.41080708601402,221.4831331325924,209.88486178569087,222.22330317347382,209.44619718986905,221.47011475365338,210.43733123584371,222.56692294294814,208.80542967012875,220.79589359364377,210.66683534075111,222.80468170855701,208.15590321944967,221.60442913733735,214.19553268094339,215.0964065721495,217.04694240429322,214.91940550078181
204.51891759494069,203.67211100471533,204.05076150380557,207.08836216764141,200.53790041791061,210.5419195442189,198.3717954076339,210.0633363843292,198.6205355826971,210.31222221795196,198.93481860049508,209.93239876668554,198.16227223963801,209.87741912012925,198.39308194355414,209.67231334857337,198.51661388199037,210.5889668475796,199.03874030120181,209.90237964756722,198.39140564536339,210.3769806045496,198.89308020935829,209.8495603241241,198.22529716669501,209.9877473859689,198.57963880904737,210.0521367998397,198.7883203595562,210.5242084609819,199.03790215210643,210.14438500971559,198.33005701649714,209.61733370201699,198.03790215210643,209.73707173517113,198.60092534496761,210.11689518643738,198.49616549516549,209.93239876668562,198.60092534496761,210.31222221795187,198.95442883822454,210.3122222179519,198.60092534496761,209.93239876668559,198.49616549516549,210.22722345227712,198.85050713751784,210.02464697656148,198.24658370261525,209.7023324676918,198.33005701649714,210.02464697656148,198.76703382363596,210.22722345227712,198.57963880904737,209.93239876668559,198.51745203108572,210.08215591895808,198.51745203108572,209.93239876668562,198.57963880904737,209.99715715328327,198.24658370261525,209.76456155844934,198.66311212292922,210.08940536315916,198.1631103887334,209.56198508273374,198.49700364426087,210.08940536315913,198.32921886740175,209.76456155844937,198.58047695814273,210.00656692059763,198.26703208944014,209.73707173517116,198.3717954076339,209.73707173517107,198.26703208944014,209.88682888744361,198.30960862967225,209.6723133485734,198.60008719587222,210.22975274811728,198.14266200190852,209.63504478525397,199.3087704805769,210.85158156153184,197.83005528230129,209.13295400499351,199.49616896355718,210.96227880009832,197.05834707053961,209.75876502131553,202.72697866747328,203.58849543315648,205.44995698742099,203.44708962359638
216.47889149259274,215.40580879385018,215.57079605068577,218.66514596592856,211.77203997886767,222.48222631154979,209.74835996195102,222.17037267154106,210.10869844958606,222.47164412531629,210.42988857028305,222.10442379066927,209.71079494235599,222.17037267154114,210.0540152593052,221.87968340399942,209.91883104509759,222.50097406207641,210.16104422123217,221.69156196144115,209.63455510761995,222.4480435601437,210.4178303354316,222.01487434462501,209.70477312124362,222.11744216960838,210.03254725713936,222.10442379066933,210.10813625549972,222.41871362338352,210.2184645213394,222.05149328873662,209.71023274826965,221.80315233689419,209.65667394616148,221.99856278680392,210.15228529029346,222.2762336754065,209.94424918755186,221.99856278680392,209.95695825877897,222.2762336754065,210.23182442894222,222.2762336754065,209.95695825877897,221.99856278680392,209.94424918755183,222.41871362338352,210.47459979916317,222.32916417733921,209.83392092171215,221.80315233689419,209.62523398259486,221.94563228487121,210.06398722070597,222.2762336754065,210.03254725713936,222.05149328873662,209.98839822234561,222.22330317347382,209.98839822234561,222.05149328873662,210.03254725713933,222.17037267154109,209.82451115439773,222.10442379066936,210.40842056811721,222.44804356014367,209.73621308481026,221.77382240013407,210.08940536316021,222.44804356014367,210.05522828976723,222.10442379066939,210.17770343274771,222.22330317347377,209.79909301194348,221.99856278680394,210.00986622451146,221.99856278680389,209.79909301194348,222.02789272356409,209.73565089072389,221.7372034560224,210.00712911468509,222.23632155241287,209.38180777599825,221.4831331325924,210.55959856483793,222.87392376831087,209.2500115079927,221.28199331109514,211.10200741130069,223.11168253391972,208.28758031575833,221.67037801820911,214.24147153291236,215.21528595495394,217.24272826799168,215.13743488396887
204.55913483258385,203.35059641100847,203.24949361771834,205.99613233856297,199.4732026610545,209.68700545833539,197.80960689547641,209.60922560745411,198.2866423271696,209.94962017228772,198.57963880904734,209.65479548669614,198.03706053461937,209.88739108153018,198.49616549516549,209.56254727682025,198.12053384850125,209.85990125825194,198.14182385281316,209.06298579239987,197.74574381932405,209.85990125825191,198.51661388199034,209.44280924366618,197.8292171332059,209.56507657266042,198.18355877555825,209.53505745354207,198.16227223963801,209.71014410597945,198.16227223963801,209.41531942038796,197.91269044708778,209.47282836278453,198.10008546167637,209.70289466177834,198.43314056810848,209.79514287165424,198.10008546167637,209.41531942038796,197.97487722504943,209.50756763026385,198.10008546167637,209.50756763026385,197.97487722504943,209.41531942038796,198.10008546167637,209.91488090480834,198.70400889657896,209.91488090480834,198.10008546167637,209.29558138723385,197.70400889657896,209.29558138723385,198.10008546167637,209.68481460581452,198.18355877555825,209.53505745354207,198.16227223963801,209.71014410597945,198.16227223963801,209.53505745354207,198.18355877555825,209.67540483850013,198.07879892575613,209.73038448505656,198.72529543249917,210.05522828976638,197.99532561187428,209.34115126647592,198.32921886740175,210.05522828976638,198.3914021769717,209.73038448505659,198.4126921812836,209.78573310433981,198.09924731258101,209.70289466177837,198.43397871720384,209.70289466177832,198.09924731258101,209.55566680534605,197.8922420602629,209.24023276795054,198.20400716238311,209.71267340181961,197.51661388199034,208.83039019756595,198.45442710402872,210.15725523968354,197.45358895493334,208.91285966740065,199.33005701649711,210.54901775410428,196.45358548654164,209.08035843231769,202.12054425367626,203.11846492343085,205.08423732352546,203.08270550125579
216.61224231973637,215.26418749622277,215.0688164489149,217.88506380205351,210.93822492242302,221.75507464960745,209.22093968152552,221.7372034560224,209.78385464487624,222.07509385390924,209.98530673241905,221.70787351926225,209.47819934752206,222.10442379066939,210.10899490586158,221.81373452312766,209.68623545026369,222.141042734781,209.79930082592966,221.34065318461538,209.26630174678138,221.90901334075963,209.78659175470258,221.37727212872701,209.1773528408182,221.68427295408975,209.70770345242951,221.70787351926231,209.66355441763577,221.87968340399948,209.66355441763577,221.60201251539689,209.4682273861213,221.68427295408975,209.6013253268782,221.79013395795516,209.7999516623054,221.82675290206677,209.49966734968791,221.51246306935258,209.42953797835355,221.60201251539689,209.51774740565173,221.60201251539689,209.42953797835355,221.51246306935258,209.49966734968794,221.93261390593219,210.03942772861362,221.98554440786489,209.61940538284202,221.54908201346419,209.30039017788502,221.45953256741987,209.50907711700231,221.73720345602246,209.58796541927541,221.60201251539689,209.54381638448166,221.68427295408975,209.43348811864195,221.51246306935258,209.58796541927541,221.77382240013407,209.49966734968791,221.76080402119501,210.08357676340736,222.10442379066933,209.41136928010042,221.43020263065975,209.76456155845037,222.10442379066933,209.73038448505741,221.76080402119504,209.85285962803783,221.96923285004377,209.67682568294927,221.98554440786492,210.0742556383822,221.98554440786484,209.67682568294927,221.77382240013409,209.41080708601402,221.4831331325924,209.88486178569084,222.0808232254968,209.12388268099934,220.94410291320833,209.8180317182692,222.18339105048014,208.80542967012877,221.03694553813474,210.96382034945586,222.80468170855701,207.85891821074492,221.22089724486935,213.87321817207365,214.95392662417248,217.04694240429322,214.91940550078181
205.12151019959524,203.87680010213984,203.73352272982086,206.43762268650028,199.87095552434269,210.10316630610774,198.20568692896552,210.04130618807693,198.70400889657896,210.28078225438529,198.74742358590646,209.80871059324298,198.2457455535199,210.25329243110707,198.93481860049505,210.04818665955122,198.60008719587222,210.45586890682264,198.83005875069296,209.72587215068151,198.18439692465361,210.02322613211322,198.47571710834063,209.52113535185265,198.05918868802667,209.96571718971663,198.66311212292922,210.02069683627306,198.60092534496761,210.17045398854552,198.60092534496761,209.90095880311895,198.39224379445875,209.87346897984071,198.33005701649714,209.79063053727924,198.41353033037899,209.87346897984071,198.3087704805769,209.79063053727924,198.43481686629923,209.99320701299482,198.55835227312713,209.99320701299484,198.43481686629923,209.79063053727924,198.3087704805769,209.99320701299484,198.68439865884946,210.11294504614892,198.57963880904737,209.99320701299484,198.41353033037899,209.79063053727921,198.33005701649714,209.87346897984074,198.39224379445875,209.78122076996485,198.33005701649714,209.7284014465217,198.08047522394691,209.57864429424924,198.39224379445875,209.9657171897166,198.33005701649714,209.85285962803678,198.7465854368111,210.1777034327466,198.24658370261525,209.65028315232121,198.58047695814273,210.1777034327466,198.41269218128363,209.85285962803681,198.66395027202461,210.20519325602478,198.60008719587222,210.23268307930311,198.93481860049508,210.232683079303,198.60008719587222,210.08545522287079,198.39308194355414,209.87093968400055,198.93314230230433,210.49529779325539,198.185235073749,209.28129031281762,198.64182558700901,210.3111703462304,197.6426602677127,209.28817078429191,199.8096103638681,211.04116710237136,196.89056576207219,209.51533881471886,202.51996994676352,203.52231620211052,205.50026699677679,203.50311542699595
216.73169970640947,215.52554682700432,215.51339828677874,218.52266601795151,211.65230194571356,222.42929580961706,209.74835996195102,222.17037267154103,210.10869844958606,222.32916417733927,210.10757406141335,221.77382240013398,209.53354796680532,222.17037267154114,210.13901402497999,221.87968340399942,209.83383227942281,222.4480435601437,210.21855316362874,221.7372034560224,209.52422684178023,222.0645116676757,209.90885908369683,221.68427295408969,209.62193467868212,222.22330317347379,210.26261355613318,222.24690373864635,210.10813625549972,222.2762336754065,209.98839822234558,221.96194384269231,209.82997078142373,221.94563228487121,209.6747540021253,221.72089189820133,209.66213357318748,221.85608283882689,209.73226294452184,221.99856278680392,210.07669629193308,222.32916417733921,210.23182442894222,222.32916417733921,210.07669629193308,221.99856278680392,209.73226294452184,221.99856278680392,209.98444808205718,222.19397323671365,210.17431548654565,222.32916417733921,210.04195702445375,221.9090133407596,209.65667394616148,221.8927017829385,209.82056101410933,221.9090133407596,209.78582174663001,221.80315233689419,209.4888367379252,221.72089189820133,209.94029904726344,222.13375372742945,209.74167271183623,221.87968340399948,210.13892538269064,222.31285261951808,209.76370290808845,221.79013395795516,210.00656692059871,222.22330317347377,209.78573310434066,221.9692328500438,210.20519325602592,222.32916417733918,209.91883104509759,222.10442379066936,210.12960425766553,222.19397323671359,210.02915931093727,222.27623367540653,209.9751269570321,222.07509385390915,210.43977188939451,222.67278394681358,209.68820255201743,221.53606363452511,210.37294182197286,222.6328718238199,209.04743503227709,221.2453743669835,211.22174544445477,223.25416248189674,208.39790858159802,221.67037801820911,214.13114326707267,215.07280600697692,217.12299023483757,215.08450438203616
204.52843852934922,203.41677564205446,203.43688863230693,206.32455731083439,199.86927922615192,210.00602066329242,197.97571537414478,209.63125580370635,198.20316901328775,209.75099383686054,198.24658370261525,209.27892217571829,197.74490567022866,209.60376598042822,198.16311038873337,209.1866739658424,197.82837898411054,209.78101295597889,198.28831862536035,209.1866739658424,197.70317074748357,209.5943562131138,198.18355877555825,209.3639209413931,198.01661214779452,209.91883104509677,198.62053558269707,209.88881192597842,198.3496672542266,209.74158406954609,198.07879892575613,209.45616915126899,198.12137199759661,209.63125580370638,198.05751238983592,209.36176061827982,197.91269044708778,209.42867932799078,198.01661214779452,209.6493358596702,198.41185403218824,209.94632086837498,198.49616202677382,209.94632086837498,198.41185403218824,209.6493358596702,198.01661214779452,209.53900759383049,198.16227223963801,209.76907389282431,198.53706226881522,210.03856907825087,198.37095379014684,209.4467593839546,197.80793059728569,209.41926956067638,198.10008546167637,209.54841736114489,198.10008546167637,209.45400882815571,197.8701173752473,209.48149865143392,198.37095379014684,209.80850277925705,198.01661214779452,209.47424920723282,198.43314056810848,210.00166948765823,198.18272062646287,209.47424920723284,198.26703208944011,209.79909301194263,198.09924731258101,209.67682568294845,198.60008719587222,209.91883104509674,198.03706053461937,209.44675938395463,198.14182385281316,209.64933585967017,198.2866423271696,209.91883104509679,198.35050540332199,209.713725273541,198.64098396952195,210.18616590741007,197.97487722504943,209.3038827031564,198.89140391116754,210.40068144628017,197.3914021769717,208.76705265541662,199.28748394465666,210.79244396070092,196.87094858755933,209.32378463891436,202.07797118183581,202.8623296456071,204.76305898569919,202.90694166470212
216.61224231973637,215.35373694226709,215.2713929246305,218.16273469065609,211.20772010784958,221.89026559023301,209.19344985824728,221.57841195022428,209.54437857856803,221.8267529020668,209.7552404334252,221.51246306935252,209.35846131436796,221.85608283882695,209.66694236383771,221.23479218074993,209.15918414256507,221.80315233689424,209.65423329261063,221.23479218074996,209.1718932137922,221.80315233689421,209.73377243125941,221.51246306935258,209.47217752640969,222.05149328873665,210.08752690369576,221.98554440786489,209.75580262751166,221.77382240013407,209.42407835132755,221.54908201346419,209.68021362915127,222.01487434462504,209.88890056826858,221.87968340399948,209.71495289663062,221.82675290206677,209.67691432523858,221.87968340399948,209.83469092978473,221.87968340399948,209.67691432523858,221.87968340399948,209.83469092978473,221.82675290206677,209.55717629208448,221.68427295408975,209.60462463079091,221.87968340399948,209.99922883410829,222.15735429260207,209.79995166230538,221.54908201346419,209.30434031817344,221.63134245215704,209.64547436167194,221.73720345602246,209.63606459435755,221.77382240013407,209.63606459435755,221.93261390593219,210.08752690369576,222.05149328873665,209.47217752640967,221.6549430173296,210.05608694012912,222.32916417733924,209.79119273136669,221.65494301732963,209.73707173517212,221.99856278680392,209.70289466177923,221.98554440786492,210.23268307930408,222.10442379066933,209.44675938395545,221.54908201346421,209.65753259652334,221.82675290206674,209.73433462534584,221.96194384269236,209.71504153891988,221.76080402119499,210.05269899392715,222.25992211758546,209.36119842419427,221.41718425172067,210.49484017824025,222.649183381641,208.77793984685053,220.69003258977835,210.63934551747286,222.9398726491826,208.33315019500037,221.55149863540464,213.89854767223858,214.71287467968151,216.72462789542351,214.77692555280478
205.1522065028299,203.92094913693356,203.79570950778248,206.39677295561921,199.6835605097541,209.74941183367136,197.7687101218267,209.56781368248645,198.2457455535199,209.91761801463454,198.56002857131787,209.74253136219698,198.26703208944011,210.06737516690697,198.47655525743599,209.36270791093071,197.89224206026293,209.86263836807808,198.3717954076339,209.36270791093074,197.99700191006502,209.95704690106723,198.49700364426084,209.56528438664637,198.12137546598828,210.00986622451035,198.68439865884946,209.95451760522704,198.41353033037899,209.80728974879474,198.14266200190852,209.64812282920789,198.45443057242039,210.21460302333921,198.83089343139665,210.24209284661745,198.72529890089086,210.14768431362825,198.60092534496761,210.04676581510296,198.49700364426087,209.74978080639815,198.12137546598831,209.74978080639818,198.49700364426087,209.92702778194882,198.33005701649714,209.71504153891885,198.2261353157904,209.83477957207293,198.60092534496758,210.12960425766445,198.47571710834063,209.65753259652226,198.14266200190852,209.80728974879474,198.41353033037899,209.82536980475857,198.39224379445875,210.00261678030924,198.62221188088782,210.24209284661745,198.93398045139969,210.12019449035003,198.12137546598828,209.6850224198005,198.76787197273131,210.39909944309099,198.51745203108572,209.68502241980053,198.3717954076339,210.00986622451029,198.43397871720384,210.0742556383812,198.93481860049508,210.1296042576644,198.14182385281316,209.65753259652234,198.47655525743599,209.92702778194879,198.35050540332199,209.8072897487948,198.20568692896552,209.68502241980045,198.68356050975407,210.24246181934433,198.03874030120178,209.44517738076541,199.14266200190852,210.62481456645071,197.43397871720384,208.62077209163525,199.10176522825881,210.85524983817129,197.16143409054266,209.7714740925426,202.60344326064538,203.38921826135353,205.30099521358238,203.4488129645558
216.90436824149629,215.63140783086973,215.54088811005695,218.29792563128163,211.18023028457137,221.87395403241189,209.27628830080883,221.80315233689413,209.81387376399454,222.10442379066939,210.05006511901678,221.87968340399939,209.73828476563418,222.22330317347382,209.96176704942928,221.51246306935249,209.42867932799157,222.17037267154112,210.05938624404189,221.65494301732954,209.56112643237284,222.13375372742948,209.93634890697504,221.60201251539684,209.47217752640967,221.99856278680392,209.96778887054165,221.87968340399942,209.72831280423341,221.9090133407596,209.69357353675409,221.82675290206674,209.88279010486687,222.19397323671362,210.09147704398416,222.21028479453474,210.10418611521129,222.24690373864632,210.08206727666976,222.15735429260204,209.90160963949569,221.77382240013401,209.46276775909527,221.77382240013404,209.90160963949569,222.01487434462499,209.75975276780005,221.77382240013404,209.60462463079091,221.87968340399942,209.99922883410827,222.24690373864635,210.00252813802098,221.87968340399942,209.69357353675409,221.96194384269231,209.84805083738755,221.91630234811106,209.83864107007312,222.10442379066933,210.02529781293819,222.26321529646745,210.29010337941136,222.14104273478091,209.47217752640967,221.65494301732957,210.05608694012915,222.32916417733918,209.79119273136666,221.65494301732957,209.73707173517215,221.99856278680389,209.70289466177917,221.98554440786489,210.23268307930411,222.19397323671359,209.649335859671,221.87968340399948,210.04676581510404,222.06780484655769,209.73433462534581,221.86337184617838,209.64812282920897,221.85035346723924,210.22994596947777,222.35849411409936,209.34311836823045,221.36425374978793,210.48543041092583,222.73873282768531,208.89767788000461,220.74296309171103,210.63934551747292,223.02942209522686,208.53572667071592,221.97164947198425,214.49035736653502,215.37407746075203,217.40598703576407,215.39965286510002
204.88834858773916,203.70435088344482,203.64557018281576,206.28981804335504,199.59841089768148,209.78462465294803,197.95442883822454,209.7990930119426,198.41185056379658,209.94632086837504,198.49616549516549,209.67682568294836,198.20316901328775,210.00166948765829,198.41269218128363,209.3820009973569,198.03706053461937,210.17891646320896,198.78748221046081,209.70431550622661,198.1827206264629,210.00166948765826,198.43314056810848,209.47424920723282,198.01661214779452,209.79909301194266,198.3496672542266,209.55708764979431,198.07879892575616,209.70684480206677,198.28748047626499,209.74374439265938,198.37095379014684,209.85191233538578,198.30709418238615,209.76907389282431,198.39224032606708,209.94632086837498,198.51577573289498,209.93691110106059,198.37095379014684,209.61459659219088,197.99532561187428,209.61459659219088,198.37095379014684,209.82658283522088,198.26619394034475,209.6493358596702,198.16227223963801,209.76907389282431,198.53706226881522,210.14889734409059,198.62053558269707,209.85407265849909,198.28748047626499,209.82658283522088,198.34966725422663,209.76907389282431,198.34966725422663,209.8613221027002,198.34966725422663,209.88881192597842,198.62053558269707,209.91883104509677,198.01661214779452,209.47424920723282,198.43314056810848,210.00166948765823,198.18272062646287,209.47424920723284,198.26703208944011,209.79909301194263,198.09924731258101,209.67682568294845,198.60008719587222,210.02915931093645,198.2866423271696,209.85407265849912,198.62137373179246,209.94632086837495,198.2866423271696,209.85191233538583,198.39140564536339,209.9163017492566,198.84966552003078,210.16083640724514,197.72529543249919,209.09189646012641,198.87011737524733,210.60325792199575,197.66227050544219,208.8867906885707,199.28748394465666,210.90277222654061,197.12053038010959,209.84142617929854,202.80710285336534,203.67695619469609,205.6025189230684,203.67416499763655
216.73169970640947,215.43599738095995,215.31082181106325,218.19206462741624,211.26306872713286,222.1516249210145,209.66552151938947,222.08082322549677,209.89671220655612,222.05149328873668,209.93973685317698,221.82675290206672,209.72887499831984,222.17037267154114,209.85143878358951,221.45953256741984,209.51151777055316,222.44804356014373,210.44861946262247,221.93261390593216,209.6439648749344,222.11744216960844,209.9088590836968,221.68427295408975,209.62193467868215,222.0808232254968,209.94029904726344,221.77382240013407,209.60857477107933,221.89270178293853,209.77641197931558,221.81946389471531,209.71964251558404,221.80315233689421,209.55501596897116,221.66796139626865,209.66213357318745,221.90901334075963,209.85200097767594,221.99856278680394,209.86471004890305,221.85608283882692,209.62193467868212,221.85608283882692,209.86471004890305,221.99856278680394,209.85200097767594,221.99856278680394,209.86471004890305,221.99856278680394,209.94424918755183,222.18668422936221,210.04195702445375,221.99856278680394,209.76700221200119,221.94563228487124,209.8299707814237,221.96194384269234,209.89615001246972,221.94563228487124,209.60857477107933,221.77382240013407,209.94029904726344,222.0808232254968,209.62193467868212,221.68427295408975,209.9088590836968,222.11744216960841,209.64396487493437,221.68427295408978,209.88682888744458,222.02789272356407,209.5556668053469,221.77382240013409,210.08545522287176,222.2762336754065,209.91883104509765,222.10442379066939,210.12960425766548,222.14104273478094,209.90942127778322,222.27623367540656,210.18711320006204,222.26321529646745,210.40503262191521,222.28925205434558,209.10364230192221,221.20546224398984,210.45794058764764,222.96347321435519,209.36974954114683,221.29830486891626,211.11141717861506,223.2541624818968,208.50823684743776,221.86578846811886,214.37061933338074,215.32114695881941,217.4059870357641,215.39965286509997
204.76160014120532,203.47889659490974,203.27525938676177,206.06504867943511,199.66227397383386,210.03698707506175,198.248260000806,209.85538892387683,198.22445901759966,209.70563177160452,198.31044677876761,209.62279332904288,198.24574555351987,209.94763713375286,198.22697346488576,209.15072166790071,197.87095552434269,210.15021360946844,198.8513452866132,209.65028315232112,197.97571537414478,209.73565089072284,198.22613531579037,209.41080708601294,198.05918868802664,209.85538892387692,198.41353033037899,209.62279332904296,198.14266200190852,209.67814194832624,198.12137546598828,209.38331726273475,197.89308020935829,209.3304979392916,197.80960689547641,209.26357922958064,197.93398045139969,209.47556547261061,198.08047522394688,209.59530350576475,198.20484877987016,209.59530350576472,198.08047522394688,209.59530350576475,198.20484877987016,209.70563177160443,198.33005701649711,209.88287874715513,198.41353033037899,209.67089250412511,198.05918868802664,209.56056423828542,198.16394853782876,209.58589373845032,198.10008893006804,209.58589373845035,198.16394853782876,209.6803022714395,198.33005701649711,209.64340268084692,197.87179367343805,209.29106905285886,198.14266200190852,209.73565089072278,198.05918868802664,209.41080708601297,198.22613531579037,209.73565089072278,197.97571537414478,209.41080708601299,198.30960862967225,209.73565089072275,197.8922420602629,209.41080708601299,198.39308194355411,209.97512695703097,198.35050540332199,209.82536980475859,198.45526872151575,209.81596003744409,198.32921886740175,210.06012572270583,198.62305002998318,209.93785839371151,198.66227397383383,209.9013277758458,197.49700364426084,208.9937150714272,198.87179367343805,210.70040356481107,197.8922420602629,209.19592257441604,199.56002857131784,210.93083883653168,196.89056576207219,209.43974981635847,202.33257493217491,203.26948022819943,205.30099521358238,203.4488129645558
216.57292461179318,215.19580408681867,214.94449997529682,217.93799430398619,211.23520993112777,222.19153704400813,209.66299222354937,221.87968340399939,209.57186840184616,221.79742296530662,209.81746952418283,221.81373452312764,209.79326441219058,222.15735429260207,209.72917145459533,221.20546224398976,209.18667396584323,222.10442379066936,210.12377565791269,221.58899413645779,209.31912107022447,221.82675290206674,209.70375331214106,221.48313313259237,209.40741913981196,221.82675290206674,209.70770345242946,221.61832407321796,209.55322615179603,221.73720345602243,209.45156817460571,221.32434162679428,209.2081419680091,221.45953256741981,209.41682890712639,221.56539357128526,209.53986624419321,221.65494301732954,209.52715717296607,221.70787351926228,209.65960427734731,221.70787351926225,209.52715717296607,221.70787351926228,209.65960427734731,221.79742296530657,209.7297336486817,221.89599496182055,209.72652298705827,221.56539357128523,209.23017216426132,221.36096057090589,209.32788000116321,221.47584412524091,209.42623867444078,221.60201251539686,209.52104670956439,221.70787351926225,209.75796295062491,221.79013395795513,209.36656940893096,221.37727212872699,209.50512697671385,221.7372034560224,209.40741913981196,221.4831331325924,209.70375331214106,221.87968340399942,209.43885910337858,221.4831331325924,209.67231334857445,221.7372034560224,209.2402327679514,221.48313313259243,209.87093968400166,222.07509385390912,209.71372527354183,221.81373452312772,209.80476045295569,221.85035346723924,209.70431550622743,221.98554440786489,209.77002118547634,221.73147408443481,209.90294184165464,221.94563228487121,208.95604547276304,221.04996391707371,210.22534499281366,222.61985344488082,209.04490573643693,221.04423454548618,210.89690163974493,222.9105427124224,208.07306477688812,221.37968875066747,213.92603749551694,214.96121563152388,217.12736272950411,215.14500453780133
205.13103113400379,203.84212127115833,203.61881344342268,206.48844437878219,200.16143409054266,210.49222224010995,198.55835227312713,210.11745738052386,198.49532387767846,210.14494720380219,198.8292206015976,210.17243702708029,198.76619220614893,210.49728083179025,198.74574728771572,209.58062733278405,198.12053384850125,210.2672145327964,198.87095552434269,209.79261357581404,198.26619394034475,210.20970559039984,198.78748221046084,209.88486178568996,198.34966725422663,209.99771934736981,198.43314056810848,209.73038448505653,198.37095379014687,209.97238984720488,198.37095379014687,209.64538571938175,198.22445901759966,209.94021040497324,198.6205355826971,210.15435697111653,198.72529543249919,210.14494720380213,198.59924904677686,210.14494720380213,198.72529543249919,210.14494720380213,198.59924904677686,210.14494720380213,198.72529543249919,210.14494720380213,198.59924904677686,210.03461893796242,198.47571363994896,209.74704369657204,198.1409857037178,209.64322539626846,198.22445901759966,209.72171419640711,198.35134008402571,209.91488090480831,198.45275427422965,209.96770022825146,198.66310865453758,210.12686714783831,198.41185403218827,209.76512375253586,198.45442710402872,210.0071291146842,198.34966725422663,209.88486178568999,198.78748221046084,210.32944362355391,198.53706226881522,209.88486178568999,198.60008719587222,210.00712911468418,198.20400716238314,209.88486178568999,198.93314230230433,210.4397718893936,198.64098396952195,210.06210876124069,198.70484704567434,210.1543569711165,198.64098396952195,210.15219664800327,198.47487895924527,209.82735284329337,198.72445728340384,210.24913447683258,198.0174502968899,209.35744150526452,198.95359068912919,210.59930778170732,197.74574381932408,209.17766523387377,199.62053905108877,210.99107029612807,196.95442190144121,209.60740974001629,202.61970783877675,203.63610646381503,205.67411546834444,203.73960056835051
216.93352871026499,215.61497329150299,215.43763982042702,218.49906545277898,211.79264933067162,222.69065514039858,210.04318464754249,222.34218255627826,210.13871756870446,222.44804356014376,210.37490892372659,222.22330317347379,210.06312857034411,222.5669229429482,210.28661085413913,221.80315233689419,209.6337850995474,222.37151249303847,210.27390178291199,221.8927017829385,209.75682243661424,222.47737349690388,210.48258872202928,222.27623367540653,210.07518680519556,222.28925205434558,209.89472916802143,221.75022183496151,209.72143233275921,222.14677210636856,210.01841734146396,222.02789272356409,209.97756761058292,222.34218255627829,210.29658281553995,222.4480435601437,210.30929188676703,222.395113058211,210.17684478238584,222.395113058211,210.30929188676706,222.395113058211,210.17684478238584,222.395113058211,210.30929188676706,222.30556361216668,209.97426830667024,222.011581165743,209.80032063503225,221.92203171969868,209.86394004083053,222.11015316225695,209.97756761058292,222.0645116676757,210.00900757414956,222.25263311023397,210.06256637625771,222.17037267154112,210.16348487478299,222.34218255627829,210.01841734146399,222.0808232254968,210.09730564373703,222.28925205434558,209.96485853935584,222.22330317347385,210.47317895471491,222.67278394681358,210.20828474595245,222.22330317347385,210.22975274811827,222.23632155241287,209.71267340182047,222.08082322549683,210.49529779325644,222.61985344488085,210.06642787425682,222.11744216960844,210.13213355350564,222.30556361216665,210.1514266399316,222.28925205434561,209.91073754316125,221.94563228487121,210.23972470951909,222.45377293173129,209.51348487230686,221.45953256741987,210.40296094109124,222.75175120662439,209.22252168471451,221.36425374978802,211.25176456357312,223.23056191672424,208.34292893504164,221.73632689908089,214.36373886190648,215.43273733427242,217.52135257425167,215.3920832112675
204.23396166359078,203.01225821305303,202.87060773505362,205.78753404173492,199.4953273460701,209.77539217021209,197.87263182253341,209.51095557646568,198.07879892575613,209.63069360961993,198.14350015100388,209.15862194847759,197.62053558269707,209.48346575318757,198.060026837122,208.95604547276201,197.4544271040287,209.36372772003347,197.9552669873199,208.94663570544765,197.53790041791055,209.56846451886233,198.35134355241735,209.56593522302214,198.14182385281313,209.60320378634162,197.80960689547641,208.87104670708729,197.49616549516546,209.30621877763684,197.97571537414478,209.33586892402835,197.99700191006499,209.59595434214052,198.16311038873337,209.52903563242955,198.0379021521064,209.41870736658981,197.91352859618314,209.41870736658984,198.0379021521064,209.41870736658981,197.91352859618314,209.41870736658984,198.0379021521064,209.3083791007501,197.66394680363291,209.00198432473096,197.53706573720686,209.08698309040571,197.87262835414174,209.46029657613587,197.99700191006499,209.34237888956446,197.97404254434571,209.51095557646573,197.97738820394383,209.33586892402835,197.99532908026595,209.50154580915134,197.93481513210335,209.33586892402835,198.0379021521064,209.50154580915134,197.8922420602629,209.44619718986809,198.33005701649711,209.79853081785609,198.07963707485149,209.44619718986809,198.14266200190849,209.3818077759972,197.51661388199034,209.12388268099838,198.18523507374897,209.56846451886227,197.70400889657893,209.02947414800923,197.76787197273131,209.29896933343568,197.91269044708775,209.35647827583236,197.70568519476967,209.0316344711224,197.99616376096964,209.5040751049915,197.33005701649711,208.6217919007378,198.24658370261523,209.94865694285542,197.26703208944011,208.71367113788693,199.14350015100388,210.35633919012668,196.26535579124933,208.85584040263907,201.89475997594067,202.88163732465952,204.78848229732597,202.7247589857877
215.98644082982082,214.66348487091739,214.47270896063569,217.54144403257914,210.90095635910353,221.74205627066837,209.1080821198457,221.39358368654803,209.33927280701224,221.58899413645784,209.45788645199363,221.08658286118529,208.8838603573856,221.48313313259243,209.48932641556024,221.04996391707368,208.86183016113338,221.43020263065969,209.39161857865835,220.997033415141,208.83979996488119,221.43020263065969,209.50589698478646,221.47011475365332,209.54739755204318,221.81373452312769,209.41759891519897,221.08658286118535,209.01639610405618,221.48313313259237,209.44903887876558,221.41718425172061,209.39226941503404,221.64192463839049,209.52462787712594,221.45380319583225,209.21502243948336,221.22177380181088,209.09198510241652,221.25839274592252,209.20561267216897,221.16884329987818,208.9816568365768,221.1688432998782,209.20561267216897,221.25839274592249,209.09198510241652,221.1159127979455,208.97554637317515,221.11591279794547,209.18423331229241,221.44651418848079,209.38285964771961,221.40087269389952,209.32930084561147,221.44651418848079,209.23779211440058,221.3113232478552,209.36404011309079,221.53606363452508,209.31338111276096,221.41718425172064,209.52792718103868,221.6785435825021,209.3795603438069,221.47011475365335,209.58148598314685,221.6785435825021,209.32600154169873,221.47011475365335,209.63504478525496,221.48313313259237,208.83039019756677,220.94410291320835,209.28129031281864,221.39358368654806,208.98156819428749,221.03365235925267,209.14819237206171,221.31132324785517,209.26914343567788,221.39358368654811,209.08596328130417,221.04996391707368,209.35744150526537,221.54908201346416,208.73212016657851,220.79589359364368,209.90991095541821,222.27623367540647,208.80290037428855,220.8358057166374,210.63897654474607,222.46106193908264,207.53407440603502,220.8406585312834,213.4655359248024,214.51173485818413,216.57253223433474,214.44672779029608
205.37439906274912,204.08661998233865,203.86676638377688,206.73451905291577,200.39056749626803,210.60263914823889,198.49700364426087,210.13562607877691,198.72445728340384,210.45794058764673,199.01745376528157,210.10560695965856,198.53706226881525,210.55018879752262,199.20484877987019,210.22534499281269,198.6205355826971,210.55018879752259,199.12137546598831,210.11501672697298,198.45442710402875,210.25320378881781,198.80793406567739,210.22534499281272,199.0174502968899,210.83776403891298,199.18272409485456,210.30093399117311,198.83005528230132,210.63518756319735,199.12053731689295,210.42792146852833,198.95442883822457,210.61241788828011,199.12053731689295,210.4098414125645,198.70484704567434,210.08752690369479,198.60008719587225,210.17036534625629,198.6835605097541,209.96778887054069,198.35050540332202,209.96778887054069,198.6835605097541,210.280693612096,198.84966898842248,210.26477387924547,198.66394680363294,210.08752690369479,198.64098743791365,210.30602311226093,198.93314230230433,210.38451191239957,198.85134181822156,210.25536411193107,198.64098743791365,210.18844540222011,198.89224206026296,210.46735035496107,198.87095552434272,210.42792146852833,199.2040106307748,210.78966486383078,199.07963707485155,210.43733123584275,199.01661561618621,210.492679855126,198.78748221046084,210.43733123584275,199.30877048057692,210.55959856483693,198.45442710402875,209.81803171826826,198.64182558700901,210.26261355613215,198.64182211861734,210.20726493684893,198.93398045139972,210.40984141256448,198.89140391116757,210.38235158928634,198.66311212292925,210.05750778457642,198.97487722504945,210.61494718412027,198.49616549516551,210.02023922125699,199.68356050975413,211.34710426337455,198.43314056810851,209.80572368238688,200.07964054324322,211.32214373593641,197.16226877124637,209.83756468129931,202.8505140743012,203.87277137063421,205.91792857760811,203.98252331657758
217.52001249223733,216.20022300933698,216.02916886824227,218.98516517023035,212.11749313538149,222.74931501391887,209.81564764438886,222.15979048530758,210.16657636470953,222.68580232575266,210.66501346095717,222.42444299497112,210.19264534353945,222.91054271242254,210.89902990023938,222.56692294294814,210.28094341312695,222.91054271242254,210.81073183065192,222.42444299497114,210.04692697384476,222.43746137391022,210.22287227664404,222.23632155241287,210.36529134242608,222.96347321435525,210.75387372463101,222.61985344488087,210.54583762188943,222.96347321435522,210.66557565504354,222.5669229429482,210.42214944844693,222.88121277566236,210.85149291924361,222.84459383155078,210.43155921576133,222.46106193908275,210.32444161154501,222.59625287970835,210.396819948282,222.26565148917302,209.91712833700052,222.26565148917305,210.396819948282,222.73873282768534,210.64675612041472,222.64918338164105,210.28649168244229,222.31858199110573,210.14719463599434,222.49768088319439,210.50714821412171,222.61256443752944,210.34326114617383,222.35520093521737,210.0810154049484,222.31858199110573,210.35267091348823,222.54332237777561,210.24885261318465,222.51399244101549,210.71913445715171,223.01640371628793,210.6120168529354,222.5669229429482,210.47570825055507,222.63287182381993,210.23614354195755,222.5669229429482,210.85158156153292,222.8739237683109,210.15725523968445,222.1833910504802,210.31117034623153,222.6328718238199,210.40068144628106,222.70211388357379,210.74455259960595,222.79166332961802,210.51100971212074,222.63287182381995,210.20084208039182,222.28925205434555,210.59930778170823,222.93987264918269,210.12590391840718,222.27623367540653,211.26210549770082,223.47890286856673,209.72461246497505,221.74449246337397,211.48219983529384,223.43170173822156,208.53211497374681,222.02701616662253,214.70450239946695,215.82928760567947,218.07618306942101,216.09035995877278
204.27486428371469,203.10963720570325,203.05022183452385,205.77547580688358,199.18272062646284,209.02429638463218,196.80960689547638,208.46287478218099,197.28664232716957,209.08217429975562,197.80960689547638,208.8148394374422,197.30792886308981,209.2500115079919,197.97571537414476,208.92516770328194,197.39140217697167,209.25001150799187,197.89224206026287,208.80542967012784,197.20400716238308,208.81736873328245,197.30960516128056,208.51785442873748,197.32838071830633,209.17442250963146,197.76786850433962,208.96931673807572,197.68272236065869,209.28475077547117,197.66310865453752,208.81483943744229,197.4544271040287,209.27750133127006,198.10008546167634,209.39723936442417,197.72529543249917,209.0080061458435,197.62053558269704,209.16717306543035,197.68439519045776,208.77793984684968,197.14098570371775,208.77793984684968,197.68439519045776,209.28691109858445,197.89140391116752,209.10025435571939,197.4544271040287,208.77793984684968,197.37095379014681,208.96459658971474,197.68439519045776,208.98992608987967,197.41185403218822,208.69294108117489,197.20484531147846,208.67702134832436,197.39224032606705,208.75045002357146,197.16227223963799,208.69510140428818,197.68439519045774,209.25001150799181,197.59924904677681,208.80542967012789,197.49700017586915,208.92769699912213,197.26619394034472,208.80542967012789,197.83005528230126,209.25001150799181,197.45358895493331,208.80542967012792,197.64266026771264,209.1577632981159,197.6409839695219,209.1852531213942,197.91352859618311,209.18525312139411,197.64098396952193,209.0380252649619,197.37179193924217,208.71318146025197,197.72445728340378,209.28003062711022,197.22613184739868,208.60032389857213,198.22445901759963,209.63961369929933,196.70484357728259,207.98790485247196,198.37095725853848,209.61465317186116,195.68355357297071,208.41764935861451,201.60009413265553,202.67641238140703,204.81336899505501,202.96296746810168
215.78461182596533,214.67991941028404,214.78794349329581,217.72383610354981,210.6958505875478,221.12076561259144,208.28367683071542,220.71936252653839,208.92218079242653,221.2983048689162,209.25278068043784,220.79589359364365,208.55901655267579,221.19244386505079,209.28422064400445,220.90175459750907,208.76705265541739,221.33492381302781,209.30625084025669,220.84882409557639,208.62528442601106,221.04996391707377,208.98788647167538,220.79589359364368,208.82391076143824,221.19244386505076,209.01932643524202,220.90175459750913,209.03194686417987,221.33492381302779,209.04135663149427,220.79589359364371,208.77044060161941,221.29830486891618,209.4967690811209,221.49371531882591,209.21249314364323,221.16311392829061,209.08945580657641,221.29830486891618,209.17775387616391,220.96770347838088,208.68214253203192,220.96770347838088,209.17775387616391,221.35123537084888,209.20919383973052,221.11018342635791,208.88076886745912,220.96770347838088,208.9791275407367,221.20875542287186,209.17775387616391,221.11018342635791,208.91220883102574,220.96770347838088,208.8554393672942,220.93108453426927,208.92161859834016,220.91477297644818,208.63404335694977,220.79589359364371,209.08550566628801,221.24537436698344,208.87746956354638,220.79589359364371,208.93432766956727,221.04996391707374,208.67884322811921,220.79589359364371,209.13295400499445,221.28199331109505,208.91285966740145,220.98401503620201,209.16843275113877,221.19244386505073,208.85930086529328,221.02063398031362,209.12033357605665,221.16311392829058,209.08936716428707,221.2453743669835,208.96585627542322,220.9017545975091,209.17766523387456,221.31132324785526,208.50168489485785,220.55813482803478,209.63788647415151,221.79742296530657,208.18323188398725,220.12496561251615,209.9343092887699,221.83977128100571,207.11698239144928,220.60289976567447,213.38016818640068,214.45307498466386,216.57690472900134,214.50722794606125
205.61845237397515,204.66791331597955,204.90987912489905,207.77648938379878,201.05751585822762,211.06220955213999,198.91437021367022,210.86469166810454,199.60008719587225,211.3067442101285,199.7056886631614,210.65742557343552,198.93314230230436,210.9916791454599,199.64350188519978,210.78657337390405,199.28748394465669,211.31399365432961,199.80961036386813,210.78657337390405,199.12137546598834,211.10200741129958,199.70485051406604,210.95441058214035,199.41353033037902,211.06726814382023,199.35050887171371,210.74242433911036,199.4970036442609,211.27925438685023,199.5379038863023,210.6574255734356,199.10092707916348,211.01916896873806,199.74658543681113,211.24923526773188,199.62137720018418,211.04665879201627,199.4970036442609,211.12949723457777,199.60009066426394,210.92692075886214,199.24742185171067,210.92692075886217,199.60009066426394,211.12949723457774,199.4970036442609,210.92692075886217,199.35050887171371,210.92692075886214,199.4970036442609,211.12949723457777,199.60009066426394,211.03724902470188,199.4970036442609,211.10416773441284,199.55919042222254,211.03724902470188,199.5379038863023,211.01916896873806,199.30960862967231,210.8694118164656,199.60009066426394,211.11141717861395,199.24742185171067,210.66683534075,199.41269564967533,210.99167914545981,199.16394853782879,210.66683534075003,199.49616896355721,211.1020074112995,199.33005701649716,210.8440823163007,199.53874203539766,210.89943093558389,199.03790215210645,210.63934551747181,199.35134702080907,210.96166002634143,199.55835227312718,211.23115521176811,199.5600285713179,210.90631140705818,199.64182558700904,211.16676579789726,198.91353206457487,210.46172956919423,200.10092707916348,211.77918484399743,198.82922060159763,210.22188453015923,200.47739340653141,211.86455258239897,197.82754430340688,210.6957780710955,203.77038988840917,204.7186751913377,206.60482657932997,204.52267127547185
217.2533108379501,216.21481726645888,216.42539864463728,219.51690638226296,212.5345851499672,223.21910317354914,210.4259063673758,222.96920258594275,210.94757209771097,223.30709298382962,211.09802520839344,222.75175120662433,210.37242161493023,223.05875203198718,211.01913690612037,222.85761221048975,210.78303419338744,223.53183337049947,211.33815211107733,222.85761221048978,210.46401898843047,223.14830147803147,211.13011600833573,223.04573365304807,210.84930206672274,223.14830147803147,210.74483293004346,222.8046817085571,210.93760013631021,223.44228392445513,211.07325790231485,222.75175120662439,210.39718892100882,222.83401164531725,210.82653239180553,223.02942209522698,210.83924146303264,222.93987264918266,210.71620412596582,222.97649159329427,210.82983169571824,222.88694214724993,210.6058758601261,222.88694214724995,210.82983169571824,222.97649159329424,210.71620412596582,222.88694214724995,210.71950342987853,222.88694214724993,210.71620412596582,222.97649159329427,210.82983169571824,223.02942209522698,210.92819036899581,223.16461303585254,210.88734063811481,223.02942209522698,210.96292963647514,223.25416248189686,210.96292963647514,223.13528309909239,211.12681670442302,223.25416248189686,210.70679435865142,222.8046817085571,210.88339049782638,223.0587520319871,210.50816802322424,222.6622017605801,210.85195053425977,223.0587520319871,210.53960798679086,222.6622017605801,210.72826236081724,222.78108114338448,210.28347270896705,222.55634075671469,210.65267336245691,222.93987264918263,210.90277222654154,223.25416248189688,210.93083883653287,222.96347321435519,211.11080832928315,223.37304186470132,210.46666745596752,222.65647238899248,211.65386801212159,223.95771357866661,210.22454292212225,222.31285261951817,212.07653882543025,224.14254184234278,209.26211172988786,222.73785627074378,215.29884138960347,216.27147937166774,218.27438705047004,216.11940924905196
202.82562576317946,201.78798087969426,201.89284126372044,204.82245438196381,198.4322989506214,208.48509819979304,196.53706226881516,208.11033334020695,196.7661887377572,208.34039963920088,197.05751238983586,208.04557495360928,196.51660694520695,208.27817054844334,196.97403907595398,208.0636550095731,196.84966205163906,208.7777320328637,197.3701156410514,208.06365500957313,196.45358548654161,208.27817054844328,197.03706053461931,208.16531298676341,196.80792712889394,208.31290981592261,196.74490567022863,207.98806601121274,196.89140044277582,208.60989482462739,197.14098223532605,208.0455749536093,196.43313709971676,207.89834709717698,196.59924557838514,208.01808513033112,196.70400542818723,208.01808513033109,196.59924557838514,208.01808513033112,196.7040054281872,208.01808513033112,196.59924557838514,208.01808513033112,196.7040054281872,208.01808513033112,196.59924557838514,208.01808513033112,196.70400542818723,208.01808513033109,196.59924557838514,208.01808513033112,196.70400542818723,208.13782316348519,196.87011390685558,208.22066160604672,196.68271889226699,208.04557495360933,196.89140044277582,208.5082368474371,197.11969569940581,208.45288822815382,197.18355530716653,208.50823684743708,196.82754083501513,208.15590321944904,196.99616029257791,208.27817054844326,196.49448572858299,207.83358871057936,196.80876527798929,208.16784228260354,196.43229895062137,207.74858994490458,196.66227050544214,207.99059530705287,196.37011217265976,207.80609888730115,196.66227050544214,208.10308389600587,196.84966205163906,208.38849881428303,196.8905657620721,208.1833930427272,197.20400369399138,208.75024220958545,196.7449056702286,208.06112571373299,197.68271889226699,209.08449578160966,196.20400369399138,207.55903493347253,198.09841263187727,209.38184976304123,195.43396831202878,207.86904140646095,200.80542655517453,201.71688099095113,203.66426808643257,201.75479133383888
216.10229269021377,214.8544282276157,214.76928851880794,217.90778781028436,211.27066262700916,222.03516216015038,209.25929217918514,221.39270712960635,209.20000782318314,221.58811757951617,209.70134472120893,221.46194918936015,209.19133753453374,221.61744751627631,209.52804788594665,221.32675824873459,209.39937363727535,222.09052885478863,209.95739135674339,221.37968875066733,209.08976819963274,221.61744751627629,209.53736901097182,221.32675824873465,209.29780430237432,221.67037801820899,209.44907094138432,221.32675824873465,209.38610237196178,221.81285796618602,209.68308738066656,221.46194918936021,209.20959487507611,221.39270712960641,209.34195333716806,221.44563763153911,209.32933290823024,221.3560881854948,209.23162507132832,221.44563763153911,209.43966117406995,221.44563763153911,209.23162507132832,221.3560881854948,209.32933290823024,221.44563763153911,209.34195333716804,221.44563763153911,209.32933290823024,221.3560881854948,209.23162507132835,221.44563763153911,209.43966117406993,221.55149863540453,209.47110113763657,221.44563763153911,209.10793689788582,221.22089724486924,209.39551213927618,221.7233085201417,209.56334934751246,221.60442913733723,209.65164741709995,221.81285796618602,209.50979054540431,221.60442913733723,209.70520621920807,221.61744751627626,209.01417920127236,221.07841729689221,209.35145174677172,221.47496756829923,209.045619164839,221.22089724486926,209.55007808219892,221.67037801820896,209.28904537143563,221.35608818549483,209.36416081799885,221.44563763153909,209.39937363727532,221.67037801820902,209.43974981635921,221.52216869864435,209.92972424888663,222.2623387395258,209.47513992021425,221.41960087366101,210.27961722332384,222.36490656450914,208.64771565760887,220.79831021558411,210.81551610425041,222.79078677267628,207.86904140646141,220.99128447278835,213.42141895262728,214.47823518560031,216.74890848610676,214.89044623872272
209.12972833658935,207.79921132227221,207.54527893505045,210.60014896207656,204.32755297438612,214.81230290267641,202.43733478197709,214.03889505719525,202.16060634662239,214.15863309034947,202.70820311044756,214.07579464778786,202.1818928825426,214.13114326707125,202.41604824605687,213.81570922967569,202.28665273234469,214.54570598581682,202.83173851727545,213.93544726282983,202.14183078959658,214.22339147694711,202.45611033900289,213.80629946236132,202.22530410347844,214.30839024262187,202.58131857562984,213.98354643791203,202.30877741736032,214.24147153291091,202.53874550378939,214.07579464778792,202.3513504892008,214.15863309034941,202.51745896786915,214.15863309034941,202.3513504892008,213.95605661463381,202.26787717531892,214.15863309034941,202.60093228175103,214.15863309034941,202.26787717531892,213.95605661463381,202.3513504892008,214.15863309034941,202.51745896786915,214.15863309034941,202.3513504892008,213.95605661463381,202.26787717531892,214.15863309034941,202.60093228175103,214.27837112350352,202.53874550378939,214.0483048245097,202.08048216073033,213.77880963908314,202.33006395328056,214.14055303438559,202.28916371123915,213.89854767223724,202.3922507312422,214.2508813002253,202.47655872582774,214.19553268094202,202.68440559563288,214.13114326707117,201.91353553296656,213.57623316336756,202.24742878849406,214.01140523391706,202.07964401163494,213.98354643791205,202.81045198135521,214.53845654161563,202.51662081877379,214.07579464778794,202.3734751742164,213.98138611479868,202.28665273234472,214.14055303438565,202.33257493217499,214.04577552866954,202.89057616724727,214.80579140392896,202.41521009696149,213.90758846682476,203.12138240277173,214.8242404326196,201.60009413265564,213.3801681863994,203.7703898884092,215.29884138960182,200.80542655517468,213.42141895262611,206.08634573600625,207.1896306356893,209.54681671255844,207.88074312949126
210.19070504229703,208.82199915451139,208.51965718271785,211.61651397482788,205.37568782783384,215.98390937565406,203.59509404098333,215.26821645688685,203.32385255863653,215.32114695881964,203.71483207413746,215.04347607021694,203.03627731724617,215.07280600697717,203.34836853047398,214.81873568354709,203.23490365267338,215.54588734548949,203.78712176858505,215.01414613345682,203.23820295658612,215.40340739751247,203.55375616567852,214.90828512959143,203.23209249318444,215.40340739751244,203.65211483895609,215.0964065721497,203.31098079545754,215.21528595495417,203.39597956113232,215.043476070217,203.35512983025131,215.32114695881958,203.68355480252271,215.32114695881958,203.35512983025131,214.99054556828429,203.27624152797821,215.32114695881958,203.76244310479581,215.32114695881958,203.27624152797821,214.99054556828429,203.35512983025131,215.32114695881958,203.68355480252271,215.32114695881958,203.35512983025131,214.99054556828429,203.27624152797821,215.32114695881958,203.76244310479581,215.51655740872931,203.71829407000203,215.32114695881958,203.32039056277196,215.043476070217,203.43071882861165,215.12573650890985,203.07366505226261,214.7128746796817,203.17788285470064,215.12573650890985,203.32650102617364,215.0964065721497,203.5443463983641,215.07280600697712,202.84029944935608,214.57039473170471,203.18118215861338,215.01987550504441,203.08372565595269,215.09640657214973,203.87936997846097,215.59881784742214,203.44688989570341,215.04347607021703,203.30421949568023,214.99054556828426,203.23490365267338,215.12573650890988,203.26948022820091,215.01414613345682,203.7558444969703,215.62814778418232,203.11170362365471,214.70714530809411,203.99250940378957,215.88221810761232,202.67641238140823,214.45307498466414,204.71867519133917,216.27147937166785,201.71688099095206,214.47823518560062,207.1896306356912,208.33047219165164,210.70447088936589,209.00082236589782
212.09415359751566,210.72110178003965,210.4227668343471,213.59837613324075,207.35303534308267,218.13540887338115,205.69377009668432,217.52572506891826,205.48061236843631,217.52572506891838,205.69377009668432,217.04694240429328,204.8907342236173,217.12299023483774,205.37259175885808,217.00762469635009,205.33165059459768,217.76503166723512,205.89087335840105,217.29062149727665,205.45355714922951,217.76503166723512,205.76896680376922,217.12736272950423,205.20614387815701,217.4453047437074,205.57763222533907,217.16668043744744,205.27774042343302,217.24272826799179,205.25645388751281,217.04694240429333,205.32805043278881,217.52572506891832,205.84633203233179,217.52572506891832,205.32805043278881,217.04694240429333,205.25645388751278,217.52572506891832,205.91792857760782,217.52572506891832,205.25645388751278,217.04694240429333,205.32805043278881,217.52572506891832,205.84633203233179,217.52572506891832,205.32805043278881,217.04694240429333,205.25645388751278,217.52572506891832,205.91792857760782,217.80872186984485,205.89664204168758,217.68898383669074,205.64706024913738,217.48640736097514,205.64706024913735,217.28624900261011,204.98558555904233,216.72462789542362,205.07846864023858,217.12299023483769,205.18485734223677,217.04694240429333,205.39964697806485,217.12299023483769,204.8636790044105,216.72462789542365,205.20037519487042,217.12299023483769,205.06295078760493,217.16668043744747,205.79242186116716,217.56504277686147,205.26222257079937,217.04694240429336,205.32228174950225,217.20341056004858,205.33165059459768,217.28624900261013,205.30099521358204,217.12736272950423,205.67411546834416,217.52135257425178,204.78848229732563,216.57253223433491,205.91792857760782,218.07618306942109,204.81336899505473,216.57690472900151,206.6048265793296,218.27438705047007,203.66426808643234,216.74890848610715,209.54681671255796,210.70447088936569,213.01845502175328,211.17598994126087
209.81957953944703,208.50526759456218,208.26899913583011,211.45024763032714,205.27404723421938,215.9707119538387,203.69001237182354,215.45258336703264,203.552703623523,215.45258336703267,203.69001237182354,214.91940550078175,202.89580855642831,215.08450438203613,203.51424853526984,215.09207403586856,203.55442696448245,215.87990022941815,204.10570803165061,215.4072225189324,203.675888338596,215.87990022941815,203.98424665753706,215.1450045378013,203.20416687536934,215.22698433001315,203.4359565153226,214.97233600271448,203.26960244608333,215.13743488396884,203.26019267876893,214.91940550078175,203.32562824948289,215.45258336703264,203.91708774586365,215.45258336703264,203.32562824948289,214.91940550078175,203.26019267876893,215.45258336703264,203.98252331657761,215.45258336703264,203.26019267876893,214.91940550078175,203.32562824948289,215.45258336703264,203.91708774586365,215.45258336703264,203.32562824948289,214.91940550078175,203.26019267876893,215.45258336703264,203.98252331657761,215.76773185009648,203.97311354926322,215.7148013481638,203.86278528342351,215.62525190211949,203.86278528342351,215.34672236316726,203.14045464561482,214.77692555280473,203.21529998364318,215.0845043820361,203.19475710805494,214.91940550078178,203.39106382019688,215.0845043820361,203.01899327150127,214.77692555280476,203.33676135775673,215.0845043820361,203.07329573394142,214.97233600271448,203.63226322746453,215.27991483194583,203.12759819638154,214.91940550078178,203.45822273187028,215.31010341905562,203.55442696448245,215.34672236316726,203.44881296455588,215.14500453780127,203.73960056835054,215.3920832112675,202.72475898578776,214.44672779029602,203.98252331657761,216.09035995877272,202.96296746810171,214.50722794606122,204.52267127547194,216.11940924905184,201.75479133383885,214.89044623872272,207.88074312949149,209.00082236589759,211.17598994126081,209.21930692475206
