185.8581137141139,185.52738355716895,186.99707483980691,188.89775574924101,181.8153387186897,191.54883846128863,180.9470501099135,191.88474596789672,181.09216339822822,190.96458661776876,180.95040531359513,192.48512319033972,182.00636765130508,191.26536551585951,180.25442474299732,191.19826092697545,180.95177607855658,191.64733545739406,181.75409246190989,192.4371525060655,181.55635312193127,191.43161301306813,180.80118244199593,191.45106914079201,180.97691468097796,191.39079104228134,180.98734470012377,191.51398463025055,181.11593123568807,191.6705277864142,181.18021172176978,191.80387861355786,181.71852384034267,192.23381923936657,181.27161524899299,191.46869878255876,181.30948363981477,192.09450027247422,181.34389955483221,191.43161301306813,181.01363600909494,191.62105283929657,181.03091714144844,191.51772083154663,181.2420716523082,191.83080714387404,181.41665118474043,191.80611055201044,181.04653480946135,191.33908415671118,181.10168433263655,191.84542825995354,181.14951541853515,191.29603024747198,181.04097710864804,191.84542825995359,181.21022264252372,191.60428154815486,181.53791928302797,192.42744816502093,181.86865015283428,191.93946137915395,181.19712844602205,191.50159545262355,180.87812100775594,191.40906659626663,180.98781202419289,191.17238376137288,180.50396404631454,191.21812250719455,181.06968897316267,191.42040440917989,180.77870801693032,191.60919832318976,181.65803467476576,191.98743206342812,181.05407130514973,191.34773713304216,180.95246146103739,191.37466566335826,180.81405858008591,191.18103673770378,180.53603111451071,191.20350139111503,181.44514499084337,192.34088744841247,181.48627131322388,191.53161427201707,181.420006388422,191.76370255498986,180.18412487587818,191.10167364620838,182.6307492985444,192.86773904409284,179.86977169753288,191.34295103302318,184.99556283711817,185.8550610936872,187.19901042355551,184.8221399227721
185.55209670527336,184.85019225600516,185.7339172240921,187.70049856484971,181.05221718673596,190.78729293026731,180.11869613735934,190.90820321357759,180.31949291931844,190.28887748346429,180.1283025868988,191.23694807944915,180.75263497073038,190.36712365271674,179.70489173723419,190.57972055321619,180.30412016457487,190.74696093682812,180.67032875002099,191.24182099923914,180.48115570164569,190.52321842447247,180.13201001151634,190.69945858637024,180.1478702187631,190.41893329878977,180.07331598973056,190.60362233850148,180.23631122945329,190.66743191556762,180.20645745022486,190.6885979522078,180.53250905808866,191.04725075870812,180.32368496235011,190.50876339131511,180.30939414368831,190.98329762646466,180.35128478158151,190.47028792253971,180.1421428984265,190.67302206319076,180.07616205038644,190.40078365727587,180.1548084499162,190.76442803389881,180.41513416795712,190.71850589283659,180.09055956140614,190.34168500385138,180.01969766201856,190.69733985619635,180.28204644858531,190.54538233542672,180.24937468026292,190.78688930224075,180.16269769618063,190.45397636471859,180.29383039323477,191.04367480068422,180.59568044742068,190.68674142754398,180.08647307742393,190.53783112256517,180.16657113886836,190.56801970967501,180.06251672030285,190.20537320736611,179.63415302810006,190.31307229492435,180.25530890420944,190.59443779188354,179.93185737055774,190.52663238634804,180.57436923171838,190.98713578999858,180.15881242929339,190.39060123634374,180.14314311979018,190.68214915423508,180.20103530321828,190.47000727605871,179.8985795352086,190.44940253238059,180.50796673799306,191.0637199814646,180.13716697892073,190.39261975715584,180.66421668380485,190.99733232068874,179.31865356013012,189.9241101183207,181.39373189241348,191.6592913441952,178.80184488005821,190.207477893673,183.88539894402356,184.823335630614,186.43695610475496,184.35194059769282
187.11134667479013,185.83031144065751,185.84285232367921,187.84251055741137,181.69352103488276,191.55408610277038,180.72319954502689,191.40834609799981,180.97065373831845,191.14387302644769,180.69397580434233,191.38466747642607,180.83766458657308,191.05344883490315,180.78025589527616,191.63465671547763,181.15824902015592,191.28138270899021,180.80883753826706,191.3348554615022,180.66095468998401,191.08824376068333,180.99426508536231,191.57725895157077,180.81439607067367,190.93823372202417,180.51787432448262,191.13873329302166,180.7255507658837,191.12116268157999,180.61957326874989,190.9874364406476,180.61532071260874,191.228282739066,180.73843264359729,191.04028352418501,180.72465838182663,191.35097609418708,180.75577961567598,190.96850572752913,180.62857183119999,191.12849554417627,180.39941164201366,190.60923610787825,180.3394778723441,191.10802513095624,180.76724517941747,191.03997511760966,180.47785274074792,190.77328987450423,180.25620482571119,190.96171511551205,180.82825481925872,191.33510820977651,180.88441799871541,191.16429159122768,180.44962343880474,190.71961989390658,180.37170481521005,191.04301385797183,180.62075040687026,190.78651084352327,180.24324913154976,190.96932862458937,180.82563458370532,191.1333268710269,180.40556023654429,190.59115605191448,180.08374748526325,190.91074389874592,180.97765458142263,191.46127646182018,180.69368116664808,191.04583532582569,180.93981524491608,191.52689072815556,180.71349129789877,190.97516107271102,180.82736243520162,191.58374115701255,181.06319741748192,191.28101864411408,180.71078352014712,191.21369153793685,180.93590514619157,191.09830695706665,179.93153826439126,190.55581901366727,181.27975809567386,191.73517186349969,179.83410798935964,190.06645738756433,181.32218860361888,191.67218057994572,178.86446104844202,190.33969953679508,184.08004873716203,185.22356351693503,187.32105986448872,185.65148595957771
188.80896309418029,187.61739791677812,187.67958809442075,190.0944386193425,184.2117650268832,193.99292241748014,182.74477175094054,193.47090640550454,183.09469384206346,193.61112406813027,182.9343282955839,193.38135695946022,182.61031261182859,193.13630918649977,182.81280044525468,193.71195834999551,183.13915373670224,193.40669106775096,182.76797004467775,193.47263994862269,182.85552863560028,193.450599019214,183.12249452518665,193.72826990781658,182.86635924736291,193.26247757665575,182.8421687279974,193.54188200837649,182.84571936615149,193.20225806737156,182.5705132194575,193.14932756543885,182.63373312312154,193.30083006388551,182.75716996232254,193.16563912325995,182.57622418072495,193.23887701148314,182.64610221781786,193.16563912325992,182.77954013510549,193.52557045055545,182.87144836845079,193.14932756543882,182.51729439388004,193.1949690600201,182.63413262525583,193.14932756543885,182.66236192719907,193.2112806178412,182.52596468252935,193.19323551690192,182.93367745920835,193.59481251030923,182.87394866809456,193.20225806737153,182.54228391751437,192.97022867335025,182.25680947363341,192.87165667683627,182.47536520780338,193.00684761746183,182.40656662590592,193.24789956195283,183.04909484613586,193.562189394667,182.77698030985781,193.1949690600201,182.5589431290299,193.27150012712539,183.0139270803258,193.6460094691237,182.76041115335363,193.15088720120272,182.91556840704823,193.75360401610729,182.88227898021341,193.12728663603016,182.76874005275039,193.72098090046515,183.13980457307787,193.44331001186248,182.75790944098773,193.39037950992989,182.92781833004787,193.10941544244517,181.84557505499689,192.76179984450147,183.4683181876386,193.98806960283423,181.93048517838227,192.34720447215508,183.53103542281988,194.0394404690031,181.14677991902863,192.73732272238718,186.27580669882494,187.22751677921542,189.16367341415511,187.44935919342586
181.48879478473515,180.76812771009841,181.37081205742518,184.07724624167787,178.42607135128455,187.60858040271407,176.49699670747765,186.8420530287072,176.88433469434366,187.18352704873618,176.91770546809346,186.93720104036137,176.48658529944717,186.55126712569336,176.3964206663691,186.81496270756341,176.64934811851742,186.73422506251134,176.57005514493736,187.05107994435502,176.98156507585412,187.13252807187581,176.88098903474554,187.05443877387162,176.70651640708181,186.99943013111903,177.03082946689091,187.25044575844734,176.73031045350481,186.63006678567729,176.380152619846,186.78923370526402,176.68941021146341,186.86121253986661,176.59217982995293,186.63080626434228,176.31127452268808,186.56172723151792,176.40311198556532,186.69988529716659,176.68941021146335,187.23739671068961,177.23449252800253,187.21496701230288,176.67146933514127,186.66875619344495,176.3342338884074,186.68106576253766,176.71571523678085,187.07970874843278,176.83507030330696,186.96179106186145,176.81712942698479,186.99470998275805,176.52497456259417,186.62355682014115,176.58716134055572,186.78346321839305,176.27706559984298,186.39315054461667,176.45693461453163,186.84964244943896,176.57340080453545,186.83224375925846,176.85133834982994,187.18383790858135,176.96780453983385,187.18022774482364,176.87597054534828,186.98351039826846,176.84176162250327,187.16880582228907,176.74658196841949,186.83745205204303,176.92690776618423,187.40896184165842,176.91854361718873,186.67026568018255,176.4423393978077,186.92563094993363,176.71069674738365,186.65863606415093,176.32131150148251,186.67816596075923,176.70567825798648,186.66403604508392,175.90478308116852,186.41623119986812,177.2541062341237,187.34303382436465,175.83255932441241,186.18906611537483,177.75745362791767,187.84506507902134,175.37680002346443,186.61264063251176,180.2804181962245,180.93298332240894,182.38863250247837,180.46570452998367
191.3675169498708,190.57558936350745,191.19594778675503,193.82684190433059,187.64397050656913,197.38170593299375,185.87857149796258,196.83209352737617,186.21615490330728,196.88502402930891,186.09055774099267,196.87773502195742,186.04359754671,196.60006413335483,185.80298249960231,196.68961357939915,185.96942939279785,196.60735314070629,185.86521159035993,196.83209352737617,186.22951481090996,196.99990758364393,186.27326434356942,196.99488086164374,186.09746720866323,196.85742763566688,186.2674938566982,197.05683391404611,186.08731796268393,196.64397208481793,185.92240967291113,196.89404657977855,186.24864520538412,196.92164297342049,186.0486576716014,196.65299463528754,185.82541219798912,196.63668307746644,185.91950987113293,196.65299463528754,185.95455999845757,197.01119241946481,186.54531935424356,197.24095952813488,186.25444480894058,196.82307097690659,185.97593935833396,196.79547458326454,186.12819681025033,197.02021496993444,186.32827298632205,197.03652652775563,186.25734461071886,196.86871247148773,185.82797202323661,196.55442263877362,186.07142734651887,196.97630701847137,186.03739844101884,196.68059102892948,186.14741584701366,197.02923752040414,186.08114797367821,196.59104158288517,185.80884162876282,196.74254408133189,186.17555650666739,197.02021496993444,186.18866508002898,196.93795453124159,186.42228201717685,197.42405424869298,186.51492972918712,197.03652652775554,186.34743249748146,197.28157430071596,186.35971294988863,196.79547458326459,185.9289196384475,196.68961357939912,185.84349225395269,196.41194269079656,185.54909618718122,196.57073419659474,186.29495456329096,196.914353966069,185.55304632746953,196.41523586967864,186.55654946814076,197.14309018120835,185.09933505272872,196.13356915260661,187.26713549937034,197.81731134121799,184.70776422645613,196.67571864351839,190.06290575223576,190.70758328389158,192.24007756973705,190.25676923226681
181.02467405815432,180.02733034725114,180.30297196360391,182.43976728996222,176.43397178042062,185.8217133919417,175.30252900767346,185.71391442194218,175.58046655296778,185.39993022519144,175.15268857552806,185.47369887696894,175.39557904888198,185.38756113049476,175.21571003419334,185.5109384440922,175.48239802236199,185.56165697002584,175.37513066205713,185.50488750629438,175.33757607961391,185.55474750235541,175.58631972306873,185.68528561786457,175.2975105182762,185.2732827243666,175.23114340001268,185.5656071103142,175.4594386566427,185.56415726966969,175.4857436819602,185.75081401253482,175.68940674307174,185.80508317662247,175.54291197052464,185.52000823487592,175.31879705419638,185.55218767710753,175.43982495052157,185.4509292020517,175.23281622981182,185.53922727163913,175.60677157828533,185.86154178050896,175.75326635083249,185.93062081333326,175.79583942267297,185.79206324555022,175.43982495052154,185.56125746789138,175.48239802236199,185.71607474505535,175.63056562470828,185.64409591045282,175.27037081225504,185.3680907594902,175.4235569039985,185.78660361852414,175.62387430551206,185.69941553353993,175.6764843561468,185.84016242063237,175.47570670316583,185.24224226293435,174.884331225952,185.16955306635242,175.3112710542965,185.55298668137644,175.31796237349275,185.53518848906145,175.77036907805922,186.13739876357849,175.80085444367845,185.56366912524598,175.29081919907989,185.57492823533946,175.50284640918687,185.61836690815352,175.42188407419948,185.40027020172192,175.16895662205107,185.28744163623844,175.08464862746553,185.53487762921642,175.98658009685968,186.10644694443567,175.33423042001579,185.41661996611435,175.98072692675879,185.88107026439522,174.44567812062249,184.88592949846156,176.58548851075679,186.62053631345447,174.3555134875443,185.66732767953081,179.35552389271945,179.89055396378737,181.43057380324015,179.76260746277887
192.39633053527891,191.10091692944485,191.10200698028137,193.13301600761775,186.72191549341872,196.88502402930891,185.95378999038476,196.98932539741048,186.1206655024005,196.44127262755671,185.64344507407716,196.68632040051708,185.96544872310193,196.48691412213805,185.74584252993259,196.78489239703109,186.20671460658522,196.85413445678483,185.99472836355523,196.56015201036124,185.60549514497453,196.5145105157799,186.13979589687426,196.86315700725453,185.74149288750982,196.18390912524464,185.50423666991861,196.45429100649574,185.76426256242715,196.47962511478653,185.77447133401014,196.59677095447282,186.00083882695708,196.8907534008965,186.09894616599306,196.61308251229391,185.80551179544256,196.74827345291953,186.06420689851382,196.61308251229389,185.74800285304588,196.52353306624963,185.76938221292247,196.6040599618243,186.08623709476609,197.09518640127581,186.41219088407914,196.85413445678492,185.78925208606137,196.40864951191455,185.62431467960334,196.57646356818225,186.10505662939491,196.89075340089653,185.99472836355528,196.52353306624957,185.70715312216478,196.54384045254014,185.85617079577236,196.67503556469629,186.03236743281286,196.79218140438249,186.00049885042631,196.47060256431692,185.39714818238784,196.10338222966999,185.60259534319621,196.5072215084285,185.69339371242768,196.53082207360103,186.1810451298897,196.98932539741043,185.89341036289548,196.29879267957972,185.54838570471247,196.60405996182428,186.12273718322427,196.90706495871754,186.0139474003185,196.47060256431689,185.66044426212341,196.64241244905409,185.9697983655247,196.84511190631517,186.45955058049623,197.01865533417063,185.52518599825319,196.34270063104276,186.54099870801704,197.08460421504233,184.88336814000277,195.77434047489854,186.91878100786698,197.60732287660537,184.63794430224482,196.59189856906164,189.90771796913364,190.55278760656287,192.33944376683982,190.6951395456278
181.89249534286131,180.74158436706159,180.86515742037739,182.81982767190007,176.7411855813946,186.39275104248222,176.05750892144437,186.45278928071895,176.07507536853041,185.90293930190674,175.87345956645399,186.41193954983788,176.1339164868939,185.86248907316028,175.62471592299909,186.16487406279796,176.19191945616208,186.27079316061099,176.02831848799644,186.00308779235954,175.58632319146039,185.91379890986573,176.12889799749672,186.28825137639538,175.77455635514437,185.69570220343419,175.60677504667697,185.79514033190731,175.48825466085455,185.51333557738806,175.35384759452853,185.65550330892879,175.77706386564711,186.20245360645183,176.04709751341392,185.92320867718036,175.68941021146338,186.13303459709701,176.08799775545535,186.08453591988047,175.83757781380965,185.97815779432912,175.67146933514132,185.80958110742779,175.85719151993086,186.29106253588427,176.15101921412065,186.04038688508669,175.69108304126249,185.76006108789744,175.48407432055279,185.82880014419112,176.02246531789552,186.36344087262148,176.13307833779851,185.96479788672625,175.52162890299601,185.59222387966128,175.46613344423059,185.82012985554158,175.81211093758773,186.10045565273089,176.13307833779848,186.15540476987988,175.58465036166132,185.55344582960396,175.58966885105852,186.01974700387515,175.83757781380962,185.97025751375224,176.00536259066888,186.02930493908272,175.43899373820946,185.50913410285833,175.6305725614917,186.28069107234913,176.46446061443152,186.51831767538923,175.95944385923025,185.72063220146455,175.52748207309685,186.15830457165799,176.21320599208229,186.24873384767324,176.08381394676181,185.87828963431397,175.00703195207618,185.45033801176913,176.40060100667088,186.4657786823837,174.95944039083844,185.16350366176599,176.71153489647904,186.78115319417532,174.4661265074472,185.74189545606686,179.46279472141589,180.12156743494333,181.75982542523073,180.08638035541998
191.3368522182586,190.52349907095339,191.19970333015857,193.49624051379524,186.98456073677869,197.00719659099542,185.96752040392568,196.98759185429222,186.04615737195778,196.41194269079656,185.80767211855562,196.86315700725459,185.88912024607666,196.17089074630553,185.48322781598014,196.67330202157805,186.06778806607559,196.60006413335483,185.77879198023675,196.43398362020531,185.53601661001602,196.4046536834451,185.96075910414834,196.70992096568963,185.76534343034481,196.4575841853779,185.85117031697362,196.45029517802632,185.40828965399572,195.95916873857479,185.20836164581695,196.02112179097711,185.48461813102111,196.45029517802635,185.77484183994838,196.30608168693109,185.56276695462913,196.58375257553368,185.97016887146287,196.60006413335486,185.87641117484944,196.66601301422656,185.7787919802368,196.42096524126623,185.84713153439606,196.7628514676224,185.90646082337537,196.35901218886383,185.55088600435624,196.36074573198204,185.59824570077348,196.3793195751544,185.81279176905105,196.64570562793608,185.88872074394217,196.44127262755671,185.50639699303184,196.07405229290981,185.30632081696029,196.14729018113303,185.48757745840302,196.35172318151245,185.8894602226072,196.67503556469623,185.72233337635032,196.32638907322161,185.75346248007199,196.67503556469623,185.85833111888556,196.4046536834451,185.6384445952788,196.14729018113306,185.06320547020869,195.97548029639586,185.77484183994846,196.87044601460596,186.18675609115689,196.69863612986885,185.72674266486635,196.28074757864039,185.52512788537135,196.55615618189177,185.97380815190627,196.56344518924328,185.78993345184458,196.22052806935625,184.89289707901412,195.93486552381484,186.31451357658477,196.94039072394716,184.81900925553953,195.6278646984521,186.74403433196011,197.36627093211436,184.23896133981913,196.05286834967762,189.49170540974345,190.30773983360245,191.88103293826615,189.77652186794859
180.69127336714729,180.08089776792977,180.94216952115687,183.10537616544372,176.78664059297387,186.1903372587185,175.78375171645177,186.29887417417183,175.97236277776338,185.58189734910306,175.36471578563498,185.7460938641739,175.41519275500312,185.41761077902061,175.6322384545073,186.21637570814087,176.00284814338266,185.66803509557721,175.27120896135042,185.40396900776904,175.21320252369063,185.58297680429862,175.77455288675267,185.99134041735317,175.7524282017371,185.92081154388433,175.84008532431247,185.83331247856572,175.45609299704455,185.56455677180415,175.42439505309395,185.40646930741292,175.14767008613083,185.4259992040212,175.41937656369672,185.59889653714896,175.5879925528678,185.95339048825034,175.83673966471437,185.85429233630779,175.73197981491222,185.95378999038473,175.62805811420557,185.72409419732921,175.83841249451339,186.20051550089431,175.85468054103643,185.60145636239673,175.31796237349275,185.66581524685998,175.64850650103031,185.76673374538532,175.54625763012274,185.61481626999947,175.48072519256291,185.70706447987553,175.54625763012271,185.58948676983459,175.43982495052157,185.52725767907711,175.21320252369057,185.27658202827945,175.27371647185319,185.64088524882939,175.58715787216414,185.73785360706648,175.66895835624689,185.77654301483417,175.4823980223621,185.52651820041206,175.37763817255987,185.410330805412,175.10927735459222,185.51340962705052,175.83590151561893,185.95765148838402,175.43898680142618,185.48742929050999,175.59050353176224,185.90023118827673,175.66477454755344,185.70962430512327,175.52748207309691,185.6995041758293,175.69107957287085,185.72702299530368,175.10677331248118,185.38807980432603,176.12722169930598,186.1437155077551,174.65185216062855,184.83132035784331,176.46446061443166,186.50804772450155,173.99699150489013,185.12907678734274,179.08967405364618,180.1380189529618,181.74037106413928,179.60477460340198
192.04502532535656,191.14767927988584,191.71752305624574,193.74128828675563,186.93825137887151,196.92164297342049,186.00478896724528,197.26699628601304,186.44948997680629,196.58375257553374,185.63693510854108,196.63338989858445,185.85222065548396,196.66601301422659,186.35647175885768,197.41849878445976,186.46896034781076,196.70992096568966,185.7183832360619,196.4615800138472,185.63042514300508,196.57646356818231,186.19119437586912,197.07887484345474,186.27033401238356,196.94368390282918,186.13368543347255,196.72293934462871,185.83479143589591,196.75729600338911,186.17601412168361,196.69534295098674,185.66621474899461,196.39233795409342,185.7104524260775,196.62210506276361,186.15059597922948,197.06256328563364,186.18178460855464,196.66601301422662,185.934659595911,196.78489239703109,185.83340112085506,196.5145105157799,186.09638634074554,197.17744683996872,186.33981254734221,196.7026319583382,185.76722188980906,196.6863204005171,186.1184165369979,196.81022650532182,185.82763063398389,196.35571900998181,185.65069451827858,196.6953429509868,186.09928614252374,196.78489239703106,186.03776741374594,196.75729600338911,185.88078993395769,196.46158001384723,185.65251486486116,196.46158001384723,185.78854172408177,196.65472817840583,186.05405765253448,196.67729785004747,185.69049391064925,196.48691412213799,186.02079734238529,196.95670228176823,186.16435538896656,196.95270645329887,186.38075092051267,196.92737234500811,185.70962430512316,196.59503741135458,186.37390097844593,197.25571145019222,186.17552597725981,196.58774840400315,185.73544194971197,196.70263195833823,186.27934427756341,196.92910588812623,185.59506403534633,196.34270063104279,186.47112067092397,197.121223159154,184.94383640978148,195.64817208474258,186.75739423956296,197.35898192476293,184.05304407561908,195.86874273558874,189.60166316964498,190.93805304214908,192.90365245936837,190.75450040456226
181.71052002058519,180.71453152593719,181.03373290033716,182.8491073123534,176.42774418108371,185.83022098863927,175.51577226450343,186.2476529797556,176.20195643495649,185.95103847698888,175.66310518614605,186.0198065294789,175.84176162250324,185.96084774643785,175.97989224605513,186.33231176889984,176.08883243615904,186.15031564879186,176.06754590023877,186.22158400092567,175.81629127788949,185.86964987507201,175.81545659718577,186.10119513139588,175.92272395749069,186.02196685259224,175.81211093758765,185.7661715512991,175.42606788289294,185.80051131664391,175.93899200401367,186.06676672376165,175.75410449992776,185.76617155129907,175.48407432055282,185.70866260890264,175.81629127788938,186.10224546990611,175.73198328330398,185.61641439902661,175.56838231513828,185.90651893625727,175.58632319146039,185.55995579514013,175.58632319146039,186.05118696744162,175.94484517411459,185.95208881549914,175.73031045350484,185.9430785503192,175.85886434972994,185.90256879596868,175.46278778463255,185.40226783288335,175.33674139891011,185.85841976117496,175.90143742157048,185.90182931730374,175.62722343350174,185.93005861924684,175.9652970293312,186.16447456066345,175.91603263829433,185.8924195499894,175.59134168085762,185.92024934979804,176.04458653451948,186.15250496810148,175.65018279922106,185.72353200324289,175.85970249882536,186.31358087656034,176.08465209585717,186.10921458366954,176.00703542046796,186.13272373725178,175.75326981922416,186.13485494367956,176.39642066636907,186.46469934767714,175.84510381370964,185.74010257246908,175.55918348543929,185.94628921194251,176.07005341074151,186.05513710773022,175.29416832706968,185.47887817355755,176.19442696666479,186.28597188158528,174.79165908237104,184.93269788410706,176.56587480463554,186.60859583757804,174.02914970030841,185.11244669251283,179.08549371334425,180.27743505061747,182.1003220447484,180.10175320812994
191.5278780707211,190.50590899233723,190.88273972309511,192.94992128705968,186.3478916457089,196.29306330799207,185.3008320732487,196.5674410177127,186.01070774249882,196.52682624513159,185.85469183844222,196.75556246027091,185.81859137260778,196.15960591048477,185.37216007147558,196.35398546686361,185.67639452438149,196.51953723778016,186.10869590983827,196.84684544943346,185.7356932839532,196.05774073508874,185.22462135519814,196.11067123702142,185.48643847760368,196.25315118499844,185.54693586406788,196.09938640120058,185.25927198038812,196.13826763066339,185.57803585110389,196.42096524126623,185.86339124377719,196.53984462407067,185.50639699303193,196.02841079832854,185.45138835027927,196.3517231815124,185.4644082813515,196.02841079832854,185.49337706195971,196.3973646760937,185.55409666597976,196.07405229290984,185.35086935388833,196.14729018113297,185.44302892147505,196.26217373546814,185.63918407394374,196.31510423740079,185.5627669546291,196.28977012911005,185.46119761972804,195.98450284686552,185.24119192442438,196.26217373546802,185.7487728611184,196.21653224088686,185.20176303799167,196.2075096904172,185.97667883699893,197.02923752040408,186.34413319356878,196.71894351615936,185.52305620454754,196.3427006310427,186.08188745234327,196.95270645329882,185.72523317812875,195.93886135228428,185.30672031909455,196.3517231815124,185.51682810266018,196.03569980568,185.42901817749646,196.3517231815124,185.67127487388606,196.57246773971286,186.049057173736,196.61134896917571,185.61012665104622,196.31510423740079,185.59182437752668,196.36803473933347,185.82211289407621,196.35571900998187,185.01047478905488,195.88193502188216,186.16944604326571,196.79791077597011,184.64176227998888,195.47636220000544,186.73462456464569,197.46484292862831,184.31528981684454,195.91038840170054,189.18531063372424,190.01375738717874,191.67845646255057,189.6869724219043
181.02604482311591,180.05518058982983,180.43251724318634,182.45753648608093,176.33506856911106,185.81850273031839,175.36137012603692,185.89412072487508,175.83088649461337,185.82211289407633,175.84092000501616,186.20696594082645,175.7728800569536,185.41440011739732,175.23448905961081,185.63872492571625,175.39641719797734,185.35803015580018,175.40143568737454,185.6228051928658,175.20985686409244,184.9984165542034,174.84008532431247,185.25560217053734,175.37429251296174,185.56489674833472,175.36388110493132,185.40902913266061,175.37345783225805,185.68253398397951,175.48323617145741,185.65140500074716,175.81879878839226,186.06485773488956,175.58381221256599,185.43361915416037,175.40143568737457,185.73603326048365,175.48239802236196,185.52586736403637,175.50284987757854,185.69444405093762,175.46278431624083,185.52950664447974,175.33841422870927,185.29620056717715,175.06168926174615,185.40686880954732,175.44568158901416,185.53561710788136,175.41853841460124,185.76713324751981,175.71153142808737,185.57686634089688,175.21320252369057,185.59278607374736,175.73114513420856,185.69444405093776,175.23448905961081,185.61737609524738,175.9577675610395,186.43308209953199,176.34342924971472,186.06701805800279,175.28914983767257,185.40794967746498,175.79751225247193,186.20810492162596,175.54458480032369,185.03167686435268,174.98156160746242,185.6169460637054,175.506192068785,185.3901209557425,175.27037081225501,185.5210585733862,175.40143221898288,185.67772531381843,175.67397684564406,185.74797373636042,175.55583435744947,185.73859308573148,175.49327315025178,185.55989626953624,175.6017530888881,185.60768446428403,174.86053717952905,185.14755339950767,176.02162716880025,186.09345600955967,174.61095191858709,184.87546939263714,176.58883417035494,186.74752379080982,174.41435460590776,185.43621104202705,178.96613864681825,179.5654282954288,181.15029265207139,179.47907348485231
192.0019714161173,191.0134862135744,191.51497434062449,193.58978578830897,186.99615982340254,197.0658564645158,185.96097990898215,197.11549378756629,186.39889050208021,196.79947041173403,186.08327776738403,197.12451633803602,186.14093487767371,196.55112945989151,186.05618744624022,197.08060838657298,185.91262939965881,195.95916873857476,185.16526294953337,196.26616956393747,185.55699646775798,196.15631273160267,185.56248509098026,196.64241244905409,186.16000574654385,196.8468454494334,185.86887986699941,196.58774840400315,186.13433626984835,197.08789739392446,186.09928614252385,196.60405996182425,186.03307779479235,197.02594434152212,186.12421614055441,196.75556246027088,186.19480453962692,197.00963278370097,186.01783801500315,196.67503556469632,186.05519663333391,196.75955828874021,185.81162225884412,196.53255561671929,185.84684967074728,196.45429100649582,185.60614598135021,196.45429100649574,185.75460146087133,196.47060256431689,185.91979020157063,197.00963278370097,186.29285235305946,196.56917456083082,185.54070622896936,196.67000884269603,186.30803260724502,196.98932539741045,186.04316751516794,196.89075340089647,186.33336210740998,197.17571329685055,186.41105190327966,196.85413445678486,185.60589464710898,196.28977012911011,185.97155918650358,196.98932539741045,185.91839988652987,196.27345857128893,185.714402566366,196.96572483223792,186.33509239898126,196.98932539741045,186.29285235305946,196.91106078718701,185.85287149185964,196.66601301422656,186.17132450273016,196.98030284694082,186.13103696593564,196.71165450880792,185.74809149533519,196.4615800138472,185.96970972323541,196.54557399565829,185.10090265234811,196.02841079832854,186.50262016009444,197.2473915493099,185.0132554191363,195.67350619303338,186.77371347454786,197.5819887683146,184.60502538134816,196.45670762843613,189.79087973775776,190.61474065896522,192.58554097717374,190.99397647087051
181.41802194970191,180.58154197831885,181.21023185931082,183.12579382909936,176.75243513852047,186.21615490330723,175.71236610879106,186.3735014763113,176.33925237780468,186.01431790625657,175.66895835624692,186.01724670423121,175.67063465443769,185.67574368800584,175.93982668471739,186.42234013005861,175.82130976728669,185.25862114401249,175.103427652883,185.83743990343285,175.86221000932809,185.84432037490708,175.72863762370579,186.09789582748317,176.05127785371576,186.09499602570483,175.70567825798651,185.94844953505583,176.15352672462336,186.45884021851674,175.96445888023575,185.74297325756186,175.62220494410457,186.0924362004572,175.96947736963298,186.14741584701369,176.16394160104551,186.19986466451869,175.65436313952299,185.80918160529342,175.93899200401367,186.08012663136449,175.60844440808435,185.66772423573212,175.64850996942201,185.88005045529266,175.73699830430948,185.8616304227983,175.54124260911718,185.58528529530517,175.67230401584504,186.16876467748241,175.89976459177143,185.51870656212466,175.21236784298688,185.88695992296326,176.10677331248118,186.19551502209572,175.94317234431549,186.11341605819914,175.92105112769161,186.03458728152992,175.87513239625298,185.94992849238588,175.57005514493741,185.7082631067681,175.79500474196925,186.143095200787,175.87847805585113,185.86313990953587,175.75494264902321,186.06355606213822,175.8980917619723,186.22309348766322,176.34092520760373,186.34792064190512,175.7303104535049,185.88522963139184,176.06336555993698,186.36989131255353,176.0128851221771,185.86379074591159,175.49532387767857,185.69666389965494,175.7778985463508,185.73967254092713,174.92188580839525,185.34899089442399,176.48156334165824,186.62164629805781,174.87931273655479,184.78979067390128,176.39642066636904,186.84517210210794,174.71738112979656,185.91550315117408,179.60427100456587,180.43077337045142,182.38813986618362,180.9536874033723
191.215890568742,190.38902535816101,191.09768128809205,193.23488118301375,186.58486741237328,196.56171164612505,185.4870893139794,196.71894351615933,186.10335545450914,196.29479685111028,185.32940135172245,196.22052806935631,185.35342917913616,195.86562346406103,185.4205992230882,196.61308251229394,185.83812126921612,196.25315118499844,185.6564941218349,196.81022650532182,186.10505662939505,196.53082207360103,185.6771340030464,196.44127262755671,185.62573552405166,196.30608168693118,185.61962506064995,196.54713363142213,186.01496874263231,196.68232457204769,185.67713400304655,196.21653224088681,185.55014652569125,196.47789157166832,185.74331323409248,196.42096524126626,185.79036207066449,196.38834212562398,185.30052121340358,196.11796024437288,185.85984060562319,196.69134712251739,185.60435616417513,196.10164868655173,185.51910606425906,196.53984462407064,185.94293038242597,196.48691412213799,185.39936803110496,195.92254979446315,185.41118945577395,196.39736467609364,185.45178785241367,195.73442835190488,185.08927444903864,196.36074573198204,185.87536083633924,196.44856163490815,185.692314257232,196.45758418537784,185.64745486045871,196.25315118499842,185.47816769108877,196.24586217764701,185.5671457137374,196.45029517802638,185.87681067698381,196.55112945989151,185.6745741777988,196.39336884762426,185.73285312826792,196.28074757864042,185.24227279234211,196.15058336001505,185.89963999799403,196.59277512600337,185.40538985221744,196.11796024437294,185.84722017668528,196.83382707049435,185.93929110198269,196.37931957515431,185.47174636784189,196.27848529328921,185.83186263792126,196.4909099506074,185.15048219748235,196.06103391397079,186.52683979614537,197.19046521890778,184.7680102786791,195.31583715108908,186.55737758909507,197.66927592900768,184.79893156841445,196.4200886843245,189.60638331800595,190.38097772182567,192.15044851515847,190.34863022529794
180.59118063768594,179.78066879924913,180.38270292550914,182.54873435744668,176.4644606144316,185.94805003292132,175.4594386566427,185.86268076130855,175.62889626330085,185.32619069009917,175.12972920980874,185.58806592538645,175.41937656369663,185.19053292409453,175.0487668748213,185.66661425112892,175.78831342277297,185.86700140753496,175.75995767002871,186.01635905767301,175.79082093327571,185.75337383778259,175.54960328972081,185.66621474899446,175.35217129633784,185.51935739850038,175.63474943340174,185.96288889785421,175.72947230440951,185.60225536666564,175.31378203319088,185.57655548105188,175.59384919136039,185.7545128185819,175.47487202246205,185.47850766761923,175.38684047065055,185.53675608868079,175.20567652379063,185.4434284236093,175.73616362360571,186.02980760756517,175.58715787216406,185.45573799270204,175.39892817687183,185.85873062102007,175.85635337083542,185.75741262036027,175.23532720870622,185.22527219157382,175.29500300777337,185.61669472946414,175.25326808502828,185.1146039492036,175.1697947711464,185.72341283154594,175.65269030972385,185.64890470110333,175.561690995942,185.77984231874703,175.54793045992179,185.46002810952115,175.128894529105,185.2798813321921,175.31628954369364,185.73569328395311,175.70985859828826,185.59278607374742,175.23448905961087,185.6365356064068,175.85802620063453,185.8340519572308,175.23114340001271,185.38006035205245,175.6493446501257,185.78734309718939,175.19107783867497,185.27513218763497,175.55044143881619,185.9701092253699,175.7645159079583,185.73174314366472,175.4285788617874,185.60694510610833,175.77288005695365,185.98065797348357,175.291660816567,185.40584900044476,176.17481326054366,186.33367155453288,174.79249376307484,184.87512941610655,176.54960675811253,186.81734230229912,174.435641141828,185.35337259946553,178.96613864681825,179.71774527294906,181.15246117354911,179.11768028746539
191.55330233819365,190.63538680379406,191.18021132407821,193.46361739815308,187.04280915784017,197.02923752040408,185.83149213198294,196.78489239703109,185.93656858478312,196.41593851926598,185.83405195723071,196.92910588812626,186.04035635567914,196.29150367222823,185.50562698495935,196.70662778680759,186.14920566418874,196.65472817840572,185.78564192230351,196.58774840400321,185.84858137504062,196.62939407011501,186.00052796711176,196.80120395485221,185.98892875999874,196.79218140438255,186.2284339429923,196.8631570072545,185.74510305126765,196.20421651153521,185.45431714825381,196.53255561671924,186.11190657146165,196.83782289896376,185.8681403883345,196.42496106973559,185.76682238767472,196.69534295098677,185.89091006325177,196.57646356818225,186.02295766549847,196.92737234500811,186.06741756013739,196.57646356818231,185.75420195873681,196.61308251229389,185.96575958294707,196.64970145640555,185.74479219142239,196.43398362020523,185.84676102845793,196.73196189509838,185.89380986502997,196.47060256431686,185.78058179741194,196.64241244905406,185.8496608302363,196.56015201036118,185.93505909804537,196.83782289896376,186.1372360716266,196.71165450880787,185.74189238964419,196.31910006587023,185.56134611018075,196.57646356818231,186.07577698894167,196.56015201036121,185.43219830971228,196.46158001384723,186.37785111873421,197.31263778059432,186.20810492162596,196.79218140438255,186.28600241099272,197.00963278370094,185.83439193376145,196.53984462407067,186.08888556230309,196.97128029647115,186.16463725261553,196.81751551267331,185.86171906508758,196.58375257553377,186.22470602025967,197.06256328563367,185.64643351814499,196.09765285808234,186.11372691804422,197.05927010675163,185.22490168563584,196.0041075835687,186.96938048259281,197.34995937429326,183.97671559859376,195.84843534929823,189.53980458482556,190.63105221678632,192.23587454306201,189.87481321798157
181.3001090550959,180.44474683432929,180.97095221813214,183.02592566908419,176.79417006126553,186.09601736801866,175.46445714603993,185.99762816533345,175.96195136973301,185.98318880253504,175.95944039083852,186.19409417764743,175.65352845881927,185.43296831778483,175.45693114613994,186.08046660789503,175.94819083371272,185.69885333945359,175.39558251727371,185.71011244954701,175.65018279922111,185.91123908461805,175.89976459177137,186.13874555836421,176.00535912227713,186.2367642551111,176.1051004826821,185.91839988652984,175.31796237349266,185.32042020322811,175.23532720870622,185.71292360903593,175.915194489199,186.13328593133821,175.8016960611655,185.78746226888629,175.72612664481136,186.12097636224553,175.94651800391367,185.91695004588536,175.73114513420856,186.06056761807056,175.98072692675882,185.99688868666851,175.65269030972385,185.76898271078795,175.69024489216721,185.95313915400919,175.79500474196925,185.90503997892711,175.77371820604904,186.03162795414778,175.9218858083953,186.00629845398288,175.73281796400764,185.72233337635041,175.43899026981785,185.67457417779872,175.67397684564415,186.01570822129722,176.002013462679,186.14235572212192,175.87847805585116,185.83886074788114,175.52413641349881,185.90142981516925,176.0692187300379,186.00743743478236,175.3137820331909,185.52777635290846,175.96195136973299,186.47515945350165,176.11095365278294,186.0993166719314,176.10593863177743,186.24080303768881,175.75577732972693,186.00240783929823,176.14349321422071,186.37566179942462,176.13809335880404,186.20236496416246,175.76786503594818,185.92599071998373,176.23281622981173,186.53621903405227,175.67564967544314,185.3395811271096,175.70651293869017,186.11193556765795,175.11095365278288,185.38194034472818,176.75159698942511,186.34271081590927,173.6101137694917,185.11895665804886,179.50285681436193,180.77659703290334,182.44855560178146,180.15433232961058
191.55107039974121,190.65840936509795,191.24741068027009,193.31714162170658,186.60763708729067,196.45585064225969,185.31709178262969,196.66601301422659,186.24586316258058,196.71494768768994,185.88903160378709,196.51451051577993,185.30277017880621,195.89321985770306,185.68975443198428,196.91608750918724,185.9422795460502,196.06502974244015,185.28284065957425,196.38105311827258,185.72773347777255,196.40465368344508,185.76904223639187,196.62037151964535,185.93898024213752,196.69863612986879,185.88227030400981,196.3793195751544,185.52876716581483,196.3078152300493,185.50062650616078,196.14729018113306,185.57001639883026,196.62939407011504,186.00234831369443,196.63668307746642,185.92707017517924,196.71894351615936,185.84787101306102,196.4046536834451,185.64890470110325,196.56744101771264,185.93937974427195,196.59277512600343,185.73464294544306,196.47789157166835,185.83556144396837,196.57646356818228,185.70931344527816,196.40465368344513,185.78746226888623,196.70992096568969,186.03088847548287,196.55615618189177,185.56029577167064,196.14729018113306,185.41809892344446,196.35172318151245,185.77444233781395,196.54713363142213,185.86015146546828,196.67330202157802,185.96760904621522,196.53984462407067,185.58667561034568,196.47789157166832,186.07577698894164,196.67503556469626,185.4437684001399,196.02841079832857,185.60626515304719,196.58375257553374,185.74217425329303,196.48118475055037,185.99154823133941,196.53082207360106,185.32940135172257,196.21653224088683,185.99012738689109,196.9599954606503,186.17404701992996,196.7189435161593,185.69314237818631,196.53811108095246,186.35385382072835,197.2140657840803,185.70394246054141,195.95517291010535,185.82615167665401,196.74498027403743,184.95756682332242,195.80696359054068,186.82613329585661,197.22379098413731,183.92679607692887,196.0365567918565,189.95146750179288,191.23030194545453,193.11060142975046,190.90455000637175
181.02673020559661,180.1336796113535,180.64336731517287,182.58637342670431,176.2983521357632,185.73646329202577,175.28998451837626,186.02656782925638,176.15269204391967,185.96720954408082,175.67146586674974,185.8279414938292,175.35468227523225,185.46730808312978,175.882658396153,186.38180125902269,175.77037254645083,185.24952223654316,175.15018106502532,185.76170273717932,175.63223845450725,185.58553662954628,175.52079075390066,185.84602154979285,175.75493918063151,185.86123092066396,175.58799602125944,185.67713400304652,175.69024489216719,185.98571809837526,175.62722343350177,185.35771929595509,175.15352672462342,185.80807162069016,176.01995433900112,186.14195621998755,175.92523146799337,185.93070945562252,175.54207728982087,185.57982566827908,175.48323617145732,185.80446145693239,175.71487708768549,185.76938221292247,175.56336382574108,185.80122167862345,175.75410449992782,185.77623215498912,175.3801491514543,185.59173573523725,175.75410449992785,186.15571562972482,175.98072692675871,185.76938221292247,175.29751398666784,185.44055773851653,175.46194963553711,185.8869599229634,175.85719151993086,185.89563021161277,175.69024489216716,185.96214941918919,175.88098556635381,185.80767211855573,175.35718978573505,185.57652636436629,175.70985859828826,185.88110079380289,175.48574368196014,185.52225720027869,175.52413641349872,185.79576205159748,175.6050987484862,185.91115044232876,176.02664565819734,185.81813222438035,175.04291023632871,185.22487268943956,175.55211426861527,185.97300902714818,175.78580244387854,185.75707264382967,175.44819256790854,185.75201263942731,176.06503492134431,186.16731471634864,175.22947403860542,185.08353449157508,175.71654991748454,186.05550608045695,174.81378029899508,185.01803662631227,176.61012070627507,186.62417559389792,174.14683193703542,185.43837136514034,179.46362940211961,180.54829155488858,182.35350399910737,180.44088018896926
191.5903881076843,190.58431282652518,191.04941264501846,193.18594650955049,186.7042349395893,196.7881855759131,185.68858492177725,196.83782289896379,186.19921382814294,196.62037151964535,185.87780148989009,196.97301383958936,186.15975441230265,196.68232457204769,186.17808580250758,197.20504323361064,186.10761645464265,196.34270063104279,185.68182362199997,196.74098444556802,185.83084129560734,196.28248112175859,185.66630339128386,196.69534295098677,185.99142905964246,196.71894351615927,186.06025675822559,196.84511190631525,186.09234755816777,196.76458501074057,185.81427072638118,196.28248112175862,185.4983775407583,196.64970145640547,186.21217423361122,196.87044601460596,186.02616832712195,196.70263195833817,185.80412148040176,196.42496106973564,185.73859308573154,196.62210506276358,185.84571068994777,196.42496106973556,185.69700387618545,196.66601301422665,186.05044748877671,196.57646356818228,185.58667561034574,196.51451051577996,186.15861543150311,197.05856745716426,186.16472589490476,196.55112945989154,185.57115537962969,196.43398362020525,185.92814963037486,196.89075340089644,186.17163536257536,196.75556246027094,185.96288889785416,196.9070649587176,186.26604389556456,196.75556246027091,185.68398394511314,196.44127262755674,185.89563021161274,196.6863204005171,185.80551179544236,196.63841662058468,186.18468441033312,197.00061023323136,186.07136770042564,196.95999546065028,186.5540477557748,197.11549378756638,185.80582265528759,196.44127262755677,185.95828792119002,196.75556246027097,185.80724349973588,196.47789157166829,185.76296088967547,196.6090866838245,186.13245781038393,196.63338989858443,185.07995332401345,195.81998196947981,186.20813545103357,197.121223159154,185.02232520992007,195.66448364256368,186.80805323989284,197.5910113187843,184.43502784999865,196.14241779572194,189.59046358515542,190.67496016824938,192.6360217918006,190.75332815440612
181.08812281206582,180.12105918241571,180.53944561446616,182.6084631485603,176.56252914503742,186.10286731008534,175.5521108002236,185.95347913053973,175.79082440166738,185.64856472457257,175.56587133624387,186.20961440836351,176.13140550799943,185.94805003292129,175.79249376307482,186.27289383763119,176.04793219411758,185.89418037096809,175.75410449992788,185.93545860017983,175.41686905319392,185.26587058821363,175.29918681646697,185.81171090113352,175.69024489216713,185.91371026757642,176.10677331248118,186.38322210347081,175.98323443726153,185.82865197629792,175.52748207309693,185.6781843415566,175.56085284684667,185.90248015367933,175.8425963032069,185.81964171111781,175.58213938276691,185.89958035190099,175.79835040156738,185.77839247810238,175.5658713362439,185.77984231874683,175.54375011961997,185.58883593345897,175.56754416604295,186.03847789621454,175.98407258635697,185.86089094413333,175.50117704777946,185.87681067698389,176.00368629247811,186.16762569668307,175.84008532431247,185.78200264186017,175.49950421798044,185.78200264186023,175.84008532431247,186.1205768601109,175.89725361287697,185.86990120931316,175.67397684564409,186.08228695447772,176.10342765288303,186.14235572212201,175.77706386564716,185.91083958248365,175.83757781380973,185.91228942312813,175.52246358369976,185.8222015363655,176.0675459002388,186.27579363940947,175.79583942267297,185.97627933486459,176.19191945616203,186.44948997680609,175.98239975655787,186.07799683765862,176.10426580197839,186.16151523328136,175.67648435614689,185.81313174558179,175.74992415962606,185.95890964088034,175.94066136542105,185.87533030693186,175.04960502391663,185.37432039458889,176.39474436817835,186.55867772863519,174.84008532431238,184.7828812062308,176.50201519687491,186.92511074289106,174.56754069765125,185.45068093423302,179.08716654314338,180.10919834024662,182.0768669873504,180.45373663820243
191.55107039974115,190.51592941712099,190.9250961714005,193.11270862132724,186.71580503001698,196.79547458326459,185.66507576819504,196.66601301422662,185.89787917701528,196.26946274281954,185.54138759475251,196.66601301422662,185.92931914058181,196.32239324475228,185.62968566434009,196.84511190631528,186.24617402242555,196.66201718575721,185.76898271078801,196.37203056780294,185.28500098268748,195.88593085035154,185.44271806162996,196.43398362020528,185.59534589899511,196.39563113297547,186.12933579104975,197.05856745716426,186.00950911560633,196.3793195751544,185.58602477397005,196.48691412213796,185.84852184943676,196.68232457204769,185.93582910611798,196.48518057901981,185.71468443001478,196.77187401809203,186.17999479137961,196.64570562793605,185.70601414136533,196.51451051577996,185.76253227085579,196.44127262755671,185.8170818858701,196.87044601460599,186.23676425511115,196.65699046375696,185.64634487585559,196.45029517802635,185.79761151486559,196.56744101771264,185.88292114038555,196.57646356818231,185.66195374886095,196.35172318151245,185.80733214202513,196.75556246027091,185.95819927890076,196.40465368344513,185.53857643526362,196.47789157166829,185.93937974427192,196.71894351615933,185.92780965384426,196.68232457204772,186.04103772146226,196.57646356818228,185.41158895790835,196.26044019234985,186.07108736998816,196.92337651653872,185.73350396464366,196.22382124823829,185.75858213056719,196.7189435161593,185.83186263792132,196.63668307746639,186.18980406082835,196.85413445678486,185.82714248956037,196.57646356818236,185.90222881943799,196.76285146762234,186.31260458771285,196.97301383958936,185.54045489472804,196.28577430064058,186.58144893676371,197.26370310713099,184.87907802318375,195.4673396495358,186.72521479733129,197.70589487311929,184.62168459286366,196.17903673983355,189.48664528485187,190.56909916438397,192.62923117978346,190.88180809154883
181.2387164486266,180.22730096427333,180.55442379781815,182.6051929613331,176.54960675811247,186.09351706837481,175.62136679500929,186.0707168640501,175.90478308116852,185.69845383731931,175.50368455828229,185.90682979610222,175.66812367554326,185.51870656212469,175.44400875921505,186.06420689851396,176.08381394676184,185.93647994249366,175.58883070196316,185.67201435255112,175.35886261553409,185.55409666597967,175.69024489216707,185.87209052862283,175.41937656369669,185.53422679284077,175.77706386564708,186.12461564268884,175.7115314280874,185.58238549352674,175.47905583115553,185.84861049172608,175.80253074186922,186.06636722162722,175.95526005053674,186.01536824476682,175.86304469003178,186.27184349912113,176.16728726064366,186.01536824476679,175.6510174799248,185.96544872310204,175.87847805585108,185.89853001339094,175.69191772196621,186.10761645464271,176.12638701860223,186.02221818683341,175.54793045992176,185.56714571373732,175.33841422870927,185.60515516844401,175.72779947461035,185.94736866713805,175.55211426861533,185.50278682927421,175.54040446002176,186.01394740031859,175.84092347340788,185.6268745048512,175.29082266747153,185.58016564480965,175.59217636156131,185.8170818858701,175.66728552644778,185.87351137307115,175.87931273655477,185.9093300957461,175.3801491514543,185.66047479153107,176.08548677656083,186.35903158410542,175.69191772196621,185.42355855047055,175.39725534707273,185.78669226081371,175.56837884674661,185.75917344133927,175.81796410768851,185.85543131710733,175.47905236276387,185.73174314366472,175.7140424069818,186.07142734651873,176.29667583757245,186.3467220150126,175.43648275931511,185.45610849864016,176.17648609034271,186.37782058932666,174.87429424715762,184.97644741676626,176.63140724219531,186.82024210407741,174.37680002346448,185.428961597826,179.2123747797703,180.21656727870445,182.05361219720135,180.27452611972996
191.72597087328054,190.67200574790567,191.05106352360966,193.15835011590849,186.66588550835218,196.77916302544347,185.77034390914309,196.92737234500808,186.22778310661678,196.5927751260034,185.81523242260187,196.8215113411427,185.9434185268498,196.3517231815124,185.71036378378818,196.83782289896376,186.08518675625604,196.53082207360103,185.78925208606134,196.73196189509838,185.95131880742656,196.6750355646962,186.12171584091041,196.82151134114267,185.72918331841711,196.29879267957972,185.71261274919087,196.50722150842844,185.58337630643302,196.24586217764696,185.6464335181449,196.57646356818233,185.99068958097752,196.88173085042686,186.15250496810145,196.78089656856162,186.06775753666787,197.03323334887352,186.2620937552762,196.70992096568969,185.8330016187206,196.81751551267328,186.19335469898249,196.71894351615933,185.7660829090097,196.70992096568963,186.23676425511113,196.9233765165387,185.93681991902437,196.47789157166835,185.63338447038709,196.47789157166832,185.9368199190244,196.72796606662899,185.79471171308728,196.32638907322163,185.68108414333497,196.67503556469629,185.93070945562258,196.37203056780291,185.49226707735653,196.32812261633984,185.67531365646386,196.43398362020528,185.73174314366483,196.70992096568958,186.27110402045602,196.94368390282926,185.85617079577239,196.68232457204769,186.38942120916187,197.2579737355434,186.10826729101845,196.58375257553374,185.97815779432895,196.8907534008965,186.02937898874535,196.6293940701151,185.81973035340712,196.33541162369127,185.42815952713457,196.42496106973562,185.93005861924686,196.7881855759131,186.2782648223679,196.74827345291948,185.22246103208482,195.99908086156844,186.28628427464162,197.12851216650543,185.11673374290928,195.86891664294308,186.92779127304695,197.49243932227029,184.24837110713358,196.08948729378915,189.65738229486641,190.72060166283063,192.55560146658968,190.52772911738657
181.04317960577978,180.08095311186665,180.50707648143242,182.46339561524127,176.27371994024489,185.88147129974095,175.54876514062545,186.11190657146159,175.96027853993391,185.69882422276805,175.54291197052453,186.03631757310126,175.77873669544621,185.58158648925786,175.54123914072542,186.00808827115804,175.7165499174846,185.56896606032012,175.54207728982084,185.97630833106086,175.75410449992791,185.78095230335006,175.77539103584812,185.97880863070478,175.60844440808435,185.53857643526354,175.35635510503138,185.44811804256275,175.21152969389152,185.46292791129937,175.48825466085458,185.78851260739637,175.84966205163923,186.07682732745167,175.73950928320386,185.65140500074708,175.56252567664572,186.05800779282285,175.98407258635689,185.89523070947817,175.62805811420552,185.96865938472521,175.94149951451647,185.96865938472519,175.62805811420549,185.89523070947823,175.98407258635694,186.24361419717783,175.98239975655781,186.00305867567414,175.79165908237113,185.96504922096747,175.80253074186916,185.96865938472521,175.76702688685276,185.78851260739631,175.57088982564102,185.78234261839066,175.6263852844065,185.61160560837615,175.36053544533314,185.4951668791349,175.3137820331909,185.49772670438256,175.52580924329789,186.12933579104978,176.35802793483043,186.3101929303582,175.70985859828835,185.847131534396,175.98574541615596,186.32315333582656,176.00117531358367,186.10937727562143,176.1117918018783,186.31309273213643,175.97905409695974,185.90543948106139,175.52497456259414,185.48470677331031,175.31796237349272,185.81097142246844,175.8784780558511,185.95239967534434,175.81378029899506,185.70749309869549,174.98909107575406,185.40689933895501,176.28747700787346,186.40892057636279,175.00953946257894,185.22311340167181,176.75159698942514,186.66212552300067,174.10760452479309,185.34035266839325,179.29752092345129,180.29585508311172,181.98615242763185,180.01749810278716
191.41548763414488,190.42823649574041,190.92344529280928,192.99782506699222,186.43183995238439,196.56344518924325,185.60864628099404,196.71165450880787,185.90148934077314,196.15457918848446,185.43395913069105,196.62210506276355,185.87360001536055,196.20022068306571,185.50127734253647,196.51624405889817,185.65905394708284,196.16360173895416,185.63298496825269,196.57646356818228,185.63514529136609,196.22382124823832,185.76469259396896,196.7189435161593,185.82575217451955,196.31510423740082,185.56069527380509,196.31910006587023,185.55804680626807,196.34443417416099,185.64643351814496,196.47789157166829,186.01601908114239,196.81751551267325,185.73359260693303,196.11796024437291,185.51901742196969,196.80849296220367,186.27400382223445,196.69863612986882,185.73174314366472,196.5145105157799,185.82905147843229,196.62939407011498,185.92780965384426,196.77187401809206,186.15136598730192,196.95097291018064,186.14846618552372,196.86142346413635,186.13328593133807,196.81751551267322,185.89307038636497,196.55112945989157,185.84281088816945,196.58548611865191,185.75090265482416,196.40864951191452,185.66266411084061,196.39736467609367,185.66155424672655,196.3354116236913,185.49408742393931,196.18390912524464,185.56714571373737,196.74427762445004,186.38578192871867,196.89804240824796,185.70206400107702,196.41194269079654,185.96726906968453,196.84511190631528,185.90859061708102,196.6090866838245,186.07907629285427,196.8451119063152,185.88903160378723,196.49420312948942,185.71807237621681,196.42496106973564,185.73239398004054,196.67503556469626,185.97164782879287,196.47789157166832,185.6908047704944,196.34843000263038,185.24597018566723,196.38434629715459,186.75835593578367,197.2546805566613,184.93007700004424,195.66448364256374,186.80805323989273,197.55439237467266,184.44443761731301,196.23196724176623,189.69138208368071,190.62202966631671,192.30950425625574,190.22889219214383
181.11661661816885,180.21389175245159,180.70810558124026,182.64644219434848,176.35552042432766,185.79002209413397,175.33757607961388,185.85947009968504,175.71069674738371,185.45212782894438,175.3000214971706,185.82473083220572,175.6860645518654,185.42429802913543,175.19609979646384,185.52123585796483,175.31210920339186,185.44632822538765,175.65269030972382,186.02980760756515,175.67063118604599,185.71113379186085,175.87680522605194,186.25737360691505,175.87931273655485,185.75562280318516,175.60928255717965,185.85512045726233,175.67063118604599,185.7415524131136,175.47905583115556,185.6894435721392,175.84343098391062,186.13402541000318,175.66645084574418,185.50895681827973,175.56670948533923,186.28850271063669,176.27622745074763,186.01826804654505,175.56503665554018,185.68438344724777,175.50452270737756,185.78820174755126,175.81629127788952,186.09169672179218,175.98239975655778,186.14846618552369,175.96111322063766,186.09419702143592,175.92523146799337,185.96905888685976,175.57963187226417,185.58272547005737,175.46864095473342,185.71295272572152,175.52246358369973,185.53897593739811,175.37764164095159,185.71261274919095,175.75577732972687,185.93721942115869,175.70985859828832,185.65575464316993,175.36053544533314,185.73134364153037,175.89725361287688,186.05439762906508,175.67397684564412,185.82220153636561,175.91603263829435,186.01394740031856,175.46529529513529,185.50929679481035,175.62555060370272,185.93175979413283,175.65185216062849,185.79391270881854,175.79667757176827,185.96575958294707,175.74992069123434,185.89307038636488,175.632241922899,185.52555650419129,175.33590324981483,185.50602648709372,175.10510048268202,185.67494468373684,176.63474943340182,186.47873908785195,174.6443261607285,184.67005264074717,176.36053891372487,186.80432237122687,174.62805464581379,185.75127610669571,179.48157027844169,180.24189677886935,181.70557890741725,179.69075304970417
191.71358169565346,190.78531342405799,191.28681180660874,193.4360210045111,186.82357347060884,196.5910415828852,185.34316076145984,196.50722150842853,185.95282829416402,196.45029517802635,185.67562451630894,196.54384045254011,185.70320298187644,196.17262428942382,185.45317816745438,196.35571900998181,185.56390593542847,196.3517231815124,185.99762816533357,196.97301383958933,186.03992773685908,196.7189435161593,186.28850271063669,197.22135479143176,186.21859555685805,196.65699046375696,185.84900999386056,196.58548611865189,185.74470354913311,196.35571900998181,185.45687697350161,196.2092432335354,185.78234261839071,196.83782289896379,186.01320792165359,196.47789157166835,185.83374109738557,196.89977595136608,186.13038612955992,196.51451051577993,185.61490491228895,196.43398362020525,185.69990367796373,196.47789157166832,185.8703007114477,196.77187401809201,186.11662671982262,196.80849296220362,185.95313915400925,196.5398446240707,185.69339371242756,196.42496106973564,185.66482443395387,196.29879267957969,185.50022700402639,196.24586217764701,185.54508640079976,196.24586217764698,185.50022700402636,196.47789157166832,186.06997738538504,196.99661440476189,186.26928367387342,196.67503556469629,185.52700634483591,196.32638907322169,185.94878951158631,196.94368390282915,186.08623709476618,196.73525507398043,186.18684473344632,196.80120395485216,185.52586736403654,196.10164868655178,185.68984307427363,196.65872400687519,185.79280272421542,196.57646356818222,186.12106500453473,196.85413445678489,185.89588154585391,196.51451051577996,185.66491307624315,196.31510423740079,185.72153437208152,196.45429100649579,185.27022023063651,196.24013280605942,186.62775829467066,197.24339572084054,184.87907802318381,195.46733964953577,186.63296658745543,197.66025337853804,184.76675212618275,196.61549913423423,190.08061530226144,190.95263105685191,192.51208073197137,190.31844163818812
181.13725295420377,180.25843585247623,180.67801690799942,182.89421804336803,176.84092347340788,186.00771929843117,175.25075710613382,185.71326358556652,175.757450159526,185.80733214202507,175.62303962480826,185.73859308573145,175.42606788289294,185.54758670044362,175.62471245460731,185.95708929429762,175.69359055176531,185.74621303587082,175.77371820604895,186.00774829462753,175.6263852844065,185.78706276675177,175.9661317100348,186.34197287045549,176.06336209154529,185.9429899080298,175.60760972738061,185.6463448758555,175.44149778032059,185.55227631939698,175.23532720870614,185.27303139012548,175.35384412613692,185.9382697596688,175.92188580839522,185.784502941504,175.50535738808131,185.67562451630889,175.41770373389755,185.45027836567604,175.38014915145436,185.72267335288089,175.64934465012576,185.78200264186015,175.69024489216713,185.98747891935409,175.9218858083953,185.92129968830815,175.52413641349878,185.46008763512495,175.23030871930899,185.57365567927351,175.6543631395229,185.76682238767458,175.45860397593901,185.51685709885649,175.44066309961684,185.69083388717979,175.54960328972089,185.85759164022051,175.97738126716061,186.30979342822383,176.15519955442252,185.95603895578753,175.3530094454332,185.55995579514016,175.81963693748767,186.25737360691508,175.93648102511921,185.89739103259151,175.90561776187229,186.06775753666778,175.51995260480524,185.52191722374795,175.63224192289903,185.82763063398383,175.37680349185621,185.56646576067615,175.79417006126556,186.05118696744165,175.73699830430948,185.75997244560807,175.51995607319691,185.7686427342575,175.9652935609395,186.13146558475555,175.37931447075061,185.48504816256306,176.24992242543021,186.50406858801696,175.07005341074151,185.18152419212575,176.77288352534538,186.99384979918472,174.62805464581376,185.86740397609185,179.77707080243056,180.70316835765621,182.23573422018208,180.12782636862684
191.61024968790358,190.60262446418739,190.97012884602609,193.35376056581825,187.10753854824139,196.98359602582283,185.63508564527311,196.50722150842844,185.75315162022673,196.3517231815124,185.71613427065947,196.59677095447276,185.69018305080414,196.35172318151237,185.96359925983384,196.97301383958933,185.98170843248292,196.31510423740085,185.58923543559359,196.46158001384725,185.57507652372166,196.32239324475222,185.89168007132423,196.86142346413635,186.11332741590988,196.64570562793611,185.6804333069592,196.32638907322166,185.70311433958716,196.58548611865197,185.70610278365473,196.20022068306574,185.57652636436632,196.7026319583382,186.06926702340547,196.46660673584745,185.5038371677843,196.22052806935625,185.45573799270207,196.20924323353543,185.59898517943847,196.5235330662496,185.91839988652981,196.56015201036121,185.68182362200008,196.48691412213796,185.93721942115857,196.66601301422662,185.71798373392767,196.23683962717737,185.46298743690315,196.48691412213796,186.06380739637956,196.85413445678492,185.95313915400919,196.5145105157799,185.79215188783965,196.65872400687516,185.8749903304012,196.5235330662496,185.82689115531892,196.77187401809201,186.16003627595143,196.65699046375693,185.53857643526351,196.31510423740079,185.94011922293706,196.90706495871763,186.01206894085396,196.62766052699681,186.0530073140244,196.80120395485218,185.7519529933343,196.45029517802638,185.96874802701461,196.5072215084285,185.23499281873333,195.92254979446321,185.57556466814552,196.57646356818233,185.87706201122509,196.52353306624954,185.64032305474319,196.47789157166835,186.20662596429599,197.07158583610331,185.71335222785578,196.22382124823827,186.23997491673464,197.0592701067516,185.0986536869454,196.00410758356861,187.18787669115912,197.82304071280564,184.58009538331763,196.42737769167596,189.99777685969997,191.05849206071738,192.79507753289792,190.63359012125201
181.34505226138202,180.336885569781,180.66859341493469,182.800919494982,176.83841596290506,186.27366384570382,175.56419850644482,185.76722188980912,175.48407432055276,185.47745732910926,175.56754416604289,186.03671707523571,175.6894102114635,185.55270635093896,175.69191772196621,186.1727148177709,175.7132042578865,185.36348978282612,175.27288179114947,185.80230113381901,175.69526338156433,185.7719420381701,175.74825132982693,186.03202745628224,175.88265839615298,185.94301902471526,175.6288962633009,185.73720277069086,175.7524316701288,186.13368543347255,175.8997645917714,185.82510133814378,175.71320425788642,186.07651646760661,175.85886434973003,185.69635303980976,175.39725534707273,185.6529434836811,175.56838231513834,185.69669301634033,175.54542294941902,185.79471171308742,175.77371820604898,185.72597265679372,175.21404067278598,185.35481949417681,175.54375011961992,186.01064809640576,175.87931273655482,185.81313174558167,175.54709577921807,185.8608909441333,175.9381538549184,186.25012416271406,176.02664565819734,185.95168931336471,175.7132042578865,185.88406012118494,175.58297753186221,185.47529700599603,175.23867286830435,185.76938221292235,176.03956804512225,186.11156659493105,175.61179006768248,185.64199523343271,175.66895835624689,186.06380739637945,175.92355863819438,186.07543701241104,175.99783312237719,185.92169919044261,175.38349481105251,185.64529453734559,175.85551869013179,185.83735126114362,175.19191598777039,185.24409172620273,175.38098730054969,185.77043255143255,175.70734761939386,185.75741262036024,175.38433296014782,185.5248170255262,175.79082093327574,186.15750544689993,175.54709577921801,185.45354867339242,175.90059927247509,185.94153853417399,174.56419850644474,184.98329735883311,176.79751572086374,186.89583110243777,174.39808655938472,185.57402913114507,179.50285681436199,180.57362105505339,182.34576706159203,180.40367392019849
191.74693126384798,190.72136029181448,191.19751891869973,193.34473801534858,186.91804152920196,196.9745734753532,185.68349580068946,196.62939407011504,185.8888689118352,196.34270063104276,185.71607474505555,196.81022650532185,185.86097958642256,196.11796024437288,185.57612686223192,196.80120395485221,185.85984060562322,196.11796024437282,185.57726584303128,196.88346439354501,186.16546537356987,196.5398446240707,185.75781212249473,196.73925090244978,186.06306791771453,196.77187401809201,186.01610772343167,196.66601301422659,185.82359185140632,196.61308251229391,185.89636969027757,196.7189435161593,186.15531612759045,196.9070649587176,185.8891202460764,196.3793195751544,185.70641364349996,196.71165450880787,185.98821839801906,196.43398362020523,185.51108661198549,196.42496106973559,185.93937974427186,196.48691412213796,185.31067045938306,195.90623823664208,185.46298743690315,196.71165450880787,186.23164460461584,196.76458501074049,185.76722188980906,196.42496106973562,185.77549267632412,196.7026319583382,185.96254892132356,196.50322567995906,185.69339371242759,196.37203056780297,185.45283819092381,195.96819128904437,185.21265176263597,196.42496106973564,186.23781459362138,197.00563695523158,185.96578869963241,196.47789157166832,185.7889121095308,196.79218140438252,186.15170596383257,196.88675757242703,186.12353618749313,196.51451051577996,185.34501022472799,196.30608168693115,186.08484677972538,196.83782289896376,185.71070376031892,196.30781523004933,185.7799309610362,196.68632040051708,185.92121104601893,196.48691412213796,185.51333557738789,196.26946274281957,185.92593119437996,196.77586984656139,185.51654623901126,196.12298696637313,186.144856021766,196.70836132992582,184.55602403564893,195.4673396495358,186.77152415523852,197.53408498838212,184.43502784999851,196.32151668781049,189.90336832671085,191.00556155878471,192.95154568865306,191.0242880395258
180.96266777792647,180.03217514985371,180.57334538713113,182.66088296986902,176.66561616504049,186.32787348418753,175.7165464490929,186.17413566221924,176.12555233789857,185.85074169815383,175.54541948102738,186.00157830562196,175.71404240698178,185.42315904833606,175.43982495052154,186.1857347488432,175.96195136973296,185.61237561644893,175.58715787216411,186.21717471240981,175.91854014879712,185.50559798876313,175.27873496125039,185.88110079380283,175.91686731899804,186.04390840655512,175.98239975655781,186.0102485942713,175.50535738808128,185.49402789833547,175.44066309961687,185.94983985009654,176.08632145726457,186.15241632581208,175.6902448921671,185.71468443001478,175.75493918063154,186.13393676771381,175.83673966471429,185.5258673640364,175.14850823522619,185.65575464316993,175.92188580839527,185.98531859624077,175.46027680573812,185.32659019223365,175.23365437890709,185.77623215498912,175.90059927247509,185.9089901192155,175.50117704777938,185.49732720224824,175.40310851717365,185.67241385468543,175.4798905118592,185.51975690063483,175.44233592941598,185.63116462167005,175.38014915145436,185.37468936731571,175.23030871930899,185.68108414333491,175.8809855663539,186.09203669832274,175.77539103584806,185.74371273622694,175.60426406778257,185.96905888685973,175.90059927247498,186.0153087191629,175.84008532431253,185.82359185140623,175.41770373389755,185.78456246710783,176.08715960635999,186.23494390852835,175.65101747992475,185.60080552602111,175.64683713962302,186.02295766549838,175.82047161819131,185.76938221292255,175.45776929523535,185.82220153636555,176.13224018870321,186.20745408525036,175.33506856911112,185.37761969850163,176.06754590023883,186.23531288125531,174.83673966471429,185.05277589379165,176.64934811851748,186.7091743595725,174.31628607530189,185.62792790978372,179.54710271600146,180.49118211462621,182.30516224398042,180.55465513672775
191.33534795541502,190.34511740669794,190.85169525624772,193.24616601883463,187.104698272067,197.20833641249274,185.80576312968375,196.85413445678486,186.39567984045678,196.75556246027091,185.64659621009687,196.56015201036124,185.8613790885571,196.44127262755669,185.90273148792056,197.11549378756638,186.27264250338996,196.45758418537781,185.71286408343207,196.83782289896382,185.8981900368604,196.11796024437285,185.44666820191816,196.7116545088079,186.06346741984896,196.58375257553379,185.93070945562252,196.76458501074052,185.79141240917471,196.23683962717737,185.48180697153197,196.48691412213793,185.95273965187482,196.75556246027094,185.99728818880288,196.77187401809203,186.17413566221927,196.85413445678486,185.75056267829348,196.20022068306579,185.53206646972754,196.75556246027091,186.3257131610743,196.90706495871763,185.90321963234447,196.43398362020525,185.59608537766007,196.42496106973562,185.76213276872136,196.33541162369133,185.39350890194444,196.10338222966999,185.51398641376377,196.23857317029555,185.35876963446515,196.13097862331196,185.67497367993334,196.56917456083085,185.78959206259191,196.47060256431683,185.79255138997411,196.57646356818233,185.84457170914831,196.56744101771264,185.74371273622688,196.45758418537784,185.87280101109155,196.75556246027094,185.89273040983434,196.44127262755674,185.7791319567674,196.69534295098677,185.87860049415903,196.62939407011501,186.15500526774525,196.80120395485218,185.55770682973755,196.0487181846191,185.53826557541842,196.58548611865197,185.87095154782347,196.4615800138472,185.66235325099532,196.77187401809203,186.60131880990272,197.17744683996872,185.55813544855727,196.21479869776869,186.43860125216187,197.3166336090637,185.32616016069147,196.09365702961301,187.07069848325276,197.63491927024734,184.52002661567332,196.4730191862572,189.91277809402524,190.67496016824938,192.3530249908741,190.43817967134228
181.01583850622669,180.07463982855555,180.47952557054703,182.82624899514693,177.0683840493341,186.30584328793549,175.23114340001271,185.65831446841761,176.00452444157341,186.00703793264796,175.44317061011964,185.59864520290785,175.62471592299909,185.87971047876212,175.90310678297777,186.26638387209499,175.9389920040137,185.63514529136597,175.48574368196012,186.03961687701397,175.79417006126556,185.56251562038776,175.54375011961994,186.09027587734388,175.81796410768857,185.58127562941274,175.48490900125651,185.98861790015351,175.85551869013182,185.68694327249531,175.3793144707507,185.57695498318614,175.46362246533619,185.79761151486565,175.87847805585116,186.17999479137964,176.08715960635996,185.97525799255078,175.39892817687183,185.57226536423292,175.81796410768857,186.38652140738364,176.23030871930899,186.05911777742605,175.73616362360573,185.89597018814317,175.66895835624689,185.76648241114398,175.58632319146042,185.52339618107806,175.15185389482434,185.31791990358411,175.31378203319096,185.38483861329513,175.11095365278291,185.4217382038878,175.60593689758161,185.83340112085503,175.6084444080843,185.83846124574669,175.85886434972997,185.95603895578748,175.6493446501257,185.77299237668018,175.60426406778257,185.87280101109155,175.98992575645778,186.16546537356979,175.62387777390373,185.37980901781114,175.317127692789,185.83414059952014,175.69024489216716,185.69555403554091,175.69526338156436,185.84676102845799,175.37345783225805,185.31067045938312,175.30085964626599,185.66300408737109,175.56085284684667,185.67167437602049,175.52915490289598,185.98022947515287,176.29165734817525,186.32099301271336,175.46529529513523,185.69663490345854,176.49950421798044,186.63642705010886,175.15268857552797,185.31462213288285,176.81545659718586,186.91101135662336,174.60676810989352,185.85293408388603,179.52414335028226,180.07405957063298,181.48502058830252,179.62704081994968
191.90237560966347,190.82736485085726,191.11988599829857,193.52157462208598,187.36583414917857,197.02750397728593,185.26319300399109,196.1911981325961,185.87834928040692,196.51224823042872,185.45743916758786,196.27345857128896,185.80637044580433,196.64570562793608,185.98739027706478,196.80849296220364,185.89787917701526,196.35901218886383,185.74396407046817,196.94368390282921,186.19881432600846,196.60006413335486,185.92451034993155,196.89075340089644,185.89853001339091,196.21653224088686,185.51324693509869,196.70263195833823,186.13254645267313,196.5927751260034,185.63372444691777,196.28248112175862,185.4944274004699,196.33541162369127,185.75346248007185,196.5398446240707,185.80082217648913,196.42496106973562,185.55739596989235,196.53082207360103,186.22479466254907,197.11149795909697,186.12603648713701,196.57473002506413,185.81930173458724,196.66601301422654,185.83590142049891,196.48691412213799,185.78314162265974,196.47060256431686,185.61450541015446,196.33541162369127,185.63338447038726,196.28248112175865,185.49476737700039,196.39736467609362,185.82945098056666,196.42496106973559,185.52876716581471,196.44127262755677,185.95859878103522,196.77187401809198,186.02832865023512,196.75556246027085,185.92169919044264,196.7189435161593,186.2222348373013,196.95270645329884,185.76938221292249,196.10164868655178,185.44632822538765,196.43398362020523,185.59173573523725,196.16360173895416,185.60805497022224,196.50722150842847,185.68793408540159,196.36074573198204,185.7379422493558,196.55112945989154,185.81344260542693,196.59277512600335,185.86058008428816,196.68961357939915,186.18857643773978,196.82880034849416,185.55813544855738,196.49020730101998,186.68566673920174,197.1285121665054,184.8095994882251,195.60253059016134,186.75995406481067,197.51777343056102,184.50194655970964,196.36715818239176,189.7836302935566,190.56909916438397,192.18976622310163,190.17596169021115
181.82637676774905,180.68851880193796,180.80489797442547,183.00019666678486,177.19526511576015,186.50768028498595,175.56085284684676,185.75997244560801,175.69610153065969,185.60549514497464,175.22779774041464,185.66516441048435,175.86388283912711,186.00629845398299,175.79082093327577,185.98787842148857,175.75661547882225,185.82220153636561,175.83339400511622,186.36440256884217,176.21404067278596,186.09956800617266,175.94233419522013,186.19400553535817,175.75243167012877,185.5537566894491,175.43899026981782,186.02616832712189,176.06838058094243,185.98707941721975,175.60844440808432,185.64344507407733,175.41770373389758,185.54252657555202,175.38014915145433,185.46653807505714,175.2950030077734,185.56745657358246,175.6084444080843,186.02542884845676,176.10593516338577,186.14880616205423,175.6952633815643,185.79397223442237,175.83088649461351,186.03597759657077,175.63307660360266,185.57581600238689,175.48156334165836,185.87425085173618,175.8580262006345,186.02221818683347,175.81629127788949,185.83556144396843,175.62805811420543,185.90248015367936,175.77539103584812,185.70931344527816,175.39976285757547,185.7411529109792,175.81461844809044,186.1231366853587,176.08799428706365,186.17703546399758,175.77706386564711,185.80989196727282,175.76869971665184,186.01064809640579,175.65436313952284,185.65140500074716,175.64767182032671,185.84966083023622,175.444008759215,185.41198846004281,175.39390968747463,185.72597265679366,175.59384919136033,185.83846124574657,175.87345956645396,186.0728771871633,175.88265839615289,186.09459652357049,175.93899200401373,186.0689270468749,175.98407258635692,185.97920813283923,175.33506856911112,185.62468518554147,176.25828657442554,186.05806590570461,174.43731744001875,184.68671185226256,176.38015261984606,186.4725980950426,174.06670428275166,185.29620363359953,179.25494785161078,180.25170604831806,181.93584241827605,179.96147229938757
192.01809679504041,190.9293692502178,191.27461985706745,193.57676740936992,187.36043404775634,197.44036580651408,186.07491833857969,196.81022650532185,185.87112883240209,196.22052806935622,185.45743916758786,196.74827345291948,186.22778310661676,196.53984462407067,185.60324617957187,196.6333898985844,185.97815779432909,196.5927751260034,185.97260952501364,197.0169217910524,186.22809396646178,196.73525507398043,186.04498786175071,196.92737234500808,185.95313915400916,196.44127262755674,185.81097142246855,196.89075340089647,186.19656536060577,196.66601301422659,185.73538242410811,196.41767206238421,185.63477478542788,196.38105311827255,185.65254398154656,196.37203056780297,185.67818434155666,196.61308251229391,186.04177720012723,196.78089656856164,185.99398888489031,196.69360940786859,185.87971047876206,196.73525507398034,186.20887492969854,196.85413445678495,185.71582341081429,196.147290181133,185.44706770405261,196.56015201036118,186.06090759460128,196.81751551267331,186.05769693297773,196.70263195833817,185.86484108442176,196.61308251229394,185.85512045726222,196.52353306624963,185.75451281858204,196.61308251229389,185.9654487231019,196.86142346413629,186.31630339375988,197.01292596258307,185.96760904621524,196.39563113297552,185.57257622407781,196.4615800138472,185.77623215498917,196.63841662058465,186.12171584091044,196.73196189509838,185.61885505257752,196.19293167571428,185.58346494872231,196.41767206238418,185.6021958410619,196.42496106973564,185.9405187250714,196.81751551267325,186.08583759263158,196.84511190631525,186.06676672376165,196.77187401809203,186.1046571272604,196.60579350494245,185.25825063807434,196.13427180219398,186.30800361104863,196.79791077597017,184.59545292208182,195.43245424854237,186.61778633326989,197.27672148607004,184.16263286279377,196.08046474331957,189.69428188545905,190.73691322065173,192.55560146658965,190.52772911738657
180.81542934504733,180.04586808337518,180.7787252556449,182.98649678265153,176.95777102943111,186.46643105197063,175.73783298501311,185.90933009574599,175.52162890299596,185.35408001551176,175.44317061011967,186.20455428347199,176.00117878197531,185.36348978282612,174.98490726706063,185.68577376228831,175.75243167012874,185.66732473359767,175.569216995842,185.92854913250926,175.6681236755432,185.62002456278432,175.60760972738066,185.98861790015357,175.73281796400758,185.74911283764902,175.75745015952603,186.0736166658283,175.79165908237113,185.66812373786652,175.40060100667091,185.54221571570682,175.38014915145436,185.65254398154664,175.65018279922111,185.86419024804607,175.7933319121702,186.06025675822556,175.90143742157042,185.82584081680892,175.50452270737762,185.81714141147404,175.83255932441253,186.11011675428645,176.07339907033963,186.07321716369378,175.54040446002182,185.40257869272827,175.2762274507476,185.72597265679366,175.7115314280874,185.81964171111781,175.71320425788647,185.90248015367928,175.69024489216716,185.7252331781286,175.50452270737762,185.71582341081427,175.66895835624689,185.88656042082877,175.71487708768552,185.97411901175133,176.04291370472035,186.29137339572941,175.9823997565579,185.82254151289612,175.46529529513526,185.61490491228901,175.47989051185931,185.78530194577291,175.81796410768854,185.79866185337576,175.33423042001573,185.42133870175326,175.44735441881318,185.64418455274233,175.37178500245901,185.5197569006348,175.55044143881622,185.86123092066396,175.79249376307482,185.96575958294702,175.75410449992782,185.82575217451952,175.73365264471133,185.66044426212343,174.96278605043665,185.38807980432611,176.27120896135042,186.22911377556443,174.65185216062847,184.86605962532292,176.52664739239324,186.7062745577945,174.41602743570684,185.70101660850025,179.54710271600152,180.38986411396661,182.10392220655714,180.33055192312952
190.94472503754969,190.18101639975771,191.02058034972433,193.36104957316968,186.95278079668134,196.88502402930885,185.4461800574945,196.3354116236913,185.61721340329541,196.21653224088678,185.79456354519417,196.95270645329884,185.9203088754019,195.8769082998819,185.12756435467196,196.56917456083085,185.96800854834962,196.32239324475228,185.68324446644823,196.66601301422662,185.69521405901028,196.08134130026127,185.47455752733089,196.57646356818231,185.88582094216375,196.54713363142213,185.93326928087032,196.57646356818228,185.51935739850032,196.05774073508871,185.34870903077515,196.15631273160264,185.49402789833542,196.37203056780294,185.74445221489194,196.50322567995909,185.91149041885933,196.80849296220362,185.97377903522067,196.34270063104276,185.44666820191824,196.3810531182726,185.74840235518033,196.59277512600337,186.11011675428657,196.88173085042686,185.84858137504065,196.26217373546808,185.51037625000578,196.43398362020531,185.71218413037101,196.32638907322169,185.57911530629943,196.36074573198204,185.66226460870618,196.42496106973562,185.69595353767525,196.44127262755669,185.79141240917463,196.62939407011501,185.87320051322604,196.58375257553374,185.93647994249366,196.79218140438249,186.00413813086971,196.69134712251733,186.01354789818402,196.59677095447282,185.48501763315551,196.12698279484258,185.63193462974252,196.46158001384723,185.53237732957263,196.17262428942374,185.62400381975812,196.5235330662496,185.80113303633419,196.53082207360103,185.79656117635545,196.49420312948948,185.81054280364859,196.61308251229386,185.72492231828363,196.31510423740079,185.75377333991699,196.49090995060737,185.32081970536254,196.37532374668493,186.72691597221711,197.22708416301941,184.92751717479658,195.73772153078693,186.88404174038752,197.64394182071698,184.66327380240975,196.6082101268828,190.01153626943716,190.80112855840525,192.62923117978349,190.88180809154889
180.8596871688527,179.95101652851417,180.47252510117059,182.60445348266799,176.60844787647599,186.0247780120811,175.23114340001277,185.61530441442343,175.64934811851739,185.78095230335009,175.88014741725854,186.24830381613128,175.71236957718273,185.31539060774409,175.35718978573505,186.14778481974045,175.94233766361182,185.70718365157236,175.77204537624993,186.28014328183235,175.85969903043366,185.54974702355688,175.42104939349571,185.92524982859655,175.85802620063461,185.97772917550915,175.87513239625292,185.74800285304585,175.19526164736851,185.29219090128484,175.29416832706968,185.57726584303134,175.56587133624384,185.77043255143249,175.5224635836997,185.60725596595336,175.69609806226802,186.19400553535809,175.99866780308085,185.686854630206,175.31796237349272,185.47017735550051,175.17314043074455,185.47165772555263,175.83255932441256,186.25447380513685,175.90059927247503,185.67963430269049,175.46529529513529,185.7733323532108,175.6459989905276,185.65615414530447,175.35970076462942,185.43114797120222,175.37847632165526,185.81748138800458,175.81629127788946,185.86379074591164,175.69191772196621,185.96254892132359,175.81461844809041,185.83556144396834,175.62973094400459,185.74149288750976,175.44233592941595,185.73390346677803,175.98072692675879,186.06815703880227,175.38014915145425,185.3316503171252,175.56670948533926,186.01138757507081,175.64934465012573,185.55054602782579,175.50201519687488,185.96544872310196,176.02748033890106,186.2624337318066,175.98156507585418,185.83812126921606,175.62805811420546,185.84645016861273,175.4235603723902,185.37619885405326,175.5420772898209,185.96763804241144,175.52580924329786,185.8294219843703,176.54709577921813,186.44004968008417,174.83673966471432,185.10053509234314,176.70818923688097,186.77825339239683,174.44651280132604,185.74510611769009,179.52247052048313,180.27629606981799,182.02655697799457,180.39771083480289
191.9008713468198,190.70191368853446,190.89161595754183,193.11270862132724,186.91477134197478,197.02021496993444,185.7261948743494,196.64970145640555,185.98435690002009,196.59277512600343,185.96641041932264,196.96399128911972,186.02230682912273,196.4046536834451,185.84346172454519,197.02594434152206,186.12933579104975,196.57473002506404,186.09274706030226,197.2140657840803,186.24179385059514,196.62939407011498,185.97630833106092,197.01692179105243,186.22439516041462,196.71894351615933,185.8272906574534,196.47060256431686,185.66260458523666,196.56015201036121,185.93761892329312,196.66601301422665,185.9943288614208,196.71165450880787,185.70030318009816,196.32638907322163,185.86774088620001,196.93639489547778,186.08697657343126,196.48691412213793,185.71656288947926,196.36474156045148,185.25711165727498,196.10164868655178,185.95859878103511,197.00563695523155,186.06050809246679,196.53082207360103,185.81393074985056,196.75556246027088,186.13609709082723,196.81751551267325,185.79801101699999,196.23683962717735,185.5674565735826,196.69534295098677,185.99802766746794,196.39736467609362,185.60293531972687,196.63338989858443,185.97846865417412,196.5927751260034,185.88005045529266,196.47060256431689,185.33310015776968,196.10164868655178,185.88261028054038,196.81022650532179,185.69444405093779,196.32638907322166,186.05809643511222,196.99834794788009,185.88070129166849,196.32638907322169,185.68734277462977,196.7026319583382,186.14294703289389,197.00563695523149,186.15290447023585,196.51451051577993,185.68463478148888,196.56917456083085,185.59543454128448,196.15457918848452,185.83226214005555,196.88346439354504,185.72597265679374,196.39163530450608,186.45091082125433,197.02994016999142,184.88518848658555,195.71741414449642,186.78818336675383,197.38258248993546,184.32396010549397,196.32151668781052,189.82993965146363,190.63834122413778,192.35302499087405,190.43817967134223
181.37726567926759,180.21621297855134,180.3283107884163,182.51695441734952,176.77790201474247,186.43169178449125,175.85551522174015,186.09524735994611,175.8409234734078,185.7085739666131,175.54123914072554,186.01715806194193,175.88015088565018,185.81239226691667,175.75326635083249,186.19400553535812,175.94149951451641,185.86916173064833,175.83673966471434,186.146645838941,175.73449079380666,185.74587305934014,175.87513239625295,186.36770187275476,176.1305673589041,185.79721201273122,175.2762274507476,185.55739596989238,175.73114513420856,186.21578439736911,176.10677331248112,186.0779373120549,175.90227210227414,186.01644769996236,175.56670948533926,185.59179526084125,175.64516430982391,185.85296013414887,175.40478134697275,185.47094736357306,175.64850996942204,185.87249003075726,175.3964171979774,185.5595562930057,175.84092347340783,186.13362590786878,175.7336526447113,185.8258117001233,175.83172464370884,186.1766954874669,176.17564794124732,186.37020217239865,175.91770546809349,185.65757498975262,175.52497109420247,185.93249927279766,175.54542294941905,185.18368298202782,175.06670775114338,185.71110326245329,175.71153142808737,185.74621303587077,175.7557773297269,185.84065056505625,175.24992242543019,185.2973105517803,175.57005514493738,185.97013834205532,175.58548504236506,185.68290448991758,175.8980917619723,186.11190657146159,175.61095191858709,185.64850519896876,175.6681236755432,185.86484108442164,175.65017933082945,185.84892135157122,175.64850996942204,185.53817693312919,175.38098383215808,185.80261199366419,175.60426406778251,185.68250498778329,175.94400702501923,186.23633422356923,175.46194963553711,185.42497939491881,176.06420024064064,186.27977277589426,174.94066136542105,185.09686540298171,176.55127958791164,186.54784711687262,174.22528676152012,185.64134734299034,179.57006208172083,180.29835538275569,181.76362585428836,179.78398512187448
191.43161301306807,190.41735742060706,190.84876769437514,193.16563912325995,186.91187154019642,197.07314547186718,185.94108091915774,196.90706495871754,186.10335545450917,196.44856163490815,185.64881605881396,196.75556246027091,186.0244671522361,196.3680347393335,185.57396653911863,196.68632040051716,186.03492725806055,196.57246773971292,185.86990120931327,196.65699046375698,185.64421508214986,196.17089074630556,185.63588477003103,196.7808965685617,186.12313668535873,196.38834212562401,185.24449122833707,196.09435967920035,185.70641364349993,196.72796606662897,186.0251179886117,196.62037151964526,185.86740090966944,196.5235330662496,185.55773594642304,196.26217373546805,185.70897346874747,196.28248112175859,185.14243374901235,195.92254979446318,185.66812373786644,196.71165450880784,185.9342600937766,196.68232457204772,186.12683549140587,196.75556246027094,185.730944139396,196.53082207360106,185.95899828316956,196.82480452002471,186.23991539113075,197.03323334887352,185.99768769093731,196.4046536834451,185.77583265285469,196.71165450880784,185.64205475903657,195.91352724399354,185.30416049384698,196.49593667260763,185.81023194380342,196.43225007708705,185.90503997892711,196.7645850107406,185.81708188587012,196.44127262755669,185.85478048073165,196.61308251229391,185.6806846412004,196.45758418537784,185.93582910611798,196.60405996182419,185.64304557194282,196.55615618189179,186.13263509496247,196.71894351615933,185.64230609327782,196.34270063104282,185.68589293398523,196.4046536834451,185.71863457030318,196.6497014564055,185.89966899419042,196.69863612986879,186.38282260133641,197.06256328563364,185.48831693706822,196.03569980568008,186.19551502209563,197.13753471697507,185.25634164920234,196.08463447914335,187.09167834099472,197.59830032613567,184.41620831536974,196.36715818239182,189.86936853789649,190.72060166283066,192.43586343343557,190.47479861545386
180.98026988465952,180.15747666830254,180.78517232998919,182.81643972569802,176.5854885107567,186.05226783535932,175.52497109420253,186.13368543347261,176.12722516769762,185.95134933683403,175.75493918063157,186.20961440836348,175.9423376636118,185.50929679481027,175.14850823522619,185.69163289144873,175.71236957718278,185.75892210709785,175.73449079380669,186.10545613152934,175.85384586033277,185.62647500271669,175.34259456901106,185.76031242213861,175.77204537624996,185.66266411084055,175.23198154910804,185.39350890194453,175.42104939349576,185.70024365449424,175.59050353176221,185.72233337635035,175.58130470206322,185.59318557588179,175.2983486673715,185.58266594445345,175.67230401584504,185.64418455274233,175.14683540542711,185.33961012330593,175.54375011961994,186.00663843051353,175.96863922053754,186.13254645267313,175.95526005053674,185.90865014268488,175.58883070196319,185.86413072244216,175.77706386564714,185.92996997695758,175.89725361287691,186.05189732942131,175.58632319146037,185.56245609478401,175.67397684564409,186.13112560822489,175.81294561829134,185.67028406097987,175.60928255717971,185.95677843445247,175.69191772196623,185.78456246710783,175.81294561829134,186.15821592936868,176.00953946257897,186.09780718519372,175.85217303053369,185.84207140950454,175.59050353176218,185.93360925740092,175.89976459177137,185.83596094610286,175.47989051185922,185.94267904818483,176.17397857983997,186.18684473344638,175.64767182032668,185.75602230531956,175.77622918494347,186.05084699091108,175.89725361287685,186.00018799058117,175.69442870086064,185.95424913861228,176.21069501318783,186.28054278396669,175.35635510503135,185.33637046548603,175.98574541615602,186.2790624139146,175.06670775114338,185.49843859957326,177.18606628606119,187.08174836663778,174.44651280132607,185.50779037449519,179.2107019499712,180.12181876918459,182.00527044207436,180.3883010674885
191.91959979893491,190.95338968583582,191.51042366025504,193.44331001186245,186.67205549735763,196.59104158288523,185.40243052483518,196.75556246027094,186.36310089609066,196.82480452002474,186.02030919796147,196.98932539741051,186.05414629482374,196.20022068306574,185.3207310630732,196.47060256431683,185.80017134011337,196.34270063104273,185.80477231677744,197.07887484345477,186.47225965172345,196.67503556469623,185.50852678673763,196.35571900998181,185.785301945773,196.52353306624954,185.73208312019531,196.43398362020528,185.67497367993329,196.37203056780291,185.65575464316993,196.5398446240707,185.89853001339094,196.51451051577996,185.66226460870607,196.52353306624957,185.94736866713814,196.60579350494245,185.6922837278245,196.41767206238418,185.77012169158743,196.61308251229389,185.94983985009651,196.7189435161593,185.91734954801967,196.62037151964535,185.97516935026144,196.81751551267328,185.95893875756582,196.47789157166832,185.70351384172156,196.43398362020525,185.51904653865529,196.28977012911008,185.8739108752055,196.94368390282918,186.25336394102291,196.81751551267322,185.95748879643193,196.64970145640555,185.84531118781342,196.71894351615933,186.11412642017871,196.8980424082479,186.15821592936868,196.87044601460602,185.9878784214886,196.49819895795883,185.62826481989183,196.63841662058465,186.17743496613193,196.73925090244981,185.64344507407731,196.54713363142213,186.26789335883265,197.12278279491781,186.08003798907524,196.68232457204769,186.07330580598313,196.94368390282921,186.14621722012123,196.66601301422662,185.60123414484099,196.30608168693118,185.92087106948833,196.73196189509835,185.45070698449598,196.15960591048471,186.2935337188427,197.02994016999148,185.04256558899723,196.03899298456201,187.26602551476716,197.81175587698476,184.50484636148792,196.23196724176623,189.63097333950586,190.61300711584701,192.50287200260365,190.63590166823883
181.71805651627358,180.64422682604155,180.95593005717708,182.71228144886393,176.37847979004692,185.83772176708169,175.29583768847709,186.00083882695697,176.17063292024184,185.97081970783859,175.62889279490918,185.95708929429767,175.68941021146347,185.49658772358316,175.4218840741994,185.98275877099309,175.79500474196922,185.56927692016527,175.48072519256291,186.1715758369715,176.19609979646384,185.80082217648899,175.18606281766947,185.44126810049607,175.52580924329783,185.85472095512776,175.81879878839223,185.92129968830818,175.62722343350183,185.63048466860894,175.47989051185922,185.92419949008655,175.98909107575412,186.05985725609105,175.77037254645091,185.842470911639,175.60760972738063,185.71872321259247,175.58883070196325,185.75380245660239,175.52748207309688,185.62107490129446,175.55834533634396,185.82689115531898,175.65770879912102,185.89162054572046,175.97905409695971,186.16222559526088,175.75410449992785,185.54798620257799,175.23198154910807,185.44740768058315,175.38349481105249,185.73825310920083,175.80792712889416,186.08839741787938,176.03249882829826,186.07932762709552,175.64432616072855,185.66152513004118,175.63140377380358,186.08262693100835,176.00368629247811,186.02187821030287,175.81294561829131,185.95603895578756,175.69526338156436,185.58957541212396,175.20902218338881,185.59534589899505,175.90059927247501,186.07716730398218,175.54625763012271,185.69191475509749,176.02329999859927,186.43783124408907,175.98156160746242,185.84383223048332,175.7557773297269,186.0764278253173,175.89808829358063,185.83951158425683,175.37931447075067,185.38335965596519,175.45943865664273,185.73677273914885,175.21738633238408,185.48538813909369,176.26953613155135,186.44076004206383,175.06670775114333,185.24193293630071,176.73700177270118,186.71858412688709,174.24991895703849,185.58383840059378,179.60761666416411,180.55159085880115,182.04804378116373,179.87592665357226
191.81849972963738,190.71105922054971,191.04370290091902,193.15661657279037,186.74403433196014,196.84111607784584,185.67627535268466,196.80120395485216,186.22093316454999,196.49420312948942,185.47841902533003,196.4615800138472,185.77814114386109,196.35172318151243,185.78339295690094,196.93639489547775,186.17132450273019,196.44127262755677,185.59278607374742,196.66601301422659,185.9701688714629,196.30608168693115,185.36743992311455,196.33541162369133,185.78820174755128,196.59277512600335,185.97806915203958,196.75556246027094,185.87971047876223,196.38834212562404,185.58016564480951,196.61308251229389,186.13979589687438,196.87044601460593,186.00629845398285,196.58375257553377,185.71113379186087,196.4322500770871,185.72739350124195,196.46660673584742,185.66121427019596,196.32638907322169,185.63008516647449,196.48691412213802,185.80446145693233,196.62939407011498,186.04464788522009,196.80849296220362,185.93286977873581,196.38834212562404,185.43475813495996,196.28248112175859,185.78564192230354,196.72796606662894,186.03813791968389,196.76285146762243,186.08444727759107,196.68232457204769,185.60765546808778,196.28977012911002,185.78530194577294,196.7808965685617,186.06596771949276,196.62037151964532,185.73430296891246,196.44127262755674,185.75306297793747,196.34443417416094,185.26692092672366,196.10164868655178,185.94878951158637,196.84684544943343,185.6188550525774,196.26946274281954,186.18940455869392,197.25797373554337,186.03153931185864,196.26946274281954,185.59222387966093,196.61308251229394,185.94324124227114,196.66601301422656,185.80421012269093,196.40465368344513,185.87706201122518,196.67903139316567,185.37477800960497,196.04472235614963,186.26564439343014,197.21077260519829,185.259640953115,195.86891664294311,186.78488406284114,197.34093682382363,184.11237336459831,196.0894872937892,189.88562824727759,191.00729510190286,192.52128946133905,190.00098160813749
180.77315595996208,179.936869440842,180.50628230994005,182.75677046018828,176.79751572086369,186.2135950780594,175.50201172848318,185.89636969027765,175.83841596290503,185.6362842721654,175.31461671389457,185.76071192427295,175.73532894290204,185.69595353767534,175.58548504236504,186.06420689851387,175.94233766361182,185.73359260693294,175.46362246533621,185.85262015761822,175.72863762370582,185.72128303784029,175.63307660360269,185.99111819979746,175.79500474196925,185.81930173458724,175.77204537624996,186.1209763622455,175.90059927247501,185.73714324508688,175.40310851717365,185.70351384172147,175.7261266448113,185.9939888848902,175.88433122595197,186.05945775395662,175.93982668471736,186.08879692001392,175.8359049840106,185.91154994446327,175.73114513420856,185.85472095512782,175.61346289748153,185.69990367796376,175.54040446002182,185.77299237668021,175.71320425788645,185.9997884884468,175.94317234431551,185.91188992099381,175.48156334165833,185.68074416680446,175.77204537624993,186.08552673278669,175.88600405575107,186.03418777939561,175.97487375665787,185.98176795808686,175.50954119677485,185.63918407394377,175.66645084574415,185.95313915400911,175.81879878839223,185.87064068797827,175.54542294941902,185.62357520093835,175.62805811420552,185.79940133204079,175.317127692789,185.43586811956331,175.81629127788949,186.04396651943691,175.23198154910807,185.28611096729088,175.96362419953203,186.52109830547064,175.79583942267294,185.3186899116568,175.23198501749977,185.73578192624257,175.71236610879103,186.00018799058117,175.87931620494649,185.92891963844741,175.98490726706058,186.16080475081259,175.31127452268817,185.14030395530659,175.77957137614993,186.1915038229921,174.89892644267599,184.95762788213753,176.56420197483649,186.66937496720175,174.08631798887285,185.09322765574959,179.05044664140371,180.20499718827671,181.78126825079687,179.49700446202905
191.12336171238505,190.40290238744967,191.22477994393691,193.5948125103092,187.10503824859762,196.83209352737617,185.35868099217583,196.42496106973564,185.90728894432965,196.44127262755674,185.67232521239626,196.71165450880778,186.0223068291227,196.40465368344516,185.56671709491758,196.60405996182422,185.91990937326739,196.36803473933347,185.58627610821136,196.59677095447282,185.91228942312816,196.62939407011498,186.12131633877601,196.98932539741045,185.95313915400925,196.3793195751544,185.73464294544308,196.85413445678483,186.19005539506975,196.68232457204769,185.77879198023686,196.42496106973562,185.57942616614463,196.42496106973567,185.87104019011275,196.85413445678486,186.33040278002773,196.93639489547772,185.80881109935518,196.40864951191455,185.8815002959372,196.89977595136611,186.08262693100832,196.42496106973564,185.46008763512492,196.28248112175859,185.66806421226269,196.66601301422662,186.17163536257533,196.81751551267331,185.85472095512782,196.62037151964532,186.03779794315335,196.86142346413635,186.05945775395676,196.82480452002468,186.13945592034364,196.70263195833823,185.69083388718002,196.39736467609367,185.72563268026298,196.55112945989148,185.91800038439558,196.67503556469632,185.78604142443788,196.530822073601,186.08839741787943,196.92737234500808,185.81748138800464,196.36803473933352,185.96544872310187,196.69534295098677,185.32329088832091,196.07231874979161,186.16663488377674,197.19375839778985,185.84522254552414,196.06502974244015,185.47214586997626,196.47060256431686,185.74100474308614,196.57646356818231,185.89611835603634,196.58375257553371,186.09805851943514,196.88346439354501,185.46017627741423,195.90953141552413,186.03048897334847,196.89648277248412,184.75538984974125,195.41440914760307,186.7291649376198,197.66198692165622,184.45458686329241,195.90136585123093,189.27391956315685,190.41759666593728,192.18314507907596,189.98298576883383
181.02673020559664,180.27223717913634,180.95680871548379,183.05085566711472,176.7941700612655,185.97337953308636,175.17062945185015,185.73859308573151,175.87847805585116,185.85108167468451,175.65017933082942,186.02616832712192,175.85719151993092,185.70857396661316,175.52497109420241,185.97590882892641,175.83590498401068,185.68034466466995,175.48239802236191,185.83044179347303,175.63140377380364,185.75883346480853,175.89725361287691,186.17558550286373,175.6902448921671,185.49948752536136,175.44400875921508,185.98821839801909,175.9611132206376,186.0472077104678,175.89641893217322,185.83920072441174,175.36388110493132,185.45647747136715,175.4151962233949,185.77299237668021,175.83841249451342,185.77367232974134,175.13056735890416,185.13302398169787,175.3997628575755,186.10940627181773,176.02162716880022,185.65831446841773,175.21404067278593,185.44740768058327,175.40143568737463,185.74766287651534,175.81127278849223,186.02221818683336,175.86304469003178,186.11952652160079,176.06420024064062,186.19622538407518,175.93815385491828,186.07247768502882,175.88265839615292,185.84852184943674,175.48072519256289,185.59278607374745,175.46362246533619,185.69049391064939,175.66895835624689,185.83340112085511,175.54542294941902,185.88187080187544,176.21236784298691,186.4754703133467,175.87763990675575,185.70132452241191,175.71320425788645,185.982758770993,175.50368455828223,185.74257375542729,176.1476735545225,186.3209930127133,175.60927908878799,185.53743745446405,175.62722343350183,185.84636152632345,175.506192068785,185.63693510854122,175.52162890299601,185.69626439752042,175.81628780949782,186.04316751516797,175.3613735944285,185.42787919669706,176.18773564746854,186.34709098773962,174.71153142808734,184.68196270770534,176.40227383646996,186.82058208060795,174.46361899694449,185.40659142504308,179.18523507374925,180.21085631743699,181.8332981229386,179.7472116535906
192.35104468758703,191.13222637241438,191.28897212972194,193.29180751341582,186.80731376122785,196.8320935273762,185.6564054795457,196.85413445678483,186.36054107084294,196.82480452002471,185.93062081333326,196.79218140438263,185.91774905015413,196.44127262755666,185.84636152632345,196.93639489547775,186.10835593330768,196.47789157166835,185.7385930857314,196.65872400687516,185.74405271275751,196.25315118499844,185.65831446841773,196.6130825122938,185.78490244363843,196.45758418537784,185.9238595135559,196.80849296220362,185.96140994052405,196.67330202157808,186.05084699091114,196.72796606662899,185.77293285107638,196.38834212562398,185.59469506261937,196.30608168693121,185.65066552208225,196.4046536834451,185.47711735257852,196.02841079832857,185.48066799073274,196.57646356818233,185.87971047876204,196.35172318151237,185.58957541212405,196.52353306624963,185.83556144396843,196.49420312948939,185.77154253603561,196.60405996182422,185.89958035190116,196.79720812638277,186.26533353358482,197.07714130033659,186.22766534764196,196.82480452002477,185.97124832665835,196.68232457204769,185.90535083877222,196.60405996182428,185.76577204916453,196.41367623391477,185.68759410887102,196.40864951191449,185.54147623704185,196.49420312948942,186.25012416271397,197.0951864012759,185.97155918650361,196.43225007708702,185.83596094610269,196.83782289896379,186.05183780381751,196.78089656856167,186.16842470095185,196.72293934462868,185.61555574866475,196.48691412213796,186.09573550436983,196.80120395485221,185.80147301286476,196.42496106973564,185.64899334339256,196.49420312948942,186.05035884648734,196.83782289896382,185.65294348368101,196.46487319272924,186.59736866961413,197.17415366108668,184.93732644424537,195.611553140631,186.68106576253754,197.34995937429329,184.17278210877316,196.0894872937892,189.82521950310269,190.99827255143319,192.71465720768697,190.40799108423249
182.36826214841508,180.92104792055628,180.65928186018499,182.47570518433398,176.52497456259414,186.21359507805946,175.7745528867527,186.27835346465716,176.25410623412367,186.16333557986405,175.89892644267596,186.09894616599323,175.69108304126252,185.59429556048499,175.60844440808438,186.07105684058067,175.77539103584809,185.61311509511381,175.56670948533929,185.92894863464366,175.60593689758161,185.45903729661481,175.33841422870924,185.72887245857203,175.6723040158451,186.02477801208113,176.16728726064369,186.26604389556465,175.81712595859315,185.87280101109158,175.77706386564719,185.98457911757575,175.81210746919589,186.00339865220462,175.81963693748764,185.84136104752494,175.67063118604588,186.0920962239266,176.06336555993701,186.00925778136508,175.69191772196615,185.80446145693239,175.50619553717672,185.62647500271663,175.69024489216713,186.16222559526091,176.04291370472041,185.95168931336465,175.69693621136344,185.83340112085514,175.5174450943025,185.76864273425755,175.96780453983391,186.38902170702758,176.16812194134738,186.03418777939564,175.69275587106159,186.0280773159939,176.10510048268208,186.26283323394105,175.83925064360878,185.67062403751041,175.44066309961693,185.67241385468543,175.44233592941598,185.63298496825283,175.75243167012877,186.02295766549852,175.71487708768549,185.73720277069091,175.66645084574415,185.99728818880314,175.90227210227411,185.92419949008655,175.56670948533926,185.46298743690332,175.21069501318786,185.71261274919084,175.92272395749066,186.05084699091117,175.75075884032969,185.8135312477161,175.61095538697882,185.91083958248359,176.00368629247805,186.12137586437996,175.60426406778257,185.89995085783909,176.40310851717365,186.2023344347549,174.7336526447113,185.09146530155951,176.64767528871837,186.43171924747628,173.83339053672447,185.27047463130029,179.51205564406089,180.68138949564542,182.35759679721099,180.18169603058013
192.1945015314233,190.94224840519234,191.0211278228866,193.14932756543888,186.8423930052378,196.94697708171125,185.81739274571515,196.84511190631528,186.1507151509264,196.68961357939915,185.9906895809774,196.85413445678486,185.84176054965948,196.21653224088681,185.57001639883015,196.61308251229394,185.78095230335015,196.37532374668498,185.89779053472594,196.8451119063152,185.88582094216383,196.31510423740082,185.59287471603673,196.56015201036126,185.91510058261716,196.80849296220362,186.24691350109063,196.90706495871757,185.98201929232812,196.7189435161593,185.97741831566407,196.65699046375696,185.90569081530273,196.90706495871757,186.32324197811602,196.99661440476186,186.20051550089423,197.10647123709674,186.38726088604864,196.96901801111991,186.10249680414719,196.82880034849416,185.92095971177758,196.58375257553377,185.98096895381801,196.94368390282915,186.1463058624104,196.77187401809203,186.11736619848762,196.76458501074057,185.60475566630956,196.28074757864044,185.92385951355584,197.02194851305259,186.22439516041467,196.62037151964537,185.66812373786655,196.62037151964535,186.22439516041464,197.11149795909694,186.1264359892715,196.46886902119869,185.67167437602049,196.62210506276355,185.82038118978295,196.29879267957969,185.52916666794906,196.51451051577996,185.93937974427212,196.69863612986885,185.97411901175116,196.62037151964532,185.73390346677812,196.36803473933355,185.58778559494883,196.23683962717735,185.40868915613007,196.27848529328921,185.80267163975716,196.70992096568963,186.01567910461185,196.5235330662496,185.50170596135649,196.36074573198206,186.01641858327685,196.81248879067297,185.69339371242771,196.49020730102004,186.36591205557968,196.69933877945616,184.65512218759164,195.85260508512201,187.07575860814427,197.41920143404704,184.11922330666502,196.12610623790079,189.77712032802057,190.77353216476334,192.55560146658968,190.52772911738657
180.83386318395054,180.03817722011678,180.62681451458656,182.82078936812093,176.71404240698178,186.07719783338993,175.50201172848321,185.96649906161204,175.83757781380973,185.79357273228794,175.75326635083249,186.10249680414719,175.73449079380669,185.54073675837688,175.460276805738,185.92564933073098,175.75410449992788,185.97337953308622,176.21069501318775,186.5004003113774,175.98490726706061,185.74291373195791,175.52413641349875,185.87135104995787,175.79249376307476,185.95273965187468,175.75745015952597,185.77839247810223,175.60677157828528,185.99438838702463,175.9389920040137,185.89853001339094,175.63140377380367,186.04103772146232,176.08548677656088,186.22115538210571,176.02246184950391,186.12668732351275,175.77789854635077,185.83476243969952,175.79583942267297,186.21899505899242,176.08214111696273,186.09095724312718,175.92355863819432,186.05729743084333,175.67063118604602,185.85074169815391,176.00034063287987,186.16546537356976,175.61346289748158,185.57547602585606,175.64349148002481,186.03597759657058,175.82047161819128,185.76608290900958,175.49950421798042,185.77219337241141,175.88349307685658,186.27249433549682,176.02162716880019,185.85074169815391,175.64934465012573,186.00413813086968,175.77539103584809,185.53206646972745,175.1910813070667,185.72233337635024,175.98072692675879,186.26854419520819,176.09133994666178,185.98747891935395,175.52079075390063,185.67423420126806,175.73449079380669,185.99472836355523,175.66895835624686,185.68324446644817,175.67230401584504,186.13649659296152,176.0846486274655,185.70385381825218,174.90227210227408,185.14604391277021,175.62471245460739,186.04967748070402,175.55127611951986,185.6058656509127,175.99950595217624,185.83343011705139,174.52329826440339,185.25569234603785,177.07005687913323,186.88497149447878,174.35885914714243,185.58167807748046,179.26870838763114,179.95077089932485,181.68216782762224,180.11032819193696
191.12336171238508,190.45583288938238,191.34451797709096,193.5948125103092,186.89305200556777,196.73352153086219,185.59599673537068,196.80120395485218,186.1167153621121,196.44127262755674,185.64739521436559,196.74827345291945,186.03782705983892,196.53082207360106,185.83661178247843,196.78489239703106,185.9314489342876,196.77187401809198,186.51671954636222,197.4460951781017,186.25046413924457,196.38834212562398,185.48615661395485,196.5072215084285,185.90208065154496,196.5927751260034,185.77194203817007,196.27345857128896,185.39961936534627,196.39736467609364,185.92459899222081,196.57646356818228,185.71252410690155,196.47789157166838,185.76543207263396,196.54713363142213,185.96140994052413,196.73525507398045,185.75818262843288,196.29705913646151,185.71508393214927,196.76458501074055,186.00703793264793,196.5927751260034,185.9437293866948,196.7026319583382,185.70206400107693,196.39563113297547,185.93036947909206,196.80120395485216,185.87459082826666,196.45029517802638,185.75386198220636,196.49819895795889,185.67778483942217,196.53984462407067,185.96874802701458,196.7189435161593,185.99068958097752,196.84511190631525,186.06966652553993,196.5398446240707,185.66911455077278,196.5072215084285,185.71912271472701,196.29879267957969,185.63042514300503,196.73925090244978,186.19045489720418,196.87044601460599,186.14013587340483,196.83782289896379,185.83991108639131,196.65699046375693,186.31994267420322,197.2303773419014,186.14374603716277,196.55112945989157,185.86887986699944,196.95270645329884,186.30723360297614,196.47060256431692,184.99816521996215,195.80766624012807,185.80082217648896,196.85586799990307,185.63116462167008,196.17089074630564,186.11017627989031,196.65543082799303,184.65546216412227,195.83629352730085,187.13076725089701,197.66025337853807,184.54569609236893,196.36715818239179,189.55538434114553,190.13992577733472,191.9410814274257,190.38756071639639
180.96602298160809,180.29066743301578,181.10714483930781,183.07908496905787,176.60677504667694,185.95060985816903,175.48239802236199,186.11520587537433,175.98491073545225,185.50929679481024,175.10593516338571,185.76722188980921,175.94233766361182,185.96470924443688,175.79416659287389,185.93465959591109,175.50619553717672,185.64455505868051,175.93982668471742,186.35903158410545,175.83757781380976,185.34796955211016,175.06420024064064,185.60913442541789,175.67564967544317,185.81353124771624,175.68606455186534,185.57766534516597,175.10928082298383,185.32982997054248,175.46529529513529,185.73859308573148,175.58381221256593,185.62141487782509,175.35970076462951,185.59793484092833,175.75577732972687,186.14639450469971,175.87597054534842,185.73075233075843,175.58465036166132,185.77987143543245,175.3655539347304,185.39856902683607,175.54040446002182,185.9574887964321,175.71320425788642,185.68944357213917,175.60928255717974,185.82399135354069,175.58381221256596,185.68398394511334,175.55044143881625,185.58016564480977,175.33255759021665,185.78820174755134,175.98825639505048,186.0949960257048,175.76869971665184,185.88010998089649,175.6944287008607,185.61129474853112,175.27538930165224,185.47634734450602,175.35635510503135,185.6329849682528,175.83841249451339,186.19079487373489,175.81629127788946,185.60080552602128,175.48156334165833,185.90031983056625,175.69191772196618,185.93213030007092,176.21236784298696,186.46896034781074,175.87931273655479,185.59139575870677,175.39725534707279,185.85512045726225,175.88265839615289,185.78604142443788,175.20818750268512,185.37619885405334,175.75745015952594,186.0280467865864,175.27120896135045,185.30524136176462,175.98407258635692,186.03918684547207,174.5913382124659,184.87006929121503,176.49783485657306,186.6364560463052,174.46278084784907,185.75195605975688,179.36221521191561,179.80851452549481,181.30895961765421,179.68435716382177
191.80237435071439,190.79517618390628,191.28405738447603,193.29180751341588,186.65613576450716,196.74254408133191,185.69725521042665,196.80120395485216,186.0154568870561,196.07405229290981,185.0740055525637,196.40864951191455,186.06281658347331,196.60908668382444,185.83260211658617,196.61308251229394,185.61061479547001,196.13427180219401,185.67889482402535,196.66601301422656,185.60731549155727,195.84931190624002,185.22206152995048,196.47060256431683,185.898840873236,196.58375257553371,186.00308779235951,196.67503556469632,185.60870580659798,196.18390912524461,185.54477554095453,196.48691412213802,185.88977108245234,196.61308251229386,185.73794224935574,196.44127262755671,185.93392011724609,196.98030284694079,186.18394493166798,196.59277512600337,185.76682238767475,196.47060256431692,185.44632822538765,196.10164868655175,185.67713400304658,196.71165450880792,185.92524982859661,196.45029517802632,185.70320298187639,196.46158001384728,185.64560539719059,196.49420312948945,185.96149858281342,196.62939407011496,185.70311433958719,196.53082207360106,185.98682808297843,196.68232457204769,185.79752287257631,196.47789157166832,185.68043330695917,196.26217373546808,185.49402789833547,196.37203056780288,185.65220400501599,196.49420312948945,186.13939639473986,196.91608750918724,185.67713400304646,195.91352724399354,185.26908124983703,196.43398362020525,185.7689827107879,196.56344518924328,186.17925531271462,196.89804240824793,185.72409419732921,196.14329435266362,185.42975765616146,196.3793195751544,185.79678339391131,196.62939407011496,185.86782952848932,196.50322567995909,185.88036131513783,196.49090995060737,185.19423173014169,196.18720230412669,186.58400876201136,197.1904652189078,184.89533773256488,195.47636220000547,186.48104911206966,197.30431787971199,184.4256180826842,196.42911123479416,189.93628724760745,190.66767116089792,192.15965724452613,190.03117019524726
181.32745015464897,180.19276451670333,180.41419340023617,182.35522767251493,176.33757954800552,186.03378827726118,175.58799255286786,185.96649906161204,175.75159698942508,185.39566922505784,175.13140203960785,185.83084129560731,175.91770546809346,185.74621303587068,175.54960328972084,185.96979836552467,175.74825132982693,185.64495456081477,175.63307660360266,185.94190904011202,175.45860397593898,185.29691104964573,175.42606788289291,186.06525723702399,175.9118488296009,185.90390099812751,175.92857712759152,186.2186246735433,175.85468054103649,185.73140316713418,175.48072866095461,185.7882017475512,175.84008532431247,186.09854666385877,175.81461844809041,185.79718289604568,175.75159352103341,186.15596696396608,175.92272048909891,185.75877393920476,175.52831675380062,185.80227201713359,175.59924557838525,185.72489320159804,175.73783645340481,185.92163966483869,175.56587133624384,185.57001639883023,175.50284987757857,185.80156165515405,175.67230401584504,186.01536824476665,176.14600072472345,186.26894369734262,175.86137186023271,185.90174067501422,175.74908601053062,185.87385134960169,175.65519782022659,185.78234261839086,175.54207728982087,185.65541466663939,175.67063118604597,186.038877398349,175.81629127788946,185.88187080187532,175.94149951451649,186.08697657343097,175.46194963553714,185.25316151698638,175.27455462094858,185.78348159919011,175.65101747992483,185.83161130367992,175.96027853993394,186.08012663136441,175.58715787216408,185.65470430465984,175.67314216494043,185.92490985206598,175.7482478614352,186.06306791771448,176.05127785371576,186.00299915007017,175.64516084143219,185.6000355179485,175.09050526595809,185.73501345138109,176.75243167012877,186.73163458736687,175.00034063287993,184.93809798552914,176.46780627402975,186.6686646052222,174.23030525091733,185.38126192487815,179.37764857773504,180.49192159329129,182.11964032643974,179.94136222428622
191.4709307210112,190.29033038010149,190.53103162596929,192.78210723079195,186.64962579897096,196.98359602582286,185.90850197479173,196.68632040051713,185.7003918223875,196.17262428942374,185.73273395657111,197.06256328563367,186.23065379170947,196.35901218886386,185.59568587552576,196.87444184307537,186.19045489720412,196.7352550739804,186.17487514088421,197.06256328563364,185.97300902714812,196.47789157166835,185.96618820176687,197.04225589934319,186.22800532417253,196.79947041173401,186.0696665255399,196.87044601460593,186.07642782531735,196.80849296220362,185.99333804851454,196.67330202157808,186.01891888292076,196.80120395485216,185.78604142443791,196.35172318151245,185.86774088619995,196.98030284694082,186.15787595283814,196.44127262755671,185.5139864137636,196.50722150842847,185.96649906161207,196.81751551267328,186.15210546596694,196.66601301422656,185.59534589899513,196.27345857128893,185.66846371439715,196.63841662058465,186.04498786175071,196.98759185429222,186.42993096351236,197.04954490669465,186.02906812890018,196.71894351615927,186.02261768896781,196.79218140438252,186.01024859427142,196.67503556469626,185.78604142443788,196.60405996182422,186.16182609312654,197.0951864012759,186.15210546596691,196.58375257553374,185.84207140950451,196.68632040051713,185.76682238767475,196.3973646760937,185.83414059952014,196.64241244905401,185.70385381825221,196.53082207360106,186.17058502406522,196.87444184307537,185.70780395854058,196.43398362020528,186.06824568109164,196.92008333765665,185.94182039782277,196.66601301422662,186.08237559676704,196.8084929622037,185.98739027706478,196.43797944867461,185.15196115481234,196.20524740506602,186.63170843495919,197.38084894681725,185.15764299939408,195.8069635905407,186.99504995928862,197.66198692165625,184.18870184162364,195.63497979844919,189.15708133178106,190.57812171485361,192.62502815310836,190.49985207726363
180.81809916624815,179.73749944508285,179.99691478603282,182.26661874308215,176.60844787647605,186.43209128662556,175.96027507154218,185.91913936519487,175.25577906392272,185.29947087489347,175.79416659287381,186.59378750205272,176.12973267820041,185.52663737210912,175.41770373389758,186.18533524670883,176.04876687482133,185.98238979826635,176.00201346267903,186.29822333779629,175.87931273655482,185.90430050026214,175.89641893217325,186.22118449879127,176.05211253441942,186.11702622195719,175.78747874206931,185.83522146743789,175.79918508227101,186.33836270669772,176.25494091482736,186.13180697400819,175.87596707695664,185.89091006325168,175.27622745074763,185.3031101553369,175.58966885105855,186.2386427145756,176.04207902401674,185.63634379776926,175.18857379656396,185.58596524836616,175.74034396390758,186.11696669635327,176.02162716880017,185.9180599099993,175.54375011961997,185.69379321456202,175.54709577921807,185.81964171111784,175.87763990675577,186.27505416074453,176.19275413686574,186.097807185194,175.66895835624692,185.8732005132261,175.86053717952905,186.06676672376159,175.83255932441253,185.82945098056672,175.54876860901717,185.92346001142141,176.12722169930598,186.36730237062039,175.94317234431549,185.7433132340926,175.50117704777946,185.79866185337588,175.65101747992475,185.79431221095302,175.73281796400764,185.75451281858213,175.33590324981472,185.67383469913381,175.98407258635697,185.9827587709932,175.2328162298117,185.29111144608925,175.60593689758164,185.90065980709667,175.42522973379752,185.49988702749587,175.64432962912031,186.06676672376165,176.04876687482127,185.72381233368054,174.70902391758466,184.9416776198795,175.96529356093939,186.44143999512497,175.08632145726457,185.09288614600769,176.73198328330389,186.82129244258752,174.08631798887285,184.82808211274588,178.61012417466679,179.88268267940691,181.79264932772401,179.83060115795968
191.37840186465436,190.37344946914394,190.81476790556076,193.20225806737159,187.0287097715723,197.26855592177682,186.17404701992976,196.71165450880784,185.33608860183733,195.92983880181464,185.9237708712665,197.37285728987845,186.30874308971369,196.31337069428264,185.66266411084055,196.95270645329884,186.14445651963138,196.64397208481793,186.04976753571552,196.86142346413638,185.86299174164273,196.45758418537775,185.75352200567568,196.67330202157805,186.16648671588371,196.92337651653867,185.82260103849984,196.19119813259613,185.59568587552582,197.00563695523158,186.51566920785206,196.96728446800168,186.0978071851938,196.66601301422662,185.46514776001658,196.06502974244015,185.66772423573201,196.78089656856164,185.99904900978191,196.28977012911011,185.30166019420295,196.20924323353535,185.75306297793756,196.66601301422659,185.90214017714868,196.47789157166835,185.76031242213864,196.69134712251741,185.98062897728735,196.70089841522,186.06562774296214,196.93968807435979,186.14485602176586,196.62037151964537,185.65541466663936,196.49420312948939,185.95168931336468,196.73525507398045,185.86015146546828,196.43225007708702,185.67062403751038,196.69863612986882,186.24287471851289,196.89804240824793,185.8449712112828,196.40465368344508,185.74405271275748,196.61308251229394,185.79141240917463,196.45758418537775,185.82510133814375,196.46158001384723,185.43145883104734,196.31510423740082,186.0472368271532,196.67503556469623,185.38006035205245,196.07231874979163,185.8331207904175,196.64570562793608,185.4993988830721,196.06502974244015,185.54122490280065,196.59277512600335,186.13279778691441,196.47962511478653,184.85244685026746,195.69607586467509,186.28298497072885,197.34196771735446,185.19852184696063,195.63515370580356,186.72157551688801,197.61860771242618,184.46325715194183,195.97234145410295,189.29816819540412,190.32075821254148,192.07681880196463,189.9945512511357
181.11813373281981,180.28854619273642,180.84737283370126,183.05736563265097,177.00285161177428,186.49392087524882,175.96362073114048,186.05223730595185,175.37764164095154,185.40689933895496,175.89892644267607,186.65345676756246,176.19275413686574,185.70678414943791,175.58632319146045,186.17527464301853,175.98407258635689,186.02733783732882,176.02079248809648,186.16802519881736,175.75828484022966,185.71221324705633,175.43982841891321,185.79107243264397,176.06336209154529,186.33330258180592,175.73783645340484,185.30632081696015,175.16812194134741,185.95748879643193,176.08548677656091,186.11267657953417,175.98574541615599,186.13328593133812,175.73114513420853,185.7375136305358,175.66728552644784,185.98161979019366,175.82130629889491,185.75661361609153,175.39976285757552,185.5610061336503,175.58297753186224,185.81498108836061,175.52413641349881,185.55989626953624,175.57088982564105,186.13939639473989,176.20902218338881,186.31886321900768,176.08715960635993,186.11992602373533,175.77539103584809,185.79471171308717,175.54375011961994,185.82615167665389,175.87931273655477,186.11406689457493,175.85969903043366,185.88582094216378,175.7311451342085,186.08228695447775,176.04625936431853,185.99728818880288,175.52246358369973,185.66121427019587,175.73616362360576,186.01354789818396,175.70985859828832,185.82220153636547,175.88015088565021,185.96328839998856,175.41937656369672,185.52811632943903,175.71404240698183,185.99802766746794,175.64767182032668,186.01431790625651,176.36053891372487,186.44659017502789,175.79082093327571,185.63298496825274,175.40394666626904,185.69950417582919,175.81461497969872,185.9071697726327,175.21487882188137,185.54801673198543,176.54040446002185,186.70053460033085,174.9661317100348,184.88999881044705,176.58548851075676,187.03873831264349,174.69191425357451,185.52015946919167,179.08716654314338,179.97354057424212,181.65723715229021,179.80452799746271
191.71358169565352,190.78531342405793,191.28681180660857,193.57850095248813,187.14588797947877,197.11705342333028,185.96246027903419,196.83782289896382,185.83309026101011,196.40465368344513,186.03267829265789,197.20504323361064,186.25302396449234,196.45758418537781,185.64023441245391,196.6863204005171,185.96865938472533,196.73525507398037,186.21217423361128,196.92737234500802,185.87820099202455,196.39736467609373,185.63051378529437,196.64067890593589,186.21569575507976,196.95270645329884,185.86816950501995,196.20924323353537,185.46329829674829,196.49819895795883,185.78385210512843,196.40465368344516,185.80517181891182,196.78489239703106,186.05513710773019,196.62210506276352,185.80591129757678,196.72293934462871,186.16256557179167,196.81022650532182,185.78348159919014,196.37203056780291,185.73174314366491,196.56015201036121,185.68398394511314,196.24586217764698,185.54582587946476,196.64970145640547,186.25697410478068,197.05856745716429,186.15861543150314,196.60405996182425,185.69700387618551,196.5235330662496,185.82038118978286,196.61308251229386,185.99182856177697,196.8907534008965,186.20020464104917,196.85413445678489,186.00123832909136,196.75556246027091,186.04103772146226,196.61308251229391,185.58667561034576,196.38834212562401,185.96544872310184,196.80120395485218,185.83951158425683,196.56744101771267,186.11776570062204,196.75729600338911,185.5240470174538,196.09435967920035,185.61135427413498,196.58045939665169,185.8503116666119,196.91608750918721,186.61195620030577,197.2416621777223,186.12557733890955,196.65872400687516,185.72606129908297,196.42496106973564,185.90890147692616,196.8051997833216,185.720601672057,196.58877929753396,186.77461564516491,197.23836899884023,184.7846694901946,195.51298114411702,186.85905221675327,197.75153636770057,184.52727605987451,195.97460373945415,189.27465904182185,190.42661921640695,192.46597241201104,190.61959011041773
181.13573583955272,180.18378141219142,180.53874965553851,182.71336090405939,176.71404240698183,186.15318633388458,175.62471245460733,186.02005786372013,175.81963693748759,185.72088353570572,175.60677157828522,186.00123832909142,175.79500474196919,185.63298496825283,175.39976285757547,185.71036378378838,175.58548504236501,185.78450294150417,175.84175815411155,185.92235002681832,175.41435807429949,185.42750869075903,175.50786836697574,185.96288889785427,175.85635337083554,185.75056267829368,175.37931447075059,185.56390593542861,175.62638528440644,185.84315086470011,175.46696812493428,185.29185092475436,175.16477628174923,185.63477478542794,175.63307660360272,185.57004551551577,175.2762274507476,185.61786423967112,175.76953786574722,185.91268892526247,175.52580924329786,185.58522576970117,175.61011723788343,185.87749063004503,175.6101172378834,185.48541713528988,175.1852281369658,185.47890716975365,175.61179006768245,185.91222989752427,175.67063118604602,185.55119686420139,175.35551695593597,185.72267335288112,175.67397684564409,185.70931344527821,175.50117704777952,185.80122167862348,175.81629127788946,185.94662918847311,175.67063118604599,185.77549267632406,175.67063118604599,185.72267335288106,175.35886261553406,185.61416543362404,175.7933319121702,185.97590882892655,175.56754416604289,185.67383469913389,175.7524316701288,185.77077252796315,175.19358881756938,185.23829212264607,175.33339573931204,185.55588648315492,175.31879705419635,185.61771607177798,175.73114513420856,185.82970231480803,175.58966538266679,185.75741262036033,175.50201519687491,185.56646576067629,175.66895835624686,185.99907800597822,175.50284987757857,185.65572564697374,176.25912125512912,186.15022547329127,174.51827977500619,184.72426227923091,176.46613344423065,186.56154700100601,174.02245838111213,185.05308828684809,178.94150645129983,180.12215874571513,182.10392220655717,180.33055192312955
191.80761481485396,190.66485816307082,190.86309220693536,193.16563912325995,186.96139155972688,196.99088503317427,185.76929357063301,196.77187401809201,186.12538565076136,196.65299463528748,185.84093242870503,196.70992096568975,185.88517010578812,196.4209652412662,185.74075340884477,196.70263195833823,185.90503997892702,196.56344518924325,186.04319804457549,196.75556246027094,185.53783695659857,196.06502974244017,185.68728324902594,196.78991911903128,185.93608044035926,196.28074757864042,185.40803831975438,196.44127262755671,186.07932762709555,196.91608750918724,185.92169919044264,196.20022068306571,185.36092995757841,196.38834212562401,185.72995332648975,196.12698279484258,185.20250251665647,196.12698279484258,185.63770511661386,196.39563113297544,185.62573552405149,196.54713363142216,186.1011064891066,196.87044601460599,185.95273965187468,196.38834212562401,185.41488826182109,196.16360173895413,185.60040602388668,196.53082207360103,185.81279176905116,196.40465368344508,185.68398394511308,196.62939407011504,185.98062897728747,196.49420312948948,185.53422679284068,196.3590121888638,185.83087182501495,196.6366830774665,185.82180203423113,196.54713363142213,185.90503997892699,196.57646356818231,185.63983491031948,196.49420312948948,186.05951727956048,196.80849296220359,185.82575217451955,196.45758418537784,185.79076157279891,196.37203056780291,185.35547033055249,196.20924323353537,185.79150105146394,196.39736467609367,185.34822088635138,196.11796024437291,185.62764451292367,196.35901218886389,185.55295768518019,196.31510423740079,185.55674513351676,196.30608168693118,185.87311187093664,196.56917456083085,185.22246103208485,195.99908086156844,186.28628427464156,197.09189322239382,185.03389530034778,195.68079520038481,186.64888632030602,197.2147684336677,184.05520439873231,196.05286834967757,189.76771056070618,190.86308161080765,192.67533949974376,190.58065961931928
181.93271258050439,180.69718490892049,180.69077233491203,182.80452965873988,177.00285161177433,186.48525058659939,175.73532547451043,186.15136598730203,176.23114686840438,186.33768275363653,176.10760799318487,186.27835346465721,175.92105112769161,185.90069033650408,175.87931273655482,186.30442244348708,175.98323790565325,185.97923866224667,176.10510048268205,186.396670653363,175.75745015952597,185.52086688523781,175.58465036166132,186.12171584091041,175.88098556635387,185.77805250157172,175.62555060370278,186.0157082212973,176.05043970462043,186.25012416271394,175.91435980849533,185.80628180351491,175.65603596932206,186.10184596777151,175.95693288033573,185.73140316713412,175.37847632165531,185.77583265285469,175.82047161819122,185.99648918453417,175.87763990675577,186.23386445333296,176.20986033248411,186.26860372081217,175.93982668471742,185.9744589882819,175.67564967544317,185.81313174558181,175.75075884032972,186.054457154669,175.89809176197227,185.94557884996303,175.77873669544621,186.12643598927136,176.08214111696276,186.08228695447769,175.6952633815643,185.93286977873578,176.00201346267903,186.2595339300284,175.98407258635686,186.04359754670998,175.89809176197232,186.00669795611728,175.69191772196621,185.99293854638,176.10844614228017,186.27835346465704,175.92021297859623,185.94267904818457,175.733656113103,185.74445221489191,175.43899026981785,185.81643104949441,175.94568332320998,185.95282829416402,175.52246358369973,185.8193903768765,175.9627895188284,186.08888556230306,175.73114513420856,185.81353124771616,175.63056909309992,185.86339124377704,175.94233419522018,185.83448057605062,174.92272395749063,185.20728219062144,176.20484184308705,186.64592545971252,175.38684047065061,185.39029977353246,176.68690270096076,186.63324538468166,174.23365091051545,185.72563574668555,179.81797104447196,180.71257812497078,182.20671074674655,180.08121033254164
192.35327662603953,191.09289225328931,191.18487318293731,193.42699845404144,187.28228522414841,197.24495535660435,185.71101462016384,196.70263195833823,186.30377160711151,197.13909435273894,186.45005217089249,197.16842428949906,186.02955627332395,196.38834212562401,185.79931268975147,196.92008333765665,185.93400875953523,196.34270063104276,185.94767952698328,197.10820478021492,186.05513710773008,196.20924323353537,185.46082711378995,196.6170783407633,185.99142905964254,196.67503556469626,185.98935737881851,196.71165450880787,185.88977108245223,196.64067890593589,185.86419024804601,196.57646356818228,185.95742927082816,196.93639489547778,186.18178460855486,196.63338989858434,185.76861220484977,196.8305338916123,186.31562202797676,197.02594434152206,186.21066474687365,196.89075340089647,185.98136845595246,196.60405996182422,185.87425085173615,196.74827345291948,185.99546784222031,196.71165450880787,186.06815703880227,196.87444184307537,185.99472836355525,196.57646356818233,185.826891155319,196.79218140438249,186.20597512792023,196.99661440476191,186.22553414121413,197.03323334887352,186.38106178035761,197.13180534538742,186.20020464104914,196.80849296220364,186.05405765253457,196.73925090244978,185.76682238767467,196.5398446240707,186.06420689851396,196.98030284694082,186.14590636027594,196.77187401809201,186.02551749074618,196.6497014564055,185.68503428362331,196.48691412213799,185.93400875953529,196.63338989858443,185.73964342424159,196.81751551267325,186.5634575230892,197.2579737355434,186.11872739684293,196.70263195833817,185.98830704030843,196.90706495871757,186.33287396298624,196.67903139316564,185.10346247759583,195.99179185421693,186.41722189228528,197.40618305510804,185.4578677864078,196.137564981076,187.10213844681925,197.68056076482858,184.43576732866364,196.33053923828021,189.95146750179291,190.98925000096355,192.63181876512547,190.37137214012085
181.02673020559658,180.01394157819936,180.37249898670242,182.5950437153536,176.79751572086366,186.13905641820921,175.12471072041154,185.49442740046979,175.75661547882223,186.04714818486389,176.02329653020749,186.10900676968336,175.4627877846325,185.09794473768812,175.14767008613077,185.7978918453033,175.44233592941595,185.07221573538868,175.19191598777036,185.882890610978,175.60677157828525,185.16486344739909,174.9627860504367,185.51503675227394,175.5641985064448,185.64924467763393,175.50786836697571,185.58667561034576,175.37345783225803,185.59608537766024,175.52915490289593,185.64634487585568,175.51995260480524,185.76062328198378,175.61179006768245,185.57325617713917,175.33757607961383,185.66266411084055,175.66645084574418,185.79181191130897,175.62973094400456,185.68142411986548,175.33924890941296,185.40251916712455,175.39976285757547,185.71076328592264,175.52079075390066,185.60475566630947,175.6101172378834,185.82393182793675,175.50535738808134,185.50704782940764,175.43731744001877,185.8141820840919,175.79918508227109,186.07247768502893,176.02162716880017,186.12023688358053,175.85802620063455,185.95273965187474,175.69191772196621,185.84167190737006,175.8154531287941,185.90643029396779,175.42104939349571,185.37684969042911,175.41937656369672,185.9317597941328,175.85802620063455,185.9520001732098,175.89892644267601,185.96609955947761,175.50535738808125,185.52586736403649,175.47989051185922,185.62857567973694,175.33673793051844,185.837973101323,176.27706213145132,186.40880293787717,175.79332844377845,185.7400139301798,175.69275587106165,186.08879692001386,176.08297579766636,185.878600494159,175.02497282839835,185.29867187062462,176.15436140532702,186.42839094736721,175.0600164319471,185.23249405230072,176.88182371544923,186.93412100807114,174.27371300346144,185.24841531836256,179.14851517200964,180.31532545411628,182.00547070932325,179.85710711894347
191.0409900952026,190.18001852544361,190.85197590272878,193.22585863254409,186.9296116196297,196.75885563915293,185.18393431626902,196.20022068306574,185.82195020212436,196.51051468731049,185.82205336847235,196.62939407011496,185.56581492430055,195.8402893557703,185.30697165333592,196.56917456083079,185.69635303980974,195.84931190623996,185.22527219157388,196.47060256431683,185.71113379186076,195.97548029639589,185.21916172817222,196.25488472811665,185.59824570077333,196.16360173895413,185.41704858493446,196.23683962717737,185.57942616614451,196.36074573198201,185.66195374886107,196.29879267957972,185.50309768911919,196.34270063104276,185.73285312826798,196.27848529328924,185.29401124786745,195.88593085035157,185.15696316682221,196.02841079832854,185.52407754686132,196.40465368344513,185.69595353767528,196.31510423740082,185.59824570077342,196.29879267957972,185.38230931745497,196.11796024437285,185.68580429169594,196.59277512600337,185.71147376839144,196.25315118499844,185.59864520290779,196.48691412213802,185.74365321062311,196.49420312948936,185.86345076938088,196.54713363142216,185.67889482402543,196.39563113297552,185.67679402651586,196.5471336314221,186.05004798664223,196.7808965685617,185.70897346874753,196.15457918848449,185.53422679284074,196.68232457204769,186.06562774296216,196.77916302544344,186.1861052547813,196.87044601460599,185.77549267632409,196.34270063104273,185.73720277069077,196.43398362020528,185.3931093998101,196.30608168693115,186.12899581451913,196.9599954606503,185.85068217255008,196.35901218886389,185.69891286505734,196.68961357939918,186.16574723721862,196.75556246027097,185.50753597383132,196.39163530450602,186.57709929434085,197.23437317037084,185.06539478951828,195.85087154200377,187.06594933869539,197.72220643094042,184.31784964209228,195.945273802694,189.57380437363989,190.91601211274033,192.75155679827955,190.42430264205359
181.02741558807733,180.26863723676357,180.9819366026808,183.12289402732117,176.9577710294312,186.25123414731712,175.42690256359663,185.88044995742723,175.89391142167051,185.78135180548455,175.57088982564113,186.01684720209676,175.83339747350792,185.6825936300724,175.63307660360275,186.12791494660135,175.81378376738675,185.48041665649131,175.33841422870924,185.97599747121569,175.94066483381278,185.76543207263393,175.50452270737756,185.76361172605118,175.56838231513836,185.64279423770151,175.58297753186224,185.87104019011269,175.71654991748466,185.73754274722128,175.5224635836997,185.70320298187636,175.5896688510586,185.93656858478289,176.00117878197531,186.00709745825171,175.52413641349884,185.43404777298045,175.23700003850524,185.62721448138171,175.75243167012877,186.09209622392655,175.98156507585415,185.98392828120018,175.73281796400761,185.82328099156118,175.50786836697577,185.74010257246911,175.89641893217325,186.21908370128187,175.89976459177132,185.80307114189162,175.63056909310001,185.80486095906679,175.50284987757846,185.626874504851,175.62889626330099,185.88334975920534,175.71487708768549,185.8641902480461,175.72863762370582,185.97741831566398,175.98741824595507,186.22158400092567,175.89641893217322,185.86635057115922,175.77706386564716,186.22158400092556,176.10677331248112,186.20748461465777,176.12973267820041,186.2722430012555,175.83590498401068,185.89457987310251,175.90143742157045,185.96297754014344,175.38098730054975,185.49963569325453,175.74908947892234,186.12436430844741,175.80002323136645,185.80958110742776,175.72863762370577,186.14485602176586,176.23950754900807,186.34817197614649,175.77121069554624,186.04797771854035,176.64850996942212,186.59782628463049,175.02664565819737,185.23838229814666,176.87931620494655,186.94037963936583,174.33506510071942,185.50679956158891,179.58967578784197,180.82364586947548,182.47757907521699,180.20094836569581
192.13755418171345,191.15410963688763,191.6363632523699,193.65173884071135,186.94840062485088,196.86142346413632,185.70234433151455,196.88346439354501,186.22488330483833,196.56744101771267,185.73239398004048,196.87444184307543,186.23824321244115,196.72796606662899,185.95452946904993,196.82151134114267,185.89636969027762,196.22955061982591,185.38878875358355,196.60579350494245,186.25086364137903,196.89075340089647,185.94116956144711,196.5072215084285,185.63156412380451,196.45429100649579,185.91367973816887,196.75729600338911,185.91262939965873,196.40864951191455,185.59318557588182,196.61308251229391,186.12677596580204,197.04954490669456,186.42447133648636,197.06985229298508,186.08046660789506,196.69534295098677,185.94625868253493,196.83053389161228,186.13797555029157,196.8907534008965,186.14630586241043,196.77586984656139,185.84966083023622,196.56917456083082,185.89164954191671,196.83782289896382,186.27289383763119,196.98030284694082,186.02946763103461,196.57646356818228,185.79215188783962,196.50722150842842,185.59608537766019,196.28248112175865,185.71656288947935,196.74827345291948,186.15315580447705,196.80120395485213,185.92854913250935,196.61308251229391,185.88366061905052,196.79218140438252,186.14920566418874,196.95999546065033,186.29171337226001,197.03323334887352,186.13038612955995,196.71894351615927,185.92129968830812,196.64970145640558,185.78925208606142,196.57646356818225,186.03236743281283,196.60579350494243,185.422788542398,196.11067123702151,185.74951233978345,196.73925090244978,185.88687128067397,196.48691412213802,185.82441997236063,196.89075340089644,186.45986144034143,197.02594434152201,185.69743249500539,196.55442263877367,186.66320792412958,197.21806161254975,185.03463477901275,195.8159861410104,186.89015220378937,197.47612776444919,184.24911058579846,196.18805929030316,189.90805794566427,191.03489149554483,192.71465720768697,190.40799108423244
181.58369422148442,180.54133864690996,180.81036817789834,182.53676476488457,176.07089155983689,185.47702871028929,175.2048383746953,185.95452946904982,175.94819083371266,185.71468443001481,175.49699323908592,185.95378999038491,175.86304469003176,185.77219337241149,175.51995260480521,185.72298421272615,175.52664392400152,185.34350073799044,174.91937482950081,185.38691029411916,175.81712595859315,186.14985650056445,175.79416659287389,185.53237732957271,175.18940847726759,185.44120857489236,175.44484343991874,185.67852431808728,175.50117704777946,185.49152759869162,175.35718978573505,185.92451034993169,176.12889452910497,186.33793408787778,176.14934291592991,186.22109585650199,175.88098556635379,185.85469183844233,175.62303962480834,185.81128228231353,175.59050353176221,185.73094413939594,175.73197981491222,185.82754199169457,175.35886261553409,185.36454012133629,175.43731744001877,185.96319975769924,175.94400702501918,185.89878134763214,175.56587133624387,185.64955553747899,175.52329826440339,185.67562451630886,175.39976285757552,185.40902913266069,175.33757607961383,185.80187251499922,175.85468054103646,185.84852184943665,175.5087030476794,185.55804680626809,175.37345783225805,185.71903407243767,175.84008532431244,186.20557562578585,176.10593516338574,186.0160190811425,175.58715787216408,185.56745657358249,175.31628954369367,185.43830877311396,175.29500300777335,185.55804680626809,175.58715787216411,185.58442664494319,175.1459972563317,185.39592055929913,175.67648435614689,185.97326036138946,175.60091493979263,185.44046909622722,175.24034569810348,185.6781843415566,175.84798922184009,185.80912195920024,175.13558584830136,185.4824288117114,176.25075710613379,186.20699493702276,174.67146586674968,184.84144048713736,176.41854188299294,186.41284018724369,173.94233072682843,185.14493699458953,179.08632839404797,180.05919017629253,181.71331584493257,179.72795931847492
191.39452724357741,190.48474295569704,191.01646596402759,193.03947073310403,186.27156316868349,196.19449131147817,185.31024184056324,196.66601301422662,186.06821668489533,196.47389574319891,185.76969307276761,196.80849296220362,186.02332817143662,196.41194269079648,185.55375668944907,196.58375257553379,186.07142734651882,196.55615618189177,185.42750869075883,196.1911981325961,185.80628180351511,196.74427762445006,185.86990120931318,196.34270063104279,185.55054602782582,196.31510423740082,185.55915679087113,196.3427006310427,185.67679402651606,196.35172318151243,185.60799544461835,196.62939407011496,186.14886568765817,196.86142346413638,186.0406382193278,196.7352550739804,185.86345076938102,196.30608168693115,185.38190981532054,196.11067123702148,185.32915001748137,196.16360173895413,185.77839247810235,196.54886717454036,185.45573799270213,195.86059674206081,185.27849101715137,196.50322567995909,186.00845877709625,196.58375257553368,185.70897346874747,196.38834212562409,185.65865444494841,196.43398362020525,185.65615414530421,196.29879267957966,185.60114550255184,196.53082207360109,185.90430050026188,196.49420312948939,185.61055526986624,196.40465368344516,185.79397223442223,196.67330202157802,186.03378827726118,196.84111607784581,186.10977677775583,196.67330202157805,185.71798373392753,196.40465368344513,185.68654377036086,196.28248112175854,185.34935986715084,196.2255547913565,185.83451110545818,196.64067890593589,185.73495380528823,196.59277512600335,186.2158135140545,196.89977595136614,185.74831371289105,196.09435967920032,185.20259115894589,196.12698279484255,185.72986468420035,196.46158001384728,185.34219906523899,196.30208585846174,186.53985972721767,197.03896272046103,184.75283002449353,195.5659116460497,186.82613329585661,197.51777343056105,184.25127090891183,195.81181640518665,189.1824108319459,190.23849777384865,192.10692778054016,190.13934274609954
180.55027801756216,179.93217564022152,180.76611201890006,182.97245550926539,176.71153489647907,186.10477629895738,175.69359055176528,186.25416294529177,176.02246531789555,185.8464806980204,175.79835040156743,186.39272051307455,176.23114686840438,185.98938790822606,175.67146933514138,186.27119266274528,176.48407432055279,186.52442813879082,176.00285161177436,185.93912841003058,175.75326981922422,185.98756756164335,175.77706386564708,185.98031811744218,175.96195136973304,186.12973529318407,175.85719151993084,186.01866754867939,175.91937829789254,185.97775829219452,175.65436313952293,185.83235078234486,175.74992415962606,185.85156981910814,175.63224192289903,185.8674895519587,175.76953786574722,185.75966158576281,175.47031378453252,185.54551501961964,175.26870145084763,185.46884656606363,175.63224192289906,185.96007773836524,175.6272234335018,185.46193709839318,175.34008705850835,185.87723929580378,175.94066483381275,186.00314731796342,175.75159698942511,185.81032058609276,175.57005514493738,185.73143228381977,175.60593689758156,185.84827051519545,175.8179641076886,186.07256632731821,175.92105112769156,185.9430785503192,175.66812367554326,186.03097711777215,176.15269204391976,186.38547106887356,176.08548677656086,186.12248584898302,175.94233766361188,186.08848606016872,175.81629127788943,186.02156735045781,175.98323790565323,185.87433949402543,175.27455462094855,185.62582416634098,176.04709751341395,186.44627931518278,176.08715960635996,186.09360571066406,176.00201693107073,185.99086686555614,175.48658183105547,185.51043577560969,175.33256105860841,185.62326434109337,175.82381727778943,186.09317567912223,175.56085631523837,185.75389251161386,176.40227383646999,186.37716975295109,174.77371820604898,185.07705505544649,176.94317581270724,187.15526568417414,174.56503318714849,185.33680203023934,178.94234460039522,179.95151037798991,181.7288336975663,179.86996356817673
191.15029024270123,190.44211352502919,191.26253019168416,193.74128828675563,187.35932406315311,197.40374686240239,186.26993451024913,197.16842428949911,186.11742572409142,196.48518057901978,185.90208065154491,197.27428529336453,186.63250743922791,196.86142346413638,185.83374109738565,196.89075340089644,186.3582921054404,197.03323334887349,186.15605560625534,196.81751551267331,185.96254892132359,196.64067890593583,185.88366061905052,196.81751551267325,186.23494390852846,197.03323334887355,186.27940380316727,197.03323334887355,186.23494390852849,196.87044601460602,186.00339865220454,196.65699046375693,185.78746226888626,196.40465368344513,185.61706523540215,196.5145105157799,185.94372938669483,196.7116545088079,185.93539907457597,196.56917456083082,185.71366308770101,196.40864951191449,185.69990367796368,196.61308251229394,186.02005786372024,196.65872400687516,185.73933256439639,196.47060256431686,185.84281088816959,196.64970145640552,185.8677408861999,196.48691412213796,185.65905394708275,196.37203056780294,185.67167437602055,196.56015201036121,185.92854913250932,196.6750355646962,185.95998909607587,196.68632040051713,185.83340112085511,196.77187401809201,186.43027094004287,197.27428529336453,186.19656536060589,196.67330202157808,186.0001879905812,196.89075340089647,186.00734879249313,196.71894351615933,186.13658523525086,196.65872400687516,185.43830877311399,196.46886902119869,186.45204980205386,197.29961940165526,186.0760283231829,196.39563113297544,185.55640515698602,196.23683962717737,185.44006959409293,196.38105311827258,185.7550009630057,196.57646356818222,186.25111497562034,197.10820478021498,185.75170165909302,196.276751750171,186.32136351865148,197.07558166457272,184.96191646574522,195.80696359054079,187.09852828306146,197.83206326327516,184.53378602541068,196.07317573596811,189.42731599587259,190.5251912129209,192.43586343343551,190.47479861545389
181.0095954229327,180.11731685663111,180.590094612847,182.88977975865589,177.02162716880014,186.60200017568584,176.04625589592686,186.2254454989247,175.75243167012874,185.61953641836064,175.66979303695058,186.41861220732599,176.35718978573502,185.92337136913227,175.40059753827916,185.64409591045305,175.50033889868411,185.62092673340143,175.58966538266682,185.90273148792073,175.75326635083249,185.76639376885495,175.58381221256596,185.86154178050907,175.77622571655178,186.01561957900816,175.98156160746245,186.12668732351287,175.81879878839226,185.98383963891087,175.97738126716069,186.1430065584978,175.7778985463508,185.73745410493208,175.54291197052459,185.78555328001426,175.69442523246889,185.84272224588025,175.62303962480829,185.73455430315374,175.67481152634775,185.85247198972516,175.52162543460435,185.66763559344281,175.81712595859312,186.02070870009581,175.50201172848318,185.33591131725859,175.29500300777337,185.70740445640615,175.58966538266688,185.62422603731397,175.45860397593904,185.5992960392835,175.48407085216107,185.65970478345838,175.41937656369666,185.44697906176336,175.42021124440035,185.75806345673595,175.54625763012268,185.7714538937463,176.0437483854241,186.33361344165124,175.7745528867527,185.61302645282447,175.64934465012576,186.0112989327815,175.64850650103034,185.66112562790659,175.69191772196626,185.79280272421531,175.33673793051841,185.80329335944745,176.29249549727069,186.35854343968165,175.63140030541189,185.44657955962901,175.27288179114956,185.46684893490237,175.41937309530491,185.77688299136477,175.5896688510586,185.64486591852543,175.87345609806218,186.18638558521877,175.40310851717368,185.30444235749576,175.98156160746242,186.28983337958422,174.91937482950087,185.04617728596628,176.65018279922108,186.69100566131959,174.14766661773916,185.21111622563549,179.04710098180561,180.11885944180247,182.04006259879645,180.30232262118628
191.76902478251969,190.68003042406116,190.96819732095383,193.20225806737162,186.86988282851607,196.95426608906271,185.8702120691583,196.84511190631528,186.00564761760731,196.45758418537784,185.79536254946296,196.94368390282912,186.23966405688947,196.49420312948945,185.45968813299058,196.19293167571431,185.37363902880557,196.11067123702142,185.61416543362404,196.61308251229389,185.92129968830815,196.45029517802638,185.61490491228898,196.31910006587023,185.5038371677843,196.29879267957969,185.75346248007185,196.48691412213793,185.58883593345914,196.36300801733327,185.87755015564878,196.77360756121024,185.98565857277151,196.6863204005171,185.99222806391128,196.72796606662897,185.92379998795209,196.62037151964532,185.78422249057726,196.46886902119866,185.82939145496292,196.70036967298705,185.86814038833444,196.50548796531024,185.92056020964318,196.63841662058462,185.516146736877,195.99578768268634,185.46008763512495,196.58548611865197,185.94912948811694,196.51451051577993,185.70391334385604,196.43398362020523,185.7031434562725,196.34443417416102,185.40908865826461,196.03240662679798,185.465487736547,196.40638722656328,185.6308246451396,196.4322500770871,186.08444727759098,196.85413445678486,185.65575464316998,196.1636017389541,185.72853248204143,196.7645850107406,185.90134117287982,196.43225007708705,185.72168253997475,196.38105311827263,185.47338801712391,196.53984462407064,186.2653930591888,196.82880034849413,185.66581524686018,196.43398362020528,185.92573797302029,196.69534295098671,185.91649089765789,196.56917456083085,185.54807484486724,196.15457918848446,185.78737362659697,196.64241244905401,185.28937974179578,195.95517291010538,186.24071439539966,197.06829265722126,184.96225644227579,195.61155314063097,186.65613576450713,197.31334043018168,184.207121874118,196.08948729378923,189.60638331800598,190.62202966631662,192.62923117978352,190.88180809154886
181.2300272463884,180.24872544670171,180.5762637287705,182.61870103682898,176.48825812924622,185.95359830223666,175.54207728982095,186.11165523722045,176.02748380729273,185.81248090920599,175.52413641349881,185.8931590286542,175.77622918494347,185.68373261087183,175.418541882993,185.55822409084664,175.30002496556233,185.45912593890404,175.56252914503742,185.90947826363904,175.69275587106162,185.58531441199037,175.3613735944285,185.44169671931596,175.12638701860229,185.24168006884798,175.27706559984296,185.49235571964576,175.29249549727061,185.39029824032107,175.32047335238713,185.53570575017068,175.46194963553717,185.7791914823712,175.77288352534535,185.9459783520974,175.83925064360884,186.14204486227675,176.02413814769469,185.97130785226236,175.62889626330085,185.84505985357208,175.75494264902326,185.93656858478292,175.83590498401065,185.8772392958038,175.44484690831041,185.45582663499141,175.4594421250344,185.97855729646344,175.9849107354523,185.93656858478303,175.60593689758156,185.71551255096921,175.55044143881625,185.63702375083054,175.39558251727368,185.51984554292409,175.44484690831047,185.61499355457832,175.418541882993,185.75932160923233,175.96362419953206,185.96007773836521,175.29584115686876,185.31001962300735,175.50368802667393,186.07981577151938,176.02664565819737,185.96189808494799,175.60510221687792,185.49451604275916,175.19442696666479,185.65874308723755,175.81712942698491,185.75716128611901,175.33506856911112,185.68373261087191,175.85970249882533,186.00638709627214,175.71320425788645,185.68768275116039,175.31462018228626,185.50608613318698,175.73616362360573,185.81284988193298,174.98156507585418,185.11867326118883,175.96195136973296,186.11236418647789,174.63140377380364,184.72725072329857,176.29417179546141,186.47845722420311,174.2762239823559,185.65044625045965,179.52330866957851,180.32664421030267,182.09041658575529,180.42594013674614
191.41922383544099,190.53066509675929,191.08451597737405,193.30083006388548,186.74724499358368,196.69690258675061,185.65896530479324,196.95999546065025,186.41296089215177,196.68961357939918,185.63619562987614,196.53082207360112,185.86925037293761,196.49420312948939,185.73785360706648,196.52353306624957,185.68728324902591,196.4046536834451,185.90174067501431,196.80849296220362,185.8912805691898,196.35901218886389,185.65831446841764,196.5398446240707,185.71147376839147,196.30608168693112,185.62613502618601,196.53082207360106,185.87931097662775,196.46660673584748,185.50929679481018,196.15457918848443,185.54940704702631,196.45758418537784,185.69811386078862,196.39563113297547,185.84207140950446,197.01292596258301,186.53408924034653,196.92337651653867,185.63949493378885,196.33367808057312,185.9166100693547,196.9763070184714,186.19221571818295,196.67330202157808,185.82004121325224,196.5927751260034,185.85398147646274,196.70992096568963,186.05661747778214,196.64570562793611,185.737143245087,196.58375257553374,185.98028900075673,196.70992096568963,185.93030995348821,196.60179767647307,185.70030318009808,196.3793195751544,185.80298249960234,196.86142346413632,186.20202498763177,196.55615618189179,185.4814074693976,196.32638907322169,185.80989196727288,196.82480452002474,186.29677349715155,197.02923752040408,186.11628674329205,196.52179952313139,185.52481702552629,196.42096524126623,185.91661006935473,196.53082207360106,185.49658772358308,196.23284379870793,185.76759239574722,196.58375257553379,185.67309522046887,196.30608168693115,185.66451357410861,196.7881855759131,186.45156165763024,196.80120395485224,185.16890222997665,195.90953141552407,186.13726660103418,196.81422233379124,184.71084131281299,195.58222320387085,186.81277338825382,197.6146118839568,184.63976464882742,196.52594968818994,189.91277809402513,190.67496016824941,192.35302499087402,190.43817967134225
181.09948183550483,180.28903772894012,180.86184159962417,182.95669846836685,176.72779947461035,186.0836191566367,175.56837884674664,186.32926379922827,176.48156334165827,186.23667561282181,175.71069327899198,185.98127981366324,175.9202129785962,186.01561957900807,175.83757434541801,186.05140918499757,175.79249376307482,185.94540156538449,176.04792872572591,186.43703223982044,176.0863214572646,185.96428062561714,175.87429424715759,186.3893325668727,176.27873496125039,186.28042514548125,176.06168926174624,186.38208312267165,176.30002149717066,186.2750541607445,175.77037254645094,185.89199093116943,175.9611132206376,186.20631510445079,175.77789854635085,185.68645512807163,175.60342591868709,186.23411578757424,176.42355690399845,186.29452453174898,175.56419850644482,185.71104514957153,176.06503492134433,186.63349825213436,176.25577559553102,186.04276942575561,175.91519448919905,186.31044426459951,176.09217462736541,186.11653807753339,175.89390795327878,185.94944034796197,175.6977708920671,186.18641611462641,176.34799095603603,186.45807162316618,176.13642052900499,186.11076759066222,175.64432616072853,185.88829212512223,176.19358881756941,186.61467871750537,176.0846486274655,185.72335471866427,175.58883070196316,186.1657762334149,176.04207555562505,186.11909790278099,176.10928082298386,186.54341036537159,176.44149778032062,186.42333235568688,175.98072692675873,186.05942863727125,176.00284814338272,186.20952576607425,175.77622571655175,185.76494392821027,175.81545312879413,186.17228619895116,175.813780298995,185.83442246316889,175.90227210227414,186.60998909855186,176.74992069123428,186.36110326492928,175.33924890941296,185.6340063105666,176.35718978573505,186.39621150513554,174.96027507154227,185.41264082962977,177.21320599208227,187.37253426965165,174.91769853131007,185.95015377636409,179.54793739670515,180.23859747495663,181.6997662465277,179.75575581993127
192.00570761741335,190.92050436468355,191.23399248316559,193.36677894475727,186.90425159005716,196.86142346413635,185.65424515643241,196.87444184307543,186.4086402459252,196.8012039548521,185.76531290093706,196.73196189509838,186.1597544123025,196.74827345291948,185.89446070140562,196.73196189509838,185.93835840195814,196.7026319583382,186.26092424506905,197.30361523012468,186.3684413514199,196.6497014564055,185.8033514723291,197.06256328563364,186.62127732533091,197.25797373554343,186.33765222422886,197.07887484345474,186.30837258377559,196.91106078718695,185.92959947101934,196.78489239703111,186.2997022951262,197.07158583610331,186.08151694640512,196.49090995060735,185.54656535812973,196.41767206238418,185.91584006128221,196.73196189509835,185.82473083220569,196.56015201036118,186.14448551582777,197.07158583610331,186.05223730595182,196.49819895795883,185.84065056505628,196.88346439354501,186.17882528117266,196.74827345291945,185.87538983253557,196.4909099506074,185.66044426212343,196.69534295098674,186.27403281843064,196.98932539741048,186.07716730398238,196.58045939665169,185.56899505651629,196.61308251229386,186.51995932467125,197.36556828252702,186.00123832909136,196.19519396106548,185.6105842660624,196.86489055037273,186.1469858154716,196.62436734811476,185.84682055406176,196.89075340089653,186.43746085864024,197.26699628601307,186.29356271503906,196.77586984656136,186.07139681711115,197.0186553341706,186.09783618139019,196.68632040051713,186.1567950849203,197.10820478021489,186.12276617942067,196.4909099506074,185.68981254486602,196.89977595136611,186.55105931170718,196.9842986754102,185.57584499858311,196.55615618189177,186.75332492757767,197.2840104934215,185.12213372384235,196.1505833600151,187.4035022146324,197.96725420390078,184.65531387573992,196.28160456481689,189.52897397306293,190.38271126494385,192.19638736712736,190.36893761158848
181.51429779525765,180.24079881838426,180.21251231910369,182.15057951597527,176.21738980077575,185.73689191084563,175.1468354054272,185.54912518337747,175.56754763443459,185.38378827478508,175.04709404502228,185.48254645019696,175.56587480463557,185.48510627544474,175.21236784298688,185.50466528873849,175.4014391557663,185.51589540263558,175.60593689758156,186.00783693691668,175.71236957718276,185.2850300993729,174.90394493207316,185.57405518140789,175.91603263829435,185.94051872507134,175.50786836697571,185.52595600632569,175.39558251727365,185.50167684467087,175.27706213145126,185.50707694609315,175.50619553717667,185.62141487782506,175.43731744001877,185.38813791720787,174.94568332320995,184.85929679233408,174.83423215421163,185.35379815186295,175.42188754259107,185.42793730957877,175.27622745074765,185.37872814989336,175.08548677656086,185.1121327662452,175.09050526595806,185.43228695200159,175.37596881115252,185.38418777691939,175.17397857983997,185.21740090719334,174.99866780308085,185.19457170667229,175.22073199198226,185.43188744986725,175.31043637359272,185.25865014020877,174.92272395749072,185.3704283671822,175.83757781380967,185.99876714613302,175.31712769278903,184.96598577773051,174.89641893217319,185.40729742836729,175.38684047065058,185.32121920749688,175.03706053461954,185.27962999795096,175.46864095473339,185.84645016861282,175.58297753186227,185.38304879611997,175.23867286830435,185.59071439292347,175.39390968747458,185.47495702946532,175.57005514493738,185.8305304357622,175.46194963553714,185.05567416235877,174.58632319146039,185.07739349876604,175.52748207309693,185.673552835485,175.08381394676181,185.40368867733156,176.1526920439197,186.03273640553977,174.50201172848313,184.80678986194727,176.44401222760675,186.25450138861103,173.66895488785519,184.72870209715433,178.46279472141592,179.41720962609011,181.52739339289411,180.17705430312347
191.65972463502129,190.41793542447564,190.55764303199848,192.72344735727168,186.52300882755387,196.6929067582812,185.50516936994316,196.46487319272927,185.82266068459302,196.20351386194781,185.34674192902131,196.46487319272924,185.88883991563904,196.25644436388049,185.40030073112945,196.46487319272927,185.83528111353084,196.20351386194781,185.33412150008351,196.32239324475225,185.67139404558299,196.11396441590344,185.29543209231576,196.36630119621535,185.87323104263359,196.31839741628283,185.30774166140841,196.12524925172431,185.5639364648361,196.24915535652909,185.46039861545924,196.19622485459627,185.44419843168191,196.12524925172437,185.51972790443858,196.34772735304301,185.4792776756918,195.94615035963565,185.26399212874915,196.2694627428196,185.62178538376318,196.07005646444043,185.18189316485265,195.96645774592619,185.33057086192954,196.07005646444043,185.38085947681046,196.18720230412671,185.56714712645939,196.276751750171,185.4911877426502,196.10667540855204,185.30308103865127,195.99179185421696,185.29512123247071,196.13427180219395,185.53314733764509,196.19622485459635,185.37144970949606,196.24013280605942,185.78854313680384,196.50149213684088,185.52987715041789,196.03343752032882,185.28321116551243,196.25141764188024,185.78163366913333,196.40065785497572,185.33710994415114,195.96246191745678,185.53530766075835,196.60735314070629,185.83809227301987,196.27275592170162,185.48794796434115,196.22382124823829,185.35840066173844,196.16689491783617,185.72816350931447,196.51780369466192,185.62715636849995,195.91855396599377,184.80536901749912,195.86388992094285,185.90788166782355,196.75156663180152,185.38736944234665,196.09192348649475,186.30297401556453,196.94368390282921,184.80957049202894,195.51627432299907,186.44418005088446,196.79791077597011,183.62904259336284,195.60338757633789,189.12021227059583,190.07397689646288,192.30449855356318,190.92830823647975
181.2195972272427,180.35832980305867,180.95207498014992,183.20419398694887,177.29333364636594,186.93702375578277,176.27455115255688,186.7011869699177,176.56754763443459,186.43135180796065,176.20818403429342,186.86001391297407,176.73532894290204,186.44977184045507,176.14767008613083,186.83789507443254,176.79500474196925,186.29924468011012,175.58799255286777,186.0124089173847,176.12973267820047,186.41978171753297,176.39474436817829,186.7015864720523,176.38266013034885,186.16293607772965,175.8350668349153,186.3604524285538,176.3793144707507,186.35289212450752,176.02664565819742,186.22775398993116,175.99783312237719,186.17274534717848,176.17648609034271,186.62559797155745,176.47821768206015,186.52971048123831,176.36053544533314,186.54670966928435,176.14850823522619,186.02147870816844,175.73281796400764,186.14846618552377,176.21069501318783,186.42953146137796,176.19275413686577,186.43820175002742,176.43899026981779,186.68887740082513,176.35886261553412,186.31485355311543,176.02664565819737,186.23386445333287,176.06085458104252,186.31886321900757,176.23532720870622,186.47618079581557,176.3392489094129,186.52755015812497,176.26953613155135,186.3343834497237,176.11095365278294,186.40059179745518,176.27622745074765,186.67227771491343,176.78664059297395,186.81225471442247,176.09803126585805,186.14627686621407,176.30709071399465,186.9106729133039,176.71822274728365,186.68097712024834,176.4135233935958,186.45486096154286,176.03082599849924,186.34959282059467,176.41686905319392,186.63176796056302,176.37847632165526,186.39158153227507,175.92272395749069,186.37384286556394,176.915194489199,187.18991784257545,176.19777262626297,186.19440657070382,176.89307327257512,187.20151692919947,175.7795713761499,185.80122321183478,176.9986712714726,186.86291218154119,174.50702674948866,186.08334035941039,180.00202039946242,180.71794910970755,182.49452856818175,180.93314452778409
191.30532913602136,190.60018560444209,191.51372019485459,193.95873966607405,187.59305863878657,197.66181301430191,186.3078539099443,197.31663360906364,186.5638860214199,197.04625172781257,186.37733244490298,197.68385394371063,186.8923109936913,197.09918222974528,186.2608937156615,197.68385394371063,187.1009979328087,197.09189322239376,185.69515300019512,196.69204977210478,186.26030240488976,197.21806161254975,186.63676702663935,197.43151716339872,186.43103941490426,196.91505661565643,186.1849647407706,197.28903721542176,186.56052719190333,196.94039072394716,185.95671878835944,196.78159921814901,186.01681667268926,196.82324488426087,186.26385304304364,197.2383689988402,186.49465882070257,197.24339572084051,186.58039706504229,197.26370310713097,186.17160483316781,196.73595772356776,186.03924637107588,197.04798527093081,186.4092605528933,197.1122006086843,186.24833281232759,197.18144266843814,186.7503945963918,197.64723499959902,186.62090681939284,196.94039072394713,185.98858737074588,196.98603221852844,186.38359107619794,197.12851216650543,186.31090187961561,197.12851216650543,186.47583928607375,197.22708416301938,186.28557237945074,196.88746022201445,186.11193556765798,197.12851216650543,186.58255738815555,197.56497456090614,186.94322132826241,197.35325255317534,186.01135704566335,196.85084127790284,186.58005708851161,197.6838539437106,186.78183455995858,197.42978362028057,186.77868342393879,197.44280199921965,186.2862232158266,197.00234377634948,186.39959945133745,197.25468055666138,186.4880602128772,197.26370310713099,186.35618989520879,197.3402341742362,187.18624803272471,197.94521327449215,186.24182284679148,196.75556246027091,186.90743172227295,197.86868220738683,185.82245133739559,196.45758418537781,187.27003376793729,197.86538902850478,184.83509014713076,196.91191777336351,190.33529920622934,190.96738297890923,192.55785011594884,190.66020488299873
179.92788080904276,179.17191642697389,179.89452372495742,182.09983187335598,176.08465209585717,185.48791743493362,174.79834693317574,185.06357444293559,174.91603263829435,184.84939888059597,174.98908760736245,185.57939563673705,175.33172290951293,184.85846867137982,174.73699830430945,185.50926626540266,175.58465036166129,185.0209348948793,174.40143568737463,184.74381975931351,174.95776756103942,185.18581277573355,175.11513399308475,185.16699324110465,174.91519448919894,184.97709671993073,175.00452097318168,185.27806098560939,175.06838058094243,184.87287891749261,174.66477454755338,184.8232993723586,174.63725694390445,184.72420122041586,174.80876180959791,185.02593537367792,174.82047161819122,184.88487762674029,174.93982668471747,185.09831371041483,174.83673966471426,184.89789755781257,174.92021297859623,185.10081401005871,174.94400702501915,184.93658696558029,174.70818576848922,184.99230609080169,175.27873496125039,185.57544549644859,175.20902218338875,184.81866927900893,174.54458480032363,185.03133547510006,175.19526164736845,185.17640300841921,174.85635337083548,184.92683722173535,174.9168673189981,185.03463477901275,174.78124420594892,184.77164955912244,174.7065129386902,185.0946744299716,175.25410276573194,185.46977785336611,175.30169432696965,184.9430969311164,174.34882563673963,184.69242128031877,175.13558584830125,185.4364884265313,175.10342418449127,185.2190730858828,175.4456815890141,185.50306715971175,174.89474263398239,184.7680102786791,174.77706386564719,185.05666497526508,175.00368282408633,185.16119363754822,174.98072692675879,185.23138265497573,175.61262474838611,185.68466377768524,174.70484010889112,184.55639454158717,175.32298086288989,185.62061434034496,174.28914636928079,184.33931917746924,175.90645591096762,185.9801974125341,173.68438478528282,184.7513831297822,178.40478828375612,179.05429672058065,180.63974799004376,178.92482025724226
191.33843824449255,190.19331801935138,190.47423457876343,192.53861909359537,186.13414611491135,196.12454660213703,184.89201084517794,195.73772153078693,184.98233566261223,195.54560425975922,185.1669656576305,196.25644436388046,185.29194110025483,195.41041331913365,184.79985127759136,196.12125342325498,185.50929832802157,195.63515370580348,184.65808304818498,195.70110258667532,185.31792143679556,195.95846608898739,185.08421585735823,195.74501053813839,185.147184426781,196.01139659092013,185.37469090052693,195.98606248262931,185.15369439231705,195.84358253465234,185.23687281140909,195.8982465797032,184.96521730286923,195.49666958629598,184.88888882584388,195.67350619303335,184.86861945057046,195.41440914760304,184.77097113927243,195.66448364256377,185.12219490314652,195.95846608898736,185.37219060088313,195.98606248262934,185.15619469196082,195.77034464642912,184.9764474167664,195.70839159402678,185.17211442481133,196.01139659092004,185.25751269262062,195.79794104007112,185.09362562467265,195.99508503309897,185.39135011204257,195.90553558705469,184.98329735883294,195.6554610920941,185.04552644959062,195.75403308860797,184.95796785866807,195.62786469845213,185.0368561609412,195.93313198069663,185.3717910987487,196.06432709285281,185.26982226171333,195.60253059016134,184.5470153036803,195.43974325589383,185.17831353050238,195.94215453116632,185.00242775330696,195.76132209595946,185.45036854117657,196.14658753154566,185.03676751865197,195.55688909558009,185.01738578993664,195.81598614101037,185.06243699534741,195.64817208474258,184.79382945647893,195.68808420773627,185.58553816275753,196.29306330799207,184.77171061793746,195.29153393632922,185.57621703773245,196.45758418537781,184.47207714169568,195.16363200305508,186.26764355780261,196.81022650532185,183.64894299590924,195.30367575832653,188.61377184791257,189.50561674031869,191.55388219469535,190.01200210578745
183.12166644804211,181.90114772193138,181.99195399998908,183.79470200849377,177.57340427292715,187.10645909304591,176.45525831634092,186.84023268212442,176.55379056680599,186.59137737790937,176.66143235634701,187.18571636804577,176.67899880343299,186.43255043485308,176.43480992951606,187.19833679698363,176.96696985913019,186.71466604921758,176.41686905319392,186.98490071330906,176.96864268892929,186.96904050606233,176.47487549085378,186.72487482080081,176.80086138046187,187.29749459501926,177.06671121953516,187.00304029487674,176.64600245891933,186.99365964424786,176.8860075241428,186.94701030981011,176.47487549085378,186.51362805643575,176.32298433128159,186.6687853101304,176.52330173279512,186.59967716062064,176.29333364636602,186.63981652952219,176.69610153065972,187.16470751410742,177.06336555993701,187.18028727042741,176.85802966902625,187.04101934066492,176.79751572086374,186.90897173841819,176.54291543891625,186.79139402837728,176.75661547882231,187.19293681605069,177.06671121953508,187.11410803938145,176.68857553075981,186.76646403034667,176.50536085647303,186.85470257433045,176.77790201474252,186.90607193663985,176.53956977931816,186.79139402837725,176.75996113842044,187.06668881736041,176.79417006126559,186.92455149473804,176.70818923688097,186.8109530416711,176.42690603198832,186.69337533163019,176.66728899483959,186.77371347454789,176.31796584188439,186.61744635673938,176.73114860260029,187.01352951738662,176.65352845881927,186.85436259779979,176.77204884464169,186.86812200753704,176.44317407851136,186.44778880192027,176.04626283271025,186.5317081123994,177.00117878197534,187.25553487953505,176.32131150148254,186.43727058321403,177.1877391158603,187.56411897486385,176.17397857983994,186.40040152202906,177.81211440597943,187.71856574608981,175.11346116328568,186.40435319552878,180.16645951672345,181.09357108644409,183.16378417339513,181.76027314652384
193.16254980243502,191.96339875597729,192.17845292973669,194.18920942433158,187.66935658640452,197.74078027411269,186.46704982572734,197.51048442320956,186.74400226934139,197.32062943753314,186.69026618265448,197.77913276134257,186.7595225000575,197.19446104737719,186.66607566328898,197.95094264607968,187.0163086142569,197.2767214860701,186.43930866820793,197.58372231143278,186.84517210210788,197.36627093211436,186.44402881656896,197.45582037815871,186.95550036794754,197.90130532302905,187.04740860129289,197.65123082806841,186.79417312524743,197.62363443442649,186.73666418285086,197.32062943753311,186.42085963951732,197.13424153809299,186.25120208469832,197.22379098413737,186.8079325349847,197.63665281336552,186.59628626848527,197.22379098413734,186.55509656107367,197.64394182071698,187.02167959899359,197.83935227062673,186.99714910309743,197.74980282458236,187.00359954302979,197.68958331529822,186.5203572935942,197.2147684336677,186.76668330196935,198.03649626365461,187.29373460966769,197.56168138202409,186.34527064115707,197.2147684336677,186.66502532477881,197.75882537505203,187.10781734546791,197.64394182071695,186.56120702447524,197.34995937429329,186.69109430360891,197.52679598103069,186.64910559192836,197.48341677180065,186.87667159127838,197.70589487311932,186.77643304581417,197.46484292862834,186.67193479244955,197.34995937429323,186.3958701158829,197.2930330438912,186.72765391767095,197.5819887683146,186.77279376537086,197.68558748682881,187.01886843950462,197.58198876831463,186.48157924353723,197.04469209204868,186.08015421483873,197.2310799914888,187.15153776144163,197.9143237019681,186.35575986366698,197.12851216650546,187.35346340078146,198.24892092097278,186.20119392074417,196.93639489547778,187.69073594628091,198.10314779411374,184.9168477217745,197.14967653897239,190.75600138457295,191.62529258109777,193.54115192910774,191.81085195469922
179.86291494048027,178.73582778327307,178.91318655693257,180.91674414944222,175.01577053030755,184.44699744256067,173.88516243826402,184.24911058579852,174.3922333892838,184.35218940743712,174.34342578132308,184.60360453689989,174.3513331472424,184.13335322234042,174.25744495693846,184.63908328304422,174.29249202887891,183.78900851721841,173.71320078949478,184.17787122986101,174.14515910723634,184.01395516571694,174.05043623622862,184.46069732669409,174.56252220825405,184.58370554707548,174.43898680142604,184.53233618476605,174.52831328540893,184.59996525645653,174.35049499814707,184.27330110516411,174.23950408061629,184.22122126038585,173.83171770692547,183.99189585277918,174.44065963122512,184.68283281570353,174.25744495693849,183.92861642351144,173.87178326826313,184.29035981881398,174.46612650744726,184.62458439464191,174.50117357938777,184.46902763881289,174.48239455397027,184.49327627106013,173.96278258204501,183.8204484807851,174.14683193703536,184.83802047831651,174.8367361963227,184.3109401744216,173.83840902612161,184.12212310844339,174.37680002346451,184.70418305889456,174.68856859397633,184.45674718640569,174.09133647827008,184.06245384293351,173.9560912628487,184.05955404115528,174.06837711255073,184.38726865144702,174.58715440377239,184.62819455839985,174.35551348754419,184.26429083998411,174.14850476683449,184.2646308165146,174.21319905529884,184.38436884966873,174.41937309530496,184.45745754838529,174.31294041570376,184.53884615030231,174.65268684133221,184.60286505823493,174.24908080794305,184.08448403918578,173.88098209796217,184.30153040710732,174.77287658856187,184.68354317768316,173.87763643836402,184.04326533557776,174.9611097522459,185.06805624790283,173.77371126926559,183.70935174008403,174.98490726706061,184.70452150221385,172.47737259618137,184.01034794789231,178.13224365709485,178.86854214833249,180.43072703750215,178.59591906271302
191.34937207090144,190.06769467973848,190.12981795857763,192.33174990051046,186.21985677577692,196.31752085934116,185.0653092136514,196.0641531854985,185.61826680822807,196.31023185198967,185.67883824435475,196.63580652052474,185.80128427064989,196.11308785896176,185.36198336251101,196.27760873634747,185.30783324963122,195.54143452393549,184.8743914706528,195.98362628992382,185.28645388975465,195.75888590325391,185.16779531179608,196.28663128681711,185.73535637384515,196.29618257951978,185.47311063261975,196.34685079610128,185.81458465264882,196.63580652052471,185.85003428210766,196.50963813036884,185.80591436399945,196.32325023092875,185.1800757642032,195.87603174294017,185.51074970187739,196.33956178874985,185.32764359716614,195.80279385471698,185.1975049837915,196.23196724176626,185.70962737154571,196.38346974021289,185.47640993653243,195.99091529727525,185.31823382985186,196.13512878837045,185.21376469317249,195.7661749106054,185.32079365509961,196.45670762843608,185.7541759084738,196.14241779572191,185.31937281065134,196.33053923828024,185.83917467414861,196.55354608183183,185.70317693161354,196.19534829765462,185.30561340091393,195.91038840170057,185.05854791387412,195.82310124100746,185.32804309930057,196.35587334657095,185.82399441996327,196.35813563192215,185.36855285365101,195.99091529727525,185.33384270285731,196.22467823441477,185.58522871563443,196.4730191862572,185.98788148791115,196.59918757641313,185.50165079440791,196.13339524525227,185.61530748084593,196.51866068083845,185.72048697950467,196.25227462805671,185.41708064755312,196.34685079610134,185.96286284759117,196.47701501472662,185.0657973580752,195.94127797422459,186.23386751975539,196.8296573346706,184.66308506019487,195.31269830879617,186.26474528923563,196.7734336538559,183.70321369320823,195.70108301591009,189.30940137572372,190.20829128014677,191.98136135949386,190.05514143512087
185.29628278617059,184.0171730459555,184.01531047109455,186.14881922146978,180.26415014970146,190.06685589252419,179.20484531147872,189.75540099161339,179.51038628265357,189.80461015129882,179.5412460775089,190.28970174351312,179.96530396611453,189.88960891697354,179.2950099445568,189.81290993401004,179.35803487161385,189.52965533884617,179.29668277435584,189.85739894533438,179.29752092345126,189.2077403321108,178.77205231303338,189.57889349472779,179.52748900988033,189.76120059517004,179.2336613156906,189.70730181653127,179.5650435923236,190.10884460420473,179.75745709630937,190.05784562734414,179.6255575404862,189.80895979372164,179.19443390344819,189.55862411945441,179.31713462957248,189.66099245862421,179.16812887813074,189.64072308335096,179.5291618396794,190.02995630193155,179.64767875711007,189.79014025909282,179.12973961498383,189.27755884360013,178.9218927451787,189.54415422724847,179.31546179977337,189.66605258351584,179.42272916007821,189.83462927041711,179.29584809365218,189.53005484098065,179.29417526385311,190.08061530226138,179.96446581701917,190.15910410240011,179.50452964416098,189.68848228190251,179.25160219201268,189.62264302738706,179.19610673324726,189.55572431767615,179.29250243405406,189.80895979372156,179.52748900988033,189.79304006087105,179.27288872793287,189.57454385230486,179.25829351120899,189.6986315278819,179.31211614017516,189.95618765015391,180.04961196070019,190.35301028946625,179.44067003640026,189.43780663110468,179.14935332110502,189.86936853789641,179.63141071058703,189.91277809402513,179.43983535569663,189.84585938431411,179.67231095262846,189.94279721314351,179.06588000722311,189.56260478915033,180.04793913090103,190.07231398633888,178.14851517200958,188.60220175748489,180.17147800612062,190.52158544315637,177.83841596290509,189.18676354079133,182.88016475921702,183.91902048189729,185.895321713751,184.19925189362755
186.4183525466396,185.34563442173155,185.65299808329078,187.7096206681974,181.46111408530294,191.25390251062709,180.44222428918232,191.03489149554483,180.44061175658578,190.53976922762376,180.25161740602871,191.3198513914989,181.09135123772703,191.02187311660575,180.28709615217298,190.97293844314248,180.70390783632146,191.19368300134292,180.90713514841252,191.2759434400358,180.45718232581206,190.23849777384868,179.46127001859455,190.27511671796029,180.35552434862171,190.782554715233,180.14097828034386,190.47052716786999,180.21011683877208,190.82646266669607,180.44953337947641,190.72789067018203,180.14319812906106,190.47052716787005,180.11564878017904,190.69300526918866,180.27052558294687,190.54376505609318,180.15399821141617,190.96165360732161,180.83990557885653,191.19368300134292,180.58664098612562,190.7481980564726,180.05202937438074,190.30045082625099,179.8505032371753,190.60571810849561,180.55810082433726,191.10413355529857,180.66586926492926,190.810151108875,180.04912957260254,190.38097772182567,180.09938907079788,190.95263105685194,180.84567606572764,191.15706405723134,180.49803205669303,190.7481980564726,180.23288651368924,190.81015110887495,180.57436053371839,190.96165360732158,180.32729504667842,190.6130071158471,180.25386637143143,190.86308161080763,180.4886222893785,190.82646266669602,180.35552434862174,190.569099164384,179.87799306045338,190.62931867366811,180.83231615812488,191.34518549978961,180.50414252009466,190.43390822375838,179.85636236633576,190.47954971833965,180.26682677689976,190.77353216476334,180.27308540819465,190.62931867366808,180.43722381038373,190.94534204950048,180.1507875497928,190.60901128737763,180.88257565632023,190.86881098239522,178.91499967413279,189.63178513047458,181.33378663141715,191.74017613543285,178.91664132341475,190.28152916837001,183.94434998206208,185.1050890523826,187.25565756878154,185.64014504926905
187.41961807129405,186.859124196533,187.92428734046376,189.9212498530315,183.03675786141741,192.76513802231383,182.04607552693494,192.94055204996093,182.0867724463435,192.00077097142034,181.68429237149698,193.10381081773332,182.8178754274858,192.63860937714261,181.69419783049005,192.58829803050713,182.41953212834588,193.03035057253101,182.48551627998123,192.8805035608014,182.15640073739075,192.26339593629547,181.35517682890639,192.03071048200434,181.91455588235587,192.47518114137876,181.73460238085272,192.10692778054013,181.70754716164609,192.43586343343554,182.06134913471666,192.50949314662938,181.79826172136458,192.15044851515842,181.74233931836815,192.47518114137876,181.90681894484047,192.22666581369427,181.80619892612887,192.67113647306866,182.28624449678682,192.6779270850858,182.10609072803487,192.58571044516515,181.92593695928301,192.23328695771994,181.59337754452949,192.47276302402821,182.46767361622395,193.11060142975046,182.33438598466486,192.39913331083434,181.63595061637005,192.26339593629544,181.87562694992712,192.51208073197134,182.06568617767218,192.55818905193169,182.0557807186791,192.54218971054686,181.87779547140488,192.51887134398845,182.36340945810048,192.99086339659641,182.16778181431783,192.43344531608494,182.01300737958971,192.83180765549909,182.36705359751227,192.83859826751618,182.31289918149574,192.50949314662932,181.54671167458551,192.27018654831258,182.26475769361767,192.96075441802088,182.27417051631599,192.38313396944955,181.50827537845166,191.95708076881056,181.67074277309209,192.54881085457254,182.06913004983505,192.43344531608497,182.11165914407249,192.75138733028817,181.87779547140491,192.39671519348377,182.5044340271748,192.75121786229676,180.99142541923973,191.99334715137709,183.52172292217233,193.75051901684049,180.62226188318127,192.2140468137849,185.9456317231068,187.09918941302627,189.02603910113342,187.08697691246715
184.29968699684733,184.21703030354817,185.9519303346257,187.91572952845536,180.68463772070365,190.16734276776808,179.70612590241413,190.77081196238336,180.12954970958629,189.82945236988132,179.68134328238972,191.03302994351452,180.74751516695088,190.24289220297811,179.35715635377352,190.16208466092243,180.10771629352553,190.35749511083219,179.70696068592147,190.15977311393559,180.02518452914214,190.53004066437342,179.99956712561041,190.2956997233652,179.95206253207314,190.30213008036705,179.7373690857894,190.13934274609954,179.86055380086231,190.47479861545386,180.31173238850067,190.82887758961616,180.29679233627763,190.34863022529794,179.77457535456006,190.30213008036705,179.91485626330248,190.19227324803225,179.80280465650327,190.19870360503404,179.65265822348138,190.07022366789133,179.96915872574257,190.67252061235041,180.28565922800377,190.38524916940955,179.77629869551956,190.49111017327499,180.52513529431198,190.90455000637175,180.07007722426789,190.1370311991127,179.79511823014826,190.53004066437339,180.22963342460423,190.31844163818815,179.58894599372681,190.01729316595859,179.91313292234301,190.46323313315199,179.86824022721726,190.18996170104541,180.11669326035306,190.85161950443907,180.3587812250727,190.66377870836175,180.42550733625927,190.97135753759318,180.41308368751288,190.84287760045041,180.59186140549852,190.82887758961613,180.01666331927981,190.40156072723065,180.17444240471201,190.7068280094752,180.3382383494845,190.58297116630612,179.8062513384221,189.94162074920294,179.70913978384613,190.65620905452934,180.41653036943168,190.66377870836178,180.36775819190026,190.74575850057363,179.86824022721729,190.32601129202061,180.60895759916792,191.06721435909373,179.80498375442789,190.71784850712515,182.0198592879334,191.77192146360076,178.6130152563824,190.28948237612903,184.25527769702711,185.24944713099518,186.65705284289942,184.23186659916669
